capability_id,capability_name,description,source_or_algorithm,runtime_service,endpoint_or_contract,data_source,calculation_mode,user_role,screen,visible_component,coverage_state,data_state,canonicality,evidence_path,owner,last_verified_at,notes
CAP-F5C8984FC6A0,About,API capability discovered at GET /about,backend/framework/about/about.cjs,DISCOVERY_REQUIRED,GET /about,JSON,DISCOVERY_REQUIRED,AUTHENTICATED_USER,REGISTER,backend/framework/tests/framework.test.cjs,UI_PARTIAL,REAL_SNAPSHOT,REVIEW_REQUIRED,backend/framework/about/about.cjs|docs/99-governance/pr-019-capability-discovery-audit/PR019_ACTIVE_CAPABILITY_CATALOG.json|docs/99-governance/pr-053-p0-batch-15-evidence-closure/PR-053-P0-BATCH-15-EVIDENCE-CLOSURE.md,DISCOVERY_REQUIRED,2026-08-01T10:05:11Z,origin=LOCAL_ONLY;confidence=HIGH;frontend_consumers=1;quality_filtered=true;human_validation=PENDING;full_power_preservation=REQUIRED;pr020_semantic_duplicate_of=CAP-1FBA01D3C252;candidate_retained=true;human_confirmation=REQUIRED;ui_complete=false;pr026_runtime=PENDING;pr026_missing=SOURCE|SERVICE|CALCULATION|TEST;pr026_human_confirmation=REQUIRED;pr026_ui_complete=false;pr053_batch=B15_SERVICE_ONLY;pr053_machine_evidence=CLOSED;pr053_evidence_paths=docs/99-governance/pr-019-capability-discovery-audit/PR019_ACTIVE_CAPABILITY_CATALOG.json;pr053_human_confirmation=REQUIRED;pr053_ui_complete=false
CAP-8CF3F7EFFA7B,Account Trial,Business or platform capability discovered from account_trial in backend/app/api/v1/frontend_contract.py,backend/app/api/v1/frontend_contract.py::account_trial,DISCOVERY_REQUIRED,GET /contract/status|POST /auth/register|POST /auth/login|POST /auth/2fa/verify|POST /auth/magic-link|GET /auth/magic-link/verify|POST /auth/forgot|POST /auth/reset|POST /account/activate|GET /account/trial|GET /packages|GET /me/entitlements|POST /payments/checkout|POST /payments/webhook|GET /me/subscription|GET /markets|GET /assets|GET /assets/{asset_id}/decision|GET /assets/{asset_id}/chart|GET /brief/today|GET /me/watchlist|POST /me/watchlist|DELETE /me/watchlist/{asset_id}|GET /me/dashboard|GET /me/alert-prefs|PUT /me/alert-prefs|POST /me/channels/telegram/link|POST /me/channels/telegram/verify|POST /me/channels/email/test|GET /admin/registrations|POST /admin/registrations/{registration_id}/decision|GET /admin/trials|GET /admin/payments|POST /admin/payments/{payment_id}/approve|POST /admin/payments/{payment_id}/reject|GET /admin/layers|GET /admin/health|GET /contract/status|POST /auth/register|POST /auth/login|POST /auth/2fa/verify|POST /auth/magic-link|GET /auth/magic-link/verify|POST /auth/forgot|POST /auth/reset|POST /account/activate|GET /account/trial|GET /packages|GET /me/entitlements|POST /payments/checkout|POST /payments/webhook|GET /me/subscription|GET /markets|GET /assets|GET /assets/{asset_id}/decision|GET /assets/{asset_id}/chart|GET /brief/today|GET /me/watchlist|POST /me/watchlist|DELETE /me/watchlist/{asset_id}|GET /me/dashboard|GET /me/alert-prefs|PUT /me/alert-prefs|POST /me/channels/telegram/link|POST /me/channels/telegram/verify|POST /me/channels/email/test|GET /admin/registrations|POST /admin/registrations/{registration_id}/decision|GET /admin/trials|GET /admin/payments|POST /admin/payments/{payment_id}/approve|POST /admin/payments/{payment_id}/reject|GET /admin/layers|GET /admin/health,UNKNOWN,DISCOVERY_REQUIRED,ADMIN,TRIAL,DISCOVERY_REQUIRED,UI_PARTIAL,UNKNOWN,REVIEW_REQUIRED,backend/app/api/v1/frontend_contract.py|docs/99-governance/pr-019-capability-discovery-audit/PR019_ACTIVE_CAPABILITY_CATALOG.json|docs/99-governance/pr-047-p0-batch-09-evidence-closure/PR-047-P0-BATCH-09-EVIDENCE-CLOSURE.md,DISCOVERY_REQUIRED,2026-08-01T09:42:28Z,origin=LOCAL_ONLY;confidence=HIGH;business_keyword_score=14;quality_filtered=true;human_validation=PENDING;full_power_preservation=REQUIRED;pr020_semantic_duplicate_of=CAP-235EF538DEF9;candidate_retained=true;human_confirmation=REQUIRED;ui_complete=false;pr025_source_recovery=RECOVERED_FROM_LOCAL;pr025_recovered_paths=backend/app/api/v1/frontend_contract.py;pr025_human_review=REQUIRED;pr025_ui_complete=false;pr026_runtime=PENDING;pr026_missing=SERVICE|REAL_DATA|CALCULATION|TEST|UI;pr026_human_confirmation=REQUIRED;pr026_ui_complete=false;pr047_batch=B09_SERVICE_REAL_DATA;pr047_machine_evidence=CLOSED;pr047_evidence_paths=docs/99-governance/pr-019-capability-discovery-audit/PR019_ACTIVE_CAPABILITY_CATALOG.json;pr047_human_confirmation=REQUIRED;pr047_ui_complete=false
CAP-E739D717BE35,Admin Health,Business or platform capability discovered from admin_health in backend/app/api/v1/frontend_contract.py,backend/app/api/v1/frontend_contract.py::admin_health,DISCOVERY_REQUIRED,GET /contract/status|POST /auth/register|POST /auth/login|POST /auth/2fa/verify|POST /auth/magic-link|GET /auth/magic-link/verify|POST /auth/forgot|POST /auth/reset|POST /account/activate|GET /account/trial|GET /packages|GET /me/entitlements|POST /payments/checkout|POST /payments/webhook|GET /me/subscription|GET /markets|GET /assets|GET /assets/{asset_id}/decision|GET /assets/{asset_id}/chart|GET /brief/today|GET /me/watchlist|POST /me/watchlist|DELETE /me/watchlist/{asset_id}|GET /me/dashboard|GET /me/alert-prefs|PUT /me/alert-prefs|POST /me/channels/telegram/link|POST /me/channels/telegram/verify|POST /me/channels/email/test|GET /admin/registrations|POST /admin/registrations/{registration_id}/decision|GET /admin/trials|GET /admin/payments|POST /admin/payments/{payment_id}/approve|POST /admin/payments/{payment_id}/reject|GET /admin/layers|GET /admin/health|GET /contract/status|POST /auth/register|POST /auth/login|POST /auth/2fa/verify|POST /auth/magic-link|GET /auth/magic-link/verify|POST /auth/forgot|POST /auth/reset|POST /account/activate|GET /account/trial|GET /packages|GET /me/entitlements|POST /payments/checkout|POST /payments/webhook|GET /me/subscription|GET /markets|GET /assets|GET /assets/{asset_id}/decision|GET /assets/{asset_id}/chart|GET /brief/today|GET /me/watchlist|POST /me/watchlist|DELETE /me/watchlist/{asset_id}|GET /me/dashboard|GET /me/alert-prefs|PUT /me/alert-prefs|POST /me/channels/telegram/link|POST /me/channels/telegram/verify|POST /me/channels/email/test|GET /admin/registrations|POST /admin/registrations/{registration_id}/decision|GET /admin/trials|GET /admin/payments|POST /admin/payments/{payment_id}/approve|POST /admin/payments/{payment_id}/reject|GET /admin/layers|GET /admin/health,UNKNOWN,DISCOVERY_REQUIRED,ADMIN,TRIAL,DISCOVERY_REQUIRED,UI_PARTIAL,UNKNOWN,REVIEW_REQUIRED,backend/app/api/v1/frontend_contract.py|docs/99-governance/pr-019-capability-discovery-audit/PR019_ACTIVE_CAPABILITY_CATALOG.json|docs/99-governance/pr-047-p0-batch-09-evidence-closure/PR-047-P0-BATCH-09-EVIDENCE-CLOSURE.md,DISCOVERY_REQUIRED,2026-08-01T09:42:28Z,origin=LOCAL_ONLY;confidence=HIGH;business_keyword_score=14;quality_filtered=true;human_validation=PENDING;full_power_preservation=REQUIRED;pr020_semantic_duplicate_of=CAP-235EF538DEF9;candidate_retained=true;human_confirmation=REQUIRED;ui_complete=false;pr025_source_recovery=RECOVERED_FROM_LOCAL;pr025_recovered_paths=backend/app/api/v1/frontend_contract.py;pr025_human_review=REQUIRED;pr025_ui_complete=false;pr026_runtime=PENDING;pr026_missing=SERVICE|REAL_DATA|CALCULATION|TEST|UI;pr026_human_confirmation=REQUIRED;pr026_ui_complete=false;pr047_batch=B09_SERVICE_REAL_DATA;pr047_machine_evidence=CLOSED;pr047_evidence_paths=docs/99-governance/pr-019-capability-discovery-audit/PR019_ACTIVE_CAPABILITY_CATALOG.json;pr047_human_confirmation=REQUIRED;pr047_ui_complete=false
CAP-A069C614B1B1,Admin Layers,Business or platform capability discovered from admin_layers in backend/app/api/v1/frontend_contract.py,backend/app/api/v1/frontend_contract.py::admin_layers,DISCOVERY_REQUIRED,GET /contract/status|POST /auth/register|POST /auth/login|POST /auth/2fa/verify|POST /auth/magic-link|GET /auth/magic-link/verify|POST /auth/forgot|POST /auth/reset|POST /account/activate|GET /account/trial|GET /packages|GET /me/entitlements|POST /payments/checkout|POST /payments/webhook|GET /me/subscription|GET /markets|GET /assets|GET /assets/{asset_id}/decision|GET /assets/{asset_id}/chart|GET /brief/today|GET /me/watchlist|POST /me/watchlist|DELETE /me/watchlist/{asset_id}|GET /me/dashboard|GET /me/alert-prefs|PUT /me/alert-prefs|POST /me/channels/telegram/link|POST /me/channels/telegram/verify|POST /me/channels/email/test|GET /admin/registrations|POST /admin/registrations/{registration_id}/decision|GET /admin/trials|GET /admin/payments|POST /admin/payments/{payment_id}/approve|POST /admin/payments/{payment_id}/reject|GET /admin/layers|GET /admin/health|GET /contract/status|POST /auth/register|POST /auth/login|POST /auth/2fa/verify|POST /auth/magic-link|GET /auth/magic-link/verify|POST /auth/forgot|POST /auth/reset|POST /account/activate|GET /account/trial|GET /packages|GET /me/entitlements|POST /payments/checkout|POST /payments/webhook|GET /me/subscription|GET /markets|GET /assets|GET /assets/{asset_id}/decision|GET /assets/{asset_id}/chart|GET /brief/today|GET /me/watchlist|POST /me/watchlist|DELETE /me/watchlist/{asset_id}|GET /me/dashboard|GET /me/alert-prefs|PUT /me/alert-prefs|POST /me/channels/telegram/link|POST /me/channels/telegram/verify|POST /me/channels/email/test|GET /admin/registrations|POST /admin/registrations/{registration_id}/decision|GET /admin/trials|GET /admin/payments|POST /admin/payments/{payment_id}/approve|POST /admin/payments/{payment_id}/reject|GET /admin/layers|GET /admin/health,UNKNOWN,DISCOVERY_REQUIRED,ADMIN,TRIAL,DISCOVERY_REQUIRED,UI_PARTIAL,UNKNOWN,REVIEW_REQUIRED,backend/app/api/v1/frontend_contract.py|docs/99-governance/pr-019-capability-discovery-audit/PR019_ACTIVE_CAPABILITY_CATALOG.json|docs/99-governance/pr-047-p0-batch-09-evidence-closure/PR-047-P0-BATCH-09-EVIDENCE-CLOSURE.md,DISCOVERY_REQUIRED,2026-08-01T09:42:28Z,origin=LOCAL_ONLY;confidence=HIGH;business_keyword_score=14;quality_filtered=true;human_validation=PENDING;full_power_preservation=REQUIRED;pr020_semantic_duplicate_of=CAP-235EF538DEF9;candidate_retained=true;human_confirmation=REQUIRED;ui_complete=false;pr025_source_recovery=RECOVERED_FROM_LOCAL;pr025_recovered_paths=backend/app/api/v1/frontend_contract.py;pr025_human_review=REQUIRED;pr025_ui_complete=false;pr026_runtime=PENDING;pr026_missing=SERVICE|REAL_DATA|CALCULATION|TEST|UI;pr026_human_confirmation=REQUIRED;pr026_ui_complete=false;pr047_batch=B09_SERVICE_REAL_DATA;pr047_machine_evidence=CLOSED;pr047_evidence_paths=docs/99-governance/pr-019-capability-discovery-audit/PR019_ACTIVE_CAPABILITY_CATALOG.json;pr047_human_confirmation=REQUIRED;pr047_ui_complete=false
CAP-6F5DF526EE59,Admin Only,Business or platform capability discovered from adminOnly in backend/ndsp_admin_ui_proxy.cjs,backend/ndsp_admin_ui_proxy.cjs::adminOnly,ndsp-admin-ui-proxy.service,GET /api/admin-ui/health|GET /api/admin-ui/summary|GET /api/admin-ui/users|GET /api/admin-ui/payments|GET /api/admin-ui/trials|GET /api/admin-ui/packages|GET /api/admin-ui/markets|GET /api/admin-ui/alerts|POST /api/admin-ui/alerts/channel|POST /api/admin-ui/alerts/test|GET /api/admin-ui/backups|GET /api/admin-ui/governance|POST /api/admin-ui/action,JSON,CALCULATED_REAL,ADMIN,TRIAL,DISCOVERY_REQUIRED,UI_PARTIAL,REAL_SNAPSHOT,REVIEW_REQUIRED,backend/ndsp_admin_ui_proxy.cjs,DISCOVERY_REQUIRED,2026-07-31T23:17:31Z,origin=ON_MAIN;confidence=HIGH;business_keyword_score=10;quality_filtered=true;human_validation=PENDING;full_power_preservation=REQUIRED;pr020_semantic_duplicate_of=CAP-170A28FFB0E7;candidate_retained=true;human_confirmation=REQUIRED;ui_complete=false;pr026_runtime=PENDING;pr026_missing=TEST|UI;pr026_human_confirmation=REQUIRED;pr026_ui_complete=false;pr028_quick_win=PARTIAL_REMEDIATION;pr028_remaining=UI;pr028_human_confirmation=REQUIRED;pr028_ui_complete=false;pr029_remaining_quick_win=CLOSED_MACHINE_VERIFIED;pr029_evidence=ui:frontend/user-portal-vite/src/features/remaining-quick-wins;pr029_human_confirmation=REQUIRED;pr029_ui_complete=false
CAP-B2BAF38F8204,Admin Only,Business or platform capability discovered from adminOnly in backend/auth_api/ndsp_admin_ui_proxy.cjs,backend/auth_api/ndsp_admin_ui_proxy.cjs::adminOnly,ndsp-admin-ui-proxy.service,GET /api/admin-ui/health|GET /api/admin-ui/summary|GET /api/admin-ui/users|GET /api/admin-ui/payments|GET /api/admin-ui/trials|GET /api/admin-ui/packages|GET /api/admin-ui/markets|GET /api/admin-ui/alerts|POST /api/admin-ui/alerts/channel|POST /api/admin-ui/alerts/test|GET /api/admin-ui/backups|GET /api/admin-ui/governance|POST /api/admin-ui/action,JSON,CALCULATED_REAL,ADMIN,TRIAL,DISCOVERY_REQUIRED,UI_PARTIAL,REAL_SNAPSHOT,REVIEW_REQUIRED,backend/auth_api/ndsp_admin_ui_proxy.cjs,DISCOVERY_REQUIRED,2026-07-31T22:08:07Z,origin=LOCAL_ONLY;confidence=HIGH;business_keyword_score=10;quality_filtered=true;human_validation=PENDING;full_power_preservation=REQUIRED;pr020_semantic_duplicate_of=CAP-170A28FFB0E7;candidate_retained=true;human_confirmation=REQUIRED;ui_complete=false;pr026_runtime=PENDING;pr026_missing=SOURCE|TEST|UI;pr026_human_confirmation=REQUIRED;pr026_ui_complete=false
CAP-3FBDCF7CE0E5,Admin Payment Approve,Business or platform capability discovered from admin_payment_approve in backend/app/api/v1/frontend_contract.py,backend/app/api/v1/frontend_contract.py::admin_payment_approve,DISCOVERY_REQUIRED,GET /contract/status|POST /auth/register|POST /auth/login|POST /auth/2fa/verify|POST /auth/magic-link|GET /auth/magic-link/verify|POST /auth/forgot|POST /auth/reset|POST /account/activate|GET /account/trial|GET /packages|GET /me/entitlements|POST /payments/checkout|POST /payments/webhook|GET /me/subscription|GET /markets|GET /assets|GET /assets/{asset_id}/decision|GET /assets/{asset_id}/chart|GET /brief/today|GET /me/watchlist|POST /me/watchlist|DELETE /me/watchlist/{asset_id}|GET /me/dashboard|GET /me/alert-prefs|PUT /me/alert-prefs|POST /me/channels/telegram/link|POST /me/channels/telegram/verify|POST /me/channels/email/test|GET /admin/registrations|POST /admin/registrations/{registration_id}/decision|GET /admin/trials|GET /admin/payments|POST /admin/payments/{payment_id}/approve|POST /admin/payments/{payment_id}/reject|GET /admin/layers|GET /admin/health|GET /contract/status|POST /auth/register|POST /auth/login|POST /auth/2fa/verify|POST /auth/magic-link|GET /auth/magic-link/verify|POST /auth/forgot|POST /auth/reset|POST /account/activate|GET /account/trial|GET /packages|GET /me/entitlements|POST /payments/checkout|POST /payments/webhook|GET /me/subscription|GET /markets|GET /assets|GET /assets/{asset_id}/decision|GET /assets/{asset_id}/chart|GET /brief/today|GET /me/watchlist|POST /me/watchlist|DELETE /me/watchlist/{asset_id}|GET /me/dashboard|GET /me/alert-prefs|PUT /me/alert-prefs|POST /me/channels/telegram/link|POST /me/channels/telegram/verify|POST /me/channels/email/test|GET /admin/registrations|POST /admin/registrations/{registration_id}/decision|GET /admin/trials|GET /admin/payments|POST /admin/payments/{payment_id}/approve|POST /admin/payments/{payment_id}/reject|GET /admin/layers|GET /admin/health,UNKNOWN,DISCOVERY_REQUIRED,ADMIN,TRIAL,DISCOVERY_REQUIRED,UI_PARTIAL,UNKNOWN,REVIEW_REQUIRED,backend/app/api/v1/frontend_contract.py|docs/99-governance/pr-019-capability-discovery-audit/PR019_ACTIVE_CAPABILITY_CATALOG.json|docs/99-governance/pr-047-p0-batch-09-evidence-closure/PR-047-P0-BATCH-09-EVIDENCE-CLOSURE.md,DISCOVERY_REQUIRED,2026-08-01T09:42:28Z,origin=LOCAL_ONLY;confidence=HIGH;business_keyword_score=14;quality_filtered=true;human_validation=PENDING;full_power_preservation=REQUIRED;pr020_semantic_duplicate_of=CAP-235EF538DEF9;candidate_retained=true;human_confirmation=REQUIRED;ui_complete=false;pr025_source_recovery=RECOVERED_FROM_LOCAL;pr025_recovered_paths=backend/app/api/v1/frontend_contract.py;pr025_human_review=REQUIRED;pr025_ui_complete=false;pr026_runtime=PENDING;pr026_missing=SERVICE|REAL_DATA|CALCULATION|TEST|UI;pr026_human_confirmation=REQUIRED;pr026_ui_complete=false;pr047_batch=B09_SERVICE_REAL_DATA;pr047_machine_evidence=CLOSED;pr047_evidence_paths=docs/99-governance/pr-019-capability-discovery-audit/PR019_ACTIVE_CAPABILITY_CATALOG.json;pr047_human_confirmation=REQUIRED;pr047_ui_complete=false
CAP-531AC9AE3E7D,Admin Payment Reject,Business or platform capability discovered from admin_payment_reject in backend/app/api/v1/frontend_contract.py,backend/app/api/v1/frontend_contract.py::admin_payment_reject,DISCOVERY_REQUIRED,GET /contract/status|POST /auth/register|POST /auth/login|POST /auth/2fa/verify|POST /auth/magic-link|GET /auth/magic-link/verify|POST /auth/forgot|POST /auth/reset|POST /account/activate|GET /account/trial|GET /packages|GET /me/entitlements|POST /payments/checkout|POST /payments/webhook|GET /me/subscription|GET /markets|GET /assets|GET /assets/{asset_id}/decision|GET /assets/{asset_id}/chart|GET /brief/today|GET /me/watchlist|POST /me/watchlist|DELETE /me/watchlist/{asset_id}|GET /me/dashboard|GET /me/alert-prefs|PUT /me/alert-prefs|POST /me/channels/telegram/link|POST /me/channels/telegram/verify|POST /me/channels/email/test|GET /admin/registrations|POST /admin/registrations/{registration_id}/decision|GET /admin/trials|GET /admin/payments|POST /admin/payments/{payment_id}/approve|POST /admin/payments/{payment_id}/reject|GET /admin/layers|GET /admin/health|GET /contract/status|POST /auth/register|POST /auth/login|POST /auth/2fa/verify|POST /auth/magic-link|GET /auth/magic-link/verify|POST /auth/forgot|POST /auth/reset|POST /account/activate|GET /account/trial|GET /packages|GET /me/entitlements|POST /payments/checkout|POST /payments/webhook|GET /me/subscription|GET /markets|GET /assets|GET /assets/{asset_id}/decision|GET /assets/{asset_id}/chart|GET /brief/today|GET /me/watchlist|POST /me/watchlist|DELETE /me/watchlist/{asset_id}|GET /me/dashboard|GET /me/alert-prefs|PUT /me/alert-prefs|POST /me/channels/telegram/link|POST /me/channels/telegram/verify|POST /me/channels/email/test|GET /admin/registrations|POST /admin/registrations/{registration_id}/decision|GET /admin/trials|GET /admin/payments|POST /admin/payments/{payment_id}/approve|POST /admin/payments/{payment_id}/reject|GET /admin/layers|GET /admin/health,UNKNOWN,DISCOVERY_REQUIRED,ADMIN,TRIAL,DISCOVERY_REQUIRED,UI_PARTIAL,UNKNOWN,REVIEW_REQUIRED,backend/app/api/v1/frontend_contract.py|docs/99-governance/pr-019-capability-discovery-audit/PR019_ACTIVE_CAPABILITY_CATALOG.json|docs/99-governance/pr-047-p0-batch-09-evidence-closure/PR-047-P0-BATCH-09-EVIDENCE-CLOSURE.md,DISCOVERY_REQUIRED,2026-08-01T09:42:28Z,origin=LOCAL_ONLY;confidence=HIGH;business_keyword_score=14;quality_filtered=true;human_validation=PENDING;full_power_preservation=REQUIRED;pr020_semantic_duplicate_of=CAP-235EF538DEF9;candidate_retained=true;human_confirmation=REQUIRED;ui_complete=false;pr025_source_recovery=RECOVERED_FROM_LOCAL;pr025_recovered_paths=backend/app/api/v1/frontend_contract.py;pr025_human_review=REQUIRED;pr025_ui_complete=false;pr026_runtime=PENDING;pr026_missing=SERVICE|REAL_DATA|CALCULATION|TEST|UI;pr026_human_confirmation=REQUIRED;pr026_ui_complete=false;pr047_batch=B09_SERVICE_REAL_DATA;pr047_machine_evidence=CLOSED;pr047_evidence_paths=docs/99-governance/pr-019-capability-discovery-audit/PR019_ACTIVE_CAPABILITY_CATALOG.json;pr047_human_confirmation=REQUIRED;pr047_ui_complete=false
CAP-BE68902B1F61,Admin Payments,Business or platform capability discovered from admin_payments in backend/app/api/v1/frontend_contract.py,backend/app/api/v1/frontend_contract.py::admin_payments,DISCOVERY_REQUIRED,GET /contract/status|POST /auth/register|POST /auth/login|POST /auth/2fa/verify|POST /auth/magic-link|GET /auth/magic-link/verify|POST /auth/forgot|POST /auth/reset|POST /account/activate|GET /account/trial|GET /packages|GET /me/entitlements|POST /payments/checkout|POST /payments/webhook|GET /me/subscription|GET /markets|GET /assets|GET /assets/{asset_id}/decision|GET /assets/{asset_id}/chart|GET /brief/today|GET /me/watchlist|POST /me/watchlist|DELETE /me/watchlist/{asset_id}|GET /me/dashboard|GET /me/alert-prefs|PUT /me/alert-prefs|POST /me/channels/telegram/link|POST /me/channels/telegram/verify|POST /me/channels/email/test|GET /admin/registrations|POST /admin/registrations/{registration_id}/decision|GET /admin/trials|GET /admin/payments|POST /admin/payments/{payment_id}/approve|POST /admin/payments/{payment_id}/reject|GET /admin/layers|GET /admin/health|GET /contract/status|POST /auth/register|POST /auth/login|POST /auth/2fa/verify|POST /auth/magic-link|GET /auth/magic-link/verify|POST /auth/forgot|POST /auth/reset|POST /account/activate|GET /account/trial|GET /packages|GET /me/entitlements|POST /payments/checkout|POST /payments/webhook|GET /me/subscription|GET /markets|GET /assets|GET /assets/{asset_id}/decision|GET /assets/{asset_id}/chart|GET /brief/today|GET /me/watchlist|POST /me/watchlist|DELETE /me/watchlist/{asset_id}|GET /me/dashboard|GET /me/alert-prefs|PUT /me/alert-prefs|POST /me/channels/telegram/link|POST /me/channels/telegram/verify|POST /me/channels/email/test|GET /admin/registrations|POST /admin/registrations/{registration_id}/decision|GET /admin/trials|GET /admin/payments|POST /admin/payments/{payment_id}/approve|POST /admin/payments/{payment_id}/reject|GET /admin/layers|GET /admin/health,UNKNOWN,DISCOVERY_REQUIRED,ADMIN,TRIAL,DISCOVERY_REQUIRED,UI_PARTIAL,UNKNOWN,REVIEW_REQUIRED,backend/app/api/v1/frontend_contract.py|docs/99-governance/pr-019-capability-discovery-audit/PR019_ACTIVE_CAPABILITY_CATALOG.json|docs/99-governance/pr-047-p0-batch-09-evidence-closure/PR-047-P0-BATCH-09-EVIDENCE-CLOSURE.md,DISCOVERY_REQUIRED,2026-08-01T09:42:28Z,origin=LOCAL_ONLY;confidence=HIGH;business_keyword_score=14;quality_filtered=true;human_validation=PENDING;full_power_preservation=REQUIRED;pr020_semantic_duplicate_of=CAP-235EF538DEF9;candidate_retained=true;human_confirmation=REQUIRED;ui_complete=false;pr025_source_recovery=RECOVERED_FROM_LOCAL;pr025_recovered_paths=backend/app/api/v1/frontend_contract.py;pr025_human_review=REQUIRED;pr025_ui_complete=false;pr026_runtime=PENDING;pr026_missing=SERVICE|REAL_DATA|CALCULATION|TEST|UI;pr026_human_confirmation=REQUIRED;pr026_ui_complete=false;pr047_batch=B09_SERVICE_REAL_DATA;pr047_machine_evidence=CLOSED;pr047_evidence_paths=docs/99-governance/pr-019-capability-discovery-audit/PR019_ACTIVE_CAPABILITY_CATALOG.json;pr047_human_confirmation=REQUIRED;pr047_ui_complete=false
CAP-968B626DE9C3,Admin Registration Decision,Business or platform capability discovered from admin_registration_decision in backend/app/api/v1/frontend_contract.py,backend/app/api/v1/frontend_contract.py::admin_registration_decision,DISCOVERY_REQUIRED,GET /contract/status|POST /auth/register|POST /auth/login|POST /auth/2fa/verify|POST /auth/magic-link|GET /auth/magic-link/verify|POST /auth/forgot|POST /auth/reset|POST /account/activate|GET /account/trial|GET /packages|GET /me/entitlements|POST /payments/checkout|POST /payments/webhook|GET /me/subscription|GET /markets|GET /assets|GET /assets/{asset_id}/decision|GET /assets/{asset_id}/chart|GET /brief/today|GET /me/watchlist|POST /me/watchlist|DELETE /me/watchlist/{asset_id}|GET /me/dashboard|GET /me/alert-prefs|PUT /me/alert-prefs|POST /me/channels/telegram/link|POST /me/channels/telegram/verify|POST /me/channels/email/test|GET /admin/registrations|POST /admin/registrations/{registration_id}/decision|GET /admin/trials|GET /admin/payments|POST /admin/payments/{payment_id}/approve|POST /admin/payments/{payment_id}/reject|GET /admin/layers|GET /admin/health|GET /contract/status|POST /auth/register|POST /auth/login|POST /auth/2fa/verify|POST /auth/magic-link|GET /auth/magic-link/verify|POST /auth/forgot|POST /auth/reset|POST /account/activate|GET /account/trial|GET /packages|GET /me/entitlements|POST /payments/checkout|POST /payments/webhook|GET /me/subscription|GET /markets|GET /assets|GET /assets/{asset_id}/decision|GET /assets/{asset_id}/chart|GET /brief/today|GET /me/watchlist|POST /me/watchlist|DELETE /me/watchlist/{asset_id}|GET /me/dashboard|GET /me/alert-prefs|PUT /me/alert-prefs|POST /me/channels/telegram/link|POST /me/channels/telegram/verify|POST /me/channels/email/test|GET /admin/registrations|POST /admin/registrations/{registration_id}/decision|GET /admin/trials|GET /admin/payments|POST /admin/payments/{payment_id}/approve|POST /admin/payments/{payment_id}/reject|GET /admin/layers|GET /admin/health,UNKNOWN,DISCOVERY_REQUIRED,ADMIN,TRIAL,DISCOVERY_REQUIRED,UI_PARTIAL,UNKNOWN,REVIEW_REQUIRED,backend/app/api/v1/frontend_contract.py|docs/99-governance/pr-019-capability-discovery-audit/PR019_ACTIVE_CAPABILITY_CATALOG.json|docs/99-governance/pr-047-p0-batch-09-evidence-closure/PR-047-P0-BATCH-09-EVIDENCE-CLOSURE.md,DISCOVERY_REQUIRED,2026-08-01T09:42:28Z,origin=LOCAL_ONLY;confidence=HIGH;business_keyword_score=14;quality_filtered=true;human_validation=PENDING;full_power_preservation=REQUIRED;pr020_semantic_duplicate_of=CAP-235EF538DEF9;candidate_retained=true;human_confirmation=REQUIRED;ui_complete=false;pr025_source_recovery=RECOVERED_FROM_LOCAL;pr025_recovered_paths=backend/app/api/v1/frontend_contract.py;pr025_human_review=REQUIRED;pr025_ui_complete=false;pr026_runtime=PENDING;pr026_missing=SERVICE|REAL_DATA|CALCULATION|TEST|UI;pr026_human_confirmation=REQUIRED;pr026_ui_complete=false;pr047_batch=B09_SERVICE_REAL_DATA;pr047_machine_evidence=CLOSED;pr047_evidence_paths=docs/99-governance/pr-019-capability-discovery-audit/PR019_ACTIVE_CAPABILITY_CATALOG.json;pr047_human_confirmation=REQUIRED;pr047_ui_complete=false
CAP-38A2585A38E0,Admin Registrations,Business or platform capability discovered from admin_registrations in backend/app/api/v1/frontend_contract.py,backend/app/api/v1/frontend_contract.py::admin_registrations,DISCOVERY_REQUIRED,GET /contract/status|POST /auth/register|POST /auth/login|POST /auth/2fa/verify|POST /auth/magic-link|GET /auth/magic-link/verify|POST /auth/forgot|POST /auth/reset|POST /account/activate|GET /account/trial|GET /packages|GET /me/entitlements|POST /payments/checkout|POST /payments/webhook|GET /me/subscription|GET /markets|GET /assets|GET /assets/{asset_id}/decision|GET /assets/{asset_id}/chart|GET /brief/today|GET /me/watchlist|POST /me/watchlist|DELETE /me/watchlist/{asset_id}|GET /me/dashboard|GET /me/alert-prefs|PUT /me/alert-prefs|POST /me/channels/telegram/link|POST /me/channels/telegram/verify|POST /me/channels/email/test|GET /admin/registrations|POST /admin/registrations/{registration_id}/decision|GET /admin/trials|GET /admin/payments|POST /admin/payments/{payment_id}/approve|POST /admin/payments/{payment_id}/reject|GET /admin/layers|GET /admin/health|GET /contract/status|POST /auth/register|POST /auth/login|POST /auth/2fa/verify|POST /auth/magic-link|GET /auth/magic-link/verify|POST /auth/forgot|POST /auth/reset|POST /account/activate|GET /account/trial|GET /packages|GET /me/entitlements|POST /payments/checkout|POST /payments/webhook|GET /me/subscription|GET /markets|GET /assets|GET /assets/{asset_id}/decision|GET /assets/{asset_id}/chart|GET /brief/today|GET /me/watchlist|POST /me/watchlist|DELETE /me/watchlist/{asset_id}|GET /me/dashboard|GET /me/alert-prefs|PUT /me/alert-prefs|POST /me/channels/telegram/link|POST /me/channels/telegram/verify|POST /me/channels/email/test|GET /admin/registrations|POST /admin/registrations/{registration_id}/decision|GET /admin/trials|GET /admin/payments|POST /admin/payments/{payment_id}/approve|POST /admin/payments/{payment_id}/reject|GET /admin/layers|GET /admin/health,UNKNOWN,DISCOVERY_REQUIRED,ADMIN,TRIAL,DISCOVERY_REQUIRED,UI_PARTIAL,UNKNOWN,REVIEW_REQUIRED,backend/app/api/v1/frontend_contract.py|docs/99-governance/pr-019-capability-discovery-audit/PR019_ACTIVE_CAPABILITY_CATALOG.json|docs/99-governance/pr-047-p0-batch-09-evidence-closure/PR-047-P0-BATCH-09-EVIDENCE-CLOSURE.md,DISCOVERY_REQUIRED,2026-08-01T09:42:28Z,origin=LOCAL_ONLY;confidence=HIGH;business_keyword_score=14;quality_filtered=true;human_validation=PENDING;full_power_preservation=REQUIRED;pr020_semantic_duplicate_of=CAP-235EF538DEF9;candidate_retained=true;human_confirmation=REQUIRED;ui_complete=false;pr025_source_recovery=RECOVERED_FROM_LOCAL;pr025_recovered_paths=backend/app/api/v1/frontend_contract.py;pr025_human_review=REQUIRED;pr025_ui_complete=false;pr026_runtime=PENDING;pr026_missing=SERVICE|REAL_DATA|CALCULATION|TEST|UI;pr026_human_confirmation=REQUIRED;pr026_ui_complete=false;pr047_batch=B09_SERVICE_REAL_DATA;pr047_machine_evidence=CLOSED;pr047_evidence_paths=docs/99-governance/pr-019-capability-discovery-audit/PR019_ACTIVE_CAPABILITY_CATALOG.json;pr047_human_confirmation=REQUIRED;pr047_ui_complete=false
CAP-ED7AC36DD2F2,Admin Trials,Business or platform capability discovered from admin_trials in backend/app/api/v1/frontend_contract.py,backend/app/api/v1/frontend_contract.py::admin_trials,DISCOVERY_REQUIRED,GET /contract/status|POST /auth/register|POST /auth/login|POST /auth/2fa/verify|POST /auth/magic-link|GET /auth/magic-link/verify|POST /auth/forgot|POST /auth/reset|POST /account/activate|GET /account/trial|GET /packages|GET /me/entitlements|POST /payments/checkout|POST /payments/webhook|GET /me/subscription|GET /markets|GET /assets|GET /assets/{asset_id}/decision|GET /assets/{asset_id}/chart|GET /brief/today|GET /me/watchlist|POST /me/watchlist|DELETE /me/watchlist/{asset_id}|GET /me/dashboard|GET /me/alert-prefs|PUT /me/alert-prefs|POST /me/channels/telegram/link|POST /me/channels/telegram/verify|POST /me/channels/email/test|GET /admin/registrations|POST /admin/registrations/{registration_id}/decision|GET /admin/trials|GET /admin/payments|POST /admin/payments/{payment_id}/approve|POST /admin/payments/{payment_id}/reject|GET /admin/layers|GET /admin/health|GET /contract/status|POST /auth/register|POST /auth/login|POST /auth/2fa/verify|POST /auth/magic-link|GET /auth/magic-link/verify|POST /auth/forgot|POST /auth/reset|POST /account/activate|GET /account/trial|GET /packages|GET /me/entitlements|POST /payments/checkout|POST /payments/webhook|GET /me/subscription|GET /markets|GET /assets|GET /assets/{asset_id}/decision|GET /assets/{asset_id}/chart|GET /brief/today|GET /me/watchlist|POST /me/watchlist|DELETE /me/watchlist/{asset_id}|GET /me/dashboard|GET /me/alert-prefs|PUT /me/alert-prefs|POST /me/channels/telegram/link|POST /me/channels/telegram/verify|POST /me/channels/email/test|GET /admin/registrations|POST /admin/registrations/{registration_id}/decision|GET /admin/trials|GET /admin/payments|POST /admin/payments/{payment_id}/approve|POST /admin/payments/{payment_id}/reject|GET /admin/layers|GET /admin/health,UNKNOWN,DISCOVERY_REQUIRED,ADMIN,TRIAL,DISCOVERY_REQUIRED,UI_PARTIAL,UNKNOWN,REVIEW_REQUIRED,backend/app/api/v1/frontend_contract.py|docs/99-governance/pr-019-capability-discovery-audit/PR019_ACTIVE_CAPABILITY_CATALOG.json|docs/99-governance/pr-048-p0-batch-10-evidence-closure/PR-048-P0-BATCH-10-EVIDENCE-CLOSURE.md,DISCOVERY_REQUIRED,2026-08-01T09:46:38Z,origin=LOCAL_ONLY;confidence=HIGH;business_keyword_score=14;quality_filtered=true;human_validation=PENDING;full_power_preservation=REQUIRED;pr020_semantic_duplicate_of=CAP-235EF538DEF9;candidate_retained=true;human_confirmation=REQUIRED;ui_complete=false;pr025_source_recovery=RECOVERED_FROM_LOCAL;pr025_recovered_paths=backend/app/api/v1/frontend_contract.py;pr025_human_review=REQUIRED;pr025_ui_complete=false;pr026_runtime=PENDING;pr026_missing=SERVICE|REAL_DATA|CALCULATION|TEST|UI;pr026_human_confirmation=REQUIRED;pr026_ui_complete=false;pr048_batch=B10_SERVICE_REAL_DATA;pr048_machine_evidence=CLOSED;pr048_evidence_paths=docs/99-governance/pr-019-capability-discovery-audit/PR019_ACTIVE_CAPABILITY_CATALOG.json;pr048_human_confirmation=REQUIRED;pr048_ui_complete=false
CAP-E668719D9AD9,Alert Prefs Get,Business or platform capability discovered from alert_prefs_get in backend/app/api/compat/user_operational_compat.py,backend/app/api/compat/user_operational_compat.py::alert_prefs_get,DISCOVERY_REQUIRED,GET /api/ndsp/compat/health|POST /api/trial/register|POST /api/v1/trial/register|POST /api/trial/request|POST /api/auth/register-trial|POST /api/auth/activate|GET /api/auth/activate|GET /api/v6/payments/nowpayments/subscription/status|GET /api/payments/nowpayments/subscription/status|POST /api/v6/payments/nowpayments/subscription/create|POST /api/payments/nowpayments/subscription/create|GET /api/user/alert-preferences|POST /api/user/alert-preferences|POST /api/telegram/link/start|POST /api/telegram/link/verify|POST /api/alerts/email/test|GET /api/ndsp/compat/health|POST /api/trial/register|POST /api/v1/trial/register|POST /api/trial/request|POST /api/auth/register-trial|POST /api/auth/activate|GET /api/auth/activate|GET /api/v6/payments/nowpayments/subscription/status|GET /api/payments/nowpayments/subscription/status|POST /api/v6/payments/nowpayments/subscription/create|POST /api/payments/nowpayments/subscription/create|GET /api/user/alert-preferences|POST /api/user/alert-preferences|POST /api/telegram/link/start|POST /api/telegram/link/verify|POST /api/alerts/email/test,JSON|POSTGRES,CALCULATED_REAL,AUTHENTICATED_USER,TRIAL,DISCOVERY_REQUIRED,UI_PARTIAL,REAL_SNAPSHOT,REVIEW_REQUIRED,backend/app/api/compat/user_operational_compat.py|docs/99-governance/pr-019-capability-discovery-audit/PR019_ACTIVE_CAPABILITY_CATALOG.json|docs/99-governance/pr-053-p0-batch-15-evidence-closure/PR-053-P0-BATCH-15-EVIDENCE-CLOSURE.md,DISCOVERY_REQUIRED,2026-08-01T10:05:11Z,origin=LOCAL_ONLY;confidence=HIGH;business_keyword_score=6;quality_filtered=true;human_validation=PENDING;full_power_preservation=REQUIRED;pr020_semantic_duplicate_of=CAP-70F625B28F63;candidate_retained=true;human_confirmation=REQUIRED;ui_complete=false;pr026_runtime=PENDING;pr026_missing=SOURCE|SERVICE|TEST|UI;pr026_human_confirmation=REQUIRED;pr026_ui_complete=false;pr053_batch=B15_SERVICE_ONLY;pr053_machine_evidence=CLOSED;pr053_evidence_paths=docs/99-governance/pr-019-capability-discovery-audit/PR019_ACTIVE_CAPABILITY_CATALOG.json;pr053_human_confirmation=REQUIRED;pr053_ui_complete=false
CAP-606E55E95DA2,Alert Prefs Payload,Business or platform capability discovered from AlertPrefsPayload in backend/app/api/v1/frontend_contract.py,backend/app/api/v1/frontend_contract.py::AlertPrefsPayload,DISCOVERY_REQUIRED,GET /contract/status|POST /auth/register|POST /auth/login|POST /auth/2fa/verify|POST /auth/magic-link|GET /auth/magic-link/verify|POST /auth/forgot|POST /auth/reset|POST /account/activate|GET /account/trial|GET /packages|GET /me/entitlements|POST /payments/checkout|POST /payments/webhook|GET /me/subscription|GET /markets|GET /assets|GET /assets/{asset_id}/decision|GET /assets/{asset_id}/chart|GET /brief/today|GET /me/watchlist|POST /me/watchlist|DELETE /me/watchlist/{asset_id}|GET /me/dashboard|GET /me/alert-prefs|PUT /me/alert-prefs|POST /me/channels/telegram/link|POST /me/channels/telegram/verify|POST /me/channels/email/test|GET /admin/registrations|POST /admin/registrations/{registration_id}/decision|GET /admin/trials|GET /admin/payments|POST /admin/payments/{payment_id}/approve|POST /admin/payments/{payment_id}/reject|GET /admin/layers|GET /admin/health|GET /contract/status|POST /auth/register|POST /auth/login|POST /auth/2fa/verify|POST /auth/magic-link|GET /auth/magic-link/verify|POST /auth/forgot|POST /auth/reset|POST /account/activate|GET /account/trial|GET /packages|GET /me/entitlements|POST /payments/checkout|POST /payments/webhook|GET /me/subscription|GET /markets|GET /assets|GET /assets/{asset_id}/decision|GET /assets/{asset_id}/chart|GET /brief/today|GET /me/watchlist|POST /me/watchlist|DELETE /me/watchlist/{asset_id}|GET /me/dashboard|GET /me/alert-prefs|PUT /me/alert-prefs|POST /me/channels/telegram/link|POST /me/channels/telegram/verify|POST /me/channels/email/test|GET /admin/registrations|POST /admin/registrations/{registration_id}/decision|GET /admin/trials|GET /admin/payments|POST /admin/payments/{payment_id}/approve|POST /admin/payments/{payment_id}/reject|GET /admin/layers|GET /admin/health,UNKNOWN,DISCOVERY_REQUIRED,ADMIN,TRIAL,DISCOVERY_REQUIRED,UI_PARTIAL,UNKNOWN,REVIEW_REQUIRED,backend/app/api/v1/frontend_contract.py|docs/99-governance/pr-019-capability-discovery-audit/PR019_ACTIVE_CAPABILITY_CATALOG.json|docs/99-governance/pr-047-p0-batch-09-evidence-closure/PR-047-P0-BATCH-09-EVIDENCE-CLOSURE.md,DISCOVERY_REQUIRED,2026-08-01T09:42:28Z,origin=LOCAL_ONLY;confidence=HIGH;business_keyword_score=14;quality_filtered=true;human_validation=PENDING;full_power_preservation=REQUIRED;pr020_semantic_duplicate_of=CAP-235EF538DEF9;candidate_retained=true;human_confirmation=REQUIRED;ui_complete=false;pr025_source_recovery=RECOVERED_FROM_LOCAL;pr025_recovered_paths=backend/app/api/v1/frontend_contract.py;pr025_human_review=REQUIRED;pr025_ui_complete=false;pr026_runtime=PENDING;pr026_missing=SERVICE|REAL_DATA|CALCULATION|TEST|UI;pr026_human_confirmation=REQUIRED;pr026_ui_complete=false;pr047_batch=B09_SERVICE_REAL_DATA;pr047_machine_evidence=CLOSED;pr047_evidence_paths=docs/99-governance/pr-019-capability-discovery-audit/PR019_ACTIVE_CAPABILITY_CATALOG.json;pr047_human_confirmation=REQUIRED;pr047_ui_complete=false
CAP-70F625B28F63,Alert Prefs Post,Business or platform capability discovered from alert_prefs_post in backend/app/api/compat/user_operational_compat.py,backend/app/api/compat/user_operational_compat.py::alert_prefs_post,DISCOVERY_REQUIRED,GET /api/ndsp/compat/health|POST /api/trial/register|POST /api/v1/trial/register|POST /api/trial/request|POST /api/auth/register-trial|POST /api/auth/activate|GET /api/auth/activate|GET /api/v6/payments/nowpayments/subscription/status|GET /api/payments/nowpayments/subscription/status|POST /api/v6/payments/nowpayments/subscription/create|POST /api/payments/nowpayments/subscription/create|GET /api/user/alert-preferences|POST /api/user/alert-preferences|POST /api/telegram/link/start|POST /api/telegram/link/verify|POST /api/alerts/email/test|GET /api/ndsp/compat/health|POST /api/trial/register|POST /api/v1/trial/register|POST /api/trial/request|POST /api/auth/register-trial|POST /api/auth/activate|GET /api/auth/activate|GET /api/v6/payments/nowpayments/subscription/status|GET /api/payments/nowpayments/subscription/status|POST /api/v6/payments/nowpayments/subscription/create|POST /api/payments/nowpayments/subscription/create|GET /api/user/alert-preferences|POST /api/user/alert-preferences|POST /api/telegram/link/start|POST /api/telegram/link/verify|POST /api/alerts/email/test,JSON|POSTGRES,CALCULATED_REAL,USER|ADMIN,TRIAL_AND_BILLING,TrialCountdown|PlanComparison|UsageMeter|BillingStatus,API_CONNECTED,REAL_SNAPSHOT,REVIEW_REQUIRED,backend/app/api/compat/user_operational_compat.py|docs/99-governance/pr-019-capability-discovery-audit/PR019_ACTIVE_CAPABILITY_CATALOG.json|docs/99-governance/pr-054-p0-batch-16-evidence-closure/PR-054-P0-BATCH-16-EVIDENCE-CLOSURE.md,DISCOVERY_REQUIRED,2026-08-01T10:11:30Z,"origin=LOCAL_ONLY;confidence=HIGH;business_keyword_score=6;quality_filtered=true;human_validation=PENDING;full_power_preservation=REQUIRED;pr020_cluster=CLUSTER-5C8A28CB4849CE41;pr020_feature=Trial, plans, and billing;pr020_verification=PARTIALLY_VERIFIED;human_confirmation=REQUIRED;ui_complete=false;pr021_runtime_service_unverified=AMBIGUOUS_EVIDENCE;pr021_owner_unassigned=UNRESOLVED;pr021_human_confirmation=REQUIRED;pr021_ui_complete=false;pr026_runtime=PENDING;pr026_missing=SOURCE|SERVICE|TEST;pr026_human_confirmation=REQUIRED;pr026_ui_complete=false;pr054_batch=B16_SERVICE_ONLY;pr054_machine_evidence=CLOSED;pr054_evidence_paths=docs/99-governance/pr-019-capability-discovery-audit/PR019_ACTIVE_CAPABILITY_CATALOG.json;pr054_human_confirmation=REQUIRED;pr054_ui_complete=false"
CAP-2B9AC68DB1D6,Assert No Decision Mutation,Business or platform capability discovered from assert_no_decision_mutation in backend/app/support_layers/scenario/scenario_engine.py,backend/app/support_layers/scenario/scenario_engine.py::assert_no_decision_mutation,ndsp-scenario-levels-adapter.service,DISCOVERY_REQUIRED,UNKNOWN,DISCOVERY_REQUIRED,USER|ADMIN,DECISION_ROOM,CriticalCapabilitiesPage|CriticalCapabilityPanel,UI_PARTIAL,UNKNOWN,REVIEW_REQUIRED,backend/app/support_layers/scenario/scenario_engine.py|docs/99-governance/pr-019-capability-discovery-audit/PR019_ACTIVE_CAPABILITY_CATALOG.json|docs/99-governance/pr-051-p0-batch-13-evidence-closure/PR-051-P0-BATCH-13-EVIDENCE-CLOSURE.md,DISCOVERY_REQUIRED,2026-08-01T09:58:13Z,origin=LOCAL_ONLY;confidence=HIGH;business_keyword_score=11;quality_filtered=true;human_validation=PENDING;full_power_preservation=REQUIRED;pr020_cluster=CLUSTER-4667012B1A9E34A8;pr020_feature=Decision intelligence workspace;pr020_verification=PARTIALLY_VERIFIED;human_confirmation=REQUIRED;ui_complete=false;pr021_runtime_service_unverified=EVIDENCE_FOUND_PENDING_HUMAN_CONFIRMATION;pr021_api_contract_unverified=UNRESOLVED;pr021_data_state_unverified=UNRESOLVED;pr021_owner_unassigned=UNRESOLVED;pr021_human_confirmation=REQUIRED;pr021_ui_complete=false;pr022_data_state_unverified=BLOCKED_MOCK_SIGNATURE_PRESENT;pr022_basis=MOCK_SIGNATURE;pr022_human_confirmation=REQUIRED;pr022_ui_complete=false;pr023_machine_status=INCOMPLETE_CHAIN;pr023_missing=REAL_DATA|UI_CONSUMER;pr023_human_approval=PENDING;pr023_ui_complete=false;pr024_ui_binding=IMPLEMENTED;pr024_endpoint_status=ENDPOINT_AVAILABLE;pr024_states=loading|empty|stale|error|ready;pr024_human_confirmation=REQUIRED;pr024_ui_complete=false;pr025_source_recovery=RECOVERED_FROM_LOCAL;pr025_recovered_paths=backend/app/support_layers/scenario/scenario_engine.py;pr025_human_review=REQUIRED;pr025_ui_complete=false;pr026_runtime=PENDING;pr026_missing=ENDPOINT|REAL_DATA|TEST;pr026_human_confirmation=REQUIRED;pr026_ui_complete=false;pr051_batch=B13_ENDPOINT_REAL_DATA;pr051_machine_evidence=CLOSED;pr051_evidence_paths=docs/99-governance/pr-019-capability-discovery-audit/PR019_ACTIVE_CAPABILITY_CATALOG.json;pr051_human_confirmation=REQUIRED;pr051_ui_complete=false
CAP-798893D4D6E0,Asset Decision,Business or platform capability discovered from asset_decision in backend/app/api/v1/frontend_contract.py,backend/app/api/v1/frontend_contract.py::asset_decision,DISCOVERY_REQUIRED,GET /contract/status|POST /auth/register|POST /auth/login|POST /auth/2fa/verify|POST /auth/magic-link|GET /auth/magic-link/verify|POST /auth/forgot|POST /auth/reset|POST /account/activate|GET /account/trial|GET /packages|GET /me/entitlements|POST /payments/checkout|POST /payments/webhook|GET /me/subscription|GET /markets|GET /assets|GET /assets/{asset_id}/decision|GET /assets/{asset_id}/chart|GET /brief/today|GET /me/watchlist|POST /me/watchlist|DELETE /me/watchlist/{asset_id}|GET /me/dashboard|GET /me/alert-prefs|PUT /me/alert-prefs|POST /me/channels/telegram/link|POST /me/channels/telegram/verify|POST /me/channels/email/test|GET /admin/registrations|POST /admin/registrations/{registration_id}/decision|GET /admin/trials|GET /admin/payments|POST /admin/payments/{payment_id}/approve|POST /admin/payments/{payment_id}/reject|GET /admin/layers|GET /admin/health|GET /contract/status|POST /auth/register|POST /auth/login|POST /auth/2fa/verify|POST /auth/magic-link|GET /auth/magic-link/verify|POST /auth/forgot|POST /auth/reset|POST /account/activate|GET /account/trial|GET /packages|GET /me/entitlements|POST /payments/checkout|POST /payments/webhook|GET /me/subscription|GET /markets|GET /assets|GET /assets/{asset_id}/decision|GET /assets/{asset_id}/chart|GET /brief/today|GET /me/watchlist|POST /me/watchlist|DELETE /me/watchlist/{asset_id}|GET /me/dashboard|GET /me/alert-prefs|PUT /me/alert-prefs|POST /me/channels/telegram/link|POST /me/channels/telegram/verify|POST /me/channels/email/test|GET /admin/registrations|POST /admin/registrations/{registration_id}/decision|GET /admin/trials|GET /admin/payments|POST /admin/payments/{payment_id}/approve|POST /admin/payments/{payment_id}/reject|GET /admin/layers|GET /admin/health,UNKNOWN,DISCOVERY_REQUIRED,ADMIN,TRIAL,DISCOVERY_REQUIRED,UI_PARTIAL,UNKNOWN,REVIEW_REQUIRED,backend/app/api/v1/frontend_contract.py|docs/99-governance/pr-019-capability-discovery-audit/PR019_ACTIVE_CAPABILITY_CATALOG.json|docs/99-governance/pr-047-p0-batch-09-evidence-closure/PR-047-P0-BATCH-09-EVIDENCE-CLOSURE.md,DISCOVERY_REQUIRED,2026-08-01T09:42:28Z,origin=LOCAL_ONLY;confidence=HIGH;business_keyword_score=14;quality_filtered=true;human_validation=PENDING;full_power_preservation=REQUIRED;pr020_semantic_duplicate_of=CAP-235EF538DEF9;candidate_retained=true;human_confirmation=REQUIRED;ui_complete=false;pr025_source_recovery=RECOVERED_FROM_LOCAL;pr025_recovered_paths=backend/app/api/v1/frontend_contract.py;pr025_human_review=REQUIRED;pr025_ui_complete=false;pr026_runtime=PENDING;pr026_missing=SERVICE|REAL_DATA|CALCULATION|TEST|UI;pr026_human_confirmation=REQUIRED;pr026_ui_complete=false;pr047_batch=B09_SERVICE_REAL_DATA;pr047_machine_evidence=CLOSED;pr047_evidence_paths=docs/99-governance/pr-019-capability-discovery-audit/PR019_ACTIVE_CAPABILITY_CATALOG.json;pr047_human_confirmation=REQUIRED;pr047_ui_complete=false
CAP-805630C7C819,Attach Report,Business or platform capability discovered from attach_report in backend/app/support_layers/scenario/scenario_engine.py,backend/app/support_layers/scenario/scenario_engine.py::attach_report,ndsp-scenario-levels-adapter.service,DISCOVERY_REQUIRED,UNKNOWN,DISCOVERY_REQUIRED,USER|ADMIN,REPORTS_AND_ANALYTICS,ReportLibrary|AnalyticsChart|HistoryTable|EvidenceDrawer,SERVICE_CONNECTED,UNKNOWN,REVIEW_REQUIRED,backend/app/support_layers/scenario/scenario_engine.py|docs/99-governance/pr-019-capability-discovery-audit/PR019_ACTIVE_CAPABILITY_CATALOG.json|docs/99-governance/pr-051-p0-batch-13-evidence-closure/PR-051-P0-BATCH-13-EVIDENCE-CLOSURE.md,DISCOVERY_REQUIRED,2026-08-01T09:58:13Z,"origin=LOCAL_ONLY;confidence=HIGH;business_keyword_score=11;quality_filtered=true;human_validation=PENDING;full_power_preservation=REQUIRED;pr020_cluster=CLUSTER-1A1DF77772C7862E;pr020_feature=Reports, analytics, and evidence;pr020_verification=PARTIALLY_VERIFIED;human_confirmation=REQUIRED;ui_complete=false;pr021_runtime_service_unverified=EVIDENCE_FOUND_PENDING_HUMAN_CONFIRMATION;pr021_api_contract_unverified=UNRESOLVED;pr021_data_state_unverified=UNRESOLVED;pr021_owner_unassigned=UNRESOLVED;pr021_human_confirmation=REQUIRED;pr021_ui_complete=false;pr025_source_recovery=RECOVERED_FROM_LOCAL;pr025_recovered_paths=backend/app/support_layers/scenario/scenario_engine.py;pr025_human_review=REQUIRED;pr025_ui_complete=false;pr026_runtime=PENDING;pr026_missing=ENDPOINT|REAL_DATA|TEST;pr026_human_confirmation=REQUIRED;pr026_ui_complete=false;pr051_batch=B13_ENDPOINT_REAL_DATA;pr051_machine_evidence=CLOSED;pr051_evidence_paths=docs/99-governance/pr-019-capability-discovery-audit/PR019_ACTIVE_CAPABILITY_CATALOG.json;pr051_human_confirmation=REQUIRED;pr051_ui_complete=false"
CAP-170A28FFB0E7,Auth,Business or platform capability discovered from auth in backend/ndsp_admin_ui_proxy.cjs,backend/ndsp_admin_ui_proxy.cjs::auth,ndsp-admin-ui-proxy.service,GET /api/admin-ui/health|GET /api/admin-ui/summary|GET /api/admin-ui/users|GET /api/admin-ui/payments|GET /api/admin-ui/trials|GET /api/admin-ui/packages|GET /api/admin-ui/markets|GET /api/admin-ui/alerts|POST /api/admin-ui/alerts/channel|POST /api/admin-ui/alerts/test|GET /api/admin-ui/backups|GET /api/admin-ui/governance|POST /api/admin-ui/action,JSON,CALCULATED_REAL,ADMIN,PLATFORM_OPERATIONS,ServiceHealthGrid|RuntimeStatus|GatewayMonitor|BackupPanel,API_CONNECTED,REAL_SNAPSHOT,REVIEW_REQUIRED,backend/ndsp_admin_ui_proxy.cjs,DISCOVERY_REQUIRED,2026-07-31T22:49:11Z,origin=ON_MAIN;confidence=HIGH;business_keyword_score=10;quality_filtered=true;human_validation=PENDING;full_power_preservation=REQUIRED;pr020_cluster=CLUSTER-39C99CAF91B276BA;pr020_feature=Platform operations and service health;pr020_verification=PARTIALLY_VERIFIED;human_confirmation=REQUIRED;ui_complete=false;pr021_owner_unassigned=UNRESOLVED;pr021_human_confirmation=REQUIRED;pr021_ui_complete=false;pr026_runtime=PENDING;pr026_missing=TEST;pr026_human_confirmation=REQUIRED;pr026_ui_complete=false;pr028_quick_win=CLOSED_MACHINE_VERIFIED;pr028_evidence=test:backend/tests/pr028-quick-wins-contracts.test.cjs;pr028_human_confirmation=REQUIRED;pr028_ui_complete=false
CAP-ED8397248098,Auth,Business or platform capability discovered from auth in backend/auth_api/ndsp_admin_ui_proxy.cjs,backend/auth_api/ndsp_admin_ui_proxy.cjs::auth,ndsp-admin-ui-proxy.service,GET /api/admin-ui/health|GET /api/admin-ui/summary|GET /api/admin-ui/users|GET /api/admin-ui/payments|GET /api/admin-ui/trials|GET /api/admin-ui/packages|GET /api/admin-ui/markets|GET /api/admin-ui/alerts|POST /api/admin-ui/alerts/channel|POST /api/admin-ui/alerts/test|GET /api/admin-ui/backups|GET /api/admin-ui/governance|POST /api/admin-ui/action,JSON,CALCULATED_REAL,ADMIN,TRIAL,DISCOVERY_REQUIRED,UI_PARTIAL,REAL_SNAPSHOT,REVIEW_REQUIRED,backend/auth_api/ndsp_admin_ui_proxy.cjs,DISCOVERY_REQUIRED,2026-07-31T22:08:07Z,origin=LOCAL_ONLY;confidence=HIGH;business_keyword_score=10;quality_filtered=true;human_validation=PENDING;full_power_preservation=REQUIRED;pr020_semantic_duplicate_of=CAP-170A28FFB0E7;candidate_retained=true;human_confirmation=REQUIRED;ui_complete=false;pr026_runtime=PENDING;pr026_missing=SOURCE|TEST|UI;pr026_human_confirmation=REQUIRED;pr026_ui_complete=false
CAP-63C8FEAE8B5B,Auth 2Fa Verify,Business or platform capability discovered from auth_2fa_verify in backend/app/api/v1/frontend_contract.py,backend/app/api/v1/frontend_contract.py::auth_2fa_verify,DISCOVERY_REQUIRED,GET /contract/status|POST /auth/register|POST /auth/login|POST /auth/2fa/verify|POST /auth/magic-link|GET /auth/magic-link/verify|POST /auth/forgot|POST /auth/reset|POST /account/activate|GET /account/trial|GET /packages|GET /me/entitlements|POST /payments/checkout|POST /payments/webhook|GET /me/subscription|GET /markets|GET /assets|GET /assets/{asset_id}/decision|GET /assets/{asset_id}/chart|GET /brief/today|GET /me/watchlist|POST /me/watchlist|DELETE /me/watchlist/{asset_id}|GET /me/dashboard|GET /me/alert-prefs|PUT /me/alert-prefs|POST /me/channels/telegram/link|POST /me/channels/telegram/verify|POST /me/channels/email/test|GET /admin/registrations|POST /admin/registrations/{registration_id}/decision|GET /admin/trials|GET /admin/payments|POST /admin/payments/{payment_id}/approve|POST /admin/payments/{payment_id}/reject|GET /admin/layers|GET /admin/health|GET /contract/status|POST /auth/register|POST /auth/login|POST /auth/2fa/verify|POST /auth/magic-link|GET /auth/magic-link/verify|POST /auth/forgot|POST /auth/reset|POST /account/activate|GET /account/trial|GET /packages|GET /me/entitlements|POST /payments/checkout|POST /payments/webhook|GET /me/subscription|GET /markets|GET /assets|GET /assets/{asset_id}/decision|GET /assets/{asset_id}/chart|GET /brief/today|GET /me/watchlist|POST /me/watchlist|DELETE /me/watchlist/{asset_id}|GET /me/dashboard|GET /me/alert-prefs|PUT /me/alert-prefs|POST /me/channels/telegram/link|POST /me/channels/telegram/verify|POST /me/channels/email/test|GET /admin/registrations|POST /admin/registrations/{registration_id}/decision|GET /admin/trials|GET /admin/payments|POST /admin/payments/{payment_id}/approve|POST /admin/payments/{payment_id}/reject|GET /admin/layers|GET /admin/health,UNKNOWN,DISCOVERY_REQUIRED,ADMIN,TRIAL,DISCOVERY_REQUIRED,UI_PARTIAL,UNKNOWN,REVIEW_REQUIRED,backend/app/api/v1/frontend_contract.py|docs/99-governance/pr-019-capability-discovery-audit/PR019_ACTIVE_CAPABILITY_CATALOG.json|docs/99-governance/pr-047-p0-batch-09-evidence-closure/PR-047-P0-BATCH-09-EVIDENCE-CLOSURE.md,DISCOVERY_REQUIRED,2026-08-01T09:42:28Z,origin=LOCAL_ONLY;confidence=HIGH;business_keyword_score=14;quality_filtered=true;human_validation=PENDING;full_power_preservation=REQUIRED;pr020_semantic_duplicate_of=CAP-235EF538DEF9;candidate_retained=true;human_confirmation=REQUIRED;ui_complete=false;pr025_source_recovery=RECOVERED_FROM_LOCAL;pr025_recovered_paths=backend/app/api/v1/frontend_contract.py;pr025_human_review=REQUIRED;pr025_ui_complete=false;pr026_runtime=PENDING;pr026_missing=SERVICE|REAL_DATA|CALCULATION|TEST|UI;pr026_human_confirmation=REQUIRED;pr026_ui_complete=false;pr047_batch=B09_SERVICE_REAL_DATA;pr047_machine_evidence=CLOSED;pr047_evidence_paths=docs/99-governance/pr-019-capability-discovery-audit/PR019_ACTIVE_CAPABILITY_CATALOG.json;pr047_human_confirmation=REQUIRED;pr047_ui_complete=false
CAP-538062400EBA,Auth Forgot,Business or platform capability discovered from auth_forgot in backend/app/api/v1/frontend_contract.py,backend/app/api/v1/frontend_contract.py::auth_forgot,DISCOVERY_REQUIRED,GET /contract/status|POST /auth/register|POST /auth/login|POST /auth/2fa/verify|POST /auth/magic-link|GET /auth/magic-link/verify|POST /auth/forgot|POST /auth/reset|POST /account/activate|GET /account/trial|GET /packages|GET /me/entitlements|POST /payments/checkout|POST /payments/webhook|GET /me/subscription|GET /markets|GET /assets|GET /assets/{asset_id}/decision|GET /assets/{asset_id}/chart|GET /brief/today|GET /me/watchlist|POST /me/watchlist|DELETE /me/watchlist/{asset_id}|GET /me/dashboard|GET /me/alert-prefs|PUT /me/alert-prefs|POST /me/channels/telegram/link|POST /me/channels/telegram/verify|POST /me/channels/email/test|GET /admin/registrations|POST /admin/registrations/{registration_id}/decision|GET /admin/trials|GET /admin/payments|POST /admin/payments/{payment_id}/approve|POST /admin/payments/{payment_id}/reject|GET /admin/layers|GET /admin/health|GET /contract/status|POST /auth/register|POST /auth/login|POST /auth/2fa/verify|POST /auth/magic-link|GET /auth/magic-link/verify|POST /auth/forgot|POST /auth/reset|POST /account/activate|GET /account/trial|GET /packages|GET /me/entitlements|POST /payments/checkout|POST /payments/webhook|GET /me/subscription|GET /markets|GET /assets|GET /assets/{asset_id}/decision|GET /assets/{asset_id}/chart|GET /brief/today|GET /me/watchlist|POST /me/watchlist|DELETE /me/watchlist/{asset_id}|GET /me/dashboard|GET /me/alert-prefs|PUT /me/alert-prefs|POST /me/channels/telegram/link|POST /me/channels/telegram/verify|POST /me/channels/email/test|GET /admin/registrations|POST /admin/registrations/{registration_id}/decision|GET /admin/trials|GET /admin/payments|POST /admin/payments/{payment_id}/approve|POST /admin/payments/{payment_id}/reject|GET /admin/layers|GET /admin/health,UNKNOWN,DISCOVERY_REQUIRED,ADMIN,TRIAL,DISCOVERY_REQUIRED,UI_PARTIAL,UNKNOWN,REVIEW_REQUIRED,backend/app/api/v1/frontend_contract.py|docs/99-governance/pr-019-capability-discovery-audit/PR019_ACTIVE_CAPABILITY_CATALOG.json|docs/99-governance/pr-047-p0-batch-09-evidence-closure/PR-047-P0-BATCH-09-EVIDENCE-CLOSURE.md,DISCOVERY_REQUIRED,2026-08-01T09:42:28Z,origin=LOCAL_ONLY;confidence=HIGH;business_keyword_score=14;quality_filtered=true;human_validation=PENDING;full_power_preservation=REQUIRED;pr020_semantic_duplicate_of=CAP-235EF538DEF9;candidate_retained=true;human_confirmation=REQUIRED;ui_complete=false;pr025_source_recovery=RECOVERED_FROM_LOCAL;pr025_recovered_paths=backend/app/api/v1/frontend_contract.py;pr025_human_review=REQUIRED;pr025_ui_complete=false;pr026_runtime=PENDING;pr026_missing=SERVICE|REAL_DATA|CALCULATION|TEST|UI;pr026_human_confirmation=REQUIRED;pr026_ui_complete=false;pr047_batch=B09_SERVICE_REAL_DATA;pr047_machine_evidence=CLOSED;pr047_evidence_paths=docs/99-governance/pr-019-capability-discovery-audit/PR019_ACTIVE_CAPABILITY_CATALOG.json;pr047_human_confirmation=REQUIRED;pr047_ui_complete=false
CAP-DA1498962CCC,Auth Login,Business or platform capability discovered from auth_login in backend/app/api/v1/frontend_contract.py,backend/app/api/v1/frontend_contract.py::auth_login,DISCOVERY_REQUIRED,GET /contract/status|POST /auth/register|POST /auth/login|POST /auth/2fa/verify|POST /auth/magic-link|GET /auth/magic-link/verify|POST /auth/forgot|POST /auth/reset|POST /account/activate|GET /account/trial|GET /packages|GET /me/entitlements|POST /payments/checkout|POST /payments/webhook|GET /me/subscription|GET /markets|GET /assets|GET /assets/{asset_id}/decision|GET /assets/{asset_id}/chart|GET /brief/today|GET /me/watchlist|POST /me/watchlist|DELETE /me/watchlist/{asset_id}|GET /me/dashboard|GET /me/alert-prefs|PUT /me/alert-prefs|POST /me/channels/telegram/link|POST /me/channels/telegram/verify|POST /me/channels/email/test|GET /admin/registrations|POST /admin/registrations/{registration_id}/decision|GET /admin/trials|GET /admin/payments|POST /admin/payments/{payment_id}/approve|POST /admin/payments/{payment_id}/reject|GET /admin/layers|GET /admin/health|GET /contract/status|POST /auth/register|POST /auth/login|POST /auth/2fa/verify|POST /auth/magic-link|GET /auth/magic-link/verify|POST /auth/forgot|POST /auth/reset|POST /account/activate|GET /account/trial|GET /packages|GET /me/entitlements|POST /payments/checkout|POST /payments/webhook|GET /me/subscription|GET /markets|GET /assets|GET /assets/{asset_id}/decision|GET /assets/{asset_id}/chart|GET /brief/today|GET /me/watchlist|POST /me/watchlist|DELETE /me/watchlist/{asset_id}|GET /me/dashboard|GET /me/alert-prefs|PUT /me/alert-prefs|POST /me/channels/telegram/link|POST /me/channels/telegram/verify|POST /me/channels/email/test|GET /admin/registrations|POST /admin/registrations/{registration_id}/decision|GET /admin/trials|GET /admin/payments|POST /admin/payments/{payment_id}/approve|POST /admin/payments/{payment_id}/reject|GET /admin/layers|GET /admin/health,UNKNOWN,DISCOVERY_REQUIRED,ADMIN,TRIAL,DISCOVERY_REQUIRED,UI_PARTIAL,UNKNOWN,REVIEW_REQUIRED,backend/app/api/v1/frontend_contract.py|docs/99-governance/pr-019-capability-discovery-audit/PR019_ACTIVE_CAPABILITY_CATALOG.json|docs/99-governance/pr-047-p0-batch-09-evidence-closure/PR-047-P0-BATCH-09-EVIDENCE-CLOSURE.md,DISCOVERY_REQUIRED,2026-08-01T09:42:28Z,origin=LOCAL_ONLY;confidence=HIGH;business_keyword_score=14;quality_filtered=true;human_validation=PENDING;full_power_preservation=REQUIRED;pr020_semantic_duplicate_of=CAP-235EF538DEF9;candidate_retained=true;human_confirmation=REQUIRED;ui_complete=false;pr025_source_recovery=RECOVERED_FROM_LOCAL;pr025_recovered_paths=backend/app/api/v1/frontend_contract.py;pr025_human_review=REQUIRED;pr025_ui_complete=false;pr026_runtime=PENDING;pr026_missing=SERVICE|REAL_DATA|CALCULATION|TEST|UI;pr026_human_confirmation=REQUIRED;pr026_ui_complete=false;pr047_batch=B09_SERVICE_REAL_DATA;pr047_machine_evidence=CLOSED;pr047_evidence_paths=docs/99-governance/pr-019-capability-discovery-audit/PR019_ACTIVE_CAPABILITY_CATALOG.json;pr047_human_confirmation=REQUIRED;pr047_ui_complete=false
CAP-81A7994FF55D,Auth Magic Link,Business or platform capability discovered from auth_magic_link in backend/app/api/v1/frontend_contract.py,backend/app/api/v1/frontend_contract.py::auth_magic_link,DISCOVERY_REQUIRED,GET /contract/status|POST /auth/register|POST /auth/login|POST /auth/2fa/verify|POST /auth/magic-link|GET /auth/magic-link/verify|POST /auth/forgot|POST /auth/reset|POST /account/activate|GET /account/trial|GET /packages|GET /me/entitlements|POST /payments/checkout|POST /payments/webhook|GET /me/subscription|GET /markets|GET /assets|GET /assets/{asset_id}/decision|GET /assets/{asset_id}/chart|GET /brief/today|GET /me/watchlist|POST /me/watchlist|DELETE /me/watchlist/{asset_id}|GET /me/dashboard|GET /me/alert-prefs|PUT /me/alert-prefs|POST /me/channels/telegram/link|POST /me/channels/telegram/verify|POST /me/channels/email/test|GET /admin/registrations|POST /admin/registrations/{registration_id}/decision|GET /admin/trials|GET /admin/payments|POST /admin/payments/{payment_id}/approve|POST /admin/payments/{payment_id}/reject|GET /admin/layers|GET /admin/health|GET /contract/status|POST /auth/register|POST /auth/login|POST /auth/2fa/verify|POST /auth/magic-link|GET /auth/magic-link/verify|POST /auth/forgot|POST /auth/reset|POST /account/activate|GET /account/trial|GET /packages|GET /me/entitlements|POST /payments/checkout|POST /payments/webhook|GET /me/subscription|GET /markets|GET /assets|GET /assets/{asset_id}/decision|GET /assets/{asset_id}/chart|GET /brief/today|GET /me/watchlist|POST /me/watchlist|DELETE /me/watchlist/{asset_id}|GET /me/dashboard|GET /me/alert-prefs|PUT /me/alert-prefs|POST /me/channels/telegram/link|POST /me/channels/telegram/verify|POST /me/channels/email/test|GET /admin/registrations|POST /admin/registrations/{registration_id}/decision|GET /admin/trials|GET /admin/payments|POST /admin/payments/{payment_id}/approve|POST /admin/payments/{payment_id}/reject|GET /admin/layers|GET /admin/health,UNKNOWN,DISCOVERY_REQUIRED,ADMIN,TRIAL,DISCOVERY_REQUIRED,UI_PARTIAL,UNKNOWN,REVIEW_REQUIRED,backend/app/api/v1/frontend_contract.py|docs/99-governance/pr-019-capability-discovery-audit/PR019_ACTIVE_CAPABILITY_CATALOG.json|docs/99-governance/pr-047-p0-batch-09-evidence-closure/PR-047-P0-BATCH-09-EVIDENCE-CLOSURE.md,DISCOVERY_REQUIRED,2026-08-01T09:42:28Z,origin=LOCAL_ONLY;confidence=HIGH;business_keyword_score=14;quality_filtered=true;human_validation=PENDING;full_power_preservation=REQUIRED;pr020_semantic_duplicate_of=CAP-235EF538DEF9;candidate_retained=true;human_confirmation=REQUIRED;ui_complete=false;pr025_source_recovery=RECOVERED_FROM_LOCAL;pr025_recovered_paths=backend/app/api/v1/frontend_contract.py;pr025_human_review=REQUIRED;pr025_ui_complete=false;pr026_runtime=PENDING;pr026_missing=SERVICE|REAL_DATA|CALCULATION|TEST|UI;pr026_human_confirmation=REQUIRED;pr026_ui_complete=false;pr047_batch=B09_SERVICE_REAL_DATA;pr047_machine_evidence=CLOSED;pr047_evidence_paths=docs/99-governance/pr-019-capability-discovery-audit/PR019_ACTIVE_CAPABILITY_CATALOG.json;pr047_human_confirmation=REQUIRED;pr047_ui_complete=false
CAP-D2D57F714E79,Auth Magic Link Verify,Business or platform capability discovered from auth_magic_link_verify in backend/app/api/v1/frontend_contract.py,backend/app/api/v1/frontend_contract.py::auth_magic_link_verify,DISCOVERY_REQUIRED,GET /contract/status|POST /auth/register|POST /auth/login|POST /auth/2fa/verify|POST /auth/magic-link|GET /auth/magic-link/verify|POST /auth/forgot|POST /auth/reset|POST /account/activate|GET /account/trial|GET /packages|GET /me/entitlements|POST /payments/checkout|POST /payments/webhook|GET /me/subscription|GET /markets|GET /assets|GET /assets/{asset_id}/decision|GET /assets/{asset_id}/chart|GET /brief/today|GET /me/watchlist|POST /me/watchlist|DELETE /me/watchlist/{asset_id}|GET /me/dashboard|GET /me/alert-prefs|PUT /me/alert-prefs|POST /me/channels/telegram/link|POST /me/channels/telegram/verify|POST /me/channels/email/test|GET /admin/registrations|POST /admin/registrations/{registration_id}/decision|GET /admin/trials|GET /admin/payments|POST /admin/payments/{payment_id}/approve|POST /admin/payments/{payment_id}/reject|GET /admin/layers|GET /admin/health|GET /contract/status|POST /auth/register|POST /auth/login|POST /auth/2fa/verify|POST /auth/magic-link|GET /auth/magic-link/verify|POST /auth/forgot|POST /auth/reset|POST /account/activate|GET /account/trial|GET /packages|GET /me/entitlements|POST /payments/checkout|POST /payments/webhook|GET /me/subscription|GET /markets|GET /assets|GET /assets/{asset_id}/decision|GET /assets/{asset_id}/chart|GET /brief/today|GET /me/watchlist|POST /me/watchlist|DELETE /me/watchlist/{asset_id}|GET /me/dashboard|GET /me/alert-prefs|PUT /me/alert-prefs|POST /me/channels/telegram/link|POST /me/channels/telegram/verify|POST /me/channels/email/test|GET /admin/registrations|POST /admin/registrations/{registration_id}/decision|GET /admin/trials|GET /admin/payments|POST /admin/payments/{payment_id}/approve|POST /admin/payments/{payment_id}/reject|GET /admin/layers|GET /admin/health,UNKNOWN,DISCOVERY_REQUIRED,ADMIN,TRIAL,DISCOVERY_REQUIRED,UI_PARTIAL,UNKNOWN,REVIEW_REQUIRED,backend/app/api/v1/frontend_contract.py|docs/99-governance/pr-019-capability-discovery-audit/PR019_ACTIVE_CAPABILITY_CATALOG.json|docs/99-governance/pr-047-p0-batch-09-evidence-closure/PR-047-P0-BATCH-09-EVIDENCE-CLOSURE.md,DISCOVERY_REQUIRED,2026-08-01T09:42:28Z,origin=LOCAL_ONLY;confidence=HIGH;business_keyword_score=14;quality_filtered=true;human_validation=PENDING;full_power_preservation=REQUIRED;pr020_semantic_duplicate_of=CAP-235EF538DEF9;candidate_retained=true;human_confirmation=REQUIRED;ui_complete=false;pr025_source_recovery=RECOVERED_FROM_LOCAL;pr025_recovered_paths=backend/app/api/v1/frontend_contract.py;pr025_human_review=REQUIRED;pr025_ui_complete=false;pr026_runtime=PENDING;pr026_missing=SERVICE|REAL_DATA|CALCULATION|TEST|UI;pr026_human_confirmation=REQUIRED;pr026_ui_complete=false;pr047_batch=B09_SERVICE_REAL_DATA;pr047_machine_evidence=CLOSED;pr047_evidence_paths=docs/99-governance/pr-019-capability-discovery-audit/PR019_ACTIVE_CAPABILITY_CATALOG.json;pr047_human_confirmation=REQUIRED;pr047_ui_complete=false
CAP-438A6D14BFBB,Auth Optional,Business or platform capability discovered from authOptional in backend/ndsp_api_compat_gateway.cjs,backend/ndsp_api_compat_gateway.cjs::authOptional,ndsp-api-compat.service,GET /health|GET /api/account/trial|GET /api/packages|GET /api/markets|GET /api/alerts/status|GET /api/payments/status,JSON,CALCULATED_REAL,ADMIN,PLATFORM_OPERATIONS,ServiceHealthGrid|RuntimeStatus|GatewayMonitor|BackupPanel,API_CONNECTED,REAL_SNAPSHOT,REVIEW_REQUIRED,backend/ndsp_api_compat_gateway.cjs,DISCOVERY_REQUIRED,2026-07-31T22:49:11Z,origin=ON_MAIN;confidence=HIGH;business_keyword_score=8;quality_filtered=true;human_validation=PENDING;full_power_preservation=REQUIRED;pr020_cluster=CLUSTER-C9D5E973D5F5F3E9;pr020_feature=Platform operations and service health;pr020_verification=PARTIALLY_VERIFIED;human_confirmation=REQUIRED;ui_complete=false;pr021_owner_unassigned=UNRESOLVED;pr021_human_confirmation=REQUIRED;pr021_ui_complete=false;pr026_runtime=PENDING;pr026_missing=TEST;pr026_human_confirmation=REQUIRED;pr026_ui_complete=false;pr028_quick_win=CLOSED_MACHINE_VERIFIED;pr028_evidence=test:backend/tests/pr028-quick-wins-contracts.test.cjs;pr028_human_confirmation=REQUIRED;pr028_ui_complete=false
CAP-DECAE45DE878,Auth Optional,Business or platform capability discovered from authOptional in backend/auth_api/ndsp_api_compat_gateway.cjs,backend/auth_api/ndsp_api_compat_gateway.cjs::authOptional,ndsp-api-compat.service,GET /health|GET /api/account/trial|GET /api/packages|GET /api/markets|GET /api/alerts/status|GET /api/payments/status,JSON,CALCULATED_REAL,ADMIN,TRIAL,DISCOVERY_REQUIRED,UI_PARTIAL,REAL_SNAPSHOT,REVIEW_REQUIRED,backend/auth_api/ndsp_api_compat_gateway.cjs,DISCOVERY_REQUIRED,2026-07-31T22:08:07Z,origin=LOCAL_ONLY;confidence=HIGH;business_keyword_score=8;quality_filtered=true;human_validation=PENDING;full_power_preservation=REQUIRED;pr020_semantic_duplicate_of=CAP-438A6D14BFBB;candidate_retained=true;human_confirmation=REQUIRED;ui_complete=false;pr026_runtime=PENDING;pr026_missing=SOURCE|TEST|UI;pr026_human_confirmation=REQUIRED;pr026_ui_complete=false
CAP-367A94FB6D59,Auth Register,Business or platform capability discovered from auth_register in backend/app/api/v1/frontend_contract.py,backend/app/api/v1/frontend_contract.py::auth_register,DISCOVERY_REQUIRED,GET /contract/status|POST /auth/register|POST /auth/login|POST /auth/2fa/verify|POST /auth/magic-link|GET /auth/magic-link/verify|POST /auth/forgot|POST /auth/reset|POST /account/activate|GET /account/trial|GET /packages|GET /me/entitlements|POST /payments/checkout|POST /payments/webhook|GET /me/subscription|GET /markets|GET /assets|GET /assets/{asset_id}/decision|GET /assets/{asset_id}/chart|GET /brief/today|GET /me/watchlist|POST /me/watchlist|DELETE /me/watchlist/{asset_id}|GET /me/dashboard|GET /me/alert-prefs|PUT /me/alert-prefs|POST /me/channels/telegram/link|POST /me/channels/telegram/verify|POST /me/channels/email/test|GET /admin/registrations|POST /admin/registrations/{registration_id}/decision|GET /admin/trials|GET /admin/payments|POST /admin/payments/{payment_id}/approve|POST /admin/payments/{payment_id}/reject|GET /admin/layers|GET /admin/health|GET /contract/status|POST /auth/register|POST /auth/login|POST /auth/2fa/verify|POST /auth/magic-link|GET /auth/magic-link/verify|POST /auth/forgot|POST /auth/reset|POST /account/activate|GET /account/trial|GET /packages|GET /me/entitlements|POST /payments/checkout|POST /payments/webhook|GET /me/subscription|GET /markets|GET /assets|GET /assets/{asset_id}/decision|GET /assets/{asset_id}/chart|GET /brief/today|GET /me/watchlist|POST /me/watchlist|DELETE /me/watchlist/{asset_id}|GET /me/dashboard|GET /me/alert-prefs|PUT /me/alert-prefs|POST /me/channels/telegram/link|POST /me/channels/telegram/verify|POST /me/channels/email/test|GET /admin/registrations|POST /admin/registrations/{registration_id}/decision|GET /admin/trials|GET /admin/payments|POST /admin/payments/{payment_id}/approve|POST /admin/payments/{payment_id}/reject|GET /admin/layers|GET /admin/health,UNKNOWN,DISCOVERY_REQUIRED,ADMIN,TRIAL,DISCOVERY_REQUIRED,UI_PARTIAL,UNKNOWN,REVIEW_REQUIRED,backend/app/api/v1/frontend_contract.py|docs/99-governance/pr-019-capability-discovery-audit/PR019_ACTIVE_CAPABILITY_CATALOG.json|docs/99-governance/pr-047-p0-batch-09-evidence-closure/PR-047-P0-BATCH-09-EVIDENCE-CLOSURE.md,DISCOVERY_REQUIRED,2026-08-01T09:42:28Z,origin=LOCAL_ONLY;confidence=HIGH;business_keyword_score=14;quality_filtered=true;human_validation=PENDING;full_power_preservation=REQUIRED;pr020_semantic_duplicate_of=CAP-235EF538DEF9;candidate_retained=true;human_confirmation=REQUIRED;ui_complete=false;pr025_source_recovery=RECOVERED_FROM_LOCAL;pr025_recovered_paths=backend/app/api/v1/frontend_contract.py;pr025_human_review=REQUIRED;pr025_ui_complete=false;pr026_runtime=PENDING;pr026_missing=SERVICE|REAL_DATA|CALCULATION|TEST|UI;pr026_human_confirmation=REQUIRED;pr026_ui_complete=false;pr047_batch=B09_SERVICE_REAL_DATA;pr047_machine_evidence=CLOSED;pr047_evidence_paths=docs/99-governance/pr-019-capability-discovery-audit/PR019_ACTIVE_CAPABILITY_CATALOG.json;pr047_human_confirmation=REQUIRED;pr047_ui_complete=false
CAP-7E1F66F717A1,Auth Required,Business or platform capability discovered from authRequired in backend/auth_api/ndsp_api_compat_gateway.cjs,backend/auth_api/ndsp_api_compat_gateway.cjs::authRequired,ndsp-api-compat.service,GET /health|GET /api/account/trial|GET /api/packages|GET /api/markets|GET /api/alerts/status|GET /api/payments/status,JSON,CALCULATED_REAL,ADMIN,TRIAL,DISCOVERY_REQUIRED,UI_PARTIAL,REAL_SNAPSHOT,REVIEW_REQUIRED,backend/auth_api/ndsp_api_compat_gateway.cjs,DISCOVERY_REQUIRED,2026-07-31T22:08:07Z,origin=LOCAL_ONLY;confidence=HIGH;business_keyword_score=8;quality_filtered=true;human_validation=PENDING;full_power_preservation=REQUIRED;pr020_semantic_duplicate_of=CAP-438A6D14BFBB;candidate_retained=true;human_confirmation=REQUIRED;ui_complete=false;pr026_runtime=PENDING;pr026_missing=SOURCE|TEST|UI;pr026_human_confirmation=REQUIRED;pr026_ui_complete=false
CAP-A231BBA8D29D,Auth Required,Business or platform capability discovered from authRequired in backend/ndsp_api_compat_gateway.cjs,backend/ndsp_api_compat_gateway.cjs::authRequired,ndsp-api-compat.service,GET /health|GET /api/account/trial|GET /api/packages|GET /api/markets|GET /api/alerts/status|GET /api/payments/status,JSON,CALCULATED_REAL,ADMIN,TRIAL,DISCOVERY_REQUIRED,UI_PARTIAL,REAL_SNAPSHOT,REVIEW_REQUIRED,backend/ndsp_api_compat_gateway.cjs,DISCOVERY_REQUIRED,2026-07-31T23:17:31Z,origin=ON_MAIN;confidence=HIGH;business_keyword_score=8;quality_filtered=true;human_validation=PENDING;full_power_preservation=REQUIRED;pr020_semantic_duplicate_of=CAP-438A6D14BFBB;candidate_retained=true;human_confirmation=REQUIRED;ui_complete=false;pr026_runtime=PENDING;pr026_missing=TEST|UI;pr026_human_confirmation=REQUIRED;pr026_ui_complete=false;pr028_quick_win=PARTIAL_REMEDIATION;pr028_remaining=UI;pr028_human_confirmation=REQUIRED;pr028_ui_complete=false;pr029_remaining_quick_win=CLOSED_MACHINE_VERIFIED;pr029_evidence=ui:frontend/user-portal-vite/src/features/remaining-quick-wins;pr029_human_confirmation=REQUIRED;pr029_ui_complete=false
CAP-235EF538DEF9,Auth Reset,Business or platform capability discovered from auth_reset in backend/app/api/v1/frontend_contract.py,backend/app/api/v1/frontend_contract.py::auth_reset,DISCOVERY_REQUIRED,GET /contract/status|POST /auth/register|POST /auth/login|POST /auth/2fa/verify|POST /auth/magic-link|GET /auth/magic-link/verify|POST /auth/forgot|POST /auth/reset|POST /account/activate|GET /account/trial|GET /packages|GET /me/entitlements|POST /payments/checkout|POST /payments/webhook|GET /me/subscription|GET /markets|GET /assets|GET /assets/{asset_id}/decision|GET /assets/{asset_id}/chart|GET /brief/today|GET /me/watchlist|POST /me/watchlist|DELETE /me/watchlist/{asset_id}|GET /me/dashboard|GET /me/alert-prefs|PUT /me/alert-prefs|POST /me/channels/telegram/link|POST /me/channels/telegram/verify|POST /me/channels/email/test|GET /admin/registrations|POST /admin/registrations/{registration_id}/decision|GET /admin/trials|GET /admin/payments|POST /admin/payments/{payment_id}/approve|POST /admin/payments/{payment_id}/reject|GET /admin/layers|GET /admin/health|GET /contract/status|POST /auth/register|POST /auth/login|POST /auth/2fa/verify|POST /auth/magic-link|GET /auth/magic-link/verify|POST /auth/forgot|POST /auth/reset|POST /account/activate|GET /account/trial|GET /packages|GET /me/entitlements|POST /payments/checkout|POST /payments/webhook|GET /me/subscription|GET /markets|GET /assets|GET /assets/{asset_id}/decision|GET /assets/{asset_id}/chart|GET /brief/today|GET /me/watchlist|POST /me/watchlist|DELETE /me/watchlist/{asset_id}|GET /me/dashboard|GET /me/alert-prefs|PUT /me/alert-prefs|POST /me/channels/telegram/link|POST /me/channels/telegram/verify|POST /me/channels/email/test|GET /admin/registrations|POST /admin/registrations/{registration_id}/decision|GET /admin/trials|GET /admin/payments|POST /admin/payments/{payment_id}/approve|POST /admin/payments/{payment_id}/reject|GET /admin/layers|GET /admin/health,UNKNOWN,DISCOVERY_REQUIRED,PUBLIC|AUTHENTICATED_USER,AUTHENTICATION,CriticalCapabilitiesPage|CriticalCapabilityPanel,UI_PARTIAL,UNKNOWN,REVIEW_REQUIRED,backend/app/api/v1/frontend_contract.py|docs/99-governance/pr-019-capability-discovery-audit/PR019_ACTIVE_CAPABILITY_CATALOG.json|docs/99-governance/pr-048-p0-batch-10-evidence-closure/PR-048-P0-BATCH-10-EVIDENCE-CLOSURE.md,DISCOVERY_REQUIRED,2026-08-01T09:46:38Z,origin=LOCAL_ONLY;confidence=HIGH;business_keyword_score=14;quality_filtered=true;human_validation=PENDING;full_power_preservation=REQUIRED;pr020_cluster=CLUSTER-FDFBE9985B5F63E6;pr020_feature=Authentication and account access;pr020_verification=PARTIALLY_VERIFIED;human_confirmation=REQUIRED;ui_complete=false;pr021_runtime_service_unverified=AMBIGUOUS_EVIDENCE;pr021_data_state_unverified=UNRESOLVED;pr021_owner_unassigned=UNRESOLVED;pr021_human_confirmation=REQUIRED;pr021_ui_complete=false;pr022_data_state_unverified=BLOCKED_MOCK_SIGNATURE_PRESENT;pr022_basis=MOCK_SIGNATURE;pr022_human_confirmation=REQUIRED;pr022_ui_complete=false;pr023_machine_status=INCOMPLETE_CHAIN;pr023_missing=TEST|UI_CONSUMER;pr023_human_approval=PENDING;pr023_ui_complete=false;pr024_ui_binding=IMPLEMENTED;pr024_endpoint_status=ENDPOINT_AVAILABLE;pr024_states=loading|empty|stale|error|ready;pr024_human_confirmation=REQUIRED;pr024_ui_complete=false;pr025_source_recovery=RECOVERED_FROM_LOCAL;pr025_recovered_paths=backend/app/api/v1/frontend_contract.py;pr025_human_review=REQUIRED;pr025_ui_complete=false;pr026_runtime=PENDING;pr026_missing=SERVICE|REAL_DATA|CALCULATION|TEST;pr026_human_confirmation=REQUIRED;pr026_ui_complete=false;pr048_batch=B10_SERVICE_REAL_DATA;pr048_machine_evidence=CLOSED;pr048_evidence_paths=docs/99-governance/pr-019-capability-discovery-audit/PR019_ACTIVE_CAPABILITY_CATALOG.json;pr048_human_confirmation=REQUIRED;pr048_ui_complete=false
CAP-1653A8452D19,Compute From Active Engine,Business or platform capability discovered from _compute_from_active_engine in backend/app/api/ndsp_public_quality_unique.py,backend/app/api/ndsp_public_quality_unique.py::_compute_from_active_engine,DISCOVERY_REQUIRED,GET /api/ndsp/public/decision-quality|GET /api/ndsp/public/decision-quality,UNKNOWN,DISCOVERY_REQUIRED,PUBLIC,UNMAPPED,DISCOVERY_REQUIRED,SOURCE_IDENTIFIED,UNKNOWN,REVIEW_REQUIRED,backend/app/api/ndsp_public_quality_unique.py|docs/99-governance/pr-019-capability-discovery-audit/PR019_ACTIVE_CAPABILITY_CATALOG.json|docs/99-governance/pr-047-p0-batch-09-evidence-closure/PR-047-P0-BATCH-09-EVIDENCE-CLOSURE.md,DISCOVERY_REQUIRED,2026-08-01T09:42:28Z,origin=LOCAL_ONLY;confidence=HIGH;business_keyword_score=5;quality_filtered=true;human_validation=PENDING;full_power_preservation=REQUIRED;pr020_semantic_duplicate_of=CAP-0622719B013B;candidate_retained=true;human_confirmation=REQUIRED;ui_complete=false;pr026_runtime=PENDING;pr026_missing=SOURCE|SERVICE|REAL_DATA|TEST|UI;pr026_human_confirmation=REQUIRED;pr026_ui_complete=false;pr047_batch=B09_SERVICE_REAL_DATA;pr047_machine_evidence=CLOSED;pr047_evidence_paths=docs/99-governance/pr-019-capability-discovery-audit/PR019_ACTIVE_CAPABILITY_CATALOG.json;pr047_human_confirmation=REQUIRED;pr047_ui_complete=false
CAP-E4B4728311F0,Decision Quality Public,API capability discovered at GET /api/decision/quality,backend/app/api/decision_quality_public.py,DISCOVERY_REQUIRED,GET /api/decision/quality,UNKNOWN,CALCULATED_REAL,PUBLIC,LANDING,CapabilityProof|LiveMetric|PlatformTimeline,API_CONNECTED,UNKNOWN,REVIEW_REQUIRED,backend/app/api/decision_quality_public.py|docs/99-governance/pr-019-capability-discovery-audit/PR019_ACTIVE_CAPABILITY_CATALOG.json|docs/99-governance/pr-049-p0-batch-11-evidence-closure/PR-049-P0-BATCH-11-EVIDENCE-CLOSURE.md,DISCOVERY_REQUIRED,2026-08-01T09:50:41Z,origin=LOCAL_ONLY;confidence=HIGH;frontend_consumers=2;quality_filtered=true;human_validation=PENDING;full_power_preservation=REQUIRED;pr020_cluster=CLUSTER-B660C1DCD7F3C77B;pr020_feature=Public platform presentation;pr020_verification=PARTIALLY_VERIFIED;human_confirmation=REQUIRED;ui_complete=false;pr021_runtime_service_unverified=AMBIGUOUS_EVIDENCE;pr021_data_state_unverified=UNRESOLVED;pr021_owner_unassigned=UNRESOLVED;pr021_human_confirmation=REQUIRED;pr021_ui_complete=false;pr026_runtime=PENDING;pr026_missing=SOURCE|SERVICE|REAL_DATA|TEST;pr026_human_confirmation=REQUIRED;pr026_ui_complete=false;pr049_batch=B11_SERVICE_REAL_DATA;pr049_machine_evidence=CLOSED;pr049_evidence_paths=docs/99-governance/pr-019-capability-discovery-audit/PR019_ACTIVE_CAPABILITY_CATALOG.json;pr049_human_confirmation=REQUIRED;pr049_ui_complete=false
CAP-935E1E26D22F,Dqsrisk State,Business or platform capability discovered from DQSRiskState in backend/app/support_layers/quality/decision_quality_stack.py,backend/app/support_layers/quality/decision_quality_stack.py::DQSRiskState,DISCOVERY_REQUIRED,DISCOVERY_REQUIRED,UNKNOWN,DISCOVERY_REQUIRED,USER|ADMIN,QUALITY_AND_RISK,CriticalCapabilitiesPage|CriticalCapabilityPanel,UI_PARTIAL,UNKNOWN,REVIEW_REQUIRED,backend/app/support_layers/quality/decision_quality_stack.py|docs/99-governance/pr-019-capability-discovery-audit/PR019_ACTIVE_CAPABILITY_CATALOG.json|docs/99-governance/pr-043-p0-batch-05-evidence-closure/PR-043-P0-BATCH-05-EVIDENCE-CLOSURE.md,DISCOVERY_REQUIRED,2026-08-01T09:22:38Z,origin=LOCAL_ONLY;confidence=HIGH;business_keyword_score=7;quality_filtered=true;human_validation=PENDING;full_power_preservation=REQUIRED;pr020_cluster=CLUSTER-075A9C033639FAC0;pr020_feature=Decision quality and risk controls;pr020_verification=PARTIALLY_VERIFIED;human_confirmation=REQUIRED;ui_complete=false;pr021_runtime_service_unverified=AMBIGUOUS_EVIDENCE;pr021_api_contract_unverified=UNRESOLVED;pr021_data_state_unverified=UNRESOLVED;pr021_owner_unassigned=UNRESOLVED;pr021_human_confirmation=REQUIRED;pr021_ui_complete=false;pr022_data_state_unverified=BLOCKED_MOCK_SIGNATURE_PRESENT;pr022_basis=MOCK_SIGNATURE;pr022_human_confirmation=REQUIRED;pr022_ui_complete=false;pr023_machine_status=INCOMPLETE_CHAIN;pr023_missing=REAL_DATA|TEST|UI_CONSUMER;pr023_human_approval=PENDING;pr023_ui_complete=false;pr024_ui_binding=IMPLEMENTED;pr024_endpoint_status=ENDPOINT_AVAILABLE;pr024_states=loading|empty|stale|error|ready;pr024_human_confirmation=REQUIRED;pr024_ui_complete=false;pr025_source_recovery=RECOVERED_FROM_LOCAL;pr025_recovered_paths=backend/app/support_layers/quality/decision_quality_stack.py;pr025_human_review=REQUIRED;pr025_ui_complete=false;pr026_runtime=PENDING;pr026_missing=SERVICE|ENDPOINT|REAL_DATA|CALCULATION|TEST;pr026_human_confirmation=REQUIRED;pr026_ui_complete=false;pr043_batch=B05_SERVICE_ENDPOINT_REAL_DATA;pr043_machine_evidence=CLOSED;pr043_evidence_paths=docs/99-governance/pr-019-capability-discovery-audit/PR019_ACTIVE_CAPABILITY_CATALOG.json;pr043_human_confirmation=REQUIRED;pr043_ui_complete=false
CAP-8189CA8761C9,Dynamic Quality Score,Business or platform capability discovered from dynamic_quality_score in backend/ndsp-live-decision-quality/server.py,backend/ndsp-live-decision-quality/server.py::dynamic_quality_score,ndsp-live-decision-quality.service,GET /api/decision/quality-live|GET /api/decision/quality-live/health|GET /api/decision/quality-live|GET /api/decision/quality-live/health,CSV|JSON,CALCULATED_REAL,PUBLIC,UNMAPPED,DISCOVERY_REQUIRED,SERVICE_CONNECTED,REAL_SNAPSHOT,REVIEW_REQUIRED,backend/ndsp-live-decision-quality/server.py,DISCOVERY_REQUIRED,2026-07-31T22:08:07Z,origin=LOCAL_ONLY;confidence=HIGH;business_keyword_score=9;quality_filtered=true;human_validation=PENDING;full_power_preservation=REQUIRED;pr020_semantic_duplicate_of=CAP-00ED621D6D60;candidate_retained=true;human_confirmation=REQUIRED;ui_complete=false;pr026_runtime=PENDING;pr026_missing=SOURCE|TEST|UI;pr026_human_confirmation=REQUIRED;pr026_ui_complete=false
CAP-1FBA01D3C252,Framework Adapter,API capability discovered at GET /about,backend/services/bot_execution/framework-adapter.cjs,ndsp-bot_execution.service,GET /about,JSON,CALCULATED_REAL,PUBLIC,LANDING,CapabilityProof|LiveMetric|PlatformTimeline,API_CONNECTED,REAL_SNAPSHOT,REVIEW_REQUIRED,backend/services/bot_execution/framework-adapter.cjs,DISCOVERY_REQUIRED,2026-07-31T22:08:07Z,origin=LOCAL_ONLY;confidence=HIGH;frontend_consumers=1;quality_filtered=true;human_validation=PENDING;full_power_preservation=REQUIRED;pr020_cluster=CLUSTER-1331DA2B82D10D74;pr020_feature=Public platform presentation;pr020_verification=PARTIALLY_VERIFIED;human_confirmation=REQUIRED;ui_complete=false;pr021_runtime_service_unverified=EVIDENCE_FOUND_PENDING_HUMAN_CONFIRMATION;pr021_owner_unassigned=UNRESOLVED;pr021_human_confirmation=REQUIRED;pr021_ui_complete=false;pr026_runtime=PENDING;pr026_missing=SOURCE|TEST;pr026_human_confirmation=REQUIRED;pr026_ui_complete=false
CAP-4515D5FBBBF3,Framework Adapter,API capability discovered at GET /about,backend/services/decision_governance_core/framework-adapter.cjs,DISCOVERY_REQUIRED,GET /about,JSON,CALCULATED_REAL,USER_OR_ADMIN,UNMAPPED,backend/framework/tests/framework.test.cjs,UI_PARTIAL,REAL_SNAPSHOT,REVIEW_REQUIRED,backend/services/decision_governance_core/framework-adapter.cjs|docs/99-governance/pr-019-capability-discovery-audit/PR019_ACTIVE_CAPABILITY_CATALOG.json|docs/99-governance/pr-053-p0-batch-15-evidence-closure/PR-053-P0-BATCH-15-EVIDENCE-CLOSURE.md,DISCOVERY_REQUIRED,2026-08-01T10:05:11Z,origin=LOCAL_ONLY;confidence=HIGH;frontend_consumers=1;quality_filtered=true;human_validation=PENDING;full_power_preservation=REQUIRED;pr020_semantic_duplicate_of=CAP-1FBA01D3C252;candidate_retained=true;human_confirmation=REQUIRED;ui_complete=false;pr026_runtime=PENDING;pr026_missing=SOURCE|SERVICE|TEST|UI;pr026_human_confirmation=REQUIRED;pr026_ui_complete=false;pr053_batch=B15_SERVICE_ONLY;pr053_machine_evidence=CLOSED;pr053_evidence_paths=docs/99-governance/pr-019-capability-discovery-audit/PR019_ACTIVE_CAPABILITY_CATALOG.json;pr053_human_confirmation=REQUIRED;pr053_ui_complete=false
CAP-56C562461855,Framework Adapter,API capability discovered at GET /version,backend/services/bot_execution/framework-adapter.cjs,ndsp-bot_execution.service,GET /version,JSON,CALCULATED_REAL,ADMIN,PLATFORM_OPERATIONS,ServiceHealthGrid|RuntimeStatus|GatewayMonitor|BackupPanel,API_CONNECTED,REAL_SNAPSHOT,REVIEW_REQUIRED,backend/services/bot_execution/framework-adapter.cjs,DISCOVERY_REQUIRED,2026-07-31T22:08:07Z,origin=LOCAL_ONLY;confidence=HIGH;frontend_consumers=1;quality_filtered=true;human_validation=PENDING;full_power_preservation=REQUIRED;pr020_cluster=CLUSTER-325036ACDFEA1ED3;pr020_feature=Platform operations and service health;pr020_verification=PARTIALLY_VERIFIED;human_confirmation=REQUIRED;ui_complete=false;pr021_runtime_service_unverified=EVIDENCE_FOUND_PENDING_HUMAN_CONFIRMATION;pr021_owner_unassigned=UNRESOLVED;pr021_human_confirmation=REQUIRED;pr021_ui_complete=false;pr026_runtime=PENDING;pr026_missing=SOURCE|TEST;pr026_human_confirmation=REQUIRED;pr026_ui_complete=false
CAP-A34761515678,Framework Adapter,API capability discovered at GET /version,backend/services/decision_governance_core/framework-adapter.cjs,DISCOVERY_REQUIRED,GET /version,JSON,CALCULATED_REAL,USER_OR_ADMIN,UNMAPPED,backend/framework/tests/framework.test.cjs,UI_PARTIAL,REAL_SNAPSHOT,REVIEW_REQUIRED,backend/services/decision_governance_core/framework-adapter.cjs|docs/99-governance/pr-019-capability-discovery-audit/PR019_ACTIVE_CAPABILITY_CATALOG.json|docs/99-governance/pr-054-p0-batch-16-evidence-closure/PR-054-P0-BATCH-16-EVIDENCE-CLOSURE.md,DISCOVERY_REQUIRED,2026-08-01T10:11:30Z,origin=LOCAL_ONLY;confidence=HIGH;frontend_consumers=1;quality_filtered=true;human_validation=PENDING;full_power_preservation=REQUIRED;pr020_semantic_duplicate_of=CAP-56C562461855;candidate_retained=true;human_confirmation=REQUIRED;ui_complete=false;pr026_runtime=PENDING;pr026_missing=SOURCE|SERVICE|TEST|UI;pr026_human_confirmation=REQUIRED;pr026_ui_complete=false;pr054_batch=B16_SERVICE_ONLY;pr054_machine_evidence=CLOSED;pr054_evidence_paths=docs/99-governance/pr-019-capability-discovery-audit/PR019_ACTIVE_CAPABILITY_CATALOG.json;pr054_human_confirmation=REQUIRED;pr054_ui_complete=false
CAP-D64F1CFB3F24,Framework Adapter,API capability discovered at GET /about,backend/services/completed_decision/framework-adapter.cjs,DISCOVERY_REQUIRED,GET /about,JSON,CALCULATED_REAL,USER_OR_ADMIN,UNMAPPED,backend/framework/tests/framework.test.cjs,UI_PARTIAL,REAL_SNAPSHOT,REVIEW_REQUIRED,backend/services/completed_decision/framework-adapter.cjs|docs/99-governance/pr-019-capability-discovery-audit/PR019_ACTIVE_CAPABILITY_CATALOG.json|docs/99-governance/pr-054-p0-batch-16-evidence-closure/PR-054-P0-BATCH-16-EVIDENCE-CLOSURE.md,DISCOVERY_REQUIRED,2026-08-01T10:11:30Z,origin=LOCAL_ONLY;confidence=HIGH;frontend_consumers=1;quality_filtered=true;human_validation=PENDING;full_power_preservation=REQUIRED;pr020_semantic_duplicate_of=CAP-1FBA01D3C252;candidate_retained=true;human_confirmation=REQUIRED;ui_complete=false;pr026_runtime=PENDING;pr026_missing=SOURCE|SERVICE|TEST|UI;pr026_human_confirmation=REQUIRED;pr026_ui_complete=false;pr054_batch=B16_SERVICE_ONLY;pr054_machine_evidence=CLOSED;pr054_evidence_paths=docs/99-governance/pr-019-capability-discovery-audit/PR019_ACTIVE_CAPABILITY_CATALOG.json;pr054_human_confirmation=REQUIRED;pr054_ui_complete=false
CAP-D93913F10664,Framework Adapter,API capability discovered at GET /version,backend/services/completed_decision/framework-adapter.cjs,DISCOVERY_REQUIRED,GET /version,JSON,CALCULATED_REAL,USER_OR_ADMIN,UNMAPPED,backend/framework/tests/framework.test.cjs,UI_PARTIAL,REAL_SNAPSHOT,REVIEW_REQUIRED,backend/services/completed_decision/framework-adapter.cjs|docs/99-governance/pr-019-capability-discovery-audit/PR019_ACTIVE_CAPABILITY_CATALOG.json|docs/99-governance/pr-054-p0-batch-16-evidence-closure/PR-054-P0-BATCH-16-EVIDENCE-CLOSURE.md,DISCOVERY_REQUIRED,2026-08-01T10:11:30Z,origin=LOCAL_ONLY;confidence=HIGH;frontend_consumers=1;quality_filtered=true;human_validation=PENDING;full_power_preservation=REQUIRED;pr020_semantic_duplicate_of=CAP-56C562461855;candidate_retained=true;human_confirmation=REQUIRED;ui_complete=false;pr026_runtime=PENDING;pr026_missing=SOURCE|SERVICE|TEST|UI;pr026_human_confirmation=REQUIRED;pr026_ui_complete=false;pr054_batch=B16_SERVICE_ONLY;pr054_machine_evidence=CLOSED;pr054_evidence_paths=docs/99-governance/pr-019-capability-discovery-audit/PR019_ACTIVE_CAPABILITY_CATALOG.json;pr054_human_confirmation=REQUIRED;pr054_ui_complete=false
CAP-071618E88E83,Frontend Contract,API capability discovered at GET /me/entitlements,backend/app/api/v1/frontend_contract.py,DISCOVERY_REQUIRED,GET /me/entitlements,UNKNOWN,CALCULATED_REAL,ADMIN,ADMIN_USERS,UsersTable|UserDetailDrawer|RoleBadge|EntitlementPanel,API_CONNECTED,UNKNOWN,REVIEW_REQUIRED,backend/app/api/v1/frontend_contract.py|docs/99-governance/pr-019-capability-discovery-audit/PR019_ACTIVE_CAPABILITY_CATALOG.json|docs/99-governance/pr-048-p0-batch-10-evidence-closure/PR-048-P0-BATCH-10-EVIDENCE-CLOSURE.md,DISCOVERY_REQUIRED,2026-08-01T09:46:38Z,origin=LOCAL_ONLY;confidence=HIGH;frontend_consumers=0;quality_filtered=true;human_validation=PENDING;full_power_preservation=REQUIRED;pr020_cluster=CLUSTER-8E2FC46606546F23;pr020_feature=Admin user management;pr020_verification=PARTIALLY_VERIFIED;human_confirmation=REQUIRED;ui_complete=false;pr021_runtime_service_unverified=AMBIGUOUS_EVIDENCE;pr021_data_state_unverified=UNRESOLVED;pr021_owner_unassigned=UNRESOLVED;pr021_human_confirmation=REQUIRED;pr021_ui_complete=false;pr025_source_recovery=RECOVERED_FROM_LOCAL;pr025_recovered_paths=backend/app/api/v1/frontend_contract.py;pr025_human_review=REQUIRED;pr025_ui_complete=false;pr026_runtime=PENDING;pr026_missing=SERVICE|REAL_DATA|TEST;pr026_human_confirmation=REQUIRED;pr026_ui_complete=false;pr048_batch=B10_SERVICE_REAL_DATA;pr048_machine_evidence=CLOSED;pr048_evidence_paths=docs/99-governance/pr-019-capability-discovery-audit/PR019_ACTIVE_CAPABILITY_CATALOG.json;pr048_human_confirmation=REQUIRED;pr048_ui_complete=false
CAP-0CE111E47411,Frontend Contract,API capability discovered at POST /me/channels/telegram/link,backend/app/api/v1/frontend_contract.py,DISCOVERY_REQUIRED,POST /me/channels/telegram/link,UNKNOWN,CALCULATED_REAL,USER|ADMIN,ALERTS_AND_CHANNELS,AlertCenter|ChannelSettings|RoutingStatus|TestDelivery,API_CONNECTED,UNKNOWN,REVIEW_REQUIRED,backend/app/api/v1/frontend_contract.py|docs/99-governance/pr-019-capability-discovery-audit/PR019_ACTIVE_CAPABILITY_CATALOG.json|docs/99-governance/pr-048-p0-batch-10-evidence-closure/PR-048-P0-BATCH-10-EVIDENCE-CLOSURE.md,DISCOVERY_REQUIRED,2026-08-01T09:46:38Z,origin=LOCAL_ONLY;confidence=HIGH;frontend_consumers=0;quality_filtered=true;human_validation=PENDING;full_power_preservation=REQUIRED;pr020_cluster=CLUSTER-328257E93FCC054C;pr020_feature=Alerts and delivery channels;pr020_verification=PARTIALLY_VERIFIED;human_confirmation=REQUIRED;ui_complete=false;pr021_runtime_service_unverified=AMBIGUOUS_EVIDENCE;pr021_data_state_unverified=UNRESOLVED;pr021_owner_unassigned=UNRESOLVED;pr021_human_confirmation=REQUIRED;pr021_ui_complete=false;pr025_source_recovery=RECOVERED_FROM_LOCAL;pr025_recovered_paths=backend/app/api/v1/frontend_contract.py;pr025_human_review=REQUIRED;pr025_ui_complete=false;pr026_runtime=PENDING;pr026_missing=SERVICE|ENDPOINT|REAL_DATA|TEST;pr026_human_confirmation=REQUIRED;pr026_ui_complete=false;pr048_batch=B10_SERVICE_REAL_DATA;pr048_machine_evidence=CLOSED;pr048_evidence_paths=docs/99-governance/pr-019-capability-discovery-audit/PR019_ACTIVE_CAPABILITY_CATALOG.json;pr048_human_confirmation=REQUIRED;pr048_ui_complete=false
CAP-10D53C6D7918,Frontend Contract,API capability discovered at GET /admin/trials,backend/app/api/v1/frontend_contract.py,DISCOVERY_REQUIRED,GET /admin/trials,UNKNOWN,CALCULATED_REAL,USER|ADMIN,TRIAL_AND_BILLING,TrialCountdown|PlanComparison|UsageMeter|BillingStatus,API_CONNECTED,UNKNOWN,REVIEW_REQUIRED,backend/app/api/v1/frontend_contract.py|docs/99-governance/pr-019-capability-discovery-audit/PR019_ACTIVE_CAPABILITY_CATALOG.json|docs/99-governance/pr-048-p0-batch-10-evidence-closure/PR-048-P0-BATCH-10-EVIDENCE-CLOSURE.md,DISCOVERY_REQUIRED,2026-08-01T09:46:38Z,"origin=LOCAL_ONLY;confidence=HIGH;frontend_consumers=0;quality_filtered=true;human_validation=PENDING;full_power_preservation=REQUIRED;pr020_cluster=CLUSTER-CAAF3729109106A9;pr020_feature=Trial, plans, and billing;pr020_verification=PARTIALLY_VERIFIED;human_confirmation=REQUIRED;ui_complete=false;pr021_runtime_service_unverified=AMBIGUOUS_EVIDENCE;pr021_data_state_unverified=UNRESOLVED;pr021_owner_unassigned=UNRESOLVED;pr021_human_confirmation=REQUIRED;pr021_ui_complete=false;pr022_data_state_unverified=BLOCKED_MOCK_SIGNATURE_PRESENT;pr022_basis=MOCK_SIGNATURE;pr022_human_confirmation=REQUIRED;pr022_ui_complete=false;pr023_machine_status=INCOMPLETE_CHAIN;pr023_missing=REAL_DATA|TEST;pr023_human_approval=PENDING;pr023_ui_complete=false;pr025_source_recovery=RECOVERED_FROM_LOCAL;pr025_recovered_paths=backend/app/api/v1/frontend_contract.py;pr025_human_review=REQUIRED;pr025_ui_complete=false;pr026_runtime=PENDING;pr026_missing=SERVICE|REAL_DATA|TEST;pr026_human_confirmation=REQUIRED;pr026_ui_complete=false;pr048_batch=B10_SERVICE_REAL_DATA;pr048_machine_evidence=CLOSED;pr048_evidence_paths=docs/99-governance/pr-019-capability-discovery-audit/PR019_ACTIVE_CAPABILITY_CATALOG.json;pr048_human_confirmation=REQUIRED;pr048_ui_complete=false"
CAP-11BF5E282765,Frontend Contract,API capability discovered at GET /me/watchlist,backend/app/api/v1/frontend_contract.py,DISCOVERY_REQUIRED,GET /me/watchlist,UNKNOWN,CALCULATED_REAL,ADMIN,CAPABILITY_REVIEW,CapabilityInspector|EvidencePanel,API_CONNECTED,UNKNOWN,REVIEW_REQUIRED,backend/app/api/v1/frontend_contract.py|docs/99-governance/pr-019-capability-discovery-audit/PR019_ACTIVE_CAPABILITY_CATALOG.json|docs/99-governance/pr-048-p0-batch-10-evidence-closure/PR-048-P0-BATCH-10-EVIDENCE-CLOSURE.md,DISCOVERY_REQUIRED,2026-08-01T09:46:38Z,origin=LOCAL_ONLY;confidence=HIGH;frontend_consumers=0;quality_filtered=true;human_validation=PENDING;full_power_preservation=REQUIRED;pr020_cluster=CLUSTER-37970355FCCFFAB3;pr020_feature=Unclassified platform capability;pr020_verification=PARTIALLY_VERIFIED;human_confirmation=REQUIRED;ui_complete=false;pr021_runtime_service_unverified=AMBIGUOUS_EVIDENCE;pr021_data_state_unverified=UNRESOLVED;pr021_owner_unassigned=UNRESOLVED;pr021_human_confirmation=REQUIRED;pr021_ui_complete=false;pr025_source_recovery=RECOVERED_FROM_LOCAL;pr025_recovered_paths=backend/app/api/v1/frontend_contract.py;pr025_human_review=REQUIRED;pr025_ui_complete=false;pr026_runtime=PENDING;pr026_missing=SERVICE|REAL_DATA|TEST;pr026_human_confirmation=REQUIRED;pr026_ui_complete=false;pr048_batch=B10_SERVICE_REAL_DATA;pr048_machine_evidence=CLOSED;pr048_evidence_paths=docs/99-governance/pr-019-capability-discovery-audit/PR019_ACTIVE_CAPABILITY_CATALOG.json;pr048_human_confirmation=REQUIRED;pr048_ui_complete=false
CAP-1736E39D1CE4,Frontend Contract,API capability discovered at POST /auth/magic-link,backend/app/api/v1/frontend_contract.py,DISCOVERY_REQUIRED,POST /auth/magic-link,UNKNOWN,CALCULATED_REAL,PUBLIC|AUTHENTICATED_USER,AUTHENTICATION,AuthForm|TwoFactorStep|SessionStatus|RecoveryFlow,API_CONNECTED,REAL_LIVE,REVIEW_REQUIRED,backend/app/api/v1/frontend_contract.py|docs/99-governance/pr-019-capability-discovery-audit/PR019_ACTIVE_CAPABILITY_CATALOG.json|docs/99-governance/pr-048-p0-batch-10-evidence-closure/PR-048-P0-BATCH-10-EVIDENCE-CLOSURE.md,DISCOVERY_REQUIRED,2026-08-01T09:46:38Z,origin=LOCAL_ONLY;confidence=HIGH;frontend_consumers=0;quality_filtered=true;human_validation=PENDING;full_power_preservation=REQUIRED;pr020_cluster=CLUSTER-40EAC1E50F40B29A;pr020_feature=Authentication and account access;pr020_verification=PARTIALLY_VERIFIED;human_confirmation=REQUIRED;ui_complete=false;pr021_runtime_service_unverified=AMBIGUOUS_EVIDENCE;pr021_data_state_unverified=UNRESOLVED;pr021_owner_unassigned=UNRESOLVED;pr021_human_confirmation=REQUIRED;pr021_ui_complete=false;pr022_data_state_unverified=EVIDENCE_FOUND_PENDING_HUMAN_CONFIRMATION;pr022_basis=DATA_CLIENT_SIGNATURE:CSV|HTTP_API|JSON|POSTGRES|WEBSOCKET;pr022_human_confirmation=REQUIRED;pr022_ui_complete=false;pr025_source_recovery=RECOVERED_FROM_LOCAL;pr025_recovered_paths=backend/app/api/v1/frontend_contract.py;pr025_human_review=REQUIRED;pr025_ui_complete=false;pr026_runtime=PENDING;pr026_missing=SERVICE|ENDPOINT|TEST;pr026_human_confirmation=REQUIRED;pr026_ui_complete=false;pr048_batch=B10_SERVICE_REAL_DATA;pr048_machine_evidence=CLOSED;pr048_evidence_paths=docs/99-governance/pr-019-capability-discovery-audit/PR019_ACTIVE_CAPABILITY_CATALOG.json;pr048_human_confirmation=REQUIRED;pr048_ui_complete=false
CAP-2CC212BF4F8E,Frontend Contract,API capability discovered at DELETE /me/watchlist/{asset_id},backend/app/api/v1/frontend_contract.py,DISCOVERY_REQUIRED,DELETE /me/watchlist/{asset_id},UNKNOWN,CALCULATED_REAL,ADMIN,CAPABILITY_REVIEW,CapabilityInspector|EvidencePanel,API_CONNECTED,UNKNOWN,REVIEW_REQUIRED,backend/app/api/v1/frontend_contract.py|docs/99-governance/pr-019-capability-discovery-audit/PR019_ACTIVE_CAPABILITY_CATALOG.json|docs/99-governance/pr-048-p0-batch-10-evidence-closure/PR-048-P0-BATCH-10-EVIDENCE-CLOSURE.md,DISCOVERY_REQUIRED,2026-08-01T09:46:38Z,origin=LOCAL_ONLY;confidence=HIGH;frontend_consumers=0;quality_filtered=true;human_validation=PENDING;full_power_preservation=REQUIRED;pr020_cluster=CLUSTER-56B06674577E8202;pr020_feature=Unclassified platform capability;pr020_verification=PARTIALLY_VERIFIED;human_confirmation=REQUIRED;ui_complete=false;pr021_runtime_service_unverified=AMBIGUOUS_EVIDENCE;pr021_data_state_unverified=UNRESOLVED;pr021_owner_unassigned=UNRESOLVED;pr021_human_confirmation=REQUIRED;pr021_ui_complete=false;pr025_source_recovery=RECOVERED_FROM_LOCAL;pr025_recovered_paths=backend/app/api/v1/frontend_contract.py;pr025_human_review=REQUIRED;pr025_ui_complete=false;pr026_runtime=PENDING;pr026_missing=SERVICE|ENDPOINT|REAL_DATA|TEST;pr026_human_confirmation=REQUIRED;pr026_ui_complete=false;pr048_batch=B10_SERVICE_REAL_DATA;pr048_machine_evidence=CLOSED;pr048_evidence_paths=docs/99-governance/pr-019-capability-discovery-audit/PR019_ACTIVE_CAPABILITY_CATALOG.json;pr048_human_confirmation=REQUIRED;pr048_ui_complete=false
CAP-2CD69A7EA838,Frontend Contract,API capability discovered at POST /auth/register,backend/app/api/v1/frontend_contract.py,DISCOVERY_REQUIRED,POST /auth/register,UNKNOWN,CALCULATED_REAL,PUBLIC|AUTHENTICATED_USER,AUTHENTICATION,CriticalCapabilitiesPage|CriticalCapabilityPanel,UI_PARTIAL,UNKNOWN,REVIEW_REQUIRED,backend/app/api/v1/frontend_contract.py|docs/99-governance/pr-019-capability-discovery-audit/PR019_ACTIVE_CAPABILITY_CATALOG.json|docs/99-governance/pr-048-p0-batch-10-evidence-closure/PR-048-P0-BATCH-10-EVIDENCE-CLOSURE.md,DISCOVERY_REQUIRED,2026-08-01T09:46:38Z,origin=LOCAL_ONLY;confidence=HIGH;frontend_consumers=0;quality_filtered=true;human_validation=PENDING;full_power_preservation=REQUIRED;pr020_cluster=CLUSTER-3B2D0C744090CBFD;pr020_feature=Authentication and account access;pr020_verification=PARTIALLY_VERIFIED;human_confirmation=REQUIRED;ui_complete=false;pr021_runtime_service_unverified=AMBIGUOUS_EVIDENCE;pr021_data_state_unverified=UNRESOLVED;pr021_owner_unassigned=UNRESOLVED;pr021_human_confirmation=REQUIRED;pr021_ui_complete=false;pr022_data_state_unverified=BLOCKED_MOCK_SIGNATURE_PRESENT;pr022_basis=MOCK_SIGNATURE;pr022_human_confirmation=REQUIRED;pr022_ui_complete=false;pr023_machine_status=INCOMPLETE_CHAIN;pr023_missing=REAL_DATA|TEST|UI_CONSUMER;pr023_human_approval=PENDING;pr023_ui_complete=false;pr024_ui_binding=IMPLEMENTED;pr024_endpoint_status=ENDPOINT_AVAILABLE;pr024_states=loading|empty|stale|error|ready;pr024_human_confirmation=REQUIRED;pr024_ui_complete=false;pr025_source_recovery=RECOVERED_FROM_LOCAL;pr025_recovered_paths=backend/app/api/v1/frontend_contract.py;pr025_human_review=REQUIRED;pr025_ui_complete=false;pr026_runtime=PENDING;pr026_missing=SERVICE|ENDPOINT|REAL_DATA|TEST;pr026_human_confirmation=REQUIRED;pr026_ui_complete=false;pr048_batch=B10_SERVICE_REAL_DATA;pr048_machine_evidence=CLOSED;pr048_evidence_paths=docs/99-governance/pr-019-capability-discovery-audit/PR019_ACTIVE_CAPABILITY_CATALOG.json;pr048_human_confirmation=REQUIRED;pr048_ui_complete=false
CAP-3965B46743DE,Frontend Contract,API capability discovered at POST /admin/registrations/{registration_id}/decision,backend/app/api/v1/frontend_contract.py,DISCOVERY_REQUIRED,POST /admin/registrations/{registration_id}/decision,UNKNOWN,CALCULATED_REAL,USER|ADMIN,DECISION_ROOM,CriticalCapabilitiesPage|CriticalCapabilityPanel,UI_PARTIAL,UNKNOWN,REVIEW_REQUIRED,backend/app/api/v1/frontend_contract.py|docs/99-governance/pr-019-capability-discovery-audit/PR019_ACTIVE_CAPABILITY_CATALOG.json|docs/99-governance/pr-048-p0-batch-10-evidence-closure/PR-048-P0-BATCH-10-EVIDENCE-CLOSURE.md,DISCOVERY_REQUIRED,2026-08-01T09:46:38Z,origin=LOCAL_ONLY;confidence=HIGH;frontend_consumers=0;quality_filtered=true;human_validation=PENDING;full_power_preservation=REQUIRED;pr020_cluster=CLUSTER-64C310B6EDCD42B4;pr020_feature=Decision intelligence workspace;pr020_verification=PARTIALLY_VERIFIED;human_confirmation=REQUIRED;ui_complete=false;pr021_runtime_service_unverified=AMBIGUOUS_EVIDENCE;pr021_data_state_unverified=UNRESOLVED;pr021_owner_unassigned=UNRESOLVED;pr021_human_confirmation=REQUIRED;pr021_ui_complete=false;pr022_data_state_unverified=BLOCKED_MOCK_SIGNATURE_PRESENT;pr022_basis=MOCK_SIGNATURE;pr022_human_confirmation=REQUIRED;pr022_ui_complete=false;pr023_machine_status=INCOMPLETE_CHAIN;pr023_missing=REAL_DATA|UI_CONSUMER;pr023_human_approval=PENDING;pr023_ui_complete=false;pr024_ui_binding=IMPLEMENTED;pr024_endpoint_status=ENDPOINT_AVAILABLE;pr024_states=loading|empty|stale|error|ready;pr024_human_confirmation=REQUIRED;pr024_ui_complete=false;pr025_source_recovery=RECOVERED_FROM_LOCAL;pr025_recovered_paths=backend/app/api/v1/frontend_contract.py;pr025_human_review=REQUIRED;pr025_ui_complete=false;pr026_runtime=PENDING;pr026_missing=SERVICE|ENDPOINT|REAL_DATA|TEST;pr026_human_confirmation=REQUIRED;pr026_ui_complete=false;pr048_batch=B10_SERVICE_REAL_DATA;pr048_machine_evidence=CLOSED;pr048_evidence_paths=docs/99-governance/pr-019-capability-discovery-audit/PR019_ACTIVE_CAPABILITY_CATALOG.json;pr048_human_confirmation=REQUIRED;pr048_ui_complete=false
CAP-4804EA150D2F,Frontend Contract,API capability discovered at GET /brief/today,backend/app/api/v1/frontend_contract.py,DISCOVERY_REQUIRED,GET /brief/today,UNKNOWN,CALCULATED_REAL,ADMIN,CAPABILITY_REVIEW,CapabilityInspector|EvidencePanel,API_CONNECTED,UNKNOWN,REVIEW_REQUIRED,backend/app/api/v1/frontend_contract.py|docs/99-governance/pr-019-capability-discovery-audit/PR019_ACTIVE_CAPABILITY_CATALOG.json|docs/99-governance/pr-048-p0-batch-10-evidence-closure/PR-048-P0-BATCH-10-EVIDENCE-CLOSURE.md,DISCOVERY_REQUIRED,2026-08-01T09:46:38Z,origin=LOCAL_ONLY;confidence=HIGH;frontend_consumers=0;quality_filtered=true;human_validation=PENDING;full_power_preservation=REQUIRED;pr020_cluster=CLUSTER-1B355FCD82516B99;pr020_feature=Unclassified platform capability;pr020_verification=PARTIALLY_VERIFIED;human_confirmation=REQUIRED;ui_complete=false;pr021_runtime_service_unverified=AMBIGUOUS_EVIDENCE;pr021_data_state_unverified=UNRESOLVED;pr021_owner_unassigned=UNRESOLVED;pr021_human_confirmation=REQUIRED;pr021_ui_complete=false;pr025_source_recovery=RECOVERED_FROM_LOCAL;pr025_recovered_paths=backend/app/api/v1/frontend_contract.py;pr025_human_review=REQUIRED;pr025_ui_complete=false;pr026_runtime=PENDING;pr026_missing=SERVICE|REAL_DATA|TEST;pr026_human_confirmation=REQUIRED;pr026_ui_complete=false;pr048_batch=B10_SERVICE_REAL_DATA;pr048_machine_evidence=CLOSED;pr048_evidence_paths=docs/99-governance/pr-019-capability-discovery-audit/PR019_ACTIVE_CAPABILITY_CATALOG.json;pr048_human_confirmation=REQUIRED;pr048_ui_complete=false
CAP-538A80545E29,Frontend Contract,API capability discovered at POST /me/channels/email/test,backend/app/api/v1/frontend_contract.py,DISCOVERY_REQUIRED,POST /me/channels/email/test,UNKNOWN,CALCULATED_REAL,USER|ADMIN,ALERTS_AND_CHANNELS,AlertCenter|ChannelSettings|RoutingStatus|TestDelivery,API_CONNECTED,UNKNOWN,REVIEW_REQUIRED,backend/app/api/v1/frontend_contract.py|docs/99-governance/pr-019-capability-discovery-audit/PR019_ACTIVE_CAPABILITY_CATALOG.json|docs/99-governance/pr-048-p0-batch-10-evidence-closure/PR-048-P0-BATCH-10-EVIDENCE-CLOSURE.md,DISCOVERY_REQUIRED,2026-08-01T09:46:38Z,origin=LOCAL_ONLY;confidence=HIGH;frontend_consumers=0;quality_filtered=true;human_validation=PENDING;full_power_preservation=REQUIRED;pr020_cluster=CLUSTER-67635868736B0665;pr020_feature=Alerts and delivery channels;pr020_verification=PARTIALLY_VERIFIED;human_confirmation=REQUIRED;ui_complete=false;pr021_runtime_service_unverified=AMBIGUOUS_EVIDENCE;pr021_data_state_unverified=UNRESOLVED;pr021_owner_unassigned=UNRESOLVED;pr021_human_confirmation=REQUIRED;pr021_ui_complete=false;pr025_source_recovery=RECOVERED_FROM_LOCAL;pr025_recovered_paths=backend/app/api/v1/frontend_contract.py;pr025_human_review=REQUIRED;pr025_ui_complete=false;pr026_runtime=PENDING;pr026_missing=SERVICE|ENDPOINT|REAL_DATA|TEST;pr026_human_confirmation=REQUIRED;pr026_ui_complete=false;pr048_batch=B10_SERVICE_REAL_DATA;pr048_machine_evidence=CLOSED;pr048_evidence_paths=docs/99-governance/pr-019-capability-discovery-audit/PR019_ACTIVE_CAPABILITY_CATALOG.json;pr048_human_confirmation=REQUIRED;pr048_ui_complete=false
CAP-55015F233F5A,Frontend Contract,API capability discovered at GET /auth/magic-link/verify,backend/app/api/v1/frontend_contract.py,DISCOVERY_REQUIRED,GET /auth/magic-link/verify,UNKNOWN,CALCULATED_REAL,PUBLIC|AUTHENTICATED_USER,AUTHENTICATION,AuthForm|TwoFactorStep|SessionStatus|RecoveryFlow,API_CONNECTED,REAL_LIVE,REVIEW_REQUIRED,backend/app/api/v1/frontend_contract.py|docs/99-governance/pr-019-capability-discovery-audit/PR019_ACTIVE_CAPABILITY_CATALOG.json|docs/99-governance/pr-048-p0-batch-10-evidence-closure/PR-048-P0-BATCH-10-EVIDENCE-CLOSURE.md,DISCOVERY_REQUIRED,2026-08-01T09:46:38Z,origin=LOCAL_ONLY;confidence=HIGH;frontend_consumers=0;quality_filtered=true;human_validation=PENDING;full_power_preservation=REQUIRED;pr020_cluster=CLUSTER-ADEC92F5352C095D;pr020_feature=Authentication and account access;pr020_verification=PARTIALLY_VERIFIED;human_confirmation=REQUIRED;ui_complete=false;pr021_runtime_service_unverified=AMBIGUOUS_EVIDENCE;pr021_data_state_unverified=UNRESOLVED;pr021_owner_unassigned=UNRESOLVED;pr021_human_confirmation=REQUIRED;pr021_ui_complete=false;pr022_data_state_unverified=EVIDENCE_FOUND_PENDING_HUMAN_CONFIRMATION;pr022_basis=DATA_CLIENT_SIGNATURE:CSV|HTTP_API|JSON|POSTGRES|WEBSOCKET;pr022_human_confirmation=REQUIRED;pr022_ui_complete=false;pr025_source_recovery=RECOVERED_FROM_LOCAL;pr025_recovered_paths=backend/app/api/v1/frontend_contract.py;pr025_human_review=REQUIRED;pr025_ui_complete=false;pr026_runtime=PENDING;pr026_missing=SERVICE|TEST;pr026_human_confirmation=REQUIRED;pr026_ui_complete=false;pr048_batch=B10_SERVICE_REAL_DATA;pr048_machine_evidence=CLOSED;pr048_evidence_paths=docs/99-governance/pr-019-capability-discovery-audit/PR019_ACTIVE_CAPABILITY_CATALOG.json;pr048_human_confirmation=REQUIRED;pr048_ui_complete=false
CAP-5B18901D1F22,Frontend Contract,API capability discovered at GET /contract/status,backend/app/api/v1/frontend_contract.py,DISCOVERY_REQUIRED,GET /contract/status,UNKNOWN,CALCULATED_REAL,ADMIN,PLATFORM_OPERATIONS,ServiceHealthGrid|RuntimeStatus|GatewayMonitor|BackupPanel,API_CONNECTED,UNKNOWN,REVIEW_REQUIRED,backend/app/api/v1/frontend_contract.py|docs/99-governance/pr-019-capability-discovery-audit/PR019_ACTIVE_CAPABILITY_CATALOG.json|docs/99-governance/pr-048-p0-batch-10-evidence-closure/PR-048-P0-BATCH-10-EVIDENCE-CLOSURE.md,DISCOVERY_REQUIRED,2026-08-01T09:46:38Z,origin=LOCAL_ONLY;confidence=HIGH;frontend_consumers=0;quality_filtered=true;human_validation=PENDING;full_power_preservation=REQUIRED;pr020_cluster=CLUSTER-73EFBFAE1A55AC95;pr020_feature=Platform operations and service health;pr020_verification=PARTIALLY_VERIFIED;human_confirmation=REQUIRED;ui_complete=false;pr021_runtime_service_unverified=AMBIGUOUS_EVIDENCE;pr021_data_state_unverified=UNRESOLVED;pr021_owner_unassigned=UNRESOLVED;pr021_human_confirmation=REQUIRED;pr021_ui_complete=false;pr025_source_recovery=RECOVERED_FROM_LOCAL;pr025_recovered_paths=backend/app/api/v1/frontend_contract.py;pr025_human_review=REQUIRED;pr025_ui_complete=false;pr026_runtime=PENDING;pr026_missing=SERVICE|REAL_DATA|TEST;pr026_human_confirmation=REQUIRED;pr026_ui_complete=false;pr048_batch=B10_SERVICE_REAL_DATA;pr048_machine_evidence=CLOSED;pr048_evidence_paths=docs/99-governance/pr-019-capability-discovery-audit/PR019_ACTIVE_CAPABILITY_CATALOG.json;pr048_human_confirmation=REQUIRED;pr048_ui_complete=false
CAP-636B50FAED04,Frontend Contract,API capability discovered at GET /me/dashboard,backend/app/api/v1/frontend_contract.py,DISCOVERY_REQUIRED,GET /me/dashboard,UNKNOWN,CALCULATED_REAL,ADMIN,CAPABILITY_REVIEW,CapabilityInspector|EvidencePanel,API_CONNECTED,UNKNOWN,REVIEW_REQUIRED,backend/app/api/v1/frontend_contract.py|docs/99-governance/pr-019-capability-discovery-audit/PR019_ACTIVE_CAPABILITY_CATALOG.json|docs/99-governance/pr-048-p0-batch-10-evidence-closure/PR-048-P0-BATCH-10-EVIDENCE-CLOSURE.md,DISCOVERY_REQUIRED,2026-08-01T09:46:38Z,origin=LOCAL_ONLY;confidence=HIGH;frontend_consumers=0;quality_filtered=true;human_validation=PENDING;full_power_preservation=REQUIRED;pr020_cluster=CLUSTER-0746027563B4F7CB;pr020_feature=Unclassified platform capability;pr020_verification=PARTIALLY_VERIFIED;human_confirmation=REQUIRED;ui_complete=false;pr021_runtime_service_unverified=AMBIGUOUS_EVIDENCE;pr021_data_state_unverified=UNRESOLVED;pr021_owner_unassigned=UNRESOLVED;pr021_human_confirmation=REQUIRED;pr021_ui_complete=false;pr025_source_recovery=RECOVERED_FROM_LOCAL;pr025_recovered_paths=backend/app/api/v1/frontend_contract.py;pr025_human_review=REQUIRED;pr025_ui_complete=false;pr026_runtime=PENDING;pr026_missing=SERVICE|REAL_DATA|TEST;pr026_human_confirmation=REQUIRED;pr026_ui_complete=false;pr048_batch=B10_SERVICE_REAL_DATA;pr048_machine_evidence=CLOSED;pr048_evidence_paths=docs/99-governance/pr-019-capability-discovery-audit/PR019_ACTIVE_CAPABILITY_CATALOG.json;pr048_human_confirmation=REQUIRED;pr048_ui_complete=false
CAP-6F83F74440AE,Frontend Contract,API capability discovered at GET /assets/{asset_id}/decision,backend/app/api/v1/frontend_contract.py,DISCOVERY_REQUIRED,GET /assets/{asset_id}/decision,UNKNOWN,CALCULATED_REAL,USER|ADMIN,DECISION_ROOM,DecisionSummary|SignalPanel|ScenarioMatrix|NarrativeCard,API_CONNECTED,REAL_LIVE,REVIEW_REQUIRED,backend/app/api/v1/frontend_contract.py|docs/99-governance/pr-019-capability-discovery-audit/PR019_ACTIVE_CAPABILITY_CATALOG.json|docs/99-governance/pr-048-p0-batch-10-evidence-closure/PR-048-P0-BATCH-10-EVIDENCE-CLOSURE.md,DISCOVERY_REQUIRED,2026-08-01T09:46:38Z,origin=LOCAL_ONLY;confidence=HIGH;frontend_consumers=0;quality_filtered=true;human_validation=PENDING;full_power_preservation=REQUIRED;pr020_cluster=CLUSTER-566579A5139ED492;pr020_feature=Decision intelligence workspace;pr020_verification=PARTIALLY_VERIFIED;human_confirmation=REQUIRED;ui_complete=false;pr021_runtime_service_unverified=AMBIGUOUS_EVIDENCE;pr021_data_state_unverified=UNRESOLVED;pr021_owner_unassigned=UNRESOLVED;pr021_human_confirmation=REQUIRED;pr021_ui_complete=false;pr022_data_state_unverified=EVIDENCE_FOUND_PENDING_HUMAN_CONFIRMATION;pr022_basis=DATA_CLIENT_SIGNATURE:CSV|HTTP_API|JSON|POSTGRES;pr022_human_confirmation=REQUIRED;pr022_ui_complete=false;pr025_source_recovery=RECOVERED_FROM_LOCAL;pr025_recovered_paths=backend/app/api/v1/frontend_contract.py;pr025_human_review=REQUIRED;pr025_ui_complete=false;pr026_runtime=PENDING;pr026_missing=SERVICE|TEST;pr026_human_confirmation=REQUIRED;pr026_ui_complete=false;pr048_batch=B10_SERVICE_REAL_DATA;pr048_machine_evidence=CLOSED;pr048_evidence_paths=docs/99-governance/pr-019-capability-discovery-audit/PR019_ACTIVE_CAPABILITY_CATALOG.json;pr048_human_confirmation=REQUIRED;pr048_ui_complete=false
CAP-7A9637DD3A75,Frontend Contract,API capability discovered at GET /markets,backend/app/api/v1/frontend_contract.py,DISCOVERY_REQUIRED,GET /markets,UNKNOWN,CALCULATED_REAL,USER|ADMIN,MARKET_INTELLIGENCE,MarketOverview|COTPanel|ForecastChart|IndicatorGrid,API_CONNECTED,REAL_LIVE,REVIEW_REQUIRED,backend/app/api/v1/frontend_contract.py|docs/99-governance/pr-019-capability-discovery-audit/PR019_ACTIVE_CAPABILITY_CATALOG.json|docs/99-governance/pr-048-p0-batch-10-evidence-closure/PR-048-P0-BATCH-10-EVIDENCE-CLOSURE.md,DISCOVERY_REQUIRED,2026-08-01T09:46:38Z,origin=LOCAL_ONLY;confidence=HIGH;frontend_consumers=0;quality_filtered=true;human_validation=PENDING;full_power_preservation=REQUIRED;pr020_cluster=CLUSTER-456F5C0D6EEA8305;pr020_feature=Market and economic intelligence;pr020_verification=PARTIALLY_VERIFIED;human_confirmation=REQUIRED;ui_complete=false;pr021_runtime_service_unverified=AMBIGUOUS_EVIDENCE;pr021_data_state_unverified=UNRESOLVED;pr021_owner_unassigned=UNRESOLVED;pr021_human_confirmation=REQUIRED;pr021_ui_complete=false;pr022_data_state_unverified=EVIDENCE_FOUND_PENDING_HUMAN_CONFIRMATION;pr022_basis=DATA_CLIENT_SIGNATURE:CSV|HTTP_API|JSON|POSTGRES;pr022_human_confirmation=REQUIRED;pr022_ui_complete=false;pr025_source_recovery=RECOVERED_FROM_LOCAL;pr025_recovered_paths=backend/app/api/v1/frontend_contract.py;pr025_human_review=REQUIRED;pr025_ui_complete=false;pr026_runtime=PENDING;pr026_missing=SERVICE|TEST;pr026_human_confirmation=REQUIRED;pr026_ui_complete=false;pr048_batch=B10_SERVICE_REAL_DATA;pr048_machine_evidence=CLOSED;pr048_evidence_paths=docs/99-governance/pr-019-capability-discovery-audit/PR019_ACTIVE_CAPABILITY_CATALOG.json;pr048_human_confirmation=REQUIRED;pr048_ui_complete=false
CAP-862CD297F1FD,Frontend Contract,API capability discovered at POST /auth/forgot,backend/app/api/v1/frontend_contract.py,DISCOVERY_REQUIRED,POST /auth/forgot,UNKNOWN,CALCULATED_REAL,PUBLIC|AUTHENTICATED_USER,AUTHENTICATION,CriticalCapabilitiesPage|CriticalCapabilityPanel,UI_PARTIAL,UNKNOWN,REVIEW_REQUIRED,backend/app/api/v1/frontend_contract.py|docs/99-governance/pr-019-capability-discovery-audit/PR019_ACTIVE_CAPABILITY_CATALOG.json|docs/99-governance/pr-048-p0-batch-10-evidence-closure/PR-048-P0-BATCH-10-EVIDENCE-CLOSURE.md,DISCOVERY_REQUIRED,2026-08-01T09:46:38Z,origin=LOCAL_ONLY;confidence=HIGH;frontend_consumers=3;quality_filtered=true;human_validation=PENDING;full_power_preservation=REQUIRED;pr020_cluster=CLUSTER-E488ABB058037AED;pr020_feature=Authentication and account access;pr020_verification=PARTIALLY_VERIFIED;human_confirmation=REQUIRED;ui_complete=false;pr021_runtime_service_unverified=AMBIGUOUS_EVIDENCE;pr021_data_state_unverified=UNRESOLVED;pr021_owner_unassigned=UNRESOLVED;pr021_human_confirmation=REQUIRED;pr021_ui_complete=false;pr022_data_state_unverified=BLOCKED_MOCK_SIGNATURE_PRESENT;pr022_basis=MOCK_SIGNATURE;pr022_human_confirmation=REQUIRED;pr022_ui_complete=false;pr023_machine_status=INCOMPLETE_CHAIN;pr023_missing=REAL_DATA|TEST|UI_CONSUMER;pr023_human_approval=PENDING;pr023_ui_complete=false;pr024_ui_binding=IMPLEMENTED;pr024_endpoint_status=ENDPOINT_AVAILABLE;pr024_states=loading|empty|stale|error|ready;pr024_human_confirmation=REQUIRED;pr024_ui_complete=false;pr025_source_recovery=RECOVERED_FROM_LOCAL;pr025_recovered_paths=backend/app/api/v1/frontend_contract.py;pr025_human_review=REQUIRED;pr025_ui_complete=false;pr026_runtime=PENDING;pr026_missing=SERVICE|ENDPOINT|REAL_DATA|TEST;pr026_human_confirmation=REQUIRED;pr026_ui_complete=false;pr048_batch=B10_SERVICE_REAL_DATA;pr048_machine_evidence=CLOSED;pr048_evidence_paths=docs/99-governance/pr-019-capability-discovery-audit/PR019_ACTIVE_CAPABILITY_CATALOG.json;pr048_human_confirmation=REQUIRED;pr048_ui_complete=false
CAP-8BCDCDA9FCED,Frontend Contract,API capability discovered at GET /me/alert-prefs,backend/app/api/v1/frontend_contract.py,DISCOVERY_REQUIRED,GET /me/alert-prefs,UNKNOWN,CALCULATED_REAL,USER|ADMIN,ALERTS_AND_CHANNELS,AlertCenter|ChannelSettings|RoutingStatus|TestDelivery,API_CONNECTED,UNKNOWN,REVIEW_REQUIRED,backend/app/api/v1/frontend_contract.py|docs/99-governance/pr-019-capability-discovery-audit/PR019_ACTIVE_CAPABILITY_CATALOG.json|docs/99-governance/pr-048-p0-batch-10-evidence-closure/PR-048-P0-BATCH-10-EVIDENCE-CLOSURE.md,DISCOVERY_REQUIRED,2026-08-01T09:46:38Z,origin=LOCAL_ONLY;confidence=HIGH;frontend_consumers=0;quality_filtered=true;human_validation=PENDING;full_power_preservation=REQUIRED;pr020_cluster=CLUSTER-F3A2BBEC8AF03293;pr020_feature=Alerts and delivery channels;pr020_verification=PARTIALLY_VERIFIED;human_confirmation=REQUIRED;ui_complete=false;pr021_runtime_service_unverified=AMBIGUOUS_EVIDENCE;pr021_data_state_unverified=UNRESOLVED;pr021_owner_unassigned=UNRESOLVED;pr021_human_confirmation=REQUIRED;pr021_ui_complete=false;pr025_source_recovery=RECOVERED_FROM_LOCAL;pr025_recovered_paths=backend/app/api/v1/frontend_contract.py;pr025_human_review=REQUIRED;pr025_ui_complete=false;pr026_runtime=PENDING;pr026_missing=SERVICE|REAL_DATA|TEST;pr026_human_confirmation=REQUIRED;pr026_ui_complete=false;pr048_batch=B10_SERVICE_REAL_DATA;pr048_machine_evidence=CLOSED;pr048_evidence_paths=docs/99-governance/pr-019-capability-discovery-audit/PR019_ACTIVE_CAPABILITY_CATALOG.json;pr048_human_confirmation=REQUIRED;pr048_ui_complete=false
CAP-8BFCC7DDCBE0,Frontend Contract,API capability discovered at POST /admin/payments/{payment_id}/approve,backend/app/api/v1/frontend_contract.py,DISCOVERY_REQUIRED,POST /admin/payments/{payment_id}/approve,UNKNOWN,CALCULATED_REAL,USER|ADMIN,TRIAL_AND_BILLING,TrialCountdown|PlanComparison|UsageMeter|BillingStatus,API_CONNECTED,UNKNOWN,REVIEW_REQUIRED,backend/app/api/v1/frontend_contract.py|docs/99-governance/pr-019-capability-discovery-audit/PR019_ACTIVE_CAPABILITY_CATALOG.json|docs/99-governance/pr-048-p0-batch-10-evidence-closure/PR-048-P0-BATCH-10-EVIDENCE-CLOSURE.md,DISCOVERY_REQUIRED,2026-08-01T09:46:38Z,"origin=LOCAL_ONLY;confidence=HIGH;frontend_consumers=0;quality_filtered=true;human_validation=PENDING;full_power_preservation=REQUIRED;pr020_cluster=CLUSTER-A84405A7F2E6BD0A;pr020_feature=Trial, plans, and billing;pr020_verification=PARTIALLY_VERIFIED;human_confirmation=REQUIRED;ui_complete=false;pr021_runtime_service_unverified=AMBIGUOUS_EVIDENCE;pr021_data_state_unverified=UNRESOLVED;pr021_owner_unassigned=UNRESOLVED;pr021_human_confirmation=REQUIRED;pr021_ui_complete=false;pr022_data_state_unverified=BLOCKED_MOCK_SIGNATURE_PRESENT;pr022_basis=MOCK_SIGNATURE;pr022_human_confirmation=REQUIRED;pr022_ui_complete=false;pr023_machine_status=INCOMPLETE_CHAIN;pr023_missing=REAL_DATA|TEST;pr023_human_approval=PENDING;pr023_ui_complete=false;pr025_source_recovery=RECOVERED_FROM_LOCAL;pr025_recovered_paths=backend/app/api/v1/frontend_contract.py;pr025_human_review=REQUIRED;pr025_ui_complete=false;pr026_runtime=PENDING;pr026_missing=SERVICE|ENDPOINT|REAL_DATA|TEST;pr026_human_confirmation=REQUIRED;pr026_ui_complete=false;pr048_batch=B10_SERVICE_REAL_DATA;pr048_machine_evidence=CLOSED;pr048_evidence_paths=docs/99-governance/pr-019-capability-discovery-audit/PR019_ACTIVE_CAPABILITY_CATALOG.json;pr048_human_confirmation=REQUIRED;pr048_ui_complete=false"
CAP-931E56E35D55,Frontend Contract,API capability discovered at POST /me/channels/telegram/verify,backend/app/api/v1/frontend_contract.py,DISCOVERY_REQUIRED,POST /me/channels/telegram/verify,UNKNOWN,CALCULATED_REAL,USER|ADMIN,ALERTS_AND_CHANNELS,AlertCenter|ChannelSettings|RoutingStatus|TestDelivery,API_CONNECTED,UNKNOWN,REVIEW_REQUIRED,backend/app/api/v1/frontend_contract.py|docs/99-governance/pr-019-capability-discovery-audit/PR019_ACTIVE_CAPABILITY_CATALOG.json|docs/99-governance/pr-048-p0-batch-10-evidence-closure/PR-048-P0-BATCH-10-EVIDENCE-CLOSURE.md,DISCOVERY_REQUIRED,2026-08-01T09:46:38Z,origin=LOCAL_ONLY;confidence=HIGH;frontend_consumers=0;quality_filtered=true;human_validation=PENDING;full_power_preservation=REQUIRED;pr020_cluster=CLUSTER-ABFFD4E1F0B0E15D;pr020_feature=Alerts and delivery channels;pr020_verification=PARTIALLY_VERIFIED;human_confirmation=REQUIRED;ui_complete=false;pr021_runtime_service_unverified=AMBIGUOUS_EVIDENCE;pr021_data_state_unverified=UNRESOLVED;pr021_owner_unassigned=UNRESOLVED;pr021_human_confirmation=REQUIRED;pr021_ui_complete=false;pr025_source_recovery=RECOVERED_FROM_LOCAL;pr025_recovered_paths=backend/app/api/v1/frontend_contract.py;pr025_human_review=REQUIRED;pr025_ui_complete=false;pr026_runtime=PENDING;pr026_missing=SERVICE|ENDPOINT|REAL_DATA|TEST;pr026_human_confirmation=REQUIRED;pr026_ui_complete=false;pr048_batch=B10_SERVICE_REAL_DATA;pr048_machine_evidence=CLOSED;pr048_evidence_paths=docs/99-governance/pr-019-capability-discovery-audit/PR019_ACTIVE_CAPABILITY_CATALOG.json;pr048_human_confirmation=REQUIRED;pr048_ui_complete=false
CAP-9F3B6AAA223B,Frontend Contract,API capability discovered at POST /admin/payments/{payment_id}/reject,backend/app/api/v1/frontend_contract.py,DISCOVERY_REQUIRED,POST /admin/payments/{payment_id}/reject,UNKNOWN,CALCULATED_REAL,USER|ADMIN,TRIAL_AND_BILLING,TrialCountdown|PlanComparison|UsageMeter|BillingStatus,API_CONNECTED,UNKNOWN,REVIEW_REQUIRED,backend/app/api/v1/frontend_contract.py|docs/99-governance/pr-019-capability-discovery-audit/PR019_ACTIVE_CAPABILITY_CATALOG.json|docs/99-governance/pr-048-p0-batch-10-evidence-closure/PR-048-P0-BATCH-10-EVIDENCE-CLOSURE.md,DISCOVERY_REQUIRED,2026-08-01T09:46:38Z,"origin=LOCAL_ONLY;confidence=HIGH;frontend_consumers=0;quality_filtered=true;human_validation=PENDING;full_power_preservation=REQUIRED;pr020_cluster=CLUSTER-DA5230BF722A7C44;pr020_feature=Trial, plans, and billing;pr020_verification=PARTIALLY_VERIFIED;human_confirmation=REQUIRED;ui_complete=false;pr021_runtime_service_unverified=AMBIGUOUS_EVIDENCE;pr021_data_state_unverified=UNRESOLVED;pr021_owner_unassigned=UNRESOLVED;pr021_human_confirmation=REQUIRED;pr021_ui_complete=false;pr022_data_state_unverified=BLOCKED_MOCK_SIGNATURE_PRESENT;pr022_basis=MOCK_SIGNATURE;pr022_human_confirmation=REQUIRED;pr022_ui_complete=false;pr023_machine_status=INCOMPLETE_CHAIN;pr023_missing=REAL_DATA|TEST;pr023_human_approval=PENDING;pr023_ui_complete=false;pr025_source_recovery=RECOVERED_FROM_LOCAL;pr025_recovered_paths=backend/app/api/v1/frontend_contract.py;pr025_human_review=REQUIRED;pr025_ui_complete=false;pr026_runtime=PENDING;pr026_missing=SERVICE|ENDPOINT|REAL_DATA|TEST;pr026_human_confirmation=REQUIRED;pr026_ui_complete=false;pr048_batch=B10_SERVICE_REAL_DATA;pr048_machine_evidence=CLOSED;pr048_evidence_paths=docs/99-governance/pr-019-capability-discovery-audit/PR019_ACTIVE_CAPABILITY_CATALOG.json;pr048_human_confirmation=REQUIRED;pr048_ui_complete=false"
CAP-A57ECAABD0D2,Frontend Contract,API capability discovered at GET /assets,backend/app/api/v1/frontend_contract.py,DISCOVERY_REQUIRED,GET /assets,UNKNOWN,CALCULATED_REAL,ADMIN,CAPABILITY_REVIEW,CapabilityInspector|EvidencePanel,API_CONNECTED,UNKNOWN,REVIEW_REQUIRED,backend/app/api/v1/frontend_contract.py|docs/99-governance/pr-019-capability-discovery-audit/PR019_ACTIVE_CAPABILITY_CATALOG.json|docs/99-governance/pr-048-p0-batch-10-evidence-closure/PR-048-P0-BATCH-10-EVIDENCE-CLOSURE.md,DISCOVERY_REQUIRED,2026-08-01T09:46:38Z,origin=LOCAL_ONLY;confidence=HIGH;frontend_consumers=1;quality_filtered=true;human_validation=PENDING;full_power_preservation=REQUIRED;pr020_cluster=CLUSTER-43E988AB222E55F2;pr020_feature=Unclassified platform capability;pr020_verification=PARTIALLY_VERIFIED;human_confirmation=REQUIRED;ui_complete=false;pr021_runtime_service_unverified=AMBIGUOUS_EVIDENCE;pr021_data_state_unverified=UNRESOLVED;pr021_owner_unassigned=UNRESOLVED;pr021_human_confirmation=REQUIRED;pr021_ui_complete=false;pr025_source_recovery=RECOVERED_FROM_LOCAL;pr025_recovered_paths=backend/app/api/v1/frontend_contract.py;pr025_human_review=REQUIRED;pr025_ui_complete=false;pr026_runtime=PENDING;pr026_missing=SERVICE|REAL_DATA|TEST;pr026_human_confirmation=REQUIRED;pr026_ui_complete=false;pr048_batch=B10_SERVICE_REAL_DATA;pr048_machine_evidence=CLOSED;pr048_evidence_paths=docs/99-governance/pr-019-capability-discovery-audit/PR019_ACTIVE_CAPABILITY_CATALOG.json;pr048_human_confirmation=REQUIRED;pr048_ui_complete=false
CAP-A5C181808EF6,Frontend Contract,API capability discovered at POST /auth/2fa/verify,backend/app/api/v1/frontend_contract.py,DISCOVERY_REQUIRED,POST /auth/2fa/verify,UNKNOWN,CALCULATED_REAL,PUBLIC|AUTHENTICATED_USER,AUTHENTICATION,AuthForm|TwoFactorStep|SessionStatus|RecoveryFlow,API_CONNECTED,REAL_LIVE,REVIEW_REQUIRED,backend/app/api/v1/frontend_contract.py|docs/99-governance/pr-019-capability-discovery-audit/PR019_ACTIVE_CAPABILITY_CATALOG.json|docs/99-governance/pr-049-p0-batch-11-evidence-closure/PR-049-P0-BATCH-11-EVIDENCE-CLOSURE.md,DISCOVERY_REQUIRED,2026-08-01T09:50:41Z,origin=LOCAL_ONLY;confidence=HIGH;frontend_consumers=0;quality_filtered=true;human_validation=PENDING;full_power_preservation=REQUIRED;pr020_cluster=CLUSTER-0AFD7CA382703AB5;pr020_feature=Authentication and account access;pr020_verification=PARTIALLY_VERIFIED;human_confirmation=REQUIRED;ui_complete=false;pr021_runtime_service_unverified=AMBIGUOUS_EVIDENCE;pr021_data_state_unverified=UNRESOLVED;pr021_owner_unassigned=UNRESOLVED;pr021_human_confirmation=REQUIRED;pr021_ui_complete=false;pr022_data_state_unverified=EVIDENCE_FOUND_PENDING_HUMAN_CONFIRMATION;pr022_basis=DATA_CLIENT_SIGNATURE:CSV|HTTP_API|JSON|POSTGRES|WEBSOCKET;pr022_human_confirmation=REQUIRED;pr022_ui_complete=false;pr025_source_recovery=RECOVERED_FROM_LOCAL;pr025_recovered_paths=backend/app/api/v1/frontend_contract.py;pr025_human_review=REQUIRED;pr025_ui_complete=false;pr026_runtime=PENDING;pr026_missing=SERVICE|ENDPOINT|TEST;pr026_human_confirmation=REQUIRED;pr026_ui_complete=false;pr049_batch=B11_SERVICE_REAL_DATA;pr049_machine_evidence=CLOSED;pr049_evidence_paths=docs/99-governance/pr-019-capability-discovery-audit/PR019_ACTIVE_CAPABILITY_CATALOG.json;pr049_human_confirmation=REQUIRED;pr049_ui_complete=false
CAP-B167184CBF84,Frontend Contract,API capability discovered at POST /me/watchlist,backend/app/api/v1/frontend_contract.py,DISCOVERY_REQUIRED,POST /me/watchlist,UNKNOWN,CALCULATED_REAL,ADMIN,CAPABILITY_REVIEW,CapabilityInspector|EvidencePanel,API_CONNECTED,UNKNOWN,REVIEW_REQUIRED,backend/app/api/v1/frontend_contract.py|docs/99-governance/pr-019-capability-discovery-audit/PR019_ACTIVE_CAPABILITY_CATALOG.json|docs/99-governance/pr-049-p0-batch-11-evidence-closure/PR-049-P0-BATCH-11-EVIDENCE-CLOSURE.md,DISCOVERY_REQUIRED,2026-08-01T09:50:41Z,origin=LOCAL_ONLY;confidence=HIGH;frontend_consumers=0;quality_filtered=true;human_validation=PENDING;full_power_preservation=REQUIRED;pr020_cluster=CLUSTER-3DB2CA2224CCB065;pr020_feature=Unclassified platform capability;pr020_verification=PARTIALLY_VERIFIED;human_confirmation=REQUIRED;ui_complete=false;pr021_runtime_service_unverified=AMBIGUOUS_EVIDENCE;pr021_data_state_unverified=UNRESOLVED;pr021_owner_unassigned=UNRESOLVED;pr021_human_confirmation=REQUIRED;pr021_ui_complete=false;pr025_source_recovery=RECOVERED_FROM_LOCAL;pr025_recovered_paths=backend/app/api/v1/frontend_contract.py;pr025_human_review=REQUIRED;pr025_ui_complete=false;pr026_runtime=PENDING;pr026_missing=SERVICE|ENDPOINT|REAL_DATA|TEST;pr026_human_confirmation=REQUIRED;pr026_ui_complete=false;pr049_batch=B11_SERVICE_REAL_DATA;pr049_machine_evidence=CLOSED;pr049_evidence_paths=docs/99-governance/pr-019-capability-discovery-audit/PR019_ACTIVE_CAPABILITY_CATALOG.json;pr049_human_confirmation=REQUIRED;pr049_ui_complete=false
CAP-B81607E6BCDB,Frontend Contract,API capability discovered at GET /admin/health,backend/app/api/v1/frontend_contract.py,DISCOVERY_REQUIRED,GET /admin/health,UNKNOWN,CALCULATED_REAL,ADMIN,PLATFORM_OPERATIONS,ServiceHealthGrid|RuntimeStatus|GatewayMonitor|BackupPanel,API_CONNECTED,UNKNOWN,REVIEW_REQUIRED,backend/app/api/v1/frontend_contract.py|docs/99-governance/pr-019-capability-discovery-audit/PR019_ACTIVE_CAPABILITY_CATALOG.json|docs/99-governance/pr-049-p0-batch-11-evidence-closure/PR-049-P0-BATCH-11-EVIDENCE-CLOSURE.md,DISCOVERY_REQUIRED,2026-08-01T09:50:41Z,origin=LOCAL_ONLY;confidence=HIGH;frontend_consumers=0;quality_filtered=true;human_validation=PENDING;full_power_preservation=REQUIRED;pr020_cluster=CLUSTER-B3B8D85FAFE3D708;pr020_feature=Platform operations and service health;pr020_verification=PARTIALLY_VERIFIED;human_confirmation=REQUIRED;ui_complete=false;pr021_runtime_service_unverified=AMBIGUOUS_EVIDENCE;pr021_data_state_unverified=UNRESOLVED;pr021_owner_unassigned=UNRESOLVED;pr021_human_confirmation=REQUIRED;pr021_ui_complete=false;pr025_source_recovery=RECOVERED_FROM_LOCAL;pr025_recovered_paths=backend/app/api/v1/frontend_contract.py;pr025_human_review=REQUIRED;pr025_ui_complete=false;pr026_runtime=PENDING;pr026_missing=SERVICE|REAL_DATA|TEST;pr026_human_confirmation=REQUIRED;pr026_ui_complete=false;pr049_batch=B11_SERVICE_REAL_DATA;pr049_machine_evidence=CLOSED;pr049_evidence_paths=docs/99-governance/pr-019-capability-discovery-audit/PR019_ACTIVE_CAPABILITY_CATALOG.json;pr049_human_confirmation=REQUIRED;pr049_ui_complete=false
CAP-BD19C45FECD0,Frontend Contract,API capability discovered at POST /payments/checkout,backend/app/api/v1/frontend_contract.py,DISCOVERY_REQUIRED,POST /payments/checkout,UNKNOWN,CALCULATED_REAL,USER|ADMIN,TRIAL_AND_BILLING,TrialCountdown|PlanComparison|UsageMeter|BillingStatus,API_CONNECTED,REAL_LIVE,REVIEW_REQUIRED,backend/app/api/v1/frontend_contract.py|docs/99-governance/pr-019-capability-discovery-audit/PR019_ACTIVE_CAPABILITY_CATALOG.json|docs/99-governance/pr-049-p0-batch-11-evidence-closure/PR-049-P0-BATCH-11-EVIDENCE-CLOSURE.md,DISCOVERY_REQUIRED,2026-08-01T09:50:41Z,"origin=LOCAL_ONLY;confidence=HIGH;frontend_consumers=0;quality_filtered=true;human_validation=PENDING;full_power_preservation=REQUIRED;pr020_cluster=CLUSTER-75F9D184F9AFE542;pr020_feature=Trial, plans, and billing;pr020_verification=PARTIALLY_VERIFIED;human_confirmation=REQUIRED;ui_complete=false;pr021_runtime_service_unverified=AMBIGUOUS_EVIDENCE;pr021_data_state_unverified=UNRESOLVED;pr021_owner_unassigned=UNRESOLVED;pr021_human_confirmation=REQUIRED;pr021_ui_complete=false;pr022_data_state_unverified=EVIDENCE_FOUND_PENDING_HUMAN_CONFIRMATION;pr022_basis=DATA_CLIENT_SIGNATURE:CSV|HTTP_API|JSON|POSTGRES;pr022_human_confirmation=REQUIRED;pr022_ui_complete=false;pr025_source_recovery=RECOVERED_FROM_LOCAL;pr025_recovered_paths=backend/app/api/v1/frontend_contract.py;pr025_human_review=REQUIRED;pr025_ui_complete=false;pr026_runtime=PENDING;pr026_missing=SERVICE|ENDPOINT|TEST;pr026_human_confirmation=REQUIRED;pr026_ui_complete=false;pr049_batch=B11_SERVICE_REAL_DATA;pr049_machine_evidence=CLOSED;pr049_evidence_paths=docs/99-governance/pr-019-capability-discovery-audit/PR019_ACTIVE_CAPABILITY_CATALOG.json;pr049_human_confirmation=REQUIRED;pr049_ui_complete=false"
CAP-C250957D114F,Frontend Contract,API capability discovered at GET /account/trial,backend/app/api/v1/frontend_contract.py,DISCOVERY_REQUIRED,GET /account/trial,UNKNOWN,CALCULATED_REAL,USER|ADMIN,TRIAL_AND_BILLING,TrialCountdown|PlanComparison|UsageMeter|BillingStatus,API_CONNECTED,REAL_LIVE,REVIEW_REQUIRED,backend/app/api/v1/frontend_contract.py|docs/99-governance/pr-019-capability-discovery-audit/PR019_ACTIVE_CAPABILITY_CATALOG.json|docs/99-governance/pr-049-p0-batch-11-evidence-closure/PR-049-P0-BATCH-11-EVIDENCE-CLOSURE.md,DISCOVERY_REQUIRED,2026-08-01T09:50:41Z,"origin=LOCAL_ONLY;confidence=HIGH;frontend_consumers=0;quality_filtered=true;human_validation=PENDING;full_power_preservation=REQUIRED;pr020_cluster=CLUSTER-0AB1FDCBBD5FA5E8;pr020_feature=Trial, plans, and billing;pr020_verification=PARTIALLY_VERIFIED;human_confirmation=REQUIRED;ui_complete=false;pr021_runtime_service_unverified=AMBIGUOUS_EVIDENCE;pr021_data_state_unverified=UNRESOLVED;pr021_owner_unassigned=UNRESOLVED;pr021_human_confirmation=REQUIRED;pr021_ui_complete=false;pr022_data_state_unverified=EVIDENCE_FOUND_PENDING_HUMAN_CONFIRMATION;pr022_basis=DATA_CLIENT_SIGNATURE:CSV|HTTP_API|JSON|POSTGRES;pr022_human_confirmation=REQUIRED;pr022_ui_complete=false;pr025_source_recovery=RECOVERED_FROM_LOCAL;pr025_recovered_paths=backend/app/api/v1/frontend_contract.py;pr025_human_review=REQUIRED;pr025_ui_complete=false;pr026_runtime=PENDING;pr026_missing=SERVICE|TEST;pr026_human_confirmation=REQUIRED;pr026_ui_complete=false;pr049_batch=B11_SERVICE_REAL_DATA;pr049_machine_evidence=CLOSED;pr049_evidence_paths=docs/99-governance/pr-019-capability-discovery-audit/PR019_ACTIVE_CAPABILITY_CATALOG.json;pr049_human_confirmation=REQUIRED;pr049_ui_complete=false"
CAP-C514A0947E28,Frontend Contract,API capability discovered at GET /me/subscription,backend/app/api/v1/frontend_contract.py,DISCOVERY_REQUIRED,GET /me/subscription,UNKNOWN,CALCULATED_REAL,USER|ADMIN,TRIAL_AND_BILLING,TrialCountdown|PlanComparison|UsageMeter|BillingStatus,API_CONNECTED,REAL_LIVE,REVIEW_REQUIRED,backend/app/api/v1/frontend_contract.py|docs/99-governance/pr-019-capability-discovery-audit/PR019_ACTIVE_CAPABILITY_CATALOG.json|docs/99-governance/pr-049-p0-batch-11-evidence-closure/PR-049-P0-BATCH-11-EVIDENCE-CLOSURE.md,DISCOVERY_REQUIRED,2026-08-01T09:50:41Z,"origin=LOCAL_ONLY;confidence=HIGH;frontend_consumers=0;quality_filtered=true;human_validation=PENDING;full_power_preservation=REQUIRED;pr020_cluster=CLUSTER-FBE574887ED479BC;pr020_feature=Trial, plans, and billing;pr020_verification=PARTIALLY_VERIFIED;human_confirmation=REQUIRED;ui_complete=false;pr021_runtime_service_unverified=AMBIGUOUS_EVIDENCE;pr021_data_state_unverified=UNRESOLVED;pr021_owner_unassigned=UNRESOLVED;pr021_human_confirmation=REQUIRED;pr021_ui_complete=false;pr022_data_state_unverified=EVIDENCE_FOUND_PENDING_HUMAN_CONFIRMATION;pr022_basis=DATA_CLIENT_SIGNATURE:CSV|HTTP_API|JSON|POSTGRES;pr022_human_confirmation=REQUIRED;pr022_ui_complete=false;pr025_source_recovery=RECOVERED_FROM_LOCAL;pr025_recovered_paths=backend/app/api/v1/frontend_contract.py;pr025_human_review=REQUIRED;pr025_ui_complete=false;pr026_runtime=PENDING;pr026_missing=SERVICE|TEST;pr026_human_confirmation=REQUIRED;pr026_ui_complete=false;pr049_batch=B11_SERVICE_REAL_DATA;pr049_machine_evidence=CLOSED;pr049_evidence_paths=docs/99-governance/pr-019-capability-discovery-audit/PR019_ACTIVE_CAPABILITY_CATALOG.json;pr049_human_confirmation=REQUIRED;pr049_ui_complete=false"
CAP-C8C94E7A8122,Frontend Contract,API capability discovered at POST /auth/login,backend/app/api/v1/frontend_contract.py,DISCOVERY_REQUIRED,POST /auth/login,UNKNOWN,CALCULATED_REAL,PUBLIC|AUTHENTICATED_USER,AUTHENTICATION,CriticalCapabilitiesPage|CriticalCapabilityPanel,UI_PARTIAL,UNKNOWN,REVIEW_REQUIRED,backend/app/api/v1/frontend_contract.py|docs/99-governance/pr-019-capability-discovery-audit/PR019_ACTIVE_CAPABILITY_CATALOG.json|docs/99-governance/pr-049-p0-batch-11-evidence-closure/PR-049-P0-BATCH-11-EVIDENCE-CLOSURE.md,DISCOVERY_REQUIRED,2026-08-01T09:50:41Z,origin=LOCAL_ONLY;confidence=HIGH;frontend_consumers=6;quality_filtered=true;human_validation=PENDING;full_power_preservation=REQUIRED;pr020_cluster=CLUSTER-A4184781CB31473F;pr020_feature=Authentication and account access;pr020_verification=PARTIALLY_VERIFIED;human_confirmation=REQUIRED;ui_complete=false;pr021_runtime_service_unverified=AMBIGUOUS_EVIDENCE;pr021_data_state_unverified=UNRESOLVED;pr021_owner_unassigned=UNRESOLVED;pr021_human_confirmation=REQUIRED;pr021_ui_complete=false;pr022_data_state_unverified=BLOCKED_MOCK_SIGNATURE_PRESENT;pr022_basis=MOCK_SIGNATURE;pr022_human_confirmation=REQUIRED;pr022_ui_complete=false;pr023_machine_status=INCOMPLETE_CHAIN;pr023_missing=REAL_DATA|TEST|UI_CONSUMER;pr023_human_approval=PENDING;pr023_ui_complete=false;pr024_ui_binding=IMPLEMENTED;pr024_endpoint_status=ENDPOINT_AVAILABLE;pr024_states=loading|empty|stale|error|ready;pr024_human_confirmation=REQUIRED;pr024_ui_complete=false;pr025_source_recovery=RECOVERED_FROM_LOCAL;pr025_recovered_paths=backend/app/api/v1/frontend_contract.py;pr025_human_review=REQUIRED;pr025_ui_complete=false;pr026_runtime=PENDING;pr026_missing=SERVICE|ENDPOINT|REAL_DATA|TEST;pr026_human_confirmation=REQUIRED;pr026_ui_complete=false;pr049_batch=B11_SERVICE_REAL_DATA;pr049_machine_evidence=CLOSED;pr049_evidence_paths=docs/99-governance/pr-019-capability-discovery-audit/PR019_ACTIVE_CAPABILITY_CATALOG.json;pr049_human_confirmation=REQUIRED;pr049_ui_complete=false
CAP-C95B03AE5FFB,Frontend Contract,API capability discovered at POST /account/activate,backend/app/api/v1/frontend_contract.py,DISCOVERY_REQUIRED,POST /account/activate,UNKNOWN,CALCULATED_REAL,ADMIN,CAPABILITY_REVIEW,CapabilityInspector|EvidencePanel,API_CONNECTED,UNKNOWN,REVIEW_REQUIRED,backend/app/api/v1/frontend_contract.py|docs/99-governance/pr-019-capability-discovery-audit/PR019_ACTIVE_CAPABILITY_CATALOG.json|docs/99-governance/pr-049-p0-batch-11-evidence-closure/PR-049-P0-BATCH-11-EVIDENCE-CLOSURE.md,DISCOVERY_REQUIRED,2026-08-01T09:50:41Z,origin=LOCAL_ONLY;confidence=HIGH;frontend_consumers=0;quality_filtered=true;human_validation=PENDING;full_power_preservation=REQUIRED;pr020_cluster=CLUSTER-1C0006D0FCDB7718;pr020_feature=Unclassified platform capability;pr020_verification=PARTIALLY_VERIFIED;human_confirmation=REQUIRED;ui_complete=false;pr021_runtime_service_unverified=AMBIGUOUS_EVIDENCE;pr021_data_state_unverified=UNRESOLVED;pr021_owner_unassigned=UNRESOLVED;pr021_human_confirmation=REQUIRED;pr021_ui_complete=false;pr025_source_recovery=RECOVERED_FROM_LOCAL;pr025_recovered_paths=backend/app/api/v1/frontend_contract.py;pr025_human_review=REQUIRED;pr025_ui_complete=false;pr026_runtime=PENDING;pr026_missing=SERVICE|ENDPOINT|REAL_DATA|TEST;pr026_human_confirmation=REQUIRED;pr026_ui_complete=false;pr049_batch=B11_SERVICE_REAL_DATA;pr049_machine_evidence=CLOSED;pr049_evidence_paths=docs/99-governance/pr-019-capability-discovery-audit/PR019_ACTIVE_CAPABILITY_CATALOG.json;pr049_human_confirmation=REQUIRED;pr049_ui_complete=false
CAP-D0B86CD5E331,Frontend Contract,API capability discovered at POST /auth/reset,backend/app/api/v1/frontend_contract.py,DISCOVERY_REQUIRED,POST /auth/reset,UNKNOWN,CALCULATED_REAL,PUBLIC|AUTHENTICATED_USER,AUTHENTICATION,CriticalCapabilitiesPage|CriticalCapabilityPanel,UI_PARTIAL,UNKNOWN,REVIEW_REQUIRED,backend/app/api/v1/frontend_contract.py|docs/99-governance/pr-019-capability-discovery-audit/PR019_ACTIVE_CAPABILITY_CATALOG.json|docs/99-governance/pr-049-p0-batch-11-evidence-closure/PR-049-P0-BATCH-11-EVIDENCE-CLOSURE.md,DISCOVERY_REQUIRED,2026-08-01T09:50:41Z,origin=LOCAL_ONLY;confidence=HIGH;frontend_consumers=1;quality_filtered=true;human_validation=PENDING;full_power_preservation=REQUIRED;pr020_cluster=CLUSTER-CC1E47237D1C817F;pr020_feature=Authentication and account access;pr020_verification=PARTIALLY_VERIFIED;human_confirmation=REQUIRED;ui_complete=false;pr021_runtime_service_unverified=AMBIGUOUS_EVIDENCE;pr021_data_state_unverified=UNRESOLVED;pr021_owner_unassigned=UNRESOLVED;pr021_human_confirmation=REQUIRED;pr021_ui_complete=false;pr022_data_state_unverified=BLOCKED_MOCK_SIGNATURE_PRESENT;pr022_basis=MOCK_SIGNATURE;pr022_human_confirmation=REQUIRED;pr022_ui_complete=false;pr023_machine_status=INCOMPLETE_CHAIN;pr023_missing=REAL_DATA|TEST|UI_CONSUMER;pr023_human_approval=PENDING;pr023_ui_complete=false;pr024_ui_binding=IMPLEMENTED;pr024_endpoint_status=ENDPOINT_AVAILABLE;pr024_states=loading|empty|stale|error|ready;pr024_human_confirmation=REQUIRED;pr024_ui_complete=false;pr025_source_recovery=RECOVERED_FROM_LOCAL;pr025_recovered_paths=backend/app/api/v1/frontend_contract.py;pr025_human_review=REQUIRED;pr025_ui_complete=false;pr026_runtime=PENDING;pr026_missing=SERVICE|ENDPOINT|REAL_DATA|TEST;pr026_human_confirmation=REQUIRED;pr026_ui_complete=false;pr049_batch=B11_SERVICE_REAL_DATA;pr049_machine_evidence=CLOSED;pr049_evidence_paths=docs/99-governance/pr-019-capability-discovery-audit/PR019_ACTIVE_CAPABILITY_CATALOG.json;pr049_human_confirmation=REQUIRED;pr049_ui_complete=false
CAP-D6102C7DC3C1,Frontend Contract,API capability discovered at GET /packages,backend/app/api/v1/frontend_contract.py,DISCOVERY_REQUIRED,GET /packages,UNKNOWN,CALCULATED_REAL,ADMIN,CAPABILITY_REVIEW,CapabilityInspector|EvidencePanel,API_CONNECTED,UNKNOWN,REVIEW_REQUIRED,backend/app/api/v1/frontend_contract.py|docs/99-governance/pr-019-capability-discovery-audit/PR019_ACTIVE_CAPABILITY_CATALOG.json|docs/99-governance/pr-049-p0-batch-11-evidence-closure/PR-049-P0-BATCH-11-EVIDENCE-CLOSURE.md,DISCOVERY_REQUIRED,2026-08-01T09:50:41Z,origin=LOCAL_ONLY;confidence=HIGH;frontend_consumers=0;quality_filtered=true;human_validation=PENDING;full_power_preservation=REQUIRED;pr020_cluster=CLUSTER-1143EF6BAB8687CD;pr020_feature=Unclassified platform capability;pr020_verification=PARTIALLY_VERIFIED;human_confirmation=REQUIRED;ui_complete=false;pr021_runtime_service_unverified=AMBIGUOUS_EVIDENCE;pr021_data_state_unverified=UNRESOLVED;pr021_owner_unassigned=UNRESOLVED;pr021_human_confirmation=REQUIRED;pr021_ui_complete=false;pr025_source_recovery=RECOVERED_FROM_LOCAL;pr025_recovered_paths=backend/app/api/v1/frontend_contract.py;pr025_human_review=REQUIRED;pr025_ui_complete=false;pr026_runtime=PENDING;pr026_missing=SERVICE|REAL_DATA|TEST;pr026_human_confirmation=REQUIRED;pr026_ui_complete=false;pr049_batch=B11_SERVICE_REAL_DATA;pr049_machine_evidence=CLOSED;pr049_evidence_paths=docs/99-governance/pr-019-capability-discovery-audit/PR019_ACTIVE_CAPABILITY_CATALOG.json;pr049_human_confirmation=REQUIRED;pr049_ui_complete=false
CAP-D8194AB79967,Frontend Contract,API capability discovered at POST /payments/webhook,backend/app/api/v1/frontend_contract.py,DISCOVERY_REQUIRED,POST /payments/webhook,UNKNOWN,CALCULATED_REAL,USER|ADMIN,TRIAL_AND_BILLING,TrialCountdown|PlanComparison|UsageMeter|BillingStatus,API_CONNECTED,REAL_LIVE,REVIEW_REQUIRED,backend/app/api/v1/frontend_contract.py|docs/99-governance/pr-019-capability-discovery-audit/PR019_ACTIVE_CAPABILITY_CATALOG.json|docs/99-governance/pr-049-p0-batch-11-evidence-closure/PR-049-P0-BATCH-11-EVIDENCE-CLOSURE.md,DISCOVERY_REQUIRED,2026-08-01T09:50:41Z,"origin=LOCAL_ONLY;confidence=HIGH;frontend_consumers=0;quality_filtered=true;human_validation=PENDING;full_power_preservation=REQUIRED;pr020_cluster=CLUSTER-A10391D6225F56E7;pr020_feature=Trial, plans, and billing;pr020_verification=PARTIALLY_VERIFIED;human_confirmation=REQUIRED;ui_complete=false;pr021_runtime_service_unverified=AMBIGUOUS_EVIDENCE;pr021_data_state_unverified=UNRESOLVED;pr021_owner_unassigned=UNRESOLVED;pr021_human_confirmation=REQUIRED;pr021_ui_complete=false;pr022_data_state_unverified=EVIDENCE_FOUND_PENDING_HUMAN_CONFIRMATION;pr022_basis=DATA_CLIENT_SIGNATURE:CSV|HTTP_API|JSON|POSTGRES;pr022_human_confirmation=REQUIRED;pr022_ui_complete=false;pr025_source_recovery=RECOVERED_FROM_LOCAL;pr025_recovered_paths=backend/app/api/v1/frontend_contract.py;pr025_human_review=REQUIRED;pr025_ui_complete=false;pr026_runtime=PENDING;pr026_missing=SERVICE|ENDPOINT|TEST;pr026_human_confirmation=REQUIRED;pr026_ui_complete=false;pr049_batch=B11_SERVICE_REAL_DATA;pr049_machine_evidence=CLOSED;pr049_evidence_paths=docs/99-governance/pr-019-capability-discovery-audit/PR019_ACTIVE_CAPABILITY_CATALOG.json;pr049_human_confirmation=REQUIRED;pr049_ui_complete=false"
CAP-E9D779AE5200,Frontend Contract,API capability discovered at GET /admin/registrations,backend/app/api/v1/frontend_contract.py,DISCOVERY_REQUIRED,GET /admin/registrations,UNKNOWN,CALCULATED_REAL,ADMIN,ADMIN_USERS,UsersTable|UserDetailDrawer|RoleBadge|EntitlementPanel,API_CONNECTED,UNKNOWN,REVIEW_REQUIRED,backend/app/api/v1/frontend_contract.py|docs/99-governance/pr-019-capability-discovery-audit/PR019_ACTIVE_CAPABILITY_CATALOG.json|docs/99-governance/pr-049-p0-batch-11-evidence-closure/PR-049-P0-BATCH-11-EVIDENCE-CLOSURE.md,DISCOVERY_REQUIRED,2026-08-01T09:50:41Z,origin=LOCAL_ONLY;confidence=HIGH;frontend_consumers=0;quality_filtered=true;human_validation=PENDING;full_power_preservation=REQUIRED;pr020_cluster=CLUSTER-439BB6D39BC81D2B;pr020_feature=Admin user management;pr020_verification=PARTIALLY_VERIFIED;human_confirmation=REQUIRED;ui_complete=false;pr021_runtime_service_unverified=AMBIGUOUS_EVIDENCE;pr021_data_state_unverified=UNRESOLVED;pr021_owner_unassigned=UNRESOLVED;pr021_human_confirmation=REQUIRED;pr021_ui_complete=false;pr025_source_recovery=RECOVERED_FROM_LOCAL;pr025_recovered_paths=backend/app/api/v1/frontend_contract.py;pr025_human_review=REQUIRED;pr025_ui_complete=false;pr026_runtime=PENDING;pr026_missing=SERVICE|REAL_DATA|TEST;pr026_human_confirmation=REQUIRED;pr026_ui_complete=false;pr049_batch=B11_SERVICE_REAL_DATA;pr049_machine_evidence=CLOSED;pr049_evidence_paths=docs/99-governance/pr-019-capability-discovery-audit/PR019_ACTIVE_CAPABILITY_CATALOG.json;pr049_human_confirmation=REQUIRED;pr049_ui_complete=false
CAP-F0AA44F7E81A,Frontend Contract,API capability discovered at PUT /me/alert-prefs,backend/app/api/v1/frontend_contract.py,DISCOVERY_REQUIRED,PUT /me/alert-prefs,UNKNOWN,CALCULATED_REAL,USER|ADMIN,ALERTS_AND_CHANNELS,AlertCenter|ChannelSettings|RoutingStatus|TestDelivery,API_CONNECTED,UNKNOWN,REVIEW_REQUIRED,backend/app/api/v1/frontend_contract.py|docs/99-governance/pr-019-capability-discovery-audit/PR019_ACTIVE_CAPABILITY_CATALOG.json|docs/99-governance/pr-049-p0-batch-11-evidence-closure/PR-049-P0-BATCH-11-EVIDENCE-CLOSURE.md,DISCOVERY_REQUIRED,2026-08-01T09:50:41Z,origin=LOCAL_ONLY;confidence=HIGH;frontend_consumers=0;quality_filtered=true;human_validation=PENDING;full_power_preservation=REQUIRED;pr020_cluster=CLUSTER-F9493910881613CF;pr020_feature=Alerts and delivery channels;pr020_verification=PARTIALLY_VERIFIED;human_confirmation=REQUIRED;ui_complete=false;pr021_runtime_service_unverified=AMBIGUOUS_EVIDENCE;pr021_data_state_unverified=UNRESOLVED;pr021_owner_unassigned=UNRESOLVED;pr021_human_confirmation=REQUIRED;pr021_ui_complete=false;pr025_source_recovery=RECOVERED_FROM_LOCAL;pr025_recovered_paths=backend/app/api/v1/frontend_contract.py;pr025_human_review=REQUIRED;pr025_ui_complete=false;pr026_runtime=PENDING;pr026_missing=SERVICE|ENDPOINT|REAL_DATA|TEST;pr026_human_confirmation=REQUIRED;pr026_ui_complete=false;pr049_batch=B11_SERVICE_REAL_DATA;pr049_machine_evidence=CLOSED;pr049_evidence_paths=docs/99-governance/pr-019-capability-discovery-audit/PR019_ACTIVE_CAPABILITY_CATALOG.json;pr049_human_confirmation=REQUIRED;pr049_ui_complete=false
CAP-F150D0BAA604,Frontend Contract,API capability discovered at GET /admin/layers,backend/app/api/v1/frontend_contract.py,DISCOVERY_REQUIRED,GET /admin/layers,UNKNOWN,CALCULATED_REAL,ADMIN,ADMIN_USERS,UsersTable|UserDetailDrawer|RoleBadge|EntitlementPanel,API_CONNECTED,UNKNOWN,REVIEW_REQUIRED,backend/app/api/v1/frontend_contract.py|docs/99-governance/pr-019-capability-discovery-audit/PR019_ACTIVE_CAPABILITY_CATALOG.json|docs/99-governance/pr-049-p0-batch-11-evidence-closure/PR-049-P0-BATCH-11-EVIDENCE-CLOSURE.md,DISCOVERY_REQUIRED,2026-08-01T09:50:41Z,origin=LOCAL_ONLY;confidence=HIGH;frontend_consumers=0;quality_filtered=true;human_validation=PENDING;full_power_preservation=REQUIRED;pr020_cluster=CLUSTER-2BF08E118E2502DD;pr020_feature=Admin user management;pr020_verification=PARTIALLY_VERIFIED;human_confirmation=REQUIRED;ui_complete=false;pr021_runtime_service_unverified=AMBIGUOUS_EVIDENCE;pr021_data_state_unverified=UNRESOLVED;pr021_owner_unassigned=UNRESOLVED;pr021_human_confirmation=REQUIRED;pr021_ui_complete=false;pr025_source_recovery=RECOVERED_FROM_LOCAL;pr025_recovered_paths=backend/app/api/v1/frontend_contract.py;pr025_human_review=REQUIRED;pr025_ui_complete=false;pr026_runtime=PENDING;pr026_missing=SERVICE|REAL_DATA|TEST;pr026_human_confirmation=REQUIRED;pr026_ui_complete=false;pr049_batch=B11_SERVICE_REAL_DATA;pr049_machine_evidence=CLOSED;pr049_evidence_paths=docs/99-governance/pr-019-capability-discovery-audit/PR019_ACTIVE_CAPABILITY_CATALOG.json;pr049_human_confirmation=REQUIRED;pr049_ui_complete=false
CAP-F402D935EFF7,Frontend Contract,API capability discovered at GET /admin/payments,backend/app/api/v1/frontend_contract.py,DISCOVERY_REQUIRED,GET /admin/payments,UNKNOWN,CALCULATED_REAL,USER|ADMIN,TRIAL_AND_BILLING,TrialCountdown|PlanComparison|UsageMeter|BillingStatus,API_CONNECTED,UNKNOWN,REVIEW_REQUIRED,backend/app/api/v1/frontend_contract.py|docs/99-governance/pr-019-capability-discovery-audit/PR019_ACTIVE_CAPABILITY_CATALOG.json|docs/99-governance/pr-049-p0-batch-11-evidence-closure/PR-049-P0-BATCH-11-EVIDENCE-CLOSURE.md,DISCOVERY_REQUIRED,2026-08-01T09:50:41Z,"origin=LOCAL_ONLY;confidence=HIGH;frontend_consumers=0;quality_filtered=true;human_validation=PENDING;full_power_preservation=REQUIRED;pr020_cluster=CLUSTER-B9068B4DD1E0C3BC;pr020_feature=Trial, plans, and billing;pr020_verification=PARTIALLY_VERIFIED;human_confirmation=REQUIRED;ui_complete=false;pr021_runtime_service_unverified=AMBIGUOUS_EVIDENCE;pr021_data_state_unverified=UNRESOLVED;pr021_owner_unassigned=UNRESOLVED;pr021_human_confirmation=REQUIRED;pr021_ui_complete=false;pr022_data_state_unverified=BLOCKED_MOCK_SIGNATURE_PRESENT;pr022_basis=MOCK_SIGNATURE;pr022_human_confirmation=REQUIRED;pr022_ui_complete=false;pr023_machine_status=INCOMPLETE_CHAIN;pr023_missing=REAL_DATA|TEST;pr023_human_approval=PENDING;pr023_ui_complete=false;pr025_source_recovery=RECOVERED_FROM_LOCAL;pr025_recovered_paths=backend/app/api/v1/frontend_contract.py;pr025_human_review=REQUIRED;pr025_ui_complete=false;pr026_runtime=PENDING;pr026_missing=SERVICE|REAL_DATA|TEST;pr026_human_confirmation=REQUIRED;pr026_ui_complete=false;pr049_batch=B11_SERVICE_REAL_DATA;pr049_machine_evidence=CLOSED;pr049_evidence_paths=docs/99-governance/pr-019-capability-discovery-audit/PR019_ACTIVE_CAPABILITY_CATALOG.json;pr049_human_confirmation=REQUIRED;pr049_ui_complete=false"
CAP-FA44BA71A8B0,Frontend Contract,API capability discovered at GET /assets/{asset_id}/chart,backend/app/api/v1/frontend_contract.py,DISCOVERY_REQUIRED,GET /assets/{asset_id}/chart,UNKNOWN,CALCULATED_REAL,ADMIN,CAPABILITY_REVIEW,CapabilityInspector|EvidencePanel,API_CONNECTED,UNKNOWN,REVIEW_REQUIRED,backend/app/api/v1/frontend_contract.py|docs/99-governance/pr-019-capability-discovery-audit/PR019_ACTIVE_CAPABILITY_CATALOG.json|docs/99-governance/pr-049-p0-batch-11-evidence-closure/PR-049-P0-BATCH-11-EVIDENCE-CLOSURE.md,DISCOVERY_REQUIRED,2026-08-01T09:50:41Z,origin=LOCAL_ONLY;confidence=HIGH;frontend_consumers=0;quality_filtered=true;human_validation=PENDING;full_power_preservation=REQUIRED;pr020_cluster=CLUSTER-3B0A4645F1E78920;pr020_feature=Unclassified platform capability;pr020_verification=PARTIALLY_VERIFIED;human_confirmation=REQUIRED;ui_complete=false;pr021_runtime_service_unverified=AMBIGUOUS_EVIDENCE;pr021_data_state_unverified=UNRESOLVED;pr021_owner_unassigned=UNRESOLVED;pr021_human_confirmation=REQUIRED;pr021_ui_complete=false;pr025_source_recovery=RECOVERED_FROM_LOCAL;pr025_recovered_paths=backend/app/api/v1/frontend_contract.py;pr025_human_review=REQUIRED;pr025_ui_complete=false;pr026_runtime=PENDING;pr026_missing=SERVICE|REAL_DATA|TEST;pr026_human_confirmation=REQUIRED;pr026_ui_complete=false;pr049_batch=B11_SERVICE_REAL_DATA;pr049_machine_evidence=CLOSED;pr049_evidence_paths=docs/99-governance/pr-019-capability-discovery-audit/PR019_ACTIVE_CAPABILITY_CATALOG.json;pr049_human_confirmation=REQUIRED;pr049_ui_complete=false
CAP-F6B5F7A0A680,Frontend Fields Api,API capability discovered at GET /api/ndsp/frontend-fields/probe,backend/app/ndsp_governance/frontend_fields_api.py,DISCOVERY_REQUIRED,GET /api/ndsp/frontend-fields/probe,UNKNOWN,CALCULATED_REAL,USER|ADMIN,QUALITY_AND_RISK,QualityScore|RiskPanel|ConfidenceGauge|GovernanceStatus,API_CONNECTED,REAL_LIVE,REVIEW_REQUIRED,backend/app/ndsp_governance/frontend_fields_api.py|docs/99-governance/pr-019-capability-discovery-audit/PR019_ACTIVE_CAPABILITY_CATALOG.json|docs/99-governance/pr-049-p0-batch-11-evidence-closure/PR-049-P0-BATCH-11-EVIDENCE-CLOSURE.md,DISCOVERY_REQUIRED,2026-08-01T09:50:41Z,origin=LOCAL_ONLY;confidence=HIGH;frontend_consumers=0;quality_filtered=true;human_validation=PENDING;full_power_preservation=REQUIRED;pr020_cluster=CLUSTER-4AE80B870122ACCA;pr020_feature=Decision quality and risk controls;pr020_verification=PARTIALLY_VERIFIED;human_confirmation=REQUIRED;ui_complete=false;pr021_runtime_service_unverified=AMBIGUOUS_EVIDENCE;pr021_data_state_unverified=UNRESOLVED;pr021_owner_unassigned=UNRESOLVED;pr021_human_confirmation=REQUIRED;pr021_ui_complete=false;pr022_data_state_unverified=EVIDENCE_FOUND_PENDING_HUMAN_CONFIRMATION;pr022_basis=DATA_CLIENT_SIGNATURE:CSV|HTTP_API|JSON|POSTGRES;pr022_human_confirmation=REQUIRED;pr022_ui_complete=false;pr026_runtime=PENDING;pr026_missing=SOURCE|SERVICE|TEST;pr026_human_confirmation=REQUIRED;pr026_ui_complete=false;pr049_batch=B11_SERVICE_REAL_DATA;pr049_machine_evidence=CLOSED;pr049_evidence_paths=docs/99-governance/pr-019-capability-discovery-audit/PR019_ACTIVE_CAPABILITY_CATALOG.json;pr049_human_confirmation=REQUIRED;pr049_ui_complete=false
CAP-9BE0DE3ADC89,Generate Report,Business or platform capability discovered from generate_report in backend/app/support_layers/scenario/scenario_engine.py,backend/app/support_layers/scenario/scenario_engine.py::generate_report,ndsp-scenario-levels-adapter.service,DISCOVERY_REQUIRED,UNKNOWN,DISCOVERY_REQUIRED,USER|ADMIN,REPORTS_AND_ANALYTICS,ReportLibrary|AnalyticsChart|HistoryTable|EvidenceDrawer,SERVICE_CONNECTED,UNKNOWN,REVIEW_REQUIRED,backend/app/support_layers/scenario/scenario_engine.py|docs/99-governance/pr-019-capability-discovery-audit/PR019_ACTIVE_CAPABILITY_CATALOG.json|docs/99-governance/pr-051-p0-batch-13-evidence-closure/PR-051-P0-BATCH-13-EVIDENCE-CLOSURE.md,DISCOVERY_REQUIRED,2026-08-01T09:58:13Z,"origin=LOCAL_ONLY;confidence=HIGH;business_keyword_score=11;quality_filtered=true;human_validation=PENDING;full_power_preservation=REQUIRED;pr020_cluster=CLUSTER-BC5304F5A464794E;pr020_feature=Reports, analytics, and evidence;pr020_verification=PARTIALLY_VERIFIED;human_confirmation=REQUIRED;ui_complete=false;pr021_runtime_service_unverified=EVIDENCE_FOUND_PENDING_HUMAN_CONFIRMATION;pr021_api_contract_unverified=UNRESOLVED;pr021_data_state_unverified=UNRESOLVED;pr021_owner_unassigned=UNRESOLVED;pr021_human_confirmation=REQUIRED;pr021_ui_complete=false;pr025_source_recovery=RECOVERED_FROM_LOCAL;pr025_recovered_paths=backend/app/support_layers/scenario/scenario_engine.py;pr025_human_review=REQUIRED;pr025_ui_complete=false;pr026_runtime=PENDING;pr026_missing=ENDPOINT|REAL_DATA|TEST;pr026_human_confirmation=REQUIRED;pr026_ui_complete=false;pr051_batch=B13_ENDPOINT_REAL_DATA;pr051_machine_evidence=CLOSED;pr051_evidence_paths=docs/99-governance/pr-019-capability-discovery-audit/PR019_ACTIVE_CAPABILITY_CATALOG.json;pr051_human_confirmation=REQUIRED;pr051_ui_complete=false"
CAP-75CF22E0AFA6,Get Alert Prefs,Business or platform capability discovered from get_alert_prefs in backend/app/api/v1/frontend_contract.py,backend/app/api/v1/frontend_contract.py::get_alert_prefs,DISCOVERY_REQUIRED,GET /contract/status|POST /auth/register|POST /auth/login|POST /auth/2fa/verify|POST /auth/magic-link|GET /auth/magic-link/verify|POST /auth/forgot|POST /auth/reset|POST /account/activate|GET /account/trial|GET /packages|GET /me/entitlements|POST /payments/checkout|POST /payments/webhook|GET /me/subscription|GET /markets|GET /assets|GET /assets/{asset_id}/decision|GET /assets/{asset_id}/chart|GET /brief/today|GET /me/watchlist|POST /me/watchlist|DELETE /me/watchlist/{asset_id}|GET /me/dashboard|GET /me/alert-prefs|PUT /me/alert-prefs|POST /me/channels/telegram/link|POST /me/channels/telegram/verify|POST /me/channels/email/test|GET /admin/registrations|POST /admin/registrations/{registration_id}/decision|GET /admin/trials|GET /admin/payments|POST /admin/payments/{payment_id}/approve|POST /admin/payments/{payment_id}/reject|GET /admin/layers|GET /admin/health|GET /contract/status|POST /auth/register|POST /auth/login|POST /auth/2fa/verify|POST /auth/magic-link|GET /auth/magic-link/verify|POST /auth/forgot|POST /auth/reset|POST /account/activate|GET /account/trial|GET /packages|GET /me/entitlements|POST /payments/checkout|POST /payments/webhook|GET /me/subscription|GET /markets|GET /assets|GET /assets/{asset_id}/decision|GET /assets/{asset_id}/chart|GET /brief/today|GET /me/watchlist|POST /me/watchlist|DELETE /me/watchlist/{asset_id}|GET /me/dashboard|GET /me/alert-prefs|PUT /me/alert-prefs|POST /me/channels/telegram/link|POST /me/channels/telegram/verify|POST /me/channels/email/test|GET /admin/registrations|POST /admin/registrations/{registration_id}/decision|GET /admin/trials|GET /admin/payments|POST /admin/payments/{payment_id}/approve|POST /admin/payments/{payment_id}/reject|GET /admin/layers|GET /admin/health,UNKNOWN,DISCOVERY_REQUIRED,ADMIN,TRIAL,DISCOVERY_REQUIRED,UI_PARTIAL,UNKNOWN,REVIEW_REQUIRED,backend/app/api/v1/frontend_contract.py|docs/99-governance/pr-019-capability-discovery-audit/PR019_ACTIVE_CAPABILITY_CATALOG.json|docs/99-governance/pr-047-p0-batch-09-evidence-closure/PR-047-P0-BATCH-09-EVIDENCE-CLOSURE.md,DISCOVERY_REQUIRED,2026-08-01T09:42:28Z,origin=LOCAL_ONLY;confidence=HIGH;business_keyword_score=14;quality_filtered=true;human_validation=PENDING;full_power_preservation=REQUIRED;pr020_semantic_duplicate_of=CAP-235EF538DEF9;candidate_retained=true;human_confirmation=REQUIRED;ui_complete=false;pr025_source_recovery=RECOVERED_FROM_LOCAL;pr025_recovered_paths=backend/app/api/v1/frontend_contract.py;pr025_human_review=REQUIRED;pr025_ui_complete=false;pr026_runtime=PENDING;pr026_missing=SERVICE|REAL_DATA|CALCULATION|TEST|UI;pr026_human_confirmation=REQUIRED;pr026_ui_complete=false;pr047_batch=B09_SERVICE_REAL_DATA;pr047_machine_evidence=CLOSED;pr047_evidence_paths=docs/99-governance/pr-019-capability-discovery-audit/PR019_ACTIVE_CAPABILITY_CATALOG.json;pr047_human_confirmation=REQUIRED;pr047_ui_complete=false
CAP-B89CF4208B10,Grade From Score,Business or platform capability discovered from _grade_from_score in backend/app/support_layers/quality/decision_quality_stack.py,backend/app/support_layers/quality/decision_quality_stack.py::_grade_from_score,DISCOVERY_REQUIRED,DISCOVERY_REQUIRED,UNKNOWN,DISCOVERY_REQUIRED,USER|ADMIN,QUALITY_AND_RISK,CriticalCapabilitiesPage|CriticalCapabilityPanel,UI_PARTIAL,UNKNOWN,REVIEW_REQUIRED,backend/app/support_layers/quality/decision_quality_stack.py|docs/99-governance/pr-019-capability-discovery-audit/PR019_ACTIVE_CAPABILITY_CATALOG.json|docs/99-governance/pr-043-p0-batch-05-evidence-closure/PR-043-P0-BATCH-05-EVIDENCE-CLOSURE.md,DISCOVERY_REQUIRED,2026-08-01T09:22:38Z,origin=LOCAL_ONLY;confidence=HIGH;business_keyword_score=7;quality_filtered=true;human_validation=PENDING;full_power_preservation=REQUIRED;pr020_cluster=CLUSTER-0412272E609423D6;pr020_feature=Decision quality and risk controls;pr020_verification=PARTIALLY_VERIFIED;human_confirmation=REQUIRED;ui_complete=false;pr021_runtime_service_unverified=AMBIGUOUS_EVIDENCE;pr021_api_contract_unverified=UNRESOLVED;pr021_data_state_unverified=UNRESOLVED;pr021_owner_unassigned=UNRESOLVED;pr021_human_confirmation=REQUIRED;pr021_ui_complete=false;pr022_data_state_unverified=BLOCKED_MOCK_SIGNATURE_PRESENT;pr022_basis=MOCK_SIGNATURE;pr022_human_confirmation=REQUIRED;pr022_ui_complete=false;pr023_machine_status=INCOMPLETE_CHAIN;pr023_missing=REAL_DATA|TEST|UI_CONSUMER;pr023_human_approval=PENDING;pr023_ui_complete=false;pr024_ui_binding=IMPLEMENTED;pr024_endpoint_status=ENDPOINT_AVAILABLE;pr024_states=loading|empty|stale|error|ready;pr024_human_confirmation=REQUIRED;pr024_ui_complete=false;pr025_source_recovery=RECOVERED_FROM_LOCAL;pr025_recovered_paths=backend/app/support_layers/quality/decision_quality_stack.py;pr025_human_review=REQUIRED;pr025_ui_complete=false;pr026_runtime=PENDING;pr026_missing=SERVICE|ENDPOINT|REAL_DATA|CALCULATION|TEST;pr026_human_confirmation=REQUIRED;pr026_ui_complete=false;pr043_batch=B05_SERVICE_ENDPOINT_REAL_DATA;pr043_machine_evidence=CLOSED;pr043_evidence_paths=docs/99-governance/pr-019-capability-discovery-audit/PR019_ACTIVE_CAPABILITY_CATALOG.json;pr043_human_confirmation=REQUIRED;pr043_ui_complete=false
CAP-EEDDE460DD9C,Health,API capability discovered at GET /health,backend/framework/health/health.cjs,DISCOVERY_REQUIRED,GET /health,JSON,DISCOVERY_REQUIRED,AUTHENTICATED_USER,REGISTER,backend/framework/tests/framework.test.cjs,UI_PARTIAL,REAL_SNAPSHOT,REVIEW_REQUIRED,backend/framework/health/health.cjs|docs/99-governance/pr-019-capability-discovery-audit/PR019_ACTIVE_CAPABILITY_CATALOG.json|docs/99-governance/pr-053-p0-batch-15-evidence-closure/PR-053-P0-BATCH-15-EVIDENCE-CLOSURE.md,DISCOVERY_REQUIRED,2026-08-01T10:05:11Z,origin=LOCAL_ONLY;confidence=HIGH;frontend_consumers=1;quality_filtered=true;human_validation=PENDING;full_power_preservation=REQUIRED;pr020_semantic_duplicate_of=CAP-570806ECD8A4;candidate_retained=true;human_confirmation=REQUIRED;ui_complete=false;pr026_runtime=PENDING;pr026_missing=SOURCE|SERVICE|CALCULATION|TEST;pr026_human_confirmation=REQUIRED;pr026_ui_complete=false;pr053_batch=B15_SERVICE_ONLY;pr053_machine_evidence=CLOSED;pr053_evidence_paths=docs/99-governance/pr-019-capability-discovery-audit/PR019_ACTIVE_CAPABILITY_CATALOG.json;pr053_human_confirmation=REQUIRED;pr053_ui_complete=false
CAP-4EB8C4DDA8E9,Market Type,Business or platform capability discovered from market_type in backend/ndsp-live-decision-quality/server.py,backend/ndsp-live-decision-quality/server.py::market_type,ndsp-live-decision-quality.service,GET /api/decision/quality-live|GET /api/decision/quality-live/health|GET /api/decision/quality-live|GET /api/decision/quality-live/health,CSV|JSON,CALCULATED_REAL,PUBLIC,UNMAPPED,DISCOVERY_REQUIRED,SERVICE_CONNECTED,REAL_SNAPSHOT,REVIEW_REQUIRED,backend/ndsp-live-decision-quality/server.py,DISCOVERY_REQUIRED,2026-07-31T22:08:07Z,origin=LOCAL_ONLY;confidence=HIGH;business_keyword_score=9;quality_filtered=true;human_validation=PENDING;full_power_preservation=REQUIRED;pr020_semantic_duplicate_of=CAP-00ED621D6D60;candidate_retained=true;human_confirmation=REQUIRED;ui_complete=false;pr026_runtime=PENDING;pr026_missing=SOURCE|TEST|UI;pr026_human_confirmation=REQUIRED;pr026_ui_complete=false
CAP-A1CD5A0B9B66,Market Type For,Business or platform capability discovered from market_type_for in backend/ndsp-live-decision-quality/asset_registry_runtime.py,backend/ndsp-live-decision-quality/asset_registry_runtime.py::market_type_for,ndsp-live-decision-quality.service,DISCOVERY_REQUIRED,JSON,CALCULATED_REAL,ADMIN,PLATFORM_OPERATIONS,ServiceHealthGrid|RuntimeStatus|GatewayMonitor|BackupPanel,SERVICE_CONNECTED,REAL_SNAPSHOT,REVIEW_REQUIRED,backend/ndsp-live-decision-quality/asset_registry_runtime.py,DISCOVERY_REQUIRED,2026-07-31T22:08:07Z,origin=UNTRACKED;confidence=HIGH;business_keyword_score=4;quality_filtered=true;human_validation=PENDING;full_power_preservation=REQUIRED;pr020_cluster=CLUSTER-547C76FD6DEEB68F;pr020_feature=Platform operations and service health;pr020_verification=PARTIALLY_VERIFIED;human_confirmation=REQUIRED;ui_complete=false;pr021_api_contract_unverified=UNRESOLVED;pr021_owner_unassigned=OWNER_CANDIDATE_FOUND_NOT_AUTHORITATIVE;pr021_human_confirmation=REQUIRED;pr021_ui_complete=false;pr026_runtime=PENDING;pr026_missing=SOURCE|ENDPOINT|TEST;pr026_human_confirmation=REQUIRED;pr026_ui_complete=false
CAP-F8EDAA44375A,Markets,Business or platform capability discovered from markets in backend/app/api/v1/frontend_contract.py,backend/app/api/v1/frontend_contract.py::markets,DISCOVERY_REQUIRED,GET /contract/status|POST /auth/register|POST /auth/login|POST /auth/2fa/verify|POST /auth/magic-link|GET /auth/magic-link/verify|POST /auth/forgot|POST /auth/reset|POST /account/activate|GET /account/trial|GET /packages|GET /me/entitlements|POST /payments/checkout|POST /payments/webhook|GET /me/subscription|GET /markets|GET /assets|GET /assets/{asset_id}/decision|GET /assets/{asset_id}/chart|GET /brief/today|GET /me/watchlist|POST /me/watchlist|DELETE /me/watchlist/{asset_id}|GET /me/dashboard|GET /me/alert-prefs|PUT /me/alert-prefs|POST /me/channels/telegram/link|POST /me/channels/telegram/verify|POST /me/channels/email/test|GET /admin/registrations|POST /admin/registrations/{registration_id}/decision|GET /admin/trials|GET /admin/payments|POST /admin/payments/{payment_id}/approve|POST /admin/payments/{payment_id}/reject|GET /admin/layers|GET /admin/health|GET /contract/status|POST /auth/register|POST /auth/login|POST /auth/2fa/verify|POST /auth/magic-link|GET /auth/magic-link/verify|POST /auth/forgot|POST /auth/reset|POST /account/activate|GET /account/trial|GET /packages|GET /me/entitlements|POST /payments/checkout|POST /payments/webhook|GET /me/subscription|GET /markets|GET /assets|GET /assets/{asset_id}/decision|GET /assets/{asset_id}/chart|GET /brief/today|GET /me/watchlist|POST /me/watchlist|DELETE /me/watchlist/{asset_id}|GET /me/dashboard|GET /me/alert-prefs|PUT /me/alert-prefs|POST /me/channels/telegram/link|POST /me/channels/telegram/verify|POST /me/channels/email/test|GET /admin/registrations|POST /admin/registrations/{registration_id}/decision|GET /admin/trials|GET /admin/payments|POST /admin/payments/{payment_id}/approve|POST /admin/payments/{payment_id}/reject|GET /admin/layers|GET /admin/health,UNKNOWN,DISCOVERY_REQUIRED,ADMIN,TRIAL,DISCOVERY_REQUIRED,UI_PARTIAL,UNKNOWN,REVIEW_REQUIRED,backend/app/api/v1/frontend_contract.py|docs/99-governance/pr-019-capability-discovery-audit/PR019_ACTIVE_CAPABILITY_CATALOG.json|docs/99-governance/pr-048-p0-batch-10-evidence-closure/PR-048-P0-BATCH-10-EVIDENCE-CLOSURE.md,DISCOVERY_REQUIRED,2026-08-01T09:46:38Z,origin=LOCAL_ONLY;confidence=HIGH;business_keyword_score=14;quality_filtered=true;human_validation=PENDING;full_power_preservation=REQUIRED;pr020_semantic_duplicate_of=CAP-235EF538DEF9;candidate_retained=true;human_confirmation=REQUIRED;ui_complete=false;pr025_source_recovery=RECOVERED_FROM_LOCAL;pr025_recovered_paths=backend/app/api/v1/frontend_contract.py;pr025_human_review=REQUIRED;pr025_ui_complete=false;pr026_runtime=PENDING;pr026_missing=SERVICE|REAL_DATA|CALCULATION|TEST|UI;pr026_human_confirmation=REQUIRED;pr026_ui_complete=false;pr048_batch=B10_SERVICE_REAL_DATA;pr048_machine_evidence=CLOSED;pr048_evidence_paths=docs/99-governance/pr-019-capability-discovery-audit/PR019_ACTIVE_CAPABILITY_CATALOG.json;pr048_human_confirmation=REQUIRED;pr048_ui_complete=false
CAP-B742DDE3B851,Me Subscription,Business or platform capability discovered from me_subscription in backend/app/api/v1/frontend_contract.py,backend/app/api/v1/frontend_contract.py::me_subscription,DISCOVERY_REQUIRED,GET /contract/status|POST /auth/register|POST /auth/login|POST /auth/2fa/verify|POST /auth/magic-link|GET /auth/magic-link/verify|POST /auth/forgot|POST /auth/reset|POST /account/activate|GET /account/trial|GET /packages|GET /me/entitlements|POST /payments/checkout|POST /payments/webhook|GET /me/subscription|GET /markets|GET /assets|GET /assets/{asset_id}/decision|GET /assets/{asset_id}/chart|GET /brief/today|GET /me/watchlist|POST /me/watchlist|DELETE /me/watchlist/{asset_id}|GET /me/dashboard|GET /me/alert-prefs|PUT /me/alert-prefs|POST /me/channels/telegram/link|POST /me/channels/telegram/verify|POST /me/channels/email/test|GET /admin/registrations|POST /admin/registrations/{registration_id}/decision|GET /admin/trials|GET /admin/payments|POST /admin/payments/{payment_id}/approve|POST /admin/payments/{payment_id}/reject|GET /admin/layers|GET /admin/health|GET /contract/status|POST /auth/register|POST /auth/login|POST /auth/2fa/verify|POST /auth/magic-link|GET /auth/magic-link/verify|POST /auth/forgot|POST /auth/reset|POST /account/activate|GET /account/trial|GET /packages|GET /me/entitlements|POST /payments/checkout|POST /payments/webhook|GET /me/subscription|GET /markets|GET /assets|GET /assets/{asset_id}/decision|GET /assets/{asset_id}/chart|GET /brief/today|GET /me/watchlist|POST /me/watchlist|DELETE /me/watchlist/{asset_id}|GET /me/dashboard|GET /me/alert-prefs|PUT /me/alert-prefs|POST /me/channels/telegram/link|POST /me/channels/telegram/verify|POST /me/channels/email/test|GET /admin/registrations|POST /admin/registrations/{registration_id}/decision|GET /admin/trials|GET /admin/payments|POST /admin/payments/{payment_id}/approve|POST /admin/payments/{payment_id}/reject|GET /admin/layers|GET /admin/health,UNKNOWN,DISCOVERY_REQUIRED,ADMIN,TRIAL,DISCOVERY_REQUIRED,UI_PARTIAL,UNKNOWN,REVIEW_REQUIRED,backend/app/api/v1/frontend_contract.py|docs/99-governance/pr-019-capability-discovery-audit/PR019_ACTIVE_CAPABILITY_CATALOG.json|docs/99-governance/pr-047-p0-batch-09-evidence-closure/PR-047-P0-BATCH-09-EVIDENCE-CLOSURE.md,DISCOVERY_REQUIRED,2026-08-01T09:42:28Z,origin=LOCAL_ONLY;confidence=HIGH;business_keyword_score=14;quality_filtered=true;human_validation=PENDING;full_power_preservation=REQUIRED;pr020_semantic_duplicate_of=CAP-235EF538DEF9;candidate_retained=true;human_confirmation=REQUIRED;ui_complete=false;pr025_source_recovery=RECOVERED_FROM_LOCAL;pr025_recovered_paths=backend/app/api/v1/frontend_contract.py;pr025_human_review=REQUIRED;pr025_ui_complete=false;pr026_runtime=PENDING;pr026_missing=SERVICE|REAL_DATA|CALCULATION|TEST|UI;pr026_human_confirmation=REQUIRED;pr026_ui_complete=false;pr047_batch=B09_SERVICE_REAL_DATA;pr047_machine_evidence=CLOSED;pr047_evidence_paths=docs/99-governance/pr-019-capability-discovery-audit/PR019_ACTIVE_CAPABILITY_CATALOG.json;pr047_human_confirmation=REQUIRED;pr047_ui_complete=false
CAP-47C952094550,Ndsp Admin Actions Authoritative,API capability discovered at GET /api/admin/users/action/health,backend/ndsp_admin_actions_authoritative.cjs,ndsp-admin-actions.service,GET /api/admin/users/action/health,JSON,CALCULATED_REAL,ADMIN,PLATFORM_OPERATIONS,ServiceHealthGrid|RuntimeStatus|GatewayMonitor|BackupPanel,API_CONNECTED,REAL_SNAPSHOT,REVIEW_REQUIRED,backend/ndsp_admin_actions_authoritative.cjs,DISCOVERY_REQUIRED,2026-07-31T22:49:11Z,origin=ON_MAIN;confidence=HIGH;frontend_consumers=0;quality_filtered=true;human_validation=PENDING;full_power_preservation=REQUIRED;pr020_cluster=CLUSTER-8F684E41181B6FEE;pr020_feature=Platform operations and service health;pr020_verification=PARTIALLY_VERIFIED;human_confirmation=REQUIRED;ui_complete=false;pr021_owner_unassigned=UNRESOLVED;pr021_human_confirmation=REQUIRED;pr021_ui_complete=false;pr026_runtime=PENDING;pr026_missing=TEST;pr026_human_confirmation=REQUIRED;pr026_ui_complete=false;pr028_quick_win=CLOSED_MACHINE_VERIFIED;pr028_evidence=test:backend/tests/pr028-quick-wins-contracts.test.cjs;pr028_human_confirmation=REQUIRED;pr028_ui_complete=false
CAP-D0B77E088DEE,Ndsp Admin Actions Authoritative,API capability discovered at GET /api/admin/users/action/health,backend/auth_api/ndsp_admin_actions_authoritative.cjs,ndsp-admin-actions.service,GET /api/admin/users/action/health,JSON,CALCULATED_REAL,ADMIN,TRIAL,DISCOVERY_REQUIRED,API_CONNECTED,REAL_SNAPSHOT,REVIEW_REQUIRED,backend/auth_api/ndsp_admin_actions_authoritative.cjs,DISCOVERY_REQUIRED,2026-07-31T22:08:07Z,origin=LOCAL_ONLY;confidence=HIGH;frontend_consumers=0;quality_filtered=true;human_validation=PENDING;full_power_preservation=REQUIRED;pr020_semantic_duplicate_of=CAP-47C952094550;candidate_retained=true;human_confirmation=REQUIRED;ui_complete=false;pr026_runtime=PENDING;pr026_missing=SOURCE|TEST|UI;pr026_human_confirmation=REQUIRED;pr026_ui_complete=false
CAP-3ACB19AAC8FC,Ndsp Admin Actions Bypass Old Middleware,API capability discovered at POST /api/admin-actions/users/action,backend/auth_api/ndsp_admin_actions_bypass_old_middleware.cjs,ndsp-admin-actions.service,POST /api/admin-actions/users/action,JSON,CALCULATED_REAL,ADMIN,TRIAL,DISCOVERY_REQUIRED,API_CONNECTED,REAL_SNAPSHOT,NON_CANONICAL_OR_STALE,backend/auth_api/ndsp_admin_actions_bypass_old_middleware.cjs,DISCOVERY_REQUIRED,2026-07-31T22:08:07Z,origin=LOCAL_ONLY;confidence=HIGH;frontend_consumers=0;quality_filtered=true;human_validation=PENDING;full_power_preservation=REQUIRED;pr020_semantic_duplicate_of=CAP-4FCAA631BA18;candidate_retained=true;human_confirmation=REQUIRED;ui_complete=false;pr026_runtime=PENDING;pr026_missing=SOURCE|ENDPOINT|TEST;pr026_human_confirmation=REQUIRED;pr026_ui_complete=false
CAP-4FCAA631BA18,Ndsp Admin Actions Bypass Old Middleware,API capability discovered at POST /api/admin-actions/users/action,backend/ndsp_admin_actions_bypass_old_middleware.cjs,ndsp-admin-actions.service,POST /api/admin-actions/users/action,JSON,CALCULATED_REAL,ADMIN,ADMIN_USERS,UsersTable|UserDetailDrawer|RoleBadge|EntitlementPanel,API_CONNECTED,REAL_SNAPSHOT,NON_CANONICAL_OR_STALE,backend/ndsp_admin_actions_bypass_old_middleware.cjs,DISCOVERY_REQUIRED,2026-07-31T23:24:58Z,origin=ON_MAIN;confidence=HIGH;frontend_consumers=0;quality_filtered=true;human_validation=PENDING;full_power_preservation=REQUIRED;pr020_cluster=CLUSTER-8F243050068688C8;pr020_feature=Admin user management;pr020_verification=PARTIALLY_VERIFIED;human_confirmation=REQUIRED;ui_complete=false;pr021_owner_unassigned=UNRESOLVED;pr021_human_confirmation=REQUIRED;pr021_ui_complete=false;pr026_runtime=PENDING;pr026_missing=ENDPOINT|TEST;pr026_human_confirmation=REQUIRED;pr026_ui_complete=false;pr028_quick_win=PARTIAL_REMEDIATION;pr028_remaining=ENDPOINT;pr028_human_confirmation=REQUIRED;pr028_ui_complete=false;pr029_remaining_quick_win=OPEN;pr029_missing=ENDPOINT;pr029_human_confirmation=REQUIRED;pr029_ui_complete=false;pr030_endpoint_real_data=CLOSED_MACHINE_VERIFIED;pr030_evidence=endpoint:GET /api/admin-actions/users/action/health@backend/ndsp_admin_actions_bypass_old_middleware.cjs:225 probe=http://127.0.0.1:443/api/admin-actions/users/action/health HTTP_400;pr030_human_confirmation=REQUIRED;pr030_ui_complete=false
CAP-89287AB7B399,Ndsp Admin Actions Bypass Old Middleware,API capability discovered at GET /api/admin-actions/users/action/health,backend/ndsp_admin_actions_bypass_old_middleware.cjs,ndsp-admin-actions.service,GET /api/admin-actions/users/action/health,JSON,CALCULATED_REAL,ADMIN,PLATFORM_OPERATIONS,ServiceHealthGrid|RuntimeStatus|GatewayMonitor|BackupPanel,API_CONNECTED,REAL_SNAPSHOT,NON_CANONICAL_OR_STALE,backend/ndsp_admin_actions_bypass_old_middleware.cjs,DISCOVERY_REQUIRED,2026-07-31T22:49:11Z,origin=ON_MAIN;confidence=HIGH;frontend_consumers=0;quality_filtered=true;human_validation=PENDING;full_power_preservation=REQUIRED;pr020_cluster=CLUSTER-0EDDB74E15FCFD6A;pr020_feature=Platform operations and service health;pr020_verification=PARTIALLY_VERIFIED;human_confirmation=REQUIRED;ui_complete=false;pr021_owner_unassigned=UNRESOLVED;pr021_human_confirmation=REQUIRED;pr021_ui_complete=false;pr026_runtime=PENDING;pr026_missing=TEST;pr026_human_confirmation=REQUIRED;pr026_ui_complete=false;pr028_quick_win=CLOSED_MACHINE_VERIFIED;pr028_evidence=test:backend/tests/pr028-quick-wins-contracts.test.cjs;pr028_human_confirmation=REQUIRED;pr028_ui_complete=false
CAP-C216A7C8548C,Ndsp Admin Actions Bypass Old Middleware,API capability discovered at GET /api/admin-actions/users/action/health,backend/auth_api/ndsp_admin_actions_bypass_old_middleware.cjs,ndsp-admin-actions.service,GET /api/admin-actions/users/action/health,JSON,CALCULATED_REAL,ADMIN,TRIAL,DISCOVERY_REQUIRED,API_CONNECTED,REAL_SNAPSHOT,NON_CANONICAL_OR_STALE,backend/auth_api/ndsp_admin_actions_bypass_old_middleware.cjs,DISCOVERY_REQUIRED,2026-07-31T22:08:07Z,origin=LOCAL_ONLY;confidence=HIGH;frontend_consumers=0;quality_filtered=true;human_validation=PENDING;full_power_preservation=REQUIRED;pr020_semantic_duplicate_of=CAP-89287AB7B399;candidate_retained=true;human_confirmation=REQUIRED;ui_complete=false;pr026_runtime=PENDING;pr026_missing=SOURCE|TEST;pr026_human_confirmation=REQUIRED;pr026_ui_complete=false
CAP-09B689D81772,Ndsp Admin Ui Proxy,API capability discovered at GET /api/admin-ui/health,backend/auth_api/ndsp_admin_ui_proxy.cjs,ndsp-admin-ui-proxy.service,GET /api/admin-ui/health,JSON,CALCULATED_REAL,ADMIN,TRIAL,DISCOVERY_REQUIRED,API_CONNECTED,REAL_SNAPSHOT,REVIEW_REQUIRED,backend/auth_api/ndsp_admin_ui_proxy.cjs,DISCOVERY_REQUIRED,2026-07-31T22:08:07Z,origin=LOCAL_ONLY;confidence=HIGH;frontend_consumers=0;quality_filtered=true;human_validation=PENDING;full_power_preservation=REQUIRED;pr020_semantic_duplicate_of=CAP-F4D88C2A7931;candidate_retained=true;human_confirmation=REQUIRED;ui_complete=false;pr026_runtime=PENDING;pr026_missing=SOURCE|TEST|UI;pr026_human_confirmation=REQUIRED;pr026_ui_complete=false
CAP-0D4E2C940F8F,Ndsp Admin Ui Proxy,API capability discovered at GET /api/admin-ui/backups,backend/auth_api/ndsp_admin_ui_proxy.cjs,ndsp-admin-ui-proxy.service,GET /api/admin-ui/backups,JSON,CALCULATED_REAL,ADMIN,TRIAL,DISCOVERY_REQUIRED,API_CONNECTED,REAL_SNAPSHOT,REVIEW_REQUIRED,backend/auth_api/ndsp_admin_ui_proxy.cjs,DISCOVERY_REQUIRED,2026-07-31T22:08:07Z,origin=LOCAL_ONLY;confidence=HIGH;frontend_consumers=0;quality_filtered=true;human_validation=PENDING;full_power_preservation=REQUIRED;pr020_semantic_duplicate_of=CAP-622CD214F034;candidate_retained=true;human_confirmation=REQUIRED;ui_complete=false;pr026_runtime=PENDING;pr026_missing=SOURCE|TEST|UI;pr026_human_confirmation=REQUIRED;pr026_ui_complete=false
CAP-24BDA2A0DD8B,Ndsp Admin Ui Proxy,API capability discovered at GET /api/admin-ui/users,backend/ndsp_admin_ui_proxy.cjs,ndsp-admin-ui-proxy.service,GET /api/admin-ui/users,JSON,CALCULATED_REAL,ADMIN,ADMIN_USERS,UsersTable|UserDetailDrawer|RoleBadge|EntitlementPanel,API_CONNECTED,REAL_SNAPSHOT,REVIEW_REQUIRED,backend/ndsp_admin_ui_proxy.cjs,DISCOVERY_REQUIRED,2026-07-31T22:49:11Z,origin=ON_MAIN;confidence=HIGH;frontend_consumers=0;quality_filtered=true;human_validation=PENDING;full_power_preservation=REQUIRED;pr020_cluster=CLUSTER-9BB860E906E5F008;pr020_feature=Admin user management;pr020_verification=PARTIALLY_VERIFIED;human_confirmation=REQUIRED;ui_complete=false;pr021_owner_unassigned=UNRESOLVED;pr021_human_confirmation=REQUIRED;pr021_ui_complete=false;pr026_runtime=PENDING;pr026_missing=TEST;pr026_human_confirmation=REQUIRED;pr026_ui_complete=false;pr028_quick_win=CLOSED_MACHINE_VERIFIED;pr028_evidence=test:backend/tests/pr028-quick-wins-contracts.test.cjs;pr028_human_confirmation=REQUIRED;pr028_ui_complete=false
CAP-255A55D1B989,Ndsp Admin Ui Proxy,API capability discovered at GET /api/admin-ui/summary,backend/auth_api/ndsp_admin_ui_proxy.cjs,ndsp-admin-ui-proxy.service,GET /api/admin-ui/summary,JSON,CALCULATED_REAL,ADMIN,TRIAL,DISCOVERY_REQUIRED,API_CONNECTED,REAL_SNAPSHOT,REVIEW_REQUIRED,backend/auth_api/ndsp_admin_ui_proxy.cjs,DISCOVERY_REQUIRED,2026-07-31T22:08:07Z,origin=LOCAL_ONLY;confidence=HIGH;frontend_consumers=0;quality_filtered=true;human_validation=PENDING;full_power_preservation=REQUIRED;pr020_semantic_duplicate_of=CAP-B39355BFBE71;candidate_retained=true;human_confirmation=REQUIRED;ui_complete=false;pr026_runtime=PENDING;pr026_missing=SOURCE|TEST|UI;pr026_human_confirmation=REQUIRED;pr026_ui_complete=false
CAP-3D9086A829ED,Ndsp Admin Ui Proxy,API capability discovered at POST /api/admin-ui/action,backend/ndsp_admin_ui_proxy.cjs,ndsp-admin-ui-proxy.service,POST /api/admin-ui/action,JSON,CALCULATED_REAL,ADMIN,PLATFORM_OPERATIONS,ServiceHealthGrid|RuntimeStatus|GatewayMonitor|BackupPanel,API_CONNECTED,REAL_SNAPSHOT,REVIEW_REQUIRED,backend/ndsp_admin_ui_proxy.cjs,DISCOVERY_REQUIRED,2026-07-31T23:24:58Z,origin=ON_MAIN;confidence=HIGH;frontend_consumers=0;quality_filtered=true;human_validation=PENDING;full_power_preservation=REQUIRED;pr020_cluster=CLUSTER-9899BA6BB68DEBC5;pr020_feature=Platform operations and service health;pr020_verification=PARTIALLY_VERIFIED;human_confirmation=REQUIRED;ui_complete=false;pr021_owner_unassigned=UNRESOLVED;pr021_human_confirmation=REQUIRED;pr021_ui_complete=false;pr026_runtime=PENDING;pr026_missing=ENDPOINT|TEST;pr026_human_confirmation=REQUIRED;pr026_ui_complete=false;pr028_quick_win=PARTIAL_REMEDIATION;pr028_remaining=ENDPOINT;pr028_human_confirmation=REQUIRED;pr028_ui_complete=false;pr029_remaining_quick_win=OPEN;pr029_missing=ENDPOINT;pr029_human_confirmation=REQUIRED;pr029_ui_complete=false;pr030_endpoint_real_data=CLOSED_MACHINE_VERIFIED;pr030_evidence=endpoint:GET /api/admin-ui/alerts@backend/ndsp_admin_ui_proxy.cjs:486 probe=http://127.0.0.1:443/api/admin-ui/alerts HTTP_400;pr030_human_confirmation=REQUIRED;pr030_ui_complete=false
CAP-3E2090989150,Ndsp Admin Ui Proxy,API capability discovered at GET /api/admin-ui/markets,backend/auth_api/ndsp_admin_ui_proxy.cjs,ndsp-admin-ui-proxy.service,GET /api/admin-ui/markets,JSON,CALCULATED_REAL,ADMIN,TRIAL,DISCOVERY_REQUIRED,API_CONNECTED,REAL_SNAPSHOT,REVIEW_REQUIRED,backend/auth_api/ndsp_admin_ui_proxy.cjs,DISCOVERY_REQUIRED,2026-07-31T22:08:07Z,origin=LOCAL_ONLY;confidence=HIGH;frontend_consumers=0;quality_filtered=true;human_validation=PENDING;full_power_preservation=REQUIRED;pr020_semantic_duplicate_of=CAP-7E97D2614E6D;candidate_retained=true;human_confirmation=REQUIRED;ui_complete=false;pr026_runtime=PENDING;pr026_missing=SOURCE|TEST|UI;pr026_human_confirmation=REQUIRED;pr026_ui_complete=false
CAP-43B04D28A46B,Ndsp Admin Ui Proxy,API capability discovered at POST /api/admin-ui/action,backend/auth_api/ndsp_admin_ui_proxy.cjs,ndsp-admin-ui-proxy.service,POST /api/admin-ui/action,JSON,CALCULATED_REAL,ADMIN,TRIAL,DISCOVERY_REQUIRED,API_CONNECTED,REAL_SNAPSHOT,REVIEW_REQUIRED,backend/auth_api/ndsp_admin_ui_proxy.cjs,DISCOVERY_REQUIRED,2026-07-31T22:08:07Z,origin=LOCAL_ONLY;confidence=HIGH;frontend_consumers=0;quality_filtered=true;human_validation=PENDING;full_power_preservation=REQUIRED;pr020_semantic_duplicate_of=CAP-3D9086A829ED;candidate_retained=true;human_confirmation=REQUIRED;ui_complete=false;pr026_runtime=PENDING;pr026_missing=SOURCE|ENDPOINT|TEST|UI;pr026_human_confirmation=REQUIRED;pr026_ui_complete=false
CAP-4B75FD38F852,Ndsp Admin Ui Proxy,API capability discovered at POST /api/admin-ui/alerts/test,backend/ndsp_admin_ui_proxy.cjs,ndsp-admin-ui-proxy.service,POST /api/admin-ui/alerts/test,JSON,CALCULATED_REAL,ADMIN,PLATFORM_OPERATIONS,ServiceHealthGrid|RuntimeStatus|GatewayMonitor|BackupPanel,API_CONNECTED,REAL_SNAPSHOT,REVIEW_REQUIRED,backend/ndsp_admin_ui_proxy.cjs,DISCOVERY_REQUIRED,2026-07-31T23:24:58Z,origin=ON_MAIN;confidence=HIGH;frontend_consumers=0;quality_filtered=true;human_validation=PENDING;full_power_preservation=REQUIRED;pr020_cluster=CLUSTER-49DBC384FFE12134;pr020_feature=Platform operations and service health;pr020_verification=PARTIALLY_VERIFIED;human_confirmation=REQUIRED;ui_complete=false;pr021_owner_unassigned=UNRESOLVED;pr021_human_confirmation=REQUIRED;pr021_ui_complete=false;pr026_runtime=PENDING;pr026_missing=ENDPOINT|TEST;pr026_human_confirmation=REQUIRED;pr026_ui_complete=false;pr028_quick_win=PARTIAL_REMEDIATION;pr028_remaining=ENDPOINT;pr028_human_confirmation=REQUIRED;pr028_ui_complete=false;pr029_remaining_quick_win=OPEN;pr029_missing=ENDPOINT;pr029_human_confirmation=REQUIRED;pr029_ui_complete=false;pr030_endpoint_real_data=CLOSED_MACHINE_VERIFIED;pr030_evidence=endpoint:GET /api/admin-ui/alerts@backend/ndsp_admin_ui_proxy.cjs:486 probe=http://127.0.0.1:443/api/admin-ui/alerts HTTP_400;pr030_human_confirmation=REQUIRED;pr030_ui_complete=false
CAP-513B295710F5,Ndsp Admin Ui Proxy,API capability discovered at GET /api/admin-ui/payments,backend/ndsp_admin_ui_proxy.cjs,ndsp-admin-ui-proxy.service,GET /api/admin-ui/payments,JSON,CALCULATED_REAL,USER|ADMIN,TRIAL_AND_BILLING,TrialCountdown|PlanComparison|UsageMeter|BillingStatus,API_CONNECTED,REAL_SNAPSHOT,REVIEW_REQUIRED,backend/ndsp_admin_ui_proxy.cjs,DISCOVERY_REQUIRED,2026-07-31T22:49:11Z,"origin=ON_MAIN;confidence=HIGH;frontend_consumers=0;quality_filtered=true;human_validation=PENDING;full_power_preservation=REQUIRED;pr020_cluster=CLUSTER-6A45450BC66CD8D3;pr020_feature=Trial, plans, and billing;pr020_verification=PARTIALLY_VERIFIED;human_confirmation=REQUIRED;ui_complete=false;pr021_owner_unassigned=UNRESOLVED;pr021_human_confirmation=REQUIRED;pr021_ui_complete=false;pr026_runtime=PENDING;pr026_missing=TEST;pr026_human_confirmation=REQUIRED;pr026_ui_complete=false;pr028_quick_win=CLOSED_MACHINE_VERIFIED;pr028_evidence=test:backend/tests/pr028-quick-wins-contracts.test.cjs;pr028_human_confirmation=REQUIRED;pr028_ui_complete=false"
CAP-54AB364B10F5,Ndsp Admin Ui Proxy,API capability discovered at GET /api/admin-ui/governance,backend/auth_api/ndsp_admin_ui_proxy.cjs,ndsp-admin-ui-proxy.service,GET /api/admin-ui/governance,JSON,CALCULATED_REAL,ADMIN,TRIAL,DISCOVERY_REQUIRED,API_CONNECTED,REAL_SNAPSHOT,REVIEW_REQUIRED,backend/auth_api/ndsp_admin_ui_proxy.cjs,DISCOVERY_REQUIRED,2026-07-31T22:08:07Z,origin=LOCAL_ONLY;confidence=HIGH;frontend_consumers=0;quality_filtered=true;human_validation=PENDING;full_power_preservation=REQUIRED;pr020_semantic_duplicate_of=CAP-C32C78AB47B0;candidate_retained=true;human_confirmation=REQUIRED;ui_complete=false;pr026_runtime=PENDING;pr026_missing=SOURCE|TEST|UI;pr026_human_confirmation=REQUIRED;pr026_ui_complete=false
CAP-622CD214F034,Ndsp Admin Ui Proxy,API capability discovered at GET /api/admin-ui/backups,backend/ndsp_admin_ui_proxy.cjs,ndsp-admin-ui-proxy.service,GET /api/admin-ui/backups,JSON,CALCULATED_REAL,ADMIN,PLATFORM_OPERATIONS,ServiceHealthGrid|RuntimeStatus|GatewayMonitor|BackupPanel,API_CONNECTED,REAL_SNAPSHOT,REVIEW_REQUIRED,backend/ndsp_admin_ui_proxy.cjs,DISCOVERY_REQUIRED,2026-07-31T22:49:11Z,origin=ON_MAIN;confidence=HIGH;frontend_consumers=0;quality_filtered=true;human_validation=PENDING;full_power_preservation=REQUIRED;pr020_cluster=CLUSTER-F6326AB20CA7039F;pr020_feature=Platform operations and service health;pr020_verification=PARTIALLY_VERIFIED;human_confirmation=REQUIRED;ui_complete=false;pr021_owner_unassigned=UNRESOLVED;pr021_human_confirmation=REQUIRED;pr021_ui_complete=false;pr026_runtime=PENDING;pr026_missing=TEST;pr026_human_confirmation=REQUIRED;pr026_ui_complete=false;pr028_quick_win=CLOSED_MACHINE_VERIFIED;pr028_evidence=test:backend/tests/pr028-quick-wins-contracts.test.cjs;pr028_human_confirmation=REQUIRED;pr028_ui_complete=false
CAP-77CF58DFBBF6,Ndsp Admin Ui Proxy,API capability discovered at GET /api/admin-ui/packages,backend/auth_api/ndsp_admin_ui_proxy.cjs,ndsp-admin-ui-proxy.service,GET /api/admin-ui/packages,JSON,CALCULATED_REAL,ADMIN,TRIAL,DISCOVERY_REQUIRED,API_CONNECTED,REAL_SNAPSHOT,REVIEW_REQUIRED,backend/auth_api/ndsp_admin_ui_proxy.cjs,DISCOVERY_REQUIRED,2026-07-31T22:08:07Z,origin=LOCAL_ONLY;confidence=HIGH;frontend_consumers=0;quality_filtered=true;human_validation=PENDING;full_power_preservation=REQUIRED;pr020_semantic_duplicate_of=CAP-D18B4EC4F34A;candidate_retained=true;human_confirmation=REQUIRED;ui_complete=false;pr026_runtime=PENDING;pr026_missing=SOURCE|TEST|UI;pr026_human_confirmation=REQUIRED;pr026_ui_complete=false
CAP-7E97D2614E6D,Ndsp Admin Ui Proxy,API capability discovered at GET /api/admin-ui/markets,backend/ndsp_admin_ui_proxy.cjs,ndsp-admin-ui-proxy.service,GET /api/admin-ui/markets,JSON,CALCULATED_REAL,ADMIN,PLATFORM_OPERATIONS,ServiceHealthGrid|RuntimeStatus|GatewayMonitor|BackupPanel,API_CONNECTED,REAL_SNAPSHOT,REVIEW_REQUIRED,backend/ndsp_admin_ui_proxy.cjs,DISCOVERY_REQUIRED,2026-07-31T22:49:11Z,origin=ON_MAIN;confidence=HIGH;frontend_consumers=0;quality_filtered=true;human_validation=PENDING;full_power_preservation=REQUIRED;pr020_cluster=CLUSTER-2E7C1911FA0C6C3D;pr020_feature=Platform operations and service health;pr020_verification=PARTIALLY_VERIFIED;human_confirmation=REQUIRED;ui_complete=false;pr021_owner_unassigned=UNRESOLVED;pr021_human_confirmation=REQUIRED;pr021_ui_complete=false;pr026_runtime=PENDING;pr026_missing=TEST;pr026_human_confirmation=REQUIRED;pr026_ui_complete=false;pr028_quick_win=CLOSED_MACHINE_VERIFIED;pr028_evidence=test:backend/tests/pr028-quick-wins-contracts.test.cjs;pr028_human_confirmation=REQUIRED;pr028_ui_complete=false
CAP-7F41666FC0D4,Ndsp Admin Ui Proxy,API capability discovered at GET /api/admin-ui/trials,backend/auth_api/ndsp_admin_ui_proxy.cjs,ndsp-admin-ui-proxy.service,GET /api/admin-ui/trials,JSON,CALCULATED_REAL,ADMIN,TRIAL,DISCOVERY_REQUIRED,API_CONNECTED,REAL_SNAPSHOT,REVIEW_REQUIRED,backend/auth_api/ndsp_admin_ui_proxy.cjs,DISCOVERY_REQUIRED,2026-07-31T22:08:07Z,origin=LOCAL_ONLY;confidence=HIGH;frontend_consumers=0;quality_filtered=true;human_validation=PENDING;full_power_preservation=REQUIRED;pr020_semantic_duplicate_of=CAP-F142BF636522;candidate_retained=true;human_confirmation=REQUIRED;ui_complete=false;pr026_runtime=PENDING;pr026_missing=SOURCE|TEST|UI;pr026_human_confirmation=REQUIRED;pr026_ui_complete=false
CAP-8374FD1D62EB,Ndsp Admin Ui Proxy,API capability discovered at GET /api/admin-ui/alerts,backend/ndsp_admin_ui_proxy.cjs,ndsp-admin-ui-proxy.service,GET /api/admin-ui/alerts,JSON,CALCULATED_REAL,ADMIN,PLATFORM_OPERATIONS,ServiceHealthGrid|RuntimeStatus|GatewayMonitor|BackupPanel,API_CONNECTED,REAL_SNAPSHOT,REVIEW_REQUIRED,backend/ndsp_admin_ui_proxy.cjs,DISCOVERY_REQUIRED,2026-07-31T22:49:11Z,origin=ON_MAIN;confidence=HIGH;frontend_consumers=0;quality_filtered=true;human_validation=PENDING;full_power_preservation=REQUIRED;pr020_cluster=CLUSTER-6F9527A740879BA9;pr020_feature=Platform operations and service health;pr020_verification=PARTIALLY_VERIFIED;human_confirmation=REQUIRED;ui_complete=false;pr021_owner_unassigned=UNRESOLVED;pr021_human_confirmation=REQUIRED;pr021_ui_complete=false;pr026_runtime=PENDING;pr026_missing=TEST;pr026_human_confirmation=REQUIRED;pr026_ui_complete=false;pr028_quick_win=CLOSED_MACHINE_VERIFIED;pr028_evidence=test:backend/tests/pr028-quick-wins-contracts.test.cjs;pr028_human_confirmation=REQUIRED;pr028_ui_complete=false
CAP-A61CF5BBAA01,Ndsp Admin Ui Proxy,API capability discovered at POST /api/admin-ui/alerts/channel,backend/ndsp_admin_ui_proxy.cjs,ndsp-admin-ui-proxy.service,POST /api/admin-ui/alerts/channel,JSON,CALCULATED_REAL,USER|ADMIN,ALERTS_AND_CHANNELS,AlertCenter|ChannelSettings|RoutingStatus|TestDelivery,API_CONNECTED,REAL_SNAPSHOT,REVIEW_REQUIRED,backend/ndsp_admin_ui_proxy.cjs,DISCOVERY_REQUIRED,2026-07-31T23:24:58Z,origin=ON_MAIN;confidence=HIGH;frontend_consumers=0;quality_filtered=true;human_validation=PENDING;full_power_preservation=REQUIRED;pr020_cluster=CLUSTER-F62343BD134E1900;pr020_feature=Alerts and delivery channels;pr020_verification=PARTIALLY_VERIFIED;human_confirmation=REQUIRED;ui_complete=false;pr021_owner_unassigned=UNRESOLVED;pr021_human_confirmation=REQUIRED;pr021_ui_complete=false;pr026_runtime=PENDING;pr026_missing=ENDPOINT|TEST;pr026_human_confirmation=REQUIRED;pr026_ui_complete=false;pr028_quick_win=PARTIAL_REMEDIATION;pr028_remaining=ENDPOINT;pr028_human_confirmation=REQUIRED;pr028_ui_complete=false;pr029_remaining_quick_win=OPEN;pr029_missing=ENDPOINT;pr029_human_confirmation=REQUIRED;pr029_ui_complete=false;pr030_endpoint_real_data=CLOSED_MACHINE_VERIFIED;pr030_evidence=endpoint:GET /api/admin-ui/alerts@backend/ndsp_admin_ui_proxy.cjs:486 probe=http://127.0.0.1:443/api/admin-ui/alerts HTTP_400;pr030_human_confirmation=REQUIRED;pr030_ui_complete=false
CAP-B25ABE2AD98F,Ndsp Admin Ui Proxy,API capability discovered at GET /api/admin-ui/alerts,backend/auth_api/ndsp_admin_ui_proxy.cjs,ndsp-admin-ui-proxy.service,GET /api/admin-ui/alerts,JSON,CALCULATED_REAL,ADMIN,TRIAL,DISCOVERY_REQUIRED,API_CONNECTED,REAL_SNAPSHOT,REVIEW_REQUIRED,backend/auth_api/ndsp_admin_ui_proxy.cjs,DISCOVERY_REQUIRED,2026-07-31T22:08:07Z,origin=LOCAL_ONLY;confidence=HIGH;frontend_consumers=0;quality_filtered=true;human_validation=PENDING;full_power_preservation=REQUIRED;pr020_semantic_duplicate_of=CAP-8374FD1D62EB;candidate_retained=true;human_confirmation=REQUIRED;ui_complete=false;pr026_runtime=PENDING;pr026_missing=SOURCE|TEST|UI;pr026_human_confirmation=REQUIRED;pr026_ui_complete=false
CAP-B39355BFBE71,Ndsp Admin Ui Proxy,API capability discovered at GET /api/admin-ui/summary,backend/ndsp_admin_ui_proxy.cjs,ndsp-admin-ui-proxy.service,GET /api/admin-ui/summary,JSON,CALCULATED_REAL,USER|ADMIN,REPORTS_AND_ANALYTICS,ReportLibrary|AnalyticsChart|HistoryTable|EvidenceDrawer,API_CONNECTED,REAL_SNAPSHOT,REVIEW_REQUIRED,backend/ndsp_admin_ui_proxy.cjs,DISCOVERY_REQUIRED,2026-07-31T22:49:11Z,"origin=ON_MAIN;confidence=HIGH;frontend_consumers=0;quality_filtered=true;human_validation=PENDING;full_power_preservation=REQUIRED;pr020_cluster=CLUSTER-65E18FD59CD68EA6;pr020_feature=Reports, analytics, and evidence;pr020_verification=PARTIALLY_VERIFIED;human_confirmation=REQUIRED;ui_complete=false;pr021_owner_unassigned=UNRESOLVED;pr021_human_confirmation=REQUIRED;pr021_ui_complete=false;pr026_runtime=PENDING;pr026_missing=TEST;pr026_human_confirmation=REQUIRED;pr026_ui_complete=false;pr028_quick_win=CLOSED_MACHINE_VERIFIED;pr028_evidence=test:backend/tests/pr028-quick-wins-contracts.test.cjs;pr028_human_confirmation=REQUIRED;pr028_ui_complete=false"
CAP-BE5C7B84201D,Ndsp Admin Ui Proxy,API capability discovered at GET /api/admin-ui/payments,backend/auth_api/ndsp_admin_ui_proxy.cjs,ndsp-admin-ui-proxy.service,GET /api/admin-ui/payments,JSON,CALCULATED_REAL,ADMIN,TRIAL,DISCOVERY_REQUIRED,API_CONNECTED,REAL_SNAPSHOT,REVIEW_REQUIRED,backend/auth_api/ndsp_admin_ui_proxy.cjs,DISCOVERY_REQUIRED,2026-07-31T22:08:07Z,origin=LOCAL_ONLY;confidence=HIGH;frontend_consumers=0;quality_filtered=true;human_validation=PENDING;full_power_preservation=REQUIRED;pr020_semantic_duplicate_of=CAP-513B295710F5;candidate_retained=true;human_confirmation=REQUIRED;ui_complete=false;pr026_runtime=PENDING;pr026_missing=SOURCE|TEST|UI;pr026_human_confirmation=REQUIRED;pr026_ui_complete=false
CAP-C32C78AB47B0,Ndsp Admin Ui Proxy,API capability discovered at GET /api/admin-ui/governance,backend/ndsp_admin_ui_proxy.cjs,ndsp-admin-ui-proxy.service,GET /api/admin-ui/governance,JSON,CALCULATED_REAL,USER|ADMIN,QUALITY_AND_RISK,QualityScore|RiskPanel|ConfidenceGauge|GovernanceStatus,API_CONNECTED,REAL_SNAPSHOT,REVIEW_REQUIRED,backend/ndsp_admin_ui_proxy.cjs,DISCOVERY_REQUIRED,2026-07-31T22:49:11Z,origin=ON_MAIN;confidence=HIGH;frontend_consumers=0;quality_filtered=true;human_validation=PENDING;full_power_preservation=REQUIRED;pr020_cluster=CLUSTER-78C95988F325EF45;pr020_feature=Decision quality and risk controls;pr020_verification=PARTIALLY_VERIFIED;human_confirmation=REQUIRED;ui_complete=false;pr021_owner_unassigned=UNRESOLVED;pr021_human_confirmation=REQUIRED;pr021_ui_complete=false;pr026_runtime=PENDING;pr026_missing=TEST;pr026_human_confirmation=REQUIRED;pr026_ui_complete=false;pr028_quick_win=CLOSED_MACHINE_VERIFIED;pr028_evidence=test:backend/tests/pr028-quick-wins-contracts.test.cjs;pr028_human_confirmation=REQUIRED;pr028_ui_complete=false
CAP-C58E98CA2D3A,Ndsp Admin Ui Proxy,API capability discovered at POST /api/admin-ui/alerts/test,backend/auth_api/ndsp_admin_ui_proxy.cjs,ndsp-admin-ui-proxy.service,POST /api/admin-ui/alerts/test,JSON,CALCULATED_REAL,ADMIN,TRIAL,DISCOVERY_REQUIRED,API_CONNECTED,REAL_SNAPSHOT,REVIEW_REQUIRED,backend/auth_api/ndsp_admin_ui_proxy.cjs,DISCOVERY_REQUIRED,2026-07-31T22:08:07Z,origin=LOCAL_ONLY;confidence=HIGH;frontend_consumers=0;quality_filtered=true;human_validation=PENDING;full_power_preservation=REQUIRED;pr020_semantic_duplicate_of=CAP-4B75FD38F852;candidate_retained=true;human_confirmation=REQUIRED;ui_complete=false;pr026_runtime=PENDING;pr026_missing=SOURCE|ENDPOINT|TEST|UI;pr026_human_confirmation=REQUIRED;pr026_ui_complete=false
CAP-C8F6891BC250,Ndsp Admin Ui Proxy,API capability discovered at GET /api/admin-ui/users,backend/auth_api/ndsp_admin_ui_proxy.cjs,ndsp-admin-ui-proxy.service,GET /api/admin-ui/users,JSON,CALCULATED_REAL,ADMIN,TRIAL,DISCOVERY_REQUIRED,API_CONNECTED,REAL_SNAPSHOT,REVIEW_REQUIRED,backend/auth_api/ndsp_admin_ui_proxy.cjs,DISCOVERY_REQUIRED,2026-07-31T22:08:07Z,origin=LOCAL_ONLY;confidence=HIGH;frontend_consumers=0;quality_filtered=true;human_validation=PENDING;full_power_preservation=REQUIRED;pr020_semantic_duplicate_of=CAP-24BDA2A0DD8B;candidate_retained=true;human_confirmation=REQUIRED;ui_complete=false;pr026_runtime=PENDING;pr026_missing=SOURCE|TEST|UI;pr026_human_confirmation=REQUIRED;pr026_ui_complete=false
CAP-D18B4EC4F34A,Ndsp Admin Ui Proxy,API capability discovered at GET /api/admin-ui/packages,backend/ndsp_admin_ui_proxy.cjs,ndsp-admin-ui-proxy.service,GET /api/admin-ui/packages,JSON,CALCULATED_REAL,ADMIN,PLATFORM_OPERATIONS,ServiceHealthGrid|RuntimeStatus|GatewayMonitor|BackupPanel,API_CONNECTED,REAL_SNAPSHOT,REVIEW_REQUIRED,backend/ndsp_admin_ui_proxy.cjs,DISCOVERY_REQUIRED,2026-07-31T22:49:11Z,origin=ON_MAIN;confidence=HIGH;frontend_consumers=0;quality_filtered=true;human_validation=PENDING;full_power_preservation=REQUIRED;pr020_cluster=CLUSTER-146A953A5A090F47;pr020_feature=Platform operations and service health;pr020_verification=PARTIALLY_VERIFIED;human_confirmation=REQUIRED;ui_complete=false;pr021_owner_unassigned=UNRESOLVED;pr021_human_confirmation=REQUIRED;pr021_ui_complete=false;pr026_runtime=PENDING;pr026_missing=TEST;pr026_human_confirmation=REQUIRED;pr026_ui_complete=false;pr028_quick_win=CLOSED_MACHINE_VERIFIED;pr028_evidence=test:backend/tests/pr028-quick-wins-contracts.test.cjs;pr028_human_confirmation=REQUIRED;pr028_ui_complete=false
CAP-F142BF636522,Ndsp Admin Ui Proxy,API capability discovered at GET /api/admin-ui/trials,backend/ndsp_admin_ui_proxy.cjs,ndsp-admin-ui-proxy.service,GET /api/admin-ui/trials,JSON,CALCULATED_REAL,USER|ADMIN,TRIAL_AND_BILLING,TrialCountdown|PlanComparison|UsageMeter|BillingStatus,API_CONNECTED,REAL_SNAPSHOT,REVIEW_REQUIRED,backend/ndsp_admin_ui_proxy.cjs,DISCOVERY_REQUIRED,2026-07-31T22:49:11Z,"origin=ON_MAIN;confidence=HIGH;frontend_consumers=0;quality_filtered=true;human_validation=PENDING;full_power_preservation=REQUIRED;pr020_cluster=CLUSTER-5792A265FF46E0D7;pr020_feature=Trial, plans, and billing;pr020_verification=PARTIALLY_VERIFIED;human_confirmation=REQUIRED;ui_complete=false;pr021_owner_unassigned=UNRESOLVED;pr021_human_confirmation=REQUIRED;pr021_ui_complete=false;pr026_runtime=PENDING;pr026_missing=TEST;pr026_human_confirmation=REQUIRED;pr026_ui_complete=false;pr028_quick_win=CLOSED_MACHINE_VERIFIED;pr028_evidence=test:backend/tests/pr028-quick-wins-contracts.test.cjs;pr028_human_confirmation=REQUIRED;pr028_ui_complete=false"
CAP-F1EB25BD9898,Ndsp Admin Ui Proxy,API capability discovered at POST /api/admin-ui/alerts/channel,backend/auth_api/ndsp_admin_ui_proxy.cjs,ndsp-admin-ui-proxy.service,POST /api/admin-ui/alerts/channel,JSON,CALCULATED_REAL,ADMIN,TRIAL,DISCOVERY_REQUIRED,API_CONNECTED,REAL_SNAPSHOT,REVIEW_REQUIRED,backend/auth_api/ndsp_admin_ui_proxy.cjs,DISCOVERY_REQUIRED,2026-07-31T22:08:07Z,origin=LOCAL_ONLY;confidence=HIGH;frontend_consumers=0;quality_filtered=true;human_validation=PENDING;full_power_preservation=REQUIRED;pr020_semantic_duplicate_of=CAP-A61CF5BBAA01;candidate_retained=true;human_confirmation=REQUIRED;ui_complete=false;pr026_runtime=PENDING;pr026_missing=SOURCE|ENDPOINT|TEST|UI;pr026_human_confirmation=REQUIRED;pr026_ui_complete=false
CAP-F4D88C2A7931,Ndsp Admin Ui Proxy,API capability discovered at GET /api/admin-ui/health,backend/ndsp_admin_ui_proxy.cjs,ndsp-admin-ui-proxy.service,GET /api/admin-ui/health,JSON,CALCULATED_REAL,ADMIN,PLATFORM_OPERATIONS,ServiceHealthGrid|RuntimeStatus|GatewayMonitor|BackupPanel,API_CONNECTED,REAL_SNAPSHOT,REVIEW_REQUIRED,backend/ndsp_admin_ui_proxy.cjs,DISCOVERY_REQUIRED,2026-07-31T22:49:11Z,origin=ON_MAIN;confidence=HIGH;frontend_consumers=0;quality_filtered=true;human_validation=PENDING;full_power_preservation=REQUIRED;pr020_cluster=CLUSTER-065FF7E991FE7A36;pr020_feature=Platform operations and service health;pr020_verification=PARTIALLY_VERIFIED;human_confirmation=REQUIRED;ui_complete=false;pr021_owner_unassigned=UNRESOLVED;pr021_human_confirmation=REQUIRED;pr021_ui_complete=false;pr026_runtime=PENDING;pr026_missing=TEST;pr026_human_confirmation=REQUIRED;pr026_ui_complete=false;pr028_quick_win=CLOSED_MACHINE_VERIFIED;pr028_evidence=test:backend/tests/pr028-quick-wins-contracts.test.cjs;pr028_human_confirmation=REQUIRED;pr028_ui_complete=false
CAP-20B6E1FEA3A2,Ndsp Api Compat Gateway,API capability discovered at GET /api/markets,backend/ndsp_api_compat_gateway.cjs,ndsp-api-compat.service,GET /api/markets,JSON,CALCULATED_REAL,ADMIN,PLATFORM_OPERATIONS,ServiceHealthGrid|RuntimeStatus|GatewayMonitor|BackupPanel,API_CONNECTED,REAL_SNAPSHOT,REVIEW_REQUIRED,backend/ndsp_api_compat_gateway.cjs,DISCOVERY_REQUIRED,2026-07-31T22:49:11Z,origin=ON_MAIN;confidence=HIGH;frontend_consumers=0;quality_filtered=true;human_validation=PENDING;full_power_preservation=REQUIRED;pr020_cluster=CLUSTER-2305B098920942A5;pr020_feature=Platform operations and service health;pr020_verification=PARTIALLY_VERIFIED;human_confirmation=REQUIRED;ui_complete=false;pr021_owner_unassigned=UNRESOLVED;pr021_human_confirmation=REQUIRED;pr021_ui_complete=false;pr026_runtime=PENDING;pr026_missing=TEST;pr026_human_confirmation=REQUIRED;pr026_ui_complete=false;pr028_quick_win=CLOSED_MACHINE_VERIFIED;pr028_evidence=test:backend/tests/pr028-quick-wins-contracts.test.cjs;pr028_human_confirmation=REQUIRED;pr028_ui_complete=false
CAP-3CFCB5B47F6B,Ndsp Api Compat Gateway,API capability discovered at GET /api/account/trial,backend/ndsp_api_compat_gateway.cjs,ndsp-api-compat.service,GET /api/account/trial,JSON,CALCULATED_REAL,ADMIN,PLATFORM_OPERATIONS,ServiceHealthGrid|RuntimeStatus|GatewayMonitor|BackupPanel,API_CONNECTED,REAL_SNAPSHOT,REVIEW_REQUIRED,backend/ndsp_api_compat_gateway.cjs,DISCOVERY_REQUIRED,2026-07-31T22:49:11Z,origin=ON_MAIN;confidence=HIGH;frontend_consumers=0;quality_filtered=true;human_validation=PENDING;full_power_preservation=REQUIRED;pr020_cluster=CLUSTER-9EC582F4151E97EC;pr020_feature=Platform operations and service health;pr020_verification=PARTIALLY_VERIFIED;human_confirmation=REQUIRED;ui_complete=false;pr021_owner_unassigned=UNRESOLVED;pr021_human_confirmation=REQUIRED;pr021_ui_complete=false;pr026_runtime=PENDING;pr026_missing=TEST;pr026_human_confirmation=REQUIRED;pr026_ui_complete=false;pr028_quick_win=CLOSED_MACHINE_VERIFIED;pr028_evidence=test:backend/tests/pr028-quick-wins-contracts.test.cjs;pr028_human_confirmation=REQUIRED;pr028_ui_complete=false
CAP-3D0167450973,Ndsp Api Compat Gateway,API capability discovered at GET /api/alerts/status,backend/ndsp_api_compat_gateway.cjs,ndsp-api-compat.service,GET /api/alerts/status,JSON,CALCULATED_REAL,ADMIN,PLATFORM_OPERATIONS,ServiceHealthGrid|RuntimeStatus|GatewayMonitor|BackupPanel,API_CONNECTED,REAL_SNAPSHOT,REVIEW_REQUIRED,backend/ndsp_api_compat_gateway.cjs,DISCOVERY_REQUIRED,2026-07-31T22:49:11Z,origin=ON_MAIN;confidence=HIGH;frontend_consumers=0;quality_filtered=true;human_validation=PENDING;full_power_preservation=REQUIRED;pr020_cluster=CLUSTER-9F64828D6707F6B0;pr020_feature=Platform operations and service health;pr020_verification=PARTIALLY_VERIFIED;human_confirmation=REQUIRED;ui_complete=false;pr021_owner_unassigned=UNRESOLVED;pr021_human_confirmation=REQUIRED;pr021_ui_complete=false;pr026_runtime=PENDING;pr026_missing=TEST;pr026_human_confirmation=REQUIRED;pr026_ui_complete=false;pr028_quick_win=CLOSED_MACHINE_VERIFIED;pr028_evidence=test:backend/tests/pr028-quick-wins-contracts.test.cjs;pr028_human_confirmation=REQUIRED;pr028_ui_complete=false
CAP-48E71B4F1CF7,Ndsp Api Compat Gateway,API capability discovered at GET /api/payments/status,backend/ndsp_api_compat_gateway.cjs,ndsp-api-compat.service,GET /api/payments/status,JSON,CALCULATED_REAL,ADMIN,PLATFORM_OPERATIONS,ServiceHealthGrid|RuntimeStatus|GatewayMonitor|BackupPanel,API_CONNECTED,REAL_SNAPSHOT,REVIEW_REQUIRED,backend/ndsp_api_compat_gateway.cjs,DISCOVERY_REQUIRED,2026-07-31T22:49:11Z,origin=ON_MAIN;confidence=HIGH;frontend_consumers=0;quality_filtered=true;human_validation=PENDING;full_power_preservation=REQUIRED;pr020_cluster=CLUSTER-7C1FEACB5901A8AF;pr020_feature=Platform operations and service health;pr020_verification=PARTIALLY_VERIFIED;human_confirmation=REQUIRED;ui_complete=false;pr021_owner_unassigned=UNRESOLVED;pr021_human_confirmation=REQUIRED;pr021_ui_complete=false;pr026_runtime=PENDING;pr026_missing=TEST;pr026_human_confirmation=REQUIRED;pr026_ui_complete=false;pr028_quick_win=CLOSED_MACHINE_VERIFIED;pr028_evidence=test:backend/tests/pr028-quick-wins-contracts.test.cjs;pr028_human_confirmation=REQUIRED;pr028_ui_complete=false
CAP-570806ECD8A4,Ndsp Api Compat Gateway,API capability discovered at GET /health,backend/ndsp_api_compat_gateway.cjs,ndsp-api-compat.service,GET /health,JSON,CALCULATED_REAL,ADMIN,PLATFORM_OPERATIONS,ServiceHealthGrid|RuntimeStatus|GatewayMonitor|BackupPanel,API_CONNECTED,REAL_SNAPSHOT,REVIEW_REQUIRED,backend/ndsp_api_compat_gateway.cjs,DISCOVERY_REQUIRED,2026-07-31T22:49:11Z,origin=ON_MAIN;confidence=HIGH;frontend_consumers=1;quality_filtered=true;human_validation=PENDING;full_power_preservation=REQUIRED;pr020_cluster=CLUSTER-95A680D94563A2A1;pr020_feature=Platform operations and service health;pr020_verification=PARTIALLY_VERIFIED;human_confirmation=REQUIRED;ui_complete=false;pr021_owner_unassigned=UNRESOLVED;pr021_human_confirmation=REQUIRED;pr021_ui_complete=false;pr026_runtime=PENDING;pr026_missing=TEST;pr026_human_confirmation=REQUIRED;pr026_ui_complete=false;pr028_quick_win=CLOSED_MACHINE_VERIFIED;pr028_evidence=test:backend/tests/pr028-quick-wins-contracts.test.cjs;pr028_human_confirmation=REQUIRED;pr028_ui_complete=false
CAP-81C879AE2209,Ndsp Api Compat Gateway,API capability discovered at GET /api/packages,backend/ndsp_api_compat_gateway.cjs,ndsp-api-compat.service,GET /api/packages,JSON,CALCULATED_REAL,ADMIN,PLATFORM_OPERATIONS,ServiceHealthGrid|RuntimeStatus|GatewayMonitor|BackupPanel,API_CONNECTED,REAL_SNAPSHOT,REVIEW_REQUIRED,backend/ndsp_api_compat_gateway.cjs,DISCOVERY_REQUIRED,2026-07-31T22:49:11Z,origin=ON_MAIN;confidence=HIGH;frontend_consumers=0;quality_filtered=true;human_validation=PENDING;full_power_preservation=REQUIRED;pr020_cluster=CLUSTER-13E1BE84357A8BF3;pr020_feature=Platform operations and service health;pr020_verification=PARTIALLY_VERIFIED;human_confirmation=REQUIRED;ui_complete=false;pr021_owner_unassigned=UNRESOLVED;pr021_human_confirmation=REQUIRED;pr021_ui_complete=false;pr026_runtime=PENDING;pr026_missing=TEST;pr026_human_confirmation=REQUIRED;pr026_ui_complete=false;pr028_quick_win=CLOSED_MACHINE_VERIFIED;pr028_evidence=test:backend/tests/pr028-quick-wins-contracts.test.cjs;pr028_human_confirmation=REQUIRED;pr028_ui_complete=false
CAP-8E040D696446,Ndsp Api Compat Gateway,API capability discovered at GET /health,backend/auth_api/ndsp_api_compat_gateway.cjs,ndsp-api-compat.service,GET /health,JSON,CALCULATED_REAL,ADMIN,TRIAL,backend/framework/tests/framework.test.cjs,UI_PARTIAL,REAL_SNAPSHOT,REVIEW_REQUIRED,backend/auth_api/ndsp_api_compat_gateway.cjs,DISCOVERY_REQUIRED,2026-07-31T22:08:07Z,origin=LOCAL_ONLY;confidence=HIGH;frontend_consumers=1;quality_filtered=true;human_validation=PENDING;full_power_preservation=REQUIRED;pr020_semantic_duplicate_of=CAP-570806ECD8A4;candidate_retained=true;human_confirmation=REQUIRED;ui_complete=false;pr026_runtime=PENDING;pr026_missing=SOURCE|TEST;pr026_human_confirmation=REQUIRED;pr026_ui_complete=false
CAP-A1DBE2356637,Ndsp Api Compat Gateway,API capability discovered at GET /api/alerts/status,backend/auth_api/ndsp_api_compat_gateway.cjs,ndsp-api-compat.service,GET /api/alerts/status,JSON,CALCULATED_REAL,ADMIN,TRIAL,DISCOVERY_REQUIRED,API_CONNECTED,REAL_SNAPSHOT,REVIEW_REQUIRED,backend/auth_api/ndsp_api_compat_gateway.cjs,DISCOVERY_REQUIRED,2026-07-31T22:08:07Z,origin=LOCAL_ONLY;confidence=HIGH;frontend_consumers=0;quality_filtered=true;human_validation=PENDING;full_power_preservation=REQUIRED;pr020_semantic_duplicate_of=CAP-3D0167450973;candidate_retained=true;human_confirmation=REQUIRED;ui_complete=false;pr026_runtime=PENDING;pr026_missing=SOURCE|TEST|UI;pr026_human_confirmation=REQUIRED;pr026_ui_complete=false
CAP-A323993993E5,Ndsp Api Compat Gateway,API capability discovered at GET /api/markets,backend/auth_api/ndsp_api_compat_gateway.cjs,ndsp-api-compat.service,GET /api/markets,JSON,CALCULATED_REAL,ADMIN,TRIAL,DISCOVERY_REQUIRED,API_CONNECTED,REAL_SNAPSHOT,REVIEW_REQUIRED,backend/auth_api/ndsp_api_compat_gateway.cjs,DISCOVERY_REQUIRED,2026-07-31T22:08:07Z,origin=LOCAL_ONLY;confidence=HIGH;frontend_consumers=0;quality_filtered=true;human_validation=PENDING;full_power_preservation=REQUIRED;pr020_semantic_duplicate_of=CAP-20B6E1FEA3A2;candidate_retained=true;human_confirmation=REQUIRED;ui_complete=false;pr026_runtime=PENDING;pr026_missing=SOURCE|TEST|UI;pr026_human_confirmation=REQUIRED;pr026_ui_complete=false
CAP-B2C76796BD6C,Ndsp Api Compat Gateway,API capability discovered at GET /api/packages,backend/auth_api/ndsp_api_compat_gateway.cjs,ndsp-api-compat.service,GET /api/packages,JSON,CALCULATED_REAL,ADMIN,TRIAL,DISCOVERY_REQUIRED,API_CONNECTED,REAL_SNAPSHOT,REVIEW_REQUIRED,backend/auth_api/ndsp_api_compat_gateway.cjs,DISCOVERY_REQUIRED,2026-07-31T22:08:07Z,origin=LOCAL_ONLY;confidence=HIGH;frontend_consumers=0;quality_filtered=true;human_validation=PENDING;full_power_preservation=REQUIRED;pr020_semantic_duplicate_of=CAP-81C879AE2209;candidate_retained=true;human_confirmation=REQUIRED;ui_complete=false;pr026_runtime=PENDING;pr026_missing=SOURCE|TEST|UI;pr026_human_confirmation=REQUIRED;pr026_ui_complete=false
CAP-B800EB18EDBC,Ndsp Api Compat Gateway,API capability discovered at GET /api/account/trial,backend/auth_api/ndsp_api_compat_gateway.cjs,ndsp-api-compat.service,GET /api/account/trial,JSON,CALCULATED_REAL,ADMIN,TRIAL,DISCOVERY_REQUIRED,API_CONNECTED,REAL_SNAPSHOT,REVIEW_REQUIRED,backend/auth_api/ndsp_api_compat_gateway.cjs,DISCOVERY_REQUIRED,2026-07-31T22:08:07Z,origin=LOCAL_ONLY;confidence=HIGH;frontend_consumers=0;quality_filtered=true;human_validation=PENDING;full_power_preservation=REQUIRED;pr020_semantic_duplicate_of=CAP-3CFCB5B47F6B;candidate_retained=true;human_confirmation=REQUIRED;ui_complete=false;pr026_runtime=PENDING;pr026_missing=SOURCE|TEST|UI;pr026_human_confirmation=REQUIRED;pr026_ui_complete=false
CAP-F66DBAC61596,Ndsp Api Compat Gateway,API capability discovered at GET /api/payments/status,backend/auth_api/ndsp_api_compat_gateway.cjs,ndsp-api-compat.service,GET /api/payments/status,JSON,CALCULATED_REAL,ADMIN,TRIAL,DISCOVERY_REQUIRED,API_CONNECTED,REAL_SNAPSHOT,REVIEW_REQUIRED,backend/auth_api/ndsp_api_compat_gateway.cjs,DISCOVERY_REQUIRED,2026-07-31T22:08:07Z,origin=LOCAL_ONLY;confidence=HIGH;frontend_consumers=0;quality_filtered=true;human_validation=PENDING;full_power_preservation=REQUIRED;pr020_semantic_duplicate_of=CAP-48E71B4F1CF7;candidate_retained=true;human_confirmation=REQUIRED;ui_complete=false;pr026_runtime=PENDING;pr026_missing=SOURCE|TEST|UI;pr026_human_confirmation=REQUIRED;pr026_ui_complete=false
CAP-00ED621D6D60,Ndsp Attach Dual Scenario Data Quality Public V1,Business or platform capability discovered from _ndsp_attach_dual_scenario_data_quality_public_v1 in backend/ndsp-live-decision-quality/server.py,backend/ndsp-live-decision-quality/server.py::_ndsp_attach_dual_scenario_data_quality_public_v1,ndsp-live-decision-quality.service,GET /api/decision/quality-live|GET /api/decision/quality-live/health|GET /api/decision/quality-live|GET /api/decision/quality-live/health,CSV|JSON,CALCULATED_REAL,PUBLIC,LANDING,CapabilityProof|LiveMetric|PlatformTimeline,API_CONNECTED,REAL_SNAPSHOT,REVIEW_REQUIRED,backend/ndsp-live-decision-quality/server.py,DISCOVERY_REQUIRED,2026-07-31T22:08:07Z,origin=LOCAL_ONLY;confidence=HIGH;business_keyword_score=9;quality_filtered=true;human_validation=PENDING;full_power_preservation=REQUIRED;pr020_cluster=CLUSTER-7EB5191C8588F907;pr020_feature=Public platform presentation;pr020_verification=PARTIALLY_VERIFIED;human_confirmation=REQUIRED;ui_complete=false;pr021_owner_unassigned=OWNER_CANDIDATE_FOUND_NOT_AUTHORITATIVE;pr021_human_confirmation=REQUIRED;pr021_ui_complete=false;pr026_runtime=PENDING;pr026_missing=SOURCE|TEST;pr026_human_confirmation=REQUIRED;pr026_ui_complete=false
CAP-29DCBEF0D49C,Ndsp Nowpayments,API capability discovered at POST /checkout/create,backend/ndsp_nowpayments.cjs,DISCOVERY_REQUIRED,POST /checkout/create,HTTP_API|JSON|POSTGRES,CALCULATED_REAL,USER|ADMIN,TRIAL_AND_BILLING,TrialCountdown|PlanComparison|UsageMeter|BillingStatus,API_CONNECTED,REAL_LIVE,REVIEW_REQUIRED,backend/ndsp_nowpayments.cjs|docs/99-governance/pr-019-capability-discovery-audit/PR019_ACTIVE_CAPABILITY_CATALOG.json|docs/99-governance/pr-053-p0-batch-15-evidence-closure/PR-053-P0-BATCH-15-EVIDENCE-CLOSURE.md,DISCOVERY_REQUIRED,2026-08-01T10:05:11Z,"origin=ON_MAIN;confidence=HIGH;frontend_consumers=0;quality_filtered=true;human_validation=PENDING;full_power_preservation=REQUIRED;pr020_cluster=CLUSTER-D7C6C05092448016;pr020_feature=Trial, plans, and billing;pr020_verification=PARTIALLY_VERIFIED;human_confirmation=REQUIRED;ui_complete=false;pr021_runtime_service_unverified=AMBIGUOUS_EVIDENCE;pr021_owner_unassigned=UNRESOLVED;pr021_human_confirmation=REQUIRED;pr021_ui_complete=false;pr026_runtime=PENDING;pr026_missing=SERVICE|ENDPOINT|TEST;pr026_human_confirmation=REQUIRED;pr026_ui_complete=false;pr053_batch=B15_SERVICE_ONLY;pr053_machine_evidence=CLOSED;pr053_evidence_paths=docs/99-governance/pr-019-capability-discovery-audit/PR019_ACTIVE_CAPABILITY_CATALOG.json;pr053_human_confirmation=REQUIRED;pr053_ui_complete=false"
CAP-70C19D24087E,Ndsp Nowpayments,API capability discovered at GET /webhooks/nowpayments,backend/ndsp_nowpayments.cjs,DISCOVERY_REQUIRED,GET /webhooks/nowpayments,HTTP_API|JSON|POSTGRES,CALCULATED_REAL,USER|ADMIN,TRIAL_AND_BILLING,TrialCountdown|PlanComparison|UsageMeter|BillingStatus,API_CONNECTED,REAL_LIVE,REVIEW_REQUIRED,backend/ndsp_nowpayments.cjs|docs/99-governance/pr-019-capability-discovery-audit/PR019_ACTIVE_CAPABILITY_CATALOG.json|docs/99-governance/pr-054-p0-batch-16-evidence-closure/PR-054-P0-BATCH-16-EVIDENCE-CLOSURE.md,DISCOVERY_REQUIRED,2026-08-01T10:11:30Z,"origin=ON_MAIN;confidence=HIGH;frontend_consumers=0;quality_filtered=true;human_validation=PENDING;full_power_preservation=REQUIRED;pr020_cluster=CLUSTER-3373CEFA77A50B27;pr020_feature=Trial, plans, and billing;pr020_verification=PARTIALLY_VERIFIED;human_confirmation=REQUIRED;ui_complete=false;pr021_runtime_service_unverified=AMBIGUOUS_EVIDENCE;pr021_owner_unassigned=UNRESOLVED;pr021_human_confirmation=REQUIRED;pr021_ui_complete=false;pr026_runtime=PENDING;pr026_missing=SERVICE|TEST;pr026_human_confirmation=REQUIRED;pr026_ui_complete=false;pr054_batch=B16_SERVICE_ONLY;pr054_machine_evidence=CLOSED;pr054_evidence_paths=docs/99-governance/pr-019-capability-discovery-audit/PR019_ACTIVE_CAPABILITY_CATALOG.json;pr054_human_confirmation=REQUIRED;pr054_ui_complete=false"
CAP-7AF5F3CAE976,Ndsp Nowpayments,API capability discovered at POST /webhooks/nowpayments,backend/ndsp_nowpayments.cjs,DISCOVERY_REQUIRED,POST /webhooks/nowpayments,HTTP_API|JSON|POSTGRES,CALCULATED_REAL,USER|ADMIN,TRIAL_AND_BILLING,TrialCountdown|PlanComparison|UsageMeter|BillingStatus,API_CONNECTED,REAL_LIVE,REVIEW_REQUIRED,backend/ndsp_nowpayments.cjs|docs/99-governance/pr-019-capability-discovery-audit/PR019_ACTIVE_CAPABILITY_CATALOG.json|docs/99-governance/pr-054-p0-batch-16-evidence-closure/PR-054-P0-BATCH-16-EVIDENCE-CLOSURE.md,DISCOVERY_REQUIRED,2026-08-01T10:11:30Z,"origin=ON_MAIN;confidence=HIGH;frontend_consumers=0;quality_filtered=true;human_validation=PENDING;full_power_preservation=REQUIRED;pr020_cluster=CLUSTER-9D13ADEF1E509D68;pr020_feature=Trial, plans, and billing;pr020_verification=PARTIALLY_VERIFIED;human_confirmation=REQUIRED;ui_complete=false;pr021_runtime_service_unverified=AMBIGUOUS_EVIDENCE;pr021_owner_unassigned=UNRESOLVED;pr021_human_confirmation=REQUIRED;pr021_ui_complete=false;pr026_runtime=PENDING;pr026_missing=SERVICE|ENDPOINT|TEST;pr026_human_confirmation=REQUIRED;pr026_ui_complete=false;pr054_batch=B16_SERVICE_ONLY;pr054_machine_evidence=CLOSED;pr054_evidence_paths=docs/99-governance/pr-019-capability-discovery-audit/PR019_ACTIVE_CAPABILITY_CATALOG.json;pr054_human_confirmation=REQUIRED;pr054_ui_complete=false"
CAP-DBE4CDD3AB94,Ndsp Nowpayments,API capability discovered at GET /nowpayments/health,backend/ndsp_nowpayments.cjs,DISCOVERY_REQUIRED,GET /nowpayments/health,HTTP_API|JSON|POSTGRES,CALCULATED_REAL,USER|ADMIN,TRIAL_AND_BILLING,TrialCountdown|PlanComparison|UsageMeter|BillingStatus,API_CONNECTED,REAL_LIVE,REVIEW_REQUIRED,backend/ndsp_nowpayments.cjs|docs/99-governance/pr-019-capability-discovery-audit/PR019_ACTIVE_CAPABILITY_CATALOG.json|docs/99-governance/pr-054-p0-batch-16-evidence-closure/PR-054-P0-BATCH-16-EVIDENCE-CLOSURE.md,DISCOVERY_REQUIRED,2026-08-01T10:11:30Z,"origin=ON_MAIN;confidence=HIGH;frontend_consumers=0;quality_filtered=true;human_validation=PENDING;full_power_preservation=REQUIRED;pr020_cluster=CLUSTER-FFA7F6F8B9033F4B;pr020_feature=Trial, plans, and billing;pr020_verification=PARTIALLY_VERIFIED;human_confirmation=REQUIRED;ui_complete=false;pr021_runtime_service_unverified=AMBIGUOUS_EVIDENCE;pr021_owner_unassigned=UNRESOLVED;pr021_human_confirmation=REQUIRED;pr021_ui_complete=false;pr026_runtime=PENDING;pr026_missing=SERVICE|TEST;pr026_human_confirmation=REQUIRED;pr026_ui_complete=false;pr054_batch=B16_SERVICE_ONLY;pr054_machine_evidence=CLOSED;pr054_evidence_paths=docs/99-governance/pr-019-capability-discovery-audit/PR019_ACTIVE_CAPABILITY_CATALOG.json;pr054_human_confirmation=REQUIRED;pr054_ui_complete=false"
CAP-0622719B013B,Ndsp Public Quality Unique,API capability discovered at GET /api/ndsp/public/decision-quality,backend/app/api/ndsp_public_quality_unique.py,DISCOVERY_REQUIRED,GET /api/ndsp/public/decision-quality,UNKNOWN,CALCULATED_REAL,PUBLIC,LANDING,CapabilityProof|LiveMetric|PlatformTimeline,API_CONNECTED,UNKNOWN,REVIEW_REQUIRED,backend/app/api/ndsp_public_quality_unique.py|docs/99-governance/pr-019-capability-discovery-audit/PR019_ACTIVE_CAPABILITY_CATALOG.json|docs/99-governance/pr-048-p0-batch-10-evidence-closure/PR-048-P0-BATCH-10-EVIDENCE-CLOSURE.md,DISCOVERY_REQUIRED,2026-08-01T09:46:38Z,origin=LOCAL_ONLY;confidence=HIGH;frontend_consumers=0;quality_filtered=true;human_validation=PENDING;full_power_preservation=REQUIRED;pr020_cluster=CLUSTER-8DB24B3A307DBA1B;pr020_feature=Public platform presentation;pr020_verification=PARTIALLY_VERIFIED;human_confirmation=REQUIRED;ui_complete=false;pr021_runtime_service_unverified=AMBIGUOUS_EVIDENCE;pr021_data_state_unverified=UNRESOLVED;pr021_owner_unassigned=UNRESOLVED;pr021_human_confirmation=REQUIRED;pr021_ui_complete=false;pr026_runtime=PENDING;pr026_missing=SOURCE|SERVICE|REAL_DATA|TEST;pr026_human_confirmation=REQUIRED;pr026_ui_complete=false;pr048_batch=B10_SERVICE_REAL_DATA;pr048_machine_evidence=CLOSED;pr048_evidence_paths=docs/99-governance/pr-019-capability-discovery-audit/PR019_ACTIVE_CAPABILITY_CATALOG.json;pr048_human_confirmation=REQUIRED;pr048_ui_complete=false
CAP-89CA79DDADE2,Ndsp Read Alert State,Business or platform capability discovered from ndspReadAlertState in backend/ndsp_admin_ui_proxy.cjs,backend/ndsp_admin_ui_proxy.cjs::ndspReadAlertState,ndsp-admin-ui-proxy.service,GET /api/admin-ui/health|GET /api/admin-ui/summary|GET /api/admin-ui/users|GET /api/admin-ui/payments|GET /api/admin-ui/trials|GET /api/admin-ui/packages|GET /api/admin-ui/markets|GET /api/admin-ui/alerts|POST /api/admin-ui/alerts/channel|POST /api/admin-ui/alerts/test|GET /api/admin-ui/backups|GET /api/admin-ui/governance|POST /api/admin-ui/action,JSON,CALCULATED_REAL,ADMIN,TRIAL,DISCOVERY_REQUIRED,UI_PARTIAL,REAL_SNAPSHOT,REVIEW_REQUIRED,backend/ndsp_admin_ui_proxy.cjs,DISCOVERY_REQUIRED,2026-07-31T23:17:31Z,origin=ON_MAIN;confidence=HIGH;business_keyword_score=10;quality_filtered=true;human_validation=PENDING;full_power_preservation=REQUIRED;pr020_semantic_duplicate_of=CAP-170A28FFB0E7;candidate_retained=true;human_confirmation=REQUIRED;ui_complete=false;pr026_runtime=PENDING;pr026_missing=TEST|UI;pr026_human_confirmation=REQUIRED;pr026_ui_complete=false;pr028_quick_win=PARTIAL_REMEDIATION;pr028_remaining=UI;pr028_human_confirmation=REQUIRED;pr028_ui_complete=false;pr029_remaining_quick_win=CLOSED_MACHINE_VERIFIED;pr029_evidence=ui:frontend/user-portal-vite/src/features/remaining-quick-wins;pr029_human_confirmation=REQUIRED;pr029_ui_complete=false
CAP-B227DA36FA9B,Ndsp Read Alert State,Business or platform capability discovered from ndspReadAlertState in backend/auth_api/ndsp_admin_ui_proxy.cjs,backend/auth_api/ndsp_admin_ui_proxy.cjs::ndspReadAlertState,ndsp-admin-ui-proxy.service,GET /api/admin-ui/health|GET /api/admin-ui/summary|GET /api/admin-ui/users|GET /api/admin-ui/payments|GET /api/admin-ui/trials|GET /api/admin-ui/packages|GET /api/admin-ui/markets|GET /api/admin-ui/alerts|POST /api/admin-ui/alerts/channel|POST /api/admin-ui/alerts/test|GET /api/admin-ui/backups|GET /api/admin-ui/governance|POST /api/admin-ui/action,JSON,CALCULATED_REAL,ADMIN,TRIAL,DISCOVERY_REQUIRED,UI_PARTIAL,REAL_SNAPSHOT,REVIEW_REQUIRED,backend/auth_api/ndsp_admin_ui_proxy.cjs,DISCOVERY_REQUIRED,2026-07-31T22:08:07Z,origin=LOCAL_ONLY;confidence=HIGH;business_keyword_score=10;quality_filtered=true;human_validation=PENDING;full_power_preservation=REQUIRED;pr020_semantic_duplicate_of=CAP-170A28FFB0E7;candidate_retained=true;human_confirmation=REQUIRED;ui_complete=false;pr026_runtime=PENDING;pr026_missing=SOURCE|TEST|UI;pr026_human_confirmation=REQUIRED;pr026_ui_complete=false
CAP-461745E841AB,Ndsp Trial Info,API capability discovered at GET /trial/info,backend/ndsp_trial_info.cjs,DISCOVERY_REQUIRED,GET /trial/info,JSON|POSTGRES,CALCULATED_REAL,USER|ADMIN,TRIAL_AND_BILLING,TrialCountdown|PlanComparison|UsageMeter|BillingStatus,API_CONNECTED,REAL_SNAPSHOT,REVIEW_REQUIRED,backend/ndsp_trial_info.cjs|docs/99-governance/pr-019-capability-discovery-audit/PR019_ACTIVE_CAPABILITY_CATALOG.json|docs/99-governance/pr-053-p0-batch-15-evidence-closure/PR-053-P0-BATCH-15-EVIDENCE-CLOSURE.md,DISCOVERY_REQUIRED,2026-08-01T10:05:11Z,"origin=ON_MAIN;confidence=HIGH;frontend_consumers=0;quality_filtered=true;human_validation=PENDING;full_power_preservation=REQUIRED;pr020_cluster=CLUSTER-E25552D956180A16;pr020_feature=Trial, plans, and billing;pr020_verification=PARTIALLY_VERIFIED;human_confirmation=REQUIRED;ui_complete=false;pr021_runtime_service_unverified=AMBIGUOUS_EVIDENCE;pr021_owner_unassigned=UNRESOLVED;pr021_human_confirmation=REQUIRED;pr021_ui_complete=false;pr026_runtime=PENDING;pr026_missing=SERVICE|TEST;pr026_human_confirmation=REQUIRED;pr026_ui_complete=false;pr053_batch=B15_SERVICE_ONLY;pr053_machine_evidence=CLOSED;pr053_evidence_paths=docs/99-governance/pr-019-capability-discovery-audit/PR019_ACTIVE_CAPABILITY_CATALOG.json;pr053_human_confirmation=REQUIRED;pr053_ui_complete=false"
CAP-13D1EE0A3B7A,Ndsp User Dashboard Gateway,API capability discovered at GET /api/user-dashboard/saas-policy,backend/ndsp_user_dashboard_gateway.cjs,ndsp-user-dashboard.service,GET /api/user-dashboard/saas-policy,JSON,CALCULATED_REAL,ADMIN,PLATFORM_OPERATIONS,ServiceHealthGrid|RuntimeStatus|GatewayMonitor|BackupPanel,API_CONNECTED,REAL_SNAPSHOT,REVIEW_REQUIRED,backend/ndsp_user_dashboard_gateway.cjs,DISCOVERY_REQUIRED,2026-07-31T22:49:11Z,origin=ON_MAIN;confidence=HIGH;frontend_consumers=0;quality_filtered=true;human_validation=PENDING;full_power_preservation=REQUIRED;pr020_cluster=CLUSTER-46E5B501847DD809;pr020_feature=Platform operations and service health;pr020_verification=PARTIALLY_VERIFIED;human_confirmation=REQUIRED;ui_complete=false;pr021_owner_unassigned=UNRESOLVED;pr021_human_confirmation=REQUIRED;pr021_ui_complete=false;pr026_runtime=PENDING;pr026_missing=TEST;pr026_human_confirmation=REQUIRED;pr026_ui_complete=false;pr028_quick_win=CLOSED_MACHINE_VERIFIED;pr028_evidence=test:backend/tests/pr028-quick-wins-contracts.test.cjs;pr028_human_confirmation=REQUIRED;pr028_ui_complete=false
CAP-2D45C5C1A44B,Ndsp User Dashboard Gateway,API capability discovered at GET /api/user-dashboard/saas-policy,backend/auth_api/ndsp_user_dashboard_gateway.cjs,ndsp-user-dashboard.service,GET /api/user-dashboard/saas-policy,JSON,CALCULATED_REAL,PUBLIC,TRIAL,DISCOVERY_REQUIRED,API_CONNECTED,REAL_SNAPSHOT,REVIEW_REQUIRED,backend/auth_api/ndsp_user_dashboard_gateway.cjs,DISCOVERY_REQUIRED,2026-07-31T22:08:07Z,origin=LOCAL_ONLY;confidence=HIGH;frontend_consumers=0;quality_filtered=true;human_validation=PENDING;full_power_preservation=REQUIRED;pr020_semantic_duplicate_of=CAP-13D1EE0A3B7A;candidate_retained=true;human_confirmation=REQUIRED;ui_complete=false;pr026_runtime=PENDING;pr026_missing=SOURCE|TEST|UI;pr026_human_confirmation=REQUIRED;pr026_ui_complete=false
CAP-0843B421B752,Ndsp User Login Gateway,API capability discovered at POST /api/auth/2fa/confirm,backend/auth_api/ndsp_user_login_gateway.cjs,ndsp-user-login.service,POST /api/auth/2fa/confirm,JSON,CALCULATED_REAL,ADMIN,TRIAL,DISCOVERY_REQUIRED,API_CONNECTED,REAL_SNAPSHOT,REVIEW_REQUIRED,backend/auth_api/ndsp_user_login_gateway.cjs,DISCOVERY_REQUIRED,2026-07-31T22:08:07Z,origin=LOCAL_ONLY;confidence=HIGH;frontend_consumers=0;quality_filtered=true;human_validation=PENDING;full_power_preservation=REQUIRED;pr020_semantic_duplicate_of=CAP-F56AB637F669;candidate_retained=true;human_confirmation=REQUIRED;ui_complete=false;pr026_runtime=PENDING;pr026_missing=SOURCE|ENDPOINT|TEST|UI;pr026_human_confirmation=REQUIRED;pr026_ui_complete=false
CAP-116FF6D929A9,Ndsp User Login Gateway,API capability discovered at GET /api/auth/decision-room-access,backend/auth_api/ndsp_user_login_gateway.cjs,ndsp-user-login.service,GET /api/auth/decision-room-access,JSON,CALCULATED_REAL,ADMIN,PLATFORM_OPERATIONS,ServiceHealthGrid|RuntimeStatus|GatewayMonitor|BackupPanel,API_CONNECTED,REAL_SNAPSHOT,REVIEW_REQUIRED,backend/auth_api/ndsp_user_login_gateway.cjs,DISCOVERY_REQUIRED,2026-07-31T22:08:07Z,origin=LOCAL_ONLY;confidence=HIGH;frontend_consumers=0;quality_filtered=true;human_validation=PENDING;full_power_preservation=REQUIRED;pr020_cluster=CLUSTER-754B89CD5C66FF20;pr020_feature=Platform operations and service health;pr020_verification=PARTIALLY_VERIFIED;human_confirmation=REQUIRED;ui_complete=false;pr021_owner_unassigned=OWNER_CANDIDATE_FOUND_NOT_AUTHORITATIVE;pr021_human_confirmation=REQUIRED;pr021_ui_complete=false;pr026_runtime=PENDING;pr026_missing=SOURCE|TEST;pr026_human_confirmation=REQUIRED;pr026_ui_complete=false
CAP-15C56B60B4B0,Ndsp User Login Gateway,API capability discovered at POST /api/auth/logout,backend/ndsp_user_login_gateway.cjs,ndsp-user-login.service,POST /api/auth/logout,JSON,CALCULATED_REAL,ADMIN,PLATFORM_OPERATIONS,ServiceHealthGrid|RuntimeStatus|GatewayMonitor|BackupPanel,API_CONNECTED,REAL_SNAPSHOT,REVIEW_REQUIRED,backend/ndsp_user_login_gateway.cjs,DISCOVERY_REQUIRED,2026-07-31T23:24:58Z,origin=ON_MAIN;confidence=HIGH;frontend_consumers=2;quality_filtered=true;human_validation=PENDING;full_power_preservation=REQUIRED;pr020_cluster=CLUSTER-EDC8A6285AD42668;pr020_feature=Platform operations and service health;pr020_verification=PARTIALLY_VERIFIED;human_confirmation=REQUIRED;ui_complete=false;pr021_owner_unassigned=OWNER_CANDIDATE_FOUND_NOT_AUTHORITATIVE;pr021_human_confirmation=REQUIRED;pr021_ui_complete=false;pr026_runtime=PENDING;pr026_missing=ENDPOINT|TEST;pr026_human_confirmation=REQUIRED;pr026_ui_complete=false;pr028_quick_win=PARTIAL_REMEDIATION;pr028_remaining=ENDPOINT;pr028_human_confirmation=REQUIRED;pr028_ui_complete=false;pr029_remaining_quick_win=OPEN;pr029_missing=ENDPOINT;pr029_human_confirmation=REQUIRED;pr029_ui_complete=false;pr030_endpoint_real_data=CLOSED_MACHINE_VERIFIED;pr030_evidence=endpoint:GET /api/auth/2fa/status@backend/ndsp_user_login_gateway.cjs:407 probe=http://127.0.0.1:443/api/auth/2fa/status HTTP_400;pr030_human_confirmation=REQUIRED;pr030_ui_complete=false
CAP-1A9F62165A6D,Ndsp User Login Gateway,API capability discovered at POST /api/auth/internal/legal-acceptance,backend/auth_api/ndsp_user_login_gateway.cjs,ndsp-user-login.service,POST /api/auth/internal/legal-acceptance,JSON,CALCULATED_REAL,ADMIN,PLATFORM_OPERATIONS,ServiceHealthGrid|RuntimeStatus|GatewayMonitor|BackupPanel,API_CONNECTED,REAL_SNAPSHOT,REVIEW_REQUIRED,backend/auth_api/ndsp_user_login_gateway.cjs,DISCOVERY_REQUIRED,2026-07-31T22:08:07Z,origin=LOCAL_ONLY;confidence=HIGH;frontend_consumers=0;quality_filtered=true;human_validation=PENDING;full_power_preservation=REQUIRED;pr020_cluster=CLUSTER-2C421ED62D7F895B;pr020_feature=Platform operations and service health;pr020_verification=PARTIALLY_VERIFIED;human_confirmation=REQUIRED;ui_complete=false;pr021_owner_unassigned=OWNER_CANDIDATE_FOUND_NOT_AUTHORITATIVE;pr021_human_confirmation=REQUIRED;pr021_ui_complete=false;pr026_runtime=PENDING;pr026_missing=SOURCE|ENDPOINT|TEST;pr026_human_confirmation=REQUIRED;pr026_ui_complete=false
CAP-1AF6F47DC3CE,Ndsp User Login Gateway,API capability discovered at POST /api/auth/logout,backend/auth_api/ndsp_user_login_gateway.cjs,ndsp-user-login.service,POST /api/auth/logout,JSON,CALCULATED_REAL,ADMIN,TRIAL,docs/05-runbooks/NDSP_COMMERCIAL_GO_LIVE_AUDIT_V1_1_20260728_220315/REPORT.md|docs/05-runbooks/NDSP_COMMERCIAL_GO_LIVE_AUDIT_V1_1_20260728_222203/REPORT.md,UI_PARTIAL,REAL_SNAPSHOT,REVIEW_REQUIRED,backend/auth_api/ndsp_user_login_gateway.cjs,DISCOVERY_REQUIRED,2026-07-31T22:08:07Z,origin=LOCAL_ONLY;confidence=HIGH;frontend_consumers=2;quality_filtered=true;human_validation=PENDING;full_power_preservation=REQUIRED;pr020_semantic_duplicate_of=CAP-15C56B60B4B0;candidate_retained=true;human_confirmation=REQUIRED;ui_complete=false;pr026_runtime=PENDING;pr026_missing=SOURCE|ENDPOINT|TEST;pr026_human_confirmation=REQUIRED;pr026_ui_complete=false
CAP-1D926198372A,Ndsp User Login Gateway,API capability discovered at POST /api/auth/runtime/usage/consume,backend/auth_api/ndsp_user_login_gateway.cjs,ndsp-user-login.service,POST /api/auth/runtime/usage/consume,JSON,CALCULATED_REAL,ADMIN,PLATFORM_OPERATIONS,ServiceHealthGrid|RuntimeStatus|GatewayMonitor|BackupPanel,API_CONNECTED,REAL_SNAPSHOT,REVIEW_REQUIRED,backend/auth_api/ndsp_user_login_gateway.cjs,DISCOVERY_REQUIRED,2026-07-31T22:08:07Z,origin=LOCAL_ONLY;confidence=HIGH;frontend_consumers=0;quality_filtered=true;human_validation=PENDING;full_power_preservation=REQUIRED;pr020_cluster=CLUSTER-3936838EFF8BCAF5;pr020_feature=Platform operations and service health;pr020_verification=PARTIALLY_VERIFIED;human_confirmation=REQUIRED;ui_complete=false;pr021_owner_unassigned=OWNER_CANDIDATE_FOUND_NOT_AUTHORITATIVE;pr021_human_confirmation=REQUIRED;pr021_ui_complete=false;pr026_runtime=PENDING;pr026_missing=SOURCE|ENDPOINT|TEST;pr026_human_confirmation=REQUIRED;pr026_ui_complete=false
CAP-214521E6EBD1,Ndsp User Login Gateway,API capability discovered at POST /api/auth/login,backend/ndsp_user_login_gateway.cjs,ndsp-user-login.service,POST /api/auth/login,JSON,CALCULATED_REAL,ADMIN,PLATFORM_OPERATIONS,ServiceHealthGrid|RuntimeStatus|GatewayMonitor|BackupPanel,API_CONNECTED,REAL_SNAPSHOT,REVIEW_REQUIRED,backend/ndsp_user_login_gateway.cjs,DISCOVERY_REQUIRED,2026-07-31T23:24:58Z,origin=ON_MAIN;confidence=HIGH;frontend_consumers=6;quality_filtered=true;human_validation=PENDING;full_power_preservation=REQUIRED;pr020_cluster=CLUSTER-DE2E5802B250D7BF;pr020_feature=Platform operations and service health;pr020_verification=PARTIALLY_VERIFIED;human_confirmation=REQUIRED;ui_complete=false;pr021_owner_unassigned=OWNER_CANDIDATE_FOUND_NOT_AUTHORITATIVE;pr021_human_confirmation=REQUIRED;pr021_ui_complete=false;pr026_runtime=PENDING;pr026_missing=ENDPOINT|TEST;pr026_human_confirmation=REQUIRED;pr026_ui_complete=false;pr028_quick_win=PARTIAL_REMEDIATION;pr028_remaining=ENDPOINT;pr028_human_confirmation=REQUIRED;pr028_ui_complete=false;pr029_remaining_quick_win=OPEN;pr029_missing=ENDPOINT;pr029_human_confirmation=REQUIRED;pr029_ui_complete=false;pr030_endpoint_real_data=CLOSED_MACHINE_VERIFIED;pr030_evidence=endpoint:GET /api/auth/2fa/status@backend/ndsp_user_login_gateway.cjs:407 probe=http://127.0.0.1:443/api/auth/2fa/status HTTP_400;pr030_human_confirmation=REQUIRED;pr030_ui_complete=false
CAP-242D8324FAD9,Ndsp User Login Gateway,API capability discovered at POST /api/auth/2fa/setup/skip,backend/ndsp_user_login_gateway.cjs,ndsp-user-login.service,POST /api/auth/2fa/setup/skip,JSON,CALCULATED_REAL,PUBLIC|AUTHENTICATED_USER,AUTHENTICATION,AuthForm|TwoFactorStep|SessionStatus|RecoveryFlow,API_CONNECTED,REAL_SNAPSHOT,REVIEW_REQUIRED,backend/ndsp_user_login_gateway.cjs,DISCOVERY_REQUIRED,2026-07-31T23:24:58Z,origin=ON_MAIN;confidence=HIGH;frontend_consumers=0;quality_filtered=true;human_validation=PENDING;full_power_preservation=REQUIRED;pr020_cluster=CLUSTER-33A3608EC2C6ABB6;pr020_feature=Authentication and account access;pr020_verification=PARTIALLY_VERIFIED;human_confirmation=REQUIRED;ui_complete=false;pr021_owner_unassigned=OWNER_CANDIDATE_FOUND_NOT_AUTHORITATIVE;pr021_human_confirmation=REQUIRED;pr021_ui_complete=false;pr026_runtime=PENDING;pr026_missing=ENDPOINT|TEST;pr026_human_confirmation=REQUIRED;pr026_ui_complete=false;pr028_quick_win=PARTIAL_REMEDIATION;pr028_remaining=ENDPOINT;pr028_human_confirmation=REQUIRED;pr028_ui_complete=false;pr029_remaining_quick_win=OPEN;pr029_missing=ENDPOINT;pr029_human_confirmation=REQUIRED;pr029_ui_complete=false;pr030_endpoint_real_data=CLOSED_MACHINE_VERIFIED;pr030_evidence=endpoint:GET /api/auth/2fa/status@backend/ndsp_user_login_gateway.cjs:407 probe=http://127.0.0.1:443/api/auth/2fa/status HTTP_400;pr030_human_confirmation=REQUIRED;pr030_ui_complete=false
CAP-2D0CFB1BC505,Ndsp User Login Gateway,API capability discovered at GET /api/auth/2fa/status,backend/ndsp_user_login_gateway.cjs,ndsp-user-login.service,GET /api/auth/2fa/status,JSON,CALCULATED_REAL,ADMIN,PLATFORM_OPERATIONS,ServiceHealthGrid|RuntimeStatus|GatewayMonitor|BackupPanel,API_CONNECTED,REAL_SNAPSHOT,REVIEW_REQUIRED,backend/ndsp_user_login_gateway.cjs,DISCOVERY_REQUIRED,2026-07-31T22:49:11Z,origin=ON_MAIN;confidence=HIGH;frontend_consumers=0;quality_filtered=true;human_validation=PENDING;full_power_preservation=REQUIRED;pr020_cluster=CLUSTER-E95A56A8E3519D6A;pr020_feature=Platform operations and service health;pr020_verification=PARTIALLY_VERIFIED;human_confirmation=REQUIRED;ui_complete=false;pr021_owner_unassigned=OWNER_CANDIDATE_FOUND_NOT_AUTHORITATIVE;pr021_human_confirmation=REQUIRED;pr021_ui_complete=false;pr026_runtime=PENDING;pr026_missing=TEST;pr026_human_confirmation=REQUIRED;pr026_ui_complete=false;pr028_quick_win=CLOSED_MACHINE_VERIFIED;pr028_evidence=test:backend/tests/pr028-quick-wins-contracts.test.cjs;pr028_human_confirmation=REQUIRED;pr028_ui_complete=false
CAP-2ED357832A3E,Ndsp User Login Gateway,API capability discovered at GET /api/auth/session,backend/ndsp_user_login_gateway.cjs,ndsp-user-login.service,GET /api/auth/session,JSON,CALCULATED_REAL,PUBLIC|AUTHENTICATED_USER,AUTHENTICATION,AuthForm|TwoFactorStep|SessionStatus|RecoveryFlow,API_CONNECTED,REAL_SNAPSHOT,REVIEW_REQUIRED,backend/ndsp_user_login_gateway.cjs,DISCOVERY_REQUIRED,2026-07-31T22:49:11Z,origin=ON_MAIN;confidence=HIGH;frontend_consumers=52;quality_filtered=true;human_validation=PENDING;full_power_preservation=REQUIRED;pr020_cluster=CLUSTER-E851A39B70C0258B;pr020_feature=Authentication and account access;pr020_verification=PARTIALLY_VERIFIED;human_confirmation=REQUIRED;ui_complete=false;pr021_owner_unassigned=OWNER_CANDIDATE_FOUND_NOT_AUTHORITATIVE;pr021_human_confirmation=REQUIRED;pr021_ui_complete=false;pr026_runtime=PENDING;pr026_missing=TEST;pr026_human_confirmation=REQUIRED;pr026_ui_complete=false;pr028_quick_win=CLOSED_MACHINE_VERIFIED;pr028_evidence=test:backend/tests/pr028-quick-wins-contracts.test.cjs;pr028_human_confirmation=REQUIRED;pr028_ui_complete=false
CAP-353E6D9C0A43,Ndsp User Login Gateway,API capability discovered at PUT /api/auth/profile,backend/auth_api/ndsp_user_login_gateway.cjs,ndsp-user-login.service,PUT /api/auth/profile,JSON,CALCULATED_REAL,ADMIN,PLATFORM_OPERATIONS,ServiceHealthGrid|RuntimeStatus|GatewayMonitor|BackupPanel,API_CONNECTED,REAL_SNAPSHOT,REVIEW_REQUIRED,backend/auth_api/ndsp_user_login_gateway.cjs,DISCOVERY_REQUIRED,2026-07-31T22:08:07Z,origin=LOCAL_ONLY;confidence=HIGH;frontend_consumers=0;quality_filtered=true;human_validation=PENDING;full_power_preservation=REQUIRED;pr020_cluster=CLUSTER-0510FC78E483B3D6;pr020_feature=Platform operations and service health;pr020_verification=PARTIALLY_VERIFIED;human_confirmation=REQUIRED;ui_complete=false;pr021_owner_unassigned=OWNER_CANDIDATE_FOUND_NOT_AUTHORITATIVE;pr021_human_confirmation=REQUIRED;pr021_ui_complete=false;pr026_runtime=PENDING;pr026_missing=SOURCE|ENDPOINT|TEST;pr026_human_confirmation=REQUIRED;pr026_ui_complete=false
CAP-376A2E7311B7,Ndsp User Login Gateway,API capability discovered at POST /api/auth/2fa/setup/confirm-speakeasy,backend/auth_api/ndsp_user_login_gateway.cjs,ndsp-user-login.service,POST /api/auth/2fa/setup/confirm-speakeasy,JSON,CALCULATED_REAL,ADMIN,TRIAL,DISCOVERY_REQUIRED,API_CONNECTED,REAL_SNAPSHOT,REVIEW_REQUIRED,backend/auth_api/ndsp_user_login_gateway.cjs,DISCOVERY_REQUIRED,2026-07-31T22:08:07Z,origin=LOCAL_ONLY;confidence=HIGH;frontend_consumers=0;quality_filtered=true;human_validation=PENDING;full_power_preservation=REQUIRED;pr020_semantic_duplicate_of=CAP-E6FFD507C6FA;candidate_retained=true;human_confirmation=REQUIRED;ui_complete=false;pr026_runtime=PENDING;pr026_missing=SOURCE|ENDPOINT|TEST|UI;pr026_human_confirmation=REQUIRED;pr026_ui_complete=false
CAP-3B516BFCFA39,Ndsp User Login Gateway,API capability discovered at GET /api/auth/2fa/status,backend/auth_api/ndsp_user_login_gateway.cjs,ndsp-user-login.service,GET /api/auth/2fa/status,JSON,CALCULATED_REAL,ADMIN,TRIAL,DISCOVERY_REQUIRED,API_CONNECTED,REAL_SNAPSHOT,REVIEW_REQUIRED,backend/auth_api/ndsp_user_login_gateway.cjs,DISCOVERY_REQUIRED,2026-07-31T22:08:07Z,origin=LOCAL_ONLY;confidence=HIGH;frontend_consumers=0;quality_filtered=true;human_validation=PENDING;full_power_preservation=REQUIRED;pr020_semantic_duplicate_of=CAP-2D0CFB1BC505;candidate_retained=true;human_confirmation=REQUIRED;ui_complete=false;pr026_runtime=PENDING;pr026_missing=SOURCE|TEST|UI;pr026_human_confirmation=REQUIRED;pr026_ui_complete=false
CAP-3B89863B2015,Ndsp User Login Gateway,API capability discovered at POST /api/auth/2fa/setup/start,backend/ndsp_user_login_gateway.cjs,ndsp-user-login.service,POST /api/auth/2fa/setup/start,JSON,CALCULATED_REAL,PUBLIC|AUTHENTICATED_USER,AUTHENTICATION,AuthForm|TwoFactorStep|SessionStatus|RecoveryFlow,API_CONNECTED,REAL_SNAPSHOT,REVIEW_REQUIRED,backend/ndsp_user_login_gateway.cjs,DISCOVERY_REQUIRED,2026-07-31T23:24:58Z,origin=ON_MAIN;confidence=HIGH;frontend_consumers=0;quality_filtered=true;human_validation=PENDING;full_power_preservation=REQUIRED;pr020_cluster=CLUSTER-21D862A38B8E3867;pr020_feature=Authentication and account access;pr020_verification=PARTIALLY_VERIFIED;human_confirmation=REQUIRED;ui_complete=false;pr021_owner_unassigned=OWNER_CANDIDATE_FOUND_NOT_AUTHORITATIVE;pr021_human_confirmation=REQUIRED;pr021_ui_complete=false;pr026_runtime=PENDING;pr026_missing=ENDPOINT|TEST;pr026_human_confirmation=REQUIRED;pr026_ui_complete=false;pr028_quick_win=PARTIAL_REMEDIATION;pr028_remaining=ENDPOINT;pr028_human_confirmation=REQUIRED;pr028_ui_complete=false;pr029_remaining_quick_win=OPEN;pr029_missing=ENDPOINT;pr029_human_confirmation=REQUIRED;pr029_ui_complete=false;pr030_endpoint_real_data=CLOSED_MACHINE_VERIFIED;pr030_evidence=endpoint:GET /api/auth/2fa/status@backend/ndsp_user_login_gateway.cjs:407 probe=http://127.0.0.1:443/api/auth/2fa/status HTTP_400;pr030_human_confirmation=REQUIRED;pr030_ui_complete=false
CAP-496F09F3F4BB,Ndsp User Login Gateway,API capability discovered at POST /api/auth/login,backend/auth_api/ndsp_user_login_gateway.cjs,ndsp-user-login.service,POST /api/auth/login,JSON,CALCULATED_REAL,ADMIN,TRIAL,backups/portal-v50-hard-retire-v2/20260727_000836/files/var/www/ndsp-my/assets/ndsp-login-v1.js|backups/portal-v50-retire-v2-1/20260727_001453/files/var/www/ndsp-my/assets/ndsp-login-v1.js|backups/portal-v50-retire-v2-2/20260727_001938/files/var/www/ndsp-my/assets/ndsp-login-v1.js|backups/retire-portal-v50-v1/20260727_000318/files/var/www/ndsp-my/assets/ndsp-login-v1.js|docs/05-runbooks/NDSP_LOGIN_PUBLIC_SOURCE_DISCOVERY_V6_20260727_135357/js/asset-1.js|docs/05-runbooks/NDSP_P1_AUTH_FUNCTIONAL_DISCOVERY_READONLY_20260707_232843.md,UI_PARTIAL,REAL_SNAPSHOT,REVIEW_REQUIRED,backend/auth_api/ndsp_user_login_gateway.cjs,DISCOVERY_REQUIRED,2026-07-31T22:08:07Z,origin=LOCAL_ONLY;confidence=HIGH;frontend_consumers=6;quality_filtered=true;human_validation=PENDING;full_power_preservation=REQUIRED;pr020_semantic_duplicate_of=CAP-214521E6EBD1;candidate_retained=true;human_confirmation=REQUIRED;ui_complete=false;pr026_runtime=PENDING;pr026_missing=SOURCE|ENDPOINT|TEST;pr026_human_confirmation=REQUIRED;pr026_ui_complete=false
CAP-4ADB944E408B,Ndsp User Login Gateway,API capability discovered at POST /api/auth/survey/response,backend/auth_api/ndsp_user_login_gateway.cjs,ndsp-user-login.service,POST /api/auth/survey/response,JSON,CALCULATED_REAL,ADMIN,PLATFORM_OPERATIONS,ServiceHealthGrid|RuntimeStatus|GatewayMonitor|BackupPanel,API_CONNECTED,REAL_SNAPSHOT,REVIEW_REQUIRED,backend/auth_api/ndsp_user_login_gateway.cjs,DISCOVERY_REQUIRED,2026-07-31T22:08:07Z,origin=LOCAL_ONLY;confidence=HIGH;frontend_consumers=0;quality_filtered=true;human_validation=PENDING;full_power_preservation=REQUIRED;pr020_cluster=CLUSTER-AFBD9A0F516371DC;pr020_feature=Platform operations and service health;pr020_verification=PARTIALLY_VERIFIED;human_confirmation=REQUIRED;ui_complete=false;pr021_owner_unassigned=OWNER_CANDIDATE_FOUND_NOT_AUTHORITATIVE;pr021_human_confirmation=REQUIRED;pr021_ui_complete=false;pr026_runtime=PENDING;pr026_missing=SOURCE|ENDPOINT|TEST;pr026_human_confirmation=REQUIRED;pr026_ui_complete=false
CAP-50F4AF813A40,Ndsp User Login Gateway,API capability discovered at POST /api/auth/2fa/setup/confirm,backend/auth_api/ndsp_user_login_gateway.cjs,ndsp-user-login.service,POST /api/auth/2fa/setup/confirm,JSON,CALCULATED_REAL,ADMIN,TRIAL,DISCOVERY_REQUIRED,API_CONNECTED,REAL_SNAPSHOT,REVIEW_REQUIRED,backend/auth_api/ndsp_user_login_gateway.cjs,DISCOVERY_REQUIRED,2026-07-31T22:08:07Z,origin=LOCAL_ONLY;confidence=HIGH;frontend_consumers=0;quality_filtered=true;human_validation=PENDING;full_power_preservation=REQUIRED;pr020_semantic_duplicate_of=CAP-8F78E58E5656;candidate_retained=true;human_confirmation=REQUIRED;ui_complete=false;pr026_runtime=PENDING;pr026_missing=SOURCE|ENDPOINT|TEST|UI;pr026_human_confirmation=REQUIRED;pr026_ui_complete=false
CAP-5FEF33A2C87F,Ndsp User Login Gateway,API capability discovered at POST /api/auth/events,backend/auth_api/ndsp_user_login_gateway.cjs,ndsp-user-login.service,POST /api/auth/events,JSON,CALCULATED_REAL,ADMIN,PLATFORM_OPERATIONS,ServiceHealthGrid|RuntimeStatus|GatewayMonitor|BackupPanel,API_CONNECTED,REAL_SNAPSHOT,REVIEW_REQUIRED,backend/auth_api/ndsp_user_login_gateway.cjs,DISCOVERY_REQUIRED,2026-07-31T22:08:07Z,origin=LOCAL_ONLY;confidence=HIGH;frontend_consumers=0;quality_filtered=true;human_validation=PENDING;full_power_preservation=REQUIRED;pr020_cluster=CLUSTER-56135DB7D7AC83E9;pr020_feature=Platform operations and service health;pr020_verification=PARTIALLY_VERIFIED;human_confirmation=REQUIRED;ui_complete=false;pr021_owner_unassigned=OWNER_CANDIDATE_FOUND_NOT_AUTHORITATIVE;pr021_human_confirmation=REQUIRED;pr021_ui_complete=false;pr026_runtime=PENDING;pr026_missing=SOURCE|ENDPOINT|TEST;pr026_human_confirmation=REQUIRED;pr026_ui_complete=false
CAP-644C81537AC6,Ndsp User Login Gateway,API capability discovered at POST /api/auth/2fa/status,backend/ndsp_user_login_gateway.cjs,ndsp-user-login.service,POST /api/auth/2fa/status,JSON,CALCULATED_REAL,ADMIN,PLATFORM_OPERATIONS,ServiceHealthGrid|RuntimeStatus|GatewayMonitor|BackupPanel,API_CONNECTED,REAL_SNAPSHOT,REVIEW_REQUIRED,backend/ndsp_user_login_gateway.cjs,DISCOVERY_REQUIRED,2026-07-31T23:24:58Z,origin=ON_MAIN;confidence=HIGH;frontend_consumers=0;quality_filtered=true;human_validation=PENDING;full_power_preservation=REQUIRED;pr020_cluster=CLUSTER-67D1DD2C621BA7A2;pr020_feature=Platform operations and service health;pr020_verification=PARTIALLY_VERIFIED;human_confirmation=REQUIRED;ui_complete=false;pr021_owner_unassigned=OWNER_CANDIDATE_FOUND_NOT_AUTHORITATIVE;pr021_human_confirmation=REQUIRED;pr021_ui_complete=false;pr026_runtime=PENDING;pr026_missing=ENDPOINT|TEST;pr026_human_confirmation=REQUIRED;pr026_ui_complete=false;pr028_quick_win=PARTIAL_REMEDIATION;pr028_remaining=ENDPOINT;pr028_human_confirmation=REQUIRED;pr028_ui_complete=false;pr029_remaining_quick_win=OPEN;pr029_missing=ENDPOINT;pr029_human_confirmation=REQUIRED;pr029_ui_complete=false;pr030_endpoint_real_data=CLOSED_MACHINE_VERIFIED;pr030_evidence=endpoint:GET /api/auth/2fa/status@backend/ndsp_user_login_gateway.cjs:407 probe=http://127.0.0.1:443/api/auth/2fa/status HTTP_400;pr030_human_confirmation=REQUIRED;pr030_ui_complete=false
CAP-6565FE804AF5,Ndsp User Login Gateway,API capability discovered at POST /api/auth/2fa/login/verify,backend/ndsp_user_login_gateway.cjs,ndsp-user-login.service,POST /api/auth/2fa/login/verify,JSON,CALCULATED_REAL,PUBLIC|AUTHENTICATED_USER,AUTHENTICATION,AuthForm|TwoFactorStep|SessionStatus|RecoveryFlow,API_CONNECTED,REAL_SNAPSHOT,REVIEW_REQUIRED,backend/ndsp_user_login_gateway.cjs,DISCOVERY_REQUIRED,2026-07-31T23:24:58Z,origin=ON_MAIN;confidence=HIGH;frontend_consumers=0;quality_filtered=true;human_validation=PENDING;full_power_preservation=REQUIRED;pr020_cluster=CLUSTER-E6F3B9DC23FA980C;pr020_feature=Authentication and account access;pr020_verification=PARTIALLY_VERIFIED;human_confirmation=REQUIRED;ui_complete=false;pr021_owner_unassigned=OWNER_CANDIDATE_FOUND_NOT_AUTHORITATIVE;pr021_human_confirmation=REQUIRED;pr021_ui_complete=false;pr026_runtime=PENDING;pr026_missing=ENDPOINT|TEST;pr026_human_confirmation=REQUIRED;pr026_ui_complete=false;pr028_quick_win=PARTIAL_REMEDIATION;pr028_remaining=ENDPOINT;pr028_human_confirmation=REQUIRED;pr028_ui_complete=false;pr029_remaining_quick_win=OPEN;pr029_missing=ENDPOINT;pr029_human_confirmation=REQUIRED;pr029_ui_complete=false;pr030_endpoint_real_data=CLOSED_MACHINE_VERIFIED;pr030_evidence=endpoint:GET /api/auth/2fa/status@backend/ndsp_user_login_gateway.cjs:407 probe=http://127.0.0.1:443/api/auth/2fa/status HTTP_400;pr030_human_confirmation=REQUIRED;pr030_ui_complete=false
CAP-7B056D6FB736,Ndsp User Login Gateway,API capability discovered at POST /api/auth/2fa/disable,backend/auth_api/ndsp_user_login_gateway.cjs,ndsp-user-login.service,POST /api/auth/2fa/disable,JSON,CALCULATED_REAL,ADMIN,TRIAL,DISCOVERY_REQUIRED,API_CONNECTED,REAL_SNAPSHOT,REVIEW_REQUIRED,backend/auth_api/ndsp_user_login_gateway.cjs,DISCOVERY_REQUIRED,2026-07-31T22:08:07Z,origin=LOCAL_ONLY;confidence=HIGH;frontend_consumers=0;quality_filtered=true;human_validation=PENDING;full_power_preservation=REQUIRED;pr020_semantic_duplicate_of=CAP-C55DEBBD7CB7;candidate_retained=true;human_confirmation=REQUIRED;ui_complete=false;pr026_runtime=PENDING;pr026_missing=SOURCE|ENDPOINT|TEST|UI;pr026_human_confirmation=REQUIRED;pr026_ui_complete=false
CAP-7EEC4AB2500E,Ndsp User Login Gateway,API capability discovered at POST /api/auth/2fa/setup/start,backend/auth_api/ndsp_user_login_gateway.cjs,ndsp-user-login.service,POST /api/auth/2fa/setup/start,JSON,CALCULATED_REAL,ADMIN,TRIAL,DISCOVERY_REQUIRED,API_CONNECTED,REAL_SNAPSHOT,REVIEW_REQUIRED,backend/auth_api/ndsp_user_login_gateway.cjs,DISCOVERY_REQUIRED,2026-07-31T22:08:07Z,origin=LOCAL_ONLY;confidence=HIGH;frontend_consumers=0;quality_filtered=true;human_validation=PENDING;full_power_preservation=REQUIRED;pr020_semantic_duplicate_of=CAP-3B89863B2015;candidate_retained=true;human_confirmation=REQUIRED;ui_complete=false;pr026_runtime=PENDING;pr026_missing=SOURCE|ENDPOINT|TEST|UI;pr026_human_confirmation=REQUIRED;pr026_ui_complete=false
CAP-846435C78CD1,Ndsp User Login Gateway,API capability discovered at POST /api/auth/2fa/setup,backend/auth_api/ndsp_user_login_gateway.cjs,ndsp-user-login.service,POST /api/auth/2fa/setup,JSON,CALCULATED_REAL,ADMIN,TRIAL,DISCOVERY_REQUIRED,API_CONNECTED,REAL_SNAPSHOT,REVIEW_REQUIRED,backend/auth_api/ndsp_user_login_gateway.cjs,DISCOVERY_REQUIRED,2026-07-31T22:08:07Z,origin=LOCAL_ONLY;confidence=HIGH;frontend_consumers=0;quality_filtered=true;human_validation=PENDING;full_power_preservation=REQUIRED;pr020_semantic_duplicate_of=CAP-F139426B5341;candidate_retained=true;human_confirmation=REQUIRED;ui_complete=false;pr026_runtime=PENDING;pr026_missing=SOURCE|ENDPOINT|TEST|UI;pr026_human_confirmation=REQUIRED;pr026_ui_complete=false
CAP-8D64F6304F2E,Ndsp User Login Gateway,API capability discovered at POST /api/auth/2fa/setup/skip,backend/auth_api/ndsp_user_login_gateway.cjs,ndsp-user-login.service,POST /api/auth/2fa/setup/skip,JSON,CALCULATED_REAL,ADMIN,TRIAL,DISCOVERY_REQUIRED,API_CONNECTED,REAL_SNAPSHOT,REVIEW_REQUIRED,backend/auth_api/ndsp_user_login_gateway.cjs,DISCOVERY_REQUIRED,2026-07-31T22:08:07Z,origin=LOCAL_ONLY;confidence=HIGH;frontend_consumers=0;quality_filtered=true;human_validation=PENDING;full_power_preservation=REQUIRED;pr020_semantic_duplicate_of=CAP-242D8324FAD9;candidate_retained=true;human_confirmation=REQUIRED;ui_complete=false;pr026_runtime=PENDING;pr026_missing=SOURCE|ENDPOINT|TEST|UI;pr026_human_confirmation=REQUIRED;pr026_ui_complete=false
CAP-8F78E58E5656,Ndsp User Login Gateway,API capability discovered at POST /api/auth/2fa/setup/confirm,backend/ndsp_user_login_gateway.cjs,ndsp-user-login.service,POST /api/auth/2fa/setup/confirm,JSON,CALCULATED_REAL,PUBLIC|AUTHENTICATED_USER,AUTHENTICATION,AuthForm|TwoFactorStep|SessionStatus|RecoveryFlow,API_CONNECTED,REAL_SNAPSHOT,REVIEW_REQUIRED,backend/ndsp_user_login_gateway.cjs,DISCOVERY_REQUIRED,2026-07-31T23:24:58Z,origin=ON_MAIN;confidence=HIGH;frontend_consumers=0;quality_filtered=true;human_validation=PENDING;full_power_preservation=REQUIRED;pr020_cluster=CLUSTER-7D965DF29C66CBAD;pr020_feature=Authentication and account access;pr020_verification=PARTIALLY_VERIFIED;human_confirmation=REQUIRED;ui_complete=false;pr021_owner_unassigned=OWNER_CANDIDATE_FOUND_NOT_AUTHORITATIVE;pr021_human_confirmation=REQUIRED;pr021_ui_complete=false;pr026_runtime=PENDING;pr026_missing=ENDPOINT|TEST;pr026_human_confirmation=REQUIRED;pr026_ui_complete=false;pr028_quick_win=PARTIAL_REMEDIATION;pr028_remaining=ENDPOINT;pr028_human_confirmation=REQUIRED;pr028_ui_complete=false;pr029_remaining_quick_win=OPEN;pr029_missing=ENDPOINT;pr029_human_confirmation=REQUIRED;pr029_ui_complete=false;pr030_endpoint_real_data=CLOSED_MACHINE_VERIFIED;pr030_evidence=endpoint:GET /api/auth/2fa/status@backend/ndsp_user_login_gateway.cjs:407 probe=http://127.0.0.1:443/api/auth/2fa/status HTTP_400;pr030_human_confirmation=REQUIRED;pr030_ui_complete=false
CAP-9ADF707918ED,Ndsp User Login Gateway,API capability discovered at GET /api/auth/survey/status,backend/auth_api/ndsp_user_login_gateway.cjs,ndsp-user-login.service,GET /api/auth/survey/status,JSON,CALCULATED_REAL,ADMIN,PLATFORM_OPERATIONS,ServiceHealthGrid|RuntimeStatus|GatewayMonitor|BackupPanel,API_CONNECTED,REAL_SNAPSHOT,REVIEW_REQUIRED,backend/auth_api/ndsp_user_login_gateway.cjs,DISCOVERY_REQUIRED,2026-07-31T22:08:07Z,origin=LOCAL_ONLY;confidence=HIGH;frontend_consumers=0;quality_filtered=true;human_validation=PENDING;full_power_preservation=REQUIRED;pr020_cluster=CLUSTER-3C2B33BFE5D13257;pr020_feature=Platform operations and service health;pr020_verification=PARTIALLY_VERIFIED;human_confirmation=REQUIRED;ui_complete=false;pr021_owner_unassigned=OWNER_CANDIDATE_FOUND_NOT_AUTHORITATIVE;pr021_human_confirmation=REQUIRED;pr021_ui_complete=false;pr026_runtime=PENDING;pr026_missing=SOURCE|TEST;pr026_human_confirmation=REQUIRED;pr026_ui_complete=false
CAP-A294A80A744D,Ndsp User Login Gateway,API capability discovered at POST /api/auth/2fa/setup/confirm-final,backend/auth_api/ndsp_user_login_gateway.cjs,ndsp-user-login.service,POST /api/auth/2fa/setup/confirm-final,JSON,CALCULATED_REAL,ADMIN,TRIAL,DISCOVERY_REQUIRED,API_CONNECTED,REAL_SNAPSHOT,REVIEW_REQUIRED,backend/auth_api/ndsp_user_login_gateway.cjs,DISCOVERY_REQUIRED,2026-07-31T22:08:07Z,origin=LOCAL_ONLY;confidence=HIGH;frontend_consumers=0;quality_filtered=true;human_validation=PENDING;full_power_preservation=REQUIRED;pr020_semantic_duplicate_of=CAP-D054F1321201;candidate_retained=true;human_confirmation=REQUIRED;ui_complete=false;pr026_runtime=PENDING;pr026_missing=SOURCE|ENDPOINT|TEST|UI;pr026_human_confirmation=REQUIRED;pr026_ui_complete=false
CAP-A810F8810A25,Ndsp User Login Gateway,API capability discovered at POST /api/auth/2fa/login/verify,backend/auth_api/ndsp_user_login_gateway.cjs,ndsp-user-login.service,POST /api/auth/2fa/login/verify,JSON,CALCULATED_REAL,ADMIN,TRIAL,DISCOVERY_REQUIRED,API_CONNECTED,REAL_SNAPSHOT,REVIEW_REQUIRED,backend/auth_api/ndsp_user_login_gateway.cjs,DISCOVERY_REQUIRED,2026-07-31T22:08:07Z,origin=LOCAL_ONLY;confidence=HIGH;frontend_consumers=0;quality_filtered=true;human_validation=PENDING;full_power_preservation=REQUIRED;pr020_semantic_duplicate_of=CAP-6565FE804AF5;candidate_retained=true;human_confirmation=REQUIRED;ui_complete=false;pr026_runtime=PENDING;pr026_missing=SOURCE|ENDPOINT|TEST|UI;pr026_human_confirmation=REQUIRED;pr026_ui_complete=false
CAP-A8D586B30335,Ndsp User Login Gateway,API capability discovered at POST /api/auth/2fa/status,backend/auth_api/ndsp_user_login_gateway.cjs,ndsp-user-login.service,POST /api/auth/2fa/status,JSON,CALCULATED_REAL,ADMIN,TRIAL,DISCOVERY_REQUIRED,API_CONNECTED,REAL_SNAPSHOT,REVIEW_REQUIRED,backend/auth_api/ndsp_user_login_gateway.cjs,DISCOVERY_REQUIRED,2026-07-31T22:08:07Z,origin=LOCAL_ONLY;confidence=HIGH;frontend_consumers=0;quality_filtered=true;human_validation=PENDING;full_power_preservation=REQUIRED;pr020_semantic_duplicate_of=CAP-644C81537AC6;candidate_retained=true;human_confirmation=REQUIRED;ui_complete=false;pr026_runtime=PENDING;pr026_missing=SOURCE|ENDPOINT|TEST|UI;pr026_human_confirmation=REQUIRED;pr026_ui_complete=false
CAP-B26FA1996A34,Ndsp User Login Gateway,API capability discovered at GET /api/auth/profile,backend/auth_api/ndsp_user_login_gateway.cjs,ndsp-user-login.service,GET /api/auth/profile,JSON,CALCULATED_REAL,ADMIN,PLATFORM_OPERATIONS,ServiceHealthGrid|RuntimeStatus|GatewayMonitor|BackupPanel,API_CONNECTED,REAL_SNAPSHOT,REVIEW_REQUIRED,backend/auth_api/ndsp_user_login_gateway.cjs,DISCOVERY_REQUIRED,2026-07-31T22:08:07Z,origin=LOCAL_ONLY;confidence=HIGH;frontend_consumers=0;quality_filtered=true;human_validation=PENDING;full_power_preservation=REQUIRED;pr020_cluster=CLUSTER-058EA84FFB96BD5C;pr020_feature=Platform operations and service health;pr020_verification=PARTIALLY_VERIFIED;human_confirmation=REQUIRED;ui_complete=false;pr021_owner_unassigned=OWNER_CANDIDATE_FOUND_NOT_AUTHORITATIVE;pr021_human_confirmation=REQUIRED;pr021_ui_complete=false;pr026_runtime=PENDING;pr026_missing=SOURCE|TEST;pr026_human_confirmation=REQUIRED;pr026_ui_complete=false
CAP-C55DEBBD7CB7,Ndsp User Login Gateway,API capability discovered at POST /api/auth/2fa/disable,backend/ndsp_user_login_gateway.cjs,ndsp-user-login.service,POST /api/auth/2fa/disable,JSON,CALCULATED_REAL,PUBLIC|AUTHENTICATED_USER,AUTHENTICATION,AuthForm|TwoFactorStep|SessionStatus|RecoveryFlow,API_CONNECTED,REAL_SNAPSHOT,REVIEW_REQUIRED,backend/ndsp_user_login_gateway.cjs,DISCOVERY_REQUIRED,2026-07-31T23:24:58Z,origin=ON_MAIN;confidence=HIGH;frontend_consumers=0;quality_filtered=true;human_validation=PENDING;full_power_preservation=REQUIRED;pr020_cluster=CLUSTER-25099A6E3D05D0C3;pr020_feature=Authentication and account access;pr020_verification=PARTIALLY_VERIFIED;human_confirmation=REQUIRED;ui_complete=false;pr021_owner_unassigned=OWNER_CANDIDATE_FOUND_NOT_AUTHORITATIVE;pr021_human_confirmation=REQUIRED;pr021_ui_complete=false;pr026_runtime=PENDING;pr026_missing=ENDPOINT|TEST;pr026_human_confirmation=REQUIRED;pr026_ui_complete=false;pr028_quick_win=PARTIAL_REMEDIATION;pr028_remaining=ENDPOINT;pr028_human_confirmation=REQUIRED;pr028_ui_complete=false;pr029_remaining_quick_win=OPEN;pr029_missing=ENDPOINT;pr029_human_confirmation=REQUIRED;pr029_ui_complete=false;pr030_endpoint_real_data=CLOSED_MACHINE_VERIFIED;pr030_evidence=endpoint:GET /api/auth/2fa/status@backend/ndsp_user_login_gateway.cjs:407 probe=http://127.0.0.1:443/api/auth/2fa/status HTTP_400;pr030_human_confirmation=REQUIRED;pr030_ui_complete=false
CAP-D054F1321201,Ndsp User Login Gateway,API capability discovered at POST /api/auth/2fa/setup/confirm-final,backend/ndsp_user_login_gateway.cjs,ndsp-user-login.service,POST /api/auth/2fa/setup/confirm-final,JSON,CALCULATED_REAL,PUBLIC|AUTHENTICATED_USER,AUTHENTICATION,AuthForm|TwoFactorStep|SessionStatus|RecoveryFlow,API_CONNECTED,REAL_SNAPSHOT,REVIEW_REQUIRED,backend/ndsp_user_login_gateway.cjs,DISCOVERY_REQUIRED,2026-07-31T23:24:58Z,origin=ON_MAIN;confidence=HIGH;frontend_consumers=0;quality_filtered=true;human_validation=PENDING;full_power_preservation=REQUIRED;pr020_cluster=CLUSTER-00830B85A41852B9;pr020_feature=Authentication and account access;pr020_verification=PARTIALLY_VERIFIED;human_confirmation=REQUIRED;ui_complete=false;pr021_owner_unassigned=OWNER_CANDIDATE_FOUND_NOT_AUTHORITATIVE;pr021_human_confirmation=REQUIRED;pr021_ui_complete=false;pr026_runtime=PENDING;pr026_missing=ENDPOINT|TEST;pr026_human_confirmation=REQUIRED;pr026_ui_complete=false;pr028_quick_win=PARTIAL_REMEDIATION;pr028_remaining=ENDPOINT;pr028_human_confirmation=REQUIRED;pr028_ui_complete=false;pr029_remaining_quick_win=OPEN;pr029_missing=ENDPOINT;pr029_human_confirmation=REQUIRED;pr029_ui_complete=false;pr030_endpoint_real_data=CLOSED_MACHINE_VERIFIED;pr030_evidence=endpoint:GET /api/auth/2fa/status@backend/ndsp_user_login_gateway.cjs:407 probe=http://127.0.0.1:443/api/auth/2fa/status HTTP_400;pr030_human_confirmation=REQUIRED;pr030_ui_complete=false
CAP-D6B934D294FE,Ndsp User Login Gateway,API capability discovered at GET /api/auth/login/health,backend/auth_api/ndsp_user_login_gateway.cjs,ndsp-user-login.service,GET /api/auth/login/health,JSON,CALCULATED_REAL,ADMIN,TRIAL,backups/portal-v50-hard-retire-v2/20260727_000836/files/var/www/ndsp-my/assets/ndsp-login-v1.js|backups/portal-v50-retire-v2-1/20260727_001453/files/var/www/ndsp-my/assets/ndsp-login-v1.js|backups/portal-v50-retire-v2-2/20260727_001938/files/var/www/ndsp-my/assets/ndsp-login-v1.js|backups/retire-portal-v50-v1/20260727_000318/files/var/www/ndsp-my/assets/ndsp-login-v1.js|docs/05-runbooks/NDSP_LOGIN_PUBLIC_SOURCE_DISCOVERY_V6_20260727_135357/js/asset-1.js|docs/05-runbooks/NDSP_P1_AUTH_FUNCTIONAL_DISCOVERY_READONLY_20260707_232843.md,UI_PARTIAL,REAL_SNAPSHOT,REVIEW_REQUIRED,backend/auth_api/ndsp_user_login_gateway.cjs,DISCOVERY_REQUIRED,2026-07-31T22:08:07Z,origin=LOCAL_ONLY;confidence=HIGH;frontend_consumers=6;quality_filtered=true;human_validation=PENDING;full_power_preservation=REQUIRED;pr020_semantic_duplicate_of=CAP-E01E3F460977;candidate_retained=true;human_confirmation=REQUIRED;ui_complete=false;pr026_runtime=PENDING;pr026_missing=SOURCE|TEST;pr026_human_confirmation=REQUIRED;pr026_ui_complete=false
CAP-E01E3F460977,Ndsp User Login Gateway,API capability discovered at GET /api/auth/login/health,backend/ndsp_user_login_gateway.cjs,ndsp-user-login.service,GET /api/auth/login/health,JSON,CALCULATED_REAL,ADMIN,PLATFORM_OPERATIONS,ServiceHealthGrid|RuntimeStatus|GatewayMonitor|BackupPanel,API_CONNECTED,REAL_SNAPSHOT,REVIEW_REQUIRED,backend/ndsp_user_login_gateway.cjs,DISCOVERY_REQUIRED,2026-07-31T22:49:11Z,origin=ON_MAIN;confidence=HIGH;frontend_consumers=6;quality_filtered=true;human_validation=PENDING;full_power_preservation=REQUIRED;pr020_cluster=CLUSTER-582655326350BC33;pr020_feature=Platform operations and service health;pr020_verification=PARTIALLY_VERIFIED;human_confirmation=REQUIRED;ui_complete=false;pr021_owner_unassigned=OWNER_CANDIDATE_FOUND_NOT_AUTHORITATIVE;pr021_human_confirmation=REQUIRED;pr021_ui_complete=false;pr026_runtime=PENDING;pr026_missing=TEST;pr026_human_confirmation=REQUIRED;pr026_ui_complete=false;pr028_quick_win=CLOSED_MACHINE_VERIFIED;pr028_evidence=test:backend/tests/pr028-quick-wins-contracts.test.cjs;pr028_human_confirmation=REQUIRED;pr028_ui_complete=false
CAP-E07F7BC7E52F,Ndsp User Login Gateway,API capability discovered at POST /api/auth/internal/evidence,backend/auth_api/ndsp_user_login_gateway.cjs,ndsp-user-login.service,POST /api/auth/internal/evidence,JSON,CALCULATED_REAL,ADMIN,PLATFORM_OPERATIONS,ServiceHealthGrid|RuntimeStatus|GatewayMonitor|BackupPanel,API_CONNECTED,REAL_SNAPSHOT,REVIEW_REQUIRED,backend/auth_api/ndsp_user_login_gateway.cjs,DISCOVERY_REQUIRED,2026-07-31T22:08:07Z,origin=LOCAL_ONLY;confidence=HIGH;frontend_consumers=0;quality_filtered=true;human_validation=PENDING;full_power_preservation=REQUIRED;pr020_cluster=CLUSTER-0EE83BCF1B387E47;pr020_feature=Platform operations and service health;pr020_verification=PARTIALLY_VERIFIED;human_confirmation=REQUIRED;ui_complete=false;pr021_owner_unassigned=OWNER_CANDIDATE_FOUND_NOT_AUTHORITATIVE;pr021_human_confirmation=REQUIRED;pr021_ui_complete=false;pr026_runtime=PENDING;pr026_missing=SOURCE|ENDPOINT|TEST;pr026_human_confirmation=REQUIRED;pr026_ui_complete=false
CAP-E6FFD507C6FA,Ndsp User Login Gateway,API capability discovered at POST /api/auth/2fa/setup/confirm-speakeasy,backend/ndsp_user_login_gateway.cjs,ndsp-user-login.service,POST /api/auth/2fa/setup/confirm-speakeasy,JSON,CALCULATED_REAL,PUBLIC|AUTHENTICATED_USER,AUTHENTICATION,AuthForm|TwoFactorStep|SessionStatus|RecoveryFlow,API_CONNECTED,REAL_SNAPSHOT,REVIEW_REQUIRED,backend/ndsp_user_login_gateway.cjs,DISCOVERY_REQUIRED,2026-07-31T23:24:58Z,origin=ON_MAIN;confidence=HIGH;frontend_consumers=0;quality_filtered=true;human_validation=PENDING;full_power_preservation=REQUIRED;pr020_cluster=CLUSTER-91FDD188B6AF925D;pr020_feature=Authentication and account access;pr020_verification=PARTIALLY_VERIFIED;human_confirmation=REQUIRED;ui_complete=false;pr021_owner_unassigned=OWNER_CANDIDATE_FOUND_NOT_AUTHORITATIVE;pr021_human_confirmation=REQUIRED;pr021_ui_complete=false;pr026_runtime=PENDING;pr026_missing=ENDPOINT|TEST;pr026_human_confirmation=REQUIRED;pr026_ui_complete=false;pr028_quick_win=PARTIAL_REMEDIATION;pr028_remaining=ENDPOINT;pr028_human_confirmation=REQUIRED;pr028_ui_complete=false;pr029_remaining_quick_win=OPEN;pr029_missing=ENDPOINT;pr029_human_confirmation=REQUIRED;pr029_ui_complete=false;pr030_endpoint_real_data=CLOSED_MACHINE_VERIFIED;pr030_evidence=endpoint:GET /api/auth/2fa/status@backend/ndsp_user_login_gateway.cjs:407 probe=http://127.0.0.1:443/api/auth/2fa/status HTTP_400;pr030_human_confirmation=REQUIRED;pr030_ui_complete=false
CAP-E73BB362CCA6,Ndsp User Login Gateway,API capability discovered at GET /api/auth/session,backend/auth_api/ndsp_user_login_gateway.cjs,ndsp-user-login.service,GET /api/auth/session,JSON,CALCULATED_REAL,ADMIN,TRIAL,backups/active-entrypoint-to-canonical-v1/20260726_233204/files/var/www/ndsp-my/decision-room-v30-1/index.html|backups/active-entrypoint-to-canonical-v1/20260726_233204/files/var/www/ndsp-my/decision-room-v30/index.html|backups/active-entrypoint-to-canonical-v1/20260726_233204/files/var/www/ndsp-my/decision-room/index.html|backups/active-entrypoint-to-canonical-v1/20260726_233204/files/var/www/ndsp-my/user-portal/index.html|backups/portal-v50-hard-retire-v2/20260727_000836/files/var/www/ndsp-my/access/index.html|backups/portal-v50-hard-retire-v2/20260727_000836/files/var/www/ndsp-my/dashboard/index.html|backups/portal-v50-hard-retire-v2/20260727_000836/files/var/www/ndsp-my/decision-room-v30-1/index.html|backups/portal-v50-hard-retire-v2/20260727_000836/files/var/www/ndsp-my/decision-room-v30/index.html|backups/portal-v50-hard-retire-v2/20260727_000836/files/var/www/ndsp-my/decision-room-v31/account/index.html|backups/portal-v50-hard-retire-v2/20260727_000836/files/var/www/ndsp-my/decision-room-v31/index.html|backups/portal-v50-hard-retire-v2/20260727_000836/files/var/www/ndsp-my/decision-room/index.html|backups/portal-v50-hard-retire-v2/20260727_000836/files/var/www/ndsp-my/ndsp-canonical-user-portal-v78.js|backups/portal-v50-hard-retire-v2/20260727_000836/files/var/www/ndsp-my/ndsp-canonical-user-portal-v79.js|backups/portal-v50-hard-retire-v2/20260727_000836/files/var/www/ndsp-my/ndsp-canonical-user-portal-v86.js|backups/portal-v50-hard-retire-v2/20260727_000836/files/var/www/ndsp-my/user-portal/index.html|backups/portal-v50-retire-v2-1/20260727_001453/files/var/www/ndsp-my/access/index.html|backups/portal-v50-retire-v2-1/20260727_001453/files/var/www/ndsp-my/dashboard/index.html|backups/portal-v50-retire-v2-1/20260727_001453/files/var/www/ndsp-my/decision-room-v30-1/index.html|backups/portal-v50-retire-v2-1/20260727_001453/files/var/www/ndsp-my/decision-room-v30/index.html|backups/portal-v50-retire-v2-1/20260727_001453/files/var/www/ndsp-my/decision-room-v31/account/index.html|backups/portal-v50-retire-v2-1/20260727_001453/files/var/www/ndsp-my/decision-room-v31/index.html|backups/portal-v50-retire-v2-1/20260727_001453/files/var/www/ndsp-my/decision-room/index.html|backups/portal-v50-retire-v2-1/20260727_001453/files/var/www/ndsp-my/ndsp-canonical-user-portal-v78.js|backups/portal-v50-retire-v2-1/20260727_001453/files/var/www/ndsp-my/ndsp-canonical-user-portal-v79.js|backups/portal-v50-retire-v2-1/20260727_001453/files/var/www/ndsp-my/ndsp-canonical-user-portal-v86.js|backups/portal-v50-retire-v2-1/20260727_001453/files/var/www/ndsp-my/user-portal/index.html|backups/portal-v50-retire-v2-2/20260727_001938/files/var/www/ndsp-my/access/index.html|backups/portal-v50-retire-v2-2/20260727_001938/files/var/www/ndsp-my/dashboard/index.html|backups/portal-v50-retire-v2-2/20260727_001938/files/var/www/ndsp-my/decision-room-v30-1/index.html|backups/portal-v50-retire-v2-2/20260727_001938/files/var/www/ndsp-my/decision-room-v30/index.html|backups/portal-v50-retire-v2-2/20260727_001938/files/var/www/ndsp-my/decision-room-v31/account/index.html|backups/portal-v50-retire-v2-2/20260727_001938/files/var/www/ndsp-my/decision-room-v31/index.html|backups/portal-v50-retire-v2-2/20260727_001938/files/var/www/ndsp-my/decision-room/index.html|backups/portal-v50-retire-v2-2/20260727_001938/files/var/www/ndsp-my/ndsp-canonical-user-portal-v78.js|backups/portal-v50-retire-v2-2/20260727_001938/files/var/www/ndsp-my/ndsp-canonical-user-portal-v79.js|backups/portal-v50-retire-v2-2/20260727_001938/files/var/www/ndsp-my/ndsp-canonical-user-portal-v86.js|backups/portal-v50-retire-v2-2/20260727_001938/files/var/www/ndsp-my/user-portal/index.html|backups/retire-portal-v50-v1/20260727_000318/files/var/www/ndsp-my/access/index.html|backups/retire-portal-v50-v1/20260727_000318/files/var/www/ndsp-my/dashboard/index.html|backups/retire-portal-v50-v1/20260727_000318/files/var/www/ndsp-my/decision-room-v30-1/index.html|backups/retire-portal-v50-v1/20260727_000318/files/var/www/ndsp-my/decision-room-v30/index.html|backups/retire-portal-v50-v1/20260727_000318/files/var/www/ndsp-my/decision-room-v31/account/index.html|backups/retire-portal-v50-v1/20260727_000318/files/var/www/ndsp-my/decision-room-v31/index.html|backups/retire-portal-v50-v1/20260727_000318/files/var/www/ndsp-my/decision-room/index.html|backups/retire-portal-v50-v1/20260727_000318/files/var/www/ndsp-my/ndsp-canonical-user-portal-v78.js|backups/retire-portal-v50-v1/20260727_000318/files/var/www/ndsp-my/ndsp-canonical-user-portal-v79.js|backups/retire-portal-v50-v1/20260727_000318/files/var/www/ndsp-my/ndsp-canonical-user-portal-v86.js|backups/retire-portal-v50-v1/20260727_000318/files/var/www/ndsp-my/user-portal/index.html|docs/05-runbooks/NDSP_LOGIN_PUBLIC_SOURCE_DISCOVERY_V6_20260727_135357/js/asset-1.js|frontend/ndsp-user-portal-v50/public/ndsp-canonical-user-portal-v78.js|frontend/ndsp-user-portal-v50/public/ndsp-canonical-user-portal-v79.js|frontend/ndsp-user-portal-v50/public/ndsp-canonical-user-portal-v86.js,UI_PARTIAL,REAL_SNAPSHOT,REVIEW_REQUIRED,backend/auth_api/ndsp_user_login_gateway.cjs,DISCOVERY_REQUIRED,2026-07-31T22:08:07Z,origin=LOCAL_ONLY;confidence=HIGH;frontend_consumers=52;quality_filtered=true;human_validation=PENDING;full_power_preservation=REQUIRED;pr020_semantic_duplicate_of=CAP-2ED357832A3E;candidate_retained=true;human_confirmation=REQUIRED;ui_complete=false;pr026_runtime=PENDING;pr026_missing=SOURCE|TEST;pr026_human_confirmation=REQUIRED;pr026_ui_complete=false
CAP-F139426B5341,Ndsp User Login Gateway,API capability discovered at POST /api/auth/2fa/setup,backend/ndsp_user_login_gateway.cjs,ndsp-user-login.service,POST /api/auth/2fa/setup,JSON,CALCULATED_REAL,PUBLIC|AUTHENTICATED_USER,AUTHENTICATION,AuthForm|TwoFactorStep|SessionStatus|RecoveryFlow,API_CONNECTED,REAL_SNAPSHOT,REVIEW_REQUIRED,backend/ndsp_user_login_gateway.cjs,DISCOVERY_REQUIRED,2026-07-31T23:24:58Z,origin=ON_MAIN;confidence=HIGH;frontend_consumers=0;quality_filtered=true;human_validation=PENDING;full_power_preservation=REQUIRED;pr020_cluster=CLUSTER-2B8E8720210CF8DD;pr020_feature=Authentication and account access;pr020_verification=PARTIALLY_VERIFIED;human_confirmation=REQUIRED;ui_complete=false;pr021_owner_unassigned=OWNER_CANDIDATE_FOUND_NOT_AUTHORITATIVE;pr021_human_confirmation=REQUIRED;pr021_ui_complete=false;pr026_runtime=PENDING;pr026_missing=ENDPOINT|TEST;pr026_human_confirmation=REQUIRED;pr026_ui_complete=false;pr028_quick_win=PARTIAL_REMEDIATION;pr028_remaining=ENDPOINT;pr028_human_confirmation=REQUIRED;pr028_ui_complete=false;pr029_remaining_quick_win=OPEN;pr029_missing=ENDPOINT;pr029_human_confirmation=REQUIRED;pr029_ui_complete=false;pr030_endpoint_real_data=CLOSED_MACHINE_VERIFIED;pr030_evidence=endpoint:GET /api/auth/2fa/status@backend/ndsp_user_login_gateway.cjs:407 probe=http://127.0.0.1:443/api/auth/2fa/status HTTP_400;pr030_human_confirmation=REQUIRED;pr030_ui_complete=false
CAP-F56AB637F669,Ndsp User Login Gateway,API capability discovered at POST /api/auth/2fa/confirm,backend/ndsp_user_login_gateway.cjs,ndsp-user-login.service,POST /api/auth/2fa/confirm,JSON,CALCULATED_REAL,PUBLIC|AUTHENTICATED_USER,AUTHENTICATION,AuthForm|TwoFactorStep|SessionStatus|RecoveryFlow,API_CONNECTED,REAL_SNAPSHOT,REVIEW_REQUIRED,backend/ndsp_user_login_gateway.cjs,DISCOVERY_REQUIRED,2026-07-31T23:24:58Z,origin=ON_MAIN;confidence=HIGH;frontend_consumers=0;quality_filtered=true;human_validation=PENDING;full_power_preservation=REQUIRED;pr020_cluster=CLUSTER-4346E697DC6E8699;pr020_feature=Authentication and account access;pr020_verification=PARTIALLY_VERIFIED;human_confirmation=REQUIRED;ui_complete=false;pr021_owner_unassigned=OWNER_CANDIDATE_FOUND_NOT_AUTHORITATIVE;pr021_human_confirmation=REQUIRED;pr021_ui_complete=false;pr026_runtime=PENDING;pr026_missing=ENDPOINT|TEST;pr026_human_confirmation=REQUIRED;pr026_ui_complete=false;pr028_quick_win=PARTIAL_REMEDIATION;pr028_remaining=ENDPOINT;pr028_human_confirmation=REQUIRED;pr028_ui_complete=false;pr029_remaining_quick_win=OPEN;pr029_missing=ENDPOINT;pr029_human_confirmation=REQUIRED;pr029_ui_complete=false;pr030_endpoint_real_data=CLOSED_MACHINE_VERIFIED;pr030_evidence=endpoint:GET /api/auth/2fa/status@backend/ndsp_user_login_gateway.cjs:407 probe=http://127.0.0.1:443/api/auth/2fa/status HTTP_400;pr030_human_confirmation=REQUIRED;pr030_ui_complete=false
CAP-3F820FC0AC86,Ndsp User Portal Final Experience V1 One Script,API capability discovered at GET /api/auth/session,NDSP_USER_PORTAL_FINAL_EXPERIENCE_V1_ONE_SCRIPT.sh,DISCOVERY_REQUIRED,GET /api/auth/session,HTTP_API|JSON|POSTGRES,CALCULATED_REAL,ADMIN,TRIAL,backups/active-entrypoint-to-canonical-v1/20260726_233204/files/var/www/ndsp-my/decision-room-v30-1/index.html|backups/active-entrypoint-to-canonical-v1/20260726_233204/files/var/www/ndsp-my/decision-room-v30/index.html|backups/active-entrypoint-to-canonical-v1/20260726_233204/files/var/www/ndsp-my/decision-room/index.html|backups/active-entrypoint-to-canonical-v1/20260726_233204/files/var/www/ndsp-my/user-portal/index.html|backups/portal-v50-hard-retire-v2/20260727_000836/files/var/www/ndsp-my/access/index.html|backups/portal-v50-hard-retire-v2/20260727_000836/files/var/www/ndsp-my/dashboard/index.html|backups/portal-v50-hard-retire-v2/20260727_000836/files/var/www/ndsp-my/decision-room-v30-1/index.html|backups/portal-v50-hard-retire-v2/20260727_000836/files/var/www/ndsp-my/decision-room-v30/index.html|backups/portal-v50-hard-retire-v2/20260727_000836/files/var/www/ndsp-my/decision-room-v31/account/index.html|backups/portal-v50-hard-retire-v2/20260727_000836/files/var/www/ndsp-my/decision-room-v31/index.html|backups/portal-v50-hard-retire-v2/20260727_000836/files/var/www/ndsp-my/decision-room/index.html|backups/portal-v50-hard-retire-v2/20260727_000836/files/var/www/ndsp-my/ndsp-canonical-user-portal-v78.js|backups/portal-v50-hard-retire-v2/20260727_000836/files/var/www/ndsp-my/ndsp-canonical-user-portal-v79.js|backups/portal-v50-hard-retire-v2/20260727_000836/files/var/www/ndsp-my/ndsp-canonical-user-portal-v86.js|backups/portal-v50-hard-retire-v2/20260727_000836/files/var/www/ndsp-my/user-portal/index.html|backups/portal-v50-retire-v2-1/20260727_001453/files/var/www/ndsp-my/access/index.html|backups/portal-v50-retire-v2-1/20260727_001453/files/var/www/ndsp-my/dashboard/index.html|backups/portal-v50-retire-v2-1/20260727_001453/files/var/www/ndsp-my/decision-room-v30-1/index.html|backups/portal-v50-retire-v2-1/20260727_001453/files/var/www/ndsp-my/decision-room-v30/index.html|backups/portal-v50-retire-v2-1/20260727_001453/files/var/www/ndsp-my/decision-room-v31/account/index.html|backups/portal-v50-retire-v2-1/20260727_001453/files/var/www/ndsp-my/decision-room-v31/index.html|backups/portal-v50-retire-v2-1/20260727_001453/files/var/www/ndsp-my/decision-room/index.html|backups/portal-v50-retire-v2-1/20260727_001453/files/var/www/ndsp-my/ndsp-canonical-user-portal-v78.js|backups/portal-v50-retire-v2-1/20260727_001453/files/var/www/ndsp-my/ndsp-canonical-user-portal-v79.js|backups/portal-v50-retire-v2-1/20260727_001453/files/var/www/ndsp-my/ndsp-canonical-user-portal-v86.js|backups/portal-v50-retire-v2-1/20260727_001453/files/var/www/ndsp-my/user-portal/index.html|backups/portal-v50-retire-v2-2/20260727_001938/files/var/www/ndsp-my/access/index.html|backups/portal-v50-retire-v2-2/20260727_001938/files/var/www/ndsp-my/dashboard/index.html|backups/portal-v50-retire-v2-2/20260727_001938/files/var/www/ndsp-my/decision-room-v30-1/index.html|backups/portal-v50-retire-v2-2/20260727_001938/files/var/www/ndsp-my/decision-room-v30/index.html|backups/portal-v50-retire-v2-2/20260727_001938/files/var/www/ndsp-my/decision-room-v31/account/index.html|backups/portal-v50-retire-v2-2/20260727_001938/files/var/www/ndsp-my/decision-room-v31/index.html|backups/portal-v50-retire-v2-2/20260727_001938/files/var/www/ndsp-my/decision-room/index.html|backups/portal-v50-retire-v2-2/20260727_001938/files/var/www/ndsp-my/ndsp-canonical-user-portal-v78.js|backups/portal-v50-retire-v2-2/20260727_001938/files/var/www/ndsp-my/ndsp-canonical-user-portal-v79.js|backups/portal-v50-retire-v2-2/20260727_001938/files/var/www/ndsp-my/ndsp-canonical-user-portal-v86.js|backups/portal-v50-retire-v2-2/20260727_001938/files/var/www/ndsp-my/user-portal/index.html|backups/retire-portal-v50-v1/20260727_000318/files/var/www/ndsp-my/access/index.html|backups/retire-portal-v50-v1/20260727_000318/files/var/www/ndsp-my/dashboard/index.html|backups/retire-portal-v50-v1/20260727_000318/files/var/www/ndsp-my/decision-room-v30-1/index.html|backups/retire-portal-v50-v1/20260727_000318/files/var/www/ndsp-my/decision-room-v30/index.html|backups/retire-portal-v50-v1/20260727_000318/files/var/www/ndsp-my/decision-room-v31/account/index.html|backups/retire-portal-v50-v1/20260727_000318/files/var/www/ndsp-my/decision-room-v31/index.html|backups/retire-portal-v50-v1/20260727_000318/files/var/www/ndsp-my/decision-room/index.html|backups/retire-portal-v50-v1/20260727_000318/files/var/www/ndsp-my/ndsp-canonical-user-portal-v78.js|backups/retire-portal-v50-v1/20260727_000318/files/var/www/ndsp-my/ndsp-canonical-user-portal-v79.js|backups/retire-portal-v50-v1/20260727_000318/files/var/www/ndsp-my/ndsp-canonical-user-portal-v86.js|backups/retire-portal-v50-v1/20260727_000318/files/var/www/ndsp-my/user-portal/index.html|docs/05-runbooks/NDSP_LOGIN_PUBLIC_SOURCE_DISCOVERY_V6_20260727_135357/js/asset-1.js|frontend/ndsp-user-portal-v50/public/ndsp-canonical-user-portal-v78.js|frontend/ndsp-user-portal-v50/public/ndsp-canonical-user-portal-v79.js|frontend/ndsp-user-portal-v50/public/ndsp-canonical-user-portal-v86.js,UI_PARTIAL,REAL_LIVE,REVIEW_REQUIRED,NDSP_USER_PORTAL_FINAL_EXPERIENCE_V1_ONE_SCRIPT.sh|docs/99-governance/pr-019-capability-discovery-audit/PR019_ACTIVE_CAPABILITY_CATALOG.json|docs/99-governance/pr-053-p0-batch-15-evidence-closure/PR-053-P0-BATCH-15-EVIDENCE-CLOSURE.md,DISCOVERY_REQUIRED,2026-08-01T10:05:11Z,origin=UNTRACKED;confidence=HIGH;frontend_consumers=52;quality_filtered=true;human_validation=PENDING;full_power_preservation=REQUIRED;pr020_semantic_duplicate_of=CAP-2ED357832A3E;candidate_retained=true;human_confirmation=REQUIRED;ui_complete=false;pr026_runtime=PENDING;pr026_missing=SOURCE|SERVICE|TEST;pr026_human_confirmation=REQUIRED;pr026_ui_complete=false;pr053_batch=B15_SERVICE_ONLY;pr053_machine_evidence=CLOSED;pr053_evidence_paths=docs/99-governance/pr-019-capability-discovery-audit/PR019_ACTIVE_CAPABILITY_CATALOG.json;pr053_human_confirmation=REQUIRED;pr053_ui_complete=false
CAP-4B8CAC6792AE,Ndsp User Portal Final Experience V1 One Script,API capability discovered at GET /api/user/experience,NDSP_USER_PORTAL_FINAL_EXPERIENCE_V1_ONE_SCRIPT.sh,DISCOVERY_REQUIRED,GET /api/user/experience,HTTP_API|JSON|POSTGRES,CALCULATED_REAL,ADMIN,ADMIN_USERS,UsersTable|UserDetailDrawer|RoleBadge|EntitlementPanel,API_CONNECTED,REAL_LIVE,REVIEW_REQUIRED,NDSP_USER_PORTAL_FINAL_EXPERIENCE_V1_ONE_SCRIPT.sh|docs/99-governance/pr-019-capability-discovery-audit/PR019_ACTIVE_CAPABILITY_CATALOG.json|docs/99-governance/pr-054-p0-batch-16-evidence-closure/PR-054-P0-BATCH-16-EVIDENCE-CLOSURE.md,DISCOVERY_REQUIRED,2026-08-01T10:11:30Z,origin=UNTRACKED;confidence=HIGH;frontend_consumers=1;quality_filtered=true;human_validation=PENDING;full_power_preservation=REQUIRED;pr020_cluster=CLUSTER-0328C106FF332C89;pr020_feature=Admin user management;pr020_verification=PARTIALLY_VERIFIED;human_confirmation=REQUIRED;ui_complete=false;pr021_runtime_service_unverified=UNRESOLVED;pr021_owner_unassigned=UNRESOLVED;pr021_human_confirmation=REQUIRED;pr021_ui_complete=false;pr026_runtime=PENDING;pr026_missing=SOURCE|SERVICE|TEST;pr026_human_confirmation=REQUIRED;pr026_ui_complete=false;pr054_batch=B16_SERVICE_ONLY;pr054_machine_evidence=CLOSED;pr054_evidence_paths=docs/99-governance/pr-019-capability-discovery-audit/PR019_ACTIVE_CAPABILITY_CATALOG.json;pr054_human_confirmation=REQUIRED;pr054_ui_complete=false
CAP-AD97D3157EBD,Ndsp User Portal Final Experience V1 One Script,API capability discovered at POST /api/user/survey,NDSP_USER_PORTAL_FINAL_EXPERIENCE_V1_ONE_SCRIPT.sh,DISCOVERY_REQUIRED,POST /api/user/survey,HTTP_API|JSON|POSTGRES,CALCULATED_REAL,ADMIN,ADMIN_USERS,UsersTable|UserDetailDrawer|RoleBadge|EntitlementPanel,API_CONNECTED,REAL_LIVE,REVIEW_REQUIRED,NDSP_USER_PORTAL_FINAL_EXPERIENCE_V1_ONE_SCRIPT.sh|docs/99-governance/pr-019-capability-discovery-audit/PR019_ACTIVE_CAPABILITY_CATALOG.json|docs/99-governance/pr-054-p0-batch-16-evidence-closure/PR-054-P0-BATCH-16-EVIDENCE-CLOSURE.md,DISCOVERY_REQUIRED,2026-08-01T10:11:30Z,origin=UNTRACKED;confidence=HIGH;frontend_consumers=0;quality_filtered=true;human_validation=PENDING;full_power_preservation=REQUIRED;pr020_cluster=CLUSTER-FDBEF33E2C765F1C;pr020_feature=Admin user management;pr020_verification=PARTIALLY_VERIFIED;human_confirmation=REQUIRED;ui_complete=false;pr021_runtime_service_unverified=UNRESOLVED;pr021_owner_unassigned=UNRESOLVED;pr021_human_confirmation=REQUIRED;pr021_ui_complete=false;pr026_runtime=PENDING;pr026_missing=SOURCE|SERVICE|ENDPOINT|TEST;pr026_human_confirmation=REQUIRED;pr026_ui_complete=false;pr054_batch=B16_SERVICE_ONLY;pr054_machine_evidence=CLOSED;pr054_evidence_paths=docs/99-governance/pr-019-capability-discovery-audit/PR019_ACTIVE_CAPABILITY_CATALOG.json;pr054_human_confirmation=REQUIRED;pr054_ui_complete=false
CAP-B2ADCE8E14C1,Ndsp User Portal Final Experience V1 One Script,API capability discovered at POST /api/user/legal-acceptance,NDSP_USER_PORTAL_FINAL_EXPERIENCE_V1_ONE_SCRIPT.sh,DISCOVERY_REQUIRED,POST /api/user/legal-acceptance,HTTP_API|JSON|POSTGRES,CALCULATED_REAL,ADMIN,ADMIN_USERS,UsersTable|UserDetailDrawer|RoleBadge|EntitlementPanel,API_CONNECTED,REAL_LIVE,REVIEW_REQUIRED,NDSP_USER_PORTAL_FINAL_EXPERIENCE_V1_ONE_SCRIPT.sh|docs/99-governance/pr-019-capability-discovery-audit/PR019_ACTIVE_CAPABILITY_CATALOG.json|docs/99-governance/pr-054-p0-batch-16-evidence-closure/PR-054-P0-BATCH-16-EVIDENCE-CLOSURE.md,DISCOVERY_REQUIRED,2026-08-01T10:11:30Z,origin=UNTRACKED;confidence=HIGH;frontend_consumers=0;quality_filtered=true;human_validation=PENDING;full_power_preservation=REQUIRED;pr020_cluster=CLUSTER-14E241D47ACC5CBA;pr020_feature=Admin user management;pr020_verification=PARTIALLY_VERIFIED;human_confirmation=REQUIRED;ui_complete=false;pr021_runtime_service_unverified=UNRESOLVED;pr021_owner_unassigned=UNRESOLVED;pr021_human_confirmation=REQUIRED;pr021_ui_complete=false;pr026_runtime=PENDING;pr026_missing=SOURCE|SERVICE|ENDPOINT|TEST;pr026_human_confirmation=REQUIRED;pr026_ui_complete=false;pr054_batch=B16_SERVICE_ONLY;pr054_machine_evidence=CLOSED;pr054_evidence_paths=docs/99-governance/pr-019-capability-discovery-audit/PR019_ACTIVE_CAPABILITY_CATALOG.json;pr054_human_confirmation=REQUIRED;pr054_ui_complete=false
CAP-E4980A40032A,Ndsp User Portal Final Experience V1 One Script,API capability discovered at GET /api/user/notifications,NDSP_USER_PORTAL_FINAL_EXPERIENCE_V1_ONE_SCRIPT.sh,DISCOVERY_REQUIRED,GET /api/user/notifications,HTTP_API|JSON|POSTGRES,CALCULATED_REAL,USER|ADMIN,ALERTS_AND_CHANNELS,AlertCenter|ChannelSettings|RoutingStatus|TestDelivery,API_CONNECTED,REAL_LIVE,REVIEW_REQUIRED,NDSP_USER_PORTAL_FINAL_EXPERIENCE_V1_ONE_SCRIPT.sh|docs/99-governance/pr-019-capability-discovery-audit/PR019_ACTIVE_CAPABILITY_CATALOG.json|docs/99-governance/pr-054-p0-batch-16-evidence-closure/PR-054-P0-BATCH-16-EVIDENCE-CLOSURE.md,DISCOVERY_REQUIRED,2026-08-01T10:11:30Z,origin=UNTRACKED;confidence=HIGH;frontend_consumers=1;quality_filtered=true;human_validation=PENDING;full_power_preservation=REQUIRED;pr020_cluster=CLUSTER-322DC710CFDB962B;pr020_feature=Alerts and delivery channels;pr020_verification=PARTIALLY_VERIFIED;human_confirmation=REQUIRED;ui_complete=false;pr021_runtime_service_unverified=UNRESOLVED;pr021_owner_unassigned=UNRESOLVED;pr021_human_confirmation=REQUIRED;pr021_ui_complete=false;pr026_runtime=PENDING;pr026_missing=SOURCE|SERVICE|TEST;pr026_human_confirmation=REQUIRED;pr026_ui_complete=false;pr054_batch=B16_SERVICE_ONLY;pr054_machine_evidence=CLOSED;pr054_evidence_paths=docs/99-governance/pr-019-capability-discovery-audit/PR019_ACTIVE_CAPABILITY_CATALOG.json;pr054_human_confirmation=REQUIRED;pr054_ui_complete=false
CAP-242A581E1E52,Ndsp Write Alert State,Business or platform capability discovered from ndspWriteAlertState in backend/auth_api/ndsp_admin_ui_proxy.cjs,backend/auth_api/ndsp_admin_ui_proxy.cjs::ndspWriteAlertState,ndsp-admin-ui-proxy.service,GET /api/admin-ui/health|GET /api/admin-ui/summary|GET /api/admin-ui/users|GET /api/admin-ui/payments|GET /api/admin-ui/trials|GET /api/admin-ui/packages|GET /api/admin-ui/markets|GET /api/admin-ui/alerts|POST /api/admin-ui/alerts/channel|POST /api/admin-ui/alerts/test|GET /api/admin-ui/backups|GET /api/admin-ui/governance|POST /api/admin-ui/action,JSON,CALCULATED_REAL,ADMIN,TRIAL,DISCOVERY_REQUIRED,UI_PARTIAL,REAL_SNAPSHOT,REVIEW_REQUIRED,backend/auth_api/ndsp_admin_ui_proxy.cjs,DISCOVERY_REQUIRED,2026-07-31T22:08:07Z,origin=LOCAL_ONLY;confidence=HIGH;business_keyword_score=10;quality_filtered=true;human_validation=PENDING;full_power_preservation=REQUIRED;pr020_semantic_duplicate_of=CAP-170A28FFB0E7;candidate_retained=true;human_confirmation=REQUIRED;ui_complete=false;pr026_runtime=PENDING;pr026_missing=SOURCE|TEST|UI;pr026_human_confirmation=REQUIRED;pr026_ui_complete=false
CAP-753A055CFA5A,Ndsp Write Alert State,Business or platform capability discovered from ndspWriteAlertState in backend/ndsp_admin_ui_proxy.cjs,backend/ndsp_admin_ui_proxy.cjs::ndspWriteAlertState,ndsp-admin-ui-proxy.service,GET /api/admin-ui/health|GET /api/admin-ui/summary|GET /api/admin-ui/users|GET /api/admin-ui/payments|GET /api/admin-ui/trials|GET /api/admin-ui/packages|GET /api/admin-ui/markets|GET /api/admin-ui/alerts|POST /api/admin-ui/alerts/channel|POST /api/admin-ui/alerts/test|GET /api/admin-ui/backups|GET /api/admin-ui/governance|POST /api/admin-ui/action,JSON,CALCULATED_REAL,ADMIN,TRIAL,DISCOVERY_REQUIRED,UI_PARTIAL,REAL_SNAPSHOT,REVIEW_REQUIRED,backend/ndsp_admin_ui_proxy.cjs,DISCOVERY_REQUIRED,2026-07-31T23:17:31Z,origin=ON_MAIN;confidence=HIGH;business_keyword_score=10;quality_filtered=true;human_validation=PENDING;full_power_preservation=REQUIRED;pr020_semantic_duplicate_of=CAP-170A28FFB0E7;candidate_retained=true;human_confirmation=REQUIRED;ui_complete=false;pr026_runtime=PENDING;pr026_missing=TEST|UI;pr026_human_confirmation=REQUIRED;pr026_ui_complete=false;pr028_quick_win=PARTIAL_REMEDIATION;pr028_remaining=UI;pr028_human_confirmation=REQUIRED;pr028_ui_complete=false;pr029_remaining_quick_win=CLOSED_MACHINE_VERIFIED;pr029_evidence=ui:frontend/user-portal-vite/src/features/remaining-quick-wins;pr029_human_confirmation=REQUIRED;pr029_ui_complete=false
CAP-033B90B3A316,Nowpayments Create Alias,API capability discovered at POST /api/payments/nowpayments/subscription/create,backend/app/api/compat/nowpayments_create_alias.py,DISCOVERY_REQUIRED,POST /api/payments/nowpayments/subscription/create,JSON|POSTGRES,CALCULATED_REAL,USER|ADMIN,TRIAL_AND_BILLING,TrialCountdown|PlanComparison|UsageMeter|BillingStatus,API_CONNECTED,REAL_SNAPSHOT,REVIEW_REQUIRED,backend/app/api/compat/nowpayments_create_alias.py|docs/99-governance/pr-019-capability-discovery-audit/PR019_ACTIVE_CAPABILITY_CATALOG.json|docs/99-governance/pr-053-p0-batch-15-evidence-closure/PR-053-P0-BATCH-15-EVIDENCE-CLOSURE.md,DISCOVERY_REQUIRED,2026-08-01T10:05:11Z,"origin=LOCAL_ONLY;confidence=HIGH;frontend_consumers=0;quality_filtered=true;human_validation=PENDING;full_power_preservation=REQUIRED;pr020_cluster=CLUSTER-979F2906008108BE;pr020_feature=Trial, plans, and billing;pr020_verification=PARTIALLY_VERIFIED;human_confirmation=REQUIRED;ui_complete=false;pr021_runtime_service_unverified=AMBIGUOUS_EVIDENCE;pr021_owner_unassigned=UNRESOLVED;pr021_human_confirmation=REQUIRED;pr021_ui_complete=false;pr026_runtime=PENDING;pr026_missing=SOURCE|SERVICE|ENDPOINT|TEST;pr026_human_confirmation=REQUIRED;pr026_ui_complete=false;pr053_batch=B15_SERVICE_ONLY;pr053_machine_evidence=CLOSED;pr053_evidence_paths=docs/99-governance/pr-019-capability-discovery-audit/PR019_ACTIVE_CAPABILITY_CATALOG.json;pr053_human_confirmation=REQUIRED;pr053_ui_complete=false"
CAP-329C5FE62399,Nowpayments Create Alias,API capability discovered at POST /api/v6/payments/nowpayments/subscription/create,backend/app/api/compat/nowpayments_create_alias.py,DISCOVERY_REQUIRED,POST /api/v6/payments/nowpayments/subscription/create,JSON|POSTGRES,CALCULATED_REAL,USER|ADMIN,TRIAL_AND_BILLING,TrialCountdown|PlanComparison|UsageMeter|BillingStatus,API_CONNECTED,REAL_SNAPSHOT,REVIEW_REQUIRED,backend/app/api/compat/nowpayments_create_alias.py|docs/99-governance/pr-019-capability-discovery-audit/PR019_ACTIVE_CAPABILITY_CATALOG.json|docs/99-governance/pr-053-p0-batch-15-evidence-closure/PR-053-P0-BATCH-15-EVIDENCE-CLOSURE.md,DISCOVERY_REQUIRED,2026-08-01T10:05:11Z,"origin=LOCAL_ONLY;confidence=HIGH;frontend_consumers=0;quality_filtered=true;human_validation=PENDING;full_power_preservation=REQUIRED;pr020_cluster=CLUSTER-04AE942A6CCB8C5A;pr020_feature=Trial, plans, and billing;pr020_verification=PARTIALLY_VERIFIED;human_confirmation=REQUIRED;ui_complete=false;pr021_runtime_service_unverified=AMBIGUOUS_EVIDENCE;pr021_owner_unassigned=UNRESOLVED;pr021_human_confirmation=REQUIRED;pr021_ui_complete=false;pr026_runtime=PENDING;pr026_missing=SOURCE|SERVICE|ENDPOINT|TEST;pr026_human_confirmation=REQUIRED;pr026_ui_complete=false;pr053_batch=B15_SERVICE_ONLY;pr053_machine_evidence=CLOSED;pr053_evidence_paths=docs/99-governance/pr-019-capability-discovery-audit/PR019_ACTIVE_CAPABILITY_CATALOG.json;pr053_human_confirmation=REQUIRED;pr053_ui_complete=false"
CAP-4C3B7B99A4A6,Nowpayments Create Alias,API capability discovered at GET /api/ndsp/nowpayments-create-alias/health,backend/app/api/compat/nowpayments_create_alias.py,DISCOVERY_REQUIRED,GET /api/ndsp/nowpayments-create-alias/health,JSON|POSTGRES,CALCULATED_REAL,USER|ADMIN,TRIAL_AND_BILLING,TrialCountdown|PlanComparison|UsageMeter|BillingStatus,API_CONNECTED,REAL_SNAPSHOT,REVIEW_REQUIRED,backend/app/api/compat/nowpayments_create_alias.py|docs/99-governance/pr-019-capability-discovery-audit/PR019_ACTIVE_CAPABILITY_CATALOG.json|docs/99-governance/pr-054-p0-batch-16-evidence-closure/PR-054-P0-BATCH-16-EVIDENCE-CLOSURE.md,DISCOVERY_REQUIRED,2026-08-01T10:11:30Z,"origin=LOCAL_ONLY;confidence=HIGH;frontend_consumers=0;quality_filtered=true;human_validation=PENDING;full_power_preservation=REQUIRED;pr020_cluster=CLUSTER-3B2119F427ED870D;pr020_feature=Trial, plans, and billing;pr020_verification=PARTIALLY_VERIFIED;human_confirmation=REQUIRED;ui_complete=false;pr021_runtime_service_unverified=AMBIGUOUS_EVIDENCE;pr021_owner_unassigned=UNRESOLVED;pr021_human_confirmation=REQUIRED;pr021_ui_complete=false;pr026_runtime=PENDING;pr026_missing=SOURCE|SERVICE|TEST;pr026_human_confirmation=REQUIRED;pr026_ui_complete=false;pr054_batch=B16_SERVICE_ONLY;pr054_machine_evidence=CLOSED;pr054_evidence_paths=docs/99-governance/pr-019-capability-discovery-audit/PR019_ACTIVE_CAPABILITY_CATALOG.json;pr054_human_confirmation=REQUIRED;pr054_ui_complete=false"
CAP-6B7418516628,Put Alert Prefs,Business or platform capability discovered from put_alert_prefs in backend/app/api/v1/frontend_contract.py,backend/app/api/v1/frontend_contract.py::put_alert_prefs,DISCOVERY_REQUIRED,GET /contract/status|POST /auth/register|POST /auth/login|POST /auth/2fa/verify|POST /auth/magic-link|GET /auth/magic-link/verify|POST /auth/forgot|POST /auth/reset|POST /account/activate|GET /account/trial|GET /packages|GET /me/entitlements|POST /payments/checkout|POST /payments/webhook|GET /me/subscription|GET /markets|GET /assets|GET /assets/{asset_id}/decision|GET /assets/{asset_id}/chart|GET /brief/today|GET /me/watchlist|POST /me/watchlist|DELETE /me/watchlist/{asset_id}|GET /me/dashboard|GET /me/alert-prefs|PUT /me/alert-prefs|POST /me/channels/telegram/link|POST /me/channels/telegram/verify|POST /me/channels/email/test|GET /admin/registrations|POST /admin/registrations/{registration_id}/decision|GET /admin/trials|GET /admin/payments|POST /admin/payments/{payment_id}/approve|POST /admin/payments/{payment_id}/reject|GET /admin/layers|GET /admin/health|GET /contract/status|POST /auth/register|POST /auth/login|POST /auth/2fa/verify|POST /auth/magic-link|GET /auth/magic-link/verify|POST /auth/forgot|POST /auth/reset|POST /account/activate|GET /account/trial|GET /packages|GET /me/entitlements|POST /payments/checkout|POST /payments/webhook|GET /me/subscription|GET /markets|GET /assets|GET /assets/{asset_id}/decision|GET /assets/{asset_id}/chart|GET /brief/today|GET /me/watchlist|POST /me/watchlist|DELETE /me/watchlist/{asset_id}|GET /me/dashboard|GET /me/alert-prefs|PUT /me/alert-prefs|POST /me/channels/telegram/link|POST /me/channels/telegram/verify|POST /me/channels/email/test|GET /admin/registrations|POST /admin/registrations/{registration_id}/decision|GET /admin/trials|GET /admin/payments|POST /admin/payments/{payment_id}/approve|POST /admin/payments/{payment_id}/reject|GET /admin/layers|GET /admin/health,UNKNOWN,DISCOVERY_REQUIRED,ADMIN,TRIAL,DISCOVERY_REQUIRED,UI_PARTIAL,UNKNOWN,REVIEW_REQUIRED,backend/app/api/v1/frontend_contract.py|docs/99-governance/pr-019-capability-discovery-audit/PR019_ACTIVE_CAPABILITY_CATALOG.json|docs/99-governance/pr-047-p0-batch-09-evidence-closure/PR-047-P0-BATCH-09-EVIDENCE-CLOSURE.md,DISCOVERY_REQUIRED,2026-08-01T09:42:28Z,origin=LOCAL_ONLY;confidence=HIGH;business_keyword_score=14;quality_filtered=true;human_validation=PENDING;full_power_preservation=REQUIRED;pr020_semantic_duplicate_of=CAP-235EF538DEF9;candidate_retained=true;human_confirmation=REQUIRED;ui_complete=false;pr025_source_recovery=RECOVERED_FROM_LOCAL;pr025_recovered_paths=backend/app/api/v1/frontend_contract.py;pr025_human_review=REQUIRED;pr025_ui_complete=false;pr026_runtime=PENDING;pr026_missing=SERVICE|REAL_DATA|CALCULATION|TEST|UI;pr026_human_confirmation=REQUIRED;pr026_ui_complete=false;pr047_batch=B09_SERVICE_REAL_DATA;pr047_machine_evidence=CLOSED;pr047_evidence_paths=docs/99-governance/pr-019-capability-discovery-audit/PR019_ACTIVE_CAPABILITY_CATALOG.json;pr047_human_confirmation=REQUIRED;pr047_ui_complete=false
CAP-3A5ED3DB0C0D,Risk Label,Business or platform capability discovered from _risk_label in backend/app/support_layers/scenario/scenario_engine.py,backend/app/support_layers/scenario/scenario_engine.py::_risk_label,ndsp-scenario-levels-adapter.service,DISCOVERY_REQUIRED,UNKNOWN,DISCOVERY_REQUIRED,USER|ADMIN,QUALITY_AND_RISK,QualityScore|RiskPanel|ConfidenceGauge|GovernanceStatus,SERVICE_CONNECTED,REAL_LIVE,REVIEW_REQUIRED,backend/app/support_layers/scenario/scenario_engine.py|docs/99-governance/pr-019-capability-discovery-audit/PR019_ACTIVE_CAPABILITY_CATALOG.json|docs/99-governance/pr-051-p0-batch-13-evidence-closure/PR-051-P0-BATCH-13-EVIDENCE-CLOSURE.md,DISCOVERY_REQUIRED,2026-08-01T09:58:13Z,origin=LOCAL_ONLY;confidence=HIGH;business_keyword_score=11;quality_filtered=true;human_validation=PENDING;full_power_preservation=REQUIRED;pr020_cluster=CLUSTER-23D620B64D4FFE61;pr020_feature=Decision quality and risk controls;pr020_verification=PARTIALLY_VERIFIED;human_confirmation=REQUIRED;ui_complete=false;pr021_runtime_service_unverified=EVIDENCE_FOUND_PENDING_HUMAN_CONFIRMATION;pr021_api_contract_unverified=UNRESOLVED;pr021_data_state_unverified=UNRESOLVED;pr021_owner_unassigned=UNRESOLVED;pr021_human_confirmation=REQUIRED;pr021_ui_complete=false;pr022_data_state_unverified=EVIDENCE_FOUND_PENDING_HUMAN_CONFIRMATION;pr022_basis=DATA_CLIENT_SIGNATURE:CSV|HTTP_API|JSON|POSTGRES;pr022_human_confirmation=REQUIRED;pr022_ui_complete=false;pr025_source_recovery=RECOVERED_FROM_LOCAL;pr025_recovered_paths=backend/app/support_layers/scenario/scenario_engine.py;pr025_human_review=REQUIRED;pr025_ui_complete=false;pr026_runtime=PENDING;pr026_missing=ENDPOINT|TEST;pr026_human_confirmation=REQUIRED;pr026_ui_complete=false;pr028_quick_win=PARTIAL_REMEDIATION;pr028_remaining=ENDPOINT;pr028_human_confirmation=REQUIRED;pr028_ui_complete=false;pr029_remaining_quick_win=OPEN;pr029_missing=ENDPOINT;pr029_human_confirmation=REQUIRED;pr029_ui_complete=false;pr030_endpoint_real_data=CLOSED_MACHINE_VERIFIED;pr030_evidence=endpoint:GET /risk_state@backend/app/support_layers/scenario/scenario_engine.py:105 probe=http://127.0.0.1:443/risk_state HTTP_400;pr030_human_confirmation=REQUIRED;pr030_ui_complete=false;pr051_batch=B13_ENDPOINT_REAL_DATA;pr051_machine_evidence=CLOSED;pr051_evidence_paths=docs/99-governance/pr-019-capability-discovery-audit/PR019_ACTIVE_CAPABILITY_CATALOG.json;pr051_human_confirmation=REQUIRED;pr051_ui_complete=false
CAP-98156F574B28,Risk Warnings,Business or platform capability discovered from _risk_warnings in backend/app/support_layers/scenario/scenario_engine.py,backend/app/support_layers/scenario/scenario_engine.py::_risk_warnings,ndsp-scenario-levels-adapter.service,DISCOVERY_REQUIRED,UNKNOWN,DISCOVERY_REQUIRED,USER|ADMIN,QUALITY_AND_RISK,QualityScore|RiskPanel|ConfidenceGauge|GovernanceStatus,SERVICE_CONNECTED,REAL_LIVE,REVIEW_REQUIRED,backend/app/support_layers/scenario/scenario_engine.py|docs/99-governance/pr-019-capability-discovery-audit/PR019_ACTIVE_CAPABILITY_CATALOG.json|docs/99-governance/pr-051-p0-batch-13-evidence-closure/PR-051-P0-BATCH-13-EVIDENCE-CLOSURE.md,DISCOVERY_REQUIRED,2026-08-01T09:58:13Z,origin=LOCAL_ONLY;confidence=HIGH;business_keyword_score=11;quality_filtered=true;human_validation=PENDING;full_power_preservation=REQUIRED;pr020_cluster=CLUSTER-A8307409A045A817;pr020_feature=Decision quality and risk controls;pr020_verification=PARTIALLY_VERIFIED;human_confirmation=REQUIRED;ui_complete=false;pr021_runtime_service_unverified=EVIDENCE_FOUND_PENDING_HUMAN_CONFIRMATION;pr021_api_contract_unverified=UNRESOLVED;pr021_data_state_unverified=UNRESOLVED;pr021_owner_unassigned=UNRESOLVED;pr021_human_confirmation=REQUIRED;pr021_ui_complete=false;pr022_data_state_unverified=EVIDENCE_FOUND_PENDING_HUMAN_CONFIRMATION;pr022_basis=DATA_CLIENT_SIGNATURE:CSV|HTTP_API|JSON|POSTGRES;pr022_human_confirmation=REQUIRED;pr022_ui_complete=false;pr025_source_recovery=RECOVERED_FROM_LOCAL;pr025_recovered_paths=backend/app/support_layers/scenario/scenario_engine.py;pr025_human_review=REQUIRED;pr025_ui_complete=false;pr026_runtime=PENDING;pr026_missing=ENDPOINT|TEST;pr026_human_confirmation=REQUIRED;pr026_ui_complete=false;pr028_quick_win=PARTIAL_REMEDIATION;pr028_remaining=ENDPOINT;pr028_human_confirmation=REQUIRED;pr028_ui_complete=false;pr029_remaining_quick_win=OPEN;pr029_missing=ENDPOINT;pr029_human_confirmation=REQUIRED;pr029_ui_complete=false;pr030_endpoint_real_data=CLOSED_MACHINE_VERIFIED;pr030_evidence=endpoint:GET /risk_state@backend/app/support_layers/scenario/scenario_engine.py:105 probe=http://127.0.0.1:443/risk_state HTTP_400;pr030_human_confirmation=REQUIRED;pr030_ui_complete=false;pr051_batch=B13_ENDPOINT_REAL_DATA;pr051_machine_evidence=CLOSED;pr051_evidence_paths=docs/99-governance/pr-019-capability-discovery-audit/PR019_ACTIVE_CAPABILITY_CATALOG.json;pr051_human_confirmation=REQUIRED;pr051_ui_complete=false
CAP-552A04A27A0F,Scenario Report,Business or platform capability discovered from ScenarioReport in backend/app/support_layers/scenario/scenario_engine.py,backend/app/support_layers/scenario/scenario_engine.py::ScenarioReport,ndsp-scenario-levels-adapter.service,DISCOVERY_REQUIRED,UNKNOWN,DISCOVERY_REQUIRED,USER|ADMIN,REPORTS_AND_ANALYTICS,ReportLibrary|AnalyticsChart|HistoryTable|EvidenceDrawer,SERVICE_CONNECTED,UNKNOWN,REVIEW_REQUIRED,backend/app/support_layers/scenario/scenario_engine.py|docs/99-governance/pr-019-capability-discovery-audit/PR019_ACTIVE_CAPABILITY_CATALOG.json|docs/99-governance/pr-051-p0-batch-13-evidence-closure/PR-051-P0-BATCH-13-EVIDENCE-CLOSURE.md,DISCOVERY_REQUIRED,2026-08-01T09:58:13Z,"origin=LOCAL_ONLY;confidence=HIGH;business_keyword_score=11;quality_filtered=true;human_validation=PENDING;full_power_preservation=REQUIRED;pr020_cluster=CLUSTER-1BD5A59391679254;pr020_feature=Reports, analytics, and evidence;pr020_verification=PARTIALLY_VERIFIED;human_confirmation=REQUIRED;ui_complete=false;pr021_runtime_service_unverified=EVIDENCE_FOUND_PENDING_HUMAN_CONFIRMATION;pr021_api_contract_unverified=UNRESOLVED;pr021_data_state_unverified=UNRESOLVED;pr021_owner_unassigned=UNRESOLVED;pr021_human_confirmation=REQUIRED;pr021_ui_complete=false;pr025_source_recovery=RECOVERED_FROM_LOCAL;pr025_recovered_paths=backend/app/support_layers/scenario/scenario_engine.py;pr025_human_review=REQUIRED;pr025_ui_complete=false;pr026_runtime=PENDING;pr026_missing=ENDPOINT|REAL_DATA|TEST;pr026_human_confirmation=REQUIRED;pr026_ui_complete=false;pr051_batch=B13_ENDPOINT_REAL_DATA;pr051_machine_evidence=CLOSED;pr051_evidence_paths=docs/99-governance/pr-019-capability-discovery-audit/PR019_ACTIVE_CAPABILITY_CATALOG.json;pr051_human_confirmation=REQUIRED;pr051_ui_complete=false"
CAP-CF000A7305E2,Subscription Status Compat,Business or platform capability discovered from subscription_status_compat in backend/app/api/compat/user_operational_compat.py,backend/app/api/compat/user_operational_compat.py::subscription_status_compat,DISCOVERY_REQUIRED,GET /api/ndsp/compat/health|POST /api/trial/register|POST /api/v1/trial/register|POST /api/trial/request|POST /api/auth/register-trial|POST /api/auth/activate|GET /api/auth/activate|GET /api/v6/payments/nowpayments/subscription/status|GET /api/payments/nowpayments/subscription/status|POST /api/v6/payments/nowpayments/subscription/create|POST /api/payments/nowpayments/subscription/create|GET /api/user/alert-preferences|POST /api/user/alert-preferences|POST /api/telegram/link/start|POST /api/telegram/link/verify|POST /api/alerts/email/test|GET /api/ndsp/compat/health|POST /api/trial/register|POST /api/v1/trial/register|POST /api/trial/request|POST /api/auth/register-trial|POST /api/auth/activate|GET /api/auth/activate|GET /api/v6/payments/nowpayments/subscription/status|GET /api/payments/nowpayments/subscription/status|POST /api/v6/payments/nowpayments/subscription/create|POST /api/payments/nowpayments/subscription/create|GET /api/user/alert-preferences|POST /api/user/alert-preferences|POST /api/telegram/link/start|POST /api/telegram/link/verify|POST /api/alerts/email/test,JSON|POSTGRES,CALCULATED_REAL,AUTHENTICATED_USER,TRIAL,DISCOVERY_REQUIRED,UI_PARTIAL,REAL_SNAPSHOT,REVIEW_REQUIRED,backend/app/api/compat/user_operational_compat.py|docs/99-governance/pr-019-capability-discovery-audit/PR019_ACTIVE_CAPABILITY_CATALOG.json|docs/99-governance/pr-053-p0-batch-15-evidence-closure/PR-053-P0-BATCH-15-EVIDENCE-CLOSURE.md,DISCOVERY_REQUIRED,2026-08-01T10:05:11Z,origin=LOCAL_ONLY;confidence=HIGH;business_keyword_score=6;quality_filtered=true;human_validation=PENDING;full_power_preservation=REQUIRED;pr020_semantic_duplicate_of=CAP-70F625B28F63;candidate_retained=true;human_confirmation=REQUIRED;ui_complete=false;pr026_runtime=PENDING;pr026_missing=SOURCE|SERVICE|TEST|UI;pr026_human_confirmation=REQUIRED;pr026_ui_complete=false;pr053_batch=B15_SERVICE_ONLY;pr053_machine_evidence=CLOSED;pr053_evidence_paths=docs/99-governance/pr-019-capability-discovery-audit/PR019_ACTIVE_CAPABILITY_CATALOG.json;pr053_human_confirmation=REQUIRED;pr053_ui_complete=false
CAP-4FF90CCC6DFE,Tdl V2 Policy Admin,API capability discovered at GET /policy,apps/ndsp-governance-bridge/app/core/tdl_v2_policy.py::read_tdl_v2_policy,ndsp-governance-bridge.service,GET /api/admin/timing_model-v2/policy,TDL_V2_POLICY_STORE,CALCULATED_REAL,USER|ADMIN,QUALITY_AND_RISK,CriticalCapabilitiesPage|CriticalCapabilityPanel,UI_PARTIAL,REAL_SNAPSHOT,REVIEW_REQUIRED,apps/ndsp-governance-bridge/policies/admin_snapshot/tdl_v2_policy_admin.py|docs/99-governance/pr-034-restore-tdl-v2-policy/PR-034-TDL-V2-POLICY-RESTORATION.md,DISCOVERY_REQUIRED,2026-08-01T01:15:15Z,origin=LOCAL_ONLY;confidence=HIGH;frontend_consumers=0;quality_filtered=true;human_validation=PENDING;full_power_preservation=REQUIRED;pr020_cluster=CLUSTER-7F849E4490C35BB1;pr020_feature=Decision quality and risk controls;pr020_verification=PARTIALLY_VERIFIED;human_confirmation=REQUIRED;ui_complete=false;pr021_data_state_unverified=UNRESOLVED;pr021_owner_unassigned=OWNER_CANDIDATE_FOUND_NOT_AUTHORITATIVE;pr021_human_confirmation=REQUIRED;pr021_ui_complete=false;pr022_data_state_unverified=BLOCKED_MOCK_SIGNATURE_PRESENT;pr022_basis=MOCK_SIGNATURE;pr022_human_confirmation=REQUIRED;pr022_ui_complete=false;pr023_machine_status=INCOMPLETE_CHAIN;pr023_missing=REAL_DATA|UI_CONSUMER;pr023_human_approval=PENDING;pr023_ui_complete=false;pr024_ui_binding=IMPLEMENTED;pr024_endpoint_status=ENDPOINT_AVAILABLE;pr024_states=loading|empty|stale|error|ready;pr024_human_confirmation=REQUIRED;pr024_ui_complete=false;pr025_source_recovery=RECOVERED_FROM_LOCAL;pr025_recovered_paths=apps/ndsp-governance-bridge/policies/admin_snapshot/tdl_v2_policy_admin.py;pr025_human_review=REQUIRED;pr025_ui_complete=false;pr026_runtime=PENDING;pr026_missing=REAL_DATA|TEST;pr026_human_confirmation=REQUIRED;pr026_ui_complete=false;pr028_quick_win=PARTIAL_REMEDIATION;pr028_remaining=REAL_DATA;pr028_human_confirmation=REQUIRED;pr028_ui_complete=false;pr029_remaining_quick_win=OPEN;pr029_missing=REAL_DATA;pr029_human_confirmation=REQUIRED;pr029_ui_complete=false;pr030_endpoint_real_data=OPEN;pr030_missing=REAL_DATA;pr030_human_confirmation=REQUIRED;pr030_ui_complete=false;pr031_real_data=OPEN;pr031_missing=EXPLICIT_DATA_SOURCE|REAL_DATA_STATE|RESPONSIVE_ENDPOINT|NON_EMPTY_JSON_PAYLOAD;pr031_payload_values_persisted=false;pr031_human_confirmation=REQUIRED;pr031_ui_complete=false;pr034_tdl_v2_policy_restore=RECORDED;pr034_restored_source=apps/ndsp-governance-bridge/app/core/tdl_v2_policy.py;pr034_relationship=DIRECT_POLICY_RUNTIME_SOURCE;pr034_secret_scan=PASS;pr034_human_confirmation=REQUIRED;pr034_ui_complete=false;pr033_real_data=CLOSED_MACHINE_VERIFIED;pr033_endpoint=GET /api/admin/timing_model-v2/policy;pr033_data_source=TDL_V2_POLICY_STORE;pr033_data_state=REAL_SNAPSHOT;pr033_payload_sha256=e79e6cc37c6060c12c3f9adce608af92ca6a3c1817129a952ff4d55cb3370436;pr033_root_item_count=9;pr033_runtime_mode=ISOLATED_REAL_CODE;pr033_payload_values_persisted=false;pr033_human_confirmation=REQUIRED;pr033_ui_complete=false
CAP-8A9DD9B6E7D5,Tdl V2 Policy Admin,API capability discovered at GET /auth-debug,apps/ndsp-governance-bridge/policies/admin_snapshot/tdl_v2_policy_admin.py::auth_debug,ndsp-governance-bridge.service,GET /api/admin/timing_model-v2/auth-debug,PROCESS_ENVIRONMENT_PRESENCE_METADATA,CALCULATED_REAL,USER|ADMIN,QUALITY_AND_RISK,CriticalCapabilitiesPage|CriticalCapabilityPanel,UI_PARTIAL,REAL_LIVE,REVIEW_REQUIRED,apps/ndsp-governance-bridge/policies/admin_snapshot/tdl_v2_policy_admin.py|docs/99-governance/pr-034-restore-tdl-v2-policy/PR034_SELECTED_SOURCE.json,DISCOVERY_REQUIRED,2026-08-01T01:15:15Z,origin=LOCAL_ONLY;confidence=HIGH;frontend_consumers=0;quality_filtered=true;human_validation=PENDING;full_power_preservation=REQUIRED;pr020_cluster=CLUSTER-97466F763D9BD9E5;pr020_feature=Decision quality and risk controls;pr020_verification=PARTIALLY_VERIFIED;human_confirmation=REQUIRED;ui_complete=false;pr021_data_state_unverified=UNRESOLVED;pr021_owner_unassigned=OWNER_CANDIDATE_FOUND_NOT_AUTHORITATIVE;pr021_human_confirmation=REQUIRED;pr021_ui_complete=false;pr022_data_state_unverified=BLOCKED_MOCK_SIGNATURE_PRESENT;pr022_basis=MOCK_SIGNATURE;pr022_human_confirmation=REQUIRED;pr022_ui_complete=false;pr023_machine_status=INCOMPLETE_CHAIN;pr023_missing=REAL_DATA|UI_CONSUMER;pr023_human_approval=PENDING;pr023_ui_complete=false;pr024_ui_binding=IMPLEMENTED;pr024_endpoint_status=ENDPOINT_AVAILABLE;pr024_states=loading|empty|stale|error|ready;pr024_human_confirmation=REQUIRED;pr024_ui_complete=false;pr025_source_recovery=RECOVERED_FROM_LOCAL;pr025_recovered_paths=apps/ndsp-governance-bridge/policies/admin_snapshot/tdl_v2_policy_admin.py;pr025_human_review=REQUIRED;pr025_ui_complete=false;pr026_runtime=PENDING;pr026_missing=REAL_DATA|TEST;pr026_human_confirmation=REQUIRED;pr026_ui_complete=false;pr028_quick_win=PARTIAL_REMEDIATION;pr028_remaining=REAL_DATA;pr028_human_confirmation=REQUIRED;pr028_ui_complete=false;pr029_remaining_quick_win=OPEN;pr029_missing=REAL_DATA;pr029_human_confirmation=REQUIRED;pr029_ui_complete=false;pr030_endpoint_real_data=OPEN;pr030_missing=REAL_DATA;pr030_human_confirmation=REQUIRED;pr030_ui_complete=false;pr031_real_data=OPEN;pr031_missing=EXPLICIT_DATA_SOURCE|REAL_DATA_STATE|RESPONSIVE_ENDPOINT|NON_EMPTY_JSON_PAYLOAD;pr031_payload_values_persisted=false;pr031_human_confirmation=REQUIRED;pr031_ui_complete=false;pr034_tdl_v2_policy_restore=RECORDED;pr034_restored_source=apps/ndsp-governance-bridge/app/core/tdl_v2_policy.py;pr034_relationship=SHARED_ROUTER_RUNTIME_DEPENDENCY;pr034_secret_scan=PASS;pr034_human_confirmation=REQUIRED;pr034_ui_complete=false;pr033_real_data=CLOSED_MACHINE_VERIFIED;pr033_endpoint=GET /api/admin/timing_model-v2/auth-debug;pr033_data_source=PROCESS_ENVIRONMENT_PRESENCE_METADATA;pr033_data_state=REAL_LIVE;pr033_payload_sha256=3af47b742a2ff8cc70a1402047183d98123de1a9ea57b6622bb0c38f8dc1febe;pr033_root_item_count=3;pr033_runtime_mode=ISOLATED_REAL_CODE;pr033_payload_values_persisted=false;pr033_human_confirmation=REQUIRED;pr033_ui_complete=false
CAP-93DD0F3859D4,Tdl V2 Policy Admin,API capability discovered at POST /timing/disable,apps/ndsp-governance-bridge/policies/admin_snapshot/tdl_v2_policy_admin.py,ndsp-governance-bridge.service,POST /timing/disable,UNKNOWN,CALCULATED_REAL,USER|ADMIN,QUALITY_AND_RISK,CriticalCapabilitiesPage|CriticalCapabilityPanel,UI_PARTIAL,UNKNOWN,REVIEW_REQUIRED,apps/ndsp-governance-bridge/policies/admin_snapshot/tdl_v2_policy_admin.py,DISCOVERY_REQUIRED,2026-07-31T22:08:07Z,origin=LOCAL_ONLY;confidence=HIGH;frontend_consumers=0;quality_filtered=true;human_validation=PENDING;full_power_preservation=REQUIRED;pr020_cluster=CLUSTER-93E3BBEA8F0A76F6;pr020_feature=Decision quality and risk controls;pr020_verification=PARTIALLY_VERIFIED;human_confirmation=REQUIRED;ui_complete=false;pr021_data_state_unverified=UNRESOLVED;pr021_owner_unassigned=OWNER_CANDIDATE_FOUND_NOT_AUTHORITATIVE;pr021_human_confirmation=REQUIRED;pr021_ui_complete=false;pr022_data_state_unverified=BLOCKED_MOCK_SIGNATURE_PRESENT;pr022_basis=MOCK_SIGNATURE;pr022_human_confirmation=REQUIRED;pr022_ui_complete=false;pr023_machine_status=INCOMPLETE_CHAIN;pr023_missing=REAL_DATA|UI_CONSUMER;pr023_human_approval=PENDING;pr023_ui_complete=false;pr024_ui_binding=IMPLEMENTED;pr024_endpoint_status=ENDPOINT_AVAILABLE;pr024_states=loading|empty|stale|error|ready;pr024_human_confirmation=REQUIRED;pr024_ui_complete=false;pr025_source_recovery=RECOVERED_FROM_LOCAL;pr025_recovered_paths=apps/ndsp-governance-bridge/policies/admin_snapshot/tdl_v2_policy_admin.py;pr025_human_review=REQUIRED;pr025_ui_complete=false;pr026_runtime=PENDING;pr026_missing=ENDPOINT|REAL_DATA|TEST;pr026_human_confirmation=REQUIRED;pr026_ui_complete=false
CAP-AA4ECF6DF3F8,Tdl V2 Policy Admin,API capability discovered at POST /policy,apps/ndsp-governance-bridge/policies/admin_snapshot/tdl_v2_policy_admin.py,ndsp-governance-bridge.service,POST /policy,UNKNOWN,CALCULATED_REAL,USER|ADMIN,QUALITY_AND_RISK,CriticalCapabilitiesPage|CriticalCapabilityPanel,UI_PARTIAL,UNKNOWN,REVIEW_REQUIRED,apps/ndsp-governance-bridge/policies/admin_snapshot/tdl_v2_policy_admin.py,DISCOVERY_REQUIRED,2026-07-31T22:08:07Z,origin=LOCAL_ONLY;confidence=HIGH;frontend_consumers=0;quality_filtered=true;human_validation=PENDING;full_power_preservation=REQUIRED;pr020_cluster=CLUSTER-C303E36D3C1776CA;pr020_feature=Decision quality and risk controls;pr020_verification=PARTIALLY_VERIFIED;human_confirmation=REQUIRED;ui_complete=false;pr021_data_state_unverified=UNRESOLVED;pr021_owner_unassigned=OWNER_CANDIDATE_FOUND_NOT_AUTHORITATIVE;pr021_human_confirmation=REQUIRED;pr021_ui_complete=false;pr022_data_state_unverified=BLOCKED_MOCK_SIGNATURE_PRESENT;pr022_basis=MOCK_SIGNATURE;pr022_human_confirmation=REQUIRED;pr022_ui_complete=false;pr023_machine_status=INCOMPLETE_CHAIN;pr023_missing=REAL_DATA|UI_CONSUMER;pr023_human_approval=PENDING;pr023_ui_complete=false;pr024_ui_binding=IMPLEMENTED;pr024_endpoint_status=ENDPOINT_AVAILABLE;pr024_states=loading|empty|stale|error|ready;pr024_human_confirmation=REQUIRED;pr024_ui_complete=false;pr025_source_recovery=RECOVERED_FROM_LOCAL;pr025_recovered_paths=apps/ndsp-governance-bridge/policies/admin_snapshot/tdl_v2_policy_admin.py;pr025_human_review=REQUIRED;pr025_ui_complete=false;pr026_runtime=PENDING;pr026_missing=ENDPOINT|REAL_DATA|TEST;pr026_human_confirmation=REQUIRED;pr026_ui_complete=false
CAP-C84121300635,Tdl V2 Policy Admin,API capability discovered at POST /timing/enable,apps/ndsp-governance-bridge/policies/admin_snapshot/tdl_v2_policy_admin.py,ndsp-governance-bridge.service,POST /timing/enable,UNKNOWN,CALCULATED_REAL,USER|ADMIN,QUALITY_AND_RISK,CriticalCapabilitiesPage|CriticalCapabilityPanel,UI_PARTIAL,UNKNOWN,REVIEW_REQUIRED,apps/ndsp-governance-bridge/policies/admin_snapshot/tdl_v2_policy_admin.py,DISCOVERY_REQUIRED,2026-07-31T22:08:07Z,origin=LOCAL_ONLY;confidence=HIGH;frontend_consumers=0;quality_filtered=true;human_validation=PENDING;full_power_preservation=REQUIRED;pr020_cluster=CLUSTER-5B9DAFE475C08AEA;pr020_feature=Decision quality and risk controls;pr020_verification=PARTIALLY_VERIFIED;human_confirmation=REQUIRED;ui_complete=false;pr021_data_state_unverified=UNRESOLVED;pr021_owner_unassigned=OWNER_CANDIDATE_FOUND_NOT_AUTHORITATIVE;pr021_human_confirmation=REQUIRED;pr021_ui_complete=false;pr022_data_state_unverified=BLOCKED_MOCK_SIGNATURE_PRESENT;pr022_basis=MOCK_SIGNATURE;pr022_human_confirmation=REQUIRED;pr022_ui_complete=false;pr023_machine_status=INCOMPLETE_CHAIN;pr023_missing=REAL_DATA|UI_CONSUMER;pr023_human_approval=PENDING;pr023_ui_complete=false;pr024_ui_binding=IMPLEMENTED;pr024_endpoint_status=ENDPOINT_AVAILABLE;pr024_states=loading|empty|stale|error|ready;pr024_human_confirmation=REQUIRED;pr024_ui_complete=false;pr025_source_recovery=RECOVERED_FROM_LOCAL;pr025_recovered_paths=apps/ndsp-governance-bridge/policies/admin_snapshot/tdl_v2_policy_admin.py;pr025_human_review=REQUIRED;pr025_ui_complete=false;pr026_runtime=PENDING;pr026_missing=ENDPOINT|REAL_DATA|TEST;pr026_human_confirmation=REQUIRED;pr026_ui_complete=false
CAP-A194414E26E2,Telegram Routing Admin,API capability discovered at POST /test,backend/app/api/admin/telegram_routing_admin.py,DISCOVERY_REQUIRED,POST /test,JSON|POSTGRES,CALCULATED_REAL,USER|ADMIN,ALERTS_AND_CHANNELS,AlertCenter|ChannelSettings|RoutingStatus|TestDelivery,API_CONNECTED,REAL_SNAPSHOT,REVIEW_REQUIRED,backend/app/api/admin/telegram_routing_admin.py|docs/99-governance/pr-019-capability-discovery-audit/PR019_ACTIVE_CAPABILITY_CATALOG.json|docs/99-governance/pr-054-p0-batch-16-evidence-closure/PR-054-P0-BATCH-16-EVIDENCE-CLOSURE.md,DISCOVERY_REQUIRED,2026-08-01T10:11:30Z,origin=LOCAL_ONLY;confidence=HIGH;frontend_consumers=0;quality_filtered=true;human_validation=PENDING;full_power_preservation=REQUIRED;pr020_cluster=CLUSTER-5E7C7AD2F1B4282A;pr020_feature=Alerts and delivery channels;pr020_verification=PARTIALLY_VERIFIED;human_confirmation=REQUIRED;ui_complete=false;pr021_runtime_service_unverified=AMBIGUOUS_EVIDENCE;pr021_owner_unassigned=UNRESOLVED;pr021_human_confirmation=REQUIRED;pr021_ui_complete=false;pr026_runtime=PENDING;pr026_missing=SOURCE|SERVICE|ENDPOINT|TEST;pr026_human_confirmation=REQUIRED;pr026_ui_complete=false;pr054_batch=B16_SERVICE_ONLY;pr054_machine_evidence=CLOSED;pr054_evidence_paths=docs/99-governance/pr-019-capability-discovery-audit/PR019_ACTIVE_CAPABILITY_CATALOG.json;pr054_human_confirmation=REQUIRED;pr054_ui_complete=false
CAP-C3C9F07E6EC7,Telegram Routing Admin,API capability discovered at GET /status,backend/app/api/admin/telegram_routing_admin.py,DISCOVERY_REQUIRED,GET /status,JSON|POSTGRES,CALCULATED_REAL,ADMIN,PASSWORD_RESET,frontend/public-landing/NDSP_Landing.html|frontend/public-site/ndsp-counter-debug.html,UI_PARTIAL,REAL_SNAPSHOT,REVIEW_REQUIRED,backend/app/api/admin/telegram_routing_admin.py|docs/99-governance/pr-019-capability-discovery-audit/PR019_ACTIVE_CAPABILITY_CATALOG.json|docs/99-governance/pr-054-p0-batch-16-evidence-closure/PR-054-P0-BATCH-16-EVIDENCE-CLOSURE.md,DISCOVERY_REQUIRED,2026-08-01T10:11:30Z,origin=LOCAL_ONLY;confidence=HIGH;frontend_consumers=2;quality_filtered=true;human_validation=PENDING;full_power_preservation=REQUIRED;pr020_semantic_duplicate_of=CAP-45BEE5E5B9D6;candidate_retained=true;human_confirmation=REQUIRED;ui_complete=false;pr026_runtime=PENDING;pr026_missing=SOURCE|SERVICE|TEST;pr026_human_confirmation=REQUIRED;pr026_ui_complete=false;pr054_batch=B16_SERVICE_ONLY;pr054_machine_evidence=CLOSED;pr054_evidence_paths=docs/99-governance/pr-019-capability-discovery-audit/PR019_ACTIVE_CAPABILITY_CATALOG.json;pr054_human_confirmation=REQUIRED;pr054_ui_complete=false
CAP-FBE70B1294BC,Telegram Routing Admin,API capability discovered at POST /update,backend/app/api/admin/telegram_routing_admin.py,DISCOVERY_REQUIRED,POST /update,JSON|POSTGRES,CALCULATED_REAL,ADMIN,PASSWORD_RESET,DISCOVERY_REQUIRED,API_CONNECTED,REAL_SNAPSHOT,REVIEW_REQUIRED,backend/app/api/admin/telegram_routing_admin.py|docs/99-governance/pr-019-capability-discovery-audit/PR019_ACTIVE_CAPABILITY_CATALOG.json|docs/99-governance/pr-053-p0-batch-15-evidence-closure/PR-053-P0-BATCH-15-EVIDENCE-CLOSURE.md,DISCOVERY_REQUIRED,2026-08-01T10:05:11Z,origin=LOCAL_ONLY;confidence=HIGH;frontend_consumers=0;quality_filtered=true;human_validation=PENDING;full_power_preservation=REQUIRED;pr020_semantic_duplicate_of=CAP-22453668AACA;candidate_retained=true;human_confirmation=REQUIRED;ui_complete=false;pr026_runtime=PENDING;pr026_missing=SOURCE|SERVICE|ENDPOINT|TEST;pr026_human_confirmation=REQUIRED;pr026_ui_complete=false;pr053_batch=B15_SERVICE_ONLY;pr053_machine_evidence=CLOSED;pr053_evidence_paths=docs/99-governance/pr-019-capability-discovery-audit/PR019_ACTIVE_CAPABILITY_CATALOG.json;pr053_human_confirmation=REQUIRED;pr053_ui_complete=false
CAP-65156AA526BC,Telegram Routing Internal,API capability discovered at POST /update,backend/app/api/internal/telegram_routing_internal.py,DISCOVERY_REQUIRED,POST /update,JSON|POSTGRES,CALCULATED_REAL,ADMIN,PASSWORD_RESET,DISCOVERY_REQUIRED,API_CONNECTED,REAL_SNAPSHOT,REVIEW_REQUIRED,backend/app/api/internal/telegram_routing_internal.py|docs/99-governance/pr-019-capability-discovery-audit/PR019_ACTIVE_CAPABILITY_CATALOG.json|docs/99-governance/pr-052-p0-batch-14-evidence-closure/PR-052-P0-BATCH-14-EVIDENCE-CLOSURE.md,DISCOVERY_REQUIRED,2026-08-01T10:01:31Z,origin=LOCAL_ONLY;confidence=HIGH;frontend_consumers=0;quality_filtered=true;human_validation=PENDING;full_power_preservation=REQUIRED;pr020_semantic_duplicate_of=CAP-22453668AACA;candidate_retained=true;human_confirmation=REQUIRED;ui_complete=false;pr026_runtime=PENDING;pr026_missing=SOURCE|SERVICE|ENDPOINT|TEST;pr026_human_confirmation=REQUIRED;pr026_ui_complete=false;pr052_batch=B14_SERVICE_ONLY;pr052_machine_evidence=CLOSED;pr052_evidence_paths=docs/99-governance/pr-019-capability-discovery-audit/PR019_ACTIVE_CAPABILITY_CATALOG.json;pr052_human_confirmation=REQUIRED;pr052_ui_complete=false
CAP-6FE68AAF4F33,Telegram Routing Internal,API capability discovered at GET /status,backend/app/api/internal/telegram_routing_internal.py,DISCOVERY_REQUIRED,GET /status,JSON|POSTGRES,CALCULATED_REAL,ADMIN,PASSWORD_RESET,frontend/public-landing/NDSP_Landing.html|frontend/public-site/ndsp-counter-debug.html,UI_PARTIAL,REAL_SNAPSHOT,REVIEW_REQUIRED,backend/app/api/internal/telegram_routing_internal.py|docs/99-governance/pr-019-capability-discovery-audit/PR019_ACTIVE_CAPABILITY_CATALOG.json|docs/99-governance/pr-054-p0-batch-16-evidence-closure/PR-054-P0-BATCH-16-EVIDENCE-CLOSURE.md,DISCOVERY_REQUIRED,2026-08-01T10:11:30Z,origin=LOCAL_ONLY;confidence=HIGH;frontend_consumers=2;quality_filtered=true;human_validation=PENDING;full_power_preservation=REQUIRED;pr020_semantic_duplicate_of=CAP-45BEE5E5B9D6;candidate_retained=true;human_confirmation=REQUIRED;ui_complete=false;pr026_runtime=PENDING;pr026_missing=SOURCE|SERVICE|TEST;pr026_human_confirmation=REQUIRED;pr026_ui_complete=false;pr054_batch=B16_SERVICE_ONLY;pr054_machine_evidence=CLOSED;pr054_evidence_paths=docs/99-governance/pr-019-capability-discovery-audit/PR019_ACTIVE_CAPABILITY_CATALOG.json;pr054_human_confirmation=REQUIRED;pr054_ui_complete=false
CAP-B3BF7C85F687,Telegram Routing Internal,API capability discovered at POST /test,backend/app/api/internal/telegram_routing_internal.py,DISCOVERY_REQUIRED,POST /test,JSON|POSTGRES,CALCULATED_REAL,ADMIN,PASSWORD_RESET,DISCOVERY_REQUIRED,API_CONNECTED,REAL_SNAPSHOT,REVIEW_REQUIRED,backend/app/api/internal/telegram_routing_internal.py|docs/99-governance/pr-019-capability-discovery-audit/PR019_ACTIVE_CAPABILITY_CATALOG.json|docs/99-governance/pr-052-p0-batch-14-evidence-closure/PR-052-P0-BATCH-14-EVIDENCE-CLOSURE.md,DISCOVERY_REQUIRED,2026-08-01T10:01:31Z,origin=LOCAL_ONLY;confidence=HIGH;frontend_consumers=0;quality_filtered=true;human_validation=PENDING;full_power_preservation=REQUIRED;pr020_semantic_duplicate_of=CAP-A194414E26E2;candidate_retained=true;human_confirmation=REQUIRED;ui_complete=false;pr026_runtime=PENDING;pr026_missing=SOURCE|SERVICE|ENDPOINT|TEST|UI;pr026_human_confirmation=REQUIRED;pr026_ui_complete=false;pr052_batch=B14_SERVICE_ONLY;pr052_machine_evidence=CLOSED;pr052_evidence_paths=docs/99-governance/pr-019-capability-discovery-audit/PR019_ACTIVE_CAPABILITY_CATALOG.json;pr052_human_confirmation=REQUIRED;pr052_ui_complete=false
CAP-C60CD9D10164,Telegram Routing Internal,API capability discovered at GET /debug-auth,backend/app/api/internal/telegram_routing_internal.py,DISCOVERY_REQUIRED,GET /debug-auth,JSON|POSTGRES,CALCULATED_REAL,ADMIN,PASSWORD_RESET,DISCOVERY_REQUIRED,API_CONNECTED,REAL_SNAPSHOT,REVIEW_REQUIRED,backend/app/api/internal/telegram_routing_internal.py|docs/99-governance/pr-019-capability-discovery-audit/PR019_ACTIVE_CAPABILITY_CATALOG.json|docs/99-governance/pr-053-p0-batch-15-evidence-closure/PR-053-P0-BATCH-15-EVIDENCE-CLOSURE.md,DISCOVERY_REQUIRED,2026-08-01T10:05:11Z,origin=LOCAL_ONLY;confidence=HIGH;frontend_consumers=0;quality_filtered=true;human_validation=PENDING;full_power_preservation=REQUIRED;pr020_semantic_duplicate_of=CAP-8CF43007F5CD;candidate_retained=true;human_confirmation=REQUIRED;ui_complete=false;pr026_runtime=PENDING;pr026_missing=SOURCE|SERVICE|TEST|UI;pr026_human_confirmation=REQUIRED;pr026_ui_complete=false;pr053_batch=B15_SERVICE_ONLY;pr053_machine_evidence=CLOSED;pr053_evidence_paths=docs/99-governance/pr-019-capability-discovery-audit/PR019_ACTIVE_CAPABILITY_CATALOG.json;pr053_human_confirmation=REQUIRED;pr053_ui_complete=false
CAP-EC53447FDEFA,Telegram Routing Internal,API capability discovered at GET /debug-db,backend/app/api/internal/telegram_routing_internal.py,DISCOVERY_REQUIRED,GET /debug-db,JSON|POSTGRES,CALCULATED_REAL,USER|ADMIN,ALERTS_AND_CHANNELS,AlertCenter|ChannelSettings|RoutingStatus|TestDelivery,API_CONNECTED,REAL_SNAPSHOT,REVIEW_REQUIRED,backend/app/api/internal/telegram_routing_internal.py|docs/99-governance/pr-019-capability-discovery-audit/PR019_ACTIVE_CAPABILITY_CATALOG.json|docs/99-governance/pr-054-p0-batch-16-evidence-closure/PR-054-P0-BATCH-16-EVIDENCE-CLOSURE.md,DISCOVERY_REQUIRED,2026-08-01T10:11:30Z,origin=LOCAL_ONLY;confidence=HIGH;frontend_consumers=0;quality_filtered=true;human_validation=PENDING;full_power_preservation=REQUIRED;pr020_cluster=CLUSTER-C427B922BB471395;pr020_feature=Alerts and delivery channels;pr020_verification=PARTIALLY_VERIFIED;human_confirmation=REQUIRED;ui_complete=false;pr021_runtime_service_unverified=AMBIGUOUS_EVIDENCE;pr021_owner_unassigned=UNRESOLVED;pr021_human_confirmation=REQUIRED;pr021_ui_complete=false;pr026_runtime=PENDING;pr026_missing=SOURCE|SERVICE|TEST;pr026_human_confirmation=REQUIRED;pr026_ui_complete=false;pr054_batch=B16_SERVICE_ONLY;pr054_machine_evidence=CLOSED;pr054_evidence_paths=docs/99-governance/pr-019-capability-discovery-audit/PR019_ACTIVE_CAPABILITY_CATALOG.json;pr054_human_confirmation=REQUIRED;pr054_ui_complete=false
CAP-22453668AACA,Telegram Routing V2,API capability discovered at POST /update,backend/app/api/admin/telegram_routing_v2.py,DISCOVERY_REQUIRED,POST /update,JSON|POSTGRES,CALCULATED_REAL,USER|ADMIN,ALERTS_AND_CHANNELS,AlertCenter|ChannelSettings|RoutingStatus|TestDelivery,API_CONNECTED,REAL_SNAPSHOT,REVIEW_REQUIRED,backend/app/api/admin/telegram_routing_v2.py|docs/99-governance/pr-019-capability-discovery-audit/PR019_ACTIVE_CAPABILITY_CATALOG.json|docs/99-governance/pr-053-p0-batch-15-evidence-closure/PR-053-P0-BATCH-15-EVIDENCE-CLOSURE.md,DISCOVERY_REQUIRED,2026-08-01T10:05:11Z,origin=LOCAL_ONLY;confidence=HIGH;frontend_consumers=0;quality_filtered=true;human_validation=PENDING;full_power_preservation=REQUIRED;pr020_cluster=CLUSTER-7221689E4834C98E;pr020_feature=Alerts and delivery channels;pr020_verification=PARTIALLY_VERIFIED;human_confirmation=REQUIRED;ui_complete=false;pr021_runtime_service_unverified=AMBIGUOUS_EVIDENCE;pr021_owner_unassigned=UNRESOLVED;pr021_human_confirmation=REQUIRED;pr021_ui_complete=false;pr026_runtime=PENDING;pr026_missing=SOURCE|SERVICE|ENDPOINT|TEST;pr026_human_confirmation=REQUIRED;pr026_ui_complete=false;pr053_batch=B15_SERVICE_ONLY;pr053_machine_evidence=CLOSED;pr053_evidence_paths=docs/99-governance/pr-019-capability-discovery-audit/PR019_ACTIVE_CAPABILITY_CATALOG.json;pr053_human_confirmation=REQUIRED;pr053_ui_complete=false
CAP-45BEE5E5B9D6,Telegram Routing V2,API capability discovered at GET /status,backend/app/api/admin/telegram_routing_v2.py,DISCOVERY_REQUIRED,GET /status,JSON|POSTGRES,CALCULATED_REAL,USER|ADMIN,ALERTS_AND_CHANNELS,AlertCenter|ChannelSettings|RoutingStatus|TestDelivery,API_CONNECTED,REAL_SNAPSHOT,REVIEW_REQUIRED,backend/app/api/admin/telegram_routing_v2.py|docs/99-governance/pr-019-capability-discovery-audit/PR019_ACTIVE_CAPABILITY_CATALOG.json|docs/99-governance/pr-053-p0-batch-15-evidence-closure/PR-053-P0-BATCH-15-EVIDENCE-CLOSURE.md,DISCOVERY_REQUIRED,2026-08-01T10:05:11Z,origin=LOCAL_ONLY;confidence=HIGH;frontend_consumers=2;quality_filtered=true;human_validation=PENDING;full_power_preservation=REQUIRED;pr020_cluster=CLUSTER-20B55F2AD6D04BE8;pr020_feature=Alerts and delivery channels;pr020_verification=PARTIALLY_VERIFIED;human_confirmation=REQUIRED;ui_complete=false;pr021_runtime_service_unverified=AMBIGUOUS_EVIDENCE;pr021_owner_unassigned=UNRESOLVED;pr021_human_confirmation=REQUIRED;pr021_ui_complete=false;pr026_runtime=PENDING;pr026_missing=SOURCE|SERVICE|TEST;pr026_human_confirmation=REQUIRED;pr026_ui_complete=false;pr053_batch=B15_SERVICE_ONLY;pr053_machine_evidence=CLOSED;pr053_evidence_paths=docs/99-governance/pr-019-capability-discovery-audit/PR019_ACTIVE_CAPABILITY_CATALOG.json;pr053_human_confirmation=REQUIRED;pr053_ui_complete=false
CAP-8CF43007F5CD,Telegram Routing V2,API capability discovered at GET /debug-auth,backend/app/api/admin/telegram_routing_v2.py,DISCOVERY_REQUIRED,GET /debug-auth,JSON|POSTGRES,CALCULATED_REAL,USER|ADMIN,ALERTS_AND_CHANNELS,AlertCenter|ChannelSettings|RoutingStatus|TestDelivery,API_CONNECTED,REAL_SNAPSHOT,REVIEW_REQUIRED,backend/app/api/admin/telegram_routing_v2.py|docs/99-governance/pr-019-capability-discovery-audit/PR019_ACTIVE_CAPABILITY_CATALOG.json|docs/99-governance/pr-054-p0-batch-16-evidence-closure/PR-054-P0-BATCH-16-EVIDENCE-CLOSURE.md,DISCOVERY_REQUIRED,2026-08-01T10:11:30Z,origin=LOCAL_ONLY;confidence=HIGH;frontend_consumers=0;quality_filtered=true;human_validation=PENDING;full_power_preservation=REQUIRED;pr020_cluster=CLUSTER-631F0C2197AF7D5E;pr020_feature=Alerts and delivery channels;pr020_verification=PARTIALLY_VERIFIED;human_confirmation=REQUIRED;ui_complete=false;pr021_runtime_service_unverified=AMBIGUOUS_EVIDENCE;pr021_owner_unassigned=UNRESOLVED;pr021_human_confirmation=REQUIRED;pr021_ui_complete=false;pr026_runtime=PENDING;pr026_missing=SOURCE|SERVICE|TEST;pr026_human_confirmation=REQUIRED;pr026_ui_complete=false;pr054_batch=B16_SERVICE_ONLY;pr054_machine_evidence=CLOSED;pr054_evidence_paths=docs/99-governance/pr-019-capability-discovery-audit/PR019_ACTIVE_CAPABILITY_CATALOG.json;pr054_human_confirmation=REQUIRED;pr054_ui_complete=false
CAP-CAD48928C8E4,Telegram Routing V2,API capability discovered at POST /test,backend/app/api/admin/telegram_routing_v2.py,DISCOVERY_REQUIRED,POST /test,JSON|POSTGRES,CALCULATED_REAL,ADMIN,PASSWORD_RESET,DISCOVERY_REQUIRED,API_CONNECTED,REAL_SNAPSHOT,REVIEW_REQUIRED,backend/app/api/admin/telegram_routing_v2.py|docs/99-governance/pr-019-capability-discovery-audit/PR019_ACTIVE_CAPABILITY_CATALOG.json|docs/99-governance/pr-053-p0-batch-15-evidence-closure/PR-053-P0-BATCH-15-EVIDENCE-CLOSURE.md,DISCOVERY_REQUIRED,2026-08-01T10:05:11Z,origin=LOCAL_ONLY;confidence=HIGH;frontend_consumers=0;quality_filtered=true;human_validation=PENDING;full_power_preservation=REQUIRED;pr020_semantic_duplicate_of=CAP-A194414E26E2;candidate_retained=true;human_confirmation=REQUIRED;ui_complete=false;pr026_runtime=PENDING;pr026_missing=SOURCE|SERVICE|ENDPOINT|TEST|UI;pr026_human_confirmation=REQUIRED;pr026_ui_complete=false;pr053_batch=B15_SERVICE_ONLY;pr053_machine_evidence=CLOSED;pr053_evidence_paths=docs/99-governance/pr-019-capability-discovery-audit/PR019_ACTIVE_CAPABILITY_CATALOG.json;pr053_human_confirmation=REQUIRED;pr053_ui_complete=false
CAP-A6810593B898,Trial Register Compat,Business or platform capability discovered from trial_register_compat in backend/app/api/compat/user_operational_compat.py,backend/app/api/compat/user_operational_compat.py::trial_register_compat,DISCOVERY_REQUIRED,GET /api/ndsp/compat/health|POST /api/trial/register|POST /api/v1/trial/register|POST /api/trial/request|POST /api/auth/register-trial|POST /api/auth/activate|GET /api/auth/activate|GET /api/v6/payments/nowpayments/subscription/status|GET /api/payments/nowpayments/subscription/status|POST /api/v6/payments/nowpayments/subscription/create|POST /api/payments/nowpayments/subscription/create|GET /api/user/alert-preferences|POST /api/user/alert-preferences|POST /api/telegram/link/start|POST /api/telegram/link/verify|POST /api/alerts/email/test|GET /api/ndsp/compat/health|POST /api/trial/register|POST /api/v1/trial/register|POST /api/trial/request|POST /api/auth/register-trial|POST /api/auth/activate|GET /api/auth/activate|GET /api/v6/payments/nowpayments/subscription/status|GET /api/payments/nowpayments/subscription/status|POST /api/v6/payments/nowpayments/subscription/create|POST /api/payments/nowpayments/subscription/create|GET /api/user/alert-preferences|POST /api/user/alert-preferences|POST /api/telegram/link/start|POST /api/telegram/link/verify|POST /api/alerts/email/test,JSON|POSTGRES,CALCULATED_REAL,AUTHENTICATED_USER,TRIAL,DISCOVERY_REQUIRED,UI_PARTIAL,REAL_SNAPSHOT,REVIEW_REQUIRED,backend/app/api/compat/user_operational_compat.py|docs/99-governance/pr-019-capability-discovery-audit/PR019_ACTIVE_CAPABILITY_CATALOG.json|docs/99-governance/pr-052-p0-batch-14-evidence-closure/PR-052-P0-BATCH-14-EVIDENCE-CLOSURE.md,DISCOVERY_REQUIRED,2026-08-01T10:01:31Z,origin=LOCAL_ONLY;confidence=HIGH;business_keyword_score=6;quality_filtered=true;human_validation=PENDING;full_power_preservation=REQUIRED;pr020_semantic_duplicate_of=CAP-70F625B28F63;candidate_retained=true;human_confirmation=REQUIRED;ui_complete=false;pr026_runtime=PENDING;pr026_missing=SOURCE|SERVICE|TEST|UI;pr026_human_confirmation=REQUIRED;pr026_ui_complete=false;pr052_batch=B14_SERVICE_ONLY;pr052_machine_evidence=CLOSED;pr052_evidence_paths=docs/99-governance/pr-019-capability-discovery-audit/PR019_ACTIVE_CAPABILITY_CATALOG.json;pr052_human_confirmation=REQUIRED;pr052_ui_complete=false
CAP-9866D4AE9D59,Update User Status,Business or platform capability discovered from updateUserStatus in backend/ndsp_admin_ui_proxy.cjs,backend/ndsp_admin_ui_proxy.cjs::updateUserStatus,ndsp-admin-ui-proxy.service,GET /api/admin-ui/health|GET /api/admin-ui/summary|GET /api/admin-ui/users|GET /api/admin-ui/payments|GET /api/admin-ui/trials|GET /api/admin-ui/packages|GET /api/admin-ui/markets|GET /api/admin-ui/alerts|POST /api/admin-ui/alerts/channel|POST /api/admin-ui/alerts/test|GET /api/admin-ui/backups|GET /api/admin-ui/governance|POST /api/admin-ui/action,JSON,CALCULATED_REAL,ADMIN,TRIAL,DISCOVERY_REQUIRED,UI_PARTIAL,REAL_SNAPSHOT,REVIEW_REQUIRED,backend/ndsp_admin_ui_proxy.cjs,DISCOVERY_REQUIRED,2026-07-31T23:17:31Z,origin=ON_MAIN;confidence=HIGH;business_keyword_score=10;quality_filtered=true;human_validation=PENDING;full_power_preservation=REQUIRED;pr020_semantic_duplicate_of=CAP-170A28FFB0E7;candidate_retained=true;human_confirmation=REQUIRED;ui_complete=false;pr026_runtime=PENDING;pr026_missing=TEST|UI;pr026_human_confirmation=REQUIRED;pr026_ui_complete=false;pr028_quick_win=PARTIAL_REMEDIATION;pr028_remaining=UI;pr028_human_confirmation=REQUIRED;pr028_ui_complete=false;pr029_remaining_quick_win=CLOSED_MACHINE_VERIFIED;pr029_evidence=ui:frontend/user-portal-vite/src/features/remaining-quick-wins;pr029_human_confirmation=REQUIRED;pr029_ui_complete=false
CAP-ECBB8B6ED8D2,Update User Status,Business or platform capability discovered from updateUserStatus in backend/auth_api/ndsp_admin_ui_proxy.cjs,backend/auth_api/ndsp_admin_ui_proxy.cjs::updateUserStatus,ndsp-admin-ui-proxy.service,GET /api/admin-ui/health|GET /api/admin-ui/summary|GET /api/admin-ui/users|GET /api/admin-ui/payments|GET /api/admin-ui/trials|GET /api/admin-ui/packages|GET /api/admin-ui/markets|GET /api/admin-ui/alerts|POST /api/admin-ui/alerts/channel|POST /api/admin-ui/alerts/test|GET /api/admin-ui/backups|GET /api/admin-ui/governance|POST /api/admin-ui/action,JSON,CALCULATED_REAL,ADMIN,TRIAL,DISCOVERY_REQUIRED,UI_PARTIAL,REAL_SNAPSHOT,REVIEW_REQUIRED,backend/auth_api/ndsp_admin_ui_proxy.cjs,DISCOVERY_REQUIRED,2026-07-31T22:08:07Z,origin=LOCAL_ONLY;confidence=HIGH;business_keyword_score=10;quality_filtered=true;human_validation=PENDING;full_power_preservation=REQUIRED;pr020_semantic_duplicate_of=CAP-170A28FFB0E7;candidate_retained=true;human_confirmation=REQUIRED;ui_complete=false;pr026_runtime=PENDING;pr026_missing=SOURCE|TEST|UI;pr026_human_confirmation=REQUIRED;pr026_ui_complete=false
CAP-3F9549B2B851,User Operational Compat,API capability discovered at POST /api/trial/request,backend/app/api/compat/user_operational_compat.py,DISCOVERY_REQUIRED,POST /api/trial/request,JSON|POSTGRES,CALCULATED_REAL,USER|ADMIN,TRIAL_AND_BILLING,TrialCountdown|PlanComparison|UsageMeter|BillingStatus,API_CONNECTED,REAL_SNAPSHOT,REVIEW_REQUIRED,backend/app/api/compat/user_operational_compat.py|docs/99-governance/pr-019-capability-discovery-audit/PR019_ACTIVE_CAPABILITY_CATALOG.json|docs/99-governance/pr-053-p0-batch-15-evidence-closure/PR-053-P0-BATCH-15-EVIDENCE-CLOSURE.md,DISCOVERY_REQUIRED,2026-08-01T10:05:11Z,"origin=LOCAL_ONLY;confidence=HIGH;frontend_consumers=0;quality_filtered=true;human_validation=PENDING;full_power_preservation=REQUIRED;pr020_cluster=CLUSTER-AB4D236F021BB367;pr020_feature=Trial, plans, and billing;pr020_verification=PARTIALLY_VERIFIED;human_confirmation=REQUIRED;ui_complete=false;pr021_runtime_service_unverified=AMBIGUOUS_EVIDENCE;pr021_owner_unassigned=UNRESOLVED;pr021_human_confirmation=REQUIRED;pr021_ui_complete=false;pr026_runtime=PENDING;pr026_missing=SOURCE|SERVICE|ENDPOINT|TEST;pr026_human_confirmation=REQUIRED;pr026_ui_complete=false;pr053_batch=B15_SERVICE_ONLY;pr053_machine_evidence=CLOSED;pr053_evidence_paths=docs/99-governance/pr-019-capability-discovery-audit/PR019_ACTIVE_CAPABILITY_CATALOG.json;pr053_human_confirmation=REQUIRED;pr053_ui_complete=false"
CAP-425426D4A96B,User Operational Compat,API capability discovered at GET /api/auth/activate,backend/app/api/compat/user_operational_compat.py,DISCOVERY_REQUIRED,GET /api/auth/activate,JSON|POSTGRES,CALCULATED_REAL,PUBLIC|AUTHENTICATED_USER,AUTHENTICATION,AuthForm|TwoFactorStep|SessionStatus|RecoveryFlow,API_CONNECTED,REAL_SNAPSHOT,REVIEW_REQUIRED,backend/app/api/compat/user_operational_compat.py|docs/99-governance/pr-019-capability-discovery-audit/PR019_ACTIVE_CAPABILITY_CATALOG.json|docs/99-governance/pr-053-p0-batch-15-evidence-closure/PR-053-P0-BATCH-15-EVIDENCE-CLOSURE.md,DISCOVERY_REQUIRED,2026-08-01T10:05:11Z,origin=LOCAL_ONLY;confidence=HIGH;frontend_consumers=0;quality_filtered=true;human_validation=PENDING;full_power_preservation=REQUIRED;pr020_cluster=CLUSTER-32A1E3F9E77CD9AB;pr020_feature=Authentication and account access;pr020_verification=PARTIALLY_VERIFIED;human_confirmation=REQUIRED;ui_complete=false;pr021_runtime_service_unverified=AMBIGUOUS_EVIDENCE;pr021_owner_unassigned=UNRESOLVED;pr021_human_confirmation=REQUIRED;pr021_ui_complete=false;pr026_runtime=PENDING;pr026_missing=SOURCE|SERVICE|TEST;pr026_human_confirmation=REQUIRED;pr026_ui_complete=false;pr053_batch=B15_SERVICE_ONLY;pr053_machine_evidence=CLOSED;pr053_evidence_paths=docs/99-governance/pr-019-capability-discovery-audit/PR019_ACTIVE_CAPABILITY_CATALOG.json;pr053_human_confirmation=REQUIRED;pr053_ui_complete=false
CAP-48F24BF885D7,User Operational Compat,API capability discovered at POST /api/telegram/link/start,backend/app/api/compat/user_operational_compat.py,DISCOVERY_REQUIRED,POST /api/telegram/link/start,JSON|POSTGRES,CALCULATED_REAL,USER|ADMIN,ALERTS_AND_CHANNELS,AlertCenter|ChannelSettings|RoutingStatus|TestDelivery,API_CONNECTED,REAL_SNAPSHOT,REVIEW_REQUIRED,backend/app/api/compat/user_operational_compat.py|docs/99-governance/pr-019-capability-discovery-audit/PR019_ACTIVE_CAPABILITY_CATALOG.json|docs/99-governance/pr-053-p0-batch-15-evidence-closure/PR-053-P0-BATCH-15-EVIDENCE-CLOSURE.md,DISCOVERY_REQUIRED,2026-08-01T10:05:11Z,origin=LOCAL_ONLY;confidence=HIGH;frontend_consumers=0;quality_filtered=true;human_validation=PENDING;full_power_preservation=REQUIRED;pr020_cluster=CLUSTER-418471406315AE70;pr020_feature=Alerts and delivery channels;pr020_verification=PARTIALLY_VERIFIED;human_confirmation=REQUIRED;ui_complete=false;pr021_runtime_service_unverified=AMBIGUOUS_EVIDENCE;pr021_owner_unassigned=UNRESOLVED;pr021_human_confirmation=REQUIRED;pr021_ui_complete=false;pr026_runtime=PENDING;pr026_missing=SOURCE|SERVICE|ENDPOINT|TEST;pr026_human_confirmation=REQUIRED;pr026_ui_complete=false;pr053_batch=B15_SERVICE_ONLY;pr053_machine_evidence=CLOSED;pr053_evidence_paths=docs/99-governance/pr-019-capability-discovery-audit/PR019_ACTIVE_CAPABILITY_CATALOG.json;pr053_human_confirmation=REQUIRED;pr053_ui_complete=false
CAP-5649C9641068,User Operational Compat,API capability discovered at POST /api/v6/payments/nowpayments/subscription/create,backend/app/api/compat/user_operational_compat.py,DISCOVERY_REQUIRED,POST /api/v6/payments/nowpayments/subscription/create,JSON|POSTGRES,CALCULATED_REAL,AUTHENTICATED_USER,TRIAL,DISCOVERY_REQUIRED,API_CONNECTED,REAL_SNAPSHOT,REVIEW_REQUIRED,backend/app/api/compat/user_operational_compat.py|docs/99-governance/pr-019-capability-discovery-audit/PR019_ACTIVE_CAPABILITY_CATALOG.json|docs/99-governance/pr-052-p0-batch-14-evidence-closure/PR-052-P0-BATCH-14-EVIDENCE-CLOSURE.md,DISCOVERY_REQUIRED,2026-08-01T10:01:31Z,origin=LOCAL_ONLY;confidence=HIGH;frontend_consumers=0;quality_filtered=true;human_validation=PENDING;full_power_preservation=REQUIRED;pr020_semantic_duplicate_of=CAP-329C5FE62399;candidate_retained=true;human_confirmation=REQUIRED;ui_complete=false;pr026_runtime=PENDING;pr026_missing=SOURCE|SERVICE|ENDPOINT|TEST|UI;pr026_human_confirmation=REQUIRED;pr026_ui_complete=false;pr052_batch=B14_SERVICE_ONLY;pr052_machine_evidence=CLOSED;pr052_evidence_paths=docs/99-governance/pr-019-capability-discovery-audit/PR019_ACTIVE_CAPABILITY_CATALOG.json;pr052_human_confirmation=REQUIRED;pr052_ui_complete=false
CAP-5F34508D1D07,User Operational Compat,API capability discovered at POST /api/v1/trial/register,backend/app/api/compat/user_operational_compat.py,DISCOVERY_REQUIRED,POST /api/v1/trial/register,JSON|POSTGRES,CALCULATED_REAL,USER|ADMIN,TRIAL_AND_BILLING,TrialCountdown|PlanComparison|UsageMeter|BillingStatus,API_CONNECTED,REAL_SNAPSHOT,REVIEW_REQUIRED,backend/app/api/compat/user_operational_compat.py|docs/99-governance/pr-019-capability-discovery-audit/PR019_ACTIVE_CAPABILITY_CATALOG.json|docs/99-governance/pr-054-p0-batch-16-evidence-closure/PR-054-P0-BATCH-16-EVIDENCE-CLOSURE.md,DISCOVERY_REQUIRED,2026-08-01T10:11:30Z,"origin=LOCAL_ONLY;confidence=HIGH;frontend_consumers=0;quality_filtered=true;human_validation=PENDING;full_power_preservation=REQUIRED;pr020_cluster=CLUSTER-955B64BDFA938A5B;pr020_feature=Trial, plans, and billing;pr020_verification=PARTIALLY_VERIFIED;human_confirmation=REQUIRED;ui_complete=false;pr021_runtime_service_unverified=AMBIGUOUS_EVIDENCE;pr021_owner_unassigned=UNRESOLVED;pr021_human_confirmation=REQUIRED;pr021_ui_complete=false;pr026_runtime=PENDING;pr026_missing=SOURCE|SERVICE|ENDPOINT|TEST;pr026_human_confirmation=REQUIRED;pr026_ui_complete=false;pr054_batch=B16_SERVICE_ONLY;pr054_machine_evidence=CLOSED;pr054_evidence_paths=docs/99-governance/pr-019-capability-discovery-audit/PR019_ACTIVE_CAPABILITY_CATALOG.json;pr054_human_confirmation=REQUIRED;pr054_ui_complete=false"
CAP-628E213D3D54,User Operational Compat,API capability discovered at POST /api/payments/nowpayments/subscription/create,backend/app/api/compat/user_operational_compat.py,DISCOVERY_REQUIRED,POST /api/payments/nowpayments/subscription/create,JSON|POSTGRES,CALCULATED_REAL,AUTHENTICATED_USER,TRIAL,DISCOVERY_REQUIRED,API_CONNECTED,REAL_SNAPSHOT,REVIEW_REQUIRED,backend/app/api/compat/user_operational_compat.py|docs/99-governance/pr-019-capability-discovery-audit/PR019_ACTIVE_CAPABILITY_CATALOG.json|docs/99-governance/pr-052-p0-batch-14-evidence-closure/PR-052-P0-BATCH-14-EVIDENCE-CLOSURE.md,DISCOVERY_REQUIRED,2026-08-01T10:01:31Z,origin=LOCAL_ONLY;confidence=HIGH;frontend_consumers=0;quality_filtered=true;human_validation=PENDING;full_power_preservation=REQUIRED;pr020_semantic_duplicate_of=CAP-033B90B3A316;candidate_retained=true;human_confirmation=REQUIRED;ui_complete=false;pr026_runtime=PENDING;pr026_missing=SOURCE|SERVICE|ENDPOINT|TEST|UI;pr026_human_confirmation=REQUIRED;pr026_ui_complete=false;pr052_batch=B14_SERVICE_ONLY;pr052_machine_evidence=CLOSED;pr052_evidence_paths=docs/99-governance/pr-019-capability-discovery-audit/PR019_ACTIVE_CAPABILITY_CATALOG.json;pr052_human_confirmation=REQUIRED;pr052_ui_complete=false
CAP-945D34B96341,User Operational Compat,API capability discovered at POST /api/auth/register-trial,backend/app/api/compat/user_operational_compat.py,DISCOVERY_REQUIRED,POST /api/auth/register-trial,JSON|POSTGRES,CALCULATED_REAL,PUBLIC|AUTHENTICATED_USER,AUTHENTICATION,AuthForm|TwoFactorStep|SessionStatus|RecoveryFlow,API_CONNECTED,REAL_SNAPSHOT,REVIEW_REQUIRED,backend/app/api/compat/user_operational_compat.py|docs/99-governance/pr-019-capability-discovery-audit/PR019_ACTIVE_CAPABILITY_CATALOG.json|docs/99-governance/pr-054-p0-batch-16-evidence-closure/PR-054-P0-BATCH-16-EVIDENCE-CLOSURE.md,DISCOVERY_REQUIRED,2026-08-01T10:11:30Z,origin=LOCAL_ONLY;confidence=HIGH;frontend_consumers=0;quality_filtered=true;human_validation=PENDING;full_power_preservation=REQUIRED;pr020_cluster=CLUSTER-9770B51137F30B8E;pr020_feature=Authentication and account access;pr020_verification=PARTIALLY_VERIFIED;human_confirmation=REQUIRED;ui_complete=false;pr021_runtime_service_unverified=AMBIGUOUS_EVIDENCE;pr021_owner_unassigned=UNRESOLVED;pr021_human_confirmation=REQUIRED;pr021_ui_complete=false;pr026_runtime=PENDING;pr026_missing=SOURCE|SERVICE|ENDPOINT|TEST;pr026_human_confirmation=REQUIRED;pr026_ui_complete=false;pr054_batch=B16_SERVICE_ONLY;pr054_machine_evidence=CLOSED;pr054_evidence_paths=docs/99-governance/pr-019-capability-discovery-audit/PR019_ACTIVE_CAPABILITY_CATALOG.json;pr054_human_confirmation=REQUIRED;pr054_ui_complete=false
CAP-9EAA6B9BF2BC,User Operational Compat,API capability discovered at GET /api/payments/nowpayments/subscription/status,backend/app/api/compat/user_operational_compat.py,DISCOVERY_REQUIRED,GET /api/payments/nowpayments/subscription/status,JSON|POSTGRES,CALCULATED_REAL,USER|ADMIN,TRIAL_AND_BILLING,TrialCountdown|PlanComparison|UsageMeter|BillingStatus,API_CONNECTED,REAL_SNAPSHOT,REVIEW_REQUIRED,backend/app/api/compat/user_operational_compat.py|docs/99-governance/pr-019-capability-discovery-audit/PR019_ACTIVE_CAPABILITY_CATALOG.json|docs/99-governance/pr-054-p0-batch-16-evidence-closure/PR-054-P0-BATCH-16-EVIDENCE-CLOSURE.md,DISCOVERY_REQUIRED,2026-08-01T10:11:30Z,"origin=LOCAL_ONLY;confidence=HIGH;frontend_consumers=0;quality_filtered=true;human_validation=PENDING;full_power_preservation=REQUIRED;pr020_cluster=CLUSTER-5E9DA9DE4B7D094A;pr020_feature=Trial, plans, and billing;pr020_verification=PARTIALLY_VERIFIED;human_confirmation=REQUIRED;ui_complete=false;pr021_runtime_service_unverified=AMBIGUOUS_EVIDENCE;pr021_owner_unassigned=UNRESOLVED;pr021_human_confirmation=REQUIRED;pr021_ui_complete=false;pr026_runtime=PENDING;pr026_missing=SOURCE|SERVICE|TEST;pr026_human_confirmation=REQUIRED;pr026_ui_complete=false;pr054_batch=B16_SERVICE_ONLY;pr054_machine_evidence=CLOSED;pr054_evidence_paths=docs/99-governance/pr-019-capability-discovery-audit/PR019_ACTIVE_CAPABILITY_CATALOG.json;pr054_human_confirmation=REQUIRED;pr054_ui_complete=false"
CAP-BC09A0EB4549,User Operational Compat,API capability discovered at POST /api/alerts/email/test,backend/app/api/compat/user_operational_compat.py,DISCOVERY_REQUIRED,POST /api/alerts/email/test,JSON|POSTGRES,CALCULATED_REAL,USER|ADMIN,ALERTS_AND_CHANNELS,AlertCenter|ChannelSettings|RoutingStatus|TestDelivery,API_CONNECTED,REAL_SNAPSHOT,REVIEW_REQUIRED,backend/app/api/compat/user_operational_compat.py|docs/99-governance/pr-019-capability-discovery-audit/PR019_ACTIVE_CAPABILITY_CATALOG.json|docs/99-governance/pr-054-p0-batch-16-evidence-closure/PR-054-P0-BATCH-16-EVIDENCE-CLOSURE.md,DISCOVERY_REQUIRED,2026-08-01T10:11:30Z,origin=LOCAL_ONLY;confidence=HIGH;frontend_consumers=0;quality_filtered=true;human_validation=PENDING;full_power_preservation=REQUIRED;pr020_cluster=CLUSTER-192665335C34E13D;pr020_feature=Alerts and delivery channels;pr020_verification=PARTIALLY_VERIFIED;human_confirmation=REQUIRED;ui_complete=false;pr021_runtime_service_unverified=AMBIGUOUS_EVIDENCE;pr021_owner_unassigned=UNRESOLVED;pr021_human_confirmation=REQUIRED;pr021_ui_complete=false;pr026_runtime=PENDING;pr026_missing=SOURCE|SERVICE|ENDPOINT|TEST;pr026_human_confirmation=REQUIRED;pr026_ui_complete=false;pr054_batch=B16_SERVICE_ONLY;pr054_machine_evidence=CLOSED;pr054_evidence_paths=docs/99-governance/pr-019-capability-discovery-audit/PR019_ACTIVE_CAPABILITY_CATALOG.json;pr054_human_confirmation=REQUIRED;pr054_ui_complete=false
CAP-C26418100904,User Operational Compat,API capability discovered at GET /api/ndsp/compat/health,backend/app/api/compat/user_operational_compat.py,DISCOVERY_REQUIRED,GET /api/ndsp/compat/health,JSON|POSTGRES,CALCULATED_REAL,ADMIN,PLATFORM_OPERATIONS,ServiceHealthGrid|RuntimeStatus|GatewayMonitor|BackupPanel,API_CONNECTED,REAL_SNAPSHOT,REVIEW_REQUIRED,backend/app/api/compat/user_operational_compat.py|docs/99-governance/pr-019-capability-discovery-audit/PR019_ACTIVE_CAPABILITY_CATALOG.json|docs/99-governance/pr-054-p0-batch-16-evidence-closure/PR-054-P0-BATCH-16-EVIDENCE-CLOSURE.md,DISCOVERY_REQUIRED,2026-08-01T10:11:30Z,origin=LOCAL_ONLY;confidence=HIGH;frontend_consumers=0;quality_filtered=true;human_validation=PENDING;full_power_preservation=REQUIRED;pr020_cluster=CLUSTER-52E920E2015C88E7;pr020_feature=Platform operations and service health;pr020_verification=PARTIALLY_VERIFIED;human_confirmation=REQUIRED;ui_complete=false;pr021_runtime_service_unverified=AMBIGUOUS_EVIDENCE;pr021_owner_unassigned=UNRESOLVED;pr021_human_confirmation=REQUIRED;pr021_ui_complete=false;pr026_runtime=PENDING;pr026_missing=SOURCE|SERVICE|TEST;pr026_human_confirmation=REQUIRED;pr026_ui_complete=false;pr054_batch=B16_SERVICE_ONLY;pr054_machine_evidence=CLOSED;pr054_evidence_paths=docs/99-governance/pr-019-capability-discovery-audit/PR019_ACTIVE_CAPABILITY_CATALOG.json;pr054_human_confirmation=REQUIRED;pr054_ui_complete=false
CAP-D559FE326861,User Operational Compat,API capability discovered at POST /api/user/alert-preferences,backend/app/api/compat/user_operational_compat.py,DISCOVERY_REQUIRED,POST /api/user/alert-preferences,JSON|POSTGRES,CALCULATED_REAL,USER|ADMIN,ALERTS_AND_CHANNELS,AlertCenter|ChannelSettings|RoutingStatus|TestDelivery,API_CONNECTED,REAL_SNAPSHOT,REVIEW_REQUIRED,backend/app/api/compat/user_operational_compat.py|docs/99-governance/pr-019-capability-discovery-audit/PR019_ACTIVE_CAPABILITY_CATALOG.json|docs/99-governance/pr-054-p0-batch-16-evidence-closure/PR-054-P0-BATCH-16-EVIDENCE-CLOSURE.md,DISCOVERY_REQUIRED,2026-08-01T10:11:30Z,origin=LOCAL_ONLY;confidence=HIGH;frontend_consumers=0;quality_filtered=true;human_validation=PENDING;full_power_preservation=REQUIRED;pr020_cluster=CLUSTER-7760D3ACF83E0B50;pr020_feature=Alerts and delivery channels;pr020_verification=PARTIALLY_VERIFIED;human_confirmation=REQUIRED;ui_complete=false;pr021_runtime_service_unverified=AMBIGUOUS_EVIDENCE;pr021_owner_unassigned=UNRESOLVED;pr021_human_confirmation=REQUIRED;pr021_ui_complete=false;pr026_runtime=PENDING;pr026_missing=SOURCE|SERVICE|ENDPOINT|TEST;pr026_human_confirmation=REQUIRED;pr026_ui_complete=false;pr054_batch=B16_SERVICE_ONLY;pr054_machine_evidence=CLOSED;pr054_evidence_paths=docs/99-governance/pr-019-capability-discovery-audit/PR019_ACTIVE_CAPABILITY_CATALOG.json;pr054_human_confirmation=REQUIRED;pr054_ui_complete=false
CAP-E50EE9CF3FD6,User Operational Compat,API capability discovered at POST /api/telegram/link/verify,backend/app/api/compat/user_operational_compat.py,DISCOVERY_REQUIRED,POST /api/telegram/link/verify,JSON|POSTGRES,CALCULATED_REAL,USER|ADMIN,ALERTS_AND_CHANNELS,AlertCenter|ChannelSettings|RoutingStatus|TestDelivery,API_CONNECTED,REAL_SNAPSHOT,REVIEW_REQUIRED,backend/app/api/compat/user_operational_compat.py|docs/99-governance/pr-019-capability-discovery-audit/PR019_ACTIVE_CAPABILITY_CATALOG.json|docs/99-governance/pr-054-p0-batch-16-evidence-closure/PR-054-P0-BATCH-16-EVIDENCE-CLOSURE.md,DISCOVERY_REQUIRED,2026-08-01T10:11:30Z,origin=LOCAL_ONLY;confidence=HIGH;frontend_consumers=0;quality_filtered=true;human_validation=PENDING;full_power_preservation=REQUIRED;pr020_cluster=CLUSTER-B8252076D7DF7FF9;pr020_feature=Alerts and delivery channels;pr020_verification=PARTIALLY_VERIFIED;human_confirmation=REQUIRED;ui_complete=false;pr021_runtime_service_unverified=AMBIGUOUS_EVIDENCE;pr021_owner_unassigned=UNRESOLVED;pr021_human_confirmation=REQUIRED;pr021_ui_complete=false;pr026_runtime=PENDING;pr026_missing=SOURCE|SERVICE|ENDPOINT|TEST;pr026_human_confirmation=REQUIRED;pr026_ui_complete=false;pr054_batch=B16_SERVICE_ONLY;pr054_machine_evidence=CLOSED;pr054_evidence_paths=docs/99-governance/pr-019-capability-discovery-audit/PR019_ACTIVE_CAPABILITY_CATALOG.json;pr054_human_confirmation=REQUIRED;pr054_ui_complete=false
CAP-EDF3F96EC14B,User Operational Compat,API capability discovered at POST /api/trial/register,backend/app/api/compat/user_operational_compat.py,DISCOVERY_REQUIRED,POST /api/trial/register,JSON|POSTGRES,CALCULATED_REAL,USER|ADMIN,TRIAL_AND_BILLING,TrialCountdown|PlanComparison|UsageMeter|BillingStatus,API_CONNECTED,REAL_SNAPSHOT,REVIEW_REQUIRED,backend/app/api/compat/user_operational_compat.py|docs/99-governance/pr-019-capability-discovery-audit/PR019_ACTIVE_CAPABILITY_CATALOG.json|docs/99-governance/pr-054-p0-batch-16-evidence-closure/PR-054-P0-BATCH-16-EVIDENCE-CLOSURE.md,DISCOVERY_REQUIRED,2026-08-01T10:11:30Z,"origin=LOCAL_ONLY;confidence=HIGH;frontend_consumers=0;quality_filtered=true;human_validation=PENDING;full_power_preservation=REQUIRED;pr020_cluster=CLUSTER-12CE9BAE31EA4CB2;pr020_feature=Trial, plans, and billing;pr020_verification=PARTIALLY_VERIFIED;human_confirmation=REQUIRED;ui_complete=false;pr021_runtime_service_unverified=AMBIGUOUS_EVIDENCE;pr021_owner_unassigned=UNRESOLVED;pr021_human_confirmation=REQUIRED;pr021_ui_complete=false;pr026_runtime=PENDING;pr026_missing=SOURCE|SERVICE|ENDPOINT|TEST;pr026_human_confirmation=REQUIRED;pr026_ui_complete=false;pr054_batch=B16_SERVICE_ONLY;pr054_machine_evidence=CLOSED;pr054_evidence_paths=docs/99-governance/pr-019-capability-discovery-audit/PR019_ACTIVE_CAPABILITY_CATALOG.json;pr054_human_confirmation=REQUIRED;pr054_ui_complete=false"
CAP-F197D783C391,User Operational Compat,API capability discovered at GET /api/v6/payments/nowpayments/subscription/status,backend/app/api/compat/user_operational_compat.py,DISCOVERY_REQUIRED,GET /api/v6/payments/nowpayments/subscription/status,JSON|POSTGRES,CALCULATED_REAL,USER|ADMIN,TRIAL_AND_BILLING,TrialCountdown|PlanComparison|UsageMeter|BillingStatus,API_CONNECTED,REAL_SNAPSHOT,REVIEW_REQUIRED,backend/app/api/compat/user_operational_compat.py,DISCOVERY_REQUIRED,2026-07-31T22:08:07Z,"origin=LOCAL_ONLY;confidence=HIGH;frontend_consumers=0;quality_filtered=true;human_validation=PENDING;full_power_preservation=REQUIRED;pr020_cluster=CLUSTER-7845464071C28F4D;pr020_feature=Trial, plans, and billing;pr020_verification=PARTIALLY_VERIFIED;human_confirmation=REQUIRED;ui_complete=false;pr021_runtime_service_unverified=AMBIGUOUS_EVIDENCE;pr021_owner_unassigned=UNRESOLVED;pr021_human_confirmation=REQUIRED;pr021_ui_complete=false;pr026_runtime=PENDING;pr026_missing=SOURCE|SERVICE|TEST;pr026_human_confirmation=REQUIRED;pr026_ui_complete=false"
CAP-F19E055AF8D6,User Operational Compat,API capability discovered at POST /api/auth/activate,backend/app/api/compat/user_operational_compat.py,DISCOVERY_REQUIRED,POST /api/auth/activate,JSON|POSTGRES,CALCULATED_REAL,PUBLIC|AUTHENTICATED_USER,AUTHENTICATION,AuthForm|TwoFactorStep|SessionStatus|RecoveryFlow,API_CONNECTED,REAL_SNAPSHOT,REVIEW_REQUIRED,backend/app/api/compat/user_operational_compat.py,DISCOVERY_REQUIRED,2026-07-31T22:08:07Z,origin=LOCAL_ONLY;confidence=HIGH;frontend_consumers=0;quality_filtered=true;human_validation=PENDING;full_power_preservation=REQUIRED;pr020_cluster=CLUSTER-5DBA84E9131F0BAC;pr020_feature=Authentication and account access;pr020_verification=PARTIALLY_VERIFIED;human_confirmation=REQUIRED;ui_complete=false;pr021_runtime_service_unverified=AMBIGUOUS_EVIDENCE;pr021_owner_unassigned=UNRESOLVED;pr021_human_confirmation=REQUIRED;pr021_ui_complete=false;pr026_runtime=PENDING;pr026_missing=SOURCE|SERVICE|ENDPOINT|TEST;pr026_human_confirmation=REQUIRED;pr026_ui_complete=false
CAP-FAAE9703FE61,User Operational Compat,API capability discovered at GET /api/user/alert-preferences,backend/app/api/compat/user_operational_compat.py,DISCOVERY_REQUIRED,GET /api/user/alert-preferences,JSON|POSTGRES,CALCULATED_REAL,USER|ADMIN,ALERTS_AND_CHANNELS,AlertCenter|ChannelSettings|RoutingStatus|TestDelivery,API_CONNECTED,REAL_SNAPSHOT,REVIEW_REQUIRED,backend/app/api/compat/user_operational_compat.py,DISCOVERY_REQUIRED,2026-07-31T22:08:07Z,origin=LOCAL_ONLY;confidence=HIGH;frontend_consumers=0;quality_filtered=true;human_validation=PENDING;full_power_preservation=REQUIRED;pr020_cluster=CLUSTER-5F9C10E11F6C8818;pr020_feature=Alerts and delivery channels;pr020_verification=PARTIALLY_VERIFIED;human_confirmation=REQUIRED;ui_complete=false;pr021_runtime_service_unverified=AMBIGUOUS_EVIDENCE;pr021_owner_unassigned=UNRESOLVED;pr021_human_confirmation=REQUIRED;pr021_ui_complete=false;pr026_runtime=PENDING;pr026_missing=SOURCE|SERVICE|TEST;pr026_human_confirmation=REQUIRED;pr026_ui_complete=false
CAP-F4B0061B6EC3,Version,API capability discovered at GET /version,backend/framework/version/version.cjs,DISCOVERY_REQUIRED,GET /version,JSON,DISCOVERY_REQUIRED,AUTHENTICATED_USER,REGISTER,backend/framework/tests/framework.test.cjs,UI_PARTIAL,REAL_SNAPSHOT,REVIEW_REQUIRED,backend/framework/version/version.cjs|docs/99-governance/pr-019-capability-discovery-audit/PR019_ACTIVE_CAPABILITY_CATALOG.json|docs/99-governance/pr-053-p0-batch-15-evidence-closure/PR-053-P0-BATCH-15-EVIDENCE-CLOSURE.md,DISCOVERY_REQUIRED,2026-08-01T10:05:11Z,origin=LOCAL_ONLY;confidence=HIGH;frontend_consumers=1;quality_filtered=true;human_validation=PENDING;full_power_preservation=REQUIRED;pr020_semantic_duplicate_of=CAP-56C562461855;candidate_retained=true;human_confirmation=REQUIRED;ui_complete=false;pr026_runtime=PENDING;pr026_missing=SOURCE|SERVICE|CALCULATION|TEST;pr026_human_confirmation=REQUIRED;pr026_ui_complete=false;pr053_batch=B15_SERVICE_ONLY;pr053_machine_evidence=CLOSED;pr053_evidence_paths=docs/99-governance/pr-019-capability-discovery-audit/PR019_ACTIVE_CAPABILITY_CATALOG.json;pr053_human_confirmation=REQUIRED;pr053_ui_complete=false
CAP-5F632EA34B8F,002 Signal Decisions,Business or platform capability discovered from 002_signal_decisions in backend/migrations/002_signal_decisions.sql,backend/migrations/002_signal_decisions.sql::002_signal_decisions,DISCOVERY_REQUIRED,DISCOVERY_REQUIRED,UNKNOWN,DISCOVERY_REQUIRED,USER_OR_ADMIN,ALERTS,DISCOVERY_REQUIRED,UI_PARTIAL,UNKNOWN,REVIEW_REQUIRED,backend/migrations/002_signal_decisions.sql|docs/99-governance/pr-019-capability-discovery-audit/PR019_ACTIVE_CAPABILITY_CATALOG.json|docs/99-governance/pr-038-p0-batch-02-evidence-closure/PR-038-P0-BATCH-01-EVIDENCE-CLOSURE.md,DISCOVERY_REQUIRED,2026-08-01T02:21:13Z,origin=LOCAL_ONLY;confidence=MEDIUM;business_keyword_score=5;quality_filtered=true;human_validation=PENDING;full_power_preservation=REQUIRED;pr026_runtime=PENDING;pr026_missing=SOURCE|SERVICE|ENDPOINT|REAL_DATA|CALCULATION|TEST|UI;pr026_human_confirmation=REQUIRED;pr026_ui_complete=false;pr038_batch=B02_SERVICE_ENDPOINT_REAL_DATA;pr038_machine_evidence=CLOSED;pr038_evidence_paths=docs/99-governance/pr-019-capability-discovery-audit/PR019_ACTIVE_CAPABILITY_CATALOG.json;pr038_human_confirmation=REQUIRED;pr038_ui_complete=false
CAP-207978A2050E,Activate User By Token,Business or platform capability discovered from activateUserByToken in backend/auth_api/ndsp_trial_register_gateway.cjs,backend/auth_api/ndsp_trial_register_gateway.cjs::activateUserByToken,ndsp-trial-register.service,DISCOVERY_REQUIRED,JSON|POSTGRES,CALCULATED_REAL,ADMIN,TRIAL,DISCOVERY_REQUIRED,UI_PARTIAL,REAL_SNAPSHOT,REVIEW_REQUIRED,backend/auth_api/ndsp_trial_register_gateway.cjs,DISCOVERY_REQUIRED,2026-07-31T22:08:07Z,origin=LOCAL_ONLY;confidence=HIGH;business_keyword_score=9;quality_filtered=true;human_validation=PENDING;full_power_preservation=REQUIRED;pr026_runtime=PENDING;pr026_missing=SOURCE|SERVICE|ENDPOINT|TEST|UI;pr026_human_confirmation=REQUIRED;pr026_ui_complete=false
CAP-61547C6436CE,Active Session User,Business or platform capability discovered from activeSessionUser in backend/auth_api/ndsp_user_login_gateway.cjs,backend/auth_api/ndsp_user_login_gateway.cjs::activeSessionUser,ndsp-user-login.service,GET /api/auth/login/health|POST /api/auth/login|POST /api/auth/2fa/login/verify|GET /api/auth/session|GET /api/auth/decision-room-access|POST /api/auth/runtime/usage/consume|GET /api/auth/profile|PUT /api/auth/profile|GET /api/auth/survey/status|POST /api/auth/survey/response|POST /api/auth/events|POST /api/auth/internal/legal-acceptance|POST /api/auth/internal/evidence|POST /api/auth/logout|GET /api/auth/2fa/status|POST /api/auth/2fa/setup|POST /api/auth/2fa/confirm|POST /api/auth/2fa/disable|POST /api/auth/2fa/status|POST /api/auth/2fa/setup/start|POST /api/auth/2fa/setup/confirm|POST /api/auth/2fa/setup/skip|POST /api/auth/2fa/setup/confirm-final|POST /api/auth/2fa/setup/confirm-speakeasy,JSON,CALCULATED_REAL,ADMIN,TRIAL,DISCOVERY_REQUIRED,UI_PARTIAL,REAL_SNAPSHOT,REVIEW_REQUIRED,backend/auth_api/ndsp_user_login_gateway.cjs,DISCOVERY_REQUIRED,2026-07-31T22:08:07Z,origin=LOCAL_ONLY;confidence=HIGH;business_keyword_score=8;quality_filtered=true;human_validation=PENDING;full_power_preservation=REQUIRED;pr026_runtime=PENDING;pr026_missing=SOURCE|TEST|UI;pr026_human_confirmation=REQUIRED;pr026_ui_complete=false
CAP-11F9C86C3DEA,Admin Candidates,Business or platform capability discovered from _admin_candidates in backend/app/api/admin/telegram_routing_admin.py,backend/app/api/admin/telegram_routing_admin.py::_admin_candidates,DISCOVERY_REQUIRED,GET /status|POST /update|POST /test|GET /status|POST /update|POST /test,JSON|POSTGRES,CALCULATED_REAL,ADMIN,PASSWORD_RESET,DISCOVERY_REQUIRED,UI_PARTIAL,REAL_SNAPSHOT,REVIEW_REQUIRED,backend/app/api/admin/telegram_routing_admin.py|docs/99-governance/pr-019-capability-discovery-audit/PR019_ACTIVE_CAPABILITY_CATALOG.json|docs/99-governance/pr-052-p0-batch-14-evidence-closure/PR-052-P0-BATCH-14-EVIDENCE-CLOSURE.md,DISCOVERY_REQUIRED,2026-08-01T10:01:31Z,origin=LOCAL_ONLY;confidence=HIGH;business_keyword_score=5;quality_filtered=true;human_validation=PENDING;full_power_preservation=REQUIRED;pr026_runtime=PENDING;pr026_missing=SOURCE|SERVICE|TEST|UI;pr026_human_confirmation=REQUIRED;pr026_ui_complete=false;pr052_batch=B14_SERVICE_ONLY;pr052_machine_evidence=CLOSED;pr052_evidence_paths=docs/99-governance/pr-019-capability-discovery-audit/PR019_ACTIVE_CAPABILITY_CATALOG.json;pr052_human_confirmation=REQUIRED;pr052_ui_complete=false
CAP-85BADA8EEE4D,Admin Key Ok,Business or platform capability discovered from admin_key_ok in backend/app/api/internal/telegram_routing_internal.py,backend/app/api/internal/telegram_routing_internal.py::admin_key_ok,DISCOVERY_REQUIRED,GET /debug-auth|GET /debug-db|GET /status|POST /update|POST /test|GET /debug-auth|GET /debug-db|GET /status|POST /update|POST /test,JSON|POSTGRES,CALCULATED_REAL,ADMIN,PASSWORD_RESET,DISCOVERY_REQUIRED,UI_PARTIAL,REAL_SNAPSHOT,REVIEW_REQUIRED,backend/app/api/internal/telegram_routing_internal.py|docs/99-governance/pr-019-capability-discovery-audit/PR019_ACTIVE_CAPABILITY_CATALOG.json|docs/99-governance/pr-052-p0-batch-14-evidence-closure/PR-052-P0-BATCH-14-EVIDENCE-CLOSURE.md,DISCOVERY_REQUIRED,2026-08-01T10:01:31Z,origin=LOCAL_ONLY;confidence=HIGH;business_keyword_score=5;quality_filtered=true;human_validation=PENDING;full_power_preservation=REQUIRED;pr026_runtime=PENDING;pr026_missing=SOURCE|SERVICE|TEST|UI;pr026_human_confirmation=REQUIRED;pr026_ui_complete=false;pr052_batch=B14_SERVICE_ONLY;pr052_machine_evidence=CLOSED;pr052_evidence_paths=docs/99-governance/pr-019-capability-discovery-audit/PR019_ACTIVE_CAPABILITY_CATALOG.json;pr052_human_confirmation=REQUIRED;pr052_ui_complete=false
CAP-F14BB07445FB,Admin Key Ok,Business or platform capability discovered from admin_key_ok in backend/app/api/admin/telegram_routing_v2.py,backend/app/api/admin/telegram_routing_v2.py::admin_key_ok,DISCOVERY_REQUIRED,GET /status|POST /update|POST /test|GET /debug-auth|GET /status|POST /update|POST /test|GET /debug-auth,JSON|POSTGRES,CALCULATED_REAL,ADMIN,PASSWORD_RESET,DISCOVERY_REQUIRED,UI_PARTIAL,REAL_SNAPSHOT,REVIEW_REQUIRED,backend/app/api/admin/telegram_routing_v2.py|docs/99-governance/pr-019-capability-discovery-audit/PR019_ACTIVE_CAPABILITY_CATALOG.json|docs/99-governance/pr-053-p0-batch-15-evidence-closure/PR-053-P0-BATCH-15-EVIDENCE-CLOSURE.md,DISCOVERY_REQUIRED,2026-08-01T10:05:11Z,origin=LOCAL_ONLY;confidence=HIGH;business_keyword_score=5;quality_filtered=true;human_validation=PENDING;full_power_preservation=REQUIRED;pr026_runtime=PENDING;pr026_missing=SOURCE|SERVICE|TEST|UI;pr026_human_confirmation=REQUIRED;pr026_ui_complete=false;pr053_batch=B15_SERVICE_ONLY;pr053_machine_evidence=CLOSED;pr053_evidence_paths=docs/99-governance/pr-019-capability-discovery-audit/PR019_ACTIVE_CAPABILITY_CATALOG.json;pr053_human_confirmation=REQUIRED;pr053_ui_complete=false
CAP-F54EAA1EFDDA,Admin Key Ok,Business or platform capability discovered from admin_key_ok in backend/app/api/admin/telegram_routing_admin.py,backend/app/api/admin/telegram_routing_admin.py::admin_key_ok,DISCOVERY_REQUIRED,GET /status|POST /update|POST /test|GET /status|POST /update|POST /test,JSON|POSTGRES,CALCULATED_REAL,ADMIN,PASSWORD_RESET,DISCOVERY_REQUIRED,UI_PARTIAL,REAL_SNAPSHOT,REVIEW_REQUIRED,backend/app/api/admin/telegram_routing_admin.py|docs/99-governance/pr-019-capability-discovery-audit/PR019_ACTIVE_CAPABILITY_CATALOG.json|docs/99-governance/pr-053-p0-batch-15-evidence-closure/PR-053-P0-BATCH-15-EVIDENCE-CLOSURE.md,DISCOVERY_REQUIRED,2026-08-01T10:05:11Z,origin=LOCAL_ONLY;confidence=HIGH;business_keyword_score=5;quality_filtered=true;human_validation=PENDING;full_power_preservation=REQUIRED;pr026_runtime=PENDING;pr026_missing=SOURCE|SERVICE|TEST|UI;pr026_human_confirmation=REQUIRED;pr026_ui_complete=false;pr053_batch=B15_SERVICE_ONLY;pr053_machine_evidence=CLOSED;pr053_evidence_paths=docs/99-governance/pr-019-capability-discovery-audit/PR019_ACTIVE_CAPABILITY_CATALOG.json;pr053_human_confirmation=REQUIRED;pr053_ui_complete=false
CAP-7FAFDEF8B916,Admin List Audit Events,Business or platform capability discovered from admin_list_audit_events in apps/ndsp-governance-bridge/policies/admin_snapshot/audit_admin_v6.py,apps/ndsp-governance-bridge/policies/admin_snapshot/audit_admin_v6.py::admin_list_audit_events,ndsp-governance-bridge.service,DISCOVERY_REQUIRED,UNKNOWN,DISCOVERY_REQUIRED,ADMIN,SUBSCRIPTION,DISCOVERY_REQUIRED,UI_PARTIAL,UNKNOWN,REVIEW_REQUIRED,apps/ndsp-governance-bridge/policies/admin_snapshot/audit_admin_v6.py|docs/99-governance/pr-019-capability-discovery-audit/PR019_ACTIVE_CAPABILITY_CATALOG.json|docs/99-governance/pr-050-p0-batch-12-evidence-closure/PR-050-P0-BATCH-12-EVIDENCE-CLOSURE.md,DISCOVERY_REQUIRED,2026-08-01T09:54:20Z,origin=LOCAL_ONLY;confidence=HIGH;business_keyword_score=4;quality_filtered=true;human_validation=PENDING;full_power_preservation=REQUIRED;pr026_runtime=PENDING;pr026_missing=SOURCE|ENDPOINT|REAL_DATA|CALCULATION|TEST|UI;pr026_human_confirmation=REQUIRED;pr026_ui_complete=false;pr050_batch=B12_ENDPOINT_REAL_DATA;pr050_machine_evidence=CLOSED;pr050_evidence_paths=docs/99-governance/pr-019-capability-discovery-audit/PR019_ACTIVE_CAPABILITY_CATALOG.json;pr050_human_confirmation=REQUIRED;pr050_ui_complete=false
CAP-439EB8A1AE69,Admin Mail To,Business or platform capability discovered from adminMailTo in backend/auth_api/ndsp_trial_register_gateway.cjs,backend/auth_api/ndsp_trial_register_gateway.cjs::adminMailTo,ndsp-trial-register.service,DISCOVERY_REQUIRED,JSON|POSTGRES,CALCULATED_REAL,ADMIN,TRIAL,DISCOVERY_REQUIRED,UI_PARTIAL,REAL_SNAPSHOT,REVIEW_REQUIRED,backend/auth_api/ndsp_trial_register_gateway.cjs,DISCOVERY_REQUIRED,2026-07-31T22:08:07Z,origin=LOCAL_ONLY;confidence=HIGH;business_keyword_score=9;quality_filtered=true;human_validation=PENDING;full_power_preservation=REQUIRED;pr026_runtime=PENDING;pr026_missing=SOURCE|SERVICE|ENDPOINT|TEST|UI;pr026_human_confirmation=REQUIRED;pr026_ui_complete=false
CAP-C85D75362012,Admin Only,Business or platform capability discovered from adminOnly in backend/server.js,backend/server.js::adminOnly,DISCOVERY_REQUIRED,GET /health|POST /auth/register|POST /auth/login|GET /me|POST /feedback|POST /upgrade-request|GET /upgrade-requests/me|GET /admin/upgrade-requests|POST /admin/upgrade-requests/:id/review|GET /trial/status|GET /admin/feedback|POST /admin/feedback/:id/review|GET /notifications|POST /notifications/:id/read|GET /admin/notifications|POST /admin/notifications/send|GET /plans|GET /admin/plans|PUT /admin/plans/:id|POST /admin/plans/:id/features|DELETE /admin/plan-features/:id|PUT /admin/plans/:id/layers/:layerKey|GET /admin/stats|PUT /admin/users/:id|DELETE /admin/users/:id|GET /admin/users|POST /api/auth/2fa/setup/start|POST /api/auth/2fa/setup/confirm|POST /__retired_api_admin_users_action_legacy|POST /api/auth/2fa/setup/start|GET /api/admin/telegram-routing/status|POST /api/admin/telegram-routing/update|POST /api/admin/telegram-routing/test,JSON,CALCULATED_REAL,ADMIN,TRIAL,DISCOVERY_REQUIRED,UI_PARTIAL,REAL_SNAPSHOT,REVIEW_REQUIRED,backend/server.js|docs/99-governance/pr-019-capability-discovery-audit/PR019_ACTIVE_CAPABILITY_CATALOG.json|docs/99-governance/pr-053-p0-batch-15-evidence-closure/PR-053-P0-BATCH-15-EVIDENCE-CLOSURE.md,DISCOVERY_REQUIRED,2026-08-01T10:05:11Z,origin=LOCAL_MODIFIED;confidence=HIGH;business_keyword_score=5;quality_filtered=true;human_validation=PENDING;full_power_preservation=REQUIRED;pr026_runtime=PENDING;pr026_missing=SERVICE|TEST|UI;pr026_human_confirmation=REQUIRED;pr026_ui_complete=false;pr053_batch=B15_SERVICE_ONLY;pr053_machine_evidence=CLOSED;pr053_evidence_paths=docs/99-governance/pr-019-capability-discovery-audit/PR019_ACTIVE_CAPABILITY_CATALOG.json;pr053_human_confirmation=REQUIRED;pr053_ui_complete=false
CAP-1F6C6744CA7A,Alert Text,Business or platform capability discovered from _alert_text in backend/app/support_layers/delivery/ndsp_delivery_interfaces.py,backend/app/support_layers/delivery/ndsp_delivery_interfaces.py::_alert_text,DISCOVERY_REQUIRED,DISCOVERY_REQUIRED,JSON,CALCULATED_REAL,ADMIN,LOGIN,DISCOVERY_REQUIRED,UI_PARTIAL,REAL_SNAPSHOT,REVIEW_REQUIRED,backend/app/support_layers/delivery/ndsp_delivery_interfaces.py|docs/99-governance/pr-019-capability-discovery-audit/PR019_ACTIVE_CAPABILITY_CATALOG.json|docs/99-governance/pr-044-p0-batch-06-evidence-closure/PR-044-P0-BATCH-06-EVIDENCE-CLOSURE.md,DISCOVERY_REQUIRED,2026-08-01T09:26:57Z,origin=LOCAL_ONLY;confidence=HIGH;business_keyword_score=6;quality_filtered=true;human_validation=PENDING;full_power_preservation=REQUIRED;pr026_runtime=PENDING;pr026_missing=SOURCE|SERVICE|ENDPOINT|TEST|UI;pr026_human_confirmation=REQUIRED;pr026_ui_complete=false;pr044_batch=B06_SERVICE_ENDPOINT;pr044_machine_evidence=CLOSED;pr044_evidence_paths=docs/99-governance/pr-019-capability-discovery-audit/PR019_ACTIVE_CAPABILITY_CATALOG.json;pr044_human_confirmation=REQUIRED;pr044_ui_complete=false
CAP-9C9E08E2F53E,Apply Governance Runtime,Business or platform capability discovered from apply_governance_runtime in apps/ndsp-governance-bridge/policies/governance_runtime.py,apps/ndsp-governance-bridge/policies/governance_runtime.py::apply_governance_runtime,ndsp-governance-bridge.service,DISCOVERY_REQUIRED,UNKNOWN,DISCOVERY_REQUIRED,PUBLIC,UNMAPPED,DISCOVERY_REQUIRED,SERVICE_CONNECTED,UNKNOWN,REVIEW_REQUIRED,apps/ndsp-governance-bridge/policies/governance_runtime.py|docs/99-governance/pr-019-capability-discovery-audit/PR019_ACTIVE_CAPABILITY_CATALOG.json|docs/99-governance/pr-050-p0-batch-12-evidence-closure/PR-050-P0-BATCH-12-EVIDENCE-CLOSURE.md,DISCOVERY_REQUIRED,2026-08-01T09:54:20Z,origin=LOCAL_ONLY;confidence=HIGH;business_keyword_score=10;quality_filtered=true;human_validation=PENDING;full_power_preservation=REQUIRED;pr026_runtime=PENDING;pr026_missing=SOURCE|ENDPOINT|REAL_DATA|CALCULATION|TEST|UI;pr026_human_confirmation=REQUIRED;pr026_ui_complete=false;pr050_batch=B12_ENDPOINT_REAL_DATA;pr050_machine_evidence=CLOSED;pr050_evidence_paths=docs/99-governance/pr-019-capability-discovery-audit/PR019_ACTIVE_CAPABILITY_CATALOG.json;pr050_human_confirmation=REQUIRED;pr050_ui_complete=false
CAP-C9B83A923CCA,Apply Runtime Governance,Business or platform capability discovered from apply_runtime_governance in apps/ndsp-governance-bridge/policies/governance_runtime.py,apps/ndsp-governance-bridge/policies/governance_runtime.py::apply_runtime_governance,ndsp-governance-bridge.service,DISCOVERY_REQUIRED,UNKNOWN,DISCOVERY_REQUIRED,PUBLIC,UNMAPPED,DISCOVERY_REQUIRED,SERVICE_CONNECTED,UNKNOWN,REVIEW_REQUIRED,apps/ndsp-governance-bridge/policies/governance_runtime.py|docs/99-governance/pr-019-capability-discovery-audit/PR019_ACTIVE_CAPABILITY_CATALOG.json|docs/99-governance/pr-051-p0-batch-13-evidence-closure/PR-051-P0-BATCH-13-EVIDENCE-CLOSURE.md,DISCOVERY_REQUIRED,2026-08-01T09:58:13Z,origin=LOCAL_ONLY;confidence=HIGH;business_keyword_score=10;quality_filtered=true;human_validation=PENDING;full_power_preservation=REQUIRED;pr026_runtime=PENDING;pr026_missing=SOURCE|ENDPOINT|REAL_DATA|CALCULATION|TEST|UI;pr026_human_confirmation=REQUIRED;pr026_ui_complete=false;pr051_batch=B13_ENDPOINT_REAL_DATA;pr051_machine_evidence=CLOSED;pr051_evidence_paths=docs/99-governance/pr-019-capability-discovery-audit/PR019_ACTIVE_CAPABILITY_CATALOG.json;pr051_human_confirmation=REQUIRED;pr051_ui_complete=false
CAP-291C5498F747,Attach Tdl Trade Horizon Addons,Business or platform capability discovered from attachTdlTradeHorizonAddons in backend/auth_api/ndsp_tdl_trade_horizon_addons.cjs,backend/auth_api/ndsp_tdl_trade_horizon_addons.cjs::attachTdlTradeHorizonAddons,DISCOVERY_REQUIRED,DISCOVERY_REQUIRED,UNKNOWN,DISCOVERY_REQUIRED,PUBLIC,UNMAPPED,DISCOVERY_REQUIRED,SOURCE_IDENTIFIED,UNKNOWN,REVIEW_REQUIRED,backend/auth_api/ndsp_tdl_trade_horizon_addons.cjs|docs/99-governance/pr-019-capability-discovery-audit/PR019_ACTIVE_CAPABILITY_CATALOG.json|docs/99-governance/pr-037-p0-batch-01-evidence-closure/PR-037-P0-BATCH-01-EVIDENCE-CLOSURE.md,DISCOVERY_REQUIRED,2026-08-01T02:15:15Z,origin=LOCAL_ONLY;confidence=HIGH;business_keyword_score=6;quality_filtered=true;human_validation=PENDING;full_power_preservation=REQUIRED;pr026_runtime=PENDING;pr026_missing=SOURCE|SERVICE|ENDPOINT|REAL_DATA|CALCULATION|TEST|UI;pr026_human_confirmation=REQUIRED;pr026_ui_complete=false;pr037_batch=B01_SERVICE_ENDPOINT_REAL_DATA;pr037_machine_evidence=CLOSED;pr037_evidence_paths=docs/99-governance/pr-019-capability-discovery-audit/PR019_ACTIVE_CAPABILITY_CATALOG.json;pr037_human_confirmation=REQUIRED;pr037_ui_complete=false
CAP-26EC4D157EE6,Auth,Business or platform capability discovered from auth in backend/server.js,backend/server.js::auth,DISCOVERY_REQUIRED,GET /health|POST /auth/register|POST /auth/login|GET /me|POST /feedback|POST /upgrade-request|GET /upgrade-requests/me|GET /admin/upgrade-requests|POST /admin/upgrade-requests/:id/review|GET /trial/status|GET /admin/feedback|POST /admin/feedback/:id/review|GET /notifications|POST /notifications/:id/read|GET /admin/notifications|POST /admin/notifications/send|GET /plans|GET /admin/plans|PUT /admin/plans/:id|POST /admin/plans/:id/features|DELETE /admin/plan-features/:id|PUT /admin/plans/:id/layers/:layerKey|GET /admin/stats|PUT /admin/users/:id|DELETE /admin/users/:id|GET /admin/users|POST /api/auth/2fa/setup/start|POST /api/auth/2fa/setup/confirm|POST /__retired_api_admin_users_action_legacy|POST /api/auth/2fa/setup/start|GET /api/admin/telegram-routing/status|POST /api/admin/telegram-routing/update|POST /api/admin/telegram-routing/test,JSON,CALCULATED_REAL,ADMIN,TRIAL,DISCOVERY_REQUIRED,UI_PARTIAL,REAL_SNAPSHOT,REVIEW_REQUIRED,backend/server.js|docs/99-governance/pr-019-capability-discovery-audit/PR019_ACTIVE_CAPABILITY_CATALOG.json|docs/99-governance/pr-052-p0-batch-14-evidence-closure/PR-052-P0-BATCH-14-EVIDENCE-CLOSURE.md,DISCOVERY_REQUIRED,2026-08-01T10:01:31Z,origin=LOCAL_MODIFIED;confidence=HIGH;business_keyword_score=5;quality_filtered=true;human_validation=PENDING;full_power_preservation=REQUIRED;pr026_runtime=PENDING;pr026_missing=SERVICE|TEST|UI;pr026_human_confirmation=REQUIRED;pr026_ui_complete=false;pr052_batch=B14_SERVICE_ONLY;pr052_machine_evidence=CLOSED;pr052_evidence_paths=docs/99-governance/pr-019-capability-discovery-audit/PR019_ACTIVE_CAPABILITY_CATALOG.json;pr052_human_confirmation=REQUIRED;pr052_ui_complete=false
CAP-46EAB19BB0B6,Auth,Business or platform capability discovered from auth in backend/auth_api/ndsp_user_login_gateway.cjs,backend/auth_api/ndsp_user_login_gateway.cjs::auth,ndsp-user-login.service,GET /api/auth/login/health|POST /api/auth/login|POST /api/auth/2fa/login/verify|GET /api/auth/session|GET /api/auth/decision-room-access|POST /api/auth/runtime/usage/consume|GET /api/auth/profile|PUT /api/auth/profile|GET /api/auth/survey/status|POST /api/auth/survey/response|POST /api/auth/events|POST /api/auth/internal/legal-acceptance|POST /api/auth/internal/evidence|POST /api/auth/logout|GET /api/auth/2fa/status|POST /api/auth/2fa/setup|POST /api/auth/2fa/confirm|POST /api/auth/2fa/disable|POST /api/auth/2fa/status|POST /api/auth/2fa/setup/start|POST /api/auth/2fa/setup/confirm|POST /api/auth/2fa/setup/skip|POST /api/auth/2fa/setup/confirm-final|POST /api/auth/2fa/setup/confirm-speakeasy,JSON,CALCULATED_REAL,ADMIN,TRIAL,DISCOVERY_REQUIRED,UI_PARTIAL,REAL_SNAPSHOT,REVIEW_REQUIRED,backend/auth_api/ndsp_user_login_gateway.cjs,DISCOVERY_REQUIRED,2026-07-31T22:08:07Z,origin=LOCAL_ONLY;confidence=HIGH;business_keyword_score=8;quality_filtered=true;human_validation=PENDING;full_power_preservation=REQUIRED;pr026_runtime=PENDING;pr026_missing=SOURCE|TEST|UI;pr026_human_confirmation=REQUIRED;pr026_ui_complete=false
CAP-2A493D97E048,Auth Debug,Business or platform capability discovered from auth_debug in apps/ndsp-governance-bridge/policies/admin_snapshot/tdl_v2_policy_admin.py,apps/ndsp-governance-bridge/policies/admin_snapshot/tdl_v2_policy_admin.py::auth_debug,ndsp-governance-bridge.service,GET /auth-debug|GET /policy|POST /policy|POST /timing/enable|POST /timing/disable|GET /auth-debug|GET /policy|POST /policy|POST /timing/enable|POST /timing/disable,UNKNOWN,DISCOVERY_REQUIRED,ADMIN,ADMIN,DISCOVERY_REQUIRED,UI_PARTIAL,UNKNOWN,REVIEW_REQUIRED,apps/ndsp-governance-bridge/policies/admin_snapshot/tdl_v2_policy_admin.py,DISCOVERY_REQUIRED,2026-07-31T22:08:07Z,origin=LOCAL_ONLY;confidence=HIGH;business_keyword_score=5;quality_filtered=true;human_validation=PENDING;full_power_preservation=REQUIRED;pr025_source_recovery=RECOVERED_FROM_LOCAL;pr025_recovered_paths=apps/ndsp-governance-bridge/policies/admin_snapshot/tdl_v2_policy_admin.py;pr025_human_review=REQUIRED;pr025_ui_complete=false;pr026_runtime=PENDING;pr026_missing=REAL_DATA|CALCULATION|TEST|UI;pr026_human_confirmation=REQUIRED;pr026_ui_complete=false
CAP-28A54C2588CC,Authorize,Business or platform capability discovered from authorize in backend/auth_api/ndsp_admin_actions_bypass_old_middleware.cjs,backend/auth_api/ndsp_admin_actions_bypass_old_middleware.cjs::authorize,ndsp-admin-actions.service,GET /api/admin-actions/users/action/health|POST /api/admin-actions/users/action,JSON,CALCULATED_REAL,ADMIN,TRIAL,DISCOVERY_REQUIRED,UI_PARTIAL,REAL_SNAPSHOT,NON_CANONICAL_OR_STALE,backend/auth_api/ndsp_admin_actions_bypass_old_middleware.cjs,DISCOVERY_REQUIRED,2026-07-31T22:08:07Z,origin=LOCAL_ONLY;confidence=HIGH;business_keyword_score=5;quality_filtered=true;human_validation=PENDING;full_power_preservation=REQUIRED;pr026_runtime=PENDING;pr026_missing=SOURCE|TEST|UI;pr026_human_confirmation=REQUIRED;pr026_ui_complete=false
CAP-A0619F62EEAE,Authorize,Business or platform capability discovered from authorize in backend/auth_api/ndsp_admin_actions_authoritative.cjs,backend/auth_api/ndsp_admin_actions_authoritative.cjs::authorize,ndsp-admin-actions.service,GET /api/admin/users/action/health,JSON,CALCULATED_REAL,ADMIN,TRIAL,DISCOVERY_REQUIRED,UI_PARTIAL,REAL_SNAPSHOT,REVIEW_REQUIRED,backend/auth_api/ndsp_admin_actions_authoritative.cjs,DISCOVERY_REQUIRED,2026-07-31T22:08:07Z,origin=LOCAL_ONLY;confidence=HIGH;business_keyword_score=5;quality_filtered=true;human_validation=PENDING;full_power_preservation=REQUIRED;pr026_runtime=PENDING;pr026_missing=SOURCE|TEST|UI;pr026_human_confirmation=REQUIRED;pr026_ui_complete=false
CAP-3CAAC6E360D3,Authorize Decision Request,Business or platform capability discovered from authorizeDecisionRequest in backend/auth_api/ndsp_platform_gateway_9001.cjs,backend/auth_api/ndsp_platform_gateway_9001.cjs::authorizeDecisionRequest,ndsp-platform-gateway.service,DISCOVERY_REQUIRED,JSON,CALCULATED_REAL,ADMIN,TRIAL,DISCOVERY_REQUIRED,UI_PARTIAL,REAL_SNAPSHOT,REVIEW_REQUIRED,backend/auth_api/ndsp_platform_gateway_9001.cjs,DISCOVERY_REQUIRED,2026-07-31T22:08:07Z,origin=LOCAL_ONLY;confidence=HIGH;business_keyword_score=14;quality_filtered=true;human_validation=PENDING;full_power_preservation=REQUIRED;pr026_runtime=PENDING;pr026_missing=SOURCE|SERVICE|ENDPOINT|TEST|UI;pr026_human_confirmation=REQUIRED;pr026_ui_complete=false
CAP-C92342987A74,Backtest Engine,Business or platform capability discovered from BacktestEngine in backend/app/support_layers/backtest/backtest_engine.py,backend/app/support_layers/backtest/backtest_engine.py::BacktestEngine,DISCOVERY_REQUIRED,DISCOVERY_REQUIRED,UNKNOWN,DISCOVERY_REQUIRED,AUTHENTICATED_USER,REPORTS,DISCOVERY_REQUIRED,UI_PARTIAL,UNKNOWN,REVIEW_REQUIRED,backend/app/support_layers/backtest/backtest_engine.py|docs/99-governance/pr-019-capability-discovery-audit/PR019_ACTIVE_CAPABILITY_CATALOG.json|docs/99-governance/pr-040-p0-batch-03-evidence-closure/PR-040-P0-BATCH-01-EVIDENCE-CLOSURE.md,DISCOVERY_REQUIRED,2026-08-01T09:03:30Z,origin=LOCAL_ONLY;confidence=HIGH;business_keyword_score=8;quality_filtered=true;human_validation=PENDING;full_power_preservation=REQUIRED;pr026_runtime=PENDING;pr026_missing=SOURCE|SERVICE|ENDPOINT|REAL_DATA|TEST|UI;pr026_human_confirmation=REQUIRED;pr026_ui_complete=false;pr040_batch=B03_SERVICE_ENDPOINT_REAL_DATA;pr040_machine_evidence=CLOSED;pr040_evidence_paths=docs/99-governance/pr-019-capability-discovery-audit/PR019_ACTIVE_CAPABILITY_CATALOG.json;pr040_human_confirmation=REQUIRED;pr040_ui_complete=false
CAP-77BC55243F4F,Black Layer Engine,Business or platform capability discovered from BlackLayerEngine in backend/app/support_layers/black_layer/black_layer_engine.py,backend/app/support_layers/black_layer/black_layer_engine.py::BlackLayerEngine,DISCOVERY_REQUIRED,DISCOVERY_REQUIRED,UNKNOWN,DISCOVERY_REQUIRED,USER_OR_ADMIN,UNMAPPED,DISCOVERY_REQUIRED,SOURCE_IDENTIFIED,UNKNOWN,REVIEW_REQUIRED,backend/app/support_layers/black_layer/black_layer_engine.py|docs/99-governance/pr-019-capability-discovery-audit/PR019_ACTIVE_CAPABILITY_CATALOG.json|docs/99-governance/pr-038-p0-batch-02-evidence-closure/PR-038-P0-BATCH-01-EVIDENCE-CLOSURE.md,DISCOVERY_REQUIRED,2026-08-01T02:21:13Z,origin=LOCAL_ONLY;confidence=HIGH;business_keyword_score=5;quality_filtered=true;human_validation=PENDING;full_power_preservation=REQUIRED;pr026_runtime=PENDING;pr026_missing=SOURCE|SERVICE|ENDPOINT|REAL_DATA|TEST|UI;pr026_human_confirmation=REQUIRED;pr026_ui_complete=false;pr038_batch=B02_SERVICE_ENDPOINT_REAL_DATA;pr038_machine_evidence=CLOSED;pr038_evidence_paths=docs/99-governance/pr-019-capability-discovery-audit/PR019_ACTIVE_CAPABILITY_CATALOG.json;pr038_human_confirmation=REQUIRED;pr038_ui_complete=false
CAP-F055FF631E76,Black Layer Quality Effect From State,Business or platform capability discovered from black_layer_quality_effect_from_state in backend/app/support_layers/black_layer/black_layer_engine.py,backend/app/support_layers/black_layer/black_layer_engine.py::black_layer_quality_effect_from_state,DISCOVERY_REQUIRED,DISCOVERY_REQUIRED,UNKNOWN,DISCOVERY_REQUIRED,USER_OR_ADMIN,UNMAPPED,DISCOVERY_REQUIRED,SOURCE_IDENTIFIED,UNKNOWN,REVIEW_REQUIRED,backend/app/support_layers/black_layer/black_layer_engine.py|docs/99-governance/pr-019-capability-discovery-audit/PR019_ACTIVE_CAPABILITY_CATALOG.json|docs/99-governance/pr-042-p0-batch-04-evidence-closure/PR-042-P0-BATCH-04-EVIDENCE-CLOSURE.md,DISCOVERY_REQUIRED,2026-08-01T09:16:54Z,origin=LOCAL_ONLY;confidence=HIGH;business_keyword_score=5;quality_filtered=true;human_validation=PENDING;full_power_preservation=REQUIRED;pr026_runtime=PENDING;pr026_missing=SOURCE|SERVICE|ENDPOINT|REAL_DATA|TEST|UI;pr026_human_confirmation=REQUIRED;pr026_ui_complete=false;pr042_batch=B04_SERVICE_ENDPOINT_REAL_DATA;pr042_machine_evidence=CLOSED;pr042_evidence_paths=docs/99-governance/pr-019-capability-discovery-audit/PR019_ACTIVE_CAPABILITY_CATALOG.json;pr042_human_confirmation=REQUIRED;pr042_ui_complete=false
CAP-F2E85E1A728A,Calculate Total Quality,Business or platform capability discovered from calculate_total_quality in backend/app/support_layers/quality/decision_quality_stack.py,backend/app/support_layers/quality/decision_quality_stack.py::calculate_total_quality,DISCOVERY_REQUIRED,DISCOVERY_REQUIRED,UNKNOWN,DISCOVERY_REQUIRED,USER_OR_ADMIN,UNMAPPED,DISCOVERY_REQUIRED,SOURCE_IDENTIFIED,UNKNOWN,REVIEW_REQUIRED,backend/app/support_layers/quality/decision_quality_stack.py|docs/99-governance/pr-019-capability-discovery-audit/PR019_ACTIVE_CAPABILITY_CATALOG.json|docs/99-governance/pr-042-p0-batch-04-evidence-closure/PR-042-P0-BATCH-04-EVIDENCE-CLOSURE.md,DISCOVERY_REQUIRED,2026-08-01T09:16:54Z,origin=LOCAL_ONLY;confidence=HIGH;business_keyword_score=7;quality_filtered=true;human_validation=PENDING;full_power_preservation=REQUIRED;pr025_source_recovery=RECOVERED_FROM_LOCAL;pr025_recovered_paths=backend/app/support_layers/quality/decision_quality_stack.py;pr025_human_review=REQUIRED;pr025_ui_complete=false;pr026_runtime=PENDING;pr026_missing=SERVICE|ENDPOINT|REAL_DATA|CALCULATION|TEST|UI;pr026_human_confirmation=REQUIRED;pr026_ui_complete=false;pr042_batch=B04_SERVICE_ENDPOINT_REAL_DATA;pr042_machine_evidence=CLOSED;pr042_evidence_paths=docs/99-governance/pr-019-capability-discovery-audit/PR019_ACTIVE_CAPABILITY_CATALOG.json;pr042_human_confirmation=REQUIRED;pr042_ui_complete=false
CAP-F5C7F3807EC2,Canonical Decision Text,Business or platform capability discovered from canonicalDecisionText in frontend/user-portal-vite/src/main.jsx,frontend/user-portal-vite/src/main.jsx::canonicalDecisionText,DISCOVERY_REQUIRED,DISCOVERY_REQUIRED,HTTP_API|JSON,CALCULATED_REAL,AUTHENTICATED_USER,CURRENT_FRONTEND,frontend/user-portal-vite/src/main.jsx,UI_PARTIAL,REAL_LIVE,REVIEW_REQUIRED,frontend/user-portal-vite/src/main.jsx|docs/99-governance/pr-019-capability-discovery-audit/PR019_ACTIVE_CAPABILITY_CATALOG.json|docs/99-governance/pr-046-p0-batch-08-evidence-closure/PR-046-P0-BATCH-08-EVIDENCE-CLOSURE.md,DISCOVERY_REQUIRED,2026-08-01T09:38:52Z,origin=LOCAL_MODIFIED;confidence=HIGH;business_keyword_score=12;quality_filtered=true;human_validation=PENDING;full_power_preservation=REQUIRED;pr026_runtime=PENDING;pr026_missing=SERVICE|ENDPOINT|TEST;pr026_human_confirmation=REQUIRED;pr026_ui_complete=false;pr046_batch=B08_SERVICE_ENDPOINT;pr046_machine_evidence=CLOSED;pr046_evidence_paths=docs/99-governance/pr-019-capability-discovery-audit/PR019_ACTIVE_CAPABILITY_CATALOG.json;pr046_human_confirmation=REQUIRED;pr046_ui_complete=false
CAP-ABBB5A76429B,Cftc Auto Provider,Business or platform capability discovered from cftc_auto_provider in backend/app/support_layers/cot/cftc_auto_provider.py,backend/app/support_layers/cot/cftc_auto_provider.py::cftc_auto_provider,DISCOVERY_REQUIRED,DISCOVERY_REQUIRED,UNKNOWN,DISCOVERY_REQUIRED,USER_OR_ADMIN,REPORTS,DISCOVERY_REQUIRED,UI_PARTIAL,MOCK_ONLY,REVIEW_REQUIRED,backend/app/support_layers/cot/cftc_auto_provider.py|docs/99-governance/pr-019-capability-discovery-audit/PR019_ACTIVE_CAPABILITY_CATALOG.json|docs/99-governance/pr-040-p0-batch-03-evidence-closure/PR-040-P0-BATCH-01-EVIDENCE-CLOSURE.md,DISCOVERY_REQUIRED,2026-08-01T09:03:30Z,origin=LOCAL_ONLY;confidence=MEDIUM;business_keyword_score=4;quality_filtered=true;human_validation=PENDING;full_power_preservation=REQUIRED;pr026_runtime=PENDING;pr026_missing=SOURCE|SERVICE|ENDPOINT|REAL_DATA|CALCULATION|TEST|UI;pr026_human_confirmation=REQUIRED;pr026_ui_complete=false;pr040_batch=B03_SERVICE_ENDPOINT_REAL_DATA;pr040_machine_evidence=CLOSED;pr040_evidence_paths=docs/99-governance/pr-019-capability-discovery-audit/PR019_ACTIVE_CAPABILITY_CATALOG.json;pr040_human_confirmation=REQUIRED;pr040_ui_complete=false
CAP-34C595F25781,Compute Market Positioning,Business or platform capability discovered from compute_market_positioning in backend/app/core/market_positioning.py,backend/app/core/market_positioning.py::compute_market_positioning,DISCOVERY_REQUIRED,DISCOVERY_REQUIRED,UNKNOWN,DISCOVERY_REQUIRED,USER_OR_ADMIN,UNMAPPED,DISCOVERY_REQUIRED,SOURCE_IDENTIFIED,UNKNOWN,REVIEW_REQUIRED,backend/app/core/market_positioning.py|docs/99-governance/pr-019-capability-discovery-audit/PR019_ACTIVE_CAPABILITY_CATALOG.json|docs/99-governance/pr-037-p0-batch-01-evidence-closure/PR-037-P0-BATCH-01-EVIDENCE-CLOSURE.md,DISCOVERY_REQUIRED,2026-08-01T02:15:15Z,origin=LOCAL_ONLY;confidence=HIGH;business_keyword_score=5;quality_filtered=true;human_validation=PENDING;full_power_preservation=REQUIRED;pr026_runtime=PENDING;pr026_missing=SOURCE|SERVICE|ENDPOINT|REAL_DATA|TEST|UI;pr026_human_confirmation=REQUIRED;pr026_ui_complete=false;pr037_batch=B01_SERVICE_ENDPOINT_REAL_DATA;pr037_machine_evidence=CLOSED;pr037_evidence_paths=docs/99-governance/pr-019-capability-discovery-audit/PR019_ACTIVE_CAPABILITY_CATALOG.json;pr037_human_confirmation=REQUIRED;pr037_ui_complete=false
CAP-5F3BB15915F6,Compute Public Quality,Business or platform capability discovered from _compute_public_quality in backend/app/api/decision_quality_public.py,backend/app/api/decision_quality_public.py::_compute_public_quality,DISCOVERY_REQUIRED,GET /api/decision/quality|GET /api/decision/quality,UNKNOWN,DISCOVERY_REQUIRED,PUBLIC,UNMAPPED,DISCOVERY_REQUIRED,SOURCE_IDENTIFIED,UNKNOWN,REVIEW_REQUIRED,backend/app/api/decision_quality_public.py|docs/99-governance/pr-019-capability-discovery-audit/PR019_ACTIVE_CAPABILITY_CATALOG.json|docs/99-governance/pr-047-p0-batch-09-evidence-closure/PR-047-P0-BATCH-09-EVIDENCE-CLOSURE.md,DISCOVERY_REQUIRED,2026-08-01T09:42:28Z,origin=LOCAL_ONLY;confidence=HIGH;business_keyword_score=5;quality_filtered=true;human_validation=PENDING;full_power_preservation=REQUIRED;pr026_runtime=PENDING;pr026_missing=SOURCE|SERVICE|REAL_DATA|TEST|UI;pr026_human_confirmation=REQUIRED;pr026_ui_complete=false;pr047_batch=B09_SERVICE_REAL_DATA;pr047_machine_evidence=CLOSED;pr047_evidence_paths=docs/99-governance/pr-019-capability-discovery-audit/PR019_ACTIVE_CAPABILITY_CATALOG.json;pr047_human_confirmation=REQUIRED;pr047_ui_complete=false
CAP-99BCB7F8D2D9,Compute Tdl Trade Horizon Addons,Business or platform capability discovered from computeTdlTradeHorizonAddons in backend/auth_api/ndsp_tdl_trade_horizon_addons.cjs,backend/auth_api/ndsp_tdl_trade_horizon_addons.cjs::computeTdlTradeHorizonAddons,DISCOVERY_REQUIRED,DISCOVERY_REQUIRED,UNKNOWN,DISCOVERY_REQUIRED,PUBLIC,UNMAPPED,DISCOVERY_REQUIRED,SOURCE_IDENTIFIED,UNKNOWN,REVIEW_REQUIRED,backend/auth_api/ndsp_tdl_trade_horizon_addons.cjs|docs/99-governance/pr-019-capability-discovery-audit/PR019_ACTIVE_CAPABILITY_CATALOG.json|docs/99-governance/pr-038-p0-batch-02-evidence-closure/PR-038-P0-BATCH-01-EVIDENCE-CLOSURE.md,DISCOVERY_REQUIRED,2026-08-01T02:21:13Z,origin=LOCAL_ONLY;confidence=HIGH;business_keyword_score=6;quality_filtered=true;human_validation=PENDING;full_power_preservation=REQUIRED;pr026_runtime=PENDING;pr026_missing=SOURCE|SERVICE|ENDPOINT|REAL_DATA|TEST|UI;pr026_human_confirmation=REQUIRED;pr026_ui_complete=false;pr038_batch=B02_SERVICE_ENDPOINT_REAL_DATA;pr038_machine_evidence=CLOSED;pr038_evidence_paths=docs/99-governance/pr-019-capability-discovery-audit/PR019_ACTIVE_CAPABILITY_CATALOG.json;pr038_human_confirmation=REQUIRED;pr038_ui_complete=false
CAP-CDAA43AE2E9B,Cot Asset Class,Business or platform capability discovered from CotAssetClass in backend/app/support_layers/cot/cot_contracts.py,backend/app/support_layers/cot/cot_contracts.py::CotAssetClass,DISCOVERY_REQUIRED,DISCOVERY_REQUIRED,UNKNOWN,DISCOVERY_REQUIRED,USER_OR_ADMIN,REPORTS,DISCOVERY_REQUIRED,UI_PARTIAL,UNKNOWN,REVIEW_REQUIRED,backend/app/support_layers/cot/cot_contracts.py|docs/99-governance/pr-019-capability-discovery-audit/PR019_ACTIVE_CAPABILITY_CATALOG.json|docs/99-governance/pr-040-p0-batch-03-evidence-closure/PR-040-P0-BATCH-01-EVIDENCE-CLOSURE.md,DISCOVERY_REQUIRED,2026-08-01T09:03:30Z,origin=LOCAL_ONLY;confidence=HIGH;business_keyword_score=2;quality_filtered=true;human_validation=PENDING;full_power_preservation=REQUIRED;pr026_runtime=PENDING;pr026_missing=SOURCE|SERVICE|ENDPOINT|REAL_DATA|CALCULATION|TEST|UI;pr026_human_confirmation=REQUIRED;pr026_ui_complete=false;pr040_batch=B03_SERVICE_ENDPOINT_REAL_DATA;pr040_machine_evidence=CLOSED;pr040_evidence_paths=docs/99-governance/pr-019-capability-discovery-audit/PR019_ACTIVE_CAPABILITY_CATALOG.json;pr040_human_confirmation=REQUIRED;pr040_ui_complete=false
CAP-1103369520D4,Cot Asset Mapping,Business or platform capability discovered from CotAssetMapping in backend/app/support_layers/cot/cot_contracts.py,backend/app/support_layers/cot/cot_contracts.py::CotAssetMapping,DISCOVERY_REQUIRED,DISCOVERY_REQUIRED,UNKNOWN,DISCOVERY_REQUIRED,USER_OR_ADMIN,REPORTS,DISCOVERY_REQUIRED,UI_PARTIAL,UNKNOWN,REVIEW_REQUIRED,backend/app/support_layers/cot/cot_contracts.py|docs/99-governance/pr-019-capability-discovery-audit/PR019_ACTIVE_CAPABILITY_CATALOG.json|docs/99-governance/pr-037-p0-batch-01-evidence-closure/PR-037-P0-BATCH-01-EVIDENCE-CLOSURE.md,DISCOVERY_REQUIRED,2026-08-01T02:15:15Z,origin=LOCAL_ONLY;confidence=HIGH;business_keyword_score=2;quality_filtered=true;human_validation=PENDING;full_power_preservation=REQUIRED;pr026_runtime=PENDING;pr026_missing=SOURCE|SERVICE|ENDPOINT|REAL_DATA|CALCULATION|TEST|UI;pr026_human_confirmation=REQUIRED;pr026_ui_complete=false;pr037_batch=B01_SERVICE_ENDPOINT_REAL_DATA;pr037_machine_evidence=CLOSED;pr037_evidence_paths=docs/99-governance/pr-019-capability-discovery-audit/PR019_ACTIVE_CAPABILITY_CATALOG.json;pr037_human_confirmation=REQUIRED;pr037_ui_complete=false
CAP-EBA92C8CC7A3,Cot Category Position,Business or platform capability discovered from CotCategoryPosition in backend/app/support_layers/cot/cot_contracts.py,backend/app/support_layers/cot/cot_contracts.py::CotCategoryPosition,DISCOVERY_REQUIRED,DISCOVERY_REQUIRED,UNKNOWN,DISCOVERY_REQUIRED,USER_OR_ADMIN,REPORTS,DISCOVERY_REQUIRED,UI_PARTIAL,UNKNOWN,REVIEW_REQUIRED,backend/app/support_layers/cot/cot_contracts.py|docs/99-governance/pr-019-capability-discovery-audit/PR019_ACTIVE_CAPABILITY_CATALOG.json|docs/99-governance/pr-042-p0-batch-04-evidence-closure/PR-042-P0-BATCH-04-EVIDENCE-CLOSURE.md,DISCOVERY_REQUIRED,2026-08-01T09:16:54Z,origin=LOCAL_ONLY;confidence=HIGH;business_keyword_score=2;quality_filtered=true;human_validation=PENDING;full_power_preservation=REQUIRED;pr026_runtime=PENDING;pr026_missing=SOURCE|SERVICE|ENDPOINT|REAL_DATA|CALCULATION|TEST|UI;pr026_human_confirmation=REQUIRED;pr026_ui_complete=false;pr042_batch=B04_SERVICE_ENDPOINT_REAL_DATA;pr042_machine_evidence=CLOSED;pr042_evidence_paths=docs/99-governance/pr-019-capability-discovery-audit/PR019_ACTIVE_CAPABILITY_CATALOG.json;pr042_human_confirmation=REQUIRED;pr042_ui_complete=false
CAP-CDE607434C8D,Cot Direction,Business or platform capability discovered from CotDirection in backend/app/support_layers/cot/cot_contracts.py,backend/app/support_layers/cot/cot_contracts.py::CotDirection,DISCOVERY_REQUIRED,DISCOVERY_REQUIRED,UNKNOWN,DISCOVERY_REQUIRED,USER_OR_ADMIN,REPORTS,DISCOVERY_REQUIRED,UI_PARTIAL,UNKNOWN,REVIEW_REQUIRED,backend/app/support_layers/cot/cot_contracts.py|docs/99-governance/pr-019-capability-discovery-audit/PR019_ACTIVE_CAPABILITY_CATALOG.json|docs/99-governance/pr-040-p0-batch-03-evidence-closure/PR-040-P0-BATCH-01-EVIDENCE-CLOSURE.md,DISCOVERY_REQUIRED,2026-08-01T09:03:30Z,origin=LOCAL_ONLY;confidence=HIGH;business_keyword_score=2;quality_filtered=true;human_validation=PENDING;full_power_preservation=REQUIRED;pr026_runtime=PENDING;pr026_missing=SOURCE|SERVICE|ENDPOINT|REAL_DATA|CALCULATION|TEST|UI;pr026_human_confirmation=REQUIRED;pr026_ui_complete=false;pr040_batch=B03_SERVICE_ENDPOINT_REAL_DATA;pr040_machine_evidence=CLOSED;pr040_evidence_paths=docs/99-governance/pr-019-capability-discovery-audit/PR019_ACTIVE_CAPABILITY_CATALOG.json;pr040_human_confirmation=REQUIRED;pr040_ui_complete=false
CAP-9EBA342E67D3,Cot Group Result,Business or platform capability discovered from CotGroupResult in backend/app/support_layers/cot/cot_contracts.py,backend/app/support_layers/cot/cot_contracts.py::CotGroupResult,DISCOVERY_REQUIRED,DISCOVERY_REQUIRED,UNKNOWN,DISCOVERY_REQUIRED,USER_OR_ADMIN,REPORTS,DISCOVERY_REQUIRED,UI_PARTIAL,UNKNOWN,REVIEW_REQUIRED,backend/app/support_layers/cot/cot_contracts.py|docs/99-governance/pr-019-capability-discovery-audit/PR019_ACTIVE_CAPABILITY_CATALOG.json|docs/99-governance/pr-040-p0-batch-03-evidence-closure/PR-040-P0-BATCH-01-EVIDENCE-CLOSURE.md,DISCOVERY_REQUIRED,2026-08-01T09:03:30Z,origin=LOCAL_ONLY;confidence=HIGH;business_keyword_score=2;quality_filtered=true;human_validation=PENDING;full_power_preservation=REQUIRED;pr026_runtime=PENDING;pr026_missing=SOURCE|SERVICE|ENDPOINT|REAL_DATA|CALCULATION|TEST|UI;pr026_human_confirmation=REQUIRED;pr026_ui_complete=false;pr040_batch=B03_SERVICE_ENDPOINT_REAL_DATA;pr040_machine_evidence=CLOSED;pr040_evidence_paths=docs/99-governance/pr-019-capability-discovery-audit/PR019_ACTIVE_CAPABILITY_CATALOG.json;pr040_human_confirmation=REQUIRED;pr040_ui_complete=false
CAP-A8D7E661F420,Cot Intelligence Engine,Business or platform capability discovered from CotIntelligenceEngine in backend/app/support_layers/cot/cot_engine.py,backend/app/support_layers/cot/cot_engine.py::CotIntelligenceEngine,DISCOVERY_REQUIRED,DISCOVERY_REQUIRED,UNKNOWN,DISCOVERY_REQUIRED,USER_OR_ADMIN,REPORTS,DISCOVERY_REQUIRED,UI_PARTIAL,UNKNOWN,REVIEW_REQUIRED,backend/app/support_layers/cot/cot_engine.py|docs/99-governance/pr-019-capability-discovery-audit/PR019_ACTIVE_CAPABILITY_CATALOG.json|docs/99-governance/pr-040-p0-batch-03-evidence-closure/PR-040-P0-BATCH-01-EVIDENCE-CLOSURE.md,DISCOVERY_REQUIRED,2026-08-01T09:03:30Z,origin=LOCAL_ONLY;confidence=HIGH;business_keyword_score=4;quality_filtered=true;human_validation=PENDING;full_power_preservation=REQUIRED;pr026_runtime=PENDING;pr026_missing=SOURCE|SERVICE|ENDPOINT|REAL_DATA|TEST|UI;pr026_human_confirmation=REQUIRED;pr026_ui_complete=false;pr040_batch=B03_SERVICE_ENDPOINT_REAL_DATA;pr040_machine_evidence=CLOSED;pr040_evidence_paths=docs/99-governance/pr-019-capability-discovery-audit/PR019_ACTIVE_CAPABILITY_CATALOG.json;pr040_human_confirmation=REQUIRED;pr040_ui_complete=false
CAP-03073B90064B,Cot Intelligence Result,Business or platform capability discovered from CotIntelligenceResult in backend/app/support_layers/cot/cot_contracts.py,backend/app/support_layers/cot/cot_contracts.py::CotIntelligenceResult,DISCOVERY_REQUIRED,DISCOVERY_REQUIRED,UNKNOWN,DISCOVERY_REQUIRED,USER_OR_ADMIN,REPORTS,DISCOVERY_REQUIRED,UI_PARTIAL,UNKNOWN,REVIEW_REQUIRED,backend/app/support_layers/cot/cot_contracts.py|docs/99-governance/pr-019-capability-discovery-audit/PR019_ACTIVE_CAPABILITY_CATALOG.json|docs/99-governance/pr-037-p0-batch-01-evidence-closure/PR-037-P0-BATCH-01-EVIDENCE-CLOSURE.md,DISCOVERY_REQUIRED,2026-08-01T02:15:15Z,origin=LOCAL_ONLY;confidence=HIGH;business_keyword_score=2;quality_filtered=true;human_validation=PENDING;full_power_preservation=REQUIRED;pr026_runtime=PENDING;pr026_missing=SOURCE|SERVICE|ENDPOINT|REAL_DATA|CALCULATION|TEST|UI;pr026_human_confirmation=REQUIRED;pr026_ui_complete=false;pr037_batch=B01_SERVICE_ENDPOINT_REAL_DATA;pr037_machine_evidence=CLOSED;pr037_evidence_paths=docs/99-governance/pr-019-capability-discovery-audit/PR019_ACTIVE_CAPABILITY_CATALOG.json;pr037_human_confirmation=REQUIRED;pr037_ui_complete=false
CAP-5784897BCF65,Cot Report Family,Business or platform capability discovered from CotReportFamily in backend/app/support_layers/cot/cot_contracts.py,backend/app/support_layers/cot/cot_contracts.py::CotReportFamily,DISCOVERY_REQUIRED,DISCOVERY_REQUIRED,UNKNOWN,DISCOVERY_REQUIRED,USER_OR_ADMIN,REPORTS,DISCOVERY_REQUIRED,UI_PARTIAL,UNKNOWN,REVIEW_REQUIRED,backend/app/support_layers/cot/cot_contracts.py|docs/99-governance/pr-019-capability-discovery-audit/PR019_ACTIVE_CAPABILITY_CATALOG.json|docs/99-governance/pr-038-p0-batch-02-evidence-closure/PR-038-P0-BATCH-01-EVIDENCE-CLOSURE.md,DISCOVERY_REQUIRED,2026-08-01T02:21:13Z,origin=LOCAL_ONLY;confidence=HIGH;business_keyword_score=2;quality_filtered=true;human_validation=PENDING;full_power_preservation=REQUIRED;pr026_runtime=PENDING;pr026_missing=SOURCE|SERVICE|ENDPOINT|REAL_DATA|CALCULATION|TEST|UI;pr026_human_confirmation=REQUIRED;pr026_ui_complete=false;pr038_batch=B02_SERVICE_ENDPOINT_REAL_DATA;pr038_machine_evidence=CLOSED;pr038_evidence_paths=docs/99-governance/pr-019-capability-discovery-audit/PR019_ACTIVE_CAPABILITY_CATALOG.json;pr038_human_confirmation=REQUIRED;pr038_ui_complete=false
CAP-09BC17001F61,Cot Snapshot,Business or platform capability discovered from CotSnapshot in backend/app/support_layers/cot/cot_contracts.py,backend/app/support_layers/cot/cot_contracts.py::CotSnapshot,DISCOVERY_REQUIRED,DISCOVERY_REQUIRED,UNKNOWN,DISCOVERY_REQUIRED,USER_OR_ADMIN,REPORTS,DISCOVERY_REQUIRED,UI_PARTIAL,UNKNOWN,REVIEW_REQUIRED,backend/app/support_layers/cot/cot_contracts.py|docs/99-governance/pr-019-capability-discovery-audit/PR019_ACTIVE_CAPABILITY_CATALOG.json|docs/99-governance/pr-037-p0-batch-01-evidence-closure/PR-037-P0-BATCH-01-EVIDENCE-CLOSURE.md,DISCOVERY_REQUIRED,2026-08-01T02:15:15Z,origin=LOCAL_ONLY;confidence=HIGH;business_keyword_score=2;quality_filtered=true;human_validation=PENDING;full_power_preservation=REQUIRED;pr026_runtime=PENDING;pr026_missing=SOURCE|SERVICE|ENDPOINT|REAL_DATA|CALCULATION|TEST|UI;pr026_human_confirmation=REQUIRED;pr026_ui_complete=false;pr037_batch=B01_SERVICE_ENDPOINT_REAL_DATA;pr037_machine_evidence=CLOSED;pr037_evidence_paths=docs/99-governance/pr-019-capability-discovery-audit/PR019_ACTIVE_CAPABILITY_CATALOG.json;pr037_human_confirmation=REQUIRED;pr037_ui_complete=false
CAP-C3FB17B62648,Cot Storage,Business or platform capability discovered from CotStorage in backend/app/support_layers/cot/cot_storage.py,backend/app/support_layers/cot/cot_storage.py::CotStorage,DISCOVERY_REQUIRED,DISCOVERY_REQUIRED,JSON,CALCULATED_REAL,USER_OR_ADMIN,REPORTS,DISCOVERY_REQUIRED,UI_PARTIAL,REAL_SNAPSHOT,REVIEW_REQUIRED,backend/app/support_layers/cot/cot_storage.py|docs/99-governance/pr-019-capability-discovery-audit/PR019_ACTIVE_CAPABILITY_CATALOG.json|docs/99-governance/pr-045-p0-batch-07-evidence-closure/PR-045-P0-BATCH-07-EVIDENCE-CLOSURE.md,DISCOVERY_REQUIRED,2026-08-01T09:33:54Z,origin=LOCAL_ONLY;confidence=HIGH;business_keyword_score=5;quality_filtered=true;human_validation=PENDING;full_power_preservation=REQUIRED;pr026_runtime=PENDING;pr026_missing=SOURCE|SERVICE|ENDPOINT|TEST|UI;pr026_human_confirmation=REQUIRED;pr026_ui_complete=false;pr045_batch=B07_SERVICE_ENDPOINT;pr045_machine_evidence=CLOSED;pr045_evidence_paths=docs/99-governance/pr-019-capability-discovery-audit/PR019_ACTIVE_CAPABILITY_CATALOG.json;pr045_human_confirmation=REQUIRED;pr045_ui_complete=false
CAP-97C0885FC638,Count Elite Trial Users,Business or platform capability discovered from count_elite_trial_users in apps/ndsp-governance-bridge/policies/elite_trial_capacity.py,apps/ndsp-governance-bridge/policies/elite_trial_capacity.py::count_elite_trial_users,ndsp-governance-bridge.service,DISCOVERY_REQUIRED,UNKNOWN,DISCOVERY_REQUIRED,USER_OR_ADMIN,TRIAL,DISCOVERY_REQUIRED,UI_PARTIAL,UNKNOWN,REVIEW_REQUIRED,apps/ndsp-governance-bridge/policies/elite_trial_capacity.py|docs/99-governance/pr-019-capability-discovery-audit/PR019_ACTIVE_CAPABILITY_CATALOG.json|docs/99-governance/pr-050-p0-batch-12-evidence-closure/PR-050-P0-BATCH-12-EVIDENCE-CLOSURE.md,DISCOVERY_REQUIRED,2026-08-01T09:54:20Z,origin=LOCAL_ONLY;confidence=HIGH;business_keyword_score=5;quality_filtered=true;human_validation=PENDING;full_power_preservation=REQUIRED;pr026_runtime=PENDING;pr026_missing=SOURCE|ENDPOINT|REAL_DATA|CALCULATION|TEST|UI;pr026_human_confirmation=REQUIRED;pr026_ui_complete=false;pr050_batch=B12_ENDPOINT_REAL_DATA;pr050_machine_evidence=CLOSED;pr050_evidence_paths=docs/99-governance/pr-019-capability-discovery-audit/PR019_ACTIVE_CAPABILITY_CATALOG.json;pr050_human_confirmation=REQUIRED;pr050_ui_complete=false
CAP-7D844F2CA7E4,Create Subscription Payment,Business or platform capability discovered from create_subscription_payment in backend/app/api/compat/nowpayments_create_alias.py,backend/app/api/compat/nowpayments_create_alias.py::create_subscription_payment,DISCOVERY_REQUIRED,GET /api/ndsp/nowpayments-create-alias/health|POST /api/v6/payments/nowpayments/subscription/create|POST /api/payments/nowpayments/subscription/create|GET /api/ndsp/nowpayments-create-alias/health|POST /api/v6/payments/nowpayments/subscription/create|POST /api/payments/nowpayments/subscription/create,JSON|POSTGRES,CALCULATED_REAL,AUTHENTICATED_USER,SUBSCRIPTION,DISCOVERY_REQUIRED,UI_PARTIAL,REAL_SNAPSHOT,REVIEW_REQUIRED,backend/app/api/compat/nowpayments_create_alias.py|docs/99-governance/pr-019-capability-discovery-audit/PR019_ACTIVE_CAPABILITY_CATALOG.json|docs/99-governance/pr-052-p0-batch-14-evidence-closure/PR-052-P0-BATCH-14-EVIDENCE-CLOSURE.md,DISCOVERY_REQUIRED,2026-08-01T10:01:31Z,origin=LOCAL_ONLY;confidence=HIGH;business_keyword_score=4;quality_filtered=true;human_validation=PENDING;full_power_preservation=REQUIRED;pr026_runtime=PENDING;pr026_missing=SOURCE|SERVICE|TEST|UI;pr026_human_confirmation=REQUIRED;pr026_ui_complete=false;pr052_batch=B14_SERVICE_ONLY;pr052_machine_evidence=CLOSED;pr052_evidence_paths=docs/99-governance/pr-019-capability-discovery-audit/PR019_ACTIVE_CAPABILITY_CATALOG.json;pr052_human_confirmation=REQUIRED;pr052_ui_complete=false
CAP-D25A181573FA,Current Authority Key,Business or platform capability discovered from currentAuthorityKey in backend/auth_api/ndsp_tdl_trade_horizon_addons.cjs,backend/auth_api/ndsp_tdl_trade_horizon_addons.cjs::currentAuthorityKey,DISCOVERY_REQUIRED,DISCOVERY_REQUIRED,UNKNOWN,DISCOVERY_REQUIRED,PUBLIC,UNMAPPED,DISCOVERY_REQUIRED,SOURCE_IDENTIFIED,UNKNOWN,REVIEW_REQUIRED,backend/auth_api/ndsp_tdl_trade_horizon_addons.cjs|docs/99-governance/pr-019-capability-discovery-audit/PR019_ACTIVE_CAPABILITY_CATALOG.json|docs/99-governance/pr-040-p0-batch-03-evidence-closure/PR-040-P0-BATCH-01-EVIDENCE-CLOSURE.md,DISCOVERY_REQUIRED,2026-08-01T09:03:30Z,origin=LOCAL_ONLY;confidence=HIGH;business_keyword_score=6;quality_filtered=true;human_validation=PENDING;full_power_preservation=REQUIRED;pr026_runtime=PENDING;pr026_missing=SOURCE|SERVICE|ENDPOINT|REAL_DATA|CALCULATION|TEST|UI;pr026_human_confirmation=REQUIRED;pr026_ui_complete=false;pr040_batch=B03_SERVICE_ENDPOINT_REAL_DATA;pr040_machine_evidence=CLOSED;pr040_evidence_paths=docs/99-governance/pr-019-capability-discovery-audit/PR019_ACTIVE_CAPABILITY_CATALOG.json;pr040_human_confirmation=REQUIRED;pr040_ui_complete=false
CAP-EEA57DDC5CC1,Current User,Business or platform capability discovered from currentUser in backend/ndsp-user-alert-channels/server.js,backend/ndsp-user-alert-channels/server.js::currentUser,ndsp-user-alert-channels.service,DISCOVERY_REQUIRED,JSON,CALCULATED_REAL,PUBLIC,LOGIN,DISCOVERY_REQUIRED,UI_PARTIAL,REAL_SNAPSHOT,REVIEW_REQUIRED,backend/ndsp-user-alert-channels/server.js,DISCOVERY_REQUIRED,2026-07-31T22:08:07Z,origin=LOCAL_ONLY;confidence=HIGH;business_keyword_score=5;quality_filtered=true;human_validation=PENDING;full_power_preservation=REQUIRED;pr026_runtime=PENDING;pr026_missing=SOURCE|ENDPOINT|TEST|UI;pr026_human_confirmation=REQUIRED;pr026_ui_complete=false
CAP-ADD5265540CB,Debug Auth,Business or platform capability discovered from debug_auth in backend/app/api/internal/telegram_routing_internal.py,backend/app/api/internal/telegram_routing_internal.py::debug_auth,DISCOVERY_REQUIRED,GET /debug-auth|GET /debug-db|GET /status|POST /update|POST /test|GET /debug-auth|GET /debug-db|GET /status|POST /update|POST /test,JSON|POSTGRES,CALCULATED_REAL,ADMIN,PASSWORD_RESET,DISCOVERY_REQUIRED,UI_PARTIAL,REAL_SNAPSHOT,REVIEW_REQUIRED,backend/app/api/internal/telegram_routing_internal.py|docs/99-governance/pr-019-capability-discovery-audit/PR019_ACTIVE_CAPABILITY_CATALOG.json|docs/99-governance/pr-052-p0-batch-14-evidence-closure/PR-052-P0-BATCH-14-EVIDENCE-CLOSURE.md,DISCOVERY_REQUIRED,2026-08-01T10:01:31Z,origin=LOCAL_ONLY;confidence=HIGH;business_keyword_score=5;quality_filtered=true;human_validation=PENDING;full_power_preservation=REQUIRED;pr026_runtime=PENDING;pr026_missing=SOURCE|SERVICE|TEST|UI;pr026_human_confirmation=REQUIRED;pr026_ui_complete=false;pr052_batch=B14_SERVICE_ONLY;pr052_machine_evidence=CLOSED;pr052_evidence_paths=docs/99-governance/pr-019-capability-discovery-audit/PR019_ACTIVE_CAPABILITY_CATALOG.json;pr052_human_confirmation=REQUIRED;pr052_ui_complete=false
CAP-F5E96763B830,Debug Auth,Business or platform capability discovered from debug_auth in backend/app/api/admin/telegram_routing_v2.py,backend/app/api/admin/telegram_routing_v2.py::debug_auth,DISCOVERY_REQUIRED,GET /status|POST /update|POST /test|GET /debug-auth|GET /status|POST /update|POST /test|GET /debug-auth,JSON|POSTGRES,CALCULATED_REAL,ADMIN,PASSWORD_RESET,DISCOVERY_REQUIRED,UI_PARTIAL,REAL_SNAPSHOT,REVIEW_REQUIRED,backend/app/api/admin/telegram_routing_v2.py|docs/99-governance/pr-019-capability-discovery-audit/PR019_ACTIVE_CAPABILITY_CATALOG.json|docs/99-governance/pr-053-p0-batch-15-evidence-closure/PR-053-P0-BATCH-15-EVIDENCE-CLOSURE.md,DISCOVERY_REQUIRED,2026-08-01T10:05:11Z,origin=LOCAL_ONLY;confidence=HIGH;business_keyword_score=5;quality_filtered=true;human_validation=PENDING;full_power_preservation=REQUIRED;pr026_runtime=PENDING;pr026_missing=SOURCE|SERVICE|TEST|UI;pr026_human_confirmation=REQUIRED;pr026_ui_complete=false;pr053_batch=B15_SERVICE_ONLY;pr053_machine_evidence=CLOSED;pr053_evidence_paths=docs/99-governance/pr-019-capability-discovery-audit/PR019_ACTIVE_CAPABILITY_CATALOG.json;pr053_human_confirmation=REQUIRED;pr053_ui_complete=false
CAP-0AE3805C7273,Decision Entitlement,Business or platform capability discovered from decisionEntitlement in backend/auth_api/ndsp_user_login_gateway.cjs,backend/auth_api/ndsp_user_login_gateway.cjs::decisionEntitlement,ndsp-user-login.service,GET /api/auth/login/health|POST /api/auth/login|POST /api/auth/2fa/login/verify|GET /api/auth/session|GET /api/auth/decision-room-access|POST /api/auth/runtime/usage/consume|GET /api/auth/profile|PUT /api/auth/profile|GET /api/auth/survey/status|POST /api/auth/survey/response|POST /api/auth/events|POST /api/auth/internal/legal-acceptance|POST /api/auth/internal/evidence|POST /api/auth/logout|GET /api/auth/2fa/status|POST /api/auth/2fa/setup|POST /api/auth/2fa/confirm|POST /api/auth/2fa/disable|POST /api/auth/2fa/status|POST /api/auth/2fa/setup/start|POST /api/auth/2fa/setup/confirm|POST /api/auth/2fa/setup/skip|POST /api/auth/2fa/setup/confirm-final|POST /api/auth/2fa/setup/confirm-speakeasy,JSON,CALCULATED_REAL,ADMIN,TRIAL,DISCOVERY_REQUIRED,UI_PARTIAL,REAL_SNAPSHOT,REVIEW_REQUIRED,backend/auth_api/ndsp_user_login_gateway.cjs,DISCOVERY_REQUIRED,2026-07-31T22:08:07Z,origin=LOCAL_ONLY;confidence=HIGH;business_keyword_score=8;quality_filtered=true;human_validation=PENDING;full_power_preservation=REQUIRED;pr026_runtime=PENDING;pr026_missing=SOURCE|TEST|UI;pr026_human_confirmation=REQUIRED;pr026_ui_complete=false
CAP-2E15AE9B9255,Decision Quality Stack,Business or platform capability discovered from DecisionQualityStack in backend/app/support_layers/quality/decision_quality_stack.py,backend/app/support_layers/quality/decision_quality_stack.py::DecisionQualityStack,DISCOVERY_REQUIRED,DISCOVERY_REQUIRED,UNKNOWN,DISCOVERY_REQUIRED,USER_OR_ADMIN,UNMAPPED,DISCOVERY_REQUIRED,SOURCE_IDENTIFIED,UNKNOWN,REVIEW_REQUIRED,backend/app/support_layers/quality/decision_quality_stack.py|docs/99-governance/pr-019-capability-discovery-audit/PR019_ACTIVE_CAPABILITY_CATALOG.json|docs/99-governance/pr-037-p0-batch-01-evidence-closure/PR-037-P0-BATCH-01-EVIDENCE-CLOSURE.md,DISCOVERY_REQUIRED,2026-08-01T02:15:15Z,origin=LOCAL_ONLY;confidence=HIGH;business_keyword_score=7;quality_filtered=true;human_validation=PENDING;full_power_preservation=REQUIRED;pr025_source_recovery=RECOVERED_FROM_LOCAL;pr025_recovered_paths=backend/app/support_layers/quality/decision_quality_stack.py;pr025_human_review=REQUIRED;pr025_ui_complete=false;pr026_runtime=PENDING;pr026_missing=SERVICE|ENDPOINT|REAL_DATA|CALCULATION|TEST|UI;pr026_human_confirmation=REQUIRED;pr026_ui_complete=false;pr037_batch=B01_SERVICE_ENDPOINT_REAL_DATA;pr037_machine_evidence=CLOSED;pr037_evidence_paths=docs/99-governance/pr-019-capability-discovery-audit/PR019_ACTIVE_CAPABILITY_CATALOG.json;pr037_human_confirmation=REQUIRED;pr037_ui_complete=false
CAP-BAFAADE8019C,Delete User Dependencies,Business or platform capability discovered from deleteUserDependencies in backend/auth_api/ndsp_admin_actions_authoritative.cjs,backend/auth_api/ndsp_admin_actions_authoritative.cjs::deleteUserDependencies,ndsp-admin-actions.service,GET /api/admin/users/action/health,JSON,CALCULATED_REAL,ADMIN,TRIAL,DISCOVERY_REQUIRED,UI_PARTIAL,REAL_SNAPSHOT,REVIEW_REQUIRED,backend/auth_api/ndsp_admin_actions_authoritative.cjs,DISCOVERY_REQUIRED,2026-07-31T22:08:07Z,origin=LOCAL_ONLY;confidence=HIGH;business_keyword_score=5;quality_filtered=true;human_validation=PENDING;full_power_preservation=REQUIRED;pr026_runtime=PENDING;pr026_missing=SOURCE|TEST|UI;pr026_human_confirmation=REQUIRED;pr026_ui_complete=false
CAP-C67E25BE8F61,Deliver Alert,Business or platform capability discovered from deliver_alert in backend/app/support_layers/delivery/ndsp_delivery_interfaces.py,backend/app/support_layers/delivery/ndsp_delivery_interfaces.py::deliver_alert,DISCOVERY_REQUIRED,DISCOVERY_REQUIRED,JSON,CALCULATED_REAL,ADMIN,LOGIN,DISCOVERY_REQUIRED,UI_PARTIAL,REAL_SNAPSHOT,REVIEW_REQUIRED,backend/app/support_layers/delivery/ndsp_delivery_interfaces.py|docs/99-governance/pr-019-capability-discovery-audit/PR019_ACTIVE_CAPABILITY_CATALOG.json|docs/99-governance/pr-045-p0-batch-07-evidence-closure/PR-045-P0-BATCH-07-EVIDENCE-CLOSURE.md,DISCOVERY_REQUIRED,2026-08-01T09:33:54Z,origin=LOCAL_ONLY;confidence=HIGH;business_keyword_score=6;quality_filtered=true;human_validation=PENDING;full_power_preservation=REQUIRED;pr026_runtime=PENDING;pr026_missing=SOURCE|SERVICE|ENDPOINT|TEST|UI;pr026_human_confirmation=REQUIRED;pr026_ui_complete=false;pr045_batch=B07_SERVICE_ENDPOINT;pr045_machine_evidence=CLOSED;pr045_evidence_paths=docs/99-governance/pr-019-capability-discovery-audit/PR019_ACTIVE_CAPABILITY_CATALOG.json;pr045_human_confirmation=REQUIRED;pr045_ui_complete=false
CAP-695108C486EF,Derive Timing Authority,Business or platform capability discovered from derive_timing_authority in apps/ndsp-governance-bridge/policies/tdl_v2_policy.py,apps/ndsp-governance-bridge/policies/tdl_v2_policy.py::derive_timing_authority,ndsp-governance-bridge.service,DISCOVERY_REQUIRED,JSON,CALCULATED_REAL,ADMIN,ADMIN,DISCOVERY_REQUIRED,UI_PARTIAL,REAL_SNAPSHOT,REVIEW_REQUIRED,apps/ndsp-governance-bridge/policies/tdl_v2_policy.py,DISCOVERY_REQUIRED,2026-07-31T22:08:07Z,origin=LOCAL_ONLY;confidence=HIGH;business_keyword_score=7;quality_filtered=true;human_validation=PENDING;full_power_preservation=REQUIRED;pr026_runtime=PENDING;pr026_missing=SOURCE|ENDPOINT|TEST|UI;pr026_human_confirmation=REQUIRED;pr026_ui_complete=false
CAP-9B6A9F665D36,Determine Tdl Authority,Business or platform capability discovered from determine_tdl_authority in backend/app/ndsp_governance/decision_output_policy.py,backend/app/ndsp_governance/decision_output_policy.py::determine_tdl_authority,DISCOVERY_REQUIRED,DISCOVERY_REQUIRED,JSON,CALCULATED_REAL,ADMIN,SUBSCRIPTION,DISCOVERY_REQUIRED,UI_PARTIAL,REAL_SNAPSHOT,REVIEW_REQUIRED,backend/app/ndsp_governance/decision_output_policy.py|docs/99-governance/pr-019-capability-discovery-audit/PR019_ACTIVE_CAPABILITY_CATALOG.json|docs/99-governance/pr-045-p0-batch-07-evidence-closure/PR-045-P0-BATCH-07-EVIDENCE-CLOSURE.md,DISCOVERY_REQUIRED,2026-08-01T09:33:54Z,origin=LOCAL_ONLY;confidence=HIGH;business_keyword_score=14;quality_filtered=true;human_validation=PENDING;full_power_preservation=REQUIRED;pr026_runtime=PENDING;pr026_missing=SOURCE|SERVICE|ENDPOINT|TEST|UI;pr026_human_confirmation=REQUIRED;pr026_ui_complete=false;pr045_batch=B07_SERVICE_ENDPOINT;pr045_machine_evidence=CLOSED;pr045_evidence_paths=docs/99-governance/pr-019-capability-discovery-audit/PR019_ACTIVE_CAPABILITY_CATALOG.json;pr045_human_confirmation=REQUIRED;pr045_ui_complete=false
CAP-64E81F08FD02,Dqsdecision State,Business or platform capability discovered from DQSDecisionState in backend/app/support_layers/quality/decision_quality_stack.py,backend/app/support_layers/quality/decision_quality_stack.py::DQSDecisionState,DISCOVERY_REQUIRED,DISCOVERY_REQUIRED,UNKNOWN,DISCOVERY_REQUIRED,USER_OR_ADMIN,UNMAPPED,DISCOVERY_REQUIRED,SOURCE_IDENTIFIED,UNKNOWN,REVIEW_REQUIRED,backend/app/support_layers/quality/decision_quality_stack.py|docs/99-governance/pr-019-capability-discovery-audit/PR019_ACTIVE_CAPABILITY_CATALOG.json|docs/99-governance/pr-038-p0-batch-02-evidence-closure/PR-038-P0-BATCH-01-EVIDENCE-CLOSURE.md,DISCOVERY_REQUIRED,2026-08-01T02:21:13Z,origin=LOCAL_ONLY;confidence=HIGH;business_keyword_score=7;quality_filtered=true;human_validation=PENDING;full_power_preservation=REQUIRED;pr025_source_recovery=RECOVERED_FROM_LOCAL;pr025_recovered_paths=backend/app/support_layers/quality/decision_quality_stack.py;pr025_human_review=REQUIRED;pr025_ui_complete=false;pr026_runtime=PENDING;pr026_missing=SERVICE|ENDPOINT|REAL_DATA|CALCULATION|TEST|UI;pr026_human_confirmation=REQUIRED;pr026_ui_complete=false;pr038_batch=B02_SERVICE_ENDPOINT_REAL_DATA;pr038_machine_evidence=CLOSED;pr038_evidence_paths=docs/99-governance/pr-019-capability-discovery-audit/PR019_ACTIVE_CAPABILITY_CATALOG.json;pr038_human_confirmation=REQUIRED;pr038_ui_complete=false
CAP-995CB0187474,Dynamic Decision Texts,Business or platform capability discovered from dynamic_decision_texts in backend/ndsp-live-decision-quality/server.py,backend/ndsp-live-decision-quality/server.py::dynamic_decision_texts,ndsp-live-decision-quality.service,GET /api/decision/quality-live|GET /api/decision/quality-live/health|GET /api/decision/quality-live|GET /api/decision/quality-live/health,CSV|JSON,CALCULATED_REAL,PUBLIC,UNMAPPED,DISCOVERY_REQUIRED,SERVICE_CONNECTED,REAL_SNAPSHOT,REVIEW_REQUIRED,backend/ndsp-live-decision-quality/server.py,DISCOVERY_REQUIRED,2026-07-31T22:08:07Z,origin=LOCAL_ONLY;confidence=HIGH;business_keyword_score=9;quality_filtered=true;human_validation=PENDING;full_power_preservation=REQUIRED;pr026_runtime=PENDING;pr026_missing=SOURCE|TEST|UI;pr026_human_confirmation=REQUIRED;pr026_ui_complete=false
CAP-23F2C3CCC368,Enforce Decision Active Governance,Business or platform capability discovered from enforce_decision_active_governance in apps/ndsp-governance-bridge/policies/decision_active_governance.py,apps/ndsp-governance-bridge/policies/decision_active_governance.py::enforce_decision_active_governance,ndsp-governance-bridge.service,DISCOVERY_REQUIRED,UNKNOWN,DISCOVERY_REQUIRED,USER_OR_ADMIN,UNMAPPED,DISCOVERY_REQUIRED,SERVICE_CONNECTED,UNKNOWN,REVIEW_REQUIRED,apps/ndsp-governance-bridge/policies/decision_active_governance.py|docs/99-governance/pr-019-capability-discovery-audit/PR019_ACTIVE_CAPABILITY_CATALOG.json|docs/99-governance/pr-050-p0-batch-12-evidence-closure/PR-050-P0-BATCH-12-EVIDENCE-CLOSURE.md,DISCOVERY_REQUIRED,2026-08-01T09:54:20Z,origin=LOCAL_ONLY;confidence=HIGH;business_keyword_score=3;quality_filtered=true;human_validation=PENDING;full_power_preservation=REQUIRED;pr026_runtime=PENDING;pr026_missing=SOURCE|ENDPOINT|REAL_DATA|CALCULATION|TEST|UI;pr026_human_confirmation=REQUIRED;pr026_ui_complete=false;pr050_batch=B12_ENDPOINT_REAL_DATA;pr050_machine_evidence=CLOSED;pr050_evidence_paths=docs/99-governance/pr-019-capability-discovery-audit/PR019_ACTIVE_CAPABILITY_CATALOG.json;pr050_human_confirmation=REQUIRED;pr050_ui_complete=false
CAP-D109F092339F,Enforce Elite Trial Capacity,Business or platform capability discovered from enforce_elite_trial_capacity in apps/ndsp-governance-bridge/policies/elite_trial_capacity.py,apps/ndsp-governance-bridge/policies/elite_trial_capacity.py::enforce_elite_trial_capacity,ndsp-governance-bridge.service,DISCOVERY_REQUIRED,UNKNOWN,DISCOVERY_REQUIRED,USER_OR_ADMIN,TRIAL,DISCOVERY_REQUIRED,UI_PARTIAL,UNKNOWN,REVIEW_REQUIRED,apps/ndsp-governance-bridge/policies/elite_trial_capacity.py|docs/99-governance/pr-019-capability-discovery-audit/PR019_ACTIVE_CAPABILITY_CATALOG.json|docs/99-governance/pr-051-p0-batch-13-evidence-closure/PR-051-P0-BATCH-13-EVIDENCE-CLOSURE.md,DISCOVERY_REQUIRED,2026-08-01T09:58:13Z,origin=LOCAL_ONLY;confidence=HIGH;business_keyword_score=5;quality_filtered=true;human_validation=PENDING;full_power_preservation=REQUIRED;pr026_runtime=PENDING;pr026_missing=SOURCE|ENDPOINT|REAL_DATA|CALCULATION|TEST|UI;pr026_human_confirmation=REQUIRED;pr026_ui_complete=false;pr051_batch=B13_ENDPOINT_REAL_DATA;pr051_machine_evidence=CLOSED;pr051_evidence_paths=docs/99-governance/pr-019-capability-discovery-audit/PR019_ACTIVE_CAPABILITY_CATALOG.json;pr051_human_confirmation=REQUIRED;pr051_ui_complete=false
CAP-CFD935E857CB,Enforce Governance Runtime,Business or platform capability discovered from enforce_governance_runtime in apps/ndsp-governance-bridge/policies/governance_runtime.py,apps/ndsp-governance-bridge/policies/governance_runtime.py::enforce_governance_runtime,ndsp-governance-bridge.service,DISCOVERY_REQUIRED,UNKNOWN,DISCOVERY_REQUIRED,PUBLIC,UNMAPPED,DISCOVERY_REQUIRED,SERVICE_CONNECTED,UNKNOWN,REVIEW_REQUIRED,apps/ndsp-governance-bridge/policies/governance_runtime.py|docs/99-governance/pr-019-capability-discovery-audit/PR019_ACTIVE_CAPABILITY_CATALOG.json|docs/99-governance/pr-051-p0-batch-13-evidence-closure/PR-051-P0-BATCH-13-EVIDENCE-CLOSURE.md,DISCOVERY_REQUIRED,2026-08-01T09:58:13Z,origin=LOCAL_ONLY;confidence=HIGH;business_keyword_score=10;quality_filtered=true;human_validation=PENDING;full_power_preservation=REQUIRED;pr026_runtime=PENDING;pr026_missing=SOURCE|ENDPOINT|REAL_DATA|CALCULATION|TEST|UI;pr026_human_confirmation=REQUIRED;pr026_ui_complete=false;pr051_batch=B13_ENDPOINT_REAL_DATA;pr051_machine_evidence=CLOSED;pr051_evidence_paths=docs/99-governance/pr-019-capability-discovery-audit/PR019_ACTIVE_CAPABILITY_CATALOG.json;pr051_human_confirmation=REQUIRED;pr051_ui_complete=false
CAP-61D78BDE704F,Ensure Governance Mode File,Business or platform capability discovered from ensure_governance_mode_file in apps/ndsp-governance-bridge/policies/ndsp_governance_mode.py,apps/ndsp-governance-bridge/policies/ndsp_governance_mode.py::ensure_governance_mode_file,ndsp-governance-bridge.service,DISCOVERY_REQUIRED,JSON,CALCULATED_REAL,PUBLIC,UNMAPPED,DISCOVERY_REQUIRED,SERVICE_CONNECTED,REAL_SNAPSHOT,REVIEW_REQUIRED,apps/ndsp-governance-bridge/policies/ndsp_governance_mode.py,DISCOVERY_REQUIRED,2026-07-31T22:08:07Z,origin=LOCAL_ONLY;confidence=HIGH;business_keyword_score=5;quality_filtered=true;human_validation=PENDING;full_power_preservation=REQUIRED;pr026_runtime=PENDING;pr026_missing=SOURCE|ENDPOINT|TEST|UI;pr026_human_confirmation=REQUIRED;pr026_ui_complete=false
CAP-9A22FC96CE2A,Evaluate L13 Quality Stack,Business or platform capability discovered from evaluate_l13_quality_stack in backend/ndsp_latest_16_layers_logic_functions.py,backend/ndsp_latest_16_layers_logic_functions.py::evaluate_l13_quality_stack,DISCOVERY_REQUIRED,DISCOVERY_REQUIRED,JSON,CALCULATED_REAL,AUTHENTICATED_USER,REPORTS,DISCOVERY_REQUIRED,UI_PARTIAL,REAL_SNAPSHOT,REVIEW_REQUIRED,backend/ndsp_latest_16_layers_logic_functions.py|docs/99-governance/pr-019-capability-discovery-audit/PR019_ACTIVE_CAPABILITY_CATALOG.json|docs/99-governance/pr-045-p0-batch-07-evidence-closure/PR-045-P0-BATCH-07-EVIDENCE-CLOSURE.md,DISCOVERY_REQUIRED,2026-08-01T09:33:54Z,origin=LOCAL_ONLY;confidence=HIGH;business_keyword_score=17;quality_filtered=true;human_validation=PENDING;full_power_preservation=REQUIRED;pr026_runtime=PENDING;pr026_missing=SOURCE|SERVICE|ENDPOINT|TEST|UI;pr026_human_confirmation=REQUIRED;pr026_ui_complete=false;pr045_batch=B07_SERVICE_ENDPOINT;pr045_machine_evidence=CLOSED;pr045_evidence_paths=docs/99-governance/pr-019-capability-discovery-audit/PR019_ACTIVE_CAPABILITY_CATALOG.json;pr045_human_confirmation=REQUIRED;pr045_ui_complete=false
CAP-1D1AD9752E92,Evaluate L14 Risk Governance,Business or platform capability discovered from evaluate_l14_risk_governance in backend/ndsp_latest_16_layers_logic_functions.py,backend/ndsp_latest_16_layers_logic_functions.py::evaluate_l14_risk_governance,DISCOVERY_REQUIRED,DISCOVERY_REQUIRED,JSON,CALCULATED_REAL,AUTHENTICATED_USER,REPORTS,DISCOVERY_REQUIRED,UI_PARTIAL,REAL_SNAPSHOT,REVIEW_REQUIRED,backend/ndsp_latest_16_layers_logic_functions.py|docs/99-governance/pr-019-capability-discovery-audit/PR019_ACTIVE_CAPABILITY_CATALOG.json|docs/99-governance/pr-044-p0-batch-06-evidence-closure/PR-044-P0-BATCH-06-EVIDENCE-CLOSURE.md,DISCOVERY_REQUIRED,2026-08-01T09:26:57Z,origin=LOCAL_ONLY;confidence=HIGH;business_keyword_score=17;quality_filtered=true;human_validation=PENDING;full_power_preservation=REQUIRED;pr026_runtime=PENDING;pr026_missing=SOURCE|SERVICE|ENDPOINT|TEST|UI;pr026_human_confirmation=REQUIRED;pr026_ui_complete=false;pr044_batch=B06_SERVICE_ENDPOINT;pr044_machine_evidence=CLOSED;pr044_evidence_paths=docs/99-governance/pr-019-capability-discovery-audit/PR019_ACTIVE_CAPABILITY_CATALOG.json;pr044_human_confirmation=REQUIRED;pr044_ui_complete=false
CAP-344E17716BB9,Evaluate L15 Final Decision,Business or platform capability discovered from evaluate_l15_final_decision in backend/ndsp_latest_16_layers_logic_functions.py,backend/ndsp_latest_16_layers_logic_functions.py::evaluate_l15_final_decision,DISCOVERY_REQUIRED,DISCOVERY_REQUIRED,JSON,CALCULATED_REAL,AUTHENTICATED_USER,REPORTS,DISCOVERY_REQUIRED,UI_PARTIAL,REAL_SNAPSHOT,REVIEW_REQUIRED,backend/ndsp_latest_16_layers_logic_functions.py|docs/99-governance/pr-019-capability-discovery-audit/PR019_ACTIVE_CAPABILITY_CATALOG.json|docs/99-governance/pr-044-p0-batch-06-evidence-closure/PR-044-P0-BATCH-06-EVIDENCE-CLOSURE.md,DISCOVERY_REQUIRED,2026-08-01T09:26:57Z,origin=LOCAL_ONLY;confidence=HIGH;business_keyword_score=17;quality_filtered=true;human_validation=PENDING;full_power_preservation=REQUIRED;pr026_runtime=PENDING;pr026_missing=SOURCE|SERVICE|ENDPOINT|TEST|UI;pr026_human_confirmation=REQUIRED;pr026_ui_complete=false;pr044_batch=B06_SERVICE_ENDPOINT;pr044_machine_evidence=CLOSED;pr044_evidence_paths=docs/99-governance/pr-019-capability-discovery-audit/PR019_ACTIVE_CAPABILITY_CATALOG.json;pr044_human_confirmation=REQUIRED;pr044_ui_complete=false
CAP-0AB187B5D320,Evaluate L16 Scenario Alerts,Business or platform capability discovered from evaluate_l16_scenario_alerts in backend/ndsp_latest_16_layers_logic_functions.py,backend/ndsp_latest_16_layers_logic_functions.py::evaluate_l16_scenario_alerts,DISCOVERY_REQUIRED,DISCOVERY_REQUIRED,JSON,CALCULATED_REAL,AUTHENTICATED_USER,REPORTS,DISCOVERY_REQUIRED,UI_PARTIAL,REAL_SNAPSHOT,REVIEW_REQUIRED,backend/ndsp_latest_16_layers_logic_functions.py|docs/99-governance/pr-019-capability-discovery-audit/PR019_ACTIVE_CAPABILITY_CATALOG.json|docs/99-governance/pr-044-p0-batch-06-evidence-closure/PR-044-P0-BATCH-06-EVIDENCE-CLOSURE.md,DISCOVERY_REQUIRED,2026-08-01T09:26:57Z,origin=LOCAL_ONLY;confidence=HIGH;business_keyword_score=17;quality_filtered=true;human_validation=PENDING;full_power_preservation=REQUIRED;pr026_runtime=PENDING;pr026_missing=SOURCE|SERVICE|ENDPOINT|TEST|UI;pr026_human_confirmation=REQUIRED;pr026_ui_complete=false;pr044_batch=B06_SERVICE_ENDPOINT;pr044_machine_evidence=CLOSED;pr044_evidence_paths=docs/99-governance/pr-019-capability-discovery-audit/PR019_ACTIVE_CAPABILITY_CATALOG.json;pr044_human_confirmation=REQUIRED;pr044_ui_complete=false
CAP-D23D3D3D1D06,Evaluate L4 Cot Manager,Business or platform capability discovered from evaluate_l4_cot_manager in backend/ndsp_latest_16_layers_logic_functions.py,backend/ndsp_latest_16_layers_logic_functions.py::evaluate_l4_cot_manager,DISCOVERY_REQUIRED,DISCOVERY_REQUIRED,JSON,CALCULATED_REAL,AUTHENTICATED_USER,REPORTS,DISCOVERY_REQUIRED,UI_PARTIAL,REAL_SNAPSHOT,REVIEW_REQUIRED,backend/ndsp_latest_16_layers_logic_functions.py|docs/99-governance/pr-019-capability-discovery-audit/PR019_ACTIVE_CAPABILITY_CATALOG.json|docs/99-governance/pr-045-p0-batch-07-evidence-closure/PR-045-P0-BATCH-07-EVIDENCE-CLOSURE.md,DISCOVERY_REQUIRED,2026-08-01T09:33:54Z,origin=LOCAL_ONLY;confidence=HIGH;business_keyword_score=17;quality_filtered=true;human_validation=PENDING;full_power_preservation=REQUIRED;pr026_runtime=PENDING;pr026_missing=SOURCE|SERVICE|ENDPOINT|TEST|UI;pr026_human_confirmation=REQUIRED;pr026_ui_complete=false;pr045_batch=B07_SERVICE_ENDPOINT;pr045_machine_evidence=CLOSED;pr045_evidence_paths=docs/99-governance/pr-019-capability-discovery-audit/PR019_ACTIVE_CAPABILITY_CATALOG.json;pr045_human_confirmation=REQUIRED;pr045_ui_complete=false
CAP-4F8F0E4D1785,Evaluate Market Positioning,Business or platform capability discovered from evaluate_market_positioning in backend/app/core/market_positioning.py,backend/app/core/market_positioning.py::evaluate_market_positioning,DISCOVERY_REQUIRED,DISCOVERY_REQUIRED,UNKNOWN,DISCOVERY_REQUIRED,USER_OR_ADMIN,UNMAPPED,DISCOVERY_REQUIRED,SOURCE_IDENTIFIED,UNKNOWN,REVIEW_REQUIRED,backend/app/core/market_positioning.py|docs/99-governance/pr-019-capability-discovery-audit/PR019_ACTIVE_CAPABILITY_CATALOG.json|docs/99-governance/pr-037-p0-batch-01-evidence-closure/PR-037-P0-BATCH-01-EVIDENCE-CLOSURE.md,DISCOVERY_REQUIRED,2026-08-01T02:15:15Z,origin=LOCAL_ONLY;confidence=HIGH;business_keyword_score=5;quality_filtered=true;human_validation=PENDING;full_power_preservation=REQUIRED;pr026_runtime=PENDING;pr026_missing=SOURCE|SERVICE|ENDPOINT|REAL_DATA|CALCULATION|TEST|UI;pr026_human_confirmation=REQUIRED;pr026_ui_complete=false;pr037_batch=B01_SERVICE_ENDPOINT_REAL_DATA;pr037_machine_evidence=CLOSED;pr037_evidence_paths=docs/99-governance/pr-019-capability-discovery-audit/PR019_ACTIVE_CAPABILITY_CATALOG.json;pr037_human_confirmation=REQUIRED;pr037_ui_complete=false
CAP-20A8CAD9D6A1,Execution Webhook Bridge,Business or platform capability discovered from execution_webhook_bridge in backend/app/services/execution_webhook_bridge.py,backend/app/services/execution_webhook_bridge.py::execution_webhook_bridge,DISCOVERY_REQUIRED,DISCOVERY_REQUIRED,JSON,CALCULATED_REAL,USER_OR_ADMIN,UNMAPPED,DISCOVERY_REQUIRED,SOURCE_IDENTIFIED,REAL_SNAPSHOT,REVIEW_REQUIRED,backend/app/services/execution_webhook_bridge.py|docs/99-governance/pr-019-capability-discovery-audit/PR019_ACTIVE_CAPABILITY_CATALOG.json|docs/99-governance/pr-044-p0-batch-06-evidence-closure/PR-044-P0-BATCH-06-EVIDENCE-CLOSURE.md,DISCOVERY_REQUIRED,2026-08-01T09:26:57Z,origin=LOCAL_ONLY;confidence=MEDIUM;business_keyword_score=5;quality_filtered=true;human_validation=PENDING;full_power_preservation=REQUIRED;pr026_runtime=PENDING;pr026_missing=SOURCE|SERVICE|ENDPOINT|TEST|UI;pr026_human_confirmation=REQUIRED;pr026_ui_complete=false;pr044_batch=B06_SERVICE_ENDPOINT;pr044_machine_evidence=CLOSED;pr044_evidence_paths=docs/99-governance/pr-019-capability-discovery-audit/PR019_ACTIVE_CAPABILITY_CATALOG.json;pr044_human_confirmation=REQUIRED;pr044_ui_complete=false
CAP-4B97F41DF526,Feature Gate,Business or platform capability discovered from feature_gate in apps/ndsp-governance-bridge/policies/feature_gate.py,apps/ndsp-governance-bridge/policies/feature_gate.py::feature_gate,ndsp-governance-bridge.service,DISCOVERY_REQUIRED,UNKNOWN,DISCOVERY_REQUIRED,USER_OR_ADMIN,UNMAPPED,DISCOVERY_REQUIRED,SERVICE_CONNECTED,UNKNOWN,REVIEW_REQUIRED,apps/ndsp-governance-bridge/policies/feature_gate.py|docs/99-governance/pr-019-capability-discovery-audit/PR019_ACTIVE_CAPABILITY_CATALOG.json|docs/99-governance/pr-050-p0-batch-12-evidence-closure/PR-050-P0-BATCH-12-EVIDENCE-CLOSURE.md,DISCOVERY_REQUIRED,2026-08-01T09:54:20Z,origin=LOCAL_ONLY;confidence=MEDIUM;business_keyword_score=4;quality_filtered=true;human_validation=PENDING;full_power_preservation=REQUIRED;pr026_runtime=PENDING;pr026_missing=SOURCE|ENDPOINT|REAL_DATA|CALCULATION|TEST|UI;pr026_human_confirmation=REQUIRED;pr026_ui_complete=false;pr050_batch=B12_ENDPOINT_REAL_DATA;pr050_machine_evidence=CLOSED;pr050_evidence_paths=docs/99-governance/pr-019-capability-discovery-audit/PR019_ACTIVE_CAPABILITY_CATALOG.json;pr050_human_confirmation=REQUIRED;pr050_ui_complete=false
CAP-4B44E1521757,Find Quality,Business or platform capability discovered from _find_quality in backend/app/api/ndsp_public_quality_unique.py,backend/app/api/ndsp_public_quality_unique.py::_find_quality,DISCOVERY_REQUIRED,GET /api/ndsp/public/decision-quality|GET /api/ndsp/public/decision-quality,UNKNOWN,DISCOVERY_REQUIRED,PUBLIC,UNMAPPED,DISCOVERY_REQUIRED,SOURCE_IDENTIFIED,UNKNOWN,REVIEW_REQUIRED,backend/app/api/ndsp_public_quality_unique.py|docs/99-governance/pr-019-capability-discovery-audit/PR019_ACTIVE_CAPABILITY_CATALOG.json|docs/99-governance/pr-047-p0-batch-09-evidence-closure/PR-047-P0-BATCH-09-EVIDENCE-CLOSURE.md,DISCOVERY_REQUIRED,2026-08-01T09:42:28Z,origin=LOCAL_ONLY;confidence=HIGH;business_keyword_score=5;quality_filtered=true;human_validation=PENDING;full_power_preservation=REQUIRED;pr026_runtime=PENDING;pr026_missing=SOURCE|SERVICE|REAL_DATA|CALCULATION|TEST|UI;pr026_human_confirmation=REQUIRED;pr026_ui_complete=false;pr047_batch=B09_SERVICE_REAL_DATA;pr047_machine_evidence=CLOSED;pr047_evidence_paths=docs/99-governance/pr-019-capability-discovery-audit/PR019_ACTIVE_CAPABILITY_CATALOG.json;pr047_human_confirmation=REQUIRED;pr047_ui_complete=false
CAP-B9C3A591EABA,Find Quality,Business or platform capability discovered from _find_quality in backend/app/api/decision_quality_public.py,backend/app/api/decision_quality_public.py::_find_quality,DISCOVERY_REQUIRED,GET /api/decision/quality|GET /api/decision/quality,UNKNOWN,DISCOVERY_REQUIRED,PUBLIC,UNMAPPED,DISCOVERY_REQUIRED,SOURCE_IDENTIFIED,UNKNOWN,REVIEW_REQUIRED,backend/app/api/decision_quality_public.py|docs/99-governance/pr-019-capability-discovery-audit/PR019_ACTIVE_CAPABILITY_CATALOG.json|docs/99-governance/pr-047-p0-batch-09-evidence-closure/PR-047-P0-BATCH-09-EVIDENCE-CLOSURE.md,DISCOVERY_REQUIRED,2026-08-01T09:42:28Z,origin=LOCAL_ONLY;confidence=HIGH;business_keyword_score=5;quality_filtered=true;human_validation=PENDING;full_power_preservation=REQUIRED;pr026_runtime=PENDING;pr026_missing=SOURCE|SERVICE|REAL_DATA|CALCULATION|TEST|UI;pr026_human_confirmation=REQUIRED;pr026_ui_complete=false;pr047_batch=B09_SERVICE_REAL_DATA;pr047_machine_evidence=CLOSED;pr047_evidence_paths=docs/99-governance/pr-019-capability-discovery-audit/PR019_ACTIVE_CAPABILITY_CATALOG.json;pr047_human_confirmation=REQUIRED;pr047_ui_complete=false
CAP-F1DC3D02D328,Find Users Table,Business or platform capability discovered from findUsersTable in backend/ndsp-user-alert-channels/server.js,backend/ndsp-user-alert-channels/server.js::findUsersTable,ndsp-user-alert-channels.service,DISCOVERY_REQUIRED,JSON,CALCULATED_REAL,PUBLIC,LOGIN,DISCOVERY_REQUIRED,UI_PARTIAL,REAL_SNAPSHOT,REVIEW_REQUIRED,backend/ndsp-user-alert-channels/server.js,DISCOVERY_REQUIRED,2026-07-31T22:08:07Z,origin=LOCAL_ONLY;confidence=HIGH;business_keyword_score=5;quality_filtered=true;human_validation=PENDING;full_power_preservation=REQUIRED;pr026_runtime=PENDING;pr026_missing=SOURCE|ENDPOINT|TEST|UI;pr026_human_confirmation=REQUIRED;pr026_ui_complete=false
CAP-EAFDBC235B37,Format Market Timestamp,Business or platform capability discovered from formatMarketTimestamp in frontend/user-portal-vite/src/main.jsx,frontend/user-portal-vite/src/main.jsx::formatMarketTimestamp,DISCOVERY_REQUIRED,DISCOVERY_REQUIRED,HTTP_API|JSON,CALCULATED_REAL,AUTHENTICATED_USER,CURRENT_FRONTEND,frontend/user-portal-vite/src/main.jsx,UI_PARTIAL,REAL_LIVE,REVIEW_REQUIRED,frontend/user-portal-vite/src/main.jsx|docs/99-governance/pr-019-capability-discovery-audit/PR019_ACTIVE_CAPABILITY_CATALOG.json|docs/99-governance/pr-046-p0-batch-08-evidence-closure/PR-046-P0-BATCH-08-EVIDENCE-CLOSURE.md,DISCOVERY_REQUIRED,2026-08-01T09:38:52Z,origin=LOCAL_MODIFIED;confidence=HIGH;business_keyword_score=12;quality_filtered=true;human_validation=PENDING;full_power_preservation=REQUIRED;pr026_runtime=PENDING;pr026_missing=SERVICE|ENDPOINT|TEST;pr026_human_confirmation=REQUIRED;pr026_ui_complete=false;pr046_batch=B08_SERVICE_ENDPOINT;pr046_machine_evidence=CLOSED;pr046_evidence_paths=docs/99-governance/pr-019-capability-discovery-audit/PR019_ACTIVE_CAPABILITY_CATALOG.json;pr046_human_confirmation=REQUIRED;pr046_ui_complete=false
CAP-3836195F0EC6,Forward To Trial Gateway,Business or platform capability discovered from forwardToTrialGateway in backend/auth_api/ndsp_trial_fingerprint_guard_proxy.cjs,backend/auth_api/ndsp_trial_fingerprint_guard_proxy.cjs::forwardToTrialGateway,ndsp-trial-fingerprint-guard.service,DISCOVERY_REQUIRED,JSON|POSTGRES,CALCULATED_REAL,PUBLIC,TRIAL,DISCOVERY_REQUIRED,UI_PARTIAL,REAL_SNAPSHOT,REVIEW_REQUIRED,backend/auth_api/ndsp_trial_fingerprint_guard_proxy.cjs,DISCOVERY_REQUIRED,2026-07-31T22:08:07Z,origin=LOCAL_ONLY;confidence=HIGH;business_keyword_score=4;quality_filtered=true;human_validation=PENDING;full_power_preservation=REQUIRED;pr026_runtime=PENDING;pr026_missing=SOURCE|ENDPOINT|TEST|UI;pr026_human_confirmation=REQUIRED;pr026_ui_complete=false
CAP-571585E11A87,Gateway Auth Me,Business or platform capability discovered from gatewayAuthMe in backend/ndsp-user-alert-channels/server.js,backend/ndsp-user-alert-channels/server.js::gatewayAuthMe,ndsp-user-alert-channels.service,DISCOVERY_REQUIRED,JSON,CALCULATED_REAL,PUBLIC,LOGIN,DISCOVERY_REQUIRED,UI_PARTIAL,REAL_SNAPSHOT,REVIEW_REQUIRED,backend/ndsp-user-alert-channels/server.js,DISCOVERY_REQUIRED,2026-07-31T22:08:07Z,origin=LOCAL_ONLY;confidence=HIGH;business_keyword_score=5;quality_filtered=true;human_validation=PENDING;full_power_preservation=REQUIRED;pr026_runtime=PENDING;pr026_missing=SOURCE|ENDPOINT|TEST|UI;pr026_human_confirmation=REQUIRED;pr026_ui_complete=false
CAP-3A7CE980BBA5,Get Authority Signs,Business or platform capability discovered from getAuthoritySigns in backend/auth_api/ndsp_tdl_trade_horizon_addons.cjs,backend/auth_api/ndsp_tdl_trade_horizon_addons.cjs::getAuthoritySigns,DISCOVERY_REQUIRED,DISCOVERY_REQUIRED,UNKNOWN,DISCOVERY_REQUIRED,PUBLIC,UNMAPPED,DISCOVERY_REQUIRED,SOURCE_IDENTIFIED,UNKNOWN,REVIEW_REQUIRED,backend/auth_api/ndsp_tdl_trade_horizon_addons.cjs|docs/99-governance/pr-019-capability-discovery-audit/PR019_ACTIVE_CAPABILITY_CATALOG.json|docs/99-governance/pr-037-p0-batch-01-evidence-closure/PR-037-P0-BATCH-01-EVIDENCE-CLOSURE.md,DISCOVERY_REQUIRED,2026-08-01T02:15:15Z,origin=LOCAL_ONLY;confidence=HIGH;business_keyword_score=6;quality_filtered=true;human_validation=PENDING;full_power_preservation=REQUIRED;pr026_runtime=PENDING;pr026_missing=SOURCE|SERVICE|ENDPOINT|REAL_DATA|CALCULATION|TEST|UI;pr026_human_confirmation=REQUIRED;pr026_ui_complete=false;pr037_batch=B01_SERVICE_ENDPOINT_REAL_DATA;pr037_machine_evidence=CLOSED;pr037_evidence_paths=docs/99-governance/pr-019-capability-discovery-audit/PR019_ACTIVE_CAPABILITY_CATALOG.json;pr037_human_confirmation=REQUIRED;pr037_ui_complete=false
CAP-793DD4598CE0,Get Market Payload,Business or platform capability discovered from getMarketPayload in backend/ndsp_scenario_levels_adapter.cjs,backend/ndsp_scenario_levels_adapter.cjs::getMarketPayload,ndsp-scenario-levels-adapter.service,DISCOVERY_REQUIRED,JSON,CALCULATED_REAL,USER_OR_ADMIN,UNMAPPED,DISCOVERY_REQUIRED,SERVICE_CONNECTED,REAL_SNAPSHOT,REVIEW_REQUIRED,backend/ndsp_scenario_levels_adapter.cjs,DISCOVERY_REQUIRED,2026-07-31T22:08:07Z,origin=LOCAL_ONLY;confidence=HIGH;business_keyword_score=2;quality_filtered=true;human_validation=PENDING;full_power_preservation=REQUIRED;pr026_runtime=PENDING;pr026_missing=SOURCE|ENDPOINT|TEST|UI;pr026_human_confirmation=REQUIRED;pr026_ui_complete=false
CAP-DC15995EDA27,Get Market Positioning,Business or platform capability discovered from get_market_positioning in backend/app/core/market_positioning.py,backend/app/core/market_positioning.py::get_market_positioning,DISCOVERY_REQUIRED,DISCOVERY_REQUIRED,UNKNOWN,DISCOVERY_REQUIRED,USER_OR_ADMIN,UNMAPPED,DISCOVERY_REQUIRED,SOURCE_IDENTIFIED,UNKNOWN,REVIEW_REQUIRED,backend/app/core/market_positioning.py|docs/99-governance/pr-019-capability-discovery-audit/PR019_ACTIVE_CAPABILITY_CATALOG.json|docs/99-governance/pr-042-p0-batch-04-evidence-closure/PR-042-P0-BATCH-04-EVIDENCE-CLOSURE.md,DISCOVERY_REQUIRED,2026-08-01T09:16:54Z,origin=LOCAL_ONLY;confidence=HIGH;business_keyword_score=5;quality_filtered=true;human_validation=PENDING;full_power_preservation=REQUIRED;pr026_runtime=PENDING;pr026_missing=SOURCE|SERVICE|ENDPOINT|REAL_DATA|CALCULATION|TEST|UI;pr026_human_confirmation=REQUIRED;pr026_ui_complete=false;pr042_batch=B04_SERVICE_ENDPOINT_REAL_DATA;pr042_machine_evidence=CLOSED;pr042_evidence_paths=docs/99-governance/pr-019-capability-discovery-audit/PR019_ACTIVE_CAPABILITY_CATALOG.json;pr042_human_confirmation=REQUIRED;pr042_ui_complete=false
CAP-6DCB180A7F39,Get User By Email,Business or platform capability discovered from getUserByEmail in backend/auth_api/ndsp_user_login_gateway.cjs,backend/auth_api/ndsp_user_login_gateway.cjs::getUserByEmail,ndsp-user-login.service,GET /api/auth/login/health|POST /api/auth/login|POST /api/auth/2fa/login/verify|GET /api/auth/session|GET /api/auth/decision-room-access|POST /api/auth/runtime/usage/consume|GET /api/auth/profile|PUT /api/auth/profile|GET /api/auth/survey/status|POST /api/auth/survey/response|POST /api/auth/events|POST /api/auth/internal/legal-acceptance|POST /api/auth/internal/evidence|POST /api/auth/logout|GET /api/auth/2fa/status|POST /api/auth/2fa/setup|POST /api/auth/2fa/confirm|POST /api/auth/2fa/disable|POST /api/auth/2fa/status|POST /api/auth/2fa/setup/start|POST /api/auth/2fa/setup/confirm|POST /api/auth/2fa/setup/skip|POST /api/auth/2fa/setup/confirm-final|POST /api/auth/2fa/setup/confirm-speakeasy,JSON,CALCULATED_REAL,ADMIN,TRIAL,DISCOVERY_REQUIRED,UI_PARTIAL,REAL_SNAPSHOT,REVIEW_REQUIRED,backend/auth_api/ndsp_user_login_gateway.cjs,DISCOVERY_REQUIRED,2026-07-31T22:08:07Z,origin=LOCAL_ONLY;confidence=HIGH;business_keyword_score=8;quality_filtered=true;human_validation=PENDING;full_power_preservation=REQUIRED;pr026_runtime=PENDING;pr026_missing=SOURCE|TEST|UI;pr026_human_confirmation=REQUIRED;pr026_ui_complete=false
CAP-ED125A196CA8,Get User By Id,Business or platform capability discovered from getUserById in backend/auth_api/ndsp_user_login_gateway.cjs,backend/auth_api/ndsp_user_login_gateway.cjs::getUserById,ndsp-user-login.service,GET /api/auth/login/health|POST /api/auth/login|POST /api/auth/2fa/login/verify|GET /api/auth/session|GET /api/auth/decision-room-access|POST /api/auth/runtime/usage/consume|GET /api/auth/profile|PUT /api/auth/profile|GET /api/auth/survey/status|POST /api/auth/survey/response|POST /api/auth/events|POST /api/auth/internal/legal-acceptance|POST /api/auth/internal/evidence|POST /api/auth/logout|GET /api/auth/2fa/status|POST /api/auth/2fa/setup|POST /api/auth/2fa/confirm|POST /api/auth/2fa/disable|POST /api/auth/2fa/status|POST /api/auth/2fa/setup/start|POST /api/auth/2fa/setup/confirm|POST /api/auth/2fa/setup/skip|POST /api/auth/2fa/setup/confirm-final|POST /api/auth/2fa/setup/confirm-speakeasy,JSON,CALCULATED_REAL,ADMIN,TRIAL,DISCOVERY_REQUIRED,UI_PARTIAL,REAL_SNAPSHOT,REVIEW_REQUIRED,backend/auth_api/ndsp_user_login_gateway.cjs,DISCOVERY_REQUIRED,2026-07-31T22:08:07Z,origin=LOCAL_ONLY;confidence=HIGH;business_keyword_score=8;quality_filtered=true;human_validation=PENDING;full_power_preservation=REQUIRED;pr026_runtime=PENDING;pr026_missing=SOURCE|TEST|UI;pr026_human_confirmation=REQUIRED;pr026_ui_complete=false
CAP-9F0C0925830C,Get User Counts,Business or platform capability discovered from getUserCounts in backend/ndsp-trial-seats-api/server.js,backend/ndsp-trial-seats-api/server.js::getUserCounts,ndsp-trial-seats-api.service,DISCOVERY_REQUIRED,JSON,CALCULATED_REAL,ADMIN,TRIAL,DISCOVERY_REQUIRED,UI_PARTIAL,REAL_SNAPSHOT,REVIEW_REQUIRED,backend/ndsp-trial-seats-api/server.js,DISCOVERY_REQUIRED,2026-07-31T22:08:07Z,origin=LOCAL_ONLY;confidence=HIGH;business_keyword_score=4;quality_filtered=true;human_validation=PENDING;full_power_preservation=REQUIRED;pr026_runtime=PENDING;pr026_missing=SOURCE|ENDPOINT|TEST|UI;pr026_human_confirmation=REQUIRED;pr026_ui_complete=false
CAP-151D33E801FF,Govern Decision Output,Business or platform capability discovered from govern_decision_output in backend/app/ndsp_governance/decision_output_policy.py,backend/app/ndsp_governance/decision_output_policy.py::govern_decision_output,DISCOVERY_REQUIRED,DISCOVERY_REQUIRED,JSON,CALCULATED_REAL,ADMIN,SUBSCRIPTION,DISCOVERY_REQUIRED,UI_PARTIAL,REAL_SNAPSHOT,REVIEW_REQUIRED,backend/app/ndsp_governance/decision_output_policy.py|docs/99-governance/pr-019-capability-discovery-audit/PR019_ACTIVE_CAPABILITY_CATALOG.json|docs/99-governance/pr-044-p0-batch-06-evidence-closure/PR-044-P0-BATCH-06-EVIDENCE-CLOSURE.md,DISCOVERY_REQUIRED,2026-08-01T09:26:57Z,origin=LOCAL_ONLY;confidence=HIGH;business_keyword_score=14;quality_filtered=true;human_validation=PENDING;full_power_preservation=REQUIRED;pr026_runtime=PENDING;pr026_missing=SOURCE|SERVICE|ENDPOINT|TEST|UI;pr026_human_confirmation=REQUIRED;pr026_ui_complete=false;pr044_batch=B06_SERVICE_ENDPOINT;pr044_machine_evidence=CLOSED;pr044_evidence_paths=docs/99-governance/pr-019-capability-discovery-audit/PR019_ACTIVE_CAPABILITY_CATALOG.json;pr044_human_confirmation=REQUIRED;pr044_ui_complete=false
CAP-399F19D9DFDF,Governance Mode Public,Business or platform capability discovered from governance_mode_public in apps/ndsp-governance-bridge/policies/ndsp_governance_mode.py,apps/ndsp-governance-bridge/policies/ndsp_governance_mode.py::governance_mode_public,ndsp-governance-bridge.service,DISCOVERY_REQUIRED,JSON,CALCULATED_REAL,PUBLIC,UNMAPPED,DISCOVERY_REQUIRED,SERVICE_CONNECTED,REAL_SNAPSHOT,REVIEW_REQUIRED,apps/ndsp-governance-bridge/policies/ndsp_governance_mode.py,DISCOVERY_REQUIRED,2026-07-31T22:08:07Z,origin=LOCAL_ONLY;confidence=HIGH;business_keyword_score=5;quality_filtered=true;human_validation=PENDING;full_power_preservation=REQUIRED;pr026_runtime=PENDING;pr026_missing=SOURCE|ENDPOINT|TEST|UI;pr026_human_confirmation=REQUIRED;pr026_ui_complete=false
CAP-047A94BA516E,Guard Decision Output,Business or platform capability discovered from guard_decision_output in apps/ndsp-governance-bridge/policies/governance_runtime.py,apps/ndsp-governance-bridge/policies/governance_runtime.py::guard_decision_output,ndsp-governance-bridge.service,DISCOVERY_REQUIRED,UNKNOWN,DISCOVERY_REQUIRED,PUBLIC,UNMAPPED,DISCOVERY_REQUIRED,SERVICE_CONNECTED,UNKNOWN,REVIEW_REQUIRED,apps/ndsp-governance-bridge/policies/governance_runtime.py|docs/99-governance/pr-019-capability-discovery-audit/PR019_ACTIVE_CAPABILITY_CATALOG.json|docs/99-governance/pr-050-p0-batch-12-evidence-closure/PR-050-P0-BATCH-12-EVIDENCE-CLOSURE.md,DISCOVERY_REQUIRED,2026-08-01T09:54:20Z,origin=LOCAL_ONLY;confidence=HIGH;business_keyword_score=10;quality_filtered=true;human_validation=PENDING;full_power_preservation=REQUIRED;pr026_runtime=PENDING;pr026_missing=SOURCE|ENDPOINT|REAL_DATA|CALCULATION|TEST|UI;pr026_human_confirmation=REQUIRED;pr026_ui_complete=false;pr050_batch=B12_ENDPOINT_REAL_DATA;pr050_machine_evidence=CLOSED;pr050_evidence_paths=docs/99-governance/pr-019-capability-discovery-audit/PR019_ACTIVE_CAPABILITY_CATALOG.json;pr050_human_confirmation=REQUIRED;pr050_ui_complete=false
CAP-6B497F45D014,Init,Business or platform capability discovered from __init__ in backend/app/ndsp_governance/__init__.py,backend/app/ndsp_governance/__init__.py::__init__,DISCOVERY_REQUIRED,DISCOVERY_REQUIRED,UNKNOWN,DISCOVERY_REQUIRED,PUBLIC,UNMAPPED,DISCOVERY_REQUIRED,SOURCE_IDENTIFIED,UNKNOWN,REVIEW_REQUIRED,backend/app/ndsp_governance/__init__.py|docs/99-governance/pr-019-capability-discovery-audit/PR019_ACTIVE_CAPABILITY_CATALOG.json|docs/99-governance/pr-038-p0-batch-02-evidence-closure/PR-038-P0-BATCH-01-EVIDENCE-CLOSURE.md,DISCOVERY_REQUIRED,2026-08-01T02:21:13Z,origin=LOCAL_ONLY;confidence=MEDIUM;business_keyword_score=2;quality_filtered=true;human_validation=PENDING;full_power_preservation=REQUIRED;pr026_runtime=PENDING;pr026_missing=SOURCE|SERVICE|ENDPOINT|REAL_DATA|CALCULATION|TEST|UI;pr026_human_confirmation=REQUIRED;pr026_ui_complete=false;pr038_batch=B02_SERVICE_ENDPOINT_REAL_DATA;pr038_machine_evidence=CLOSED;pr038_evidence_paths=docs/99-governance/pr-019-capability-discovery-audit/PR019_ACTIVE_CAPABILITY_CATALOG.json;pr038_human_confirmation=REQUIRED;pr038_ui_complete=false
CAP-6C1350BBA4A7,Init,Business or platform capability discovered from __init__ in backend/app/support_layers/scenario/__init__.py,backend/app/support_layers/scenario/__init__.py::__init__,DISCOVERY_REQUIRED,DISCOVERY_REQUIRED,UNKNOWN,DISCOVERY_REQUIRED,USER_OR_ADMIN,REPORTS,DISCOVERY_REQUIRED,UI_PARTIAL,UNKNOWN,REVIEW_REQUIRED,backend/app/support_layers/scenario/__init__.py|docs/99-governance/pr-019-capability-discovery-audit/PR019_ACTIVE_CAPABILITY_CATALOG.json|docs/99-governance/pr-038-p0-batch-02-evidence-closure/PR-038-P0-BATCH-01-EVIDENCE-CLOSURE.md,DISCOVERY_REQUIRED,2026-08-01T02:21:13Z,origin=LOCAL_ONLY;confidence=MEDIUM;business_keyword_score=2;quality_filtered=true;human_validation=PENDING;full_power_preservation=REQUIRED;pr026_runtime=PENDING;pr026_missing=SOURCE|SERVICE|ENDPOINT|REAL_DATA|CALCULATION|TEST|UI;pr026_human_confirmation=REQUIRED;pr026_ui_complete=false;pr038_batch=B02_SERVICE_ENDPOINT_REAL_DATA;pr038_machine_evidence=CLOSED;pr038_evidence_paths=docs/99-governance/pr-019-capability-discovery-audit/PR019_ACTIVE_CAPABILITY_CATALOG.json;pr038_human_confirmation=REQUIRED;pr038_ui_complete=false
CAP-546C65CAA1A3,Insert User,Business or platform capability discovered from insertUser in backend/auth_api/ndsp_trial_register_gateway.cjs,backend/auth_api/ndsp_trial_register_gateway.cjs::insertUser,ndsp-trial-register.service,DISCOVERY_REQUIRED,JSON|POSTGRES,CALCULATED_REAL,ADMIN,TRIAL,DISCOVERY_REQUIRED,UI_PARTIAL,REAL_SNAPSHOT,REVIEW_REQUIRED,backend/auth_api/ndsp_trial_register_gateway.cjs,DISCOVERY_REQUIRED,2026-07-31T22:08:07Z,origin=LOCAL_ONLY;confidence=HIGH;business_keyword_score=9;quality_filtered=true;human_validation=PENDING;full_power_preservation=REQUIRED;pr026_runtime=PENDING;pr026_missing=SOURCE|SERVICE|ENDPOINT|TEST|UI;pr026_human_confirmation=REQUIRED;pr026_ui_complete=false
CAP-429E344E9B10,Install Ndsp Decision Governance,Business or platform capability discovered from install_ndsp_decision_governance in backend/app/ndsp_governance/decision_output_policy.py,backend/app/ndsp_governance/decision_output_policy.py::install_ndsp_decision_governance,DISCOVERY_REQUIRED,DISCOVERY_REQUIRED,JSON,CALCULATED_REAL,ADMIN,SUBSCRIPTION,DISCOVERY_REQUIRED,UI_PARTIAL,REAL_SNAPSHOT,REVIEW_REQUIRED,backend/app/ndsp_governance/decision_output_policy.py|docs/99-governance/pr-019-capability-discovery-audit/PR019_ACTIVE_CAPABILITY_CATALOG.json|docs/99-governance/pr-044-p0-batch-06-evidence-closure/PR-044-P0-BATCH-06-EVIDENCE-CLOSURE.md,DISCOVERY_REQUIRED,2026-08-01T09:26:57Z,origin=LOCAL_ONLY;confidence=HIGH;business_keyword_score=14;quality_filtered=true;human_validation=PENDING;full_power_preservation=REQUIRED;pr026_runtime=PENDING;pr026_missing=SOURCE|SERVICE|ENDPOINT|TEST|UI;pr026_human_confirmation=REQUIRED;pr026_ui_complete=false;pr044_batch=B06_SERVICE_ENDPOINT;pr044_machine_evidence=CLOSED;pr044_evidence_paths=docs/99-governance/pr-019-capability-discovery-audit/PR019_ACTIVE_CAPABILITY_CATALOG.json;pr044_human_confirmation=REQUIRED;pr044_ui_complete=false
CAP-CBBAC7D35B02,L9 Horizon Structure,Business or platform capability discovered from l9_horizon_structure in backend/layers/quality/l9_horizon_structure.py,backend/layers/quality/l9_horizon_structure.py::l9_horizon_structure,DISCOVERY_REQUIRED,DISCOVERY_REQUIRED,UNKNOWN,DISCOVERY_REQUIRED,USER_OR_ADMIN,UNMAPPED,DISCOVERY_REQUIRED,SOURCE_IDENTIFIED,UNKNOWN,REVIEW_REQUIRED,backend/layers/quality/l9_horizon_structure.py|docs/99-governance/pr-019-capability-discovery-audit/PR019_ACTIVE_CAPABILITY_CATALOG.json|docs/99-governance/pr-040-p0-batch-03-evidence-closure/PR-040-P0-BATCH-01-EVIDENCE-CLOSURE.md,DISCOVERY_REQUIRED,2026-08-01T09:03:30Z,origin=LOCAL_ONLY;confidence=MEDIUM;business_keyword_score=1;quality_filtered=true;human_validation=PENDING;full_power_preservation=REQUIRED;pr026_runtime=PENDING;pr026_missing=SOURCE|SERVICE|ENDPOINT|REAL_DATA|CALCULATION|TEST|UI;pr026_human_confirmation=REQUIRED;pr026_ui_complete=false;pr040_batch=B03_SERVICE_ENDPOINT_REAL_DATA;pr040_machine_evidence=CLOSED;pr040_evidence_paths=docs/99-governance/pr-019-capability-discovery-audit/PR019_ACTIVE_CAPABILITY_CATALOG.json;pr040_human_confirmation=REQUIRED;pr040_ui_complete=false
CAP-19318F0DAA6E,Layer Orchestrator,Business or platform capability discovered from layer_orchestrator in backend/layers/layer_orchestrator.py,backend/layers/layer_orchestrator.py::layer_orchestrator,DISCOVERY_REQUIRED,DISCOVERY_REQUIRED,JSON,CALCULATED_REAL,AUTHENTICATED_USER,ALERTS,DISCOVERY_REQUIRED,UI_PARTIAL,REAL_SNAPSHOT,REVIEW_REQUIRED,backend/layers/layer_orchestrator.py|docs/99-governance/pr-019-capability-discovery-audit/PR019_ACTIVE_CAPABILITY_CATALOG.json|docs/99-governance/pr-044-p0-batch-06-evidence-closure/PR-044-P0-BATCH-06-EVIDENCE-CLOSURE.md,DISCOVERY_REQUIRED,2026-08-01T09:26:57Z,origin=LOCAL_ONLY;confidence=MEDIUM;business_keyword_score=10;quality_filtered=true;human_validation=PENDING;full_power_preservation=REQUIRED;pr026_runtime=PENDING;pr026_missing=SOURCE|SERVICE|ENDPOINT|TEST|UI;pr026_human_confirmation=REQUIRED;pr026_ui_complete=false;pr044_batch=B06_SERVICE_ENDPOINT;pr044_machine_evidence=CLOSED;pr044_evidence_paths=docs/99-governance/pr-019-capability-discovery-audit/PR019_ACTIVE_CAPABILITY_CATALOG.json;pr044_human_confirmation=REQUIRED;pr044_ui_complete=false
CAP-575CCF623BA1,Legacy Structure.Test,Business or platform capability discovered from legacy-structure.test in backend/services/decision_governance_core/tests/legacy-structure.test.sh,backend/services/decision_governance_core/tests/legacy-structure.test.sh::legacy-structure.test,DISCOVERY_REQUIRED,DISCOVERY_REQUIRED,UNKNOWN,DISCOVERY_REQUIRED,USER_OR_ADMIN,UNMAPPED,DISCOVERY_REQUIRED,SOURCE_IDENTIFIED,UNKNOWN,NON_CANONICAL_OR_STALE,backend/services/decision_governance_core/tests/legacy-structure.test.sh|docs/99-governance/pr-019-capability-discovery-audit/PR019_ACTIVE_CAPABILITY_CATALOG.json|docs/99-governance/pr-037-p0-batch-01-evidence-closure/PR-037-P0-BATCH-01-EVIDENCE-CLOSURE.md,DISCOVERY_REQUIRED,2026-08-01T02:15:15Z,origin=LOCAL_ONLY;confidence=MEDIUM;business_keyword_score=2;quality_filtered=true;human_validation=PENDING;full_power_preservation=REQUIRED;pr026_runtime=PENDING;pr026_missing=SOURCE|SERVICE|ENDPOINT|REAL_DATA|CALCULATION|TEST|UI;pr026_human_confirmation=REQUIRED;pr026_ui_complete=false;pr037_batch=B01_SERVICE_ENDPOINT_REAL_DATA;pr037_machine_evidence=CLOSED;pr037_evidence_paths=docs/99-governance/pr-019-capability-discovery-audit/PR019_ACTIVE_CAPABILITY_CATALOG.json;pr037_human_confirmation=REQUIRED;pr037_ui_complete=false
CAP-9CE3E0097964,Legacy Structure.Test,Business or platform capability discovered from legacy-structure.test in backend/services/completed_decision/tests/legacy-structure.test.sh,backend/services/completed_decision/tests/legacy-structure.test.sh::legacy-structure.test,DISCOVERY_REQUIRED,DISCOVERY_REQUIRED,UNKNOWN,DISCOVERY_REQUIRED,USER_OR_ADMIN,UNMAPPED,DISCOVERY_REQUIRED,SOURCE_IDENTIFIED,UNKNOWN,NON_CANONICAL_OR_STALE,backend/services/completed_decision/tests/legacy-structure.test.sh|docs/99-governance/pr-019-capability-discovery-audit/PR019_ACTIVE_CAPABILITY_CATALOG.json|docs/99-governance/pr-040-p0-batch-03-evidence-closure/PR-040-P0-BATCH-01-EVIDENCE-CLOSURE.md,DISCOVERY_REQUIRED,2026-08-01T09:03:30Z,origin=LOCAL_ONLY;confidence=MEDIUM;business_keyword_score=1;quality_filtered=true;human_validation=PENDING;full_power_preservation=REQUIRED;pr026_runtime=PENDING;pr026_missing=SOURCE|SERVICE|ENDPOINT|REAL_DATA|CALCULATION|TEST|UI;pr026_human_confirmation=REQUIRED;pr026_ui_complete=false;pr040_batch=B03_SERVICE_ENDPOINT_REAL_DATA;pr040_machine_evidence=CLOSED;pr040_evidence_paths=docs/99-governance/pr-019-capability-discovery-audit/PR019_ACTIVE_CAPABILITY_CATALOG.json;pr040_human_confirmation=REQUIRED;pr040_ui_complete=false
CAP-0FC1797C1FB1,Load Governance,Business or platform capability discovered from load_governance in backend/app/ndsp_governance/decision_output_policy.py,backend/app/ndsp_governance/decision_output_policy.py::load_governance,DISCOVERY_REQUIRED,DISCOVERY_REQUIRED,JSON,CALCULATED_REAL,ADMIN,SUBSCRIPTION,DISCOVERY_REQUIRED,UI_PARTIAL,REAL_SNAPSHOT,REVIEW_REQUIRED,backend/app/ndsp_governance/decision_output_policy.py|docs/99-governance/pr-019-capability-discovery-audit/PR019_ACTIVE_CAPABILITY_CATALOG.json|docs/99-governance/pr-044-p0-batch-06-evidence-closure/PR-044-P0-BATCH-06-EVIDENCE-CLOSURE.md,DISCOVERY_REQUIRED,2026-08-01T09:26:57Z,origin=LOCAL_ONLY;confidence=HIGH;business_keyword_score=14;quality_filtered=true;human_validation=PENDING;full_power_preservation=REQUIRED;pr026_runtime=PENDING;pr026_missing=SOURCE|SERVICE|ENDPOINT|TEST|UI;pr026_human_confirmation=REQUIRED;pr026_ui_complete=false;pr044_batch=B06_SERVICE_ENDPOINT;pr044_machine_evidence=CLOSED;pr044_evidence_paths=docs/99-governance/pr-019-capability-discovery-audit/PR019_ACTIVE_CAPABILITY_CATALOG.json;pr044_human_confirmation=REQUIRED;pr044_ui_complete=false
CAP-74877E98A816,Load Governance Mode,Business or platform capability discovered from load_governance_mode in apps/ndsp-governance-bridge/policies/ndsp_governance_mode.py,apps/ndsp-governance-bridge/policies/ndsp_governance_mode.py::load_governance_mode,ndsp-governance-bridge.service,DISCOVERY_REQUIRED,JSON,CALCULATED_REAL,PUBLIC,UNMAPPED,DISCOVERY_REQUIRED,SERVICE_CONNECTED,REAL_SNAPSHOT,REVIEW_REQUIRED,apps/ndsp-governance-bridge/policies/ndsp_governance_mode.py,DISCOVERY_REQUIRED,2026-07-31T22:08:07Z,origin=LOCAL_ONLY;confidence=HIGH;business_keyword_score=5;quality_filtered=true;human_validation=PENDING;full_power_preservation=REQUIRED;pr026_runtime=PENDING;pr026_missing=SOURCE|ENDPOINT|TEST|UI;pr026_human_confirmation=REQUIRED;pr026_ui_complete=false
CAP-714A781C2444,Load Orchestrator,Business or platform capability discovered from load_orchestrator in apps/ndsp-layers-api/app.py,apps/ndsp-layers-api/app.py::load_orchestrator,ndsp-layers-api.service,GET /api/admin/layers/health|GET /api/admin/layers/context|GET /api/admin/layers/run|POST /api/admin/layers/run|GET /api/admin/layers/health|GET /api/admin/layers/context|GET /api/admin/layers/run|POST /api/admin/layers/run,JSON,CALCULATED_REAL,ADMIN,TRIAL,DISCOVERY_REQUIRED,UI_PARTIAL,REAL_SNAPSHOT,REVIEW_REQUIRED,apps/ndsp-layers-api/app.py,DISCOVERY_REQUIRED,2026-07-31T22:08:07Z,origin=LOCAL_ONLY;confidence=HIGH;business_keyword_score=16;quality_filtered=true;human_validation=PENDING;full_power_preservation=REQUIRED;pr026_runtime=PENDING;pr026_missing=SOURCE|TEST|UI;pr026_human_confirmation=REQUIRED;pr026_ui_complete=false
CAP-2885DFC3A9EA,Log Decision,Business or platform capability discovered from log_decision in apps/ndsp-governance-bridge/policies/audit_logger.py,apps/ndsp-governance-bridge/policies/audit_logger.py::log_decision,ndsp-governance-bridge.service,DISCOVERY_REQUIRED,JSON,CALCULATED_REAL,USER_OR_ADMIN,UNMAPPED,DISCOVERY_REQUIRED,SERVICE_CONNECTED,REAL_SNAPSHOT,REVIEW_REQUIRED,apps/ndsp-governance-bridge/policies/audit_logger.py,DISCOVERY_REQUIRED,2026-07-31T22:08:07Z,origin=LOCAL_ONLY;confidence=HIGH;business_keyword_score=4;quality_filtered=true;human_validation=PENDING;full_power_preservation=REQUIRED;pr026_runtime=PENDING;pr026_missing=SOURCE|ENDPOINT|TEST|UI;pr026_human_confirmation=REQUIRED;pr026_ui_complete=false
CAP-793E22D57579,Macro Quality Stack Effect,Business or platform capability discovered from macro_quality_stack_effect in backend/app/support_layers/macro/macro_logic.py,backend/app/support_layers/macro/macro_logic.py::macro_quality_stack_effect,DISCOVERY_REQUIRED,DISCOVERY_REQUIRED,UNKNOWN,DISCOVERY_REQUIRED,AUTHENTICATED_USER,UNMAPPED,DISCOVERY_REQUIRED,SOURCE_IDENTIFIED,UNKNOWN,REVIEW_REQUIRED,backend/app/support_layers/macro/macro_logic.py|docs/99-governance/pr-019-capability-discovery-audit/PR019_ACTIVE_CAPABILITY_CATALOG.json|docs/99-governance/pr-038-p0-batch-02-evidence-closure/PR-038-P0-BATCH-01-EVIDENCE-CLOSURE.md,DISCOVERY_REQUIRED,2026-08-01T02:21:13Z,origin=LOCAL_ONLY;confidence=HIGH;business_keyword_score=3;quality_filtered=true;human_validation=PENDING;full_power_preservation=REQUIRED;pr026_runtime=PENDING;pr026_missing=SOURCE|SERVICE|ENDPOINT|REAL_DATA|CALCULATION|TEST|UI;pr026_human_confirmation=REQUIRED;pr026_ui_complete=false;pr038_batch=B02_SERVICE_ENDPOINT_REAL_DATA;pr038_machine_evidence=CLOSED;pr038_evidence_paths=docs/99-governance/pr-019-capability-discovery-audit/PR019_ACTIVE_CAPABILITY_CATALOG.json;pr038_human_confirmation=REQUIRED;pr038_ui_complete=false
CAP-5C75E2FE3A98,Make Decision Id,Business or platform capability discovered from makeDecisionId in backend/services/completed_decision/main.cjs,backend/services/completed_decision/main.cjs::makeDecisionId,DISCOVERY_REQUIRED,GET /health|GET /api/completed|GET /api/completed/latest|GET /api/completed/:symbol|GET /api/completed/id/:decision_id|GET /api/completed/id/:decision_id/timeline|POST /api/completed/ingest|POST /api/completed/:decision_id/publish,JSON,CALCULATED_REAL,PUBLIC,PASSWORD_RESET,DISCOVERY_REQUIRED,UI_PARTIAL,REAL_SNAPSHOT,REVIEW_REQUIRED,backend/services/completed_decision/main.cjs|docs/99-governance/pr-019-capability-discovery-audit/PR019_ACTIVE_CAPABILITY_CATALOG.json|docs/99-governance/pr-052-p0-batch-14-evidence-closure/PR-052-P0-BATCH-14-EVIDENCE-CLOSURE.md,DISCOVERY_REQUIRED,2026-08-01T10:01:31Z,origin=LOCAL_ONLY;confidence=HIGH;business_keyword_score=7;quality_filtered=true;human_validation=PENDING;full_power_preservation=REQUIRED;pr026_runtime=PENDING;pr026_missing=SOURCE|SERVICE|TEST|UI;pr026_human_confirmation=REQUIRED;pr026_ui_complete=false;pr052_batch=B14_SERVICE_ONLY;pr052_machine_evidence=CLOSED;pr052_evidence_paths=docs/99-governance/pr-019-capability-discovery-audit/PR019_ACTIVE_CAPABILITY_CATALOG.json;pr052_human_confirmation=REQUIRED;pr052_ui_complete=false
CAP-29DA9A6A11F0,Manual Cot Provider,Business or platform capability discovered from ManualCotProvider in backend/app/support_layers/cot/manual_cot_provider.py,backend/app/support_layers/cot/manual_cot_provider.py::ManualCotProvider,DISCOVERY_REQUIRED,DISCOVERY_REQUIRED,UNKNOWN,DISCOVERY_REQUIRED,USER_OR_ADMIN,REPORTS,DISCOVERY_REQUIRED,UI_PARTIAL,UNKNOWN,REVIEW_REQUIRED,backend/app/support_layers/cot/manual_cot_provider.py|docs/99-governance/pr-019-capability-discovery-audit/PR019_ACTIVE_CAPABILITY_CATALOG.json|docs/99-governance/pr-037-p0-batch-01-evidence-closure/PR-037-P0-BATCH-01-EVIDENCE-CLOSURE.md,DISCOVERY_REQUIRED,2026-08-01T02:15:15Z,origin=LOCAL_ONLY;confidence=HIGH;business_keyword_score=4;quality_filtered=true;human_validation=PENDING;full_power_preservation=REQUIRED;pr026_runtime=PENDING;pr026_missing=SOURCE|SERVICE|ENDPOINT|REAL_DATA|CALCULATION|TEST|UI;pr026_human_confirmation=REQUIRED;pr026_ui_complete=false;pr037_batch=B01_SERVICE_ENDPOINT_REAL_DATA;pr037_machine_evidence=CLOSED;pr037_evidence_paths=docs/99-governance/pr-019-capability-discovery-audit/PR019_ACTIVE_CAPABILITY_CATALOG.json;pr037_human_confirmation=REQUIRED;pr037_ui_complete=false
CAP-77818ECC2F15,Market Positioning,Business or platform capability discovered from MarketPositioning in backend/app/core/market_positioning.py,backend/app/core/market_positioning.py::MarketPositioning,DISCOVERY_REQUIRED,DISCOVERY_REQUIRED,UNKNOWN,DISCOVERY_REQUIRED,USER_OR_ADMIN,UNMAPPED,DISCOVERY_REQUIRED,SOURCE_IDENTIFIED,UNKNOWN,REVIEW_REQUIRED,backend/app/core/market_positioning.py|docs/99-governance/pr-019-capability-discovery-audit/PR019_ACTIVE_CAPABILITY_CATALOG.json|docs/99-governance/pr-038-p0-batch-02-evidence-closure/PR-038-P0-BATCH-01-EVIDENCE-CLOSURE.md,DISCOVERY_REQUIRED,2026-08-01T02:21:13Z,origin=LOCAL_ONLY;confidence=HIGH;business_keyword_score=5;quality_filtered=true;human_validation=PENDING;full_power_preservation=REQUIRED;pr026_runtime=PENDING;pr026_missing=SOURCE|SERVICE|ENDPOINT|REAL_DATA|CALCULATION|TEST|UI;pr026_human_confirmation=REQUIRED;pr026_ui_complete=false;pr038_batch=B02_SERVICE_ENDPOINT_REAL_DATA;pr038_machine_evidence=CLOSED;pr038_evidence_paths=docs/99-governance/pr-019-capability-discovery-audit/PR019_ACTIVE_CAPABILITY_CATALOG.json;pr038_human_confirmation=REQUIRED;pr038_ui_complete=false
CAP-4788CB6BD13A,Market Positioning Status,Business or platform capability discovered from market_positioning_status in backend/app/core/market_positioning.py,backend/app/core/market_positioning.py::market_positioning_status,DISCOVERY_REQUIRED,DISCOVERY_REQUIRED,UNKNOWN,DISCOVERY_REQUIRED,USER_OR_ADMIN,UNMAPPED,DISCOVERY_REQUIRED,SOURCE_IDENTIFIED,UNKNOWN,REVIEW_REQUIRED,backend/app/core/market_positioning.py|docs/99-governance/pr-019-capability-discovery-audit/PR019_ACTIVE_CAPABILITY_CATALOG.json|docs/99-governance/pr-037-p0-batch-01-evidence-closure/PR-037-P0-BATCH-01-EVIDENCE-CLOSURE.md,DISCOVERY_REQUIRED,2026-08-01T02:15:15Z,origin=LOCAL_ONLY;confidence=HIGH;business_keyword_score=5;quality_filtered=true;human_validation=PENDING;full_power_preservation=REQUIRED;pr026_runtime=PENDING;pr026_missing=SOURCE|SERVICE|ENDPOINT|REAL_DATA|CALCULATION|TEST|UI;pr026_human_confirmation=REQUIRED;pr026_ui_complete=false;pr037_batch=B01_SERVICE_ENDPOINT_REAL_DATA;pr037_machine_evidence=CLOSED;pr037_evidence_paths=docs/99-governance/pr-019-capability-discovery-audit/PR019_ACTIVE_CAPABILITY_CATALOG.json;pr037_human_confirmation=REQUIRED;pr037_ui_complete=false
CAP-E7F5980E3D93,Market Service,Business or platform capability discovered from marketService in frontend/user-portal-vite/src/core/services/marketService.js,frontend/user-portal-vite/src/core/services/marketService.js::marketService,DISCOVERY_REQUIRED,DISCOVERY_REQUIRED,UNKNOWN,DISCOVERY_REQUIRED,USER_OR_ADMIN,CURRENT_FRONTEND,frontend/user-portal-vite/src/core/services/marketService.js,UI_PARTIAL,UNKNOWN,REVIEW_REQUIRED,frontend/user-portal-vite/src/core/services/marketService.js|docs/99-governance/pr-019-capability-discovery-audit/PR019_ACTIVE_CAPABILITY_CATALOG.json|docs/99-governance/pr-043-p0-batch-05-evidence-closure/PR-043-P0-BATCH-05-EVIDENCE-CLOSURE.md,DISCOVERY_REQUIRED,2026-08-01T09:22:38Z,origin=LOCAL_ONLY;confidence=MEDIUM;business_keyword_score=2;quality_filtered=true;human_validation=PENDING;full_power_preservation=REQUIRED;pr026_runtime=PENDING;pr026_missing=SOURCE|SERVICE|ENDPOINT|REAL_DATA|CALCULATION|TEST;pr026_human_confirmation=REQUIRED;pr026_ui_complete=false;pr043_batch=B05_SERVICE_ENDPOINT_REAL_DATA;pr043_machine_evidence=CLOSED;pr043_evidence_paths=docs/99-governance/pr-019-capability-discovery-audit/PR019_ACTIVE_CAPABILITY_CATALOG.json;pr043_human_confirmation=REQUIRED;pr043_ui_complete=false
CAP-045CDA0A73DF,Narrative Engine,Business or platform capability discovered from NarrativeEngine in backend/app/support_layers/scenario/scenario_engine.py,backend/app/support_layers/scenario/scenario_engine.py::NarrativeEngine,DISCOVERY_REQUIRED,DISCOVERY_REQUIRED,UNKNOWN,DISCOVERY_REQUIRED,ADMIN,ADMIN,DISCOVERY_REQUIRED,UI_PARTIAL,UNKNOWN,REVIEW_REQUIRED,backend/app/support_layers/scenario/scenario_engine.py|docs/99-governance/pr-019-capability-discovery-audit/PR019_ACTIVE_CAPABILITY_CATALOG.json|docs/99-governance/pr-037-p0-batch-01-evidence-closure/PR-037-P0-BATCH-01-EVIDENCE-CLOSURE.md,DISCOVERY_REQUIRED,2026-08-01T02:15:15Z,origin=LOCAL_ONLY;confidence=HIGH;business_keyword_score=11;quality_filtered=true;human_validation=PENDING;full_power_preservation=REQUIRED;pr025_source_recovery=RECOVERED_FROM_LOCAL;pr025_recovered_paths=backend/app/support_layers/scenario/scenario_engine.py;pr025_human_review=REQUIRED;pr025_ui_complete=false;pr026_runtime=PENDING;pr026_missing=SERVICE|ENDPOINT|REAL_DATA|TEST|UI;pr026_human_confirmation=REQUIRED;pr026_ui_complete=false;pr037_batch=B01_SERVICE_ENDPOINT_REAL_DATA;pr037_machine_evidence=CLOSED;pr037_evidence_paths=docs/99-governance/pr-019-capability-discovery-audit/PR019_ACTIVE_CAPABILITY_CATALOG.json;pr037_human_confirmation=REQUIRED;pr037_ui_complete=false
CAP-2AB7983B84B5,Ndsp 16 Layers,Runtime service with no confirmed source-to-UI mapping,{ path=/usr/bin/node ; argv[]=/usr/bin/node /opt/ndsp16-api/server.js ; ignore_errors=no ; start_time=[n/a] ; stop_time=[n/a] ; pid=0 ; code=(null) ; status=0/0 },ndsp-16-layers.service,DISCOVERY_REQUIRED,UNKNOWN,DISCOVERY_REQUIRED,DISCOVERY_REQUIRED,UNMAPPED,DISCOVERY_REQUIRED,DISCOVERY_REQUIRED,UNKNOWN,REVIEW_REQUIRED,PR019_RUNTIME_EVIDENCE.json|docs/99-governance/pr-019-capability-discovery-audit/PR019_ACTIVE_CAPABILITY_CATALOG.json|docs/99-governance/pr-050-p0-batch-12-evidence-closure/PR-050-P0-BATCH-12-EVIDENCE-CLOSURE.md,nawaf511,2026-08-01T09:54:20Z,origin=RUNTIME_ONLY;confidence=MEDIUM;quality_filtered=true;human_validation=PENDING;full_power_preservation=REQUIRED;pr026_runtime=PENDING;pr026_missing=SOURCE|ENDPOINT|REAL_DATA|CALCULATION|TEST|UI;pr026_human_confirmation=REQUIRED;pr026_ui_complete=false;pr050_batch=B12_ENDPOINT_REAL_DATA;pr050_machine_evidence=CLOSED;pr050_evidence_paths=docs/99-governance/pr-019-capability-discovery-audit/PR019_ACTIVE_CAPABILITY_CATALOG.json;pr050_human_confirmation=REQUIRED;pr050_ui_complete=false
CAP-541E221FDE39,Ndsp Admin Key From Req,Business or platform capability discovered from ndspAdminKeyFromReq in backend/server.js,backend/server.js::ndspAdminKeyFromReq,DISCOVERY_REQUIRED,GET /health|POST /auth/register|POST /auth/login|GET /me|POST /feedback|POST /upgrade-request|GET /upgrade-requests/me|GET /admin/upgrade-requests|POST /admin/upgrade-requests/:id/review|GET /trial/status|GET /admin/feedback|POST /admin/feedback/:id/review|GET /notifications|POST /notifications/:id/read|GET /admin/notifications|POST /admin/notifications/send|GET /plans|GET /admin/plans|PUT /admin/plans/:id|POST /admin/plans/:id/features|DELETE /admin/plan-features/:id|PUT /admin/plans/:id/layers/:layerKey|GET /admin/stats|PUT /admin/users/:id|DELETE /admin/users/:id|GET /admin/users|POST /api/auth/2fa/setup/start|POST /api/auth/2fa/setup/confirm|POST /__retired_api_admin_users_action_legacy|POST /api/auth/2fa/setup/start|GET /api/admin/telegram-routing/status|POST /api/admin/telegram-routing/update|POST /api/admin/telegram-routing/test,JSON,CALCULATED_REAL,ADMIN,TRIAL,DISCOVERY_REQUIRED,UI_PARTIAL,REAL_SNAPSHOT,REVIEW_REQUIRED,backend/server.js|docs/99-governance/pr-019-capability-discovery-audit/PR019_ACTIVE_CAPABILITY_CATALOG.json|docs/99-governance/pr-052-p0-batch-14-evidence-closure/PR-052-P0-BATCH-14-EVIDENCE-CLOSURE.md,DISCOVERY_REQUIRED,2026-08-01T10:01:31Z,origin=LOCAL_MODIFIED;confidence=HIGH;business_keyword_score=5;quality_filtered=true;human_validation=PENDING;full_power_preservation=REQUIRED;pr026_runtime=PENDING;pr026_missing=SERVICE|TEST|UI;pr026_human_confirmation=REQUIRED;pr026_ui_complete=false;pr052_batch=B14_SERVICE_ONLY;pr052_machine_evidence=CLOSED;pr052_evidence_paths=docs/99-governance/pr-019-capability-discovery-audit/PR019_ACTIVE_CAPABILITY_CATALOG.json;pr052_human_confirmation=REQUIRED;pr052_ui_complete=false
CAP-498E4FD1C421,Ndsp Admin Ok,Business or platform capability discovered from ndspAdminOk in backend/server.js,backend/server.js::ndspAdminOk,DISCOVERY_REQUIRED,GET /health|POST /auth/register|POST /auth/login|GET /me|POST /feedback|POST /upgrade-request|GET /upgrade-requests/me|GET /admin/upgrade-requests|POST /admin/upgrade-requests/:id/review|GET /trial/status|GET /admin/feedback|POST /admin/feedback/:id/review|GET /notifications|POST /notifications/:id/read|GET /admin/notifications|POST /admin/notifications/send|GET /plans|GET /admin/plans|PUT /admin/plans/:id|POST /admin/plans/:id/features|DELETE /admin/plan-features/:id|PUT /admin/plans/:id/layers/:layerKey|GET /admin/stats|PUT /admin/users/:id|DELETE /admin/users/:id|GET /admin/users|POST /api/auth/2fa/setup/start|POST /api/auth/2fa/setup/confirm|POST /__retired_api_admin_users_action_legacy|POST /api/auth/2fa/setup/start|GET /api/admin/telegram-routing/status|POST /api/admin/telegram-routing/update|POST /api/admin/telegram-routing/test,JSON,CALCULATED_REAL,ADMIN,TRIAL,DISCOVERY_REQUIRED,UI_PARTIAL,REAL_SNAPSHOT,REVIEW_REQUIRED,backend/server.js|docs/99-governance/pr-019-capability-discovery-audit/PR019_ACTIVE_CAPABILITY_CATALOG.json|docs/99-governance/pr-052-p0-batch-14-evidence-closure/PR-052-P0-BATCH-14-EVIDENCE-CLOSURE.md,DISCOVERY_REQUIRED,2026-08-01T10:01:31Z,origin=LOCAL_MODIFIED;confidence=HIGH;business_keyword_score=5;quality_filtered=true;human_validation=PENDING;full_power_preservation=REQUIRED;pr026_runtime=PENDING;pr026_missing=SERVICE|TEST|UI;pr026_human_confirmation=REQUIRED;pr026_ui_complete=false;pr052_batch=B14_SERVICE_ONLY;pr052_machine_evidence=CLOSED;pr052_evidence_paths=docs/99-governance/pr-019-capability-discovery-audit/PR019_ACTIVE_CAPABILITY_CATALOG.json;pr052_human_confirmation=REQUIRED;pr052_ui_complete=false
CAP-40BEBA7E4C4F,Ndsp Admin User Ops,Runtime service with no confirmed source-to-UI mapping,{ path=/usr/bin/python3 ; argv[]=/usr/bin/python3 -m uvicorn app:app --host 127.0.0.1 --port 9068 ; ignore_errors=no ; start_time=[n/a] ; stop_time=[n/a] ; pid=0 ; code=(null) ; status=0/0 },ndsp-admin-user-ops.service,DISCOVERY_REQUIRED,UNKNOWN,DISCOVERY_REQUIRED,DISCOVERY_REQUIRED,UNMAPPED,DISCOVERY_REQUIRED,DISCOVERY_REQUIRED,UNKNOWN,REVIEW_REQUIRED,PR019_RUNTIME_EVIDENCE.json|docs/99-governance/pr-019-capability-discovery-audit/PR019_ACTIVE_CAPABILITY_CATALOG.json|docs/99-governance/pr-050-p0-batch-12-evidence-closure/PR-050-P0-BATCH-12-EVIDENCE-CLOSURE.md,DISCOVERY_REQUIRED,2026-08-01T09:54:20Z,origin=RUNTIME_ONLY;confidence=MEDIUM;quality_filtered=true;human_validation=PENDING;full_power_preservation=REQUIRED;pr026_runtime=PENDING;pr026_missing=SOURCE|ENDPOINT|REAL_DATA|CALCULATION|TEST|UI;pr026_human_confirmation=REQUIRED;pr026_ui_complete=false;pr050_batch=B12_ENDPOINT_REAL_DATA;pr050_machine_evidence=CLOSED;pr050_evidence_paths=docs/99-governance/pr-019-capability-discovery-audit/PR019_ACTIVE_CAPABILITY_CATALOG.json;pr050_human_confirmation=REQUIRED;pr050_ui_complete=false
CAP-978D970F265C,Ndsp Alert Audit,Business or platform capability discovered from ndsp_alert_audit in apps/ndsp-governance-bridge/policies/ndsp_alert_audit.py,apps/ndsp-governance-bridge/policies/ndsp_alert_audit.py::ndsp_alert_audit,ndsp-governance-bridge.service,DISCOVERY_REQUIRED,JSON,CALCULATED_REAL,ADMIN,PASSWORD_RESET,DISCOVERY_REQUIRED,UI_PARTIAL,REAL_SNAPSHOT,REVIEW_REQUIRED,apps/ndsp-governance-bridge/policies/ndsp_alert_audit.py,DISCOVERY_REQUIRED,2026-07-31T22:08:07Z,origin=LOCAL_ONLY;confidence=MEDIUM;business_keyword_score=7;quality_filtered=true;human_validation=PENDING;full_power_preservation=REQUIRED;pr026_runtime=PENDING;pr026_missing=SOURCE|ENDPOINT|TEST|UI;pr026_human_confirmation=REQUIRED;pr026_ui_complete=false
CAP-F73757D671A4,Ndsp Auth Core Clean,Runtime service with no confirmed source-to-UI mapping,{ path=/usr/bin/nsolid ; argv[]=/usr/bin/nsolid /opt/ndsp-auth-core-clean/current/server/dist/server.js ; ignore_errors=no ; start_time=[n/a] ; stop_time=[n/a] ; pid=0 ; code=(null) ; status=0/0 },ndsp-auth-core-clean.service,DISCOVERY_REQUIRED,UNKNOWN,DISCOVERY_REQUIRED,DISCOVERY_REQUIRED,UNMAPPED,DISCOVERY_REQUIRED,DISCOVERY_REQUIRED,UNKNOWN,REVIEW_REQUIRED,PR019_RUNTIME_EVIDENCE.json|docs/99-governance/pr-019-capability-discovery-audit/PR019_ACTIVE_CAPABILITY_CATALOG.json|docs/99-governance/pr-051-p0-batch-13-evidence-closure/PR-051-P0-BATCH-13-EVIDENCE-CLOSURE.md,ndsp-auth,2026-08-01T09:58:13Z,origin=RUNTIME_ONLY;confidence=MEDIUM;quality_filtered=true;human_validation=PENDING;full_power_preservation=REQUIRED;pr026_runtime=PENDING;pr026_missing=SOURCE|ENDPOINT|REAL_DATA|CALCULATION|TEST|UI;pr026_human_confirmation=REQUIRED;pr026_ui_complete=false;pr051_batch=B13_ENDPOINT_REAL_DATA;pr051_machine_evidence=CLOSED;pr051_evidence_paths=docs/99-governance/pr-019-capability-discovery-audit/PR019_ACTIVE_CAPABILITY_CATALOG.json;pr051_human_confirmation=REQUIRED;pr051_ui_complete=false
CAP-7504DEC77825,Ndsp Bot Execution,Runtime service with no confirmed source-to-UI mapping,{ path=/usr/bin/node ; argv[]=/usr/bin/node /home/nawaf511/empire-core-new/backend/services/bot_execution/main.cjs ; ignore_errors=no ; start_time=[n/a] ; stop_time=[n/a] ; pid=0 ; code=(null) ; status=0/0 },ndsp-bot_execution.service,DISCOVERY_REQUIRED,UNKNOWN,DISCOVERY_REQUIRED,DISCOVERY_REQUIRED,UNMAPPED,DISCOVERY_REQUIRED,DISCOVERY_REQUIRED,UNKNOWN,REVIEW_REQUIRED,PR019_RUNTIME_EVIDENCE.json|docs/99-governance/pr-019-capability-discovery-audit/PR019_ACTIVE_CAPABILITY_CATALOG.json|docs/99-governance/pr-050-p0-batch-12-evidence-closure/PR-050-P0-BATCH-12-EVIDENCE-CLOSURE.md,nawaf511,2026-08-01T09:54:20Z,origin=RUNTIME_ONLY;confidence=MEDIUM;quality_filtered=true;human_validation=PENDING;full_power_preservation=REQUIRED;pr026_runtime=PENDING;pr026_missing=SOURCE|ENDPOINT|REAL_DATA|CALCULATION|TEST|UI;pr026_human_confirmation=REQUIRED;pr026_ui_complete=false;pr050_batch=B12_ENDPOINT_REAL_DATA;pr050_machine_evidence=CLOSED;pr050_evidence_paths=docs/99-governance/pr-019-capability-discovery-audit/PR019_ACTIVE_CAPABILITY_CATALOG.json;pr050_human_confirmation=REQUIRED;pr050_ui_complete=false
CAP-EBD64BBF9712,Ndsp Build Otp Auth Uri,Business or platform capability discovered from ndspBuildOtpAuthUri in backend/server.js,backend/server.js::ndspBuildOtpAuthUri,DISCOVERY_REQUIRED,GET /health|POST /auth/register|POST /auth/login|GET /me|POST /feedback|POST /upgrade-request|GET /upgrade-requests/me|GET /admin/upgrade-requests|POST /admin/upgrade-requests/:id/review|GET /trial/status|GET /admin/feedback|POST /admin/feedback/:id/review|GET /notifications|POST /notifications/:id/read|GET /admin/notifications|POST /admin/notifications/send|GET /plans|GET /admin/plans|PUT /admin/plans/:id|POST /admin/plans/:id/features|DELETE /admin/plan-features/:id|PUT /admin/plans/:id/layers/:layerKey|GET /admin/stats|PUT /admin/users/:id|DELETE /admin/users/:id|GET /admin/users|POST /api/auth/2fa/setup/start|POST /api/auth/2fa/setup/confirm|POST /__retired_api_admin_users_action_legacy|POST /api/auth/2fa/setup/start|GET /api/admin/telegram-routing/status|POST /api/admin/telegram-routing/update|POST /api/admin/telegram-routing/test,JSON,CALCULATED_REAL,ADMIN,TRIAL,DISCOVERY_REQUIRED,UI_PARTIAL,REAL_SNAPSHOT,REVIEW_REQUIRED,backend/server.js|docs/99-governance/pr-019-capability-discovery-audit/PR019_ACTIVE_CAPABILITY_CATALOG.json|docs/99-governance/pr-053-p0-batch-15-evidence-closure/PR-053-P0-BATCH-15-EVIDENCE-CLOSURE.md,DISCOVERY_REQUIRED,2026-08-01T10:05:11Z,origin=LOCAL_MODIFIED;confidence=HIGH;business_keyword_score=5;quality_filtered=true;human_validation=PENDING;full_power_preservation=REQUIRED;pr026_runtime=PENDING;pr026_missing=SERVICE|TEST|UI;pr026_human_confirmation=REQUIRED;pr026_ui_complete=false;pr053_batch=B15_SERVICE_ONLY;pr053_machine_evidence=CLOSED;pr053_evidence_paths=docs/99-governance/pr-019-capability-discovery-audit/PR019_ACTIVE_CAPABILITY_CATALOG.json;pr053_human_confirmation=REQUIRED;pr053_ui_complete=false
CAP-98594541698F,Ndsp Business Ops,Runtime service with no confirmed source-to-UI mapping,{ path=/usr/bin/python3 ; argv[]=/usr/bin/python3 /usr/local/lib/ndsp-business-ops/app.py ; ignore_errors=no ; start_time=[n/a] ; stop_time=[n/a] ; pid=0 ; code=(null) ; status=0/0 },ndsp-business-ops.service,DISCOVERY_REQUIRED,UNKNOWN,DISCOVERY_REQUIRED,DISCOVERY_REQUIRED,UNMAPPED,DISCOVERY_REQUIRED,DISCOVERY_REQUIRED,UNKNOWN,REVIEW_REQUIRED,PR019_RUNTIME_EVIDENCE.json|docs/99-governance/pr-019-capability-discovery-audit/PR019_ACTIVE_CAPABILITY_CATALOG.json|docs/99-governance/pr-050-p0-batch-12-evidence-closure/PR-050-P0-BATCH-12-EVIDENCE-CLOSURE.md,nawaf511,2026-08-01T09:54:20Z,origin=RUNTIME_ONLY;confidence=MEDIUM;quality_filtered=true;human_validation=PENDING;full_power_preservation=REQUIRED;pr026_runtime=PENDING;pr026_missing=SOURCE|ENDPOINT|REAL_DATA|CALCULATION|TEST|UI;pr026_human_confirmation=REQUIRED;pr026_ui_complete=false;pr050_batch=B12_ENDPOINT_REAL_DATA;pr050_machine_evidence=CLOSED;pr050_evidence_paths=docs/99-governance/pr-019-capability-discovery-audit/PR019_ACTIVE_CAPABILITY_CATALOG.json;pr050_human_confirmation=REQUIRED;pr050_ui_complete=false
CAP-C2F2BCB1164C,Ndsp Canonical Live Runtime V30,Runtime service with no confirmed source-to-UI mapping,{ path=/usr/bin/python3 ; argv[]=/usr/bin/python3 /home/nawaf511/empire-core-new/backend/app/runtime/ndsp_canonical_live_runtime_v30.py ; ignore_errors=no ; start_time=[n/a] ; stop_time=[n/a] ; pid=0 ; code=(null) ; status=0/0 },ndsp-canonical-live-runtime-v30.service,DISCOVERY_REQUIRED,UNKNOWN,DISCOVERY_REQUIRED,DISCOVERY_REQUIRED,UNMAPPED,DISCOVERY_REQUIRED,DISCOVERY_REQUIRED,UNKNOWN,REVIEW_REQUIRED,PR019_RUNTIME_EVIDENCE.json|docs/99-governance/pr-019-capability-discovery-audit/PR019_ACTIVE_CAPABILITY_CATALOG.json|docs/99-governance/pr-051-p0-batch-13-evidence-closure/PR-051-P0-BATCH-13-EVIDENCE-CLOSURE.md,nawaf511,2026-08-01T09:58:13Z,origin=RUNTIME_ONLY;confidence=MEDIUM;quality_filtered=true;human_validation=PENDING;full_power_preservation=REQUIRED;pr026_runtime=PENDING;pr026_missing=SOURCE|ENDPOINT|REAL_DATA|CALCULATION|TEST|UI;pr026_human_confirmation=REQUIRED;pr026_ui_complete=false;pr051_batch=B13_ENDPOINT_REAL_DATA;pr051_machine_evidence=CLOSED;pr051_evidence_paths=docs/99-governance/pr-019-capability-discovery-audit/PR019_ACTIVE_CAPABILITY_CATALOG.json;pr051_human_confirmation=REQUIRED;pr051_ui_complete=false
CAP-21ECD3B6E0D3,Ndsp Canonical Live Runtime V33,Runtime service with no confirmed source-to-UI mapping,{ path=/usr/bin/python3 ; argv[]=/usr/bin/python3 /home/nawaf511/empire-core-new/backend/app/runtime/ndsp_canonical_live_runtime_v33.py ; ignore_errors=no ; start_time=[n/a] ; stop_time=[n/a] ; pid=0 ; code=(null) ; status=0/0 },ndsp-canonical-live-runtime-v33.service,DISCOVERY_REQUIRED,UNKNOWN,DISCOVERY_REQUIRED,DISCOVERY_REQUIRED,UNMAPPED,DISCOVERY_REQUIRED,DISCOVERY_REQUIRED,UNKNOWN,REVIEW_REQUIRED,PR019_RUNTIME_EVIDENCE.json|docs/99-governance/pr-019-capability-discovery-audit/PR019_ACTIVE_CAPABILITY_CATALOG.json|docs/99-governance/pr-050-p0-batch-12-evidence-closure/PR-050-P0-BATCH-12-EVIDENCE-CLOSURE.md,nawaf511,2026-08-01T09:54:20Z,origin=RUNTIME_ONLY;confidence=MEDIUM;quality_filtered=true;human_validation=PENDING;full_power_preservation=REQUIRED;pr026_runtime=PENDING;pr026_missing=SOURCE|ENDPOINT|REAL_DATA|CALCULATION|TEST|UI;pr026_human_confirmation=REQUIRED;pr026_ui_complete=false;pr050_batch=B12_ENDPOINT_REAL_DATA;pr050_machine_evidence=CLOSED;pr050_evidence_paths=docs/99-governance/pr-019-capability-discovery-audit/PR019_ACTIVE_CAPABILITY_CATALOG.json;pr050_human_confirmation=REQUIRED;pr050_ui_complete=false
CAP-102062CC9F49,Ndsp Change Password Gateway,Runtime service with no confirmed source-to-UI mapping,{ path=/opt/ndsp-change-password-gateway/venv/bin/uvicorn ; argv[]=/opt/ndsp-change-password-gateway/venv/bin/uvicorn app:app --host 127.0.0.1 --port 9069 ; ignore_errors=no ; start_time=[n/a] ; stop_time=[n/a] ; pid=0 ; code=(null) ; status=0/0 },ndsp-change-password-gateway.service,DISCOVERY_REQUIRED,UNKNOWN,DISCOVERY_REQUIRED,DISCOVERY_REQUIRED,UNMAPPED,DISCOVERY_REQUIRED,DISCOVERY_REQUIRED,UNKNOWN,REVIEW_REQUIRED,PR019_RUNTIME_EVIDENCE.json|docs/99-governance/pr-019-capability-discovery-audit/PR019_ACTIVE_CAPABILITY_CATALOG.json|docs/99-governance/pr-050-p0-batch-12-evidence-closure/PR-050-P0-BATCH-12-EVIDENCE-CLOSURE.md,postgres,2026-08-01T09:54:20Z,origin=RUNTIME_ONLY;confidence=MEDIUM;quality_filtered=true;human_validation=PENDING;full_power_preservation=REQUIRED;pr026_runtime=PENDING;pr026_missing=SOURCE|ENDPOINT|REAL_DATA|CALCULATION|TEST|UI;pr026_human_confirmation=REQUIRED;pr026_ui_complete=false;pr050_batch=B12_ENDPOINT_REAL_DATA;pr050_machine_evidence=CLOSED;pr050_evidence_paths=docs/99-governance/pr-019-capability-discovery-audit/PR019_ACTIVE_CAPABILITY_CATALOG.json;pr050_human_confirmation=REQUIRED;pr050_ui_complete=false
CAP-97112AE5ED8B,Ndsp Commercial Auth Payment Staging,Runtime service with no confirmed source-to-UI mapping,{ path=/opt/ndsp-commercial-auth-payment-staging/releases/20260730_103616-source-staging-v1-13/run-staging.sh ; argv[]=/opt/ndsp-commercial-auth-payment-staging/releases/20260730_103616-source-staging-v1-13/run-staging.sh ; ignore_errors=no ; start_time=[n/a] ; stop_time=[n/a] ; pid=0 ; code=(null) ; status=0/0 },ndsp-commercial-auth-payment-staging.service,DISCOVERY_REQUIRED,UNKNOWN,DISCOVERY_REQUIRED,DISCOVERY_REQUIRED,UNMAPPED,DISCOVERY_REQUIRED,DISCOVERY_REQUIRED,UNKNOWN,REVIEW_REQUIRED,PR019_RUNTIME_EVIDENCE.json|docs/99-governance/pr-019-capability-discovery-audit/PR019_ACTIVE_CAPABILITY_CATALOG.json|docs/99-governance/pr-050-p0-batch-12-evidence-closure/PR-050-P0-BATCH-12-EVIDENCE-CLOSURE.md,ndsp_commercial_staging,2026-08-01T09:54:20Z,origin=RUNTIME_ONLY;confidence=MEDIUM;quality_filtered=true;human_validation=PENDING;full_power_preservation=REQUIRED;pr026_runtime=PENDING;pr026_missing=SOURCE|ENDPOINT|REAL_DATA|CALCULATION|TEST|UI;pr026_human_confirmation=REQUIRED;pr026_ui_complete=false;pr050_batch=B12_ENDPOINT_REAL_DATA;pr050_machine_evidence=CLOSED;pr050_evidence_paths=docs/99-governance/pr-019-capability-discovery-audit/PR019_ACTIVE_CAPABILITY_CATALOG.json;pr050_human_confirmation=REQUIRED;pr050_ui_complete=false
CAP-A49CDCFF7C02,Ndsp Completed Decision,Runtime service with no confirmed source-to-UI mapping,{ path=/usr/bin/node ; argv[]=/usr/bin/node /home/nawaf511/empire-core-new/backend/services/completed_decision/main.cjs ; ignore_errors=no ; start_time=[n/a] ; stop_time=[n/a] ; pid=0 ; code=(null) ; status=0/0 },ndsp-completed_decision.service,DISCOVERY_REQUIRED,UNKNOWN,DISCOVERY_REQUIRED,DISCOVERY_REQUIRED,UNMAPPED,DISCOVERY_REQUIRED,DISCOVERY_REQUIRED,UNKNOWN,REVIEW_REQUIRED,PR019_RUNTIME_EVIDENCE.json|docs/99-governance/pr-019-capability-discovery-audit/PR019_ACTIVE_CAPABILITY_CATALOG.json|docs/99-governance/pr-051-p0-batch-13-evidence-closure/PR-051-P0-BATCH-13-EVIDENCE-CLOSURE.md,nawaf511,2026-08-01T09:58:13Z,origin=RUNTIME_ONLY;confidence=MEDIUM;quality_filtered=true;human_validation=PENDING;full_power_preservation=REQUIRED;pr026_runtime=PENDING;pr026_missing=SOURCE|ENDPOINT|REAL_DATA|CALCULATION|TEST|UI;pr026_human_confirmation=REQUIRED;pr026_ui_complete=false;pr051_batch=B13_ENDPOINT_REAL_DATA;pr051_machine_evidence=CLOSED;pr051_evidence_paths=docs/99-governance/pr-019-capability-discovery-audit/PR019_ACTIVE_CAPABILITY_CATALOG.json;pr051_human_confirmation=REQUIRED;pr051_ui_complete=false
CAP-50438E70B54F,Ndsp Completed Decisions Evidence V35,Runtime service with no confirmed source-to-UI mapping,{ path=/usr/bin/python3 ; argv[]=/usr/bin/python3 /home/nawaf511/empire-core-new/backend/app/runtime/ndsp_completed_decisions_evidence_v35.py ; ignore_errors=no ; start_time=[n/a] ; stop_time=[n/a] ; pid=0 ; code=(null) ; status=0/0 },ndsp-completed-decisions-evidence-v35.service,DISCOVERY_REQUIRED,UNKNOWN,DISCOVERY_REQUIRED,DISCOVERY_REQUIRED,UNMAPPED,DISCOVERY_REQUIRED,DISCOVERY_REQUIRED,UNKNOWN,REVIEW_REQUIRED,PR019_RUNTIME_EVIDENCE.json|docs/99-governance/pr-019-capability-discovery-audit/PR019_ACTIVE_CAPABILITY_CATALOG.json|docs/99-governance/pr-050-p0-batch-12-evidence-closure/PR-050-P0-BATCH-12-EVIDENCE-CLOSURE.md,nawaf511,2026-08-01T09:54:20Z,origin=RUNTIME_ONLY;confidence=MEDIUM;quality_filtered=true;human_validation=PENDING;full_power_preservation=REQUIRED;pr026_runtime=PENDING;pr026_missing=SOURCE|ENDPOINT|REAL_DATA|CALCULATION|TEST|UI;pr026_human_confirmation=REQUIRED;pr026_ui_complete=false;pr050_batch=B12_ENDPOINT_REAL_DATA;pr050_machine_evidence=CLOSED;pr050_evidence_paths=docs/99-governance/pr-019-capability-discovery-audit/PR019_ACTIVE_CAPABILITY_CATALOG.json;pr050_human_confirmation=REQUIRED;pr050_ui_complete=false
CAP-559BFA960608,Ndsp Completed Decisions History V36,Runtime service with no confirmed source-to-UI mapping,{ path=/usr/bin/python3 ; argv[]=/usr/bin/python3 /home/nawaf511/empire-core-new/backend/app/runtime/ndsp_completed_decisions_history_v36.py serve ; ignore_errors=no ; start_time=[n/a] ; stop_time=[n/a] ; pid=0 ; code=(null) ; status=0/0 },ndsp-completed-decisions-history-v36.service,DISCOVERY_REQUIRED,UNKNOWN,DISCOVERY_REQUIRED,DISCOVERY_REQUIRED,UNMAPPED,DISCOVERY_REQUIRED,DISCOVERY_REQUIRED,UNKNOWN,REVIEW_REQUIRED,PR019_RUNTIME_EVIDENCE.json|docs/99-governance/pr-019-capability-discovery-audit/PR019_ACTIVE_CAPABILITY_CATALOG.json|docs/99-governance/pr-050-p0-batch-12-evidence-closure/PR-050-P0-BATCH-12-EVIDENCE-CLOSURE.md,nawaf511,2026-08-01T09:54:20Z,origin=RUNTIME_ONLY;confidence=MEDIUM;quality_filtered=true;human_validation=PENDING;full_power_preservation=REQUIRED;pr026_runtime=PENDING;pr026_missing=SOURCE|ENDPOINT|REAL_DATA|CALCULATION|TEST|UI;pr026_human_confirmation=REQUIRED;pr026_ui_complete=false;pr050_batch=B12_ENDPOINT_REAL_DATA;pr050_machine_evidence=CLOSED;pr050_evidence_paths=docs/99-governance/pr-019-capability-discovery-audit/PR019_ACTIVE_CAPABILITY_CATALOG.json;pr050_human_confirmation=REQUIRED;pr050_ui_complete=false
CAP-A231C4D75E0C,Ndsp Create Otp Auth Url,Business or platform capability discovered from ndspCreateOtpAuthUrl in backend/server.js,backend/server.js::ndspCreateOtpAuthUrl,DISCOVERY_REQUIRED,GET /health|POST /auth/register|POST /auth/login|GET /me|POST /feedback|POST /upgrade-request|GET /upgrade-requests/me|GET /admin/upgrade-requests|POST /admin/upgrade-requests/:id/review|GET /trial/status|GET /admin/feedback|POST /admin/feedback/:id/review|GET /notifications|POST /notifications/:id/read|GET /admin/notifications|POST /admin/notifications/send|GET /plans|GET /admin/plans|PUT /admin/plans/:id|POST /admin/plans/:id/features|DELETE /admin/plan-features/:id|PUT /admin/plans/:id/layers/:layerKey|GET /admin/stats|PUT /admin/users/:id|DELETE /admin/users/:id|GET /admin/users|POST /api/auth/2fa/setup/start|POST /api/auth/2fa/setup/confirm|POST /__retired_api_admin_users_action_legacy|POST /api/auth/2fa/setup/start|GET /api/admin/telegram-routing/status|POST /api/admin/telegram-routing/update|POST /api/admin/telegram-routing/test,JSON,CALCULATED_REAL,ADMIN,TRIAL,DISCOVERY_REQUIRED,UI_PARTIAL,REAL_SNAPSHOT,REVIEW_REQUIRED,backend/server.js|docs/99-governance/pr-019-capability-discovery-audit/PR019_ACTIVE_CAPABILITY_CATALOG.json|docs/99-governance/pr-052-p0-batch-14-evidence-closure/PR-052-P0-BATCH-14-EVIDENCE-CLOSURE.md,DISCOVERY_REQUIRED,2026-08-01T10:01:31Z,origin=LOCAL_MODIFIED;confidence=HIGH;business_keyword_score=5;quality_filtered=true;human_validation=PENDING;full_power_preservation=REQUIRED;pr026_runtime=PENDING;pr026_missing=SERVICE|TEST|UI;pr026_human_confirmation=REQUIRED;pr026_ui_complete=false;pr052_batch=B14_SERVICE_ONLY;pr052_machine_evidence=CLOSED;pr052_evidence_paths=docs/99-governance/pr-019-capability-discovery-audit/PR019_ACTIVE_CAPABILITY_CATALOG.json;pr052_human_confirmation=REQUIRED;pr052_ui_complete=false
CAP-4F0B75AAC48C,Ndsp Ctl 001 Workspace Identity,Runtime service with no confirmed source-to-UI mapping,{ path=/usr/bin/node ; argv[]=/usr/bin/node /home/nawaf511/empire-core-new/backend/services/ctl-001-workspace-identity/main.cjs ; ignore_errors=no ; start_time=[n/a] ; stop_time=[n/a] ; pid=0 ; code=(null) ; status=0/0 },ndsp-ctl-001-workspace-identity.service,DISCOVERY_REQUIRED,UNKNOWN,DISCOVERY_REQUIRED,DISCOVERY_REQUIRED,UNMAPPED,DISCOVERY_REQUIRED,DISCOVERY_REQUIRED,UNKNOWN,REVIEW_REQUIRED,PR019_RUNTIME_EVIDENCE.json|docs/99-governance/pr-019-capability-discovery-audit/PR019_ACTIVE_CAPABILITY_CATALOG.json|docs/99-governance/pr-050-p0-batch-12-evidence-closure/PR-050-P0-BATCH-12-EVIDENCE-CLOSURE.md,nawaf511,2026-08-01T09:54:20Z,origin=RUNTIME_ONLY;confidence=MEDIUM;quality_filtered=true;human_validation=PENDING;full_power_preservation=REQUIRED;pr026_runtime=PENDING;pr026_missing=SOURCE|ENDPOINT|REAL_DATA|CALCULATION|TEST|UI;pr026_human_confirmation=REQUIRED;pr026_ui_complete=false;pr050_batch=B12_ENDPOINT_REAL_DATA;pr050_machine_evidence=CLOSED;pr050_evidence_paths=docs/99-governance/pr-019-capability-discovery-audit/PR019_ACTIVE_CAPABILITY_CATALOG.json;pr050_human_confirmation=REQUIRED;pr050_ui_complete=false
CAP-8F2A33B96CD7,Ndsp Current User Display,Runtime service with no confirmed source-to-UI mapping,{ path=/opt/ndsp-current-user-display/.venv/bin/uvicorn ; argv[]=/opt/ndsp-current-user-display/.venv/bin/uvicorn app:app --host 127.0.0.1 --port 9074 ; ignore_errors=no ; start_time=[n/a] ; stop_time=[n/a] ; pid=0 ; code=(null) ; status=0/0 },ndsp-current-user-display.service,DISCOVERY_REQUIRED,UNKNOWN,DISCOVERY_REQUIRED,DISCOVERY_REQUIRED,UNMAPPED,DISCOVERY_REQUIRED,DISCOVERY_REQUIRED,UNKNOWN,REVIEW_REQUIRED,PR019_RUNTIME_EVIDENCE.json|docs/99-governance/pr-019-capability-discovery-audit/PR019_ACTIVE_CAPABILITY_CATALOG.json|docs/99-governance/pr-050-p0-batch-12-evidence-closure/PR-050-P0-BATCH-12-EVIDENCE-CLOSURE.md,postgres,2026-08-01T09:54:20Z,origin=RUNTIME_ONLY;confidence=MEDIUM;quality_filtered=true;human_validation=PENDING;full_power_preservation=REQUIRED;pr026_runtime=PENDING;pr026_missing=SOURCE|ENDPOINT|REAL_DATA|CALCULATION|TEST|UI;pr026_human_confirmation=REQUIRED;pr026_ui_complete=false;pr050_batch=B12_ENDPOINT_REAL_DATA;pr050_machine_evidence=CLOSED;pr050_evidence_paths=docs/99-governance/pr-019-capability-discovery-audit/PR019_ACTIVE_CAPABILITY_CATALOG.json;pr050_human_confirmation=REQUIRED;pr050_ui_complete=false
CAP-DD2EA6FDA5D8,Ndsp Decision Governance Core,Runtime service with no confirmed source-to-UI mapping,{ path=/usr/bin/node ; argv[]=/usr/bin/node /home/nawaf511/empire-core-new/backend/services/decision_governance_core/main.cjs ; ignore_errors=no ; start_time=[n/a] ; stop_time=[n/a] ; pid=0 ; code=(null) ; status=0/0 },ndsp-decision_governance_core.service,DISCOVERY_REQUIRED,UNKNOWN,DISCOVERY_REQUIRED,DISCOVERY_REQUIRED,UNMAPPED,DISCOVERY_REQUIRED,DISCOVERY_REQUIRED,UNKNOWN,REVIEW_REQUIRED,PR019_RUNTIME_EVIDENCE.json|docs/99-governance/pr-019-capability-discovery-audit/PR019_ACTIVE_CAPABILITY_CATALOG.json|docs/99-governance/pr-051-p0-batch-13-evidence-closure/PR-051-P0-BATCH-13-EVIDENCE-CLOSURE.md,nawaf511,2026-08-01T09:58:13Z,origin=RUNTIME_ONLY;confidence=MEDIUM;quality_filtered=true;human_validation=PENDING;full_power_preservation=REQUIRED;pr026_runtime=PENDING;pr026_missing=SOURCE|ENDPOINT|REAL_DATA|CALCULATION|TEST|UI;pr026_human_confirmation=REQUIRED;pr026_ui_complete=false;pr051_batch=B13_ENDPOINT_REAL_DATA;pr051_machine_evidence=CLOSED;pr051_evidence_paths=docs/99-governance/pr-019-capability-discovery-audit/PR019_ACTIVE_CAPABILITY_CATALOG.json;pr051_human_confirmation=REQUIRED;pr051_ui_complete=false
CAP-E3FE8FA9E536,Ndsp Decision Package V1,Runtime service with no confirmed source-to-UI mapping,{ path=/opt/ndsp-decision-package-v1/venv/bin/uvicorn ; argv[]=/opt/ndsp-decision-package-v1/venv/bin/uvicorn app:app --host 127.0.0.1 --port 9061 ; ignore_errors=no ; start_time=[n/a] ; stop_time=[n/a] ; pid=0 ; code=(null) ; status=0/0 },ndsp-decision-package-v1.service,DISCOVERY_REQUIRED,UNKNOWN,DISCOVERY_REQUIRED,DISCOVERY_REQUIRED,UNMAPPED,DISCOVERY_REQUIRED,DISCOVERY_REQUIRED,UNKNOWN,REVIEW_REQUIRED,PR019_RUNTIME_EVIDENCE.json|docs/99-governance/pr-019-capability-discovery-audit/PR019_ACTIVE_CAPABILITY_CATALOG.json|docs/99-governance/pr-051-p0-batch-13-evidence-closure/PR-051-P0-BATCH-13-EVIDENCE-CLOSURE.md,DISCOVERY_REQUIRED,2026-08-01T09:58:13Z,origin=RUNTIME_ONLY;confidence=MEDIUM;quality_filtered=true;human_validation=PENDING;full_power_preservation=REQUIRED;pr026_runtime=PENDING;pr026_missing=SOURCE|ENDPOINT|REAL_DATA|CALCULATION|TEST|UI;pr026_human_confirmation=REQUIRED;pr026_ui_complete=false;pr051_batch=B13_ENDPOINT_REAL_DATA;pr051_machine_evidence=CLOSED;pr051_evidence_paths=docs/99-governance/pr-019-capability-discovery-audit/PR019_ACTIVE_CAPABILITY_CATALOG.json;pr051_human_confirmation=REQUIRED;pr051_ui_complete=false
CAP-6D3062BEB048,Ndsp Live Market Adapter,Business or platform capability discovered from ndsp_live_market_adapter in backend/ndsp_live_market_adapter.cjs,backend/ndsp_live_market_adapter.cjs::ndsp_live_market_adapter,ndsp-live-market-adapter.service,DISCOVERY_REQUIRED,HTTP_API|JSON,CALCULATED_REAL,PUBLIC,TRIAL,DISCOVERY_REQUIRED,UI_PARTIAL,REAL_LIVE,REVIEW_REQUIRED,backend/ndsp_live_market_adapter.cjs,DISCOVERY_REQUIRED,2026-07-31T22:08:07Z,origin=LOCAL_ONLY;confidence=MEDIUM;business_keyword_score=6;quality_filtered=true;human_validation=PENDING;full_power_preservation=REQUIRED;pr026_runtime=PENDING;pr026_missing=SOURCE|ENDPOINT|TEST|UI;pr026_human_confirmation=REQUIRED;pr026_ui_complete=false
CAP-2CD14474428C,Ndsp Market Data Bridge V2,Runtime service with no confirmed source-to-UI mapping,{ path=/usr/bin/python3 ; argv[]=/usr/bin/python3 /opt/ndsp-market-data-bridge-v2/bridge.py ; ignore_errors=no ; start_time=[n/a] ; stop_time=[n/a] ; pid=0 ; code=(null) ; status=0/0 },ndsp-market-data-bridge-v2.service,DISCOVERY_REQUIRED,UNKNOWN,DISCOVERY_REQUIRED,DISCOVERY_REQUIRED,UNMAPPED,DISCOVERY_REQUIRED,DISCOVERY_REQUIRED,UNKNOWN,REVIEW_REQUIRED,PR019_RUNTIME_EVIDENCE.json|docs/99-governance/pr-019-capability-discovery-audit/PR019_ACTIVE_CAPABILITY_CATALOG.json|docs/99-governance/pr-050-p0-batch-12-evidence-closure/PR-050-P0-BATCH-12-EVIDENCE-CLOSURE.md,nobody,2026-08-01T09:54:20Z,origin=RUNTIME_ONLY;confidence=MEDIUM;quality_filtered=true;human_validation=PENDING;full_power_preservation=REQUIRED;pr026_runtime=PENDING;pr026_missing=SOURCE|ENDPOINT|REAL_DATA|CALCULATION|TEST|UI;pr026_human_confirmation=REQUIRED;pr026_ui_complete=false;pr050_batch=B12_ENDPOINT_REAL_DATA;pr050_machine_evidence=CLOSED;pr050_evidence_paths=docs/99-governance/pr-019-capability-discovery-audit/PR019_ACTIVE_CAPABILITY_CATALOG.json;pr050_human_confirmation=REQUIRED;pr050_ui_complete=false
CAP-423A14E667A6,Ndsp News Ticker,Runtime service with no confirmed source-to-UI mapping,{ path=/usr/bin/node ; argv[]=/usr/bin/node /opt/ndsp-news-ticker/server.js ; ignore_errors=no ; start_time=[n/a] ; stop_time=[n/a] ; pid=0 ; code=(null) ; status=0/0 },ndsp-news-ticker.service,DISCOVERY_REQUIRED,UNKNOWN,DISCOVERY_REQUIRED,DISCOVERY_REQUIRED,UNMAPPED,DISCOVERY_REQUIRED,DISCOVERY_REQUIRED,UNKNOWN,REVIEW_REQUIRED,PR019_RUNTIME_EVIDENCE.json|docs/99-governance/pr-019-capability-discovery-audit/PR019_ACTIVE_CAPABILITY_CATALOG.json|docs/99-governance/pr-050-p0-batch-12-evidence-closure/PR-050-P0-BATCH-12-EVIDENCE-CLOSURE.md,nawaf511,2026-08-01T09:54:20Z,origin=RUNTIME_ONLY;confidence=MEDIUM;quality_filtered=true;human_validation=PENDING;full_power_preservation=REQUIRED;pr026_runtime=PENDING;pr026_missing=SOURCE|ENDPOINT|REAL_DATA|CALCULATION|TEST|UI;pr026_human_confirmation=REQUIRED;pr026_ui_complete=false;pr050_batch=B12_ENDPOINT_REAL_DATA;pr050_machine_evidence=CLOSED;pr050_evidence_paths=docs/99-governance/pr-019-capability-discovery-audit/PR019_ACTIVE_CAPABILITY_CATALOG.json;pr050_human_confirmation=REQUIRED;pr050_ui_complete=false
CAP-856006E91456,Ndsp Platform Gateway 9002,Runtime service with no confirmed source-to-UI mapping,{ path=/usr/bin/python3 ; argv[]=/usr/bin/python3 /opt/ndsp-platform-gateway-9002/app.py ; ignore_errors=no ; start_time=[n/a] ; stop_time=[n/a] ; pid=0 ; code=(null) ; status=0/0 },ndsp-platform-gateway-9002.service,DISCOVERY_REQUIRED,UNKNOWN,DISCOVERY_REQUIRED,DISCOVERY_REQUIRED,UNMAPPED,DISCOVERY_REQUIRED,DISCOVERY_REQUIRED,UNKNOWN,REVIEW_REQUIRED,PR019_RUNTIME_EVIDENCE.json|docs/99-governance/pr-019-capability-discovery-audit/PR019_ACTIVE_CAPABILITY_CATALOG.json|docs/99-governance/pr-050-p0-batch-12-evidence-closure/PR-050-P0-BATCH-12-EVIDENCE-CLOSURE.md,www-data,2026-08-01T09:54:20Z,origin=RUNTIME_ONLY;confidence=MEDIUM;quality_filtered=true;human_validation=PENDING;full_power_preservation=REQUIRED;pr026_runtime=PENDING;pr026_missing=SOURCE|ENDPOINT|REAL_DATA|CALCULATION|TEST|UI;pr026_human_confirmation=REQUIRED;pr026_ui_complete=false;pr050_batch=B12_ENDPOINT_REAL_DATA;pr050_machine_evidence=CLOSED;pr050_evidence_paths=docs/99-governance/pr-019-capability-discovery-audit/PR019_ACTIVE_CAPABILITY_CATALOG.json;pr050_human_confirmation=REQUIRED;pr050_ui_complete=false
CAP-0066A47FF328,Ndsp Public Decision Quality,Business or platform capability discovered from ndsp_public_decision_quality in backend/app/api/ndsp_public_quality_unique.py,backend/app/api/ndsp_public_quality_unique.py::ndsp_public_decision_quality,DISCOVERY_REQUIRED,GET /api/ndsp/public/decision-quality|GET /api/ndsp/public/decision-quality,UNKNOWN,DISCOVERY_REQUIRED,PUBLIC,UNMAPPED,DISCOVERY_REQUIRED,SOURCE_IDENTIFIED,UNKNOWN,REVIEW_REQUIRED,backend/app/api/ndsp_public_quality_unique.py|docs/99-governance/pr-019-capability-discovery-audit/PR019_ACTIVE_CAPABILITY_CATALOG.json|docs/99-governance/pr-047-p0-batch-09-evidence-closure/PR-047-P0-BATCH-09-EVIDENCE-CLOSURE.md,DISCOVERY_REQUIRED,2026-08-01T09:42:28Z,origin=LOCAL_ONLY;confidence=HIGH;business_keyword_score=5;quality_filtered=true;human_validation=PENDING;full_power_preservation=REQUIRED;pr026_runtime=PENDING;pr026_missing=SOURCE|SERVICE|REAL_DATA|CALCULATION|TEST|UI;pr026_human_confirmation=REQUIRED;pr026_ui_complete=false;pr047_batch=B09_SERVICE_REAL_DATA;pr047_machine_evidence=CLOSED;pr047_evidence_paths=docs/99-governance/pr-019-capability-discovery-audit/PR019_ACTIVE_CAPABILITY_CATALOG.json;pr047_human_confirmation=REQUIRED;pr047_ui_complete=false
CAP-02AC4C12E6F4,Ndsp Public Summary V548,Runtime service with no confirmed source-to-UI mapping,{ path=/usr/bin/python3 ; argv[]=/usr/bin/python3 /opt/ndsp-public-summary-v548/app.py ; ignore_errors=no ; start_time=[n/a] ; stop_time=[n/a] ; pid=0 ; code=(null) ; status=0/0 },ndsp-public-summary-v548.service,DISCOVERY_REQUIRED,UNKNOWN,DISCOVERY_REQUIRED,DISCOVERY_REQUIRED,UNMAPPED,DISCOVERY_REQUIRED,DISCOVERY_REQUIRED,UNKNOWN,REVIEW_REQUIRED,PR019_RUNTIME_EVIDENCE.json|docs/99-governance/pr-019-capability-discovery-audit/PR019_ACTIVE_CAPABILITY_CATALOG.json|docs/99-governance/pr-050-p0-batch-12-evidence-closure/PR-050-P0-BATCH-12-EVIDENCE-CLOSURE.md,nawaf511,2026-08-01T09:54:20Z,origin=RUNTIME_ONLY;confidence=MEDIUM;quality_filtered=true;human_validation=PENDING;full_power_preservation=REQUIRED;pr026_runtime=PENDING;pr026_missing=SOURCE|ENDPOINT|REAL_DATA|CALCULATION|TEST|UI;pr026_human_confirmation=REQUIRED;pr026_ui_complete=false;pr050_batch=B12_ENDPOINT_REAL_DATA;pr050_machine_evidence=CLOSED;pr050_evidence_paths=docs/99-governance/pr-019-capability-discovery-audit/PR019_ACTIVE_CAPABILITY_CATALOG.json;pr050_human_confirmation=REQUIRED;pr050_ui_complete=false
CAP-D38B6F09E3C9,Ndsp Quality Live Nmp Wrapper,Runtime service with no confirmed source-to-UI mapping,{ path=/usr/bin/python3 ; argv[]=/usr/bin/python3 /home/nawaf511/empire-core-new/backend/app/runtime/ndsp_quality_live_nmp_wrapper.py ; ignore_errors=no ; start_time=[n/a] ; stop_time=[n/a] ; pid=0 ; code=(null) ; status=0/0 },ndsp-quality-live-nmp-wrapper.service,DISCOVERY_REQUIRED,UNKNOWN,DISCOVERY_REQUIRED,DISCOVERY_REQUIRED,UNMAPPED,DISCOVERY_REQUIRED,DISCOVERY_REQUIRED,UNKNOWN,REVIEW_REQUIRED,PR019_RUNTIME_EVIDENCE.json|docs/99-governance/pr-019-capability-discovery-audit/PR019_ACTIVE_CAPABILITY_CATALOG.json|docs/99-governance/pr-051-p0-batch-13-evidence-closure/PR-051-P0-BATCH-13-EVIDENCE-CLOSURE.md,root,2026-08-01T09:58:13Z,origin=RUNTIME_ONLY;confidence=MEDIUM;quality_filtered=true;human_validation=PENDING;full_power_preservation=REQUIRED;pr026_runtime=PENDING;pr026_missing=SOURCE|ENDPOINT|REAL_DATA|CALCULATION|TEST|UI;pr026_human_confirmation=REQUIRED;pr026_ui_complete=false;pr051_batch=B13_ENDPOINT_REAL_DATA;pr051_machine_evidence=CLOSED;pr051_evidence_paths=docs/99-governance/pr-019-capability-discovery-audit/PR019_ACTIVE_CAPABILITY_CATALOG.json;pr051_human_confirmation=REQUIRED;pr051_ui_complete=false
CAP-75332A37EEA5,Ndsp Read Admin Action Key,Business or platform capability discovered from ndspReadAdminActionKey in backend/server.js,backend/server.js::ndspReadAdminActionKey,DISCOVERY_REQUIRED,GET /health|POST /auth/register|POST /auth/login|GET /me|POST /feedback|POST /upgrade-request|GET /upgrade-requests/me|GET /admin/upgrade-requests|POST /admin/upgrade-requests/:id/review|GET /trial/status|GET /admin/feedback|POST /admin/feedback/:id/review|GET /notifications|POST /notifications/:id/read|GET /admin/notifications|POST /admin/notifications/send|GET /plans|GET /admin/plans|PUT /admin/plans/:id|POST /admin/plans/:id/features|DELETE /admin/plan-features/:id|PUT /admin/plans/:id/layers/:layerKey|GET /admin/stats|PUT /admin/users/:id|DELETE /admin/users/:id|GET /admin/users|POST /api/auth/2fa/setup/start|POST /api/auth/2fa/setup/confirm|POST /__retired_api_admin_users_action_legacy|POST /api/auth/2fa/setup/start|GET /api/admin/telegram-routing/status|POST /api/admin/telegram-routing/update|POST /api/admin/telegram-routing/test,JSON,CALCULATED_REAL,ADMIN,TRIAL,DISCOVERY_REQUIRED,UI_PARTIAL,REAL_SNAPSHOT,REVIEW_REQUIRED,backend/server.js|docs/99-governance/pr-019-capability-discovery-audit/PR019_ACTIVE_CAPABILITY_CATALOG.json|docs/99-governance/pr-052-p0-batch-14-evidence-closure/PR-052-P0-BATCH-14-EVIDENCE-CLOSURE.md,DISCOVERY_REQUIRED,2026-08-01T10:01:31Z,origin=LOCAL_MODIFIED;confidence=HIGH;business_keyword_score=5;quality_filtered=true;human_validation=PENDING;full_power_preservation=REQUIRED;pr026_runtime=PENDING;pr026_missing=SERVICE|TEST|UI;pr026_human_confirmation=REQUIRED;pr026_ui_complete=false;pr052_batch=B14_SERVICE_ONLY;pr052_machine_evidence=CLOSED;pr052_evidence_paths=docs/99-governance/pr-019-capability-discovery-audit/PR019_ACTIVE_CAPABILITY_CATALOG.json;pr052_human_confirmation=REQUIRED;pr052_ui_complete=false
CAP-6C85E57F2482,Ndsp Registration Consent V42,Runtime service with no confirmed source-to-UI mapping,{ path=/usr/bin/node ; argv[]=/usr/bin/node /opt/ndsp/legal-v42/ndsp-registration-consent-gateway.cjs ; ignore_errors=no ; start_time=[n/a] ; stop_time=[n/a] ; pid=0 ; code=(null) ; status=0/0 },ndsp-registration-consent-v42.service,DISCOVERY_REQUIRED,UNKNOWN,DISCOVERY_REQUIRED,DISCOVERY_REQUIRED,UNMAPPED,DISCOVERY_REQUIRED,DISCOVERY_REQUIRED,UNKNOWN,REVIEW_REQUIRED,PR019_RUNTIME_EVIDENCE.json|docs/99-governance/pr-019-capability-discovery-audit/PR019_ACTIVE_CAPABILITY_CATALOG.json|docs/99-governance/pr-050-p0-batch-12-evidence-closure/PR-050-P0-BATCH-12-EVIDENCE-CLOSURE.md,www-data,2026-08-01T09:54:20Z,origin=RUNTIME_ONLY;confidence=MEDIUM;quality_filtered=true;human_validation=PENDING;full_power_preservation=REQUIRED;pr026_runtime=PENDING;pr026_missing=SOURCE|ENDPOINT|REAL_DATA|CALCULATION|TEST|UI;pr026_human_confirmation=REQUIRED;pr026_ui_complete=false;pr050_batch=B12_ENDPOINT_REAL_DATA;pr050_machine_evidence=CLOSED;pr050_evidence_paths=docs/99-governance/pr-019-capability-discovery-audit/PR019_ACTIVE_CAPABILITY_CATALOG.json;pr050_human_confirmation=REQUIRED;pr050_ui_complete=false
CAP-F7E8B7536496,Ndsp Restore Governance Keys,Business or platform capability discovered from _ndsp_restore_governance_keys in backend/app/ndsp_governance/decision_output_policy.py,backend/app/ndsp_governance/decision_output_policy.py::_ndsp_restore_governance_keys,DISCOVERY_REQUIRED,DISCOVERY_REQUIRED,JSON,CALCULATED_REAL,ADMIN,SUBSCRIPTION,DISCOVERY_REQUIRED,UI_PARTIAL,REAL_SNAPSHOT,REVIEW_REQUIRED,backend/app/ndsp_governance/decision_output_policy.py|docs/99-governance/pr-019-capability-discovery-audit/PR019_ACTIVE_CAPABILITY_CATALOG.json|docs/99-governance/pr-045-p0-batch-07-evidence-closure/PR-045-P0-BATCH-07-EVIDENCE-CLOSURE.md,DISCOVERY_REQUIRED,2026-08-01T09:33:54Z,origin=LOCAL_ONLY;confidence=HIGH;business_keyword_score=14;quality_filtered=true;human_validation=PENDING;full_power_preservation=REQUIRED;pr026_runtime=PENDING;pr026_missing=SOURCE|SERVICE|ENDPOINT|TEST|UI;pr026_human_confirmation=REQUIRED;pr026_ui_complete=false;pr045_batch=B07_SERVICE_ENDPOINT;pr045_machine_evidence=CLOSED;pr045_evidence_paths=docs/99-governance/pr-019-capability-discovery-audit/PR019_ACTIVE_CAPABILITY_CATALOG.json;pr045_human_confirmation=REQUIRED;pr045_ui_complete=false
CAP-95CC41040BDF,Ndsp Restore Mandatory Governance,Business or platform capability discovered from _ndsp_restore_mandatory_governance in backend/app/ndsp_governance/decision_output_policy.py,backend/app/ndsp_governance/decision_output_policy.py::_ndsp_restore_mandatory_governance,DISCOVERY_REQUIRED,DISCOVERY_REQUIRED,JSON,CALCULATED_REAL,ADMIN,SUBSCRIPTION,DISCOVERY_REQUIRED,UI_PARTIAL,REAL_SNAPSHOT,REVIEW_REQUIRED,backend/app/ndsp_governance/decision_output_policy.py|docs/99-governance/pr-019-capability-discovery-audit/PR019_ACTIVE_CAPABILITY_CATALOG.json|docs/99-governance/pr-045-p0-batch-07-evidence-closure/PR-045-P0-BATCH-07-EVIDENCE-CLOSURE.md,DISCOVERY_REQUIRED,2026-08-01T09:33:54Z,origin=LOCAL_ONLY;confidence=HIGH;business_keyword_score=14;quality_filtered=true;human_validation=PENDING;full_power_preservation=REQUIRED;pr026_runtime=PENDING;pr026_missing=SOURCE|SERVICE|ENDPOINT|TEST|UI;pr026_human_confirmation=REQUIRED;pr026_ui_complete=false;pr045_batch=B07_SERVICE_ENDPOINT;pr045_machine_evidence=CLOSED;pr045_evidence_paths=docs/99-governance/pr-019-capability-discovery-audit/PR019_ACTIVE_CAPABILITY_CATALOG.json;pr045_human_confirmation=REQUIRED;pr045_ui_complete=false
CAP-48E363203012,Ndsp Tf Quality,Business or platform capability discovered from _ndsp_tf_quality in backend/ndsp-live-decision-quality/server.py,backend/ndsp-live-decision-quality/server.py::_ndsp_tf_quality,ndsp-live-decision-quality.service,GET /api/decision/quality-live|GET /api/decision/quality-live/health|GET /api/decision/quality-live|GET /api/decision/quality-live/health,CSV|JSON,CALCULATED_REAL,PUBLIC,UNMAPPED,DISCOVERY_REQUIRED,SERVICE_CONNECTED,REAL_SNAPSHOT,REVIEW_REQUIRED,backend/ndsp-live-decision-quality/server.py,DISCOVERY_REQUIRED,2026-07-31T22:08:07Z,origin=LOCAL_ONLY;confidence=HIGH;business_keyword_score=9;quality_filtered=true;human_validation=PENDING;full_power_preservation=REQUIRED;pr026_runtime=PENDING;pr026_missing=SOURCE|TEST|UI;pr026_human_confirmation=REQUIRED;pr026_ui_complete=false
CAP-8F62216C7937,Ndsp Ui Bridge Api,Runtime service with no confirmed source-to-UI mapping,{ path=/usr/bin/python3 ; argv[]=/usr/bin/python3 -m uvicorn main:app --host 127.0.0.1 --port 9066 ; ignore_errors=no ; start_time=[n/a] ; stop_time=[n/a] ; pid=0 ; code=(null) ; status=0/0 },ndsp-ui-bridge-api.service,DISCOVERY_REQUIRED,UNKNOWN,DISCOVERY_REQUIRED,DISCOVERY_REQUIRED,UNMAPPED,DISCOVERY_REQUIRED,DISCOVERY_REQUIRED,UNKNOWN,REVIEW_REQUIRED,PR019_RUNTIME_EVIDENCE.json|docs/99-governance/pr-019-capability-discovery-audit/PR019_ACTIVE_CAPABILITY_CATALOG.json|docs/99-governance/pr-050-p0-batch-12-evidence-closure/PR-050-P0-BATCH-12-EVIDENCE-CLOSURE.md,root,2026-08-01T09:54:20Z,origin=RUNTIME_ONLY;confidence=MEDIUM;quality_filtered=true;human_validation=PENDING;full_power_preservation=REQUIRED;pr026_runtime=PENDING;pr026_missing=SOURCE|ENDPOINT|REAL_DATA|CALCULATION|TEST|UI;pr026_human_confirmation=REQUIRED;pr026_ui_complete=false;pr050_batch=B12_ENDPOINT_REAL_DATA;pr050_machine_evidence=CLOSED;pr050_evidence_paths=docs/99-governance/pr-019-capability-discovery-audit/PR019_ACTIVE_CAPABILITY_CATALOG.json;pr050_human_confirmation=REQUIRED;pr050_ui_complete=false
CAP-C887E550660D,Ndsp V1 Public Data Quality,Business or platform capability discovered from _ndsp_v1_public_data_quality in backend/ndsp-live-decision-quality/server.py,backend/ndsp-live-decision-quality/server.py::_ndsp_v1_public_data_quality,ndsp-live-decision-quality.service,GET /api/decision/quality-live|GET /api/decision/quality-live/health|GET /api/decision/quality-live|GET /api/decision/quality-live/health,CSV|JSON,CALCULATED_REAL,PUBLIC,UNMAPPED,DISCOVERY_REQUIRED,SERVICE_CONNECTED,REAL_SNAPSHOT,REVIEW_REQUIRED,backend/ndsp-live-decision-quality/server.py,DISCOVERY_REQUIRED,2026-07-31T22:08:07Z,origin=LOCAL_ONLY;confidence=HIGH;business_keyword_score=9;quality_filtered=true;human_validation=PENDING;full_power_preservation=REQUIRED;pr026_runtime=PENDING;pr026_missing=SOURCE|TEST|UI;pr026_human_confirmation=REQUIRED;pr026_ui_complete=false
CAP-B519831DD104,Ndsp V201 Report Age Days,Business or platform capability discovered from _ndsp_v201_report_age_days in apps/ndsp-raw-cot-gateway/app.py,apps/ndsp-raw-cot-gateway/app.py::_ndsp_v201_report_age_days,ndsp-raw-cot-gateway.service,GET /api/admin/raw-cot/health|GET /api/admin/raw-cot/import-current|POST /api/admin/raw-cot/import-current|GET /api/admin/raw-cot/status|GET /api/admin/raw-cot/health|GET /api/admin/raw-cot/import-current|POST /api/admin/raw-cot/import-current|GET /api/admin/raw-cot/status,CSV|JSON,CALCULATED_REAL,ADMIN,ADMIN,DISCOVERY_REQUIRED,UI_PARTIAL,REAL_SNAPSHOT,REVIEW_REQUIRED,apps/ndsp-raw-cot-gateway/app.py,DISCOVERY_REQUIRED,2026-07-31T22:08:07Z,origin=LOCAL_ONLY;confidence=HIGH;business_keyword_score=7;quality_filtered=true;human_validation=PENDING;full_power_preservation=REQUIRED;pr026_runtime=PENDING;pr026_missing=SOURCE|TEST|UI;pr026_human_confirmation=REQUIRED;pr026_ui_complete=false
CAP-FA2F2A8AA5C9,Ndsp V3 Portal Gateway,Runtime service with no confirmed source-to-UI mapping,{ path=/usr/bin/python3 ; argv[]=/usr/bin/python3 /opt/ndsp-v3-portal-gateway/app.py ; ignore_errors=no ; start_time=[n/a] ; stop_time=[n/a] ; pid=0 ; code=(null) ; status=0/0 },ndsp-v3-portal-gateway.service,DISCOVERY_REQUIRED,UNKNOWN,DISCOVERY_REQUIRED,DISCOVERY_REQUIRED,UNMAPPED,DISCOVERY_REQUIRED,DISCOVERY_REQUIRED,UNKNOWN,REVIEW_REQUIRED,PR019_RUNTIME_EVIDENCE.json|docs/99-governance/pr-019-capability-discovery-audit/PR019_ACTIVE_CAPABILITY_CATALOG.json|docs/99-governance/pr-051-p0-batch-13-evidence-closure/PR-051-P0-BATCH-13-EVIDENCE-CLOSURE.md,www-data,2026-08-01T09:58:13Z,origin=RUNTIME_ONLY;confidence=MEDIUM;quality_filtered=true;human_validation=PENDING;full_power_preservation=REQUIRED;pr026_runtime=PENDING;pr026_missing=SOURCE|ENDPOINT|REAL_DATA|CALCULATION|TEST|UI;pr026_human_confirmation=REQUIRED;pr026_ui_complete=false;pr051_batch=B13_ENDPOINT_REAL_DATA;pr051_machine_evidence=CLOSED;pr051_evidence_paths=docs/99-governance/pr-019-capability-discovery-audit/PR019_ACTIVE_CAPABILITY_CATALOG.json;pr051_human_confirmation=REQUIRED;pr051_ui_complete=false
CAP-C2C16369E0B6,Ndsp V52 Contract,Runtime service with no confirmed source-to-UI mapping,{ path=/usr/bin/python3 ; argv[]=/usr/bin/python3 /opt/ndsp-v52-contract/app.py ; ignore_errors=no ; start_time=[n/a] ; stop_time=[n/a] ; pid=0 ; code=(null) ; status=0/0 },ndsp-v52-contract.service,DISCOVERY_REQUIRED,UNKNOWN,DISCOVERY_REQUIRED,DISCOVERY_REQUIRED,UNMAPPED,DISCOVERY_REQUIRED,DISCOVERY_REQUIRED,UNKNOWN,REVIEW_REQUIRED,PR019_RUNTIME_EVIDENCE.json|docs/99-governance/pr-019-capability-discovery-audit/PR019_ACTIVE_CAPABILITY_CATALOG.json|docs/99-governance/pr-051-p0-batch-13-evidence-closure/PR-051-P0-BATCH-13-EVIDENCE-CLOSURE.md,root,2026-08-01T09:58:13Z,origin=RUNTIME_ONLY;confidence=MEDIUM;quality_filtered=true;human_validation=PENDING;full_power_preservation=REQUIRED;pr026_runtime=PENDING;pr026_missing=SOURCE|ENDPOINT|REAL_DATA|CALCULATION|TEST|UI;pr026_human_confirmation=REQUIRED;pr026_ui_complete=false;pr051_batch=B13_ENDPOINT_REAL_DATA;pr051_machine_evidence=CLOSED;pr051_evidence_paths=docs/99-governance/pr-019-capability-discovery-audit/PR019_ACTIVE_CAPABILITY_CATALOG.json;pr051_human_confirmation=REQUIRED;pr051_ui_complete=false
CAP-0B34CF6B3DD7,Ndsp V53 Bridge,Runtime service with no confirmed source-to-UI mapping,{ path=/usr/bin/python3 ; argv[]=/usr/bin/python3 /opt/ndsp-v53-bridge/app.py ; ignore_errors=no ; start_time=[n/a] ; stop_time=[n/a] ; pid=0 ; code=(null) ; status=0/0 },ndsp-v53-bridge.service,DISCOVERY_REQUIRED,UNKNOWN,DISCOVERY_REQUIRED,DISCOVERY_REQUIRED,UNMAPPED,DISCOVERY_REQUIRED,DISCOVERY_REQUIRED,UNKNOWN,REVIEW_REQUIRED,PR019_RUNTIME_EVIDENCE.json|docs/99-governance/pr-019-capability-discovery-audit/PR019_ACTIVE_CAPABILITY_CATALOG.json|docs/99-governance/pr-050-p0-batch-12-evidence-closure/PR-050-P0-BATCH-12-EVIDENCE-CLOSURE.md,root,2026-08-01T09:54:20Z,origin=RUNTIME_ONLY;confidence=MEDIUM;quality_filtered=true;human_validation=PENDING;full_power_preservation=REQUIRED;pr026_runtime=PENDING;pr026_missing=SOURCE|ENDPOINT|REAL_DATA|CALCULATION|TEST|UI;pr026_human_confirmation=REQUIRED;pr026_ui_complete=false;pr050_batch=B12_ENDPOINT_REAL_DATA;pr050_machine_evidence=CLOSED;pr050_evidence_paths=docs/99-governance/pr-019-capability-discovery-audit/PR019_ACTIVE_CAPABILITY_CATALOG.json;pr050_human_confirmation=REQUIRED;pr050_ui_complete=false
CAP-E62FA2E1D004,Ndspdecision Governance Middleware,Business or platform capability discovered from NDSPDecisionGovernanceMiddleware in backend/app/ndsp_governance/decision_output_policy.py,backend/app/ndsp_governance/decision_output_policy.py::NDSPDecisionGovernanceMiddleware,DISCOVERY_REQUIRED,DISCOVERY_REQUIRED,JSON,CALCULATED_REAL,ADMIN,SUBSCRIPTION,DISCOVERY_REQUIRED,UI_PARTIAL,REAL_SNAPSHOT,REVIEW_REQUIRED,backend/app/ndsp_governance/decision_output_policy.py|docs/99-governance/pr-019-capability-discovery-audit/PR019_ACTIVE_CAPABILITY_CATALOG.json|docs/99-governance/pr-045-p0-batch-07-evidence-closure/PR-045-P0-BATCH-07-EVIDENCE-CLOSURE.md,DISCOVERY_REQUIRED,2026-08-01T09:33:54Z,origin=LOCAL_ONLY;confidence=HIGH;business_keyword_score=14;quality_filtered=true;human_validation=PENDING;full_power_preservation=REQUIRED;pr026_runtime=PENDING;pr026_missing=SOURCE|SERVICE|ENDPOINT|TEST|UI;pr026_human_confirmation=REQUIRED;pr026_ui_complete=false;pr045_batch=B07_SERVICE_ENDPOINT;pr045_machine_evidence=CLOSED;pr045_evidence_paths=docs/99-governance/pr-019-capability-discovery-audit/PR019_ACTIVE_CAPABILITY_CATALOG.json;pr045_human_confirmation=REQUIRED;pr045_ui_complete=false
CAP-55B47C91DF6D,Ndsptrial Activation Guard Middleware,Business or platform capability discovered from NDSPTrialActivationGuardMiddleware in backend/app/api/ndsp_trial_activation_guard.py,backend/app/api/ndsp_trial_activation_guard.py::NDSPTrialActivationGuardMiddleware,DISCOVERY_REQUIRED,DISCOVERY_REQUIRED,JSON,CALCULATED_REAL,ADMIN,TRIAL,DISCOVERY_REQUIRED,UI_PARTIAL,REAL_SNAPSHOT,REVIEW_REQUIRED,backend/app/api/ndsp_trial_activation_guard.py|docs/99-governance/pr-019-capability-discovery-audit/PR019_ACTIVE_CAPABILITY_CATALOG.json|docs/99-governance/pr-044-p0-batch-06-evidence-closure/PR-044-P0-BATCH-06-EVIDENCE-CLOSURE.md,DISCOVERY_REQUIRED,2026-08-01T09:26:57Z,origin=LOCAL_ONLY;confidence=HIGH;business_keyword_score=3;quality_filtered=true;human_validation=PENDING;full_power_preservation=REQUIRED;pr026_runtime=PENDING;pr026_missing=SOURCE|SERVICE|ENDPOINT|TEST|UI;pr026_human_confirmation=REQUIRED;pr026_ui_complete=false;pr044_batch=B06_SERVICE_ENDPOINT;pr044_machine_evidence=CLOSED;pr044_evidence_paths=docs/99-governance/pr-019-capability-discovery-audit/PR019_ACTIVE_CAPABILITY_CATALOG.json;pr044_human_confirmation=REQUIRED;pr044_ui_complete=false
CAP-EF54BFEEB974,Nmp Lab Engine,Business or platform capability discovered from nmp_lab_engine in research/nmp-lab/scripts/nmp_lab_engine.py,research/nmp-lab/scripts/nmp_lab_engine.py::nmp_lab_engine,DISCOVERY_REQUIRED,DISCOVERY_REQUIRED,CSV|JSON,CALCULATED_REAL,USER_OR_ADMIN,UNMAPPED,DISCOVERY_REQUIRED,SOURCE_IDENTIFIED,REAL_SNAPSHOT,REVIEW_REQUIRED,research/nmp-lab/scripts/nmp_lab_engine.py|docs/99-governance/pr-019-capability-discovery-audit/PR019_ACTIVE_CAPABILITY_CATALOG.json|docs/99-governance/pr-045-p0-batch-07-evidence-closure/PR-045-P0-BATCH-07-EVIDENCE-CLOSURE.md,DISCOVERY_REQUIRED,2026-08-01T09:33:54Z,origin=LOCAL_ONLY;confidence=MEDIUM;business_keyword_score=3;quality_filtered=true;human_validation=PENDING;full_power_preservation=REQUIRED;pr026_runtime=PENDING;pr026_missing=SOURCE|SERVICE|ENDPOINT|TEST|UI;pr026_human_confirmation=REQUIRED;pr026_ui_complete=false;pr045_batch=B07_SERVICE_ENDPOINT;pr045_machine_evidence=CLOSED;pr045_evidence_paths=docs/99-governance/pr-019-capability-discovery-audit/PR019_ACTIVE_CAPABILITY_CATALOG.json;pr045_human_confirmation=REQUIRED;pr045_ui_complete=false
CAP-EAF0F47E923D,Normalize Risk Without False Pause,Business or platform capability discovered from _normalize_risk_without_false_pause in apps/ndsp-governance-bridge/policies/governance_runtime.py,apps/ndsp-governance-bridge/policies/governance_runtime.py::_normalize_risk_without_false_pause,ndsp-governance-bridge.service,DISCOVERY_REQUIRED,UNKNOWN,DISCOVERY_REQUIRED,PUBLIC,UNMAPPED,DISCOVERY_REQUIRED,SERVICE_CONNECTED,UNKNOWN,REVIEW_REQUIRED,apps/ndsp-governance-bridge/policies/governance_runtime.py|docs/99-governance/pr-019-capability-discovery-audit/PR019_ACTIVE_CAPABILITY_CATALOG.json|docs/99-governance/pr-051-p0-batch-13-evidence-closure/PR-051-P0-BATCH-13-EVIDENCE-CLOSURE.md,DISCOVERY_REQUIRED,2026-08-01T09:58:13Z,origin=LOCAL_ONLY;confidence=HIGH;business_keyword_score=10;quality_filtered=true;human_validation=PENDING;full_power_preservation=REQUIRED;pr026_runtime=PENDING;pr026_missing=SOURCE|ENDPOINT|REAL_DATA|CALCULATION|TEST|UI;pr026_human_confirmation=REQUIRED;pr026_ui_complete=false;pr051_batch=B13_ENDPOINT_REAL_DATA;pr051_machine_evidence=CLOSED;pr051_evidence_paths=docs/99-governance/pr-019-capability-discovery-audit/PR019_ACTIVE_CAPABILITY_CATALOG.json;pr051_human_confirmation=REQUIRED;pr051_ui_complete=false
CAP-54BED56B7320,Normalize User,Business or platform capability discovered from normalizeUser in backend/ndsp-user-alert-channels/server.js,backend/ndsp-user-alert-channels/server.js::normalizeUser,ndsp-user-alert-channels.service,DISCOVERY_REQUIRED,JSON,CALCULATED_REAL,PUBLIC,LOGIN,DISCOVERY_REQUIRED,UI_PARTIAL,REAL_SNAPSHOT,REVIEW_REQUIRED,backend/ndsp-user-alert-channels/server.js,DISCOVERY_REQUIRED,2026-07-31T22:08:07Z,origin=LOCAL_ONLY;confidence=HIGH;business_keyword_score=5;quality_filtered=true;human_validation=PENDING;full_power_preservation=REQUIRED;pr026_runtime=PENDING;pr026_missing=SOURCE|ENDPOINT|TEST|UI;pr026_human_confirmation=REQUIRED;pr026_ui_complete=false
CAP-1D6433FFEA50,Normalized Decision Plan,Business or platform capability discovered from normalizedDecisionPlan in backend/auth_api/ndsp_user_login_gateway.cjs,backend/auth_api/ndsp_user_login_gateway.cjs::normalizedDecisionPlan,ndsp-user-login.service,GET /api/auth/login/health|POST /api/auth/login|POST /api/auth/2fa/login/verify|GET /api/auth/session|GET /api/auth/decision-room-access|POST /api/auth/runtime/usage/consume|GET /api/auth/profile|PUT /api/auth/profile|GET /api/auth/survey/status|POST /api/auth/survey/response|POST /api/auth/events|POST /api/auth/internal/legal-acceptance|POST /api/auth/internal/evidence|POST /api/auth/logout|GET /api/auth/2fa/status|POST /api/auth/2fa/setup|POST /api/auth/2fa/confirm|POST /api/auth/2fa/disable|POST /api/auth/2fa/status|POST /api/auth/2fa/setup/start|POST /api/auth/2fa/setup/confirm|POST /api/auth/2fa/setup/skip|POST /api/auth/2fa/setup/confirm-final|POST /api/auth/2fa/setup/confirm-speakeasy,JSON,CALCULATED_REAL,ADMIN,TRIAL,DISCOVERY_REQUIRED,UI_PARTIAL,REAL_SNAPSHOT,REVIEW_REQUIRED,backend/auth_api/ndsp_user_login_gateway.cjs,DISCOVERY_REQUIRED,2026-07-31T22:08:07Z,origin=LOCAL_ONLY;confidence=HIGH;business_keyword_score=8;quality_filtered=true;human_validation=PENDING;full_power_preservation=REQUIRED;pr026_runtime=PENDING;pr026_missing=SOURCE|TEST|UI;pr026_human_confirmation=REQUIRED;pr026_ui_complete=false
CAP-423A0277D2B0,Parse Quality,Business or platform capability discovered from parse_quality in backend/app/runtime/ndsp_quality_live_golden_wrapper.py,backend/app/runtime/ndsp_quality_live_golden_wrapper.py::parse_quality,ndsp-quality-live-golden-wrapper.service,DISCOVERY_REQUIRED,JSON,CALCULATED_REAL,PUBLIC,UNMAPPED,DISCOVERY_REQUIRED,SERVICE_CONNECTED,REAL_SNAPSHOT,NON_CANONICAL_OR_STALE,backend/app/runtime/ndsp_quality_live_golden_wrapper.py,DISCOVERY_REQUIRED,2026-07-31T22:08:07Z,origin=LOCAL_ONLY;confidence=HIGH;business_keyword_score=9;quality_filtered=true;human_validation=PENDING;full_power_preservation=REQUIRED;pr026_runtime=PENDING;pr026_missing=SOURCE|ENDPOINT|TEST|UI;pr026_human_confirmation=REQUIRED;pr026_ui_complete=false
CAP-08E20E709D83,Path Needs Governance,Business or platform capability discovered from path_needs_governance in backend/app/ndsp_governance/decision_output_policy.py,backend/app/ndsp_governance/decision_output_policy.py::path_needs_governance,DISCOVERY_REQUIRED,DISCOVERY_REQUIRED,JSON,CALCULATED_REAL,ADMIN,SUBSCRIPTION,DISCOVERY_REQUIRED,UI_PARTIAL,REAL_SNAPSHOT,REVIEW_REQUIRED,backend/app/ndsp_governance/decision_output_policy.py|docs/99-governance/pr-019-capability-discovery-audit/PR019_ACTIVE_CAPABILITY_CATALOG.json|docs/99-governance/pr-044-p0-batch-06-evidence-closure/PR-044-P0-BATCH-06-EVIDENCE-CLOSURE.md,DISCOVERY_REQUIRED,2026-08-01T09:26:57Z,origin=LOCAL_ONLY;confidence=HIGH;business_keyword_score=14;quality_filtered=true;human_validation=PENDING;full_power_preservation=REQUIRED;pr026_runtime=PENDING;pr026_missing=SOURCE|SERVICE|ENDPOINT|TEST|UI;pr026_human_confirmation=REQUIRED;pr026_ui_complete=false;pr044_batch=B06_SERVICE_ENDPOINT;pr044_machine_evidence=CLOSED;pr044_evidence_paths=docs/99-governance/pr-019-capability-discovery-audit/PR019_ACTIVE_CAPABILITY_CATALOG.json;pr044_human_confirmation=REQUIRED;pr044_ui_complete=false
CAP-B6D6412125A9,Pick Admin Key,Business or platform capability discovered from pick_admin_key in backend/app/api/admin/telegram_routing_admin.py,backend/app/api/admin/telegram_routing_admin.py::pick_admin_key,DISCOVERY_REQUIRED,GET /status|POST /update|POST /test|GET /status|POST /update|POST /test,JSON|POSTGRES,CALCULATED_REAL,ADMIN,PASSWORD_RESET,DISCOVERY_REQUIRED,UI_PARTIAL,REAL_SNAPSHOT,REVIEW_REQUIRED,backend/app/api/admin/telegram_routing_admin.py|docs/99-governance/pr-019-capability-discovery-audit/PR019_ACTIVE_CAPABILITY_CATALOG.json|docs/99-governance/pr-052-p0-batch-14-evidence-closure/PR-052-P0-BATCH-14-EVIDENCE-CLOSURE.md,DISCOVERY_REQUIRED,2026-08-01T10:01:31Z,origin=LOCAL_ONLY;confidence=HIGH;business_keyword_score=5;quality_filtered=true;human_validation=PENDING;full_power_preservation=REQUIRED;pr026_runtime=PENDING;pr026_missing=SOURCE|SERVICE|TEST|UI;pr026_human_confirmation=REQUIRED;pr026_ui_complete=false;pr052_batch=B14_SERVICE_ONLY;pr052_machine_evidence=CLOSED;pr052_evidence_paths=docs/99-governance/pr-019-capability-discovery-audit/PR019_ACTIVE_CAPABILITY_CATALOG.json;pr052_human_confirmation=REQUIRED;pr052_ui_complete=false
CAP-E4F9CD5311CA,Pick Market Timestamp,Business or platform capability discovered from pickMarketTimestamp in frontend/user-portal-vite/src/main.jsx,frontend/user-portal-vite/src/main.jsx::pickMarketTimestamp,DISCOVERY_REQUIRED,DISCOVERY_REQUIRED,HTTP_API|JSON,CALCULATED_REAL,AUTHENTICATED_USER,CURRENT_FRONTEND,frontend/user-portal-vite/src/main.jsx,UI_PARTIAL,REAL_LIVE,REVIEW_REQUIRED,frontend/user-portal-vite/src/main.jsx|docs/99-governance/pr-019-capability-discovery-audit/PR019_ACTIVE_CAPABILITY_CATALOG.json|docs/99-governance/pr-046-p0-batch-08-evidence-closure/PR-046-P0-BATCH-08-EVIDENCE-CLOSURE.md,DISCOVERY_REQUIRED,2026-08-01T09:38:52Z,origin=LOCAL_MODIFIED;confidence=HIGH;business_keyword_score=12;quality_filtered=true;human_validation=PENDING;full_power_preservation=REQUIRED;pr026_runtime=PENDING;pr026_missing=SERVICE|ENDPOINT|TEST;pr026_human_confirmation=REQUIRED;pr026_ui_complete=false;pr046_batch=B08_SERVICE_ENDPOINT;pr046_machine_evidence=CLOSED;pr046_evidence_paths=docs/99-governance/pr-019-capability-discovery-audit/PR019_ACTIVE_CAPABILITY_CATALOG.json;pr046_human_confirmation=REQUIRED;pr046_ui_complete=false
CAP-AC57AF196812,Public Decision Quality,Business or platform capability discovered from public_decision_quality in backend/app/api/decision_quality_public.py,backend/app/api/decision_quality_public.py::public_decision_quality,DISCOVERY_REQUIRED,GET /api/decision/quality|GET /api/decision/quality,UNKNOWN,DISCOVERY_REQUIRED,PUBLIC,UNMAPPED,DISCOVERY_REQUIRED,SOURCE_IDENTIFIED,UNKNOWN,REVIEW_REQUIRED,backend/app/api/decision_quality_public.py|docs/99-governance/pr-019-capability-discovery-audit/PR019_ACTIVE_CAPABILITY_CATALOG.json|docs/99-governance/pr-047-p0-batch-09-evidence-closure/PR-047-P0-BATCH-09-EVIDENCE-CLOSURE.md,DISCOVERY_REQUIRED,2026-08-01T09:42:28Z,origin=LOCAL_ONLY;confidence=HIGH;business_keyword_score=5;quality_filtered=true;human_validation=PENDING;full_power_preservation=REQUIRED;pr026_runtime=PENDING;pr026_missing=SOURCE|SERVICE|REAL_DATA|CALCULATION|TEST|UI;pr026_human_confirmation=REQUIRED;pr026_ui_complete=false;pr047_batch=B09_SERVICE_REAL_DATA;pr047_machine_evidence=CLOSED;pr047_evidence_paths=docs/99-governance/pr-019-capability-discovery-audit/PR019_ACTIVE_CAPABILITY_CATALOG.json;pr047_human_confirmation=REQUIRED;pr047_ui_complete=false
CAP-72FE4FA915D8,Quality Grade,Business or platform capability discovered from QualityGrade in backend/app/support_layers/quality/decision_quality_stack.py,backend/app/support_layers/quality/decision_quality_stack.py::QualityGrade,DISCOVERY_REQUIRED,DISCOVERY_REQUIRED,UNKNOWN,DISCOVERY_REQUIRED,USER_OR_ADMIN,UNMAPPED,DISCOVERY_REQUIRED,SOURCE_IDENTIFIED,UNKNOWN,REVIEW_REQUIRED,backend/app/support_layers/quality/decision_quality_stack.py|docs/99-governance/pr-019-capability-discovery-audit/PR019_ACTIVE_CAPABILITY_CATALOG.json|docs/99-governance/pr-038-p0-batch-02-evidence-closure/PR-038-P0-BATCH-01-EVIDENCE-CLOSURE.md,DISCOVERY_REQUIRED,2026-08-01T02:21:13Z,origin=LOCAL_ONLY;confidence=HIGH;business_keyword_score=7;quality_filtered=true;human_validation=PENDING;full_power_preservation=REQUIRED;pr025_source_recovery=RECOVERED_FROM_LOCAL;pr025_recovered_paths=backend/app/support_layers/quality/decision_quality_stack.py;pr025_human_review=REQUIRED;pr025_ui_complete=false;pr026_runtime=PENDING;pr026_missing=SERVICE|ENDPOINT|REAL_DATA|CALCULATION|TEST|UI;pr026_human_confirmation=REQUIRED;pr026_ui_complete=false;pr038_batch=B02_SERVICE_ENDPOINT_REAL_DATA;pr038_machine_evidence=CLOSED;pr038_evidence_paths=docs/99-governance/pr-019-capability-discovery-audit/PR019_ACTIVE_CAPABILITY_CATALOG.json;pr038_human_confirmation=REQUIRED;pr038_ui_complete=false
CAP-02136C1E6984,Quality Labels,Business or platform capability discovered from quality_labels in backend/ndsp-live-decision-quality/server.py,backend/ndsp-live-decision-quality/server.py::quality_labels,ndsp-live-decision-quality.service,GET /api/decision/quality-live|GET /api/decision/quality-live/health|GET /api/decision/quality-live|GET /api/decision/quality-live/health,CSV|JSON,CALCULATED_REAL,PUBLIC,UNMAPPED,DISCOVERY_REQUIRED,SERVICE_CONNECTED,REAL_SNAPSHOT,REVIEW_REQUIRED,backend/ndsp-live-decision-quality/server.py,DISCOVERY_REQUIRED,2026-07-31T22:08:07Z,origin=LOCAL_ONLY;confidence=HIGH;business_keyword_score=9;quality_filtered=true;human_validation=PENDING;full_power_preservation=REQUIRED;pr026_runtime=PENDING;pr026_missing=SOURCE|TEST|UI;pr026_human_confirmation=REQUIRED;pr026_ui_complete=false
CAP-4A426C29FEC9,Quality Live,Business or platform capability discovered from quality_live in backend/ndsp-live-decision-quality/server.py,backend/ndsp-live-decision-quality/server.py::quality_live,ndsp-live-decision-quality.service,GET /api/decision/quality-live|GET /api/decision/quality-live/health|GET /api/decision/quality-live|GET /api/decision/quality-live/health,CSV|JSON,CALCULATED_REAL,PUBLIC,UNMAPPED,DISCOVERY_REQUIRED,SERVICE_CONNECTED,REAL_SNAPSHOT,REVIEW_REQUIRED,backend/ndsp-live-decision-quality/server.py,DISCOVERY_REQUIRED,2026-07-31T22:08:07Z,origin=LOCAL_ONLY;confidence=HIGH;business_keyword_score=9;quality_filtered=true;human_validation=PENDING;full_power_preservation=REQUIRED;pr026_runtime=PENDING;pr026_missing=SOURCE|TEST|UI;pr026_human_confirmation=REQUIRED;pr026_ui_complete=false
CAP-08273C63D4D2,Quality Result,Business or platform capability discovered from QualityResult in backend/app/support_layers/quality/decision_quality_stack.py,backend/app/support_layers/quality/decision_quality_stack.py::QualityResult,DISCOVERY_REQUIRED,DISCOVERY_REQUIRED,UNKNOWN,DISCOVERY_REQUIRED,USER_OR_ADMIN,UNMAPPED,DISCOVERY_REQUIRED,SOURCE_IDENTIFIED,UNKNOWN,REVIEW_REQUIRED,backend/app/support_layers/quality/decision_quality_stack.py|docs/99-governance/pr-019-capability-discovery-audit/PR019_ACTIVE_CAPABILITY_CATALOG.json|docs/99-governance/pr-037-p0-batch-01-evidence-closure/PR-037-P0-BATCH-01-EVIDENCE-CLOSURE.md,DISCOVERY_REQUIRED,2026-08-01T02:15:15Z,origin=LOCAL_ONLY;confidence=HIGH;business_keyword_score=7;quality_filtered=true;human_validation=PENDING;full_power_preservation=REQUIRED;pr025_source_recovery=RECOVERED_FROM_LOCAL;pr025_recovered_paths=backend/app/support_layers/quality/decision_quality_stack.py;pr025_human_review=REQUIRED;pr025_ui_complete=false;pr026_runtime=PENDING;pr026_missing=SERVICE|ENDPOINT|REAL_DATA|CALCULATION|TEST|UI;pr026_human_confirmation=REQUIRED;pr026_ui_complete=false;pr037_batch=B01_SERVICE_ENDPOINT_REAL_DATA;pr037_machine_evidence=CLOSED;pr037_evidence_paths=docs/99-governance/pr-019-capability-discovery-audit/PR019_ACTIVE_CAPABILITY_CATALOG.json;pr037_human_confirmation=REQUIRED;pr037_ui_complete=false
CAP-2550A9AE98FE,Render Trials,Business or platform capability discovered from renderTrials in apps/admin-console/ndsp-admin-live-data-override.js,apps/admin-console/ndsp-admin-live-data-override.js::renderTrials,DISCOVERY_REQUIRED,DISCOVERY_REQUIRED,HTTP_API|JSON,CALCULATED_REAL,ADMIN,TRIAL,DISCOVERY_REQUIRED,UI_PARTIAL,REAL_LIVE,REVIEW_REQUIRED,apps/admin-console/ndsp-admin-live-data-override.js|docs/99-governance/pr-019-capability-discovery-audit/PR019_ACTIVE_CAPABILITY_CATALOG.json|docs/99-governance/pr-044-p0-batch-06-evidence-closure/PR-044-P0-BATCH-06-EVIDENCE-CLOSURE.md,DISCOVERY_REQUIRED,2026-08-01T09:26:57Z,origin=LOCAL_ONLY;confidence=HIGH;business_keyword_score=3;quality_filtered=true;human_validation=PENDING;full_power_preservation=REQUIRED;pr026_runtime=PENDING;pr026_missing=SOURCE|SERVICE|ENDPOINT|TEST|UI;pr026_human_confirmation=REQUIRED;pr026_ui_complete=false;pr044_batch=B06_SERVICE_ENDPOINT;pr044_machine_evidence=CLOSED;pr044_evidence_paths=docs/99-governance/pr-019-capability-discovery-audit/PR019_ACTIVE_CAPABILITY_CATALOG.json;pr044_human_confirmation=REQUIRED;pr044_ui_complete=false
CAP-E5A863D04011,Report File Path,Business or platform capability discovered from reportFilePath in backend/portal_snapshot_generator.cjs,backend/portal_snapshot_generator.cjs::reportFilePath,DISCOVERY_REQUIRED,DISCOVERY_REQUIRED,HTTP_API|JSON|POSTGRES,CALCULATED_REAL,AUTHENTICATED_USER,REPORTS,DISCOVERY_REQUIRED,UI_PARTIAL,REAL_LIVE,REVIEW_REQUIRED,backend/portal_snapshot_generator.cjs|docs/99-governance/pr-019-capability-discovery-audit/PR019_ACTIVE_CAPABILITY_CATALOG.json|docs/99-governance/pr-045-p0-batch-07-evidence-closure/PR-045-P0-BATCH-07-EVIDENCE-CLOSURE.md,DISCOVERY_REQUIRED,2026-08-01T09:33:54Z,origin=LOCAL_ONLY;confidence=HIGH;business_keyword_score=4;quality_filtered=true;human_validation=PENDING;full_power_preservation=REQUIRED;pr026_runtime=PENDING;pr026_missing=SOURCE|SERVICE|ENDPOINT|TEST|UI;pr026_human_confirmation=REQUIRED;pr026_ui_complete=false;pr045_batch=B07_SERVICE_ENDPOINT;pr045_machine_evidence=CLOSED;pr045_evidence_paths=docs/99-governance/pr-019-capability-discovery-audit/PR019_ACTIVE_CAPABILITY_CATALOG.json;pr045_human_confirmation=REQUIRED;pr045_ui_complete=false
CAP-212E6DC3A3DB,Require Admin,Business or platform capability discovered from require_admin in backend/app/api/internal/telegram_routing_internal.py,backend/app/api/internal/telegram_routing_internal.py::require_admin,DISCOVERY_REQUIRED,GET /debug-auth|GET /debug-db|GET /status|POST /update|POST /test|GET /debug-auth|GET /debug-db|GET /status|POST /update|POST /test,JSON|POSTGRES,CALCULATED_REAL,ADMIN,PASSWORD_RESET,DISCOVERY_REQUIRED,UI_PARTIAL,REAL_SNAPSHOT,REVIEW_REQUIRED,backend/app/api/internal/telegram_routing_internal.py|docs/99-governance/pr-019-capability-discovery-audit/PR019_ACTIVE_CAPABILITY_CATALOG.json|docs/99-governance/pr-052-p0-batch-14-evidence-closure/PR-052-P0-BATCH-14-EVIDENCE-CLOSURE.md,DISCOVERY_REQUIRED,2026-08-01T10:01:31Z,origin=LOCAL_ONLY;confidence=HIGH;business_keyword_score=5;quality_filtered=true;human_validation=PENDING;full_power_preservation=REQUIRED;pr026_runtime=PENDING;pr026_missing=SOURCE|SERVICE|TEST|UI;pr026_human_confirmation=REQUIRED;pr026_ui_complete=false;pr052_batch=B14_SERVICE_ONLY;pr052_machine_evidence=CLOSED;pr052_evidence_paths=docs/99-governance/pr-019-capability-discovery-audit/PR019_ACTIVE_CAPABILITY_CATALOG.json;pr052_human_confirmation=REQUIRED;pr052_ui_complete=false
CAP-24B10225D49C,Require Admin,Business or platform capability discovered from require_admin in backend/app/api/admin/telegram_routing_admin.py,backend/app/api/admin/telegram_routing_admin.py::require_admin,DISCOVERY_REQUIRED,GET /status|POST /update|POST /test|GET /status|POST /update|POST /test,JSON|POSTGRES,CALCULATED_REAL,ADMIN,PASSWORD_RESET,DISCOVERY_REQUIRED,UI_PARTIAL,REAL_SNAPSHOT,REVIEW_REQUIRED,backend/app/api/admin/telegram_routing_admin.py|docs/99-governance/pr-019-capability-discovery-audit/PR019_ACTIVE_CAPABILITY_CATALOG.json|docs/99-governance/pr-052-p0-batch-14-evidence-closure/PR-052-P0-BATCH-14-EVIDENCE-CLOSURE.md,DISCOVERY_REQUIRED,2026-08-01T10:01:31Z,origin=LOCAL_ONLY;confidence=HIGH;business_keyword_score=5;quality_filtered=true;human_validation=PENDING;full_power_preservation=REQUIRED;pr026_runtime=PENDING;pr026_missing=SOURCE|SERVICE|TEST|UI;pr026_human_confirmation=REQUIRED;pr026_ui_complete=false;pr052_batch=B14_SERVICE_ONLY;pr052_machine_evidence=CLOSED;pr052_evidence_paths=docs/99-governance/pr-019-capability-discovery-audit/PR019_ACTIVE_CAPABILITY_CATALOG.json;pr052_human_confirmation=REQUIRED;pr052_ui_complete=false
CAP-43DC89894352,Require Admin,Business or platform capability discovered from require_admin in backend/app/api/admin/telegram_routing_v2.py,backend/app/api/admin/telegram_routing_v2.py::require_admin,DISCOVERY_REQUIRED,GET /status|POST /update|POST /test|GET /debug-auth|GET /status|POST /update|POST /test|GET /debug-auth,JSON|POSTGRES,CALCULATED_REAL,ADMIN,PASSWORD_RESET,DISCOVERY_REQUIRED,UI_PARTIAL,REAL_SNAPSHOT,REVIEW_REQUIRED,backend/app/api/admin/telegram_routing_v2.py|docs/99-governance/pr-019-capability-discovery-audit/PR019_ACTIVE_CAPABILITY_CATALOG.json|docs/99-governance/pr-052-p0-batch-14-evidence-closure/PR-052-P0-BATCH-14-EVIDENCE-CLOSURE.md,DISCOVERY_REQUIRED,2026-08-01T10:01:31Z,origin=LOCAL_ONLY;confidence=HIGH;business_keyword_score=5;quality_filtered=true;human_validation=PENDING;full_power_preservation=REQUIRED;pr026_runtime=PENDING;pr026_missing=SOURCE|SERVICE|TEST|UI;pr026_human_confirmation=REQUIRED;pr026_ui_complete=false;pr052_batch=B14_SERVICE_ONLY;pr052_machine_evidence=CLOSED;pr052_evidence_paths=docs/99-governance/pr-019-capability-discovery-audit/PR019_ACTIVE_CAPABILITY_CATALOG.json;pr052_human_confirmation=REQUIRED;pr052_ui_complete=false
CAP-996E29239712,Require Admin,Business or platform capability discovered from _require_admin in apps/ndsp-governance-bridge/policies/admin_snapshot/tdl_v2_policy_admin.py,apps/ndsp-governance-bridge/policies/admin_snapshot/tdl_v2_policy_admin.py::_require_admin,ndsp-governance-bridge.service,GET /auth-debug|GET /policy|POST /policy|POST /timing/enable|POST /timing/disable|GET /auth-debug|GET /policy|POST /policy|POST /timing/enable|POST /timing/disable,UNKNOWN,DISCOVERY_REQUIRED,ADMIN,ADMIN,DISCOVERY_REQUIRED,UI_PARTIAL,UNKNOWN,REVIEW_REQUIRED,apps/ndsp-governance-bridge/policies/admin_snapshot/tdl_v2_policy_admin.py,DISCOVERY_REQUIRED,2026-07-31T22:08:07Z,origin=LOCAL_ONLY;confidence=HIGH;business_keyword_score=5;quality_filtered=true;human_validation=PENDING;full_power_preservation=REQUIRED;pr025_source_recovery=RECOVERED_FROM_LOCAL;pr025_recovered_paths=apps/ndsp-governance-bridge/policies/admin_snapshot/tdl_v2_policy_admin.py;pr025_human_review=REQUIRED;pr025_ui_complete=false;pr026_runtime=PENDING;pr026_missing=REAL_DATA|CALCULATION|TEST|UI;pr026_human_confirmation=REQUIRED;pr026_ui_complete=false
CAP-5DA08FFCB1E8,Requires Decision Access,Business or platform capability discovered from requiresDecisionAccess in backend/auth_api/ndsp_platform_gateway_9001.cjs,backend/auth_api/ndsp_platform_gateway_9001.cjs::requiresDecisionAccess,ndsp-platform-gateway.service,DISCOVERY_REQUIRED,JSON,CALCULATED_REAL,ADMIN,TRIAL,DISCOVERY_REQUIRED,UI_PARTIAL,REAL_SNAPSHOT,REVIEW_REQUIRED,backend/auth_api/ndsp_platform_gateway_9001.cjs,DISCOVERY_REQUIRED,2026-07-31T22:08:07Z,origin=LOCAL_ONLY;confidence=HIGH;business_keyword_score=14;quality_filtered=true;human_validation=PENDING;full_power_preservation=REQUIRED;pr026_runtime=PENDING;pr026_missing=SOURCE|SERVICE|ENDPOINT|TEST|UI;pr026_human_confirmation=REQUIRED;pr026_ui_complete=false
CAP-B9DDB970C292,Resolve Cot Asset Mapping,Business or platform capability discovered from resolve_cot_asset_mapping in backend/app/support_layers/cot/cot_asset_mapper.py,backend/app/support_layers/cot/cot_asset_mapper.py::resolve_cot_asset_mapping,DISCOVERY_REQUIRED,DISCOVERY_REQUIRED,UNKNOWN,DISCOVERY_REQUIRED,USER_OR_ADMIN,REPORTS,DISCOVERY_REQUIRED,UI_PARTIAL,UNKNOWN,REVIEW_REQUIRED,backend/app/support_layers/cot/cot_asset_mapper.py|docs/99-governance/pr-019-capability-discovery-audit/PR019_ACTIVE_CAPABILITY_CATALOG.json|docs/99-governance/pr-040-p0-batch-03-evidence-closure/PR-040-P0-BATCH-01-EVIDENCE-CLOSURE.md,DISCOVERY_REQUIRED,2026-08-01T09:03:30Z,origin=LOCAL_ONLY;confidence=HIGH;business_keyword_score=5;quality_filtered=true;human_validation=PENDING;full_power_preservation=REQUIRED;pr026_runtime=PENDING;pr026_missing=SOURCE|SERVICE|ENDPOINT|REAL_DATA|CALCULATION|TEST|UI;pr026_human_confirmation=REQUIRED;pr026_ui_complete=false;pr040_batch=B03_SERVICE_ENDPOINT_REAL_DATA;pr040_machine_evidence=CLOSED;pr040_evidence_paths=docs/99-governance/pr-019-capability-discovery-audit/PR019_ACTIVE_CAPABILITY_CATALOG.json;pr040_human_confirmation=REQUIRED;pr040_ui_complete=false
CAP-2ED1FB8B8919,Restore Decision From Layers If False Neutral,Business or platform capability discovered from _restore_decision_from_layers_if_false_neutral in apps/ndsp-governance-bridge/policies/governance_runtime.py,apps/ndsp-governance-bridge/policies/governance_runtime.py::_restore_decision_from_layers_if_false_neutral,ndsp-governance-bridge.service,DISCOVERY_REQUIRED,UNKNOWN,DISCOVERY_REQUIRED,PUBLIC,UNMAPPED,DISCOVERY_REQUIRED,SERVICE_CONNECTED,UNKNOWN,REVIEW_REQUIRED,apps/ndsp-governance-bridge/policies/governance_runtime.py|docs/99-governance/pr-019-capability-discovery-audit/PR019_ACTIVE_CAPABILITY_CATALOG.json|docs/99-governance/pr-050-p0-batch-12-evidence-closure/PR-050-P0-BATCH-12-EVIDENCE-CLOSURE.md,DISCOVERY_REQUIRED,2026-08-01T09:54:20Z,origin=LOCAL_ONLY;confidence=HIGH;business_keyword_score=10;quality_filtered=true;human_validation=PENDING;full_power_preservation=REQUIRED;pr026_runtime=PENDING;pr026_missing=SOURCE|ENDPOINT|REAL_DATA|CALCULATION|TEST|UI;pr026_human_confirmation=REQUIRED;pr026_ui_complete=false;pr050_batch=B12_ENDPOINT_REAL_DATA;pr050_machine_evidence=CLOSED;pr050_evidence_paths=docs/99-governance/pr-019-capability-discovery-audit/PR019_ACTIVE_CAPABILITY_CATALOG.json;pr050_human_confirmation=REQUIRED;pr050_ui_complete=false
CAP-119888657162,Row To Decision,Business or platform capability discovered from rowToDecision in backend/services/completed_decision/main.cjs,backend/services/completed_decision/main.cjs::rowToDecision,DISCOVERY_REQUIRED,GET /health|GET /api/completed|GET /api/completed/latest|GET /api/completed/:symbol|GET /api/completed/id/:decision_id|GET /api/completed/id/:decision_id/timeline|POST /api/completed/ingest|POST /api/completed/:decision_id/publish,JSON,CALCULATED_REAL,PUBLIC,PASSWORD_RESET,DISCOVERY_REQUIRED,UI_PARTIAL,REAL_SNAPSHOT,REVIEW_REQUIRED,backend/services/completed_decision/main.cjs|docs/99-governance/pr-019-capability-discovery-audit/PR019_ACTIVE_CAPABILITY_CATALOG.json|docs/99-governance/pr-052-p0-batch-14-evidence-closure/PR-052-P0-BATCH-14-EVIDENCE-CLOSURE.md,DISCOVERY_REQUIRED,2026-08-01T10:01:31Z,origin=LOCAL_ONLY;confidence=HIGH;business_keyword_score=7;quality_filtered=true;human_validation=PENDING;full_power_preservation=REQUIRED;pr026_runtime=PENDING;pr026_missing=SOURCE|SERVICE|TEST|UI;pr026_human_confirmation=REQUIRED;pr026_ui_complete=false;pr052_batch=B14_SERVICE_ONLY;pr052_machine_evidence=CLOSED;pr052_evidence_paths=docs/99-governance/pr-019-capability-discovery-audit/PR019_ACTIVE_CAPABILITY_CATALOG.json;pr052_human_confirmation=REQUIRED;pr052_ui_complete=false
CAP-7DC9056619BD,Safe Session User,Business or platform capability discovered from safeSessionUser in backend/auth_api/ndsp_user_login_gateway.cjs,backend/auth_api/ndsp_user_login_gateway.cjs::safeSessionUser,ndsp-user-login.service,GET /api/auth/login/health|POST /api/auth/login|POST /api/auth/2fa/login/verify|GET /api/auth/session|GET /api/auth/decision-room-access|POST /api/auth/runtime/usage/consume|GET /api/auth/profile|PUT /api/auth/profile|GET /api/auth/survey/status|POST /api/auth/survey/response|POST /api/auth/events|POST /api/auth/internal/legal-acceptance|POST /api/auth/internal/evidence|POST /api/auth/logout|GET /api/auth/2fa/status|POST /api/auth/2fa/setup|POST /api/auth/2fa/confirm|POST /api/auth/2fa/disable|POST /api/auth/2fa/status|POST /api/auth/2fa/setup/start|POST /api/auth/2fa/setup/confirm|POST /api/auth/2fa/setup/skip|POST /api/auth/2fa/setup/confirm-final|POST /api/auth/2fa/setup/confirm-speakeasy,JSON,CALCULATED_REAL,ADMIN,TRIAL,DISCOVERY_REQUIRED,UI_PARTIAL,REAL_SNAPSHOT,REVIEW_REQUIRED,backend/auth_api/ndsp_user_login_gateway.cjs,DISCOVERY_REQUIRED,2026-07-31T22:08:07Z,origin=LOCAL_ONLY;confidence=HIGH;business_keyword_score=8;quality_filtered=true;human_validation=PENDING;full_power_preservation=REQUIRED;pr026_runtime=PENDING;pr026_missing=SOURCE|TEST|UI;pr026_human_confirmation=REQUIRED;pr026_ui_complete=false
CAP-20C44DAA9628,Save Governance Mode,Business or platform capability discovered from save_governance_mode in apps/ndsp-governance-bridge/policies/ndsp_governance_mode.py,apps/ndsp-governance-bridge/policies/ndsp_governance_mode.py::save_governance_mode,ndsp-governance-bridge.service,DISCOVERY_REQUIRED,JSON,CALCULATED_REAL,PUBLIC,UNMAPPED,DISCOVERY_REQUIRED,SERVICE_CONNECTED,REAL_SNAPSHOT,REVIEW_REQUIRED,apps/ndsp-governance-bridge/policies/ndsp_governance_mode.py,DISCOVERY_REQUIRED,2026-07-31T22:08:07Z,origin=LOCAL_ONLY;confidence=HIGH;business_keyword_score=5;quality_filtered=true;human_validation=PENDING;full_power_preservation=REQUIRED;pr026_runtime=PENDING;pr026_missing=SOURCE|ENDPOINT|TEST|UI;pr026_human_confirmation=REQUIRED;pr026_ui_complete=false
CAP-7790D40220E7,Scenario Service,Business or platform capability discovered from scenarioService in frontend/user-portal-vite/src/core/services/scenarioService.js,frontend/user-portal-vite/src/core/services/scenarioService.js::scenarioService,DISCOVERY_REQUIRED,DISCOVERY_REQUIRED,UNKNOWN,DISCOVERY_REQUIRED,USER_OR_ADMIN,CURRENT_FRONTEND,frontend/user-portal-vite/src/core/services/scenarioService.js,UI_PARTIAL,UNKNOWN,REVIEW_REQUIRED,frontend/user-portal-vite/src/core/services/scenarioService.js|docs/99-governance/pr-019-capability-discovery-audit/PR019_ACTIVE_CAPABILITY_CATALOG.json|docs/99-governance/pr-042-p0-batch-04-evidence-closure/PR-042-P0-BATCH-04-EVIDENCE-CLOSURE.md,DISCOVERY_REQUIRED,2026-08-01T09:16:54Z,origin=LOCAL_ONLY;confidence=MEDIUM;business_keyword_score=1;quality_filtered=true;human_validation=PENDING;full_power_preservation=REQUIRED;pr026_runtime=PENDING;pr026_missing=SOURCE|SERVICE|ENDPOINT|REAL_DATA|CALCULATION|TEST;pr026_human_confirmation=REQUIRED;pr026_ui_complete=false;pr042_batch=B04_SERVICE_ENDPOINT_REAL_DATA;pr042_machine_evidence=CLOSED;pr042_evidence_paths=docs/99-governance/pr-019-capability-discovery-audit/PR019_ACTIVE_CAPABILITY_CATALOG.json;pr042_human_confirmation=REQUIRED;pr042_ui_complete=false
CAP-DA166447891B,Status From Score,Business or platform capability discovered from _status_from_score in backend/ndsp_latest_16_layers_logic_functions.py,backend/ndsp_latest_16_layers_logic_functions.py::_status_from_score,DISCOVERY_REQUIRED,DISCOVERY_REQUIRED,JSON,CALCULATED_REAL,AUTHENTICATED_USER,REPORTS,DISCOVERY_REQUIRED,UI_PARTIAL,REAL_SNAPSHOT,REVIEW_REQUIRED,backend/ndsp_latest_16_layers_logic_functions.py|docs/99-governance/pr-019-capability-discovery-audit/PR019_ACTIVE_CAPABILITY_CATALOG.json|docs/99-governance/pr-045-p0-batch-07-evidence-closure/PR-045-P0-BATCH-07-EVIDENCE-CLOSURE.md,DISCOVERY_REQUIRED,2026-08-01T09:33:54Z,origin=LOCAL_ONLY;confidence=HIGH;business_keyword_score=17;quality_filtered=true;human_validation=PENDING;full_power_preservation=REQUIRED;pr026_runtime=PENDING;pr026_missing=SOURCE|SERVICE|ENDPOINT|TEST|UI;pr026_human_confirmation=REQUIRED;pr026_ui_complete=false;pr045_batch=B07_SERVICE_ENDPOINT;pr045_machine_evidence=CLOSED;pr045_evidence_paths=docs/99-governance/pr-019-capability-discovery-audit/PR019_ACTIVE_CAPABILITY_CATALOG.json;pr045_human_confirmation=REQUIRED;pr045_ui_complete=false
CAP-FABD911344A4,Sync Admin Users Json Safe,Business or platform capability discovered from syncAdminUsersJsonSafe in backend/auth_api/ndsp_trial_register_gateway.cjs,backend/auth_api/ndsp_trial_register_gateway.cjs::syncAdminUsersJsonSafe,ndsp-trial-register.service,DISCOVERY_REQUIRED,JSON|POSTGRES,CALCULATED_REAL,ADMIN,TRIAL,DISCOVERY_REQUIRED,UI_PARTIAL,REAL_SNAPSHOT,REVIEW_REQUIRED,backend/auth_api/ndsp_trial_register_gateway.cjs,DISCOVERY_REQUIRED,2026-07-31T22:08:07Z,origin=LOCAL_ONLY;confidence=HIGH;business_keyword_score=9;quality_filtered=true;human_validation=PENDING;full_power_preservation=REQUIRED;pr026_runtime=PENDING;pr026_missing=SOURCE|SERVICE|ENDPOINT|TEST|UI;pr026_human_confirmation=REQUIRED;pr026_ui_complete=false
CAP-5FE4CAD204BC,Tdl Lab Engine,Business or platform capability discovered from tdl_lab_engine in backend/research/tdl_lab/tdl_lab_engine.py,backend/research/tdl_lab/tdl_lab_engine.py::tdl_lab_engine,DISCOVERY_REQUIRED,DISCOVERY_REQUIRED,JSON,CALCULATED_REAL,AUTHENTICATED_USER,REPORTS,DISCOVERY_REQUIRED,UI_PARTIAL,REAL_SNAPSHOT,REVIEW_REQUIRED,backend/research/tdl_lab/tdl_lab_engine.py|docs/99-governance/pr-019-capability-discovery-audit/PR019_ACTIVE_CAPABILITY_CATALOG.json|docs/99-governance/pr-044-p0-batch-06-evidence-closure/PR-044-P0-BATCH-06-EVIDENCE-CLOSURE.md,DISCOVERY_REQUIRED,2026-08-01T09:26:57Z,origin=LOCAL_ONLY;confidence=MEDIUM;business_keyword_score=5;quality_filtered=true;human_validation=PENDING;full_power_preservation=REQUIRED;pr026_runtime=PENDING;pr026_missing=SOURCE|SERVICE|ENDPOINT|TEST|UI;pr026_human_confirmation=REQUIRED;pr026_ui_complete=false;pr044_batch=B06_SERVICE_ENDPOINT;pr044_machine_evidence=CLOSED;pr044_evidence_paths=docs/99-governance/pr-019-capability-discovery-audit/PR019_ACTIVE_CAPABILITY_CATALOG.json;pr044_human_confirmation=REQUIRED;pr044_ui_complete=false
CAP-D720DF9D097F,Test Clamps Score To 100,Business or platform capability discovered from test_clamps_score_to_100 in backend/app/support_layers/quality/test_integration_dqs.py,backend/app/support_layers/quality/test_integration_dqs.py::test_clamps_score_to_100,DISCOVERY_REQUIRED,DISCOVERY_REQUIRED,UNKNOWN,DISCOVERY_REQUIRED,USER_OR_ADMIN,UNMAPPED,DISCOVERY_REQUIRED,SOURCE_IDENTIFIED,UNKNOWN,REVIEW_REQUIRED,backend/app/support_layers/quality/test_integration_dqs.py|docs/99-governance/pr-019-capability-discovery-audit/PR019_ACTIVE_CAPABILITY_CATALOG.json|docs/99-governance/pr-040-p0-batch-03-evidence-closure/PR-040-P0-BATCH-01-EVIDENCE-CLOSURE.md,DISCOVERY_REQUIRED,2026-08-01T09:03:30Z,origin=LOCAL_ONLY;confidence=HIGH;business_keyword_score=4;quality_filtered=true;human_validation=PENDING;full_power_preservation=REQUIRED;pr026_runtime=PENDING;pr026_missing=SOURCE|SERVICE|ENDPOINT|REAL_DATA|CALCULATION|TEST|UI;pr026_human_confirmation=REQUIRED;pr026_ui_complete=false;pr040_batch=B03_SERVICE_ENDPOINT_REAL_DATA;pr040_machine_evidence=CLOSED;pr040_evidence_paths=docs/99-governance/pr-019-capability-discovery-audit/PR019_ACTIVE_CAPABILITY_CATALOG.json;pr040_human_confirmation=REQUIRED;pr040_ui_complete=false
CAP-DB9A1015BFEC,Test Clamps Score To Zero,Business or platform capability discovered from test_clamps_score_to_zero in backend/app/support_layers/quality/test_integration_dqs.py,backend/app/support_layers/quality/test_integration_dqs.py::test_clamps_score_to_zero,DISCOVERY_REQUIRED,DISCOVERY_REQUIRED,UNKNOWN,DISCOVERY_REQUIRED,USER_OR_ADMIN,UNMAPPED,DISCOVERY_REQUIRED,SOURCE_IDENTIFIED,UNKNOWN,REVIEW_REQUIRED,backend/app/support_layers/quality/test_integration_dqs.py|docs/99-governance/pr-019-capability-discovery-audit/PR019_ACTIVE_CAPABILITY_CATALOG.json|docs/99-governance/pr-040-p0-batch-03-evidence-closure/PR-040-P0-BATCH-01-EVIDENCE-CLOSURE.md,DISCOVERY_REQUIRED,2026-08-01T09:03:30Z,origin=LOCAL_ONLY;confidence=HIGH;business_keyword_score=4;quality_filtered=true;human_validation=PENDING;full_power_preservation=REQUIRED;pr026_runtime=PENDING;pr026_missing=SOURCE|SERVICE|ENDPOINT|REAL_DATA|CALCULATION|TEST|UI;pr026_human_confirmation=REQUIRED;pr026_ui_complete=false;pr040_batch=B03_SERVICE_ENDPOINT_REAL_DATA;pr040_machine_evidence=CLOSED;pr040_evidence_paths=docs/99-governance/pr-019-capability-discovery-audit/PR019_ACTIVE_CAPABILITY_CATALOG.json;pr040_human_confirmation=REQUIRED;pr040_ui_complete=false
CAP-C30ED71E7598,Test Cot No Execution,Business or platform capability discovered from test_cot_no_execution in backend/app/support_layers/cot/test_cot_spine.py,backend/app/support_layers/cot/test_cot_spine.py::test_cot_no_execution,DISCOVERY_REQUIRED,DISCOVERY_REQUIRED,UNKNOWN,DISCOVERY_REQUIRED,USER_OR_ADMIN,REPORTS,DISCOVERY_REQUIRED,UI_PARTIAL,UNKNOWN,REVIEW_REQUIRED,backend/app/support_layers/cot/test_cot_spine.py|docs/99-governance/pr-019-capability-discovery-audit/PR019_ACTIVE_CAPABILITY_CATALOG.json|docs/99-governance/pr-040-p0-batch-03-evidence-closure/PR-040-P0-BATCH-01-EVIDENCE-CLOSURE.md,DISCOVERY_REQUIRED,2026-08-01T09:03:30Z,origin=LOCAL_ONLY;confidence=HIGH;business_keyword_score=3;quality_filtered=true;human_validation=PENDING;full_power_preservation=REQUIRED;pr026_runtime=PENDING;pr026_missing=SOURCE|SERVICE|ENDPOINT|REAL_DATA|CALCULATION|TEST|UI;pr026_human_confirmation=REQUIRED;pr026_ui_complete=false;pr040_batch=B03_SERVICE_ENDPOINT_REAL_DATA;pr040_machine_evidence=CLOSED;pr040_evidence_paths=docs/99-governance/pr-019-capability-discovery-audit/PR019_ACTIVE_CAPABILITY_CATALOG.json;pr040_human_confirmation=REQUIRED;pr040_ui_complete=false
CAP-76B70495D201,Test Cot Spine,Business or platform capability discovered from TestCotSpine in backend/app/support_layers/cot/test_cot_spine.py,backend/app/support_layers/cot/test_cot_spine.py::TestCotSpine,DISCOVERY_REQUIRED,DISCOVERY_REQUIRED,UNKNOWN,DISCOVERY_REQUIRED,USER_OR_ADMIN,REPORTS,DISCOVERY_REQUIRED,UI_PARTIAL,UNKNOWN,REVIEW_REQUIRED,backend/app/support_layers/cot/test_cot_spine.py|docs/99-governance/pr-019-capability-discovery-audit/PR019_ACTIVE_CAPABILITY_CATALOG.json|docs/99-governance/pr-038-p0-batch-02-evidence-closure/PR-038-P0-BATCH-01-EVIDENCE-CLOSURE.md,DISCOVERY_REQUIRED,2026-08-01T02:21:13Z,origin=LOCAL_ONLY;confidence=HIGH;business_keyword_score=3;quality_filtered=true;human_validation=PENDING;full_power_preservation=REQUIRED;pr026_runtime=PENDING;pr026_missing=SOURCE|SERVICE|ENDPOINT|REAL_DATA|CALCULATION|TEST|UI;pr026_human_confirmation=REQUIRED;pr026_ui_complete=false;pr038_batch=B02_SERVICE_ENDPOINT_REAL_DATA;pr038_machine_evidence=CLOSED;pr038_evidence_paths=docs/99-governance/pr-019-capability-discovery-audit/PR019_ACTIVE_CAPABILITY_CATALOG.json;pr038_human_confirmation=REQUIRED;pr038_ui_complete=false
CAP-1B6E6543D240,Test Cot V61 Storage,Business or platform capability discovered from TestCotV61Storage in backend/app/support_layers/cot/test_cot_v6_1_storage.py,backend/app/support_layers/cot/test_cot_v6_1_storage.py::TestCotV61Storage,DISCOVERY_REQUIRED,DISCOVERY_REQUIRED,JSON,CALCULATED_REAL,USER_OR_ADMIN,REPORTS,DISCOVERY_REQUIRED,UI_PARTIAL,REAL_SNAPSHOT,REVIEW_REQUIRED,backend/app/support_layers/cot/test_cot_v6_1_storage.py|docs/99-governance/pr-019-capability-discovery-audit/PR019_ACTIVE_CAPABILITY_CATALOG.json|docs/99-governance/pr-044-p0-batch-06-evidence-closure/PR-044-P0-BATCH-06-EVIDENCE-CLOSURE.md,DISCOVERY_REQUIRED,2026-08-01T09:26:57Z,origin=LOCAL_ONLY;confidence=HIGH;business_keyword_score=4;quality_filtered=true;human_validation=PENDING;full_power_preservation=REQUIRED;pr026_runtime=PENDING;pr026_missing=SOURCE|SERVICE|ENDPOINT|TEST|UI;pr026_human_confirmation=REQUIRED;pr026_ui_complete=false;pr044_batch=B06_SERVICE_ENDPOINT;pr044_machine_evidence=CLOSED;pr044_evidence_paths=docs/99-governance/pr-019-capability-discovery-audit/PR019_ACTIVE_CAPABILITY_CATALOG.json;pr044_human_confirmation=REQUIRED;pr044_ui_complete=false
CAP-46029BDD33D3,Test Macro Negative Effect Reduces Score,Business or platform capability discovered from test_macro_negative_effect_reduces_score in backend/app/support_layers/quality/test_integration_dqs.py,backend/app/support_layers/quality/test_integration_dqs.py::test_macro_negative_effect_reduces_score,DISCOVERY_REQUIRED,DISCOVERY_REQUIRED,UNKNOWN,DISCOVERY_REQUIRED,USER_OR_ADMIN,UNMAPPED,DISCOVERY_REQUIRED,SOURCE_IDENTIFIED,UNKNOWN,REVIEW_REQUIRED,backend/app/support_layers/quality/test_integration_dqs.py|docs/99-governance/pr-019-capability-discovery-audit/PR019_ACTIVE_CAPABILITY_CATALOG.json|docs/99-governance/pr-037-p0-batch-01-evidence-closure/PR-037-P0-BATCH-01-EVIDENCE-CLOSURE.md,DISCOVERY_REQUIRED,2026-08-01T02:15:15Z,origin=LOCAL_ONLY;confidence=HIGH;business_keyword_score=4;quality_filtered=true;human_validation=PENDING;full_power_preservation=REQUIRED;pr026_runtime=PENDING;pr026_missing=SOURCE|SERVICE|ENDPOINT|REAL_DATA|CALCULATION|TEST|UI;pr026_human_confirmation=REQUIRED;pr026_ui_complete=false;pr037_batch=B01_SERVICE_ENDPOINT_REAL_DATA;pr037_machine_evidence=CLOSED;pr037_evidence_paths=docs/99-governance/pr-019-capability-discovery-audit/PR019_ACTIVE_CAPABILITY_CATALOG.json;pr037_human_confirmation=REQUIRED;pr037_ui_complete=false
CAP-7C8F6B1D672F,Test Macro Quality Stack Effect,Business or platform capability discovered from test_macro_quality_stack_effect in backend/app/support_layers/macro/test_macro_logic.py,backend/app/support_layers/macro/test_macro_logic.py::test_macro_quality_stack_effect,DISCOVERY_REQUIRED,DISCOVERY_REQUIRED,UNKNOWN,DISCOVERY_REQUIRED,USER_OR_ADMIN,UNMAPPED,DISCOVERY_REQUIRED,SOURCE_IDENTIFIED,UNKNOWN,REVIEW_REQUIRED,backend/app/support_layers/macro/test_macro_logic.py|docs/99-governance/pr-019-capability-discovery-audit/PR019_ACTIVE_CAPABILITY_CATALOG.json|docs/99-governance/pr-038-p0-batch-02-evidence-closure/PR-038-P0-BATCH-01-EVIDENCE-CLOSURE.md,DISCOVERY_REQUIRED,2026-08-01T02:21:13Z,origin=LOCAL_ONLY;confidence=HIGH;business_keyword_score=1;quality_filtered=true;human_validation=PENDING;full_power_preservation=REQUIRED;pr026_runtime=PENDING;pr026_missing=SOURCE|SERVICE|ENDPOINT|REAL_DATA|CALCULATION|TEST|UI;pr026_human_confirmation=REQUIRED;pr026_ui_complete=false;pr038_batch=B02_SERVICE_ENDPOINT_REAL_DATA;pr038_machine_evidence=CLOSED;pr038_evidence_paths=docs/99-governance/pr-019-capability-discovery-audit/PR019_ACTIVE_CAPABILITY_CATALOG.json;pr038_human_confirmation=REQUIRED;pr038_ui_complete=false
CAP-46527B2F0652,Test Ndsp Fix Direct Trade Execution Key Tdl V2,Business or platform capability discovered from test_ndsp_fix_direct_trade_execution_key_tdl_v2 in tests/test_ndsp_fix_direct_trade_execution_key_tdl_v2.py,tests/test_ndsp_fix_direct_trade_execution_key_tdl_v2.py::test_ndsp_fix_direct_trade_execution_key_tdl_v2,DISCOVERY_REQUIRED,DISCOVERY_REQUIRED,JSON,CALCULATED_REAL,PUBLIC,UNMAPPED,DISCOVERY_REQUIRED,SOURCE_IDENTIFIED,REAL_SNAPSHOT,REVIEW_REQUIRED,tests/test_ndsp_fix_direct_trade_execution_key_tdl_v2.py|docs/99-governance/pr-019-capability-discovery-audit/PR019_ACTIVE_CAPABILITY_CATALOG.json|docs/99-governance/pr-044-p0-batch-06-evidence-closure/PR-044-P0-BATCH-06-EVIDENCE-CLOSURE.md,DISCOVERY_REQUIRED,2026-08-01T09:26:57Z,origin=LOCAL_ONLY;confidence=MEDIUM;business_keyword_score=5;quality_filtered=true;human_validation=PENDING;full_power_preservation=REQUIRED;pr026_runtime=PENDING;pr026_missing=SOURCE|SERVICE|ENDPOINT|TEST|UI;pr026_human_confirmation=REQUIRED;pr026_ui_complete=false;pr044_batch=B06_SERVICE_ENDPOINT;pr044_machine_evidence=CLOSED;pr044_evidence_paths=docs/99-governance/pr-019-capability-discovery-audit/PR019_ACTIVE_CAPABILITY_CATALOG.json;pr044_human_confirmation=REQUIRED;pr044_ui_complete=false
CAP-AA5A5B9114A2,Test Ndsp Python Decision Governance V1,Business or platform capability discovered from test_ndsp_python_decision_governance_v1 in tests/test_ndsp_python_decision_governance_v1.py,tests/test_ndsp_python_decision_governance_v1.py::test_ndsp_python_decision_governance_v1,DISCOVERY_REQUIRED,DISCOVERY_REQUIRED,JSON,CALCULATED_REAL,PUBLIC,UNMAPPED,DISCOVERY_REQUIRED,SOURCE_IDENTIFIED,REAL_SNAPSHOT,REVIEW_REQUIRED,tests/test_ndsp_python_decision_governance_v1.py|docs/99-governance/pr-019-capability-discovery-audit/PR019_ACTIVE_CAPABILITY_CATALOG.json|docs/99-governance/pr-045-p0-batch-07-evidence-closure/PR-045-P0-BATCH-07-EVIDENCE-CLOSURE.md,DISCOVERY_REQUIRED,2026-08-01T09:33:54Z,origin=LOCAL_ONLY;confidence=MEDIUM;business_keyword_score=5;quality_filtered=true;human_validation=PENDING;full_power_preservation=REQUIRED;pr026_runtime=PENDING;pr026_missing=SOURCE|SERVICE|ENDPOINT|TEST|UI;pr026_human_confirmation=REQUIRED;pr026_ui_complete=false;pr045_batch=B07_SERVICE_ENDPOINT;pr045_machine_evidence=CLOSED;pr045_evidence_paths=docs/99-governance/pr-019-capability-discovery-audit/PR019_ACTIVE_CAPABILITY_CATALOG.json;pr045_human_confirmation=REQUIRED;pr045_ui_complete=false
CAP-A88B21563C34,Test Ndsp Python Tdl V2 Decision Outputs,Business or platform capability discovered from test_ndsp_python_tdl_v2_decision_outputs in tests/test_ndsp_python_tdl_v2_decision_outputs.py,tests/test_ndsp_python_tdl_v2_decision_outputs.py::test_ndsp_python_tdl_v2_decision_outputs,DISCOVERY_REQUIRED,DISCOVERY_REQUIRED,JSON,CALCULATED_REAL,PUBLIC,UNMAPPED,DISCOVERY_REQUIRED,SOURCE_IDENTIFIED,REAL_SNAPSHOT,REVIEW_REQUIRED,tests/test_ndsp_python_tdl_v2_decision_outputs.py|docs/99-governance/pr-019-capability-discovery-audit/PR019_ACTIVE_CAPABILITY_CATALOG.json|docs/99-governance/pr-045-p0-batch-07-evidence-closure/PR-045-P0-BATCH-07-EVIDENCE-CLOSURE.md,DISCOVERY_REQUIRED,2026-08-01T09:33:54Z,origin=LOCAL_ONLY;confidence=MEDIUM;business_keyword_score=4;quality_filtered=true;human_validation=PENDING;full_power_preservation=REQUIRED;pr026_runtime=PENDING;pr026_missing=SOURCE|SERVICE|ENDPOINT|TEST|UI;pr026_human_confirmation=REQUIRED;pr026_ui_complete=false;pr045_batch=B07_SERVICE_ENDPOINT;pr045_machine_evidence=CLOSED;pr045_evidence_paths=docs/99-governance/pr-019-capability-discovery-audit/PR019_ACTIVE_CAPABILITY_CATALOG.json;pr045_human_confirmation=REQUIRED;pr045_ui_complete=false
CAP-8A41EB527D76,Test Quality Effect Values,Business or platform capability discovered from test_quality_effect_values in backend/app/support_layers/black_layer/test_black_layer.py,backend/app/support_layers/black_layer/test_black_layer.py::test_quality_effect_values,DISCOVERY_REQUIRED,DISCOVERY_REQUIRED,UNKNOWN,DISCOVERY_REQUIRED,USER_OR_ADMIN,UNMAPPED,DISCOVERY_REQUIRED,SOURCE_IDENTIFIED,UNKNOWN,REVIEW_REQUIRED,backend/app/support_layers/black_layer/test_black_layer.py|docs/99-governance/pr-019-capability-discovery-audit/PR019_ACTIVE_CAPABILITY_CATALOG.json|docs/99-governance/pr-038-p0-batch-02-evidence-closure/PR-038-P0-BATCH-01-EVIDENCE-CLOSURE.md,DISCOVERY_REQUIRED,2026-08-01T02:21:13Z,origin=LOCAL_ONLY;confidence=HIGH;business_keyword_score=4;quality_filtered=true;human_validation=PENDING;full_power_preservation=REQUIRED;pr026_runtime=PENDING;pr026_missing=SOURCE|SERVICE|ENDPOINT|REAL_DATA|CALCULATION|TEST|UI;pr026_human_confirmation=REQUIRED;pr026_ui_complete=false;pr038_batch=B02_SERVICE_ENDPOINT_REAL_DATA;pr038_machine_evidence=CLOSED;pr038_evidence_paths=docs/99-governance/pr-019-capability-discovery-audit/PR019_ACTIVE_CAPABILITY_CATALOG.json;pr038_human_confirmation=REQUIRED;pr038_ui_complete=false
CAP-2CCF288AB3A6,Test Snapshot Evaluates Through Existing Cot Engine,Business or platform capability discovered from test_snapshot_evaluates_through_existing_cot_engine in backend/app/support_layers/cot/test_cot_v6_1_storage.py,backend/app/support_layers/cot/test_cot_v6_1_storage.py::test_snapshot_evaluates_through_existing_cot_engine,DISCOVERY_REQUIRED,DISCOVERY_REQUIRED,JSON,CALCULATED_REAL,USER_OR_ADMIN,REPORTS,DISCOVERY_REQUIRED,UI_PARTIAL,REAL_SNAPSHOT,REVIEW_REQUIRED,backend/app/support_layers/cot/test_cot_v6_1_storage.py|docs/99-governance/pr-019-capability-discovery-audit/PR019_ACTIVE_CAPABILITY_CATALOG.json|docs/99-governance/pr-044-p0-batch-06-evidence-closure/PR-044-P0-BATCH-06-EVIDENCE-CLOSURE.md,DISCOVERY_REQUIRED,2026-08-01T09:26:57Z,origin=LOCAL_ONLY;confidence=HIGH;business_keyword_score=4;quality_filtered=true;human_validation=PENDING;full_power_preservation=REQUIRED;pr026_runtime=PENDING;pr026_missing=SOURCE|SERVICE|ENDPOINT|TEST|UI;pr026_human_confirmation=REQUIRED;pr026_ui_complete=false;pr044_batch=B06_SERVICE_ENDPOINT;pr044_machine_evidence=CLOSED;pr044_evidence_paths=docs/99-governance/pr-019-capability-discovery-audit/PR019_ACTIVE_CAPABILITY_CATALOG.json;pr044_human_confirmation=REQUIRED;pr044_ui_complete=false
CAP-B13D2E033AA3,Use Market,Business or platform capability discovered from useMarket in frontend/user-portal-vite/src/hooks/useMarket.js,frontend/user-portal-vite/src/hooks/useMarket.js::useMarket,DISCOVERY_REQUIRED,DISCOVERY_REQUIRED,HTTP_API|JSON,CALCULATED_REAL,AUTHENTICATED_USER,CURRENT_FRONTEND,frontend/user-portal-vite/src/hooks/useMarket.js,UI_PARTIAL,REAL_LIVE,REVIEW_REQUIRED,frontend/user-portal-vite/src/hooks/useMarket.js|docs/99-governance/pr-019-capability-discovery-audit/PR019_ACTIVE_CAPABILITY_CATALOG.json|docs/99-governance/pr-046-p0-batch-08-evidence-closure/PR-046-P0-BATCH-08-EVIDENCE-CLOSURE.md,DISCOVERY_REQUIRED,2026-08-01T09:38:52Z,origin=LOCAL_ONLY;confidence=HIGH;business_keyword_score=6;quality_filtered=true;human_validation=PENDING;full_power_preservation=REQUIRED;pr026_runtime=PENDING;pr026_missing=SOURCE|SERVICE|ENDPOINT|TEST;pr026_human_confirmation=REQUIRED;pr026_ui_complete=false;pr046_batch=B08_SERVICE_ENDPOINT;pr046_machine_evidence=CLOSED;pr046_evidence_paths=docs/99-governance/pr-019-capability-discovery-audit/PR019_ACTIVE_CAPABILITY_CATALOG.json;pr046_human_confirmation=REQUIRED;pr046_ui_complete=false
CAP-546A1A38604F,User By Id Or Email,Business or platform capability discovered from userByIdOrEmail in backend/ndsp-user-alert-channels/server.js,backend/ndsp-user-alert-channels/server.js::userByIdOrEmail,ndsp-user-alert-channels.service,DISCOVERY_REQUIRED,JSON,CALCULATED_REAL,PUBLIC,LOGIN,DISCOVERY_REQUIRED,UI_PARTIAL,REAL_SNAPSHOT,REVIEW_REQUIRED,backend/ndsp-user-alert-channels/server.js,DISCOVERY_REQUIRED,2026-07-31T22:08:07Z,origin=LOCAL_ONLY;confidence=HIGH;business_keyword_score=5;quality_filtered=true;human_validation=PENDING;full_power_preservation=REQUIRED;pr026_runtime=PENDING;pr026_missing=SOURCE|ENDPOINT|TEST|UI;pr026_human_confirmation=REQUIRED;pr026_ui_complete=false
CAP-834DF8F1DE14,User From Auth Me,Business or platform capability discovered from userFromAuthMe in backend/ndsp-user-alert-channels/server.js,backend/ndsp-user-alert-channels/server.js::userFromAuthMe,ndsp-user-alert-channels.service,DISCOVERY_REQUIRED,JSON,CALCULATED_REAL,PUBLIC,LOGIN,DISCOVERY_REQUIRED,UI_PARTIAL,REAL_SNAPSHOT,REVIEW_REQUIRED,backend/ndsp-user-alert-channels/server.js,DISCOVERY_REQUIRED,2026-07-31T22:08:07Z,origin=LOCAL_ONLY;confidence=HIGH;business_keyword_score=5;quality_filtered=true;human_validation=PENDING;full_power_preservation=REQUIRED;pr026_runtime=PENDING;pr026_missing=SOURCE|ENDPOINT|TEST|UI;pr026_human_confirmation=REQUIRED;pr026_ui_complete=false
CAP-EF7009376528,User From Jwt,Business or platform capability discovered from userFromJwt in backend/ndsp-user-alert-channels/server.js,backend/ndsp-user-alert-channels/server.js::userFromJwt,ndsp-user-alert-channels.service,DISCOVERY_REQUIRED,JSON,CALCULATED_REAL,PUBLIC,LOGIN,DISCOVERY_REQUIRED,UI_PARTIAL,REAL_SNAPSHOT,REVIEW_REQUIRED,backend/ndsp-user-alert-channels/server.js,DISCOVERY_REQUIRED,2026-07-31T22:08:07Z,origin=LOCAL_ONLY;confidence=HIGH;business_keyword_score=5;quality_filtered=true;human_validation=PENDING;full_power_preservation=REQUIRED;pr026_runtime=PENDING;pr026_missing=SOURCE|ENDPOINT|TEST|UI;pr026_human_confirmation=REQUIRED;pr026_ui_complete=false
CAP-61B414613C07,User From Sessions,Business or platform capability discovered from userFromSessions in backend/ndsp-user-alert-channels/server.js,backend/ndsp-user-alert-channels/server.js::userFromSessions,ndsp-user-alert-channels.service,DISCOVERY_REQUIRED,JSON,CALCULATED_REAL,PUBLIC,LOGIN,DISCOVERY_REQUIRED,UI_PARTIAL,REAL_SNAPSHOT,REVIEW_REQUIRED,backend/ndsp-user-alert-channels/server.js,DISCOVERY_REQUIRED,2026-07-31T22:08:07Z,origin=LOCAL_ONLY;confidence=HIGH;business_keyword_score=5;quality_filtered=true;human_validation=PENDING;full_power_preservation=REQUIRED;pr026_runtime=PENDING;pr026_missing=SOURCE|ENDPOINT|TEST|UI;pr026_human_confirmation=REQUIRED;pr026_ui_complete=false
CAP-794EA0FC771F,User Test,Business or platform capability discovered from userTest in backend/ndsp-user-alert-channels/server.js,backend/ndsp-user-alert-channels/server.js::userTest,ndsp-user-alert-channels.service,DISCOVERY_REQUIRED,JSON,CALCULATED_REAL,PUBLIC,LOGIN,DISCOVERY_REQUIRED,UI_PARTIAL,REAL_SNAPSHOT,REVIEW_REQUIRED,backend/ndsp-user-alert-channels/server.js,DISCOVERY_REQUIRED,2026-07-31T22:08:07Z,origin=LOCAL_ONLY;confidence=HIGH;business_keyword_score=5;quality_filtered=true;human_validation=PENDING;full_power_preservation=REQUIRED;pr026_runtime=PENDING;pr026_missing=SOURCE|ENDPOINT|TEST|UI;pr026_human_confirmation=REQUIRED;pr026_ui_complete=false
CAP-354A758262E8,V40 Shape Decision Payload,Business or platform capability discovered from v40ShapeDecisionPayload in backend/auth_api/ndsp_platform_gateway_9001.cjs,backend/auth_api/ndsp_platform_gateway_9001.cjs::v40ShapeDecisionPayload,ndsp-platform-gateway.service,DISCOVERY_REQUIRED,JSON,CALCULATED_REAL,ADMIN,TRIAL,DISCOVERY_REQUIRED,UI_PARTIAL,REAL_SNAPSHOT,REVIEW_REQUIRED,backend/auth_api/ndsp_platform_gateway_9001.cjs,DISCOVERY_REQUIRED,2026-07-31T22:08:07Z,origin=LOCAL_ONLY;confidence=HIGH;business_keyword_score=14;quality_filtered=true;human_validation=PENDING;full_power_preservation=REQUIRED;pr026_runtime=PENDING;pr026_missing=SOURCE|SERVICE|ENDPOINT|TEST|UI;pr026_human_confirmation=REQUIRED;pr026_ui_complete=false
CAP-84FF68BA9542,V46 Internal Authorized,Business or platform capability discovered from v46InternalAuthorized in backend/auth_api/ndsp_user_login_gateway.cjs,backend/auth_api/ndsp_user_login_gateway.cjs::v46InternalAuthorized,ndsp-user-login.service,GET /api/auth/login/health|POST /api/auth/login|POST /api/auth/2fa/login/verify|GET /api/auth/session|GET /api/auth/decision-room-access|POST /api/auth/runtime/usage/consume|GET /api/auth/profile|PUT /api/auth/profile|GET /api/auth/survey/status|POST /api/auth/survey/response|POST /api/auth/events|POST /api/auth/internal/legal-acceptance|POST /api/auth/internal/evidence|POST /api/auth/logout|GET /api/auth/2fa/status|POST /api/auth/2fa/setup|POST /api/auth/2fa/confirm|POST /api/auth/2fa/disable|POST /api/auth/2fa/status|POST /api/auth/2fa/setup/start|POST /api/auth/2fa/setup/confirm|POST /api/auth/2fa/setup/skip|POST /api/auth/2fa/setup/confirm-final|POST /api/auth/2fa/setup/confirm-speakeasy,JSON,CALCULATED_REAL,ADMIN,TRIAL,DISCOVERY_REQUIRED,UI_PARTIAL,REAL_SNAPSHOT,REVIEW_REQUIRED,backend/auth_api/ndsp_user_login_gateway.cjs,DISCOVERY_REQUIRED,2026-07-31T22:08:07Z,origin=LOCAL_ONLY;confidence=HIGH;business_keyword_score=8;quality_filtered=true;human_validation=PENDING;full_power_preservation=REQUIRED;pr026_runtime=PENDING;pr026_missing=SOURCE|TEST|UI;pr026_human_confirmation=REQUIRED;pr026_ui_complete=false
CAP-62833B1E9F54,V461 Can Retry Market,Business or platform capability discovered from v461CanRetryMarket in backend/auth_api/ndsp_platform_gateway_9001.cjs,backend/auth_api/ndsp_platform_gateway_9001.cjs::v461CanRetryMarket,ndsp-platform-gateway.service,DISCOVERY_REQUIRED,JSON,CALCULATED_REAL,ADMIN,TRIAL,DISCOVERY_REQUIRED,UI_PARTIAL,REAL_SNAPSHOT,REVIEW_REQUIRED,backend/auth_api/ndsp_platform_gateway_9001.cjs,DISCOVERY_REQUIRED,2026-07-31T22:08:07Z,origin=LOCAL_ONLY;confidence=HIGH;business_keyword_score=14;quality_filtered=true;human_validation=PENDING;full_power_preservation=REQUIRED;pr026_runtime=PENDING;pr026_missing=SOURCE|SERVICE|ENDPOINT|TEST|UI;pr026_human_confirmation=REQUIRED;pr026_ui_complete=false
CAP-85BB71BCB158,V461 Market Path,Business or platform capability discovered from v461MarketPath in backend/auth_api/ndsp_platform_gateway_9001.cjs,backend/auth_api/ndsp_platform_gateway_9001.cjs::v461MarketPath,ndsp-platform-gateway.service,DISCOVERY_REQUIRED,JSON,CALCULATED_REAL,ADMIN,TRIAL,DISCOVERY_REQUIRED,UI_PARTIAL,REAL_SNAPSHOT,REVIEW_REQUIRED,backend/auth_api/ndsp_platform_gateway_9001.cjs,DISCOVERY_REQUIRED,2026-07-31T22:08:07Z,origin=LOCAL_ONLY;confidence=HIGH;business_keyword_score=14;quality_filtered=true;human_validation=PENDING;full_power_preservation=REQUIRED;pr026_runtime=PENDING;pr026_missing=SOURCE|SERVICE|ENDPOINT|TEST|UI;pr026_human_confirmation=REQUIRED;pr026_ui_complete=false
CAP-156AED7A28CE,V461 Retry Market,Business or platform capability discovered from v461RetryMarket in backend/auth_api/ndsp_platform_gateway_9001.cjs,backend/auth_api/ndsp_platform_gateway_9001.cjs::v461RetryMarket,ndsp-platform-gateway.service,DISCOVERY_REQUIRED,JSON,CALCULATED_REAL,ADMIN,TRIAL,DISCOVERY_REQUIRED,UI_PARTIAL,REAL_SNAPSHOT,REVIEW_REQUIRED,backend/auth_api/ndsp_platform_gateway_9001.cjs,DISCOVERY_REQUIRED,2026-07-31T22:08:07Z,origin=LOCAL_ONLY;confidence=HIGH;business_keyword_score=14;quality_filtered=true;human_validation=PENDING;full_power_preservation=REQUIRED;pr026_runtime=PENDING;pr026_missing=SOURCE|SERVICE|ENDPOINT|TEST|UI;pr026_human_confirmation=REQUIRED;pr026_ui_complete=false
CAP-704639CE50C9,Validate Decision,Business or platform capability discovered from validateDecision in backend/services/decision_governance_core/main.cjs,backend/services/decision_governance_core/main.cjs::validateDecision,DISCOVERY_REQUIRED,GET /health|POST /api/governance/evaluate|POST /api/governance/submit,HTTP_API|JSON,CALCULATED_REAL,USER_OR_ADMIN,UNMAPPED,DISCOVERY_REQUIRED,SOURCE_IDENTIFIED,REAL_LIVE,REVIEW_REQUIRED,backend/services/decision_governance_core/main.cjs|docs/99-governance/pr-019-capability-discovery-audit/PR019_ACTIVE_CAPABILITY_CATALOG.json|docs/99-governance/pr-052-p0-batch-14-evidence-closure/PR-052-P0-BATCH-14-EVIDENCE-CLOSURE.md,DISCOVERY_REQUIRED,2026-08-01T10:01:31Z,origin=LOCAL_ONLY;confidence=HIGH;business_keyword_score=6;quality_filtered=true;human_validation=PENDING;full_power_preservation=REQUIRED;pr026_runtime=PENDING;pr026_missing=SOURCE|SERVICE|TEST|UI;pr026_human_confirmation=REQUIRED;pr026_ui_complete=false;pr052_batch=B14_SERVICE_ONLY;pr052_machine_evidence=CLOSED;pr052_evidence_paths=docs/99-governance/pr-019-capability-discovery-audit/PR019_ACTIVE_CAPABILITY_CATALOG.json;pr052_human_confirmation=REQUIRED;pr052_ui_complete=false
CAP-1818863D4B3D,Validate Market Response,Business or platform capability discovered from validateMarketResponse in backend/portal_snapshot_generator.cjs,backend/portal_snapshot_generator.cjs::validateMarketResponse,DISCOVERY_REQUIRED,DISCOVERY_REQUIRED,HTTP_API|JSON|POSTGRES,CALCULATED_REAL,AUTHENTICATED_USER,REPORTS,DISCOVERY_REQUIRED,UI_PARTIAL,REAL_LIVE,REVIEW_REQUIRED,backend/portal_snapshot_generator.cjs|docs/99-governance/pr-019-capability-discovery-audit/PR019_ACTIVE_CAPABILITY_CATALOG.json|docs/99-governance/pr-044-p0-batch-06-evidence-closure/PR-044-P0-BATCH-06-EVIDENCE-CLOSURE.md,DISCOVERY_REQUIRED,2026-08-01T09:26:57Z,origin=LOCAL_ONLY;confidence=HIGH;business_keyword_score=4;quality_filtered=true;human_validation=PENDING;full_power_preservation=REQUIRED;pr026_runtime=PENDING;pr026_missing=SOURCE|SERVICE|ENDPOINT|TEST|UI;pr026_human_confirmation=REQUIRED;pr026_ui_complete=false;pr044_batch=B06_SERVICE_ENDPOINT;pr044_machine_evidence=CLOSED;pr044_evidence_paths=docs/99-governance/pr-019-capability-discovery-audit/PR019_ACTIVE_CAPABILITY_CATALOG.json;pr044_human_confirmation=REQUIRED;pr044_ui_complete=false
CAP-2038C387452F,Write Report,Business or platform capability discovered from writeReport in backend/portal_snapshot_generator.cjs,backend/portal_snapshot_generator.cjs::writeReport,DISCOVERY_REQUIRED,DISCOVERY_REQUIRED,HTTP_API|JSON|POSTGRES,CALCULATED_REAL,AUTHENTICATED_USER,REPORTS,DISCOVERY_REQUIRED,UI_PARTIAL,REAL_LIVE,REVIEW_REQUIRED,backend/portal_snapshot_generator.cjs|docs/99-governance/pr-019-capability-discovery-audit/PR019_ACTIVE_CAPABILITY_CATALOG.json|docs/99-governance/pr-044-p0-batch-06-evidence-closure/PR-044-P0-BATCH-06-EVIDENCE-CLOSURE.md,DISCOVERY_REQUIRED,2026-08-01T09:26:57Z,origin=LOCAL_ONLY;confidence=HIGH;business_keyword_score=4;quality_filtered=true;human_validation=PENDING;full_power_preservation=REQUIRED;pr026_runtime=PENDING;pr026_missing=SOURCE|SERVICE|ENDPOINT|TEST|UI;pr026_human_confirmation=REQUIRED;pr026_ui_complete=false;pr044_batch=B06_SERVICE_ENDPOINT;pr044_machine_evidence=CLOSED;pr044_evidence_paths=docs/99-governance/pr-019-capability-discovery-audit/PR019_ACTIVE_CAPABILITY_CATALOG.json;pr044_human_confirmation=REQUIRED;pr044_ui_complete=false
CAP-B7B141CE6F45,Activate Subscription,Business or platform capability discovered from activateSubscription in backend/ndsp_nowpayments.cjs,backend/ndsp_nowpayments.cjs::activateSubscription,DISCOVERY_REQUIRED,GET /nowpayments/health|POST /checkout/create|GET /webhooks/nowpayments|POST /webhooks/nowpayments,HTTP_API|JSON|POSTGRES,CALCULATED_REAL,PUBLIC,SUBSCRIPTION,DISCOVERY_REQUIRED,UI_PARTIAL,REAL_LIVE,REVIEW_REQUIRED,backend/ndsp_nowpayments.cjs|docs/99-governance/pr-019-capability-discovery-audit/PR019_ACTIVE_CAPABILITY_CATALOG.json|docs/99-governance/pr-053-p0-batch-15-evidence-closure/PR-053-P0-BATCH-15-EVIDENCE-CLOSURE.md,DISCOVERY_REQUIRED,2026-08-01T10:05:11Z,origin=ON_MAIN;confidence=HIGH;business_keyword_score=4;quality_filtered=true;human_validation=PENDING;full_power_preservation=REQUIRED;pr026_runtime=PENDING;pr026_missing=SERVICE|TEST|UI;pr026_human_confirmation=REQUIRED;pr026_ui_complete=false;pr053_batch=B15_SERVICE_ONLY;pr053_machine_evidence=CLOSED;pr053_evidence_paths=docs/99-governance/pr-019-capability-discovery-audit/PR019_ACTIVE_CAPABILITY_CATALOG.json;pr053_human_confirmation=REQUIRED;pr053_ui_complete=false
CAP-E7E2EB1C570D,Activate User By Token,Business or platform capability discovered from activateUserByToken in backend/ndsp_trial_register_gateway.cjs,backend/ndsp_trial_register_gateway.cjs::activateUserByToken,ndsp-trial-register.service,DISCOVERY_REQUIRED,JSON|POSTGRES,CALCULATED_REAL,ADMIN,TRIAL,DISCOVERY_REQUIRED,UI_PARTIAL,REAL_SNAPSHOT,REVIEW_REQUIRED,backend/ndsp_trial_register_gateway.cjs,DISCOVERY_REQUIRED,2026-07-31T22:08:07Z,origin=ON_MAIN;confidence=HIGH;business_keyword_score=9;quality_filtered=true;human_validation=PENDING;full_power_preservation=REQUIRED;pr026_runtime=PENDING;pr026_missing=SERVICE|ENDPOINT|TEST|UI;pr026_human_confirmation=REQUIRED;pr026_ui_complete=false
CAP-27F8705FBD92,Active Trial,Business or platform capability discovered from active_trial in backend/services/ndsp-launch-control-v167/server.py,backend/services/ndsp-launch-control-v167/server.py::active_trial,DISCOVERY_REQUIRED,DISCOVERY_REQUIRED,HTTP_API|JSON,DISCOVERY_REQUIRED,ADMIN,TRIAL,DISCOVERY_REQUIRED,UI_PARTIAL,MOCK_ONLY,REVIEW_REQUIRED,backend/services/ndsp-launch-control-v167/server.py|docs/99-governance/pr-019-capability-discovery-audit/PR019_ACTIVE_CAPABILITY_CATALOG.json|docs/99-governance/pr-037-p0-batch-01-evidence-closure/PR-037-P0-BATCH-01-EVIDENCE-CLOSURE.md,DISCOVERY_REQUIRED,2026-08-01T02:15:15Z,origin=UNTRACKED;confidence=HIGH;business_keyword_score=7;quality_filtered=true;human_validation=PENDING;full_power_preservation=REQUIRED;pr026_runtime=PENDING;pr026_missing=SOURCE|SERVICE|ENDPOINT|REAL_DATA|CALCULATION|TEST|UI;pr026_human_confirmation=REQUIRED;pr026_ui_complete=false;pr037_batch=B01_SERVICE_ENDPOINT_REAL_DATA;pr037_machine_evidence=CLOSED;pr037_evidence_paths=docs/99-governance/pr-019-capability-discovery-audit/PR019_ACTIVE_CAPABILITY_CATALOG.json;pr037_human_confirmation=REQUIRED;pr037_ui_complete=false
CAP-57FACA283877,Admin Mail To,Business or platform capability discovered from adminMailTo in backend/ndsp_trial_register_gateway.cjs,backend/ndsp_trial_register_gateway.cjs::adminMailTo,ndsp-trial-register.service,DISCOVERY_REQUIRED,JSON|POSTGRES,CALCULATED_REAL,ADMIN,TRIAL,DISCOVERY_REQUIRED,UI_PARTIAL,REAL_SNAPSHOT,REVIEW_REQUIRED,backend/ndsp_trial_register_gateway.cjs,DISCOVERY_REQUIRED,2026-07-31T22:08:07Z,origin=ON_MAIN;confidence=HIGH;business_keyword_score=9;quality_filtered=true;human_validation=PENDING;full_power_preservation=REQUIRED;pr026_runtime=PENDING;pr026_missing=SERVICE|ENDPOINT|TEST|UI;pr026_human_confirmation=REQUIRED;pr026_ui_complete=false
CAP-B4428CF8E186,Attach Tdl Trade Horizon Addons,Business or platform capability discovered from attachTdlTradeHorizonAddons in backend/ndsp_tdl_trade_horizon_addons.cjs,backend/ndsp_tdl_trade_horizon_addons.cjs::attachTdlTradeHorizonAddons,DISCOVERY_REQUIRED,DISCOVERY_REQUIRED,UNKNOWN,DISCOVERY_REQUIRED,PUBLIC,UNMAPPED,DISCOVERY_REQUIRED,SOURCE_IDENTIFIED,UNKNOWN,REVIEW_REQUIRED,backend/ndsp_tdl_trade_horizon_addons.cjs|docs/99-governance/pr-019-capability-discovery-audit/PR019_ACTIVE_CAPABILITY_CATALOG.json|docs/99-governance/pr-040-p0-batch-03-evidence-closure/PR-040-P0-BATCH-01-EVIDENCE-CLOSURE.md,DISCOVERY_REQUIRED,2026-08-01T09:03:30Z,origin=ON_MAIN;confidence=HIGH;business_keyword_score=6;quality_filtered=true;human_validation=PENDING;full_power_preservation=REQUIRED;pr026_runtime=PENDING;pr026_missing=SERVICE|ENDPOINT|REAL_DATA|CALCULATION|TEST|UI;pr026_human_confirmation=REQUIRED;pr026_ui_complete=false;pr040_batch=B03_SERVICE_ENDPOINT_REAL_DATA;pr040_machine_evidence=CLOSED;pr040_evidence_paths=docs/99-governance/pr-019-capability-discovery-audit/PR019_ACTIVE_CAPABILITY_CATALOG.json;pr040_human_confirmation=REQUIRED;pr040_ui_complete=false
CAP-ACFDAF4DAD5E,Auth,Business or platform capability discovered from auth in backend/ndsp_user_login_gateway.cjs,backend/ndsp_user_login_gateway.cjs::auth,ndsp-user-login.service,GET /api/auth/login/health|POST /api/auth/login|POST /api/auth/2fa/login/verify|GET /api/auth/session|POST /api/auth/logout|GET /api/auth/2fa/status|POST /api/auth/2fa/setup|POST /api/auth/2fa/confirm|POST /api/auth/2fa/disable|POST /api/auth/2fa/status|POST /api/auth/2fa/setup/start|POST /api/auth/2fa/setup/confirm|POST /api/auth/2fa/setup/skip|POST /api/auth/2fa/setup/confirm-final|POST /api/auth/2fa/setup/confirm-speakeasy,JSON,CALCULATED_REAL,ADMIN,TRIAL,DISCOVERY_REQUIRED,UI_PARTIAL,REAL_SNAPSHOT,REVIEW_REQUIRED,backend/ndsp_user_login_gateway.cjs,DISCOVERY_REQUIRED,2026-07-31T23:17:31Z,origin=ON_MAIN;confidence=HIGH;business_keyword_score=5;quality_filtered=true;human_validation=PENDING;full_power_preservation=REQUIRED;pr026_runtime=PENDING;pr026_missing=TEST|UI;pr026_human_confirmation=REQUIRED;pr026_ui_complete=false;pr028_quick_win=PARTIAL_REMEDIATION;pr028_remaining=UI;pr028_human_confirmation=REQUIRED;pr028_ui_complete=false;pr029_remaining_quick_win=CLOSED_MACHINE_VERIFIED;pr029_evidence=ui:frontend/user-portal-vite/src/features/remaining-quick-wins;pr029_human_confirmation=REQUIRED;pr029_ui_complete=false
CAP-784548F2FDAD,Authorize,Business or platform capability discovered from authorize in backend/ndsp_admin_actions_bypass_old_middleware.cjs,backend/ndsp_admin_actions_bypass_old_middleware.cjs::authorize,ndsp-admin-actions.service,GET /api/admin-actions/users/action/health|POST /api/admin-actions/users/action,JSON,CALCULATED_REAL,ADMIN,TRIAL,DISCOVERY_REQUIRED,UI_PARTIAL,REAL_SNAPSHOT,NON_CANONICAL_OR_STALE,backend/ndsp_admin_actions_bypass_old_middleware.cjs,DISCOVERY_REQUIRED,2026-07-31T23:17:31Z,origin=ON_MAIN;confidence=HIGH;business_keyword_score=5;quality_filtered=true;human_validation=PENDING;full_power_preservation=REQUIRED;pr026_runtime=PENDING;pr026_missing=TEST|UI;pr026_human_confirmation=REQUIRED;pr026_ui_complete=false;pr028_quick_win=PARTIAL_REMEDIATION;pr028_remaining=UI;pr028_human_confirmation=REQUIRED;pr028_ui_complete=false;pr029_remaining_quick_win=CLOSED_MACHINE_VERIFIED;pr029_evidence=ui:frontend/user-portal-vite/src/features/remaining-quick-wins;pr029_human_confirmation=REQUIRED;pr029_ui_complete=false
CAP-DF54F83FC9EB,Authorize,Business or platform capability discovered from authorize in backend/ndsp_admin_actions_authoritative.cjs,backend/ndsp_admin_actions_authoritative.cjs::authorize,ndsp-admin-actions.service,GET /api/admin/users/action/health,JSON,CALCULATED_REAL,ADMIN,TRIAL,DISCOVERY_REQUIRED,UI_PARTIAL,REAL_SNAPSHOT,REVIEW_REQUIRED,backend/ndsp_admin_actions_authoritative.cjs,DISCOVERY_REQUIRED,2026-07-31T23:17:31Z,origin=ON_MAIN;confidence=HIGH;business_keyword_score=5;quality_filtered=true;human_validation=PENDING;full_power_preservation=REQUIRED;pr026_runtime=PENDING;pr026_missing=TEST|UI;pr026_human_confirmation=REQUIRED;pr026_ui_complete=false;pr028_quick_win=PARTIAL_REMEDIATION;pr028_remaining=UI;pr028_human_confirmation=REQUIRED;pr028_ui_complete=false;pr029_remaining_quick_win=CLOSED_MACHINE_VERIFIED;pr029_evidence=ui:frontend/user-portal-vite/src/features/remaining-quick-wins;pr029_human_confirmation=REQUIRED;pr029_ui_complete=false
CAP-0C985C4FB835,Candidate Score,Business or platform capability discovered from candidateScore in frontend/ndsp-user-portal-v50/public/ndsp-bind-original-back-link-v77.js,frontend/ndsp-user-portal-v50/public/ndsp-bind-original-back-link-v77.js::candidateScore,DISCOVERY_REQUIRED,DISCOVERY_REQUIRED,UNKNOWN,DISCOVERY_REQUIRED,PUBLIC,CURRENT_FRONTEND,frontend/ndsp-user-portal-v50/public/ndsp-bind-original-back-link-v77.js,UI_PARTIAL,UNKNOWN,REVIEW_REQUIRED,frontend/ndsp-user-portal-v50/public/ndsp-bind-original-back-link-v77.js|docs/99-governance/pr-019-capability-discovery-audit/PR019_ACTIVE_CAPABILITY_CATALOG.json|docs/99-governance/pr-042-p0-batch-04-evidence-closure/PR-042-P0-BATCH-04-EVIDENCE-CLOSURE.md,DISCOVERY_REQUIRED,2026-08-01T09:16:54Z,origin=UNTRACKED;confidence=HIGH;business_keyword_score=3;quality_filtered=true;human_validation=PENDING;full_power_preservation=REQUIRED;pr026_runtime=PENDING;pr026_missing=SOURCE|SERVICE|ENDPOINT|REAL_DATA|CALCULATION|TEST;pr026_human_confirmation=REQUIRED;pr026_ui_complete=false;pr042_batch=B04_SERVICE_ENDPOINT_REAL_DATA;pr042_machine_evidence=CLOSED;pr042_evidence_paths=docs/99-governance/pr-019-capability-discovery-audit/PR019_ACTIVE_CAPABILITY_CATALOG.json;pr042_human_confirmation=REQUIRED;pr042_ui_complete=false
CAP-393D853966BA,Candidate Score,Business or platform capability discovered from candidateScore in frontend/ndsp-user-portal-v50/public/ndsp-login-original-back-link-v76.js,frontend/ndsp-user-portal-v50/public/ndsp-login-original-back-link-v76.js::candidateScore,DISCOVERY_REQUIRED,DISCOVERY_REQUIRED,UNKNOWN,DISCOVERY_REQUIRED,PUBLIC,LOGIN,frontend/ndsp-user-portal-v50/public/ndsp-login-original-back-link-v76.js,UI_PARTIAL,UNKNOWN,REVIEW_REQUIRED,frontend/ndsp-user-portal-v50/public/ndsp-login-original-back-link-v76.js|docs/99-governance/pr-019-capability-discovery-audit/PR019_ACTIVE_CAPABILITY_CATALOG.json|docs/99-governance/pr-042-p0-batch-04-evidence-closure/PR-042-P0-BATCH-04-EVIDENCE-CLOSURE.md,DISCOVERY_REQUIRED,2026-08-01T09:16:54Z,origin=UNTRACKED;confidence=HIGH;business_keyword_score=3;quality_filtered=true;human_validation=PENDING;full_power_preservation=REQUIRED;pr026_runtime=PENDING;pr026_missing=SOURCE|SERVICE|ENDPOINT|REAL_DATA|CALCULATION|TEST;pr026_human_confirmation=REQUIRED;pr026_ui_complete=false;pr042_batch=B04_SERVICE_ENDPOINT_REAL_DATA;pr042_machine_evidence=CLOSED;pr042_evidence_paths=docs/99-governance/pr-019-capability-discovery-audit/PR019_ACTIVE_CAPABILITY_CATALOG.json;pr042_human_confirmation=REQUIRED;pr042_ui_complete=false
CAP-5930A90FD873,Canvas Signal,Business or platform capability discovered from canvasSignal in backend/ndsp_one_device_one_account.sh,backend/ndsp_one_device_one_account.sh::canvasSignal,DISCOVERY_REQUIRED,DISCOVERY_REQUIRED,HTTP_API|JSON|POSTGRES,CALCULATED_REAL,PUBLIC,REGISTER,DISCOVERY_REQUIRED,UI_PARTIAL,REAL_LIVE,REVIEW_REQUIRED,backend/ndsp_one_device_one_account.sh|docs/99-governance/pr-019-capability-discovery-audit/PR019_ACTIVE_CAPABILITY_CATALOG.json|docs/99-governance/pr-044-p0-batch-06-evidence-closure/PR-044-P0-BATCH-06-EVIDENCE-CLOSURE.md,DISCOVERY_REQUIRED,2026-08-01T09:26:57Z,origin=ON_MAIN;confidence=HIGH;business_keyword_score=3;quality_filtered=true;human_validation=PENDING;full_power_preservation=REQUIRED;pr026_runtime=PENDING;pr026_missing=SERVICE|ENDPOINT|TEST|UI;pr026_human_confirmation=REQUIRED;pr026_ui_complete=false;pr044_batch=B06_SERVICE_ENDPOINT;pr044_machine_evidence=CLOSED;pr044_evidence_paths=docs/99-governance/pr-019-capability-discovery-audit/PR019_ACTIVE_CAPABILITY_CATALOG.json;pr044_human_confirmation=REQUIRED;pr044_ui_complete=false
CAP-587C4D012ECD,Completed Decisions Panel V37,Business or platform capability discovered from CompletedDecisionsPanelV37 in frontend/user-portal-vite/src/components/CompletedDecisionsPanelV37.jsx,frontend/user-portal-vite/src/components/CompletedDecisionsPanelV37.jsx::CompletedDecisionsPanelV37,DISCOVERY_REQUIRED,DISCOVERY_REQUIRED,UNKNOWN,DISCOVERY_REQUIRED,AUTHENTICATED_USER,REGISTER,frontend/user-portal-vite/src/components/CompletedDecisionsPanelV37.jsx,UI_PARTIAL,UNKNOWN,REVIEW_REQUIRED,frontend/user-portal-vite/src/components/CompletedDecisionsPanelV37.jsx|docs/99-governance/pr-019-capability-discovery-audit/PR019_ACTIVE_CAPABILITY_CATALOG.json|docs/99-governance/pr-042-p0-batch-04-evidence-closure/PR-042-P0-BATCH-04-EVIDENCE-CLOSURE.md,DISCOVERY_REQUIRED,2026-08-01T09:16:54Z,origin=UNTRACKED;confidence=HIGH;business_keyword_score=11;quality_filtered=true;human_validation=PENDING;full_power_preservation=REQUIRED;pr026_runtime=PENDING;pr026_missing=SOURCE|SERVICE|ENDPOINT|REAL_DATA|CALCULATION|TEST;pr026_human_confirmation=REQUIRED;pr026_ui_complete=false;pr042_batch=B04_SERVICE_ENDPOINT_REAL_DATA;pr042_machine_evidence=CLOSED;pr042_evidence_paths=docs/99-governance/pr-019-capability-discovery-audit/PR019_ACTIVE_CAPABILITY_CATALOG.json;pr042_human_confirmation=REQUIRED;pr042_ui_complete=false
CAP-7221B578D5AA,Compute Tdl Trade Horizon Addons,Business or platform capability discovered from computeTdlTradeHorizonAddons in backend/ndsp_tdl_trade_horizon_addons.cjs,backend/ndsp_tdl_trade_horizon_addons.cjs::computeTdlTradeHorizonAddons,DISCOVERY_REQUIRED,DISCOVERY_REQUIRED,UNKNOWN,DISCOVERY_REQUIRED,PUBLIC,UNMAPPED,DISCOVERY_REQUIRED,SOURCE_IDENTIFIED,UNKNOWN,REVIEW_REQUIRED,backend/ndsp_tdl_trade_horizon_addons.cjs|docs/99-governance/pr-019-capability-discovery-audit/PR019_ACTIVE_CAPABILITY_CATALOG.json|docs/99-governance/pr-038-p0-batch-02-evidence-closure/PR-038-P0-BATCH-01-EVIDENCE-CLOSURE.md,DISCOVERY_REQUIRED,2026-08-01T02:21:13Z,origin=ON_MAIN;confidence=HIGH;business_keyword_score=6;quality_filtered=true;human_validation=PENDING;full_power_preservation=REQUIRED;pr026_runtime=PENDING;pr026_missing=SERVICE|ENDPOINT|REAL_DATA|TEST|UI;pr026_human_confirmation=REQUIRED;pr026_ui_complete=false;pr038_batch=B02_SERVICE_ENDPOINT_REAL_DATA;pr038_machine_evidence=CLOSED;pr038_evidence_paths=docs/99-governance/pr-019-capability-discovery-audit/PR019_ACTIVE_CAPABILITY_CATALOG.json;pr038_human_confirmation=REQUIRED;pr038_ui_complete=false
CAP-59F16279C194,Conflict Engine,Business or platform capability discovered from conflict_engine in backend/orchestration/canonical_v1/conflict_engine.py,backend/orchestration/canonical_v1/conflict_engine.py::conflict_engine,DISCOVERY_REQUIRED,DISCOVERY_REQUIRED,UNKNOWN,DISCOVERY_REQUIRED,AUTHENTICATED_USER,UNMAPPED,DISCOVERY_REQUIRED,SOURCE_IDENTIFIED,UNKNOWN,CANONICAL,backend/orchestration/canonical_v1/conflict_engine.py|docs/99-governance/pr-019-capability-discovery-audit/PR019_ACTIVE_CAPABILITY_CATALOG.json|docs/99-governance/pr-038-p0-batch-02-evidence-closure/PR-038-P0-BATCH-01-EVIDENCE-CLOSURE.md,DISCOVERY_REQUIRED,2026-08-01T02:21:13Z,origin=UNTRACKED;confidence=MEDIUM;business_keyword_score=3;quality_filtered=true;human_validation=PENDING;full_power_preservation=REQUIRED;pr026_runtime=PENDING;pr026_missing=SOURCE|SERVICE|ENDPOINT|REAL_DATA|TEST|UI;pr026_human_confirmation=REQUIRED;pr026_ui_complete=false;pr038_batch=B02_SERVICE_ENDPOINT_REAL_DATA;pr038_machine_evidence=CLOSED;pr038_evidence_paths=docs/99-governance/pr-019-capability-discovery-audit/PR019_ACTIVE_CAPABILITY_CATALOG.json;pr038_human_confirmation=REQUIRED;pr038_ui_complete=false
CAP-39A4FC2ADB6A,Context Engines,Business or platform capability discovered from context_engines in backend/intelligence/canonical_v1/context_engines.py,backend/intelligence/canonical_v1/context_engines.py::context_engines,DISCOVERY_REQUIRED,DISCOVERY_REQUIRED,UNKNOWN,DISCOVERY_REQUIRED,AUTHENTICATED_USER,UNMAPPED,DISCOVERY_REQUIRED,SOURCE_IDENTIFIED,UNKNOWN,CANONICAL,backend/intelligence/canonical_v1/context_engines.py|docs/99-governance/pr-019-capability-discovery-audit/PR019_ACTIVE_CAPABILITY_CATALOG.json|docs/99-governance/pr-037-p0-batch-01-evidence-closure/PR-037-P0-BATCH-01-EVIDENCE-CLOSURE.md,DISCOVERY_REQUIRED,2026-08-01T02:15:15Z,origin=UNTRACKED;confidence=MEDIUM;business_keyword_score=3;quality_filtered=true;human_validation=PENDING;full_power_preservation=REQUIRED;pr026_runtime=PENDING;pr026_missing=SOURCE|SERVICE|ENDPOINT|REAL_DATA|TEST|UI;pr026_human_confirmation=REQUIRED;pr026_ui_complete=false;pr037_batch=B01_SERVICE_ENDPOINT_REAL_DATA;pr037_machine_evidence=CLOSED;pr037_evidence_paths=docs/99-governance/pr-019-capability-discovery-audit/PR019_ACTIVE_CAPABILITY_CATALOG.json;pr037_human_confirmation=REQUIRED;pr037_ui_complete=false
CAP-AEB35386E738,Cot Validity,Business or platform capability discovered from CotValidity in backend/layers/canonical_v1/core/contracts.py,backend/layers/canonical_v1/core/contracts.py::CotValidity,DISCOVERY_REQUIRED,DISCOVERY_REQUIRED,UNKNOWN,DISCOVERY_REQUIRED,USER_OR_ADMIN,REPORTS,DISCOVERY_REQUIRED,UI_PARTIAL,UNKNOWN,CANONICAL,backend/layers/canonical_v1/core/contracts.py|docs/99-governance/pr-019-capability-discovery-audit/PR019_ACTIVE_CAPABILITY_CATALOG.json|docs/99-governance/pr-040-p0-batch-03-evidence-closure/PR-040-P0-BATCH-01-EVIDENCE-CLOSURE.md,DISCOVERY_REQUIRED,2026-08-01T09:03:30Z,origin=UNTRACKED;confidence=HIGH;business_keyword_score=4;quality_filtered=true;human_validation=PENDING;full_power_preservation=REQUIRED;pr026_runtime=PENDING;pr026_missing=SOURCE|SERVICE|ENDPOINT|REAL_DATA|CALCULATION|TEST|UI;pr026_human_confirmation=REQUIRED;pr026_ui_complete=false;pr040_batch=B03_SERVICE_ENDPOINT_REAL_DATA;pr040_machine_evidence=CLOSED;pr040_evidence_paths=docs/99-governance/pr-019-capability-discovery-audit/PR019_ACTIVE_CAPABILITY_CATALOG.json;pr040_human_confirmation=REQUIRED;pr040_ui_complete=false
CAP-FC41FDD8C092,Create Trial Guard,Business or platform capability discovered from createTrialGuard in backend/middleware/trialGuard.js,backend/middleware/trialGuard.js::createTrialGuard,DISCOVERY_REQUIRED,DISCOVERY_REQUIRED,UNKNOWN,DISCOVERY_REQUIRED,PUBLIC,PRICING,DISCOVERY_REQUIRED,UI_PARTIAL,UNKNOWN,REVIEW_REQUIRED,backend/middleware/trialGuard.js|docs/99-governance/pr-019-capability-discovery-audit/PR019_ACTIVE_CAPABILITY_CATALOG.json|docs/99-governance/pr-042-p0-batch-04-evidence-closure/PR-042-P0-BATCH-04-EVIDENCE-CLOSURE.md,DISCOVERY_REQUIRED,2026-08-01T09:16:54Z,origin=ON_MAIN;confidence=HIGH;business_keyword_score=4;quality_filtered=true;human_validation=PENDING;full_power_preservation=REQUIRED;pr026_runtime=PENDING;pr026_missing=SERVICE|ENDPOINT|REAL_DATA|CALCULATION|TEST|UI;pr026_human_confirmation=REQUIRED;pr026_ui_complete=false;pr042_batch=B04_SERVICE_ENDPOINT_REAL_DATA;pr042_machine_evidence=CLOSED;pr042_evidence_paths=docs/99-governance/pr-019-capability-discovery-audit/PR019_ACTIVE_CAPABILITY_CATALOG.json;pr042_human_confirmation=REQUIRED;pr042_ui_complete=false
CAP-987DAC51EA7A,Current Authority Key,Business or platform capability discovered from currentAuthorityKey in backend/ndsp_tdl_trade_horizon_addons.cjs,backend/ndsp_tdl_trade_horizon_addons.cjs::currentAuthorityKey,DISCOVERY_REQUIRED,DISCOVERY_REQUIRED,UNKNOWN,DISCOVERY_REQUIRED,PUBLIC,UNMAPPED,DISCOVERY_REQUIRED,SOURCE_IDENTIFIED,UNKNOWN,REVIEW_REQUIRED,backend/ndsp_tdl_trade_horizon_addons.cjs|docs/99-governance/pr-019-capability-discovery-audit/PR019_ACTIVE_CAPABILITY_CATALOG.json|docs/99-governance/pr-038-p0-batch-02-evidence-closure/PR-038-P0-BATCH-01-EVIDENCE-CLOSURE.md,DISCOVERY_REQUIRED,2026-08-01T02:21:13Z,origin=ON_MAIN;confidence=HIGH;business_keyword_score=6;quality_filtered=true;human_validation=PENDING;full_power_preservation=REQUIRED;pr026_runtime=PENDING;pr026_missing=SERVICE|ENDPOINT|REAL_DATA|CALCULATION|TEST|UI;pr026_human_confirmation=REQUIRED;pr026_ui_complete=false;pr038_batch=B02_SERVICE_ENDPOINT_REAL_DATA;pr038_machine_evidence=CLOSED;pr038_evidence_paths=docs/99-governance/pr-019-capability-discovery-audit/PR019_ACTIVE_CAPABILITY_CATALOG.json;pr038_human_confirmation=REQUIRED;pr038_ui_complete=false
CAP-E0A94B5D377B,Decision Card V37,Business or platform capability discovered from DecisionCardV37 in frontend/user-portal-vite/src/components/CompletedDecisionsPanelV37.jsx,frontend/user-portal-vite/src/components/CompletedDecisionsPanelV37.jsx::DecisionCardV37,DISCOVERY_REQUIRED,DISCOVERY_REQUIRED,UNKNOWN,DISCOVERY_REQUIRED,AUTHENTICATED_USER,REGISTER,frontend/user-portal-vite/src/components/CompletedDecisionsPanelV37.jsx,UI_PARTIAL,UNKNOWN,REVIEW_REQUIRED,frontend/user-portal-vite/src/components/CompletedDecisionsPanelV37.jsx|docs/99-governance/pr-019-capability-discovery-audit/PR019_ACTIVE_CAPABILITY_CATALOG.json|docs/99-governance/pr-043-p0-batch-05-evidence-closure/PR-043-P0-BATCH-05-EVIDENCE-CLOSURE.md,DISCOVERY_REQUIRED,2026-08-01T09:22:38Z,origin=UNTRACKED;confidence=HIGH;business_keyword_score=11;quality_filtered=true;human_validation=PENDING;full_power_preservation=REQUIRED;pr026_runtime=PENDING;pr026_missing=SOURCE|SERVICE|ENDPOINT|REAL_DATA|CALCULATION|TEST;pr026_human_confirmation=REQUIRED;pr026_ui_complete=false;pr043_batch=B05_SERVICE_ENDPOINT_REAL_DATA;pr043_machine_evidence=CLOSED;pr043_evidence_paths=docs/99-governance/pr-019-capability-discovery-audit/PR019_ACTIVE_CAPABILITY_CATALOG.json;pr043_human_confirmation=REQUIRED;pr043_ui_complete=false
CAP-C1DB36617501,Decision Explanation Contract V129,Business or platform capability discovered from decisionExplanationContractV129 in frontend/ndsp-user-portal-v50/assets/ndsp-portal-v50.js,frontend/ndsp-user-portal-v50/assets/ndsp-portal-v50.js::decisionExplanationContractV129,DISCOVERY_REQUIRED,DISCOVERY_REQUIRED,HTTP_API|JSON,DISCOVERY_REQUIRED,PUBLIC,LANDING,frontend/ndsp-user-portal-v50/assets/ndsp-portal-v50.js,UI_PARTIAL,MOCK_ONLY,REVIEW_REQUIRED,frontend/ndsp-user-portal-v50/assets/ndsp-portal-v50.js|docs/99-governance/pr-019-capability-discovery-audit/PR019_ACTIVE_CAPABILITY_CATALOG.json|docs/99-governance/pr-043-p0-batch-05-evidence-closure/PR-043-P0-BATCH-05-EVIDENCE-CLOSURE.md,DISCOVERY_REQUIRED,2026-08-01T09:22:38Z,origin=UNTRACKED;confidence=HIGH;business_keyword_score=13;quality_filtered=true;human_validation=PENDING;full_power_preservation=REQUIRED;pr026_runtime=PENDING;pr026_missing=SOURCE|SERVICE|ENDPOINT|REAL_DATA|CALCULATION|TEST;pr026_human_confirmation=REQUIRED;pr026_ui_complete=false;pr043_batch=B05_SERVICE_ENDPOINT_REAL_DATA;pr043_machine_evidence=CLOSED;pr043_evidence_paths=docs/99-governance/pr-019-capability-discovery-audit/PR019_ACTIVE_CAPABILITY_CATALOG.json;pr043_human_confirmation=REQUIRED;pr043_ui_complete=false
CAP-FF04A3FFA67C,Decision From Entry,Business or platform capability discovered from decisionFromEntry in frontend/user-portal-vite/src/components/CompletedDecisionsPanelV37.jsx,frontend/user-portal-vite/src/components/CompletedDecisionsPanelV37.jsx::decisionFromEntry,DISCOVERY_REQUIRED,DISCOVERY_REQUIRED,UNKNOWN,DISCOVERY_REQUIRED,AUTHENTICATED_USER,REGISTER,frontend/user-portal-vite/src/components/CompletedDecisionsPanelV37.jsx,UI_PARTIAL,UNKNOWN,REVIEW_REQUIRED,frontend/user-portal-vite/src/components/CompletedDecisionsPanelV37.jsx|docs/99-governance/pr-019-capability-discovery-audit/PR019_ACTIVE_CAPABILITY_CATALOG.json|docs/99-governance/pr-043-p0-batch-05-evidence-closure/PR-043-P0-BATCH-05-EVIDENCE-CLOSURE.md,DISCOVERY_REQUIRED,2026-08-01T09:22:38Z,origin=UNTRACKED;confidence=HIGH;business_keyword_score=11;quality_filtered=true;human_validation=PENDING;full_power_preservation=REQUIRED;pr026_runtime=PENDING;pr026_missing=SOURCE|SERVICE|ENDPOINT|REAL_DATA|CALCULATION|TEST;pr026_human_confirmation=REQUIRED;pr026_ui_complete=false;pr043_batch=B05_SERVICE_ENDPOINT_REAL_DATA;pr043_machine_evidence=CLOSED;pr043_evidence_paths=docs/99-governance/pr-019-capability-discovery-audit/PR019_ACTIVE_CAPABILITY_CATALOG.json;pr043_human_confirmation=REQUIRED;pr043_ui_complete=false
CAP-CEBA8D26224F,Decision Ledger,Business or platform capability discovered from decision_ledger in backend/evidence/canonical_v1/decision_ledger.py,backend/evidence/canonical_v1/decision_ledger.py::decision_ledger,DISCOVERY_REQUIRED,DISCOVERY_REQUIRED,JSON,CALCULATED_REAL,USER_OR_ADMIN,UNMAPPED,DISCOVERY_REQUIRED,SOURCE_IDENTIFIED,REAL_SNAPSHOT,CANONICAL,backend/evidence/canonical_v1/decision_ledger.py|docs/99-governance/pr-019-capability-discovery-audit/PR019_ACTIVE_CAPABILITY_CATALOG.json|docs/99-governance/pr-045-p0-batch-07-evidence-closure/PR-045-P0-BATCH-07-EVIDENCE-CLOSURE.md,DISCOVERY_REQUIRED,2026-08-01T09:33:54Z,origin=UNTRACKED;confidence=MEDIUM;business_keyword_score=1;quality_filtered=true;human_validation=PENDING;full_power_preservation=REQUIRED;pr026_runtime=PENDING;pr026_missing=SOURCE|SERVICE|ENDPOINT|TEST|UI;pr026_human_confirmation=REQUIRED;pr026_ui_complete=false;pr045_batch=B07_SERVICE_ENDPOINT;pr045_machine_evidence=CLOSED;pr045_evidence_paths=docs/99-governance/pr-019-capability-discovery-audit/PR019_ACTIVE_CAPABILITY_CATALOG.json;pr045_human_confirmation=REQUIRED;pr045_ui_complete=false
CAP-12E31072A87A,Decision Page,Business or platform capability discovered from decisionPage in frontend/ndsp-user-portal-v50/assets/ndsp-portal-v50.js,frontend/ndsp-user-portal-v50/assets/ndsp-portal-v50.js::decisionPage,DISCOVERY_REQUIRED,DISCOVERY_REQUIRED,HTTP_API|JSON,DISCOVERY_REQUIRED,PUBLIC,LANDING,frontend/ndsp-user-portal-v50/assets/ndsp-portal-v50.js,UI_PARTIAL,MOCK_ONLY,REVIEW_REQUIRED,frontend/ndsp-user-portal-v50/assets/ndsp-portal-v50.js|docs/99-governance/pr-019-capability-discovery-audit/PR019_ACTIVE_CAPABILITY_CATALOG.json|docs/99-governance/pr-042-p0-batch-04-evidence-closure/PR-042-P0-BATCH-04-EVIDENCE-CLOSURE.md,DISCOVERY_REQUIRED,2026-08-01T09:16:54Z,origin=UNTRACKED;confidence=HIGH;business_keyword_score=13;quality_filtered=true;human_validation=PENDING;full_power_preservation=REQUIRED;pr026_runtime=PENDING;pr026_missing=SOURCE|SERVICE|ENDPOINT|REAL_DATA|CALCULATION|TEST;pr026_human_confirmation=REQUIRED;pr026_ui_complete=false;pr042_batch=B04_SERVICE_ENDPOINT_REAL_DATA;pr042_machine_evidence=CLOSED;pr042_evidence_paths=docs/99-governance/pr-019-capability-discovery-audit/PR019_ACTIVE_CAPABILITY_CATALOG.json;pr042_human_confirmation=REQUIRED;pr042_ui_complete=false
CAP-2E1E7FA99FCC,Decision State,Business or platform capability discovered from DecisionState in backend/layers/canonical_v1/core/contracts.py,backend/layers/canonical_v1/core/contracts.py::DecisionState,DISCOVERY_REQUIRED,DISCOVERY_REQUIRED,UNKNOWN,DISCOVERY_REQUIRED,USER_OR_ADMIN,REPORTS,DISCOVERY_REQUIRED,UI_PARTIAL,UNKNOWN,CANONICAL,backend/layers/canonical_v1/core/contracts.py|docs/99-governance/pr-019-capability-discovery-audit/PR019_ACTIVE_CAPABILITY_CATALOG.json|docs/99-governance/pr-037-p0-batch-01-evidence-closure/PR-037-P0-BATCH-01-EVIDENCE-CLOSURE.md,DISCOVERY_REQUIRED,2026-08-01T02:15:15Z,origin=UNTRACKED;confidence=HIGH;business_keyword_score=4;quality_filtered=true;human_validation=PENDING;full_power_preservation=REQUIRED;pr026_runtime=PENDING;pr026_missing=SOURCE|SERVICE|ENDPOINT|REAL_DATA|CALCULATION|TEST|UI;pr026_human_confirmation=REQUIRED;pr026_ui_complete=false;pr037_batch=B01_SERVICE_ENDPOINT_REAL_DATA;pr037_machine_evidence=CLOSED;pr037_evidence_paths=docs/99-governance/pr-019-capability-discovery-audit/PR019_ACTIVE_CAPABILITY_CATALOG.json;pr037_human_confirmation=REQUIRED;pr037_ui_complete=false
CAP-984BE24F14FF,Decision Summary Cards,Business or platform capability discovered from decisionSummaryCards in frontend/ndsp-user-portal-v50/assets/ndsp-portal-v50.js,frontend/ndsp-user-portal-v50/assets/ndsp-portal-v50.js::decisionSummaryCards,DISCOVERY_REQUIRED,DISCOVERY_REQUIRED,HTTP_API|JSON,DISCOVERY_REQUIRED,PUBLIC,LANDING,frontend/ndsp-user-portal-v50/assets/ndsp-portal-v50.js,UI_PARTIAL,MOCK_ONLY,REVIEW_REQUIRED,frontend/ndsp-user-portal-v50/assets/ndsp-portal-v50.js|docs/99-governance/pr-019-capability-discovery-audit/PR019_ACTIVE_CAPABILITY_CATALOG.json|docs/99-governance/pr-043-p0-batch-05-evidence-closure/PR-043-P0-BATCH-05-EVIDENCE-CLOSURE.md,DISCOVERY_REQUIRED,2026-08-01T09:22:38Z,origin=UNTRACKED;confidence=HIGH;business_keyword_score=13;quality_filtered=true;human_validation=PENDING;full_power_preservation=REQUIRED;pr026_runtime=PENDING;pr026_missing=SOURCE|SERVICE|ENDPOINT|REAL_DATA|CALCULATION|TEST;pr026_human_confirmation=REQUIRED;pr026_ui_complete=false;pr043_batch=B05_SERVICE_ENDPOINT_REAL_DATA;pr043_machine_evidence=CLOSED;pr043_evidence_paths=docs/99-governance/pr-019-capability-discovery-audit/PR019_ACTIVE_CAPABILITY_CATALOG.json;pr043_human_confirmation=REQUIRED;pr043_ui_complete=false
CAP-74B246794B32,Decision Summary Cards Legacy V125,Business or platform capability discovered from decisionSummaryCardsLegacyV125 in frontend/ndsp-user-portal-v50/assets/ndsp-portal-v50.js,frontend/ndsp-user-portal-v50/assets/ndsp-portal-v50.js::decisionSummaryCardsLegacyV125,DISCOVERY_REQUIRED,DISCOVERY_REQUIRED,HTTP_API|JSON,DISCOVERY_REQUIRED,PUBLIC,LANDING,frontend/ndsp-user-portal-v50/assets/ndsp-portal-v50.js,UI_PARTIAL,MOCK_ONLY,REVIEW_REQUIRED,frontend/ndsp-user-portal-v50/assets/ndsp-portal-v50.js|docs/99-governance/pr-019-capability-discovery-audit/PR019_ACTIVE_CAPABILITY_CATALOG.json|docs/99-governance/pr-042-p0-batch-04-evidence-closure/PR-042-P0-BATCH-04-EVIDENCE-CLOSURE.md,DISCOVERY_REQUIRED,2026-08-01T09:16:54Z,origin=UNTRACKED;confidence=HIGH;business_keyword_score=13;quality_filtered=true;human_validation=PENDING;full_power_preservation=REQUIRED;pr026_runtime=PENDING;pr026_missing=SOURCE|SERVICE|ENDPOINT|REAL_DATA|CALCULATION|TEST;pr026_human_confirmation=REQUIRED;pr026_ui_complete=false;pr042_batch=B04_SERVICE_ENDPOINT_REAL_DATA;pr042_machine_evidence=CLOSED;pr042_evidence_paths=docs/99-governance/pr-019-capability-discovery-audit/PR019_ACTIVE_CAPABILITY_CATALOG.json;pr042_human_confirmation=REQUIRED;pr042_ui_complete=false
CAP-FB4432B956FA,Decision Trace Attributes,Business or platform capability discovered from decision_trace_attributes in backend/observability/canonical_v1/telemetry.py,backend/observability/canonical_v1/telemetry.py::decision_trace_attributes,DISCOVERY_REQUIRED,DISCOVERY_REQUIRED,UNKNOWN,DISCOVERY_REQUIRED,USER_OR_ADMIN,UNMAPPED,DISCOVERY_REQUIRED,SOURCE_IDENTIFIED,UNKNOWN,CANONICAL,backend/observability/canonical_v1/telemetry.py|docs/99-governance/pr-019-capability-discovery-audit/PR019_ACTIVE_CAPABILITY_CATALOG.json|docs/99-governance/pr-042-p0-batch-04-evidence-closure/PR-042-P0-BATCH-04-EVIDENCE-CLOSURE.md,DISCOVERY_REQUIRED,2026-08-01T09:16:54Z,origin=UNTRACKED;confidence=HIGH;business_keyword_score=2;quality_filtered=true;human_validation=PENDING;full_power_preservation=REQUIRED;pr026_runtime=PENDING;pr026_missing=SOURCE|SERVICE|ENDPOINT|REAL_DATA|CALCULATION|TEST|UI;pr026_human_confirmation=REQUIRED;pr026_ui_complete=false;pr042_batch=B04_SERVICE_ENDPOINT_REAL_DATA;pr042_machine_evidence=CLOSED;pr042_evidence_paths=docs/99-governance/pr-019-capability-discovery-audit/PR019_ACTIVE_CAPABILITY_CATALOG.json;pr042_human_confirmation=REQUIRED;pr042_ui_complete=false
CAP-790CBD0E1BCE,Delete User Dependencies,Business or platform capability discovered from deleteUserDependencies in backend/ndsp_admin_actions_authoritative.cjs,backend/ndsp_admin_actions_authoritative.cjs::deleteUserDependencies,ndsp-admin-actions.service,GET /api/admin/users/action/health,JSON,CALCULATED_REAL,ADMIN,TRIAL,DISCOVERY_REQUIRED,UI_PARTIAL,REAL_SNAPSHOT,REVIEW_REQUIRED,backend/ndsp_admin_actions_authoritative.cjs,DISCOVERY_REQUIRED,2026-07-31T23:17:31Z,origin=ON_MAIN;confidence=HIGH;business_keyword_score=5;quality_filtered=true;human_validation=PENDING;full_power_preservation=REQUIRED;pr026_runtime=PENDING;pr026_missing=TEST|UI;pr026_human_confirmation=REQUIRED;pr026_ui_complete=false;pr028_quick_win=PARTIAL_REMEDIATION;pr028_remaining=UI;pr028_human_confirmation=REQUIRED;pr028_ui_complete=false;pr029_remaining_quick_win=CLOSED_MACHINE_VERIFIED;pr029_evidence=ui:frontend/user-portal-vite/src/features/remaining-quick-wins;pr029_human_confirmation=REQUIRED;pr029_ui_complete=false
CAP-24225EF8944D,Embedded Decision Layer Summary V134,Business or platform capability discovered from embeddedDecisionLayerSummaryV134 in frontend/ndsp-user-portal-v50/assets/ndsp-portal-v50.js,frontend/ndsp-user-portal-v50/assets/ndsp-portal-v50.js::embeddedDecisionLayerSummaryV134,DISCOVERY_REQUIRED,DISCOVERY_REQUIRED,HTTP_API|JSON,DISCOVERY_REQUIRED,PUBLIC,LANDING,frontend/ndsp-user-portal-v50/assets/ndsp-portal-v50.js,UI_PARTIAL,MOCK_ONLY,REVIEW_REQUIRED,frontend/ndsp-user-portal-v50/assets/ndsp-portal-v50.js|docs/99-governance/pr-019-capability-discovery-audit/PR019_ACTIVE_CAPABILITY_CATALOG.json|docs/99-governance/pr-042-p0-batch-04-evidence-closure/PR-042-P0-BATCH-04-EVIDENCE-CLOSURE.md,DISCOVERY_REQUIRED,2026-08-01T09:16:54Z,origin=UNTRACKED;confidence=HIGH;business_keyword_score=13;quality_filtered=true;human_validation=PENDING;full_power_preservation=REQUIRED;pr026_runtime=PENDING;pr026_missing=SOURCE|SERVICE|ENDPOINT|REAL_DATA|CALCULATION|TEST;pr026_human_confirmation=REQUIRED;pr026_ui_complete=false;pr042_batch=B04_SERVICE_ENDPOINT_REAL_DATA;pr042_machine_evidence=CLOSED;pr042_evidence_paths=docs/99-governance/pr-019-capability-discovery-audit/PR019_ACTIVE_CAPABILITY_CATALOG.json;pr042_human_confirmation=REQUIRED;pr042_ui_complete=false
CAP-B4893A636311,Entitlement Decision,Business or platform capability discovered from entitlement_decision in backend/services/ndsp-launch-control-v167/server.py,backend/services/ndsp-launch-control-v167/server.py::entitlement_decision,DISCOVERY_REQUIRED,DISCOVERY_REQUIRED,HTTP_API|JSON,DISCOVERY_REQUIRED,ADMIN,TRIAL,DISCOVERY_REQUIRED,UI_PARTIAL,MOCK_ONLY,REVIEW_REQUIRED,backend/services/ndsp-launch-control-v167/server.py|docs/99-governance/pr-019-capability-discovery-audit/PR019_ACTIVE_CAPABILITY_CATALOG.json|docs/99-governance/pr-040-p0-batch-03-evidence-closure/PR-040-P0-BATCH-01-EVIDENCE-CLOSURE.md,DISCOVERY_REQUIRED,2026-08-01T09:03:30Z,origin=UNTRACKED;confidence=HIGH;business_keyword_score=7;quality_filtered=true;human_validation=PENDING;full_power_preservation=REQUIRED;pr026_runtime=PENDING;pr026_missing=SOURCE|SERVICE|ENDPOINT|REAL_DATA|CALCULATION|TEST|UI;pr026_human_confirmation=REQUIRED;pr026_ui_complete=false;pr040_batch=B03_SERVICE_ENDPOINT_REAL_DATA;pr040_machine_evidence=CLOSED;pr040_evidence_paths=docs/99-governance/pr-019-capability-discovery-audit/PR019_ACTIVE_CAPABILITY_CATALOG.json;pr040_human_confirmation=REQUIRED;pr040_ui_complete=false
CAP-925576F38DE9,Entitlements,Business or platform capability discovered from entitlements in backend/commercial/canonical_v1/entitlements.py,backend/commercial/canonical_v1/entitlements.py::entitlements,DISCOVERY_REQUIRED,DISCOVERY_REQUIRED,UNKNOWN,DISCOVERY_REQUIRED,USER_OR_ADMIN,TRIAL,DISCOVERY_REQUIRED,UI_PARTIAL,UNKNOWN,CANONICAL,backend/commercial/canonical_v1/entitlements.py|docs/99-governance/pr-019-capability-discovery-audit/PR019_ACTIVE_CAPABILITY_CATALOG.json|docs/99-governance/pr-038-p0-batch-02-evidence-closure/PR-038-P0-BATCH-01-EVIDENCE-CLOSURE.md,DISCOVERY_REQUIRED,2026-08-01T02:21:13Z,origin=UNTRACKED;confidence=MEDIUM;business_keyword_score=2;quality_filtered=true;human_validation=PENDING;full_power_preservation=REQUIRED;pr026_runtime=PENDING;pr026_missing=SOURCE|SERVICE|ENDPOINT|REAL_DATA|CALCULATION|TEST|UI;pr026_human_confirmation=REQUIRED;pr026_ui_complete=false;pr038_batch=B02_SERVICE_ENDPOINT_REAL_DATA;pr038_machine_evidence=CLOSED;pr038_evidence_paths=docs/99-governance/pr-019-capability-discovery-audit/PR019_ACTIVE_CAPABILITY_CATALOG.json;pr038_human_confirmation=REQUIRED;pr038_ui_complete=false
CAP-B6E807178F84,Evaluate Completed Decision,Business or platform capability discovered from evaluate_completed_decision in backend/evaluation/canonical_v1/evaluator.py,backend/evaluation/canonical_v1/evaluator.py::evaluate_completed_decision,DISCOVERY_REQUIRED,DISCOVERY_REQUIRED,UNKNOWN,DISCOVERY_REQUIRED,USER_OR_ADMIN,UNMAPPED,DISCOVERY_REQUIRED,SOURCE_IDENTIFIED,UNKNOWN,CANONICAL,backend/evaluation/canonical_v1/evaluator.py|docs/99-governance/pr-019-capability-discovery-audit/PR019_ACTIVE_CAPABILITY_CATALOG.json|docs/99-governance/pr-040-p0-batch-03-evidence-closure/PR-040-P0-BATCH-01-EVIDENCE-CLOSURE.md,DISCOVERY_REQUIRED,2026-08-01T09:03:30Z,origin=UNTRACKED;confidence=HIGH;business_keyword_score=1;quality_filtered=true;human_validation=PENDING;full_power_preservation=REQUIRED;pr026_runtime=PENDING;pr026_missing=SOURCE|SERVICE|ENDPOINT|REAL_DATA|CALCULATION|TEST|UI;pr026_human_confirmation=REQUIRED;pr026_ui_complete=false;pr040_batch=B03_SERVICE_ENDPOINT_REAL_DATA;pr040_machine_evidence=CLOSED;pr040_evidence_paths=docs/99-governance/pr-019-capability-discovery-audit/PR019_ACTIVE_CAPABILITY_CATALOG.json;pr040_human_confirmation=REQUIRED;pr040_ui_complete=false
CAP-4D6846492F26,Evaluate Cot Validity,Business or platform capability discovered from evaluate_cot_validity in backend/layers/canonical_v1/data/cot_validity_gate.py,backend/layers/canonical_v1/data/cot_validity_gate.py::evaluate_cot_validity,DISCOVERY_REQUIRED,DISCOVERY_REQUIRED,UNKNOWN,DISCOVERY_REQUIRED,USER_OR_ADMIN,REPORTS,DISCOVERY_REQUIRED,UI_PARTIAL,UNKNOWN,CANONICAL,backend/layers/canonical_v1/data/cot_validity_gate.py|docs/99-governance/pr-019-capability-discovery-audit/PR019_ACTIVE_CAPABILITY_CATALOG.json|docs/99-governance/pr-037-p0-batch-01-evidence-closure/PR-037-P0-BATCH-01-EVIDENCE-CLOSURE.md,DISCOVERY_REQUIRED,2026-08-01T02:15:15Z,origin=UNTRACKED;confidence=HIGH;business_keyword_score=3;quality_filtered=true;human_validation=PENDING;full_power_preservation=REQUIRED;pr026_runtime=PENDING;pr026_missing=SOURCE|SERVICE|ENDPOINT|REAL_DATA|CALCULATION|TEST|UI;pr026_human_confirmation=REQUIRED;pr026_ui_complete=false;pr037_batch=B01_SERVICE_ENDPOINT_REAL_DATA;pr037_machine_evidence=CLOSED;pr037_evidence_paths=docs/99-governance/pr-019-capability-discovery-audit/PR019_ACTIVE_CAPABILITY_CATALOG.json;pr037_human_confirmation=REQUIRED;pr037_ui_complete=false
CAP-7E277EBB15C8,Evaluate Data Quality,Business or platform capability discovered from evaluate_data_quality in backend/data_foundation/canonical_v1/data_quality_gate.py,backend/data_foundation/canonical_v1/data_quality_gate.py::evaluate_data_quality,DISCOVERY_REQUIRED,DISCOVERY_REQUIRED,UNKNOWN,DISCOVERY_REQUIRED,USER_OR_ADMIN,UNMAPPED,DISCOVERY_REQUIRED,SOURCE_IDENTIFIED,UNKNOWN,CANONICAL,backend/data_foundation/canonical_v1/data_quality_gate.py|docs/99-governance/pr-019-capability-discovery-audit/PR019_ACTIVE_CAPABILITY_CATALOG.json|docs/99-governance/pr-038-p0-batch-02-evidence-closure/PR-038-P0-BATCH-01-EVIDENCE-CLOSURE.md,DISCOVERY_REQUIRED,2026-08-01T02:21:13Z,origin=UNTRACKED;confidence=HIGH;business_keyword_score=2;quality_filtered=true;human_validation=PENDING;full_power_preservation=REQUIRED;pr026_runtime=PENDING;pr026_missing=SOURCE|SERVICE|ENDPOINT|REAL_DATA|CALCULATION|TEST|UI;pr026_human_confirmation=REQUIRED;pr026_ui_complete=false;pr038_batch=B02_SERVICE_ENDPOINT_REAL_DATA;pr038_machine_evidence=CLOSED;pr038_evidence_paths=docs/99-governance/pr-019-capability-discovery-audit/PR019_ACTIVE_CAPABILITY_CATALOG.json;pr038_human_confirmation=REQUIRED;pr038_ui_complete=false
CAP-0FFED1B1BA78,Evaluate Golden Signals,Business or platform capability discovered from evaluate_golden_signals in backend/layers/canonical_v1/quality/golden_signals.py,backend/layers/canonical_v1/quality/golden_signals.py::evaluate_golden_signals,DISCOVERY_REQUIRED,DISCOVERY_REQUIRED,UNKNOWN,DISCOVERY_REQUIRED,USER_OR_ADMIN,UNMAPPED,DISCOVERY_REQUIRED,SOURCE_IDENTIFIED,UNKNOWN,CANONICAL,backend/layers/canonical_v1/quality/golden_signals.py|docs/99-governance/pr-019-capability-discovery-audit/PR019_ACTIVE_CAPABILITY_CATALOG.json|docs/99-governance/pr-037-p0-batch-01-evidence-closure/PR-037-P0-BATCH-01-EVIDENCE-CLOSURE.md,DISCOVERY_REQUIRED,2026-08-01T02:15:15Z,origin=UNTRACKED;confidence=HIGH;business_keyword_score=2;quality_filtered=true;human_validation=PENDING;full_power_preservation=REQUIRED;pr026_runtime=PENDING;pr026_missing=SOURCE|SERVICE|ENDPOINT|REAL_DATA|CALCULATION|TEST|UI;pr026_human_confirmation=REQUIRED;pr026_ui_complete=false;pr037_batch=B01_SERVICE_ENDPOINT_REAL_DATA;pr037_machine_evidence=CLOSED;pr037_evidence_paths=docs/99-governance/pr-019-capability-discovery-audit/PR019_ACTIVE_CAPABILITY_CATALOG.json;pr037_human_confirmation=REQUIRED;pr037_ui_complete=false
CAP-C807F0E54F0D,Expected Cot Cycle,Business or platform capability discovered from ExpectedCotCycle in backend/layers/canonical_v1/data/cot_validity_gate.py,backend/layers/canonical_v1/data/cot_validity_gate.py::ExpectedCotCycle,DISCOVERY_REQUIRED,DISCOVERY_REQUIRED,UNKNOWN,DISCOVERY_REQUIRED,USER_OR_ADMIN,REPORTS,DISCOVERY_REQUIRED,UI_PARTIAL,UNKNOWN,CANONICAL,backend/layers/canonical_v1/data/cot_validity_gate.py|docs/99-governance/pr-019-capability-discovery-audit/PR019_ACTIVE_CAPABILITY_CATALOG.json|docs/99-governance/pr-040-p0-batch-03-evidence-closure/PR-040-P0-BATCH-01-EVIDENCE-CLOSURE.md,DISCOVERY_REQUIRED,2026-08-01T09:03:30Z,origin=UNTRACKED;confidence=HIGH;business_keyword_score=3;quality_filtered=true;human_validation=PENDING;full_power_preservation=REQUIRED;pr026_runtime=PENDING;pr026_missing=SOURCE|SERVICE|ENDPOINT|REAL_DATA|CALCULATION|TEST|UI;pr026_human_confirmation=REQUIRED;pr026_ui_complete=false;pr040_batch=B03_SERVICE_ENDPOINT_REAL_DATA;pr040_machine_evidence=CLOSED;pr040_evidence_paths=docs/99-governance/pr-019-capability-discovery-audit/PR019_ACTIVE_CAPABILITY_CATALOG.json;pr040_human_confirmation=REQUIRED;pr040_ui_complete=false
CAP-B605828A4A25,Explain Decision,Business or platform capability discovered from explain_decision in backend/explainability/canonical_v1/explainer.py,backend/explainability/canonical_v1/explainer.py::explain_decision,DISCOVERY_REQUIRED,DISCOVERY_REQUIRED,UNKNOWN,DISCOVERY_REQUIRED,ADMIN,ADMIN,DISCOVERY_REQUIRED,UI_PARTIAL,UNKNOWN,CANONICAL,backend/explainability/canonical_v1/explainer.py|docs/99-governance/pr-019-capability-discovery-audit/PR019_ACTIVE_CAPABILITY_CATALOG.json|docs/99-governance/pr-040-p0-batch-03-evidence-closure/PR-040-P0-BATCH-01-EVIDENCE-CLOSURE.md,DISCOVERY_REQUIRED,2026-08-01T09:03:30Z,origin=UNTRACKED;confidence=HIGH;business_keyword_score=2;quality_filtered=true;human_validation=PENDING;full_power_preservation=REQUIRED;pr026_runtime=PENDING;pr026_missing=SOURCE|SERVICE|ENDPOINT|REAL_DATA|CALCULATION|TEST|UI;pr026_human_confirmation=REQUIRED;pr026_ui_complete=false;pr040_batch=B03_SERVICE_ENDPOINT_REAL_DATA;pr040_machine_evidence=CLOSED;pr040_evidence_paths=docs/99-governance/pr-019-capability-discovery-audit/PR019_ACTIVE_CAPABILITY_CATALOG.json;pr040_human_confirmation=REQUIRED;pr040_ui_complete=false
CAP-C8A9379D6290,Extract Decision,Business or platform capability discovered from extractDecision in frontend/ndsp-user-portal-v50/assets/ndsp-portal-v50.js,frontend/ndsp-user-portal-v50/assets/ndsp-portal-v50.js::extractDecision,DISCOVERY_REQUIRED,DISCOVERY_REQUIRED,HTTP_API|JSON,DISCOVERY_REQUIRED,PUBLIC,LANDING,frontend/ndsp-user-portal-v50/assets/ndsp-portal-v50.js,UI_PARTIAL,MOCK_ONLY,REVIEW_REQUIRED,frontend/ndsp-user-portal-v50/assets/ndsp-portal-v50.js|docs/99-governance/pr-019-capability-discovery-audit/PR019_ACTIVE_CAPABILITY_CATALOG.json|docs/99-governance/pr-043-p0-batch-05-evidence-closure/PR-043-P0-BATCH-05-EVIDENCE-CLOSURE.md,DISCOVERY_REQUIRED,2026-08-01T09:22:38Z,origin=UNTRACKED;confidence=HIGH;business_keyword_score=13;quality_filtered=true;human_validation=PENDING;full_power_preservation=REQUIRED;pr026_runtime=PENDING;pr026_missing=SOURCE|SERVICE|ENDPOINT|REAL_DATA|CALCULATION|TEST;pr026_human_confirmation=REQUIRED;pr026_ui_complete=false;pr043_batch=B05_SERVICE_ENDPOINT_REAL_DATA;pr043_machine_evidence=CLOSED;pr043_evidence_paths=docs/99-governance/pr-019-capability-discovery-audit/PR019_ACTIVE_CAPABILITY_CATALOG.json;pr043_human_confirmation=REQUIRED;pr043_ui_complete=false
CAP-72FDDE4CBD63,Fetch Decision Bundle,Business or platform capability discovered from fetchDecisionBundle in frontend/ndsp-user-portal-v50/assets/ndsp-portal-v50.js,frontend/ndsp-user-portal-v50/assets/ndsp-portal-v50.js::fetchDecisionBundle,DISCOVERY_REQUIRED,DISCOVERY_REQUIRED,HTTP_API|JSON,DISCOVERY_REQUIRED,PUBLIC,LANDING,frontend/ndsp-user-portal-v50/assets/ndsp-portal-v50.js,UI_PARTIAL,MOCK_ONLY,REVIEW_REQUIRED,frontend/ndsp-user-portal-v50/assets/ndsp-portal-v50.js|docs/99-governance/pr-019-capability-discovery-audit/PR019_ACTIVE_CAPABILITY_CATALOG.json|docs/99-governance/pr-042-p0-batch-04-evidence-closure/PR-042-P0-BATCH-04-EVIDENCE-CLOSURE.md,DISCOVERY_REQUIRED,2026-08-01T09:16:54Z,origin=UNTRACKED;confidence=HIGH;business_keyword_score=13;quality_filtered=true;human_validation=PENDING;full_power_preservation=REQUIRED;pr026_runtime=PENDING;pr026_missing=SOURCE|SERVICE|ENDPOINT|REAL_DATA|CALCULATION|TEST;pr026_human_confirmation=REQUIRED;pr026_ui_complete=false;pr042_batch=B04_SERVICE_ENDPOINT_REAL_DATA;pr042_machine_evidence=CLOSED;pr042_evidence_paths=docs/99-governance/pr-019-capability-discovery-audit/PR019_ACTIVE_CAPABILITY_CATALOG.json;pr042_human_confirmation=REQUIRED;pr042_ui_complete=false
CAP-7F5DA6A52F4D,Get Auth User,Business or platform capability discovered from getAuthUser in backend/ndsp_nowpayments.cjs,backend/ndsp_nowpayments.cjs::getAuthUser,DISCOVERY_REQUIRED,GET /nowpayments/health|POST /checkout/create|GET /webhooks/nowpayments|POST /webhooks/nowpayments,HTTP_API|JSON|POSTGRES,CALCULATED_REAL,PUBLIC,SUBSCRIPTION,DISCOVERY_REQUIRED,UI_PARTIAL,REAL_LIVE,REVIEW_REQUIRED,backend/ndsp_nowpayments.cjs|docs/99-governance/pr-019-capability-discovery-audit/PR019_ACTIVE_CAPABILITY_CATALOG.json|docs/99-governance/pr-052-p0-batch-14-evidence-closure/PR-052-P0-BATCH-14-EVIDENCE-CLOSURE.md,DISCOVERY_REQUIRED,2026-08-01T10:01:31Z,origin=ON_MAIN;confidence=HIGH;business_keyword_score=4;quality_filtered=true;human_validation=PENDING;full_power_preservation=REQUIRED;pr026_runtime=PENDING;pr026_missing=SERVICE|TEST|UI;pr026_human_confirmation=REQUIRED;pr026_ui_complete=false;pr052_batch=B14_SERVICE_ONLY;pr052_machine_evidence=CLOSED;pr052_evidence_paths=docs/99-governance/pr-019-capability-discovery-audit/PR019_ACTIVE_CAPABILITY_CATALOG.json;pr052_human_confirmation=REQUIRED;pr052_ui_complete=false
CAP-4705DD378719,Get Authority Signs,Business or platform capability discovered from getAuthoritySigns in backend/ndsp_tdl_trade_horizon_addons.cjs,backend/ndsp_tdl_trade_horizon_addons.cjs::getAuthoritySigns,DISCOVERY_REQUIRED,DISCOVERY_REQUIRED,UNKNOWN,DISCOVERY_REQUIRED,PUBLIC,UNMAPPED,DISCOVERY_REQUIRED,SOURCE_IDENTIFIED,UNKNOWN,REVIEW_REQUIRED,backend/ndsp_tdl_trade_horizon_addons.cjs|docs/99-governance/pr-019-capability-discovery-audit/PR019_ACTIVE_CAPABILITY_CATALOG.json|docs/99-governance/pr-037-p0-batch-01-evidence-closure/PR-037-P0-BATCH-01-EVIDENCE-CLOSURE.md,DISCOVERY_REQUIRED,2026-08-01T02:15:15Z,origin=ON_MAIN;confidence=HIGH;business_keyword_score=6;quality_filtered=true;human_validation=PENDING;full_power_preservation=REQUIRED;pr026_runtime=PENDING;pr026_missing=SERVICE|ENDPOINT|REAL_DATA|CALCULATION|TEST|UI;pr026_human_confirmation=REQUIRED;pr026_ui_complete=false;pr037_batch=B01_SERVICE_ENDPOINT_REAL_DATA;pr037_machine_evidence=CLOSED;pr037_evidence_paths=docs/99-governance/pr-019-capability-discovery-audit/PR019_ACTIVE_CAPABILITY_CATALOG.json;pr037_human_confirmation=REQUIRED;pr037_ui_complete=false
CAP-E22DBA05712A,Get User By Email,Business or platform capability discovered from getUserByEmail in backend/ndsp_user_login_gateway.cjs,backend/ndsp_user_login_gateway.cjs::getUserByEmail,ndsp-user-login.service,GET /api/auth/login/health|POST /api/auth/login|POST /api/auth/2fa/login/verify|GET /api/auth/session|POST /api/auth/logout|GET /api/auth/2fa/status|POST /api/auth/2fa/setup|POST /api/auth/2fa/confirm|POST /api/auth/2fa/disable|POST /api/auth/2fa/status|POST /api/auth/2fa/setup/start|POST /api/auth/2fa/setup/confirm|POST /api/auth/2fa/setup/skip|POST /api/auth/2fa/setup/confirm-final|POST /api/auth/2fa/setup/confirm-speakeasy,JSON,CALCULATED_REAL,ADMIN,TRIAL,DISCOVERY_REQUIRED,UI_PARTIAL,REAL_SNAPSHOT,REVIEW_REQUIRED,backend/ndsp_user_login_gateway.cjs,DISCOVERY_REQUIRED,2026-07-31T23:17:31Z,origin=ON_MAIN;confidence=HIGH;business_keyword_score=5;quality_filtered=true;human_validation=PENDING;full_power_preservation=REQUIRED;pr026_runtime=PENDING;pr026_missing=TEST|UI;pr026_human_confirmation=REQUIRED;pr026_ui_complete=false;pr028_quick_win=PARTIAL_REMEDIATION;pr028_remaining=UI;pr028_human_confirmation=REQUIRED;pr028_ui_complete=false;pr029_remaining_quick_win=CLOSED_MACHINE_VERIFIED;pr029_evidence=ui:frontend/user-portal-vite/src/features/remaining-quick-wins;pr029_human_confirmation=REQUIRED;pr029_ui_complete=false
CAP-7739F02602D8,Get User By Id,Business or platform capability discovered from getUserById in backend/ndsp_user_login_gateway.cjs,backend/ndsp_user_login_gateway.cjs::getUserById,ndsp-user-login.service,GET /api/auth/login/health|POST /api/auth/login|POST /api/auth/2fa/login/verify|GET /api/auth/session|POST /api/auth/logout|GET /api/auth/2fa/status|POST /api/auth/2fa/setup|POST /api/auth/2fa/confirm|POST /api/auth/2fa/disable|POST /api/auth/2fa/status|POST /api/auth/2fa/setup/start|POST /api/auth/2fa/setup/confirm|POST /api/auth/2fa/setup/skip|POST /api/auth/2fa/setup/confirm-final|POST /api/auth/2fa/setup/confirm-speakeasy,JSON,CALCULATED_REAL,ADMIN,TRIAL,DISCOVERY_REQUIRED,UI_PARTIAL,REAL_SNAPSHOT,REVIEW_REQUIRED,backend/ndsp_user_login_gateway.cjs,DISCOVERY_REQUIRED,2026-07-31T23:17:31Z,origin=ON_MAIN;confidence=HIGH;business_keyword_score=5;quality_filtered=true;human_validation=PENDING;full_power_preservation=REQUIRED;pr026_runtime=PENDING;pr026_missing=TEST|UI;pr026_human_confirmation=REQUIRED;pr026_ui_complete=false;pr028_quick_win=PARTIAL_REMEDIATION;pr028_remaining=UI;pr028_human_confirmation=REQUIRED;pr028_ui_complete=false;pr029_remaining_quick_win=CLOSED_MACHINE_VERIFIED;pr029_evidence=ui:frontend/user-portal-vite/src/features/remaining-quick-wins;pr029_human_confirmation=REQUIRED;pr029_ui_complete=false
CAP-AB3C235ED628,Get User Plan Column,Business or platform capability discovered from getUserPlanColumn in backend/ndsp_nowpayments.cjs,backend/ndsp_nowpayments.cjs::getUserPlanColumn,DISCOVERY_REQUIRED,GET /nowpayments/health|POST /checkout/create|GET /webhooks/nowpayments|POST /webhooks/nowpayments,HTTP_API|JSON|POSTGRES,CALCULATED_REAL,PUBLIC,SUBSCRIPTION,DISCOVERY_REQUIRED,UI_PARTIAL,REAL_LIVE,REVIEW_REQUIRED,backend/ndsp_nowpayments.cjs|docs/99-governance/pr-019-capability-discovery-audit/PR019_ACTIVE_CAPABILITY_CATALOG.json|docs/99-governance/pr-052-p0-batch-14-evidence-closure/PR-052-P0-BATCH-14-EVIDENCE-CLOSURE.md,DISCOVERY_REQUIRED,2026-08-01T10:01:31Z,origin=ON_MAIN;confidence=HIGH;business_keyword_score=4;quality_filtered=true;human_validation=PENDING;full_power_preservation=REQUIRED;pr026_runtime=PENDING;pr026_missing=SERVICE|TEST|UI;pr026_human_confirmation=REQUIRED;pr026_ui_complete=false;pr052_batch=B14_SERVICE_ONLY;pr052_machine_evidence=CLOSED;pr052_evidence_paths=docs/99-governance/pr-019-capability-discovery-audit/PR019_ACTIVE_CAPABILITY_CATALOG.json;pr052_human_confirmation=REQUIRED;pr052_ui_complete=false
CAP-AE455CB3C917,Get User Trial Record,Business or platform capability discovered from getUserTrialRecord in backend/middleware/trialGuard.js,backend/middleware/trialGuard.js::getUserTrialRecord,DISCOVERY_REQUIRED,DISCOVERY_REQUIRED,UNKNOWN,DISCOVERY_REQUIRED,PUBLIC,PRICING,DISCOVERY_REQUIRED,UI_PARTIAL,UNKNOWN,REVIEW_REQUIRED,backend/middleware/trialGuard.js|docs/99-governance/pr-019-capability-discovery-audit/PR019_ACTIVE_CAPABILITY_CATALOG.json|docs/99-governance/pr-040-p0-batch-03-evidence-closure/PR-040-P0-BATCH-01-EVIDENCE-CLOSURE.md,DISCOVERY_REQUIRED,2026-08-01T09:03:30Z,origin=ON_MAIN;confidence=HIGH;business_keyword_score=4;quality_filtered=true;human_validation=PENDING;full_power_preservation=REQUIRED;pr026_runtime=PENDING;pr026_missing=SERVICE|ENDPOINT|REAL_DATA|CALCULATION|TEST|UI;pr026_human_confirmation=REQUIRED;pr026_ui_complete=false;pr040_batch=B03_SERVICE_ENDPOINT_REAL_DATA;pr040_machine_evidence=CLOSED;pr040_evidence_paths=docs/99-governance/pr-019-capability-discovery-audit/PR019_ACTIVE_CAPABILITY_CATALOG.json;pr040_human_confirmation=REQUIRED;pr040_ui_complete=false
CAP-E2BE53CEC0F0,Insert User,Business or platform capability discovered from insertUser in backend/ndsp_trial_register_gateway.cjs,backend/ndsp_trial_register_gateway.cjs::insertUser,ndsp-trial-register.service,DISCOVERY_REQUIRED,JSON|POSTGRES,CALCULATED_REAL,ADMIN,TRIAL,DISCOVERY_REQUIRED,UI_PARTIAL,REAL_SNAPSHOT,REVIEW_REQUIRED,backend/ndsp_trial_register_gateway.cjs,DISCOVERY_REQUIRED,2026-07-31T22:08:07Z,origin=ON_MAIN;confidence=HIGH;business_keyword_score=9;quality_filtered=true;human_validation=PENDING;full_power_preservation=REQUIRED;pr026_runtime=PENDING;pr026_missing=SERVICE|ENDPOINT|TEST|UI;pr026_human_confirmation=REQUIRED;pr026_ui_complete=false
CAP-23348CA30E36,Install Trial Info,Business or platform capability discovered from installTrialInfo in backend/ndsp_trial_info.cjs,backend/ndsp_trial_info.cjs::installTrialInfo,DISCOVERY_REQUIRED,GET /trial/info,JSON|POSTGRES,CALCULATED_REAL,PUBLIC,TRIAL,DISCOVERY_REQUIRED,UI_PARTIAL,REAL_SNAPSHOT,REVIEW_REQUIRED,backend/ndsp_trial_info.cjs|docs/99-governance/pr-019-capability-discovery-audit/PR019_ACTIVE_CAPABILITY_CATALOG.json|docs/99-governance/pr-052-p0-batch-14-evidence-closure/PR-052-P0-BATCH-14-EVIDENCE-CLOSURE.md,DISCOVERY_REQUIRED,2026-08-01T10:01:31Z,origin=ON_MAIN;confidence=HIGH;business_keyword_score=2;quality_filtered=true;human_validation=PENDING;full_power_preservation=REQUIRED;pr026_runtime=PENDING;pr026_missing=SERVICE|TEST|UI;pr026_human_confirmation=REQUIRED;pr026_ui_complete=false;pr052_batch=B14_SERVICE_ONLY;pr052_machine_evidence=CLOSED;pr052_evidence_paths=docs/99-governance/pr-019-capability-discovery-audit/PR019_ACTIVE_CAPABILITY_CATALOG.json;pr052_human_confirmation=REQUIRED;pr052_ui_complete=false
CAP-8D32C8703DCE,Is Decision,Business or platform capability discovered from isDecision in frontend/ndsp-user-portal-v50/public/ndsp-multi-timeframe-v86.js,frontend/ndsp-user-portal-v50/public/ndsp-multi-timeframe-v86.js::isDecision,DISCOVERY_REQUIRED,DISCOVERY_REQUIRED,HTTP_API|JSON,CALCULATED_REAL,PUBLIC,CURRENT_FRONTEND,frontend/ndsp-user-portal-v50/public/ndsp-multi-timeframe-v86.js,UI_PARTIAL,REAL_LIVE,REVIEW_REQUIRED,frontend/ndsp-user-portal-v50/public/ndsp-multi-timeframe-v86.js|docs/99-governance/pr-019-capability-discovery-audit/PR019_ACTIVE_CAPABILITY_CATALOG.json|docs/99-governance/pr-045-p0-batch-07-evidence-closure/PR-045-P0-BATCH-07-EVIDENCE-CLOSURE.md,DISCOVERY_REQUIRED,2026-08-01T09:33:54Z,origin=UNTRACKED;confidence=HIGH;business_keyword_score=4;quality_filtered=true;human_validation=PENDING;full_power_preservation=REQUIRED;pr026_runtime=PENDING;pr026_missing=SOURCE|SERVICE|ENDPOINT|TEST;pr026_human_confirmation=REQUIRED;pr026_ui_complete=false;pr045_batch=B07_SERVICE_ENDPOINT;pr045_machine_evidence=CLOSED;pr045_evidence_paths=docs/99-governance/pr-019-capability-discovery-audit/PR019_ACTIVE_CAPABILITY_CATALOG.json;pr045_human_confirmation=REQUIRED;pr045_ui_complete=false
CAP-C231FDE8F33A,Is Decision Request,Business or platform capability discovered from isDecisionRequest in frontend/ndsp-user-portal-v50/public/ndsp-v82-runtime-contract-bridge.js,frontend/ndsp-user-portal-v50/public/ndsp-v82-runtime-contract-bridge.js::isDecisionRequest,DISCOVERY_REQUIRED,DISCOVERY_REQUIRED,HTTP_API|JSON,CALCULATED_REAL,PUBLIC,CURRENT_FRONTEND,frontend/ndsp-user-portal-v50/public/ndsp-v82-runtime-contract-bridge.js,UI_PARTIAL,REAL_LIVE,REVIEW_REQUIRED,frontend/ndsp-user-portal-v50/public/ndsp-v82-runtime-contract-bridge.js|docs/99-governance/pr-019-capability-discovery-audit/PR019_ACTIVE_CAPABILITY_CATALOG.json|docs/99-governance/pr-046-p0-batch-08-evidence-closure/PR-046-P0-BATCH-08-EVIDENCE-CLOSURE.md,DISCOVERY_REQUIRED,2026-08-01T09:38:52Z,origin=UNTRACKED;confidence=HIGH;business_keyword_score=5;quality_filtered=true;human_validation=PENDING;full_power_preservation=REQUIRED;pr026_runtime=PENDING;pr026_missing=SOURCE|SERVICE|ENDPOINT|TEST;pr026_human_confirmation=REQUIRED;pr026_ui_complete=false;pr046_batch=B08_SERVICE_ENDPOINT;pr046_machine_evidence=CLOSED;pr046_evidence_paths=docs/99-governance/pr-019-capability-discovery-audit/PR019_ACTIVE_CAPABILITY_CATALOG.json;pr046_human_confirmation=REQUIRED;pr046_ui_complete=false
CAP-8FF4FBA642FA,Is Trial Plan,Business or platform capability discovered from isTrialPlan in backend/middleware/trialGuard.js,backend/middleware/trialGuard.js::isTrialPlan,DISCOVERY_REQUIRED,DISCOVERY_REQUIRED,UNKNOWN,DISCOVERY_REQUIRED,PUBLIC,PRICING,DISCOVERY_REQUIRED,UI_PARTIAL,UNKNOWN,REVIEW_REQUIRED,backend/middleware/trialGuard.js|docs/99-governance/pr-019-capability-discovery-audit/PR019_ACTIVE_CAPABILITY_CATALOG.json|docs/99-governance/pr-038-p0-batch-02-evidence-closure/PR-038-P0-BATCH-01-EVIDENCE-CLOSURE.md,DISCOVERY_REQUIRED,2026-08-01T02:21:13Z,origin=ON_MAIN;confidence=HIGH;business_keyword_score=4;quality_filtered=true;human_validation=PENDING;full_power_preservation=REQUIRED;pr026_runtime=PENDING;pr026_missing=SERVICE|ENDPOINT|REAL_DATA|CALCULATION|TEST|UI;pr026_human_confirmation=REQUIRED;pr026_ui_complete=false;pr038_batch=B02_SERVICE_ENDPOINT_REAL_DATA;pr038_machine_evidence=CLOSED;pr038_evidence_paths=docs/99-governance/pr-019-capability-discovery-audit/PR019_ACTIVE_CAPABILITY_CATALOG.json;pr038_human_confirmation=REQUIRED;pr038_ui_complete=false
CAP-484CFADD9BEA,L03 Market Direction Context,Business or platform capability discovered from l03_market_direction_context in backend/layers/canonical_v1/direction/l03_market_direction_context.py,backend/layers/canonical_v1/direction/l03_market_direction_context.py::l03_market_direction_context,DISCOVERY_REQUIRED,DISCOVERY_REQUIRED,UNKNOWN,DISCOVERY_REQUIRED,USER_OR_ADMIN,UNMAPPED,DISCOVERY_REQUIRED,SOURCE_IDENTIFIED,UNKNOWN,CANONICAL,backend/layers/canonical_v1/direction/l03_market_direction_context.py|docs/99-governance/pr-019-capability-discovery-audit/PR019_ACTIVE_CAPABILITY_CATALOG.json|docs/99-governance/pr-037-p0-batch-01-evidence-closure/PR-037-P0-BATCH-01-EVIDENCE-CLOSURE.md,DISCOVERY_REQUIRED,2026-08-01T02:15:15Z,origin=UNTRACKED;confidence=MEDIUM;business_keyword_score=1;quality_filtered=true;human_validation=PENDING;full_power_preservation=REQUIRED;pr026_runtime=PENDING;pr026_missing=SOURCE|SERVICE|ENDPOINT|REAL_DATA|CALCULATION|TEST|UI;pr026_human_confirmation=REQUIRED;pr026_ui_complete=false;pr037_batch=B01_SERVICE_ENDPOINT_REAL_DATA;pr037_machine_evidence=CLOSED;pr037_evidence_paths=docs/99-governance/pr-019-capability-discovery-audit/PR019_ACTIVE_CAPABILITY_CATALOG.json;pr037_human_confirmation=REQUIRED;pr037_ui_complete=false
CAP-A98D5DB42F71,L05 Divergence Engine,Business or platform capability discovered from l05_divergence_engine in backend/layers/canonical_v1/quality/l05_divergence_engine.py,backend/layers/canonical_v1/quality/l05_divergence_engine.py::l05_divergence_engine,DISCOVERY_REQUIRED,DISCOVERY_REQUIRED,UNKNOWN,DISCOVERY_REQUIRED,USER_OR_ADMIN,UNMAPPED,DISCOVERY_REQUIRED,SOURCE_IDENTIFIED,UNKNOWN,CANONICAL,backend/layers/canonical_v1/quality/l05_divergence_engine.py|docs/99-governance/pr-019-capability-discovery-audit/PR019_ACTIVE_CAPABILITY_CATALOG.json|docs/99-governance/pr-040-p0-batch-03-evidence-closure/PR-040-P0-BATCH-01-EVIDENCE-CLOSURE.md,DISCOVERY_REQUIRED,2026-08-01T09:03:30Z,origin=UNTRACKED;confidence=MEDIUM;business_keyword_score=2;quality_filtered=true;human_validation=PENDING;full_power_preservation=REQUIRED;pr026_runtime=PENDING;pr026_missing=SOURCE|SERVICE|ENDPOINT|REAL_DATA|TEST|UI;pr026_human_confirmation=REQUIRED;pr026_ui_complete=false;pr040_batch=B03_SERVICE_ENDPOINT_REAL_DATA;pr040_machine_evidence=CLOSED;pr040_evidence_paths=docs/99-governance/pr-019-capability-discovery-audit/PR019_ACTIVE_CAPABILITY_CATALOG.json;pr040_human_confirmation=REQUIRED;pr040_ui_complete=false
CAP-9194D34E554D,L09 Momentum Engine,Business or platform capability discovered from l09_momentum_engine in backend/layers/canonical_v1/quality/l09_momentum_engine.py,backend/layers/canonical_v1/quality/l09_momentum_engine.py::l09_momentum_engine,DISCOVERY_REQUIRED,DISCOVERY_REQUIRED,UNKNOWN,DISCOVERY_REQUIRED,USER_OR_ADMIN,UNMAPPED,DISCOVERY_REQUIRED,SOURCE_IDENTIFIED,UNKNOWN,CANONICAL,backend/layers/canonical_v1/quality/l09_momentum_engine.py|docs/99-governance/pr-019-capability-discovery-audit/PR019_ACTIVE_CAPABILITY_CATALOG.json|docs/99-governance/pr-038-p0-batch-02-evidence-closure/PR-038-P0-BATCH-01-EVIDENCE-CLOSURE.md,DISCOVERY_REQUIRED,2026-08-01T02:21:13Z,origin=UNTRACKED;confidence=MEDIUM;business_keyword_score=3;quality_filtered=true;human_validation=PENDING;full_power_preservation=REQUIRED;pr026_runtime=PENDING;pr026_missing=SOURCE|SERVICE|ENDPOINT|REAL_DATA|TEST|UI;pr026_human_confirmation=REQUIRED;pr026_ui_complete=false;pr038_batch=B02_SERVICE_ENDPOINT_REAL_DATA;pr038_machine_evidence=CLOSED;pr038_evidence_paths=docs/99-governance/pr-019-capability-discovery-audit/PR019_ACTIVE_CAPABILITY_CATALOG.json;pr038_human_confirmation=REQUIRED;pr038_ui_complete=false
CAP-E95E0383A2D2,L10 Liquidity Structure Confirmation,Business or platform capability discovered from l10_liquidity_structure_confirmation in backend/layers/canonical_v1/quality/l10_liquidity_structure_confirmation.py,backend/layers/canonical_v1/quality/l10_liquidity_structure_confirmation.py::l10_liquidity_structure_confirmation,DISCOVERY_REQUIRED,DISCOVERY_REQUIRED,UNKNOWN,DISCOVERY_REQUIRED,USER_OR_ADMIN,UNMAPPED,DISCOVERY_REQUIRED,SOURCE_IDENTIFIED,UNKNOWN,CANONICAL,backend/layers/canonical_v1/quality/l10_liquidity_structure_confirmation.py|docs/99-governance/pr-019-capability-discovery-audit/PR019_ACTIVE_CAPABILITY_CATALOG.json|docs/99-governance/pr-042-p0-batch-04-evidence-closure/PR-042-P0-BATCH-04-EVIDENCE-CLOSURE.md,DISCOVERY_REQUIRED,2026-08-01T09:16:54Z,origin=UNTRACKED;confidence=MEDIUM;business_keyword_score=1;quality_filtered=true;human_validation=PENDING;full_power_preservation=REQUIRED;pr026_runtime=PENDING;pr026_missing=SOURCE|SERVICE|ENDPOINT|REAL_DATA|CALCULATION|TEST|UI;pr026_human_confirmation=REQUIRED;pr026_ui_complete=false;pr042_batch=B04_SERVICE_ENDPOINT_REAL_DATA;pr042_machine_evidence=CLOSED;pr042_evidence_paths=docs/99-governance/pr-019-capability-discovery-audit/PR019_ACTIVE_CAPABILITY_CATALOG.json;pr042_human_confirmation=REQUIRED;pr042_ui_complete=false
CAP-F8B1EB888DF2,L11 Usd Macro Filter,Business or platform capability discovered from l11_usd_macro_filter in backend/layers/canonical_v1/risk/l11_usd_macro_filter.py,backend/layers/canonical_v1/risk/l11_usd_macro_filter.py::l11_usd_macro_filter,DISCOVERY_REQUIRED,DISCOVERY_REQUIRED,UNKNOWN,DISCOVERY_REQUIRED,USER_OR_ADMIN,UNMAPPED,DISCOVERY_REQUIRED,SOURCE_IDENTIFIED,UNKNOWN,CANONICAL,backend/layers/canonical_v1/risk/l11_usd_macro_filter.py|docs/99-governance/pr-019-capability-discovery-audit/PR019_ACTIVE_CAPABILITY_CATALOG.json|docs/99-governance/pr-042-p0-batch-04-evidence-closure/PR-042-P0-BATCH-04-EVIDENCE-CLOSURE.md,DISCOVERY_REQUIRED,2026-08-01T09:16:54Z,origin=UNTRACKED;confidence=MEDIUM;business_keyword_score=1;quality_filtered=true;human_validation=PENDING;full_power_preservation=REQUIRED;pr026_runtime=PENDING;pr026_missing=SOURCE|SERVICE|ENDPOINT|REAL_DATA|CALCULATION|TEST|UI;pr026_human_confirmation=REQUIRED;pr026_ui_complete=false;pr042_batch=B04_SERVICE_ENDPOINT_REAL_DATA;pr042_machine_evidence=CLOSED;pr042_evidence_paths=docs/99-governance/pr-019-capability-discovery-audit/PR019_ACTIVE_CAPABILITY_CATALOG.json;pr042_human_confirmation=REQUIRED;pr042_ui_complete=false
CAP-314BD6FF968F,L12 Risk Engine,Business or platform capability discovered from l12_risk_engine in backend/layers/canonical_v1/risk/l12_risk_engine.py,backend/layers/canonical_v1/risk/l12_risk_engine.py::l12_risk_engine,DISCOVERY_REQUIRED,DISCOVERY_REQUIRED,UNKNOWN,DISCOVERY_REQUIRED,USER_OR_ADMIN,UNMAPPED,DISCOVERY_REQUIRED,SOURCE_IDENTIFIED,UNKNOWN,CANONICAL,backend/layers/canonical_v1/risk/l12_risk_engine.py|docs/99-governance/pr-019-capability-discovery-audit/PR019_ACTIVE_CAPABILITY_CATALOG.json|docs/99-governance/pr-037-p0-batch-01-evidence-closure/PR-037-P0-BATCH-01-EVIDENCE-CLOSURE.md,DISCOVERY_REQUIRED,2026-08-01T02:15:15Z,origin=UNTRACKED;confidence=MEDIUM;business_keyword_score=2;quality_filtered=true;human_validation=PENDING;full_power_preservation=REQUIRED;pr026_runtime=PENDING;pr026_missing=SOURCE|SERVICE|ENDPOINT|REAL_DATA|TEST|UI;pr026_human_confirmation=REQUIRED;pr026_ui_complete=false;pr037_batch=B01_SERVICE_ENDPOINT_REAL_DATA;pr037_machine_evidence=CLOSED;pr037_evidence_paths=docs/99-governance/pr-019-capability-discovery-audit/PR019_ACTIVE_CAPABILITY_CATALOG.json;pr037_human_confirmation=REQUIRED;pr037_ui_complete=false
CAP-DF40660C63CA,L13 Nawaf Golden Signal,Business or platform capability discovered from l13_nawaf_golden_signal in backend/layers/canonical_v1/quality/l13_nawaf_golden_signal.py,backend/layers/canonical_v1/quality/l13_nawaf_golden_signal.py::l13_nawaf_golden_signal,DISCOVERY_REQUIRED,DISCOVERY_REQUIRED,UNKNOWN,DISCOVERY_REQUIRED,USER_OR_ADMIN,UNMAPPED,DISCOVERY_REQUIRED,SOURCE_IDENTIFIED,UNKNOWN,CANONICAL,backend/layers/canonical_v1/quality/l13_nawaf_golden_signal.py|docs/99-governance/pr-019-capability-discovery-audit/PR019_ACTIVE_CAPABILITY_CATALOG.json|docs/99-governance/pr-042-p0-batch-04-evidence-closure/PR-042-P0-BATCH-04-EVIDENCE-CLOSURE.md,DISCOVERY_REQUIRED,2026-08-01T09:16:54Z,origin=UNTRACKED;confidence=MEDIUM;business_keyword_score=2;quality_filtered=true;human_validation=PENDING;full_power_preservation=REQUIRED;pr026_runtime=PENDING;pr026_missing=SOURCE|SERVICE|ENDPOINT|REAL_DATA|CALCULATION|TEST|UI;pr026_human_confirmation=REQUIRED;pr026_ui_complete=false;pr042_batch=B04_SERVICE_ENDPOINT_REAL_DATA;pr042_machine_evidence=CLOSED;pr042_evidence_paths=docs/99-governance/pr-019-capability-discovery-audit/PR019_ACTIVE_CAPABILITY_CATALOG.json;pr042_human_confirmation=REQUIRED;pr042_ui_complete=false
CAP-D5D7C8174439,L14 Nawaf Enhanced Golden Signal,Business or platform capability discovered from l14_nawaf_enhanced_golden_signal in backend/layers/canonical_v1/quality/l14_nawaf_enhanced_golden_signal.py,backend/layers/canonical_v1/quality/l14_nawaf_enhanced_golden_signal.py::l14_nawaf_enhanced_golden_signal,DISCOVERY_REQUIRED,DISCOVERY_REQUIRED,UNKNOWN,DISCOVERY_REQUIRED,USER_OR_ADMIN,UNMAPPED,DISCOVERY_REQUIRED,SOURCE_IDENTIFIED,UNKNOWN,CANONICAL,backend/layers/canonical_v1/quality/l14_nawaf_enhanced_golden_signal.py|docs/99-governance/pr-019-capability-discovery-audit/PR019_ACTIVE_CAPABILITY_CATALOG.json|docs/99-governance/pr-040-p0-batch-03-evidence-closure/PR-040-P0-BATCH-01-EVIDENCE-CLOSURE.md,DISCOVERY_REQUIRED,2026-08-01T09:03:30Z,origin=UNTRACKED;confidence=MEDIUM;business_keyword_score=2;quality_filtered=true;human_validation=PENDING;full_power_preservation=REQUIRED;pr026_runtime=PENDING;pr026_missing=SOURCE|SERVICE|ENDPOINT|REAL_DATA|CALCULATION|TEST|UI;pr026_human_confirmation=REQUIRED;pr026_ui_complete=false;pr040_batch=B03_SERVICE_ENDPOINT_REAL_DATA;pr040_machine_evidence=CLOSED;pr040_evidence_paths=docs/99-governance/pr-019-capability-discovery-audit/PR019_ACTIVE_CAPABILITY_CATALOG.json;pr040_human_confirmation=REQUIRED;pr040_ui_complete=false
CAP-57F9FE89ED2E,L15 Devils Advocate,Business or platform capability discovered from l15_devils_advocate in backend/layers/canonical_v1/risk/l15_devils_advocate.py,backend/layers/canonical_v1/risk/l15_devils_advocate.py::l15_devils_advocate,DISCOVERY_REQUIRED,DISCOVERY_REQUIRED,UNKNOWN,DISCOVERY_REQUIRED,AUTHENTICATED_USER,UNMAPPED,DISCOVERY_REQUIRED,SOURCE_IDENTIFIED,UNKNOWN,CANONICAL,backend/layers/canonical_v1/risk/l15_devils_advocate.py|docs/99-governance/pr-019-capability-discovery-audit/PR019_ACTIVE_CAPABILITY_CATALOG.json|docs/99-governance/pr-038-p0-batch-02-evidence-closure/PR-038-P0-BATCH-01-EVIDENCE-CLOSURE.md,DISCOVERY_REQUIRED,2026-08-01T02:21:13Z,origin=UNTRACKED;confidence=MEDIUM;business_keyword_score=2;quality_filtered=true;human_validation=PENDING;full_power_preservation=REQUIRED;pr026_runtime=PENDING;pr026_missing=SOURCE|SERVICE|ENDPOINT|REAL_DATA|CALCULATION|TEST|UI;pr026_human_confirmation=REQUIRED;pr026_ui_complete=false;pr038_batch=B02_SERVICE_ENDPOINT_REAL_DATA;pr038_machine_evidence=CLOSED;pr038_evidence_paths=docs/99-governance/pr-019-capability-discovery-audit/PR019_ACTIVE_CAPABILITY_CATALOG.json;pr038_human_confirmation=REQUIRED;pr038_ui_complete=false
CAP-1E0E3F4C57D1,L16 Decision Readiness State Machine,Business or platform capability discovered from l16_decision_readiness_state_machine in backend/layers/canonical_v1/final/l16_decision_readiness_state_machine.py,backend/layers/canonical_v1/final/l16_decision_readiness_state_machine.py::l16_decision_readiness_state_machine,DISCOVERY_REQUIRED,DISCOVERY_REQUIRED,UNKNOWN,DISCOVERY_REQUIRED,USER_OR_ADMIN,UNMAPPED,DISCOVERY_REQUIRED,SOURCE_IDENTIFIED,UNKNOWN,CANONICAL,backend/layers/canonical_v1/final/l16_decision_readiness_state_machine.py|docs/99-governance/pr-019-capability-discovery-audit/PR019_ACTIVE_CAPABILITY_CATALOG.json|docs/99-governance/pr-037-p0-batch-01-evidence-closure/PR-037-P0-BATCH-01-EVIDENCE-CLOSURE.md,DISCOVERY_REQUIRED,2026-08-01T02:15:15Z,origin=UNTRACKED;confidence=MEDIUM;business_keyword_score=2;quality_filtered=true;human_validation=PENDING;full_power_preservation=REQUIRED;pr026_runtime=PENDING;pr026_missing=SOURCE|SERVICE|ENDPOINT|REAL_DATA|CALCULATION|TEST|UI;pr026_human_confirmation=REQUIRED;pr026_ui_complete=false;pr037_batch=B01_SERVICE_ENDPOINT_REAL_DATA;pr037_machine_evidence=CLOSED;pr037_evidence_paths=docs/99-governance/pr-019-capability-discovery-audit/PR019_ACTIVE_CAPABILITY_CATALOG.json;pr037_human_confirmation=REQUIRED;pr037_ui_complete=false
CAP-9878B8F2D69B,Latest Cot Report,Business or platform capability discovered from LatestCotReport in backend/layers/canonical_v1/data/cot_validity_gate.py,backend/layers/canonical_v1/data/cot_validity_gate.py::LatestCotReport,DISCOVERY_REQUIRED,DISCOVERY_REQUIRED,UNKNOWN,DISCOVERY_REQUIRED,USER_OR_ADMIN,REPORTS,DISCOVERY_REQUIRED,UI_PARTIAL,UNKNOWN,CANONICAL,backend/layers/canonical_v1/data/cot_validity_gate.py|docs/99-governance/pr-019-capability-discovery-audit/PR019_ACTIVE_CAPABILITY_CATALOG.json|docs/99-governance/pr-038-p0-batch-02-evidence-closure/PR-038-P0-BATCH-01-EVIDENCE-CLOSURE.md,DISCOVERY_REQUIRED,2026-08-01T02:21:13Z,origin=UNTRACKED;confidence=HIGH;business_keyword_score=3;quality_filtered=true;human_validation=PENDING;full_power_preservation=REQUIRED;pr026_runtime=PENDING;pr026_missing=SOURCE|SERVICE|ENDPOINT|REAL_DATA|CALCULATION|TEST|UI;pr026_human_confirmation=REQUIRED;pr026_ui_complete=false;pr038_batch=B02_SERVICE_ENDPOINT_REAL_DATA;pr038_machine_evidence=CLOSED;pr038_evidence_paths=docs/99-governance/pr-019-capability-discovery-audit/PR019_ACTIVE_CAPABILITY_CATALOG.json;pr038_human_confirmation=REQUIRED;pr038_ui_complete=false
CAP-A7ABC91DE76D,Layer Orchestrator V2,Business or platform capability discovered from layer_orchestrator_v2 in backend/layers/canonical_v1/layer_orchestrator_v2.py,backend/layers/canonical_v1/layer_orchestrator_v2.py::layer_orchestrator_v2,DISCOVERY_REQUIRED,DISCOVERY_REQUIRED,UNKNOWN,DISCOVERY_REQUIRED,USER_OR_ADMIN,UNMAPPED,DISCOVERY_REQUIRED,SOURCE_IDENTIFIED,UNKNOWN,CANONICAL,backend/layers/canonical_v1/layer_orchestrator_v2.py|docs/99-governance/pr-019-capability-discovery-audit/PR019_ACTIVE_CAPABILITY_CATALOG.json|docs/99-governance/pr-040-p0-batch-03-evidence-closure/PR-040-P0-BATCH-01-EVIDENCE-CLOSURE.md,DISCOVERY_REQUIRED,2026-08-01T09:03:30Z,origin=UNTRACKED;confidence=MEDIUM;business_keyword_score=8;quality_filtered=true;human_validation=PENDING;full_power_preservation=REQUIRED;pr026_runtime=PENDING;pr026_missing=SOURCE|SERVICE|ENDPOINT|REAL_DATA|CALCULATION|TEST|UI;pr026_human_confirmation=REQUIRED;pr026_ui_complete=false;pr040_batch=B03_SERVICE_ENDPOINT_REAL_DATA;pr040_machine_evidence=CLOSED;pr040_evidence_paths=docs/99-governance/pr-019-capability-discovery-audit/PR019_ACTIVE_CAPABILITY_CATALOG.json;pr040_human_confirmation=REQUIRED;pr040_ui_complete=false
CAP-83469D7ECA81,Layer Score Candidate V127,Business or platform capability discovered from layerScoreCandidateV127 in frontend/ndsp-user-portal-v50/assets/ndsp-portal-v50.js,frontend/ndsp-user-portal-v50/assets/ndsp-portal-v50.js::layerScoreCandidateV127,DISCOVERY_REQUIRED,DISCOVERY_REQUIRED,HTTP_API|JSON,DISCOVERY_REQUIRED,PUBLIC,LANDING,frontend/ndsp-user-portal-v50/assets/ndsp-portal-v50.js,UI_PARTIAL,MOCK_ONLY,REVIEW_REQUIRED,frontend/ndsp-user-portal-v50/assets/ndsp-portal-v50.js|docs/99-governance/pr-019-capability-discovery-audit/PR019_ACTIVE_CAPABILITY_CATALOG.json|docs/99-governance/pr-042-p0-batch-04-evidence-closure/PR-042-P0-BATCH-04-EVIDENCE-CLOSURE.md,DISCOVERY_REQUIRED,2026-08-01T09:16:54Z,origin=UNTRACKED;confidence=HIGH;business_keyword_score=13;quality_filtered=true;human_validation=PENDING;full_power_preservation=REQUIRED;pr026_runtime=PENDING;pr026_missing=SOURCE|SERVICE|ENDPOINT|REAL_DATA|CALCULATION|TEST;pr026_human_confirmation=REQUIRED;pr026_ui_complete=false;pr042_batch=B04_SERVICE_ENDPOINT_REAL_DATA;pr042_machine_evidence=CLOSED;pr042_evidence_paths=docs/99-governance/pr-019-capability-discovery-audit/PR019_ACTIVE_CAPABILITY_CATALOG.json;pr042_human_confirmation=REQUIRED;pr042_ui_complete=false
CAP-A2F7A87C9336,Layer Score V125,Business or platform capability discovered from layerScoreV125 in frontend/ndsp-user-portal-v50/assets/ndsp-portal-v50.js,frontend/ndsp-user-portal-v50/assets/ndsp-portal-v50.js::layerScoreV125,DISCOVERY_REQUIRED,DISCOVERY_REQUIRED,HTTP_API|JSON,DISCOVERY_REQUIRED,PUBLIC,LANDING,frontend/ndsp-user-portal-v50/assets/ndsp-portal-v50.js,UI_PARTIAL,MOCK_ONLY,REVIEW_REQUIRED,frontend/ndsp-user-portal-v50/assets/ndsp-portal-v50.js|docs/99-governance/pr-019-capability-discovery-audit/PR019_ACTIVE_CAPABILITY_CATALOG.json|docs/99-governance/pr-043-p0-batch-05-evidence-closure/PR-043-P0-BATCH-05-EVIDENCE-CLOSURE.md,DISCOVERY_REQUIRED,2026-08-01T09:22:38Z,origin=UNTRACKED;confidence=HIGH;business_keyword_score=13;quality_filtered=true;human_validation=PENDING;full_power_preservation=REQUIRED;pr026_runtime=PENDING;pr026_missing=SOURCE|SERVICE|ENDPOINT|REAL_DATA|CALCULATION|TEST;pr026_human_confirmation=REQUIRED;pr026_ui_complete=false;pr043_batch=B05_SERVICE_ENDPOINT_REAL_DATA;pr043_machine_evidence=CLOSED;pr043_evidence_paths=docs/99-governance/pr-019-capability-discovery-audit/PR019_ACTIVE_CAPABILITY_CATALOG.json;pr043_human_confirmation=REQUIRED;pr043_ui_complete=false
CAP-1F54C2BF216C,Market For Symbol,Business or platform capability discovered from marketForSymbol in frontend/ndsp-user-portal-v50/assets/ndsp-portal-v50.js,frontend/ndsp-user-portal-v50/assets/ndsp-portal-v50.js::marketForSymbol,DISCOVERY_REQUIRED,DISCOVERY_REQUIRED,HTTP_API|JSON,DISCOVERY_REQUIRED,PUBLIC,LANDING,frontend/ndsp-user-portal-v50/assets/ndsp-portal-v50.js,UI_PARTIAL,MOCK_ONLY,REVIEW_REQUIRED,frontend/ndsp-user-portal-v50/assets/ndsp-portal-v50.js|docs/99-governance/pr-019-capability-discovery-audit/PR019_ACTIVE_CAPABILITY_CATALOG.json|docs/99-governance/pr-042-p0-batch-04-evidence-closure/PR-042-P0-BATCH-04-EVIDENCE-CLOSURE.md,DISCOVERY_REQUIRED,2026-08-01T09:16:54Z,origin=UNTRACKED;confidence=HIGH;business_keyword_score=13;quality_filtered=true;human_validation=PENDING;full_power_preservation=REQUIRED;pr026_runtime=PENDING;pr026_missing=SOURCE|SERVICE|ENDPOINT|REAL_DATA|CALCULATION|TEST;pr026_human_confirmation=REQUIRED;pr026_ui_complete=false;pr042_batch=B04_SERVICE_ENDPOINT_REAL_DATA;pr042_machine_evidence=CLOSED;pr042_evidence_paths=docs/99-governance/pr-019-capability-discovery-audit/PR019_ACTIVE_CAPABILITY_CATALOG.json;pr042_human_confirmation=REQUIRED;pr042_ui_complete=false
CAP-11F0D3942A02,Market Record,Business or platform capability discovered from marketRecord in frontend/ndsp-user-portal-v50/assets/ndsp-portal-v50.js,frontend/ndsp-user-portal-v50/assets/ndsp-portal-v50.js::marketRecord,DISCOVERY_REQUIRED,DISCOVERY_REQUIRED,HTTP_API|JSON,DISCOVERY_REQUIRED,PUBLIC,LANDING,frontend/ndsp-user-portal-v50/assets/ndsp-portal-v50.js,UI_PARTIAL,MOCK_ONLY,REVIEW_REQUIRED,frontend/ndsp-user-portal-v50/assets/ndsp-portal-v50.js|docs/99-governance/pr-019-capability-discovery-audit/PR019_ACTIVE_CAPABILITY_CATALOG.json|docs/99-governance/pr-042-p0-batch-04-evidence-closure/PR-042-P0-BATCH-04-EVIDENCE-CLOSURE.md,DISCOVERY_REQUIRED,2026-08-01T09:16:54Z,origin=UNTRACKED;confidence=HIGH;business_keyword_score=13;quality_filtered=true;human_validation=PENDING;full_power_preservation=REQUIRED;pr026_runtime=PENDING;pr026_missing=SOURCE|SERVICE|ENDPOINT|REAL_DATA|CALCULATION|TEST;pr026_human_confirmation=REQUIRED;pr026_ui_complete=false;pr042_batch=B04_SERVICE_ENDPOINT_REAL_DATA;pr042_machine_evidence=CLOSED;pr042_evidence_paths=docs/99-governance/pr-019-capability-discovery-audit/PR019_ACTIVE_CAPABILITY_CATALOG.json;pr042_human_confirmation=REQUIRED;pr042_ui_complete=false
CAP-42E4316C88FD,Markets Page,Business or platform capability discovered from marketsPage in frontend/ndsp-user-portal-v50/assets/ndsp-portal-v50.js,frontend/ndsp-user-portal-v50/assets/ndsp-portal-v50.js::marketsPage,DISCOVERY_REQUIRED,DISCOVERY_REQUIRED,HTTP_API|JSON,DISCOVERY_REQUIRED,PUBLIC,LANDING,frontend/ndsp-user-portal-v50/assets/ndsp-portal-v50.js,UI_PARTIAL,MOCK_ONLY,REVIEW_REQUIRED,frontend/ndsp-user-portal-v50/assets/ndsp-portal-v50.js|docs/99-governance/pr-019-capability-discovery-audit/PR019_ACTIVE_CAPABILITY_CATALOG.json|docs/99-governance/pr-042-p0-batch-04-evidence-closure/PR-042-P0-BATCH-04-EVIDENCE-CLOSURE.md,DISCOVERY_REQUIRED,2026-08-01T09:16:54Z,origin=UNTRACKED;confidence=HIGH;business_keyword_score=13;quality_filtered=true;human_validation=PENDING;full_power_preservation=REQUIRED;pr026_runtime=PENDING;pr026_missing=SOURCE|SERVICE|ENDPOINT|REAL_DATA|CALCULATION|TEST;pr026_human_confirmation=REQUIRED;pr026_ui_complete=false;pr042_batch=B04_SERVICE_ENDPOINT_REAL_DATA;pr042_machine_evidence=CLOSED;pr042_evidence_paths=docs/99-governance/pr-019-capability-discovery-audit/PR019_ACTIVE_CAPABILITY_CATALOG.json;pr042_human_confirmation=REQUIRED;pr042_ui_complete=false
CAP-8005A5881BBA,Merge Trial,Business or platform capability discovered from merge_trial in backend/services/ndsp-trial-clock-v163/server.py,backend/services/ndsp-trial-clock-v163/server.py::merge_trial,DISCOVERY_REQUIRED,DISCOVERY_REQUIRED,JSON,CALCULATED_REAL,AUTHENTICATED_USER,TRIAL,DISCOVERY_REQUIRED,UI_PARTIAL,REAL_SNAPSHOT,REVIEW_REQUIRED,backend/services/ndsp-trial-clock-v163/server.py|docs/99-governance/pr-019-capability-discovery-audit/PR019_ACTIVE_CAPABILITY_CATALOG.json|docs/99-governance/pr-044-p0-batch-06-evidence-closure/PR-044-P0-BATCH-06-EVIDENCE-CLOSURE.md,DISCOVERY_REQUIRED,2026-08-01T09:26:57Z,origin=UNTRACKED;confidence=HIGH;business_keyword_score=3;quality_filtered=true;human_validation=PENDING;full_power_preservation=REQUIRED;pr026_runtime=PENDING;pr026_missing=SOURCE|SERVICE|ENDPOINT|TEST|UI;pr026_human_confirmation=REQUIRED;pr026_ui_complete=false;pr044_batch=B06_SERVICE_ENDPOINT;pr044_machine_evidence=CLOSED;pr044_evidence_paths=docs/99-governance/pr-019-capability-discovery-audit/PR019_ACTIVE_CAPABILITY_CATALOG.json;pr044_human_confirmation=REQUIRED;pr044_ui_complete=false
CAP-A8E73E0663EE,Merge Trial,Business or platform capability discovered from merge_trial in backend/services/ndsp-trial-clock-v164/server.py,backend/services/ndsp-trial-clock-v164/server.py::merge_trial,DISCOVERY_REQUIRED,DISCOVERY_REQUIRED,JSON,CALCULATED_REAL,AUTHENTICATED_USER,TRIAL,DISCOVERY_REQUIRED,UI_PARTIAL,REAL_SNAPSHOT,REVIEW_REQUIRED,backend/services/ndsp-trial-clock-v164/server.py|docs/99-governance/pr-019-capability-discovery-audit/PR019_ACTIVE_CAPABILITY_CATALOG.json|docs/99-governance/pr-045-p0-batch-07-evidence-closure/PR-045-P0-BATCH-07-EVIDENCE-CLOSURE.md,DISCOVERY_REQUIRED,2026-08-01T09:33:54Z,origin=UNTRACKED;confidence=HIGH;business_keyword_score=3;quality_filtered=true;human_validation=PENDING;full_power_preservation=REQUIRED;pr026_runtime=PENDING;pr026_missing=SOURCE|SERVICE|ENDPOINT|TEST|UI;pr026_human_confirmation=REQUIRED;pr026_ui_complete=false;pr045_batch=B07_SERVICE_ENDPOINT;pr045_machine_evidence=CLOSED;pr045_evidence_paths=docs/99-governance/pr-019-capability-discovery-audit/PR019_ACTIVE_CAPABILITY_CATALOG.json;pr045_human_confirmation=REQUIRED;pr045_ui_complete=false
CAP-9E4283D45312,Mode Label,Business or platform capability discovered from modeLabel in frontend/user-portal-vite/src/components/CompletedDecisionsPanelV37.jsx,frontend/user-portal-vite/src/components/CompletedDecisionsPanelV37.jsx::modeLabel,DISCOVERY_REQUIRED,DISCOVERY_REQUIRED,UNKNOWN,DISCOVERY_REQUIRED,AUTHENTICATED_USER,REGISTER,frontend/user-portal-vite/src/components/CompletedDecisionsPanelV37.jsx,UI_PARTIAL,UNKNOWN,REVIEW_REQUIRED,frontend/user-portal-vite/src/components/CompletedDecisionsPanelV37.jsx|docs/99-governance/pr-019-capability-discovery-audit/PR019_ACTIVE_CAPABILITY_CATALOG.json|docs/99-governance/pr-043-p0-batch-05-evidence-closure/PR-043-P0-BATCH-05-EVIDENCE-CLOSURE.md,DISCOVERY_REQUIRED,2026-08-01T09:22:38Z,origin=UNTRACKED;confidence=HIGH;business_keyword_score=11;quality_filtered=true;human_validation=PENDING;full_power_preservation=REQUIRED;pr026_runtime=PENDING;pr026_missing=SOURCE|SERVICE|ENDPOINT|REAL_DATA|CALCULATION|TEST;pr026_human_confirmation=REQUIRED;pr026_ui_complete=false;pr043_batch=B05_SERVICE_ENDPOINT_REAL_DATA;pr043_machine_evidence=CLOSED;pr043_evidence_paths=docs/99-governance/pr-019-capability-discovery-audit/PR019_ACTIVE_CAPABILITY_CATALOG.json;pr043_human_confirmation=REQUIRED;pr043_ui_complete=false
CAP-4C410FBB8A1A,Ndsp Asset Market Universe,Business or platform capability discovered from ndsp_asset_market_universe in backend/auth_api/ndsp_asset_market_universe.cjs,backend/auth_api/ndsp_asset_market_universe.cjs::ndsp_asset_market_universe,DISCOVERY_REQUIRED,DISCOVERY_REQUIRED,JSON,CALCULATED_REAL,PUBLIC,DASHBOARD,DISCOVERY_REQUIRED,UI_PARTIAL,REAL_SNAPSHOT,REVIEW_REQUIRED,backend/auth_api/ndsp_asset_market_universe.cjs|docs/99-governance/pr-019-capability-discovery-audit/PR019_ACTIVE_CAPABILITY_CATALOG.json|docs/99-governance/pr-044-p0-batch-06-evidence-closure/PR-044-P0-BATCH-06-EVIDENCE-CLOSURE.md,DISCOVERY_REQUIRED,2026-08-01T09:26:57Z,origin=UNTRACKED;confidence=MEDIUM;business_keyword_score=9;quality_filtered=true;human_validation=PENDING;full_power_preservation=REQUIRED;pr026_runtime=PENDING;pr026_missing=SOURCE|SERVICE|ENDPOINT|TEST|UI;pr026_human_confirmation=REQUIRED;pr026_ui_complete=false;pr044_batch=B06_SERVICE_ENDPOINT;pr044_machine_evidence=CLOSED;pr044_evidence_paths=docs/99-governance/pr-019-capability-discovery-audit/PR019_ACTIVE_CAPABILITY_CATALOG.json;pr044_human_confirmation=REQUIRED;pr044_ui_complete=false
CAP-D89712BC5C12,Ndsp Governance 44 V26,Business or platform capability discovered from ndsp-governance-44-v26 in frontend/user-portal-vite/public/assets/ndsp-governance-44-v26.js,frontend/user-portal-vite/public/assets/ndsp-governance-44-v26.js::ndsp-governance-44-v26,DISCOVERY_REQUIRED,DISCOVERY_REQUIRED,HTTP_API|JSON,CALCULATED_REAL,PUBLIC,CURRENT_FRONTEND,frontend/user-portal-vite/public/assets/ndsp-governance-44-v26.js,UI_PARTIAL,REAL_LIVE,REVIEW_REQUIRED,frontend/user-portal-vite/public/assets/ndsp-governance-44-v26.js|docs/99-governance/pr-019-capability-discovery-audit/PR019_ACTIVE_CAPABILITY_CATALOG.json|docs/99-governance/pr-046-p0-batch-08-evidence-closure/PR-046-P0-BATCH-08-EVIDENCE-CLOSURE.md,DISCOVERY_REQUIRED,2026-08-01T09:38:52Z,origin=UNTRACKED;confidence=MEDIUM;business_keyword_score=10;quality_filtered=true;human_validation=PENDING;full_power_preservation=REQUIRED;pr026_runtime=PENDING;pr026_missing=SOURCE|SERVICE|ENDPOINT|TEST;pr026_human_confirmation=REQUIRED;pr026_ui_complete=false;pr046_batch=B08_SERVICE_ENDPOINT;pr046_machine_evidence=CLOSED;pr046_evidence_paths=docs/99-governance/pr-019-capability-discovery-audit/PR019_ACTIVE_CAPABILITY_CATALOG.json;pr046_human_confirmation=REQUIRED;pr046_ui_complete=false
CAP-6C9E5493FEC3,Ndsp Live Trial Counters,Business or platform capability discovered from ndsp-live-trial-counters in frontend/public-site/ndsp-live-trial-counters.js,frontend/public-site/ndsp-live-trial-counters.js::ndsp-live-trial-counters,DISCOVERY_REQUIRED,DISCOVERY_REQUIRED,HTTP_API|JSON,CALCULATED_REAL,PUBLIC,TRIAL,frontend/public-site/ndsp-live-trial-counters.js,UI_PARTIAL,REAL_LIVE,REVIEW_REQUIRED,frontend/public-site/ndsp-live-trial-counters.js|docs/99-governance/pr-019-capability-discovery-audit/PR019_ACTIVE_CAPABILITY_CATALOG.json|docs/99-governance/pr-045-p0-batch-07-evidence-closure/PR-045-P0-BATCH-07-EVIDENCE-CLOSURE.md,DISCOVERY_REQUIRED,2026-08-01T09:33:54Z,origin=ON_MAIN;confidence=MEDIUM;business_keyword_score=1;quality_filtered=true;human_validation=PENDING;full_power_preservation=REQUIRED;pr026_runtime=PENDING;pr026_missing=SERVICE|ENDPOINT|TEST;pr026_human_confirmation=REQUIRED;pr026_ui_complete=false;pr045_batch=B07_SERVICE_ENDPOINT;pr045_machine_evidence=CLOSED;pr045_evidence_paths=docs/99-governance/pr-019-capability-discovery-audit/PR019_ACTIVE_CAPABILITY_CATALOG.json;pr045_human_confirmation=REQUIRED;pr045_ui_complete=false
CAP-88BCB79F77AB,Ndsp Market Suite Nav,Business or platform capability discovered from ndsp-market-suite-nav in frontend/user-portal-vite/public/ndsp-market-suite-nav.js,frontend/user-portal-vite/public/ndsp-market-suite-nav.js::ndsp-market-suite-nav,DISCOVERY_REQUIRED,DISCOVERY_REQUIRED,UNKNOWN,DISCOVERY_REQUIRED,ADMIN,LOGIN,frontend/user-portal-vite/public/ndsp-market-suite-nav.js,UI_PARTIAL,UNKNOWN,REVIEW_REQUIRED,frontend/user-portal-vite/public/ndsp-market-suite-nav.js|docs/99-governance/pr-019-capability-discovery-audit/PR019_ACTIVE_CAPABILITY_CATALOG.json|docs/99-governance/pr-042-p0-batch-04-evidence-closure/PR-042-P0-BATCH-04-EVIDENCE-CLOSURE.md,DISCOVERY_REQUIRED,2026-08-01T09:16:54Z,origin=UNTRACKED;confidence=MEDIUM;business_keyword_score=6;quality_filtered=true;human_validation=PENDING;full_power_preservation=REQUIRED;pr026_runtime=PENDING;pr026_missing=SOURCE|SERVICE|ENDPOINT|REAL_DATA|CALCULATION|TEST;pr026_human_confirmation=REQUIRED;pr026_ui_complete=false;pr042_batch=B04_SERVICE_ENDPOINT_REAL_DATA;pr042_machine_evidence=CLOSED;pr042_evidence_paths=docs/99-governance/pr-019-capability-discovery-audit/PR019_ACTIVE_CAPABILITY_CATALOG.json;pr042_human_confirmation=REQUIRED;pr042_ui_complete=false
CAP-B64118FECEA6,Ndsp Ux User,Business or platform capability discovered from ndspUxUser in NDSP_USER_PORTAL_FINAL_EXPERIENCE_V1_ONE_SCRIPT.sh,NDSP_USER_PORTAL_FINAL_EXPERIENCE_V1_ONE_SCRIPT.sh::ndspUxUser,DISCOVERY_REQUIRED,GET /api/auth/session|GET /api/user/experience|POST /api/user/legal-acceptance|POST /api/user/survey|GET /api/user/notifications|GET /api/auth/session|GET /api/auth/session,HTTP_API|JSON|POSTGRES,CALCULATED_REAL,ADMIN,TRIAL,DISCOVERY_REQUIRED,UI_PARTIAL,REAL_LIVE,REVIEW_REQUIRED,NDSP_USER_PORTAL_FINAL_EXPERIENCE_V1_ONE_SCRIPT.sh|docs/99-governance/pr-019-capability-discovery-audit/PR019_ACTIVE_CAPABILITY_CATALOG.json|docs/99-governance/pr-052-p0-batch-14-evidence-closure/PR-052-P0-BATCH-14-EVIDENCE-CLOSURE.md,DISCOVERY_REQUIRED,2026-08-01T10:01:31Z,origin=UNTRACKED;confidence=HIGH;business_keyword_score=13;quality_filtered=true;human_validation=PENDING;full_power_preservation=REQUIRED;pr026_runtime=PENDING;pr026_missing=SOURCE|SERVICE|TEST|UI;pr026_human_confirmation=REQUIRED;pr026_ui_complete=false;pr052_batch=B14_SERVICE_ONLY;pr052_machine_evidence=CLOSED;pr052_evidence_paths=docs/99-governance/pr-019-capability-discovery-audit/PR019_ACTIVE_CAPABILITY_CATALOG.json;pr052_human_confirmation=REQUIRED;pr052_ui_complete=false
CAP-879F3BBEFD90,Nmp Engine,Business or platform capability discovered from nmp_engine in backend/layers/canonical_v1/quality/nmp_engine.py,backend/layers/canonical_v1/quality/nmp_engine.py::nmp_engine,DISCOVERY_REQUIRED,DISCOVERY_REQUIRED,UNKNOWN,DISCOVERY_REQUIRED,USER_OR_ADMIN,UNMAPPED,DISCOVERY_REQUIRED,SOURCE_IDENTIFIED,UNKNOWN,CANONICAL,backend/layers/canonical_v1/quality/nmp_engine.py|docs/99-governance/pr-019-capability-discovery-audit/PR019_ACTIVE_CAPABILITY_CATALOG.json|docs/99-governance/pr-038-p0-batch-02-evidence-closure/PR-038-P0-BATCH-01-EVIDENCE-CLOSURE.md,DISCOVERY_REQUIRED,2026-08-01T02:21:13Z,origin=UNTRACKED;confidence=MEDIUM;business_keyword_score=3;quality_filtered=true;human_validation=PENDING;full_power_preservation=REQUIRED;pr026_runtime=PENDING;pr026_missing=SOURCE|SERVICE|ENDPOINT|REAL_DATA|TEST|UI;pr026_human_confirmation=REQUIRED;pr026_ui_complete=false;pr038_batch=B02_SERVICE_ENDPOINT_REAL_DATA;pr038_machine_evidence=CLOSED;pr038_evidence_paths=docs/99-governance/pr-019-capability-discovery-audit/PR019_ACTIVE_CAPABILITY_CATALOG.json;pr038_human_confirmation=REQUIRED;pr038_ui_complete=false
CAP-4735D0FCEC20,Normalize Decision Url,Business or platform capability discovered from normalizeDecisionUrl in frontend/ndsp-user-portal-v50/public/ndsp-v82-runtime-contract-bridge.js,frontend/ndsp-user-portal-v50/public/ndsp-v82-runtime-contract-bridge.js::normalizeDecisionUrl,DISCOVERY_REQUIRED,DISCOVERY_REQUIRED,HTTP_API|JSON,CALCULATED_REAL,PUBLIC,CURRENT_FRONTEND,frontend/ndsp-user-portal-v50/public/ndsp-v82-runtime-contract-bridge.js,UI_PARTIAL,REAL_LIVE,REVIEW_REQUIRED,frontend/ndsp-user-portal-v50/public/ndsp-v82-runtime-contract-bridge.js|docs/99-governance/pr-019-capability-discovery-audit/PR019_ACTIVE_CAPABILITY_CATALOG.json|docs/99-governance/pr-045-p0-batch-07-evidence-closure/PR-045-P0-BATCH-07-EVIDENCE-CLOSURE.md,DISCOVERY_REQUIRED,2026-08-01T09:33:54Z,origin=UNTRACKED;confidence=HIGH;business_keyword_score=5;quality_filtered=true;human_validation=PENDING;full_power_preservation=REQUIRED;pr026_runtime=PENDING;pr026_missing=SOURCE|SERVICE|ENDPOINT|TEST;pr026_human_confirmation=REQUIRED;pr026_ui_complete=false;pr045_batch=B07_SERVICE_ENDPOINT;pr045_machine_evidence=CLOSED;pr045_evidence_paths=docs/99-governance/pr-019-capability-discovery-audit/PR019_ACTIVE_CAPABILITY_CATALOG.json;pr045_human_confirmation=REQUIRED;pr045_ui_complete=false
CAP-15DCBE989F60,Render Trials,Business or platform capability discovered from renderTrials in frontend/admin-console/ndsp-admin-live-data-override.js,frontend/admin-console/ndsp-admin-live-data-override.js::renderTrials,DISCOVERY_REQUIRED,DISCOVERY_REQUIRED,HTTP_API|JSON,CALCULATED_REAL,ADMIN,TRIAL,frontend/admin-console/ndsp-admin-live-data-override.js,UI_PARTIAL,REAL_LIVE,REVIEW_REQUIRED,frontend/admin-console/ndsp-admin-live-data-override.js|docs/99-governance/pr-019-capability-discovery-audit/PR019_ACTIVE_CAPABILITY_CATALOG.json|docs/99-governance/pr-045-p0-batch-07-evidence-closure/PR-045-P0-BATCH-07-EVIDENCE-CLOSURE.md,DISCOVERY_REQUIRED,2026-08-01T09:33:54Z,origin=ON_MAIN;confidence=HIGH;business_keyword_score=3;quality_filtered=true;human_validation=PENDING;full_power_preservation=REQUIRED;pr026_runtime=PENDING;pr026_missing=SERVICE|ENDPOINT|TEST;pr026_human_confirmation=REQUIRED;pr026_ui_complete=false;pr045_batch=B07_SERVICE_ENDPOINT;pr045_machine_evidence=CLOSED;pr045_evidence_paths=docs/99-governance/pr-019-capability-discovery-audit/PR019_ACTIVE_CAPABILITY_CATALOG.json;pr045_human_confirmation=REQUIRED;pr045_ui_complete=false
CAP-79FF6CD17DD6,Risk Page,Business or platform capability discovered from riskPage in frontend/ndsp-user-portal-v50/assets/ndsp-portal-v50.js,frontend/ndsp-user-portal-v50/assets/ndsp-portal-v50.js::riskPage,DISCOVERY_REQUIRED,DISCOVERY_REQUIRED,HTTP_API|JSON,DISCOVERY_REQUIRED,PUBLIC,LANDING,frontend/ndsp-user-portal-v50/assets/ndsp-portal-v50.js,UI_PARTIAL,MOCK_ONLY,REVIEW_REQUIRED,frontend/ndsp-user-portal-v50/assets/ndsp-portal-v50.js|docs/99-governance/pr-019-capability-discovery-audit/PR019_ACTIVE_CAPABILITY_CATALOG.json|docs/99-governance/pr-042-p0-batch-04-evidence-closure/PR-042-P0-BATCH-04-EVIDENCE-CLOSURE.md,DISCOVERY_REQUIRED,2026-08-01T09:16:54Z,origin=UNTRACKED;confidence=HIGH;business_keyword_score=13;quality_filtered=true;human_validation=PENDING;full_power_preservation=REQUIRED;pr026_runtime=PENDING;pr026_missing=SOURCE|SERVICE|ENDPOINT|REAL_DATA|CALCULATION|TEST;pr026_human_confirmation=REQUIRED;pr026_ui_complete=false;pr042_batch=B04_SERVICE_ENDPOINT_REAL_DATA;pr042_machine_evidence=CLOSED;pr042_evidence_paths=docs/99-governance/pr-019-capability-discovery-audit/PR019_ACTIVE_CAPABILITY_CATALOG.json;pr042_human_confirmation=REQUIRED;pr042_ui_complete=false
CAP-98386BEB7419,Scenario,Business or platform capability discovered from scenario in backend/simulation/canonical_v1/scenario.py,backend/simulation/canonical_v1/scenario.py::scenario,DISCOVERY_REQUIRED,DISCOVERY_REQUIRED,UNKNOWN,DISCOVERY_REQUIRED,USER_OR_ADMIN,ALERTS,DISCOVERY_REQUIRED,UI_PARTIAL,UNKNOWN,CANONICAL,backend/simulation/canonical_v1/scenario.py|docs/99-governance/pr-019-capability-discovery-audit/PR019_ACTIVE_CAPABILITY_CATALOG.json|docs/99-governance/pr-038-p0-batch-02-evidence-closure/PR-038-P0-BATCH-01-EVIDENCE-CLOSURE.md,DISCOVERY_REQUIRED,2026-08-01T02:21:13Z,origin=UNTRACKED;confidence=MEDIUM;business_keyword_score=2;quality_filtered=true;human_validation=PENDING;full_power_preservation=REQUIRED;pr026_runtime=PENDING;pr026_missing=SOURCE|SERVICE|ENDPOINT|REAL_DATA|CALCULATION|TEST|UI;pr026_human_confirmation=REQUIRED;pr026_ui_complete=false;pr038_batch=B02_SERVICE_ENDPOINT_REAL_DATA;pr038_machine_evidence=CLOSED;pr038_evidence_paths=docs/99-governance/pr-019-capability-discovery-audit/PR019_ACTIVE_CAPABILITY_CATALOG.json;pr038_human_confirmation=REQUIRED;pr038_ui_complete=false
CAP-6F9609BABB9D,Score,Business or platform capability discovered from score in tools/audit_and_unify_envs.py,tools/audit_and_unify_envs.py::score,DISCOVERY_REQUIRED,DISCOVERY_REQUIRED,UNKNOWN,DISCOVERY_REQUIRED,ADMIN,PASSWORD_RESET,DISCOVERY_REQUIRED,UI_PARTIAL,UNKNOWN,REVIEW_REQUIRED,tools/audit_and_unify_envs.py|docs/99-governance/pr-019-capability-discovery-audit/PR019_ACTIVE_CAPABILITY_CATALOG.json|docs/99-governance/pr-038-p0-batch-02-evidence-closure/PR-038-P0-BATCH-01-EVIDENCE-CLOSURE.md,DISCOVERY_REQUIRED,2026-08-01T02:21:13Z,origin=UNTRACKED;confidence=HIGH;business_keyword_score=7;quality_filtered=true;human_validation=PENDING;full_power_preservation=REQUIRED;pr026_runtime=PENDING;pr026_missing=SOURCE|SERVICE|ENDPOINT|REAL_DATA|CALCULATION|TEST|UI;pr026_human_confirmation=REQUIRED;pr026_ui_complete=false;pr038_batch=B02_SERVICE_ENDPOINT_REAL_DATA;pr038_machine_evidence=CLOSED;pr038_evidence_paths=docs/99-governance/pr-019-capability-discovery-audit/PR019_ACTIVE_CAPABILITY_CATALOG.json;pr038_human_confirmation=REQUIRED;pr038_ui_complete=false
CAP-92F6B796DD2F,Score Form,Business or platform capability discovered from scoreForm in frontend/shared/ndsp-register-submit-bridge-v152.js,frontend/shared/ndsp-register-submit-bridge-v152.js::scoreForm,DISCOVERY_REQUIRED,DISCOVERY_REQUIRED,HTTP_API|JSON,DISCOVERY_REQUIRED,PUBLIC,TRIAL,frontend/shared/ndsp-register-submit-bridge-v152.js,UI_PARTIAL,MOCK_ONLY,REVIEW_REQUIRED,frontend/shared/ndsp-register-submit-bridge-v152.js|docs/99-governance/pr-019-capability-discovery-audit/PR019_ACTIVE_CAPABILITY_CATALOG.json|docs/99-governance/pr-042-p0-batch-04-evidence-closure/PR-042-P0-BATCH-04-EVIDENCE-CLOSURE.md,DISCOVERY_REQUIRED,2026-08-01T09:16:54Z,origin=UNTRACKED;confidence=HIGH;business_keyword_score=6;quality_filtered=true;human_validation=PENDING;full_power_preservation=REQUIRED;pr026_runtime=PENDING;pr026_missing=SOURCE|SERVICE|ENDPOINT|REAL_DATA|CALCULATION|TEST;pr026_human_confirmation=REQUIRED;pr026_ui_complete=false;pr042_batch=B04_SERVICE_ENDPOINT_REAL_DATA;pr042_machine_evidence=CLOSED;pr042_evidence_paths=docs/99-governance/pr-019-capability-discovery-audit/PR019_ACTIVE_CAPABILITY_CATALOG.json;pr042_human_confirmation=REQUIRED;pr042_ui_complete=false
CAP-16BC3B472E5B,Sync Admin Users Json Safe,Business or platform capability discovered from syncAdminUsersJsonSafe in backend/ndsp_trial_register_gateway.cjs,backend/ndsp_trial_register_gateway.cjs::syncAdminUsersJsonSafe,ndsp-trial-register.service,DISCOVERY_REQUIRED,JSON|POSTGRES,CALCULATED_REAL,ADMIN,TRIAL,DISCOVERY_REQUIRED,UI_PARTIAL,REAL_SNAPSHOT,REVIEW_REQUIRED,backend/ndsp_trial_register_gateway.cjs,DISCOVERY_REQUIRED,2026-07-31T22:08:07Z,origin=ON_MAIN;confidence=HIGH;business_keyword_score=9;quality_filtered=true;human_validation=PENDING;full_power_preservation=REQUIRED;pr026_runtime=PENDING;pr026_missing=SERVICE|ENDPOINT|TEST|UI;pr026_human_confirmation=REQUIRED;pr026_ui_complete=false
CAP-5CB861F0644F,Test Billing Never Changes Decision,Business or platform capability discovered from test_billing_never_changes_decision in backend/platform/canonical_v1/tests/test_platform_foundation.py,backend/platform/canonical_v1/tests/test_platform_foundation.py::test_billing_never_changes_decision,DISCOVERY_REQUIRED,DISCOVERY_REQUIRED,JSON,CALCULATED_REAL,AUTHENTICATED_USER,BILLING,DISCOVERY_REQUIRED,UI_PARTIAL,REAL_SNAPSHOT,CANONICAL,backend/platform/canonical_v1/tests/test_platform_foundation.py|docs/99-governance/pr-019-capability-discovery-audit/PR019_ACTIVE_CAPABILITY_CATALOG.json|docs/99-governance/pr-044-p0-batch-06-evidence-closure/PR-044-P0-BATCH-06-EVIDENCE-CLOSURE.md,DISCOVERY_REQUIRED,2026-08-01T09:26:57Z,origin=UNTRACKED;confidence=HIGH;business_keyword_score=7;quality_filtered=true;human_validation=PENDING;full_power_preservation=REQUIRED;pr026_runtime=PENDING;pr026_missing=SOURCE|SERVICE|ENDPOINT|TEST|UI;pr026_human_confirmation=REQUIRED;pr026_ui_complete=false;pr044_batch=B06_SERVICE_ENDPOINT;pr044_machine_evidence=CLOSED;pr044_evidence_paths=docs/99-governance/pr-019-capability-discovery-audit/PR019_ACTIVE_CAPABILITY_CATALOG.json;pr044_human_confirmation=REQUIRED;pr044_ui_complete=false
CAP-943DEF53265C,Test Canonical Orchestrator Smoke,Business or platform capability discovered from TestCanonicalOrchestratorSmoke in backend/layers/canonical_v1/tests/test_orchestrator_smoke.py,backend/layers/canonical_v1/tests/test_orchestrator_smoke.py::TestCanonicalOrchestratorSmoke,DISCOVERY_REQUIRED,DISCOVERY_REQUIRED,JSON,CALCULATED_REAL,USER_OR_ADMIN,UNMAPPED,DISCOVERY_REQUIRED,SOURCE_IDENTIFIED,REAL_SNAPSHOT,CANONICAL,backend/layers/canonical_v1/tests/test_orchestrator_smoke.py|docs/99-governance/pr-019-capability-discovery-audit/PR019_ACTIVE_CAPABILITY_CATALOG.json|docs/99-governance/pr-045-p0-batch-07-evidence-closure/PR-045-P0-BATCH-07-EVIDENCE-CLOSURE.md,DISCOVERY_REQUIRED,2026-08-01T09:33:54Z,origin=UNTRACKED;confidence=HIGH;business_keyword_score=5;quality_filtered=true;human_validation=PENDING;full_power_preservation=REQUIRED;pr026_runtime=PENDING;pr026_missing=SOURCE|SERVICE|ENDPOINT|TEST|UI;pr026_human_confirmation=REQUIRED;pr026_ui_complete=false;pr045_batch=B07_SERVICE_ENDPOINT;pr045_machine_evidence=CLOSED;pr045_evidence_paths=docs/99-governance/pr-019-capability-discovery-audit/PR019_ACTIVE_CAPABILITY_CATALOG.json;pr045_human_confirmation=REQUIRED;pr045_ui_complete=false
CAP-D98F64969D0A,Test Contract Source And Quality Gate,Business or platform capability discovered from test_contract_source_and_quality_gate in backend/platform/canonical_v1/tests/test_platform_foundation.py,backend/platform/canonical_v1/tests/test_platform_foundation.py::test_contract_source_and_quality_gate,DISCOVERY_REQUIRED,DISCOVERY_REQUIRED,JSON,CALCULATED_REAL,AUTHENTICATED_USER,BILLING,DISCOVERY_REQUIRED,UI_PARTIAL,REAL_SNAPSHOT,CANONICAL,backend/platform/canonical_v1/tests/test_platform_foundation.py|docs/99-governance/pr-019-capability-discovery-audit/PR019_ACTIVE_CAPABILITY_CATALOG.json|docs/99-governance/pr-045-p0-batch-07-evidence-closure/PR-045-P0-BATCH-07-EVIDENCE-CLOSURE.md,DISCOVERY_REQUIRED,2026-08-01T09:33:54Z,origin=UNTRACKED;confidence=HIGH;business_keyword_score=7;quality_filtered=true;human_validation=PENDING;full_power_preservation=REQUIRED;pr026_runtime=PENDING;pr026_missing=SOURCE|SERVICE|ENDPOINT|TEST|UI;pr026_human_confirmation=REQUIRED;pr026_ui_complete=false;pr045_batch=B07_SERVICE_ENDPOINT;pr045_machine_evidence=CLOSED;pr045_evidence_paths=docs/99-governance/pr-019-capability-discovery-audit/PR019_ACTIVE_CAPABILITY_CATALOG.json;pr045_human_confirmation=REQUIRED;pr045_ui_complete=false
CAP-D2456D13432E,Test Cot Gate,Business or platform capability discovered from TestCotGate in backend/layers/canonical_v1/tests/test_cot_gate.py,backend/layers/canonical_v1/tests/test_cot_gate.py::TestCotGate,DISCOVERY_REQUIRED,DISCOVERY_REQUIRED,UNKNOWN,DISCOVERY_REQUIRED,USER_OR_ADMIN,REPORTS,DISCOVERY_REQUIRED,UI_PARTIAL,UNKNOWN,CANONICAL,backend/layers/canonical_v1/tests/test_cot_gate.py|docs/99-governance/pr-019-capability-discovery-audit/PR019_ACTIVE_CAPABILITY_CATALOG.json|docs/99-governance/pr-040-p0-batch-03-evidence-closure/PR-040-P0-BATCH-01-EVIDENCE-CLOSURE.md,DISCOVERY_REQUIRED,2026-08-01T09:03:30Z,origin=UNTRACKED;confidence=HIGH;business_keyword_score=3;quality_filtered=true;human_validation=PENDING;full_power_preservation=REQUIRED;pr026_runtime=PENDING;pr026_missing=SOURCE|SERVICE|ENDPOINT|REAL_DATA|CALCULATION|TEST|UI;pr026_human_confirmation=REQUIRED;pr026_ui_complete=false;pr040_batch=B03_SERVICE_ENDPOINT_REAL_DATA;pr040_machine_evidence=CLOSED;pr040_evidence_paths=docs/99-governance/pr-019-capability-discovery-audit/PR019_ACTIVE_CAPABILITY_CATALOG.json;pr040_human_confirmation=REQUIRED;pr040_ui_complete=false
CAP-50C15563709E,Test Gateway Has No Decision Logic,Business or platform capability discovered from test_gateway_has_no_decision_logic in backend/platform/canonical_v1/tests/test_platform_foundation.py,backend/platform/canonical_v1/tests/test_platform_foundation.py::test_gateway_has_no_decision_logic,DISCOVERY_REQUIRED,DISCOVERY_REQUIRED,JSON,CALCULATED_REAL,AUTHENTICATED_USER,BILLING,DISCOVERY_REQUIRED,UI_PARTIAL,REAL_SNAPSHOT,CANONICAL,backend/platform/canonical_v1/tests/test_platform_foundation.py|docs/99-governance/pr-019-capability-discovery-audit/PR019_ACTIVE_CAPABILITY_CATALOG.json|docs/99-governance/pr-044-p0-batch-06-evidence-closure/PR-044-P0-BATCH-06-EVIDENCE-CLOSURE.md,DISCOVERY_REQUIRED,2026-08-01T09:26:57Z,origin=UNTRACKED;confidence=HIGH;business_keyword_score=7;quality_filtered=true;human_validation=PENDING;full_power_preservation=REQUIRED;pr026_runtime=PENDING;pr026_missing=SOURCE|SERVICE|ENDPOINT|TEST|UI;pr026_human_confirmation=REQUIRED;pr026_ui_complete=false;pr044_batch=B06_SERVICE_ENDPOINT;pr044_machine_evidence=CLOSED;pr044_evidence_paths=docs/99-governance/pr-019-capability-discovery-audit/PR019_ACTIVE_CAPABILITY_CATALOG.json;pr044_human_confirmation=REQUIRED;pr044_ui_complete=false
CAP-E8CD1B8A7BD1,Test Missing Report After Due Is Blocked,Business or platform capability discovered from test_missing_report_after_due_is_blocked in backend/layers/canonical_v1/tests/test_cot_gate.py,backend/layers/canonical_v1/tests/test_cot_gate.py::test_missing_report_after_due_is_blocked,DISCOVERY_REQUIRED,DISCOVERY_REQUIRED,UNKNOWN,DISCOVERY_REQUIRED,USER_OR_ADMIN,REPORTS,DISCOVERY_REQUIRED,UI_PARTIAL,UNKNOWN,CANONICAL,backend/layers/canonical_v1/tests/test_cot_gate.py|docs/99-governance/pr-019-capability-discovery-audit/PR019_ACTIVE_CAPABILITY_CATALOG.json|docs/99-governance/pr-042-p0-batch-04-evidence-closure/PR-042-P0-BATCH-04-EVIDENCE-CLOSURE.md,DISCOVERY_REQUIRED,2026-08-01T09:16:54Z,origin=UNTRACKED;confidence=HIGH;business_keyword_score=3;quality_filtered=true;human_validation=PENDING;full_power_preservation=REQUIRED;pr026_runtime=PENDING;pr026_missing=SOURCE|SERVICE|ENDPOINT|REAL_DATA|CALCULATION|TEST|UI;pr026_human_confirmation=REQUIRED;pr026_ui_complete=false;pr042_batch=B04_SERVICE_ENDPOINT_REAL_DATA;pr042_machine_evidence=CLOSED;pr042_evidence_paths=docs/99-governance/pr-019-capability-discovery-audit/PR019_ACTIVE_CAPABILITY_CATALOG.json;pr042_human_confirmation=REQUIRED;pr042_ui_complete=false
CAP-BFA23B0D6145,Test Nmp Uses Open At Indicator Extreme,Business or platform capability discovered from test_nmp_uses_open_at_indicator_extreme in backend/layers/canonical_v1/tests/test_logic.py,backend/layers/canonical_v1/tests/test_logic.py::test_nmp_uses_open_at_indicator_extreme,DISCOVERY_REQUIRED,DISCOVERY_REQUIRED,UNKNOWN,DISCOVERY_REQUIRED,USER_OR_ADMIN,UNMAPPED,DISCOVERY_REQUIRED,SOURCE_IDENTIFIED,UNKNOWN,CANONICAL,backend/layers/canonical_v1/tests/test_logic.py|docs/99-governance/pr-019-capability-discovery-audit/PR019_ACTIVE_CAPABILITY_CATALOG.json|docs/99-governance/pr-040-p0-batch-03-evidence-closure/PR-040-P0-BATCH-01-EVIDENCE-CLOSURE.md,DISCOVERY_REQUIRED,2026-08-01T09:03:30Z,origin=UNTRACKED;confidence=HIGH;business_keyword_score=5;quality_filtered=true;human_validation=PENDING;full_power_preservation=REQUIRED;pr026_runtime=PENDING;pr026_missing=SOURCE|SERVICE|ENDPOINT|REAL_DATA|CALCULATION|TEST|UI;pr026_human_confirmation=REQUIRED;pr026_ui_complete=false;pr040_batch=B03_SERVICE_ENDPOINT_REAL_DATA;pr040_machine_evidence=CLOSED;pr040_evidence_paths=docs/99-governance/pr-019-capability-discovery-audit/PR019_ACTIVE_CAPABILITY_CATALOG.json;pr040_human_confirmation=REQUIRED;pr040_ui_complete=false
CAP-271C117DF5B2,Trial Payload,Business or platform capability discovered from trial_payload in backend/services/ndsp-launch-control-v167/server.py,backend/services/ndsp-launch-control-v167/server.py::trial_payload,DISCOVERY_REQUIRED,DISCOVERY_REQUIRED,HTTP_API|JSON,DISCOVERY_REQUIRED,ADMIN,TRIAL,DISCOVERY_REQUIRED,UI_PARTIAL,MOCK_ONLY,REVIEW_REQUIRED,backend/services/ndsp-launch-control-v167/server.py|docs/99-governance/pr-019-capability-discovery-audit/PR019_ACTIVE_CAPABILITY_CATALOG.json|docs/99-governance/pr-037-p0-batch-01-evidence-closure/PR-037-P0-BATCH-01-EVIDENCE-CLOSURE.md,DISCOVERY_REQUIRED,2026-08-01T02:15:15Z,origin=UNTRACKED;confidence=HIGH;business_keyword_score=7;quality_filtered=true;human_validation=PENDING;full_power_preservation=REQUIRED;pr026_runtime=PENDING;pr026_missing=SOURCE|SERVICE|ENDPOINT|REAL_DATA|CALCULATION|TEST|UI;pr026_human_confirmation=REQUIRED;pr026_ui_complete=false;pr037_batch=B01_SERVICE_ENDPOINT_REAL_DATA;pr037_machine_evidence=CLOSED;pr037_evidence_paths=docs/99-governance/pr-019-capability-discovery-audit/PR019_ACTIVE_CAPABILITY_CATALOG.json;pr037_human_confirmation=REQUIRED;pr037_ui_complete=false
CAP-89390299C6D5,Trial Payload,Business or platform capability discovered from trial_payload in backend/services/ndsp-trial-clock-v164/server.py,backend/services/ndsp-trial-clock-v164/server.py::trial_payload,DISCOVERY_REQUIRED,DISCOVERY_REQUIRED,JSON,CALCULATED_REAL,AUTHENTICATED_USER,TRIAL,DISCOVERY_REQUIRED,UI_PARTIAL,REAL_SNAPSHOT,REVIEW_REQUIRED,backend/services/ndsp-trial-clock-v164/server.py|docs/99-governance/pr-019-capability-discovery-audit/PR019_ACTIVE_CAPABILITY_CATALOG.json|docs/99-governance/pr-045-p0-batch-07-evidence-closure/PR-045-P0-BATCH-07-EVIDENCE-CLOSURE.md,DISCOVERY_REQUIRED,2026-08-01T09:33:54Z,origin=UNTRACKED;confidence=HIGH;business_keyword_score=3;quality_filtered=true;human_validation=PENDING;full_power_preservation=REQUIRED;pr026_runtime=PENDING;pr026_missing=SOURCE|SERVICE|ENDPOINT|TEST|UI;pr026_human_confirmation=REQUIRED;pr026_ui_complete=false;pr045_batch=B07_SERVICE_ENDPOINT;pr045_machine_evidence=CLOSED;pr045_evidence_paths=docs/99-governance/pr-019-capability-discovery-audit/PR019_ACTIVE_CAPABILITY_CATALOG.json;pr045_human_confirmation=REQUIRED;pr045_ui_complete=false
CAP-A9527D6180AE,Trial Payload,Business or platform capability discovered from trial_payload in backend/services/ndsp-trial-clock-v163/server.py,backend/services/ndsp-trial-clock-v163/server.py::trial_payload,DISCOVERY_REQUIRED,DISCOVERY_REQUIRED,JSON,CALCULATED_REAL,AUTHENTICATED_USER,TRIAL,DISCOVERY_REQUIRED,UI_PARTIAL,REAL_SNAPSHOT,REVIEW_REQUIRED,backend/services/ndsp-trial-clock-v163/server.py|docs/99-governance/pr-019-capability-discovery-audit/PR019_ACTIVE_CAPABILITY_CATALOG.json|docs/99-governance/pr-045-p0-batch-07-evidence-closure/PR-045-P0-BATCH-07-EVIDENCE-CLOSURE.md,DISCOVERY_REQUIRED,2026-08-01T09:33:54Z,origin=UNTRACKED;confidence=HIGH;business_keyword_score=3;quality_filtered=true;human_validation=PENDING;full_power_preservation=REQUIRED;pr026_runtime=PENDING;pr026_missing=SOURCE|SERVICE|ENDPOINT|TEST|UI;pr026_human_confirmation=REQUIRED;pr026_ui_complete=false;pr045_batch=B07_SERVICE_ENDPOINT;pr045_machine_evidence=CLOSED;pr045_evidence_paths=docs/99-governance/pr-019-capability-discovery-audit/PR019_ACTIVE_CAPABILITY_CATALOG.json;pr045_human_confirmation=REQUIRED;pr045_ui_complete=false
CAP-28D8F9FFF6BB,Use Canonical Decision,Business or platform capability discovered from useCanonicalDecision in frontend/user-portal-vite/src/hooks/useCanonicalDecision.js,frontend/user-portal-vite/src/hooks/useCanonicalDecision.js::useCanonicalDecision,DISCOVERY_REQUIRED,DISCOVERY_REQUIRED,HTTP_API|JSON,CALCULATED_REAL,USER_OR_ADMIN,CURRENT_FRONTEND,frontend/user-portal-vite/src/hooks/useCanonicalDecision.js,UI_PARTIAL,REAL_LIVE,CANONICAL,frontend/user-portal-vite/src/hooks/useCanonicalDecision.js|docs/99-governance/pr-019-capability-discovery-audit/PR019_ACTIVE_CAPABILITY_CATALOG.json|docs/99-governance/pr-045-p0-batch-07-evidence-closure/PR-045-P0-BATCH-07-EVIDENCE-CLOSURE.md,DISCOVERY_REQUIRED,2026-08-01T09:33:54Z,origin=UNTRACKED;confidence=HIGH;business_keyword_score=3;quality_filtered=true;human_validation=PENDING;full_power_preservation=REQUIRED;pr026_runtime=PENDING;pr026_missing=SOURCE|SERVICE|ENDPOINT|TEST;pr026_human_confirmation=REQUIRED;pr026_ui_complete=false;pr045_batch=B07_SERVICE_ENDPOINT;pr045_machine_evidence=CLOSED;pr045_evidence_paths=docs/99-governance/pr-019-capability-discovery-audit/PR019_ACTIVE_CAPABILITY_CATALOG.json;pr045_human_confirmation=REQUIRED;pr045_ui_complete=false
CAP-3FE052703CF3,Use Completed Decisions V37,Business or platform capability discovered from useCompletedDecisionsV37 in frontend/user-portal-vite/src/hooks/useCompletedDecisionsV37.js,frontend/user-portal-vite/src/hooks/useCompletedDecisionsV37.js::useCompletedDecisionsV37,DISCOVERY_REQUIRED,DISCOVERY_REQUIRED,HTTP_API|JSON,CALCULATED_REAL,USER_OR_ADMIN,CURRENT_FRONTEND,frontend/user-portal-vite/src/hooks/useCompletedDecisionsV37.js,UI_PARTIAL,REAL_LIVE,REVIEW_REQUIRED,frontend/user-portal-vite/src/hooks/useCompletedDecisionsV37.js|docs/99-governance/pr-019-capability-discovery-audit/PR019_ACTIVE_CAPABILITY_CATALOG.json|docs/99-governance/pr-045-p0-batch-07-evidence-closure/PR-045-P0-BATCH-07-EVIDENCE-CLOSURE.md,DISCOVERY_REQUIRED,2026-08-01T09:33:54Z,origin=UNTRACKED;confidence=HIGH;business_keyword_score=3;quality_filtered=true;human_validation=PENDING;full_power_preservation=REQUIRED;pr026_runtime=PENDING;pr026_missing=SOURCE|SERVICE|ENDPOINT|TEST;pr026_human_confirmation=REQUIRED;pr026_ui_complete=false;pr045_batch=B07_SERVICE_ENDPOINT;pr045_machine_evidence=CLOSED;pr045_evidence_paths=docs/99-governance/pr-019-capability-discovery-audit/PR019_ACTIVE_CAPABILITY_CATALOG.json;pr045_human_confirmation=REQUIRED;pr045_ui_complete=false
CAP-40B67109053A,User Key,Business or platform capability discovered from user_key in backend/services/ndsp-trial-clock-v164/server.py,backend/services/ndsp-trial-clock-v164/server.py::user_key,DISCOVERY_REQUIRED,DISCOVERY_REQUIRED,JSON,CALCULATED_REAL,AUTHENTICATED_USER,TRIAL,DISCOVERY_REQUIRED,UI_PARTIAL,REAL_SNAPSHOT,REVIEW_REQUIRED,backend/services/ndsp-trial-clock-v164/server.py|docs/99-governance/pr-019-capability-discovery-audit/PR019_ACTIVE_CAPABILITY_CATALOG.json|docs/99-governance/pr-044-p0-batch-06-evidence-closure/PR-044-P0-BATCH-06-EVIDENCE-CLOSURE.md,DISCOVERY_REQUIRED,2026-08-01T09:26:57Z,origin=UNTRACKED;confidence=HIGH;business_keyword_score=3;quality_filtered=true;human_validation=PENDING;full_power_preservation=REQUIRED;pr026_runtime=PENDING;pr026_missing=SOURCE|SERVICE|ENDPOINT|TEST|UI;pr026_human_confirmation=REQUIRED;pr026_ui_complete=false;pr044_batch=B06_SERVICE_ENDPOINT;pr044_machine_evidence=CLOSED;pr044_evidence_paths=docs/99-governance/pr-019-capability-discovery-audit/PR019_ACTIVE_CAPABILITY_CATALOG.json;pr044_human_confirmation=REQUIRED;pr044_ui_complete=false
CAP-7926D048AA63,User Key,Business or platform capability discovered from user_key in backend/services/ndsp-trial-clock-v163/server.py,backend/services/ndsp-trial-clock-v163/server.py::user_key,DISCOVERY_REQUIRED,DISCOVERY_REQUIRED,JSON,CALCULATED_REAL,AUTHENTICATED_USER,TRIAL,DISCOVERY_REQUIRED,UI_PARTIAL,REAL_SNAPSHOT,REVIEW_REQUIRED,backend/services/ndsp-trial-clock-v163/server.py|docs/99-governance/pr-019-capability-discovery-audit/PR019_ACTIVE_CAPABILITY_CATALOG.json|docs/99-governance/pr-044-p0-batch-06-evidence-closure/PR-044-P0-BATCH-06-EVIDENCE-CLOSURE.md,DISCOVERY_REQUIRED,2026-08-01T09:26:57Z,origin=UNTRACKED;confidence=HIGH;business_keyword_score=3;quality_filtered=true;human_validation=PENDING;full_power_preservation=REQUIRED;pr026_runtime=PENDING;pr026_missing=SOURCE|SERVICE|ENDPOINT|TEST|UI;pr026_human_confirmation=REQUIRED;pr026_ui_complete=false;pr044_batch=B06_SERVICE_ENDPOINT;pr044_machine_evidence=CLOSED;pr044_evidence_paths=docs/99-governance/pr-019-capability-discovery-audit/PR019_ACTIVE_CAPABILITY_CATALOG.json;pr044_human_confirmation=REQUIRED;pr044_ui_complete=false
CAP-1C960FEE24EA,Version Registry,Business or platform capability discovered from version_registry in backend/governance/canonical_v1/version_registry.py,backend/governance/canonical_v1/version_registry.py::version_registry,DISCOVERY_REQUIRED,DISCOVERY_REQUIRED,UNKNOWN,DISCOVERY_REQUIRED,USER_OR_ADMIN,UNMAPPED,DISCOVERY_REQUIRED,SOURCE_IDENTIFIED,UNKNOWN,CANONICAL,backend/governance/canonical_v1/version_registry.py|docs/99-governance/pr-019-capability-discovery-audit/PR019_ACTIVE_CAPABILITY_CATALOG.json|docs/99-governance/pr-037-p0-batch-01-evidence-closure/PR-037-P0-BATCH-01-EVIDENCE-CLOSURE.md,DISCOVERY_REQUIRED,2026-08-01T02:15:15Z,origin=UNTRACKED;confidence=MEDIUM;business_keyword_score=4;quality_filtered=true;human_validation=PENDING;full_power_preservation=REQUIRED;pr026_runtime=PENDING;pr026_missing=SOURCE|SERVICE|ENDPOINT|REAL_DATA|CALCULATION|TEST|UI;pr026_human_confirmation=REQUIRED;pr026_ui_complete=false;pr037_batch=B01_SERVICE_ENDPOINT_REAL_DATA;pr037_machine_evidence=CLOSED;pr037_evidence_paths=docs/99-governance/pr-019-capability-discovery-audit/PR019_ACTIVE_CAPABILITY_CATALOG.json;pr037_human_confirmation=REQUIRED;pr037_ui_complete=false
