review_priority,capability_id,capability_name,capability_kind,source_or_algorithm,runtime_service,endpoint_or_contract,data_state,coverage_state,screen,visible_component,origin_classification,required_review
P0,CAP-F5C8984FC6A0,About,API_ENDPOINT,backend/framework/about/about.cjs,DISCOVERY_REQUIRED,GET /about,REAL_SNAPSHOT,UI_PARTIAL,REGISTER,backend/framework/tests/framework.test.cjs,LOCAL_ONLY,"Validate source, runtime owner, real-data calculation, API contract, role, and UI representation"
P0,CAP-8CF3F7EFFA7B,Account Trial,ALGORITHM_OR_BUSINESS_LOGIC,backend/app/api/v1/frontend_contract.py::account_trial,DISCOVERY_REQUIRED,GET /contract/status|POST /auth/register|POST /auth/login|POST /auth/2fa/verify|POST /auth/magic-link|GET /auth/magic-link/verify|POST /auth/forgot|POST /auth/reset|POST /account/activate|GET /account/trial|GET /packages|GET /me/entitlements|POST /payments/checkout|POST /payments/webhook|GET /me/subscription|GET /markets|GET /assets|GET /assets/{asset_id}/decision|GET /assets/{asset_id}/chart|GET /brief/today|GET /me/watchlist|POST /me/watchlist|DELETE /me/watchlist/{asset_id}|GET /me/dashboard|GET /me/alert-prefs|PUT /me/alert-prefs|POST /me/channels/telegram/link|POST /me/channels/telegram/verify|POST /me/channels/email/test|GET /admin/registrations|POST /admin/registrations/{registration_id}/decision|GET /admin/trials|GET /admin/payments|POST /admin/payments/{payment_id}/approve|POST /admin/payments/{payment_id}/reject|GET /admin/layers|GET /admin/health|GET /contract/status|POST /auth/register|POST /auth/login|POST /auth/2fa/verify|POST /auth/magic-link|GET /auth/magic-link/verify|POST /auth/forgot|POST /auth/reset|POST /account/activate|GET /account/trial|GET /packages|GET /me/entitlements|POST /payments/checkout|POST /payments/webhook|GET /me/subscription|GET /markets|GET /assets|GET /assets/{asset_id}/decision|GET /assets/{asset_id}/chart|GET /brief/today|GET /me/watchlist|POST /me/watchlist|DELETE /me/watchlist/{asset_id}|GET /me/dashboard|GET /me/alert-prefs|PUT /me/alert-prefs|POST /me/channels/telegram/link|POST /me/channels/telegram/verify|POST /me/channels/email/test|GET /admin/registrations|POST /admin/registrations/{registration_id}/decision|GET /admin/trials|GET /admin/payments|POST /admin/payments/{payment_id}/approve|POST /admin/payments/{payment_id}/reject|GET /admin/layers|GET /admin/health,UNKNOWN,UI_PARTIAL,TRIAL,DISCOVERY_REQUIRED,LOCAL_ONLY,"Validate source, runtime owner, real-data calculation, API contract, role, and UI representation"
P0,CAP-E739D717BE35,Admin Health,ALGORITHM_OR_BUSINESS_LOGIC,backend/app/api/v1/frontend_contract.py::admin_health,DISCOVERY_REQUIRED,GET /contract/status|POST /auth/register|POST /auth/login|POST /auth/2fa/verify|POST /auth/magic-link|GET /auth/magic-link/verify|POST /auth/forgot|POST /auth/reset|POST /account/activate|GET /account/trial|GET /packages|GET /me/entitlements|POST /payments/checkout|POST /payments/webhook|GET /me/subscription|GET /markets|GET /assets|GET /assets/{asset_id}/decision|GET /assets/{asset_id}/chart|GET /brief/today|GET /me/watchlist|POST /me/watchlist|DELETE /me/watchlist/{asset_id}|GET /me/dashboard|GET /me/alert-prefs|PUT /me/alert-prefs|POST /me/channels/telegram/link|POST /me/channels/telegram/verify|POST /me/channels/email/test|GET /admin/registrations|POST /admin/registrations/{registration_id}/decision|GET /admin/trials|GET /admin/payments|POST /admin/payments/{payment_id}/approve|POST /admin/payments/{payment_id}/reject|GET /admin/layers|GET /admin/health|GET /contract/status|POST /auth/register|POST /auth/login|POST /auth/2fa/verify|POST /auth/magic-link|GET /auth/magic-link/verify|POST /auth/forgot|POST /auth/reset|POST /account/activate|GET /account/trial|GET /packages|GET /me/entitlements|POST /payments/checkout|POST /payments/webhook|GET /me/subscription|GET /markets|GET /assets|GET /assets/{asset_id}/decision|GET /assets/{asset_id}/chart|GET /brief/today|GET /me/watchlist|POST /me/watchlist|DELETE /me/watchlist/{asset_id}|GET /me/dashboard|GET /me/alert-prefs|PUT /me/alert-prefs|POST /me/channels/telegram/link|POST /me/channels/telegram/verify|POST /me/channels/email/test|GET /admin/registrations|POST /admin/registrations/{registration_id}/decision|GET /admin/trials|GET /admin/payments|POST /admin/payments/{payment_id}/approve|POST /admin/payments/{payment_id}/reject|GET /admin/layers|GET /admin/health,UNKNOWN,UI_PARTIAL,TRIAL,DISCOVERY_REQUIRED,LOCAL_ONLY,"Validate source, runtime owner, real-data calculation, API contract, role, and UI representation"
P0,CAP-A069C614B1B1,Admin Layers,ALGORITHM_OR_BUSINESS_LOGIC,backend/app/api/v1/frontend_contract.py::admin_layers,DISCOVERY_REQUIRED,GET /contract/status|POST /auth/register|POST /auth/login|POST /auth/2fa/verify|POST /auth/magic-link|GET /auth/magic-link/verify|POST /auth/forgot|POST /auth/reset|POST /account/activate|GET /account/trial|GET /packages|GET /me/entitlements|POST /payments/checkout|POST /payments/webhook|GET /me/subscription|GET /markets|GET /assets|GET /assets/{asset_id}/decision|GET /assets/{asset_id}/chart|GET /brief/today|GET /me/watchlist|POST /me/watchlist|DELETE /me/watchlist/{asset_id}|GET /me/dashboard|GET /me/alert-prefs|PUT /me/alert-prefs|POST /me/channels/telegram/link|POST /me/channels/telegram/verify|POST /me/channels/email/test|GET /admin/registrations|POST /admin/registrations/{registration_id}/decision|GET /admin/trials|GET /admin/payments|POST /admin/payments/{payment_id}/approve|POST /admin/payments/{payment_id}/reject|GET /admin/layers|GET /admin/health|GET /contract/status|POST /auth/register|POST /auth/login|POST /auth/2fa/verify|POST /auth/magic-link|GET /auth/magic-link/verify|POST /auth/forgot|POST /auth/reset|POST /account/activate|GET /account/trial|GET /packages|GET /me/entitlements|POST /payments/checkout|POST /payments/webhook|GET /me/subscription|GET /markets|GET /assets|GET /assets/{asset_id}/decision|GET /assets/{asset_id}/chart|GET /brief/today|GET /me/watchlist|POST /me/watchlist|DELETE /me/watchlist/{asset_id}|GET /me/dashboard|GET /me/alert-prefs|PUT /me/alert-prefs|POST /me/channels/telegram/link|POST /me/channels/telegram/verify|POST /me/channels/email/test|GET /admin/registrations|POST /admin/registrations/{registration_id}/decision|GET /admin/trials|GET /admin/payments|POST /admin/payments/{payment_id}/approve|POST /admin/payments/{payment_id}/reject|GET /admin/layers|GET /admin/health,UNKNOWN,UI_PARTIAL,TRIAL,DISCOVERY_REQUIRED,LOCAL_ONLY,"Validate source, runtime owner, real-data calculation, API contract, role, and UI representation"
P0,CAP-6F5DF526EE59,Admin Only,ALGORITHM_OR_BUSINESS_LOGIC,backend/ndsp_admin_ui_proxy.cjs::adminOnly,ndsp-admin-ui-proxy.service,GET /api/admin-ui/health|GET /api/admin-ui/summary|GET /api/admin-ui/users|GET /api/admin-ui/payments|GET /api/admin-ui/trials|GET /api/admin-ui/packages|GET /api/admin-ui/markets|GET /api/admin-ui/alerts|POST /api/admin-ui/alerts/channel|POST /api/admin-ui/alerts/test|GET /api/admin-ui/backups|GET /api/admin-ui/governance|POST /api/admin-ui/action,REAL_SNAPSHOT,UI_PARTIAL,TRIAL,DISCOVERY_REQUIRED,ON_MAIN,"Validate source, runtime owner, real-data calculation, API contract, role, and UI representation"
P0,CAP-B2BAF38F8204,Admin Only,ALGORITHM_OR_BUSINESS_LOGIC,backend/auth_api/ndsp_admin_ui_proxy.cjs::adminOnly,ndsp-admin-ui-proxy.service,GET /api/admin-ui/health|GET /api/admin-ui/summary|GET /api/admin-ui/users|GET /api/admin-ui/payments|GET /api/admin-ui/trials|GET /api/admin-ui/packages|GET /api/admin-ui/markets|GET /api/admin-ui/alerts|POST /api/admin-ui/alerts/channel|POST /api/admin-ui/alerts/test|GET /api/admin-ui/backups|GET /api/admin-ui/governance|POST /api/admin-ui/action,REAL_SNAPSHOT,UI_PARTIAL,TRIAL,DISCOVERY_REQUIRED,LOCAL_ONLY,"Validate source, runtime owner, real-data calculation, API contract, role, and UI representation"
P0,CAP-3FBDCF7CE0E5,Admin Payment Approve,ALGORITHM_OR_BUSINESS_LOGIC,backend/app/api/v1/frontend_contract.py::admin_payment_approve,DISCOVERY_REQUIRED,GET /contract/status|POST /auth/register|POST /auth/login|POST /auth/2fa/verify|POST /auth/magic-link|GET /auth/magic-link/verify|POST /auth/forgot|POST /auth/reset|POST /account/activate|GET /account/trial|GET /packages|GET /me/entitlements|POST /payments/checkout|POST /payments/webhook|GET /me/subscription|GET /markets|GET /assets|GET /assets/{asset_id}/decision|GET /assets/{asset_id}/chart|GET /brief/today|GET /me/watchlist|POST /me/watchlist|DELETE /me/watchlist/{asset_id}|GET /me/dashboard|GET /me/alert-prefs|PUT /me/alert-prefs|POST /me/channels/telegram/link|POST /me/channels/telegram/verify|POST /me/channels/email/test|GET /admin/registrations|POST /admin/registrations/{registration_id}/decision|GET /admin/trials|GET /admin/payments|POST /admin/payments/{payment_id}/approve|POST /admin/payments/{payment_id}/reject|GET /admin/layers|GET /admin/health|GET /contract/status|POST /auth/register|POST /auth/login|POST /auth/2fa/verify|POST /auth/magic-link|GET /auth/magic-link/verify|POST /auth/forgot|POST /auth/reset|POST /account/activate|GET /account/trial|GET /packages|GET /me/entitlements|POST /payments/checkout|POST /payments/webhook|GET /me/subscription|GET /markets|GET /assets|GET /assets/{asset_id}/decision|GET /assets/{asset_id}/chart|GET /brief/today|GET /me/watchlist|POST /me/watchlist|DELETE /me/watchlist/{asset_id}|GET /me/dashboard|GET /me/alert-prefs|PUT /me/alert-prefs|POST /me/channels/telegram/link|POST /me/channels/telegram/verify|POST /me/channels/email/test|GET /admin/registrations|POST /admin/registrations/{registration_id}/decision|GET /admin/trials|GET /admin/payments|POST /admin/payments/{payment_id}/approve|POST /admin/payments/{payment_id}/reject|GET /admin/layers|GET /admin/health,UNKNOWN,UI_PARTIAL,TRIAL,DISCOVERY_REQUIRED,LOCAL_ONLY,"Validate source, runtime owner, real-data calculation, API contract, role, and UI representation"
P0,CAP-531AC9AE3E7D,Admin Payment Reject,ALGORITHM_OR_BUSINESS_LOGIC,backend/app/api/v1/frontend_contract.py::admin_payment_reject,DISCOVERY_REQUIRED,GET /contract/status|POST /auth/register|POST /auth/login|POST /auth/2fa/verify|POST /auth/magic-link|GET /auth/magic-link/verify|POST /auth/forgot|POST /auth/reset|POST /account/activate|GET /account/trial|GET /packages|GET /me/entitlements|POST /payments/checkout|POST /payments/webhook|GET /me/subscription|GET /markets|GET /assets|GET /assets/{asset_id}/decision|GET /assets/{asset_id}/chart|GET /brief/today|GET /me/watchlist|POST /me/watchlist|DELETE /me/watchlist/{asset_id}|GET /me/dashboard|GET /me/alert-prefs|PUT /me/alert-prefs|POST /me/channels/telegram/link|POST /me/channels/telegram/verify|POST /me/channels/email/test|GET /admin/registrations|POST /admin/registrations/{registration_id}/decision|GET /admin/trials|GET /admin/payments|POST /admin/payments/{payment_id}/approve|POST /admin/payments/{payment_id}/reject|GET /admin/layers|GET /admin/health|GET /contract/status|POST /auth/register|POST /auth/login|POST /auth/2fa/verify|POST /auth/magic-link|GET /auth/magic-link/verify|POST /auth/forgot|POST /auth/reset|POST /account/activate|GET /account/trial|GET /packages|GET /me/entitlements|POST /payments/checkout|POST /payments/webhook|GET /me/subscription|GET /markets|GET /assets|GET /assets/{asset_id}/decision|GET /assets/{asset_id}/chart|GET /brief/today|GET /me/watchlist|POST /me/watchlist|DELETE /me/watchlist/{asset_id}|GET /me/dashboard|GET /me/alert-prefs|PUT /me/alert-prefs|POST /me/channels/telegram/link|POST /me/channels/telegram/verify|POST /me/channels/email/test|GET /admin/registrations|POST /admin/registrations/{registration_id}/decision|GET /admin/trials|GET /admin/payments|POST /admin/payments/{payment_id}/approve|POST /admin/payments/{payment_id}/reject|GET /admin/layers|GET /admin/health,UNKNOWN,UI_PARTIAL,TRIAL,DISCOVERY_REQUIRED,LOCAL_ONLY,"Validate source, runtime owner, real-data calculation, API contract, role, and UI representation"
P0,CAP-BE68902B1F61,Admin Payments,ALGORITHM_OR_BUSINESS_LOGIC,backend/app/api/v1/frontend_contract.py::admin_payments,DISCOVERY_REQUIRED,GET /contract/status|POST /auth/register|POST /auth/login|POST /auth/2fa/verify|POST /auth/magic-link|GET /auth/magic-link/verify|POST /auth/forgot|POST /auth/reset|POST /account/activate|GET /account/trial|GET /packages|GET /me/entitlements|POST /payments/checkout|POST /payments/webhook|GET /me/subscription|GET /markets|GET /assets|GET /assets/{asset_id}/decision|GET /assets/{asset_id}/chart|GET /brief/today|GET /me/watchlist|POST /me/watchlist|DELETE /me/watchlist/{asset_id}|GET /me/dashboard|GET /me/alert-prefs|PUT /me/alert-prefs|POST /me/channels/telegram/link|POST /me/channels/telegram/verify|POST /me/channels/email/test|GET /admin/registrations|POST /admin/registrations/{registration_id}/decision|GET /admin/trials|GET /admin/payments|POST /admin/payments/{payment_id}/approve|POST /admin/payments/{payment_id}/reject|GET /admin/layers|GET /admin/health|GET /contract/status|POST /auth/register|POST /auth/login|POST /auth/2fa/verify|POST /auth/magic-link|GET /auth/magic-link/verify|POST /auth/forgot|POST /auth/reset|POST /account/activate|GET /account/trial|GET /packages|GET /me/entitlements|POST /payments/checkout|POST /payments/webhook|GET /me/subscription|GET /markets|GET /assets|GET /assets/{asset_id}/decision|GET /assets/{asset_id}/chart|GET /brief/today|GET /me/watchlist|POST /me/watchlist|DELETE /me/watchlist/{asset_id}|GET /me/dashboard|GET /me/alert-prefs|PUT /me/alert-prefs|POST /me/channels/telegram/link|POST /me/channels/telegram/verify|POST /me/channels/email/test|GET /admin/registrations|POST /admin/registrations/{registration_id}/decision|GET /admin/trials|GET /admin/payments|POST /admin/payments/{payment_id}/approve|POST /admin/payments/{payment_id}/reject|GET /admin/layers|GET /admin/health,UNKNOWN,UI_PARTIAL,TRIAL,DISCOVERY_REQUIRED,LOCAL_ONLY,"Validate source, runtime owner, real-data calculation, API contract, role, and UI representation"
P0,CAP-968B626DE9C3,Admin Registration Decision,ALGORITHM_OR_BUSINESS_LOGIC,backend/app/api/v1/frontend_contract.py::admin_registration_decision,DISCOVERY_REQUIRED,GET /contract/status|POST /auth/register|POST /auth/login|POST /auth/2fa/verify|POST /auth/magic-link|GET /auth/magic-link/verify|POST /auth/forgot|POST /auth/reset|POST /account/activate|GET /account/trial|GET /packages|GET /me/entitlements|POST /payments/checkout|POST /payments/webhook|GET /me/subscription|GET /markets|GET /assets|GET /assets/{asset_id}/decision|GET /assets/{asset_id}/chart|GET /brief/today|GET /me/watchlist|POST /me/watchlist|DELETE /me/watchlist/{asset_id}|GET /me/dashboard|GET /me/alert-prefs|PUT /me/alert-prefs|POST /me/channels/telegram/link|POST /me/channels/telegram/verify|POST /me/channels/email/test|GET /admin/registrations|POST /admin/registrations/{registration_id}/decision|GET /admin/trials|GET /admin/payments|POST /admin/payments/{payment_id}/approve|POST /admin/payments/{payment_id}/reject|GET /admin/layers|GET /admin/health|GET /contract/status|POST /auth/register|POST /auth/login|POST /auth/2fa/verify|POST /auth/magic-link|GET /auth/magic-link/verify|POST /auth/forgot|POST /auth/reset|POST /account/activate|GET /account/trial|GET /packages|GET /me/entitlements|POST /payments/checkout|POST /payments/webhook|GET /me/subscription|GET /markets|GET /assets|GET /assets/{asset_id}/decision|GET /assets/{asset_id}/chart|GET /brief/today|GET /me/watchlist|POST /me/watchlist|DELETE /me/watchlist/{asset_id}|GET /me/dashboard|GET /me/alert-prefs|PUT /me/alert-prefs|POST /me/channels/telegram/link|POST /me/channels/telegram/verify|POST /me/channels/email/test|GET /admin/registrations|POST /admin/registrations/{registration_id}/decision|GET /admin/trials|GET /admin/payments|POST /admin/payments/{payment_id}/approve|POST /admin/payments/{payment_id}/reject|GET /admin/layers|GET /admin/health,UNKNOWN,UI_PARTIAL,TRIAL,DISCOVERY_REQUIRED,LOCAL_ONLY,"Validate source, runtime owner, real-data calculation, API contract, role, and UI representation"
P0,CAP-38A2585A38E0,Admin Registrations,ALGORITHM_OR_BUSINESS_LOGIC,backend/app/api/v1/frontend_contract.py::admin_registrations,DISCOVERY_REQUIRED,GET /contract/status|POST /auth/register|POST /auth/login|POST /auth/2fa/verify|POST /auth/magic-link|GET /auth/magic-link/verify|POST /auth/forgot|POST /auth/reset|POST /account/activate|GET /account/trial|GET /packages|GET /me/entitlements|POST /payments/checkout|POST /payments/webhook|GET /me/subscription|GET /markets|GET /assets|GET /assets/{asset_id}/decision|GET /assets/{asset_id}/chart|GET /brief/today|GET /me/watchlist|POST /me/watchlist|DELETE /me/watchlist/{asset_id}|GET /me/dashboard|GET /me/alert-prefs|PUT /me/alert-prefs|POST /me/channels/telegram/link|POST /me/channels/telegram/verify|POST /me/channels/email/test|GET /admin/registrations|POST /admin/registrations/{registration_id}/decision|GET /admin/trials|GET /admin/payments|POST /admin/payments/{payment_id}/approve|POST /admin/payments/{payment_id}/reject|GET /admin/layers|GET /admin/health|GET /contract/status|POST /auth/register|POST /auth/login|POST /auth/2fa/verify|POST /auth/magic-link|GET /auth/magic-link/verify|POST /auth/forgot|POST /auth/reset|POST /account/activate|GET /account/trial|GET /packages|GET /me/entitlements|POST /payments/checkout|POST /payments/webhook|GET /me/subscription|GET /markets|GET /assets|GET /assets/{asset_id}/decision|GET /assets/{asset_id}/chart|GET /brief/today|GET /me/watchlist|POST /me/watchlist|DELETE /me/watchlist/{asset_id}|GET /me/dashboard|GET /me/alert-prefs|PUT /me/alert-prefs|POST /me/channels/telegram/link|POST /me/channels/telegram/verify|POST /me/channels/email/test|GET /admin/registrations|POST /admin/registrations/{registration_id}/decision|GET /admin/trials|GET /admin/payments|POST /admin/payments/{payment_id}/approve|POST /admin/payments/{payment_id}/reject|GET /admin/layers|GET /admin/health,UNKNOWN,UI_PARTIAL,TRIAL,DISCOVERY_REQUIRED,LOCAL_ONLY,"Validate source, runtime owner, real-data calculation, API contract, role, and UI representation"
P0,CAP-ED7AC36DD2F2,Admin Trials,ALGORITHM_OR_BUSINESS_LOGIC,backend/app/api/v1/frontend_contract.py::admin_trials,DISCOVERY_REQUIRED,GET /contract/status|POST /auth/register|POST /auth/login|POST /auth/2fa/verify|POST /auth/magic-link|GET /auth/magic-link/verify|POST /auth/forgot|POST /auth/reset|POST /account/activate|GET /account/trial|GET /packages|GET /me/entitlements|POST /payments/checkout|POST /payments/webhook|GET /me/subscription|GET /markets|GET /assets|GET /assets/{asset_id}/decision|GET /assets/{asset_id}/chart|GET /brief/today|GET /me/watchlist|POST /me/watchlist|DELETE /me/watchlist/{asset_id}|GET /me/dashboard|GET /me/alert-prefs|PUT /me/alert-prefs|POST /me/channels/telegram/link|POST /me/channels/telegram/verify|POST /me/channels/email/test|GET /admin/registrations|POST /admin/registrations/{registration_id}/decision|GET /admin/trials|GET /admin/payments|POST /admin/payments/{payment_id}/approve|POST /admin/payments/{payment_id}/reject|GET /admin/layers|GET /admin/health|GET /contract/status|POST /auth/register|POST /auth/login|POST /auth/2fa/verify|POST /auth/magic-link|GET /auth/magic-link/verify|POST /auth/forgot|POST /auth/reset|POST /account/activate|GET /account/trial|GET /packages|GET /me/entitlements|POST /payments/checkout|POST /payments/webhook|GET /me/subscription|GET /markets|GET /assets|GET /assets/{asset_id}/decision|GET /assets/{asset_id}/chart|GET /brief/today|GET /me/watchlist|POST /me/watchlist|DELETE /me/watchlist/{asset_id}|GET /me/dashboard|GET /me/alert-prefs|PUT /me/alert-prefs|POST /me/channels/telegram/link|POST /me/channels/telegram/verify|POST /me/channels/email/test|GET /admin/registrations|POST /admin/registrations/{registration_id}/decision|GET /admin/trials|GET /admin/payments|POST /admin/payments/{payment_id}/approve|POST /admin/payments/{payment_id}/reject|GET /admin/layers|GET /admin/health,UNKNOWN,UI_PARTIAL,TRIAL,DISCOVERY_REQUIRED,LOCAL_ONLY,"Validate source, runtime owner, real-data calculation, API contract, role, and UI representation"
P0,CAP-E668719D9AD9,Alert Prefs Get,ALGORITHM_OR_BUSINESS_LOGIC,backend/app/api/compat/user_operational_compat.py::alert_prefs_get,DISCOVERY_REQUIRED,GET /api/ndsp/compat/health|POST /api/trial/register|POST /api/v1/trial/register|POST /api/trial/request|POST /api/auth/register-trial|POST /api/auth/activate|GET /api/auth/activate|GET /api/v6/payments/nowpayments/subscription/status|GET /api/payments/nowpayments/subscription/status|POST /api/v6/payments/nowpayments/subscription/create|POST /api/payments/nowpayments/subscription/create|GET /api/user/alert-preferences|POST /api/user/alert-preferences|POST /api/telegram/link/start|POST /api/telegram/link/verify|POST /api/alerts/email/test|GET /api/ndsp/compat/health|POST /api/trial/register|POST /api/v1/trial/register|POST /api/trial/request|POST /api/auth/register-trial|POST /api/auth/activate|GET /api/auth/activate|GET /api/v6/payments/nowpayments/subscription/status|GET /api/payments/nowpayments/subscription/status|POST /api/v6/payments/nowpayments/subscription/create|POST /api/payments/nowpayments/subscription/create|GET /api/user/alert-preferences|POST /api/user/alert-preferences|POST /api/telegram/link/start|POST /api/telegram/link/verify|POST /api/alerts/email/test,REAL_SNAPSHOT,UI_PARTIAL,TRIAL,DISCOVERY_REQUIRED,LOCAL_ONLY,"Validate source, runtime owner, real-data calculation, API contract, role, and UI representation"
P0,CAP-606E55E95DA2,Alert Prefs Payload,ALGORITHM_OR_BUSINESS_LOGIC,backend/app/api/v1/frontend_contract.py::AlertPrefsPayload,DISCOVERY_REQUIRED,GET /contract/status|POST /auth/register|POST /auth/login|POST /auth/2fa/verify|POST /auth/magic-link|GET /auth/magic-link/verify|POST /auth/forgot|POST /auth/reset|POST /account/activate|GET /account/trial|GET /packages|GET /me/entitlements|POST /payments/checkout|POST /payments/webhook|GET /me/subscription|GET /markets|GET /assets|GET /assets/{asset_id}/decision|GET /assets/{asset_id}/chart|GET /brief/today|GET /me/watchlist|POST /me/watchlist|DELETE /me/watchlist/{asset_id}|GET /me/dashboard|GET /me/alert-prefs|PUT /me/alert-prefs|POST /me/channels/telegram/link|POST /me/channels/telegram/verify|POST /me/channels/email/test|GET /admin/registrations|POST /admin/registrations/{registration_id}/decision|GET /admin/trials|GET /admin/payments|POST /admin/payments/{payment_id}/approve|POST /admin/payments/{payment_id}/reject|GET /admin/layers|GET /admin/health|GET /contract/status|POST /auth/register|POST /auth/login|POST /auth/2fa/verify|POST /auth/magic-link|GET /auth/magic-link/verify|POST /auth/forgot|POST /auth/reset|POST /account/activate|GET /account/trial|GET /packages|GET /me/entitlements|POST /payments/checkout|POST /payments/webhook|GET /me/subscription|GET /markets|GET /assets|GET /assets/{asset_id}/decision|GET /assets/{asset_id}/chart|GET /brief/today|GET /me/watchlist|POST /me/watchlist|DELETE /me/watchlist/{asset_id}|GET /me/dashboard|GET /me/alert-prefs|PUT /me/alert-prefs|POST /me/channels/telegram/link|POST /me/channels/telegram/verify|POST /me/channels/email/test|GET /admin/registrations|POST /admin/registrations/{registration_id}/decision|GET /admin/trials|GET /admin/payments|POST /admin/payments/{payment_id}/approve|POST /admin/payments/{payment_id}/reject|GET /admin/layers|GET /admin/health,UNKNOWN,UI_PARTIAL,TRIAL,DISCOVERY_REQUIRED,LOCAL_ONLY,"Validate source, runtime owner, real-data calculation, API contract, role, and UI representation"
P0,CAP-70F625B28F63,Alert Prefs Post,ALGORITHM_OR_BUSINESS_LOGIC,backend/app/api/compat/user_operational_compat.py::alert_prefs_post,DISCOVERY_REQUIRED,GET /api/ndsp/compat/health|POST /api/trial/register|POST /api/v1/trial/register|POST /api/trial/request|POST /api/auth/register-trial|POST /api/auth/activate|GET /api/auth/activate|GET /api/v6/payments/nowpayments/subscription/status|GET /api/payments/nowpayments/subscription/status|POST /api/v6/payments/nowpayments/subscription/create|POST /api/payments/nowpayments/subscription/create|GET /api/user/alert-preferences|POST /api/user/alert-preferences|POST /api/telegram/link/start|POST /api/telegram/link/verify|POST /api/alerts/email/test|GET /api/ndsp/compat/health|POST /api/trial/register|POST /api/v1/trial/register|POST /api/trial/request|POST /api/auth/register-trial|POST /api/auth/activate|GET /api/auth/activate|GET /api/v6/payments/nowpayments/subscription/status|GET /api/payments/nowpayments/subscription/status|POST /api/v6/payments/nowpayments/subscription/create|POST /api/payments/nowpayments/subscription/create|GET /api/user/alert-preferences|POST /api/user/alert-preferences|POST /api/telegram/link/start|POST /api/telegram/link/verify|POST /api/alerts/email/test,REAL_SNAPSHOT,UI_PARTIAL,TRIAL,DISCOVERY_REQUIRED,LOCAL_ONLY,"Validate source, runtime owner, real-data calculation, API contract, role, and UI representation"
P0,CAP-2B9AC68DB1D6,Assert No Decision Mutation,ALGORITHM_OR_BUSINESS_LOGIC,backend/app/support_layers/scenario/scenario_engine.py::assert_no_decision_mutation,DISCOVERY_REQUIRED,DISCOVERY_REQUIRED,UNKNOWN,UI_PARTIAL,ADMIN,DISCOVERY_REQUIRED,LOCAL_ONLY,"Validate source, runtime owner, real-data calculation, API contract, role, and UI representation"
P0,CAP-798893D4D6E0,Asset Decision,ALGORITHM_OR_BUSINESS_LOGIC,backend/app/api/v1/frontend_contract.py::asset_decision,DISCOVERY_REQUIRED,GET /contract/status|POST /auth/register|POST /auth/login|POST /auth/2fa/verify|POST /auth/magic-link|GET /auth/magic-link/verify|POST /auth/forgot|POST /auth/reset|POST /account/activate|GET /account/trial|GET /packages|GET /me/entitlements|POST /payments/checkout|POST /payments/webhook|GET /me/subscription|GET /markets|GET /assets|GET /assets/{asset_id}/decision|GET /assets/{asset_id}/chart|GET /brief/today|GET /me/watchlist|POST /me/watchlist|DELETE /me/watchlist/{asset_id}|GET /me/dashboard|GET /me/alert-prefs|PUT /me/alert-prefs|POST /me/channels/telegram/link|POST /me/channels/telegram/verify|POST /me/channels/email/test|GET /admin/registrations|POST /admin/registrations/{registration_id}/decision|GET /admin/trials|GET /admin/payments|POST /admin/payments/{payment_id}/approve|POST /admin/payments/{payment_id}/reject|GET /admin/layers|GET /admin/health|GET /contract/status|POST /auth/register|POST /auth/login|POST /auth/2fa/verify|POST /auth/magic-link|GET /auth/magic-link/verify|POST /auth/forgot|POST /auth/reset|POST /account/activate|GET /account/trial|GET /packages|GET /me/entitlements|POST /payments/checkout|POST /payments/webhook|GET /me/subscription|GET /markets|GET /assets|GET /assets/{asset_id}/decision|GET /assets/{asset_id}/chart|GET /brief/today|GET /me/watchlist|POST /me/watchlist|DELETE /me/watchlist/{asset_id}|GET /me/dashboard|GET /me/alert-prefs|PUT /me/alert-prefs|POST /me/channels/telegram/link|POST /me/channels/telegram/verify|POST /me/channels/email/test|GET /admin/registrations|POST /admin/registrations/{registration_id}/decision|GET /admin/trials|GET /admin/payments|POST /admin/payments/{payment_id}/approve|POST /admin/payments/{payment_id}/reject|GET /admin/layers|GET /admin/health,UNKNOWN,UI_PARTIAL,TRIAL,DISCOVERY_REQUIRED,LOCAL_ONLY,"Validate source, runtime owner, real-data calculation, API contract, role, and UI representation"
P0,CAP-805630C7C819,Attach Report,ALGORITHM_OR_BUSINESS_LOGIC,backend/app/support_layers/scenario/scenario_engine.py::attach_report,DISCOVERY_REQUIRED,DISCOVERY_REQUIRED,UNKNOWN,UI_PARTIAL,ADMIN,DISCOVERY_REQUIRED,LOCAL_ONLY,"Validate source, runtime owner, real-data calculation, API contract, role, and UI representation"
P0,CAP-170A28FFB0E7,Auth,ALGORITHM_OR_BUSINESS_LOGIC,backend/ndsp_admin_ui_proxy.cjs::auth,ndsp-admin-ui-proxy.service,GET /api/admin-ui/health|GET /api/admin-ui/summary|GET /api/admin-ui/users|GET /api/admin-ui/payments|GET /api/admin-ui/trials|GET /api/admin-ui/packages|GET /api/admin-ui/markets|GET /api/admin-ui/alerts|POST /api/admin-ui/alerts/channel|POST /api/admin-ui/alerts/test|GET /api/admin-ui/backups|GET /api/admin-ui/governance|POST /api/admin-ui/action,REAL_SNAPSHOT,UI_PARTIAL,TRIAL,DISCOVERY_REQUIRED,ON_MAIN,"Validate source, runtime owner, real-data calculation, API contract, role, and UI representation"
P0,CAP-ED8397248098,Auth,ALGORITHM_OR_BUSINESS_LOGIC,backend/auth_api/ndsp_admin_ui_proxy.cjs::auth,ndsp-admin-ui-proxy.service,GET /api/admin-ui/health|GET /api/admin-ui/summary|GET /api/admin-ui/users|GET /api/admin-ui/payments|GET /api/admin-ui/trials|GET /api/admin-ui/packages|GET /api/admin-ui/markets|GET /api/admin-ui/alerts|POST /api/admin-ui/alerts/channel|POST /api/admin-ui/alerts/test|GET /api/admin-ui/backups|GET /api/admin-ui/governance|POST /api/admin-ui/action,REAL_SNAPSHOT,UI_PARTIAL,TRIAL,DISCOVERY_REQUIRED,LOCAL_ONLY,"Validate source, runtime owner, real-data calculation, API contract, role, and UI representation"
P0,CAP-63C8FEAE8B5B,Auth 2Fa Verify,ALGORITHM_OR_BUSINESS_LOGIC,backend/app/api/v1/frontend_contract.py::auth_2fa_verify,DISCOVERY_REQUIRED,GET /contract/status|POST /auth/register|POST /auth/login|POST /auth/2fa/verify|POST /auth/magic-link|GET /auth/magic-link/verify|POST /auth/forgot|POST /auth/reset|POST /account/activate|GET /account/trial|GET /packages|GET /me/entitlements|POST /payments/checkout|POST /payments/webhook|GET /me/subscription|GET /markets|GET /assets|GET /assets/{asset_id}/decision|GET /assets/{asset_id}/chart|GET /brief/today|GET /me/watchlist|POST /me/watchlist|DELETE /me/watchlist/{asset_id}|GET /me/dashboard|GET /me/alert-prefs|PUT /me/alert-prefs|POST /me/channels/telegram/link|POST /me/channels/telegram/verify|POST /me/channels/email/test|GET /admin/registrations|POST /admin/registrations/{registration_id}/decision|GET /admin/trials|GET /admin/payments|POST /admin/payments/{payment_id}/approve|POST /admin/payments/{payment_id}/reject|GET /admin/layers|GET /admin/health|GET /contract/status|POST /auth/register|POST /auth/login|POST /auth/2fa/verify|POST /auth/magic-link|GET /auth/magic-link/verify|POST /auth/forgot|POST /auth/reset|POST /account/activate|GET /account/trial|GET /packages|GET /me/entitlements|POST /payments/checkout|POST /payments/webhook|GET /me/subscription|GET /markets|GET /assets|GET /assets/{asset_id}/decision|GET /assets/{asset_id}/chart|GET /brief/today|GET /me/watchlist|POST /me/watchlist|DELETE /me/watchlist/{asset_id}|GET /me/dashboard|GET /me/alert-prefs|PUT /me/alert-prefs|POST /me/channels/telegram/link|POST /me/channels/telegram/verify|POST /me/channels/email/test|GET /admin/registrations|POST /admin/registrations/{registration_id}/decision|GET /admin/trials|GET /admin/payments|POST /admin/payments/{payment_id}/approve|POST /admin/payments/{payment_id}/reject|GET /admin/layers|GET /admin/health,UNKNOWN,UI_PARTIAL,TRIAL,DISCOVERY_REQUIRED,LOCAL_ONLY,"Validate source, runtime owner, real-data calculation, API contract, role, and UI representation"
P0,CAP-538062400EBA,Auth Forgot,ALGORITHM_OR_BUSINESS_LOGIC,backend/app/api/v1/frontend_contract.py::auth_forgot,DISCOVERY_REQUIRED,GET /contract/status|POST /auth/register|POST /auth/login|POST /auth/2fa/verify|POST /auth/magic-link|GET /auth/magic-link/verify|POST /auth/forgot|POST /auth/reset|POST /account/activate|GET /account/trial|GET /packages|GET /me/entitlements|POST /payments/checkout|POST /payments/webhook|GET /me/subscription|GET /markets|GET /assets|GET /assets/{asset_id}/decision|GET /assets/{asset_id}/chart|GET /brief/today|GET /me/watchlist|POST /me/watchlist|DELETE /me/watchlist/{asset_id}|GET /me/dashboard|GET /me/alert-prefs|PUT /me/alert-prefs|POST /me/channels/telegram/link|POST /me/channels/telegram/verify|POST /me/channels/email/test|GET /admin/registrations|POST /admin/registrations/{registration_id}/decision|GET /admin/trials|GET /admin/payments|POST /admin/payments/{payment_id}/approve|POST /admin/payments/{payment_id}/reject|GET /admin/layers|GET /admin/health|GET /contract/status|POST /auth/register|POST /auth/login|POST /auth/2fa/verify|POST /auth/magic-link|GET /auth/magic-link/verify|POST /auth/forgot|POST /auth/reset|POST /account/activate|GET /account/trial|GET /packages|GET /me/entitlements|POST /payments/checkout|POST /payments/webhook|GET /me/subscription|GET /markets|GET /assets|GET /assets/{asset_id}/decision|GET /assets/{asset_id}/chart|GET /brief/today|GET /me/watchlist|POST /me/watchlist|DELETE /me/watchlist/{asset_id}|GET /me/dashboard|GET /me/alert-prefs|PUT /me/alert-prefs|POST /me/channels/telegram/link|POST /me/channels/telegram/verify|POST /me/channels/email/test|GET /admin/registrations|POST /admin/registrations/{registration_id}/decision|GET /admin/trials|GET /admin/payments|POST /admin/payments/{payment_id}/approve|POST /admin/payments/{payment_id}/reject|GET /admin/layers|GET /admin/health,UNKNOWN,UI_PARTIAL,TRIAL,DISCOVERY_REQUIRED,LOCAL_ONLY,"Validate source, runtime owner, real-data calculation, API contract, role, and UI representation"
P0,CAP-DA1498962CCC,Auth Login,ALGORITHM_OR_BUSINESS_LOGIC,backend/app/api/v1/frontend_contract.py::auth_login,DISCOVERY_REQUIRED,GET /contract/status|POST /auth/register|POST /auth/login|POST /auth/2fa/verify|POST /auth/magic-link|GET /auth/magic-link/verify|POST /auth/forgot|POST /auth/reset|POST /account/activate|GET /account/trial|GET /packages|GET /me/entitlements|POST /payments/checkout|POST /payments/webhook|GET /me/subscription|GET /markets|GET /assets|GET /assets/{asset_id}/decision|GET /assets/{asset_id}/chart|GET /brief/today|GET /me/watchlist|POST /me/watchlist|DELETE /me/watchlist/{asset_id}|GET /me/dashboard|GET /me/alert-prefs|PUT /me/alert-prefs|POST /me/channels/telegram/link|POST /me/channels/telegram/verify|POST /me/channels/email/test|GET /admin/registrations|POST /admin/registrations/{registration_id}/decision|GET /admin/trials|GET /admin/payments|POST /admin/payments/{payment_id}/approve|POST /admin/payments/{payment_id}/reject|GET /admin/layers|GET /admin/health|GET /contract/status|POST /auth/register|POST /auth/login|POST /auth/2fa/verify|POST /auth/magic-link|GET /auth/magic-link/verify|POST /auth/forgot|POST /auth/reset|POST /account/activate|GET /account/trial|GET /packages|GET /me/entitlements|POST /payments/checkout|POST /payments/webhook|GET /me/subscription|GET /markets|GET /assets|GET /assets/{asset_id}/decision|GET /assets/{asset_id}/chart|GET /brief/today|GET /me/watchlist|POST /me/watchlist|DELETE /me/watchlist/{asset_id}|GET /me/dashboard|GET /me/alert-prefs|PUT /me/alert-prefs|POST /me/channels/telegram/link|POST /me/channels/telegram/verify|POST /me/channels/email/test|GET /admin/registrations|POST /admin/registrations/{registration_id}/decision|GET /admin/trials|GET /admin/payments|POST /admin/payments/{payment_id}/approve|POST /admin/payments/{payment_id}/reject|GET /admin/layers|GET /admin/health,UNKNOWN,UI_PARTIAL,TRIAL,DISCOVERY_REQUIRED,LOCAL_ONLY,"Validate source, runtime owner, real-data calculation, API contract, role, and UI representation"
P0,CAP-81A7994FF55D,Auth Magic Link,ALGORITHM_OR_BUSINESS_LOGIC,backend/app/api/v1/frontend_contract.py::auth_magic_link,DISCOVERY_REQUIRED,GET /contract/status|POST /auth/register|POST /auth/login|POST /auth/2fa/verify|POST /auth/magic-link|GET /auth/magic-link/verify|POST /auth/forgot|POST /auth/reset|POST /account/activate|GET /account/trial|GET /packages|GET /me/entitlements|POST /payments/checkout|POST /payments/webhook|GET /me/subscription|GET /markets|GET /assets|GET /assets/{asset_id}/decision|GET /assets/{asset_id}/chart|GET /brief/today|GET /me/watchlist|POST /me/watchlist|DELETE /me/watchlist/{asset_id}|GET /me/dashboard|GET /me/alert-prefs|PUT /me/alert-prefs|POST /me/channels/telegram/link|POST /me/channels/telegram/verify|POST /me/channels/email/test|GET /admin/registrations|POST /admin/registrations/{registration_id}/decision|GET /admin/trials|GET /admin/payments|POST /admin/payments/{payment_id}/approve|POST /admin/payments/{payment_id}/reject|GET /admin/layers|GET /admin/health|GET /contract/status|POST /auth/register|POST /auth/login|POST /auth/2fa/verify|POST /auth/magic-link|GET /auth/magic-link/verify|POST /auth/forgot|POST /auth/reset|POST /account/activate|GET /account/trial|GET /packages|GET /me/entitlements|POST /payments/checkout|POST /payments/webhook|GET /me/subscription|GET /markets|GET /assets|GET /assets/{asset_id}/decision|GET /assets/{asset_id}/chart|GET /brief/today|GET /me/watchlist|POST /me/watchlist|DELETE /me/watchlist/{asset_id}|GET /me/dashboard|GET /me/alert-prefs|PUT /me/alert-prefs|POST /me/channels/telegram/link|POST /me/channels/telegram/verify|POST /me/channels/email/test|GET /admin/registrations|POST /admin/registrations/{registration_id}/decision|GET /admin/trials|GET /admin/payments|POST /admin/payments/{payment_id}/approve|POST /admin/payments/{payment_id}/reject|GET /admin/layers|GET /admin/health,UNKNOWN,UI_PARTIAL,TRIAL,DISCOVERY_REQUIRED,LOCAL_ONLY,"Validate source, runtime owner, real-data calculation, API contract, role, and UI representation"
P0,CAP-D2D57F714E79,Auth Magic Link Verify,ALGORITHM_OR_BUSINESS_LOGIC,backend/app/api/v1/frontend_contract.py::auth_magic_link_verify,DISCOVERY_REQUIRED,GET /contract/status|POST /auth/register|POST /auth/login|POST /auth/2fa/verify|POST /auth/magic-link|GET /auth/magic-link/verify|POST /auth/forgot|POST /auth/reset|POST /account/activate|GET /account/trial|GET /packages|GET /me/entitlements|POST /payments/checkout|POST /payments/webhook|GET /me/subscription|GET /markets|GET /assets|GET /assets/{asset_id}/decision|GET /assets/{asset_id}/chart|GET /brief/today|GET /me/watchlist|POST /me/watchlist|DELETE /me/watchlist/{asset_id}|GET /me/dashboard|GET /me/alert-prefs|PUT /me/alert-prefs|POST /me/channels/telegram/link|POST /me/channels/telegram/verify|POST /me/channels/email/test|GET /admin/registrations|POST /admin/registrations/{registration_id}/decision|GET /admin/trials|GET /admin/payments|POST /admin/payments/{payment_id}/approve|POST /admin/payments/{payment_id}/reject|GET /admin/layers|GET /admin/health|GET /contract/status|POST /auth/register|POST /auth/login|POST /auth/2fa/verify|POST /auth/magic-link|GET /auth/magic-link/verify|POST /auth/forgot|POST /auth/reset|POST /account/activate|GET /account/trial|GET /packages|GET /me/entitlements|POST /payments/checkout|POST /payments/webhook|GET /me/subscription|GET /markets|GET /assets|GET /assets/{asset_id}/decision|GET /assets/{asset_id}/chart|GET /brief/today|GET /me/watchlist|POST /me/watchlist|DELETE /me/watchlist/{asset_id}|GET /me/dashboard|GET /me/alert-prefs|PUT /me/alert-prefs|POST /me/channels/telegram/link|POST /me/channels/telegram/verify|POST /me/channels/email/test|GET /admin/registrations|POST /admin/registrations/{registration_id}/decision|GET /admin/trials|GET /admin/payments|POST /admin/payments/{payment_id}/approve|POST /admin/payments/{payment_id}/reject|GET /admin/layers|GET /admin/health,UNKNOWN,UI_PARTIAL,TRIAL,DISCOVERY_REQUIRED,LOCAL_ONLY,"Validate source, runtime owner, real-data calculation, API contract, role, and UI representation"
P0,CAP-438A6D14BFBB,Auth Optional,ALGORITHM_OR_BUSINESS_LOGIC,backend/ndsp_api_compat_gateway.cjs::authOptional,ndsp-api-compat.service,GET /health|GET /api/account/trial|GET /api/packages|GET /api/markets|GET /api/alerts/status|GET /api/payments/status,REAL_SNAPSHOT,UI_PARTIAL,TRIAL,DISCOVERY_REQUIRED,ON_MAIN,"Validate source, runtime owner, real-data calculation, API contract, role, and UI representation"
P0,CAP-DECAE45DE878,Auth Optional,ALGORITHM_OR_BUSINESS_LOGIC,backend/auth_api/ndsp_api_compat_gateway.cjs::authOptional,ndsp-api-compat.service,GET /health|GET /api/account/trial|GET /api/packages|GET /api/markets|GET /api/alerts/status|GET /api/payments/status,REAL_SNAPSHOT,UI_PARTIAL,TRIAL,DISCOVERY_REQUIRED,LOCAL_ONLY,"Validate source, runtime owner, real-data calculation, API contract, role, and UI representation"
P0,CAP-367A94FB6D59,Auth Register,ALGORITHM_OR_BUSINESS_LOGIC,backend/app/api/v1/frontend_contract.py::auth_register,DISCOVERY_REQUIRED,GET /contract/status|POST /auth/register|POST /auth/login|POST /auth/2fa/verify|POST /auth/magic-link|GET /auth/magic-link/verify|POST /auth/forgot|POST /auth/reset|POST /account/activate|GET /account/trial|GET /packages|GET /me/entitlements|POST /payments/checkout|POST /payments/webhook|GET /me/subscription|GET /markets|GET /assets|GET /assets/{asset_id}/decision|GET /assets/{asset_id}/chart|GET /brief/today|GET /me/watchlist|POST /me/watchlist|DELETE /me/watchlist/{asset_id}|GET /me/dashboard|GET /me/alert-prefs|PUT /me/alert-prefs|POST /me/channels/telegram/link|POST /me/channels/telegram/verify|POST /me/channels/email/test|GET /admin/registrations|POST /admin/registrations/{registration_id}/decision|GET /admin/trials|GET /admin/payments|POST /admin/payments/{payment_id}/approve|POST /admin/payments/{payment_id}/reject|GET /admin/layers|GET /admin/health|GET /contract/status|POST /auth/register|POST /auth/login|POST /auth/2fa/verify|POST /auth/magic-link|GET /auth/magic-link/verify|POST /auth/forgot|POST /auth/reset|POST /account/activate|GET /account/trial|GET /packages|GET /me/entitlements|POST /payments/checkout|POST /payments/webhook|GET /me/subscription|GET /markets|GET /assets|GET /assets/{asset_id}/decision|GET /assets/{asset_id}/chart|GET /brief/today|GET /me/watchlist|POST /me/watchlist|DELETE /me/watchlist/{asset_id}|GET /me/dashboard|GET /me/alert-prefs|PUT /me/alert-prefs|POST /me/channels/telegram/link|POST /me/channels/telegram/verify|POST /me/channels/email/test|GET /admin/registrations|POST /admin/registrations/{registration_id}/decision|GET /admin/trials|GET /admin/payments|POST /admin/payments/{payment_id}/approve|POST /admin/payments/{payment_id}/reject|GET /admin/layers|GET /admin/health,UNKNOWN,UI_PARTIAL,TRIAL,DISCOVERY_REQUIRED,LOCAL_ONLY,"Validate source, runtime owner, real-data calculation, API contract, role, and UI representation"
P0,CAP-7E1F66F717A1,Auth Required,ALGORITHM_OR_BUSINESS_LOGIC,backend/auth_api/ndsp_api_compat_gateway.cjs::authRequired,ndsp-api-compat.service,GET /health|GET /api/account/trial|GET /api/packages|GET /api/markets|GET /api/alerts/status|GET /api/payments/status,REAL_SNAPSHOT,UI_PARTIAL,TRIAL,DISCOVERY_REQUIRED,LOCAL_ONLY,"Validate source, runtime owner, real-data calculation, API contract, role, and UI representation"
P0,CAP-A231BBA8D29D,Auth Required,ALGORITHM_OR_BUSINESS_LOGIC,backend/ndsp_api_compat_gateway.cjs::authRequired,ndsp-api-compat.service,GET /health|GET /api/account/trial|GET /api/packages|GET /api/markets|GET /api/alerts/status|GET /api/payments/status,REAL_SNAPSHOT,UI_PARTIAL,TRIAL,DISCOVERY_REQUIRED,ON_MAIN,"Validate source, runtime owner, real-data calculation, API contract, role, and UI representation"
P0,CAP-235EF538DEF9,Auth Reset,ALGORITHM_OR_BUSINESS_LOGIC,backend/app/api/v1/frontend_contract.py::auth_reset,DISCOVERY_REQUIRED,GET /contract/status|POST /auth/register|POST /auth/login|POST /auth/2fa/verify|POST /auth/magic-link|GET /auth/magic-link/verify|POST /auth/forgot|POST /auth/reset|POST /account/activate|GET /account/trial|GET /packages|GET /me/entitlements|POST /payments/checkout|POST /payments/webhook|GET /me/subscription|GET /markets|GET /assets|GET /assets/{asset_id}/decision|GET /assets/{asset_id}/chart|GET /brief/today|GET /me/watchlist|POST /me/watchlist|DELETE /me/watchlist/{asset_id}|GET /me/dashboard|GET /me/alert-prefs|PUT /me/alert-prefs|POST /me/channels/telegram/link|POST /me/channels/telegram/verify|POST /me/channels/email/test|GET /admin/registrations|POST /admin/registrations/{registration_id}/decision|GET /admin/trials|GET /admin/payments|POST /admin/payments/{payment_id}/approve|POST /admin/payments/{payment_id}/reject|GET /admin/layers|GET /admin/health|GET /contract/status|POST /auth/register|POST /auth/login|POST /auth/2fa/verify|POST /auth/magic-link|GET /auth/magic-link/verify|POST /auth/forgot|POST /auth/reset|POST /account/activate|GET /account/trial|GET /packages|GET /me/entitlements|POST /payments/checkout|POST /payments/webhook|GET /me/subscription|GET /markets|GET /assets|GET /assets/{asset_id}/decision|GET /assets/{asset_id}/chart|GET /brief/today|GET /me/watchlist|POST /me/watchlist|DELETE /me/watchlist/{asset_id}|GET /me/dashboard|GET /me/alert-prefs|PUT /me/alert-prefs|POST /me/channels/telegram/link|POST /me/channels/telegram/verify|POST /me/channels/email/test|GET /admin/registrations|POST /admin/registrations/{registration_id}/decision|GET /admin/trials|GET /admin/payments|POST /admin/payments/{payment_id}/approve|POST /admin/payments/{payment_id}/reject|GET /admin/layers|GET /admin/health,UNKNOWN,UI_PARTIAL,TRIAL,DISCOVERY_REQUIRED,LOCAL_ONLY,"Validate source, runtime owner, real-data calculation, API contract, role, and UI representation"
P0,CAP-1653A8452D19,Compute From Active Engine,ALGORITHM_OR_BUSINESS_LOGIC,backend/app/api/ndsp_public_quality_unique.py::_compute_from_active_engine,DISCOVERY_REQUIRED,GET /api/ndsp/public/decision-quality|GET /api/ndsp/public/decision-quality,UNKNOWN,SOURCE_IDENTIFIED,UNMAPPED,DISCOVERY_REQUIRED,LOCAL_ONLY,"Validate source, runtime owner, real-data calculation, API contract, role, and UI representation"
P0,CAP-E4B4728311F0,Decision Quality Public,API_ENDPOINT,backend/app/api/decision_quality_public.py,DISCOVERY_REQUIRED,GET /api/decision/quality,UNKNOWN,UI_PARTIAL,UNMAPPED,docs/05-runbooks/NDSP_COMMAND_CENTER_RADAR_PREFLIGHT_20260707_095205.md|docs/05-runbooks/NDSP_V12_SCENARIO_LEVELS_DISCOVERY_READONLY_20260708_000331.md,LOCAL_ONLY,"Validate source, runtime owner, real-data calculation, API contract, role, and UI representation"
P0,CAP-935E1E26D22F,Dqsrisk State,ALGORITHM_OR_BUSINESS_LOGIC,backend/app/support_layers/quality/decision_quality_stack.py::DQSRiskState,DISCOVERY_REQUIRED,DISCOVERY_REQUIRED,UNKNOWN,SOURCE_IDENTIFIED,UNMAPPED,DISCOVERY_REQUIRED,LOCAL_ONLY,"Validate source, runtime owner, real-data calculation, API contract, role, and UI representation"
P0,CAP-8189CA8761C9,Dynamic Quality Score,ALGORITHM_OR_BUSINESS_LOGIC,backend/ndsp-live-decision-quality/server.py::dynamic_quality_score,ndsp-live-decision-quality.service,GET /api/decision/quality-live|GET /api/decision/quality-live/health|GET /api/decision/quality-live|GET /api/decision/quality-live/health,REAL_SNAPSHOT,SERVICE_CONNECTED,UNMAPPED,DISCOVERY_REQUIRED,LOCAL_ONLY,"Validate source, runtime owner, real-data calculation, API contract, role, and UI representation"
P0,CAP-1FBA01D3C252,Framework Adapter,API_ENDPOINT,backend/services/bot_execution/framework-adapter.cjs,DISCOVERY_REQUIRED,GET /about,REAL_SNAPSHOT,UI_PARTIAL,UNMAPPED,backend/framework/tests/framework.test.cjs,LOCAL_ONLY,"Validate source, runtime owner, real-data calculation, API contract, role, and UI representation"
P0,CAP-4515D5FBBBF3,Framework Adapter,API_ENDPOINT,backend/services/decision_governance_core/framework-adapter.cjs,DISCOVERY_REQUIRED,GET /about,REAL_SNAPSHOT,UI_PARTIAL,UNMAPPED,backend/framework/tests/framework.test.cjs,LOCAL_ONLY,"Validate source, runtime owner, real-data calculation, API contract, role, and UI representation"
P0,CAP-56C562461855,Framework Adapter,API_ENDPOINT,backend/services/bot_execution/framework-adapter.cjs,DISCOVERY_REQUIRED,GET /version,REAL_SNAPSHOT,UI_PARTIAL,UNMAPPED,backend/framework/tests/framework.test.cjs,LOCAL_ONLY,"Validate source, runtime owner, real-data calculation, API contract, role, and UI representation"
P0,CAP-A34761515678,Framework Adapter,API_ENDPOINT,backend/services/decision_governance_core/framework-adapter.cjs,DISCOVERY_REQUIRED,GET /version,REAL_SNAPSHOT,UI_PARTIAL,UNMAPPED,backend/framework/tests/framework.test.cjs,LOCAL_ONLY,"Validate source, runtime owner, real-data calculation, API contract, role, and UI representation"
P0,CAP-D64F1CFB3F24,Framework Adapter,API_ENDPOINT,backend/services/completed_decision/framework-adapter.cjs,DISCOVERY_REQUIRED,GET /about,REAL_SNAPSHOT,UI_PARTIAL,UNMAPPED,backend/framework/tests/framework.test.cjs,LOCAL_ONLY,"Validate source, runtime owner, real-data calculation, API contract, role, and UI representation"
P0,CAP-D93913F10664,Framework Adapter,API_ENDPOINT,backend/services/completed_decision/framework-adapter.cjs,DISCOVERY_REQUIRED,GET /version,REAL_SNAPSHOT,UI_PARTIAL,UNMAPPED,backend/framework/tests/framework.test.cjs,LOCAL_ONLY,"Validate source, runtime owner, real-data calculation, API contract, role, and UI representation"
P0,CAP-071618E88E83,Frontend Contract,API_ENDPOINT,backend/app/api/v1/frontend_contract.py,DISCOVERY_REQUIRED,GET /me/entitlements,UNKNOWN,API_CONNECTED,TRIAL,DISCOVERY_REQUIRED,LOCAL_ONLY,"Validate source, runtime owner, real-data calculation, API contract, role, and UI representation"
P0,CAP-0CE111E47411,Frontend Contract,API_ENDPOINT,backend/app/api/v1/frontend_contract.py,DISCOVERY_REQUIRED,POST /me/channels/telegram/link,UNKNOWN,API_CONNECTED,TRIAL,DISCOVERY_REQUIRED,LOCAL_ONLY,"Validate source, runtime owner, real-data calculation, API contract, role, and UI representation"
P0,CAP-10D53C6D7918,Frontend Contract,API_ENDPOINT,backend/app/api/v1/frontend_contract.py,DISCOVERY_REQUIRED,GET /admin/trials,UNKNOWN,API_CONNECTED,TRIAL,DISCOVERY_REQUIRED,LOCAL_ONLY,"Validate source, runtime owner, real-data calculation, API contract, role, and UI representation"
P0,CAP-11BF5E282765,Frontend Contract,API_ENDPOINT,backend/app/api/v1/frontend_contract.py,DISCOVERY_REQUIRED,GET /me/watchlist,UNKNOWN,API_CONNECTED,TRIAL,DISCOVERY_REQUIRED,LOCAL_ONLY,"Validate source, runtime owner, real-data calculation, API contract, role, and UI representation"
P0,CAP-1736E39D1CE4,Frontend Contract,API_ENDPOINT,backend/app/api/v1/frontend_contract.py,DISCOVERY_REQUIRED,POST /auth/magic-link,UNKNOWN,API_CONNECTED,TRIAL,DISCOVERY_REQUIRED,LOCAL_ONLY,"Validate source, runtime owner, real-data calculation, API contract, role, and UI representation"
P0,CAP-2CC212BF4F8E,Frontend Contract,API_ENDPOINT,backend/app/api/v1/frontend_contract.py,DISCOVERY_REQUIRED,DELETE /me/watchlist/{asset_id},UNKNOWN,API_CONNECTED,TRIAL,DISCOVERY_REQUIRED,LOCAL_ONLY,"Validate source, runtime owner, real-data calculation, API contract, role, and UI representation"
P0,CAP-2CD69A7EA838,Frontend Contract,API_ENDPOINT,backend/app/api/v1/frontend_contract.py,DISCOVERY_REQUIRED,POST /auth/register,UNKNOWN,API_CONNECTED,TRIAL,DISCOVERY_REQUIRED,LOCAL_ONLY,"Validate source, runtime owner, real-data calculation, API contract, role, and UI representation"
P0,CAP-3965B46743DE,Frontend Contract,API_ENDPOINT,backend/app/api/v1/frontend_contract.py,DISCOVERY_REQUIRED,POST /admin/registrations/{registration_id}/decision,UNKNOWN,API_CONNECTED,TRIAL,DISCOVERY_REQUIRED,LOCAL_ONLY,"Validate source, runtime owner, real-data calculation, API contract, role, and UI representation"
P0,CAP-4804EA150D2F,Frontend Contract,API_ENDPOINT,backend/app/api/v1/frontend_contract.py,DISCOVERY_REQUIRED,GET /brief/today,UNKNOWN,API_CONNECTED,TRIAL,DISCOVERY_REQUIRED,LOCAL_ONLY,"Validate source, runtime owner, real-data calculation, API contract, role, and UI representation"
P0,CAP-538A80545E29,Frontend Contract,API_ENDPOINT,backend/app/api/v1/frontend_contract.py,DISCOVERY_REQUIRED,POST /me/channels/email/test,UNKNOWN,API_CONNECTED,TRIAL,DISCOVERY_REQUIRED,LOCAL_ONLY,"Validate source, runtime owner, real-data calculation, API contract, role, and UI representation"
P0,CAP-55015F233F5A,Frontend Contract,API_ENDPOINT,backend/app/api/v1/frontend_contract.py,DISCOVERY_REQUIRED,GET /auth/magic-link/verify,UNKNOWN,API_CONNECTED,TRIAL,DISCOVERY_REQUIRED,LOCAL_ONLY,"Validate source, runtime owner, real-data calculation, API contract, role, and UI representation"
P0,CAP-5B18901D1F22,Frontend Contract,API_ENDPOINT,backend/app/api/v1/frontend_contract.py,DISCOVERY_REQUIRED,GET /contract/status,UNKNOWN,API_CONNECTED,TRIAL,DISCOVERY_REQUIRED,LOCAL_ONLY,"Validate source, runtime owner, real-data calculation, API contract, role, and UI representation"
P0,CAP-636B50FAED04,Frontend Contract,API_ENDPOINT,backend/app/api/v1/frontend_contract.py,DISCOVERY_REQUIRED,GET /me/dashboard,UNKNOWN,API_CONNECTED,TRIAL,DISCOVERY_REQUIRED,LOCAL_ONLY,"Validate source, runtime owner, real-data calculation, API contract, role, and UI representation"
P0,CAP-6F83F74440AE,Frontend Contract,API_ENDPOINT,backend/app/api/v1/frontend_contract.py,DISCOVERY_REQUIRED,GET /assets/{asset_id}/decision,UNKNOWN,API_CONNECTED,TRIAL,DISCOVERY_REQUIRED,LOCAL_ONLY,"Validate source, runtime owner, real-data calculation, API contract, role, and UI representation"
P0,CAP-7A9637DD3A75,Frontend Contract,API_ENDPOINT,backend/app/api/v1/frontend_contract.py,DISCOVERY_REQUIRED,GET /markets,UNKNOWN,API_CONNECTED,TRIAL,DISCOVERY_REQUIRED,LOCAL_ONLY,"Validate source, runtime owner, real-data calculation, API contract, role, and UI representation"
P0,CAP-862CD297F1FD,Frontend Contract,API_ENDPOINT,backend/app/api/v1/frontend_contract.py,DISCOVERY_REQUIRED,POST /auth/forgot,UNKNOWN,UI_PARTIAL,TRIAL,backups/clean-forgot-password-page-v11/20260727_201409/canonical-forgot.before.html|backups/clean-forgot-password-page-v11/20260727_201409/live-forgot.before.html|frontend/auth-recovery/forgot-password.html,LOCAL_ONLY,"Validate source, runtime owner, real-data calculation, API contract, role, and UI representation"
P0,CAP-8BCDCDA9FCED,Frontend Contract,API_ENDPOINT,backend/app/api/v1/frontend_contract.py,DISCOVERY_REQUIRED,GET /me/alert-prefs,UNKNOWN,API_CONNECTED,TRIAL,DISCOVERY_REQUIRED,LOCAL_ONLY,"Validate source, runtime owner, real-data calculation, API contract, role, and UI representation"
P0,CAP-8BFCC7DDCBE0,Frontend Contract,API_ENDPOINT,backend/app/api/v1/frontend_contract.py,DISCOVERY_REQUIRED,POST /admin/payments/{payment_id}/approve,UNKNOWN,API_CONNECTED,TRIAL,DISCOVERY_REQUIRED,LOCAL_ONLY,"Validate source, runtime owner, real-data calculation, API contract, role, and UI representation"
P0,CAP-931E56E35D55,Frontend Contract,API_ENDPOINT,backend/app/api/v1/frontend_contract.py,DISCOVERY_REQUIRED,POST /me/channels/telegram/verify,UNKNOWN,API_CONNECTED,TRIAL,DISCOVERY_REQUIRED,LOCAL_ONLY,"Validate source, runtime owner, real-data calculation, API contract, role, and UI representation"
P0,CAP-9F3B6AAA223B,Frontend Contract,API_ENDPOINT,backend/app/api/v1/frontend_contract.py,DISCOVERY_REQUIRED,POST /admin/payments/{payment_id}/reject,UNKNOWN,API_CONNECTED,TRIAL,DISCOVERY_REQUIRED,LOCAL_ONLY,"Validate source, runtime owner, real-data calculation, API contract, role, and UI representation"
P0,CAP-A57ECAABD0D2,Frontend Contract,API_ENDPOINT,backend/app/api/v1/frontend_contract.py,DISCOVERY_REQUIRED,GET /assets,UNKNOWN,UI_PARTIAL,TRIAL,docs/05-runbooks/NDSP_COMMAND_CENTER_RADAR_PREFLIGHT_20260707_095205.md,LOCAL_ONLY,"Validate source, runtime owner, real-data calculation, API contract, role, and UI representation"
P0,CAP-A5C181808EF6,Frontend Contract,API_ENDPOINT,backend/app/api/v1/frontend_contract.py,DISCOVERY_REQUIRED,POST /auth/2fa/verify,UNKNOWN,API_CONNECTED,TRIAL,DISCOVERY_REQUIRED,LOCAL_ONLY,"Validate source, runtime owner, real-data calculation, API contract, role, and UI representation"
P0,CAP-B167184CBF84,Frontend Contract,API_ENDPOINT,backend/app/api/v1/frontend_contract.py,DISCOVERY_REQUIRED,POST /me/watchlist,UNKNOWN,API_CONNECTED,TRIAL,DISCOVERY_REQUIRED,LOCAL_ONLY,"Validate source, runtime owner, real-data calculation, API contract, role, and UI representation"
P0,CAP-B81607E6BCDB,Frontend Contract,API_ENDPOINT,backend/app/api/v1/frontend_contract.py,DISCOVERY_REQUIRED,GET /admin/health,UNKNOWN,API_CONNECTED,TRIAL,DISCOVERY_REQUIRED,LOCAL_ONLY,"Validate source, runtime owner, real-data calculation, API contract, role, and UI representation"
P0,CAP-BD19C45FECD0,Frontend Contract,API_ENDPOINT,backend/app/api/v1/frontend_contract.py,DISCOVERY_REQUIRED,POST /payments/checkout,UNKNOWN,API_CONNECTED,TRIAL,DISCOVERY_REQUIRED,LOCAL_ONLY,"Validate source, runtime owner, real-data calculation, API contract, role, and UI representation"
P0,CAP-C250957D114F,Frontend Contract,API_ENDPOINT,backend/app/api/v1/frontend_contract.py,DISCOVERY_REQUIRED,GET /account/trial,UNKNOWN,API_CONNECTED,TRIAL,DISCOVERY_REQUIRED,LOCAL_ONLY,"Validate source, runtime owner, real-data calculation, API contract, role, and UI representation"
P0,CAP-C514A0947E28,Frontend Contract,API_ENDPOINT,backend/app/api/v1/frontend_contract.py,DISCOVERY_REQUIRED,GET /me/subscription,UNKNOWN,API_CONNECTED,TRIAL,DISCOVERY_REQUIRED,LOCAL_ONLY,"Validate source, runtime owner, real-data calculation, API contract, role, and UI representation"
P0,CAP-C8C94E7A8122,Frontend Contract,API_ENDPOINT,backend/app/api/v1/frontend_contract.py,DISCOVERY_REQUIRED,POST /auth/login,UNKNOWN,UI_PARTIAL,TRIAL,backups/portal-v50-hard-retire-v2/20260727_000836/files/var/www/ndsp-my/assets/ndsp-login-v1.js|backups/portal-v50-retire-v2-1/20260727_001453/files/var/www/ndsp-my/assets/ndsp-login-v1.js|backups/portal-v50-retire-v2-2/20260727_001938/files/var/www/ndsp-my/assets/ndsp-login-v1.js|backups/retire-portal-v50-v1/20260727_000318/files/var/www/ndsp-my/assets/ndsp-login-v1.js|docs/05-runbooks/NDSP_LOGIN_PUBLIC_SOURCE_DISCOVERY_V6_20260727_135357/js/asset-1.js|docs/05-runbooks/NDSP_P1_AUTH_FUNCTIONAL_DISCOVERY_READONLY_20260707_232843.md,LOCAL_ONLY,"Validate source, runtime owner, real-data calculation, API contract, role, and UI representation"
P0,CAP-C95B03AE5FFB,Frontend Contract,API_ENDPOINT,backend/app/api/v1/frontend_contract.py,DISCOVERY_REQUIRED,POST /account/activate,UNKNOWN,API_CONNECTED,TRIAL,DISCOVERY_REQUIRED,LOCAL_ONLY,"Validate source, runtime owner, real-data calculation, API contract, role, and UI representation"
P0,CAP-D0B86CD5E331,Frontend Contract,API_ENDPOINT,backend/app/api/v1/frontend_contract.py,DISCOVERY_REQUIRED,POST /auth/reset,UNKNOWN,UI_PARTIAL,TRIAL,frontend/auth-recovery/reset-password.html,LOCAL_ONLY,"Validate source, runtime owner, real-data calculation, API contract, role, and UI representation"
P0,CAP-D6102C7DC3C1,Frontend Contract,API_ENDPOINT,backend/app/api/v1/frontend_contract.py,DISCOVERY_REQUIRED,GET /packages,UNKNOWN,API_CONNECTED,TRIAL,DISCOVERY_REQUIRED,LOCAL_ONLY,"Validate source, runtime owner, real-data calculation, API contract, role, and UI representation"
P0,CAP-D8194AB79967,Frontend Contract,API_ENDPOINT,backend/app/api/v1/frontend_contract.py,DISCOVERY_REQUIRED,POST /payments/webhook,UNKNOWN,API_CONNECTED,TRIAL,DISCOVERY_REQUIRED,LOCAL_ONLY,"Validate source, runtime owner, real-data calculation, API contract, role, and UI representation"
P0,CAP-E9D779AE5200,Frontend Contract,API_ENDPOINT,backend/app/api/v1/frontend_contract.py,DISCOVERY_REQUIRED,GET /admin/registrations,UNKNOWN,API_CONNECTED,TRIAL,DISCOVERY_REQUIRED,LOCAL_ONLY,"Validate source, runtime owner, real-data calculation, API contract, role, and UI representation"
P0,CAP-F0AA44F7E81A,Frontend Contract,API_ENDPOINT,backend/app/api/v1/frontend_contract.py,DISCOVERY_REQUIRED,PUT /me/alert-prefs,UNKNOWN,API_CONNECTED,TRIAL,DISCOVERY_REQUIRED,LOCAL_ONLY,"Validate source, runtime owner, real-data calculation, API contract, role, and UI representation"
P0,CAP-F150D0BAA604,Frontend Contract,API_ENDPOINT,backend/app/api/v1/frontend_contract.py,DISCOVERY_REQUIRED,GET /admin/layers,UNKNOWN,API_CONNECTED,TRIAL,DISCOVERY_REQUIRED,LOCAL_ONLY,"Validate source, runtime owner, real-data calculation, API contract, role, and UI representation"
P0,CAP-F402D935EFF7,Frontend Contract,API_ENDPOINT,backend/app/api/v1/frontend_contract.py,DISCOVERY_REQUIRED,GET /admin/payments,UNKNOWN,API_CONNECTED,TRIAL,DISCOVERY_REQUIRED,LOCAL_ONLY,"Validate source, runtime owner, real-data calculation, API contract, role, and UI representation"
P0,CAP-FA44BA71A8B0,Frontend Contract,API_ENDPOINT,backend/app/api/v1/frontend_contract.py,DISCOVERY_REQUIRED,GET /assets/{asset_id}/chart,UNKNOWN,API_CONNECTED,TRIAL,DISCOVERY_REQUIRED,LOCAL_ONLY,"Validate source, runtime owner, real-data calculation, API contract, role, and UI representation"
P0,CAP-F6B5F7A0A680,Frontend Fields Api,API_ENDPOINT,backend/app/ndsp_governance/frontend_fields_api.py,DISCOVERY_REQUIRED,GET /api/ndsp/frontend-fields/probe,UNKNOWN,API_CONNECTED,UNMAPPED,DISCOVERY_REQUIRED,LOCAL_ONLY,"Validate source, runtime owner, real-data calculation, API contract, role, and UI representation"
P0,CAP-9BE0DE3ADC89,Generate Report,ALGORITHM_OR_BUSINESS_LOGIC,backend/app/support_layers/scenario/scenario_engine.py::generate_report,DISCOVERY_REQUIRED,DISCOVERY_REQUIRED,UNKNOWN,UI_PARTIAL,ADMIN,DISCOVERY_REQUIRED,LOCAL_ONLY,"Validate source, runtime owner, real-data calculation, API contract, role, and UI representation"
P0,CAP-75CF22E0AFA6,Get Alert Prefs,ALGORITHM_OR_BUSINESS_LOGIC,backend/app/api/v1/frontend_contract.py::get_alert_prefs,DISCOVERY_REQUIRED,GET /contract/status|POST /auth/register|POST /auth/login|POST /auth/2fa/verify|POST /auth/magic-link|GET /auth/magic-link/verify|POST /auth/forgot|POST /auth/reset|POST /account/activate|GET /account/trial|GET /packages|GET /me/entitlements|POST /payments/checkout|POST /payments/webhook|GET /me/subscription|GET /markets|GET /assets|GET /assets/{asset_id}/decision|GET /assets/{asset_id}/chart|GET /brief/today|GET /me/watchlist|POST /me/watchlist|DELETE /me/watchlist/{asset_id}|GET /me/dashboard|GET /me/alert-prefs|PUT /me/alert-prefs|POST /me/channels/telegram/link|POST /me/channels/telegram/verify|POST /me/channels/email/test|GET /admin/registrations|POST /admin/registrations/{registration_id}/decision|GET /admin/trials|GET /admin/payments|POST /admin/payments/{payment_id}/approve|POST /admin/payments/{payment_id}/reject|GET /admin/layers|GET /admin/health|GET /contract/status|POST /auth/register|POST /auth/login|POST /auth/2fa/verify|POST /auth/magic-link|GET /auth/magic-link/verify|POST /auth/forgot|POST /auth/reset|POST /account/activate|GET /account/trial|GET /packages|GET /me/entitlements|POST /payments/checkout|POST /payments/webhook|GET /me/subscription|GET /markets|GET /assets|GET /assets/{asset_id}/decision|GET /assets/{asset_id}/chart|GET /brief/today|GET /me/watchlist|POST /me/watchlist|DELETE /me/watchlist/{asset_id}|GET /me/dashboard|GET /me/alert-prefs|PUT /me/alert-prefs|POST /me/channels/telegram/link|POST /me/channels/telegram/verify|POST /me/channels/email/test|GET /admin/registrations|POST /admin/registrations/{registration_id}/decision|GET /admin/trials|GET /admin/payments|POST /admin/payments/{payment_id}/approve|POST /admin/payments/{payment_id}/reject|GET /admin/layers|GET /admin/health,UNKNOWN,UI_PARTIAL,TRIAL,DISCOVERY_REQUIRED,LOCAL_ONLY,"Validate source, runtime owner, real-data calculation, API contract, role, and UI representation"
P0,CAP-B89CF4208B10,Grade From Score,ALGORITHM_OR_BUSINESS_LOGIC,backend/app/support_layers/quality/decision_quality_stack.py::_grade_from_score,DISCOVERY_REQUIRED,DISCOVERY_REQUIRED,UNKNOWN,SOURCE_IDENTIFIED,UNMAPPED,DISCOVERY_REQUIRED,LOCAL_ONLY,"Validate source, runtime owner, real-data calculation, API contract, role, and UI representation"
P0,CAP-EEDDE460DD9C,Health,API_ENDPOINT,backend/framework/health/health.cjs,DISCOVERY_REQUIRED,GET /health,REAL_SNAPSHOT,UI_PARTIAL,REGISTER,backend/framework/tests/framework.test.cjs,LOCAL_ONLY,"Validate source, runtime owner, real-data calculation, API contract, role, and UI representation"
P0,CAP-4EB8C4DDA8E9,Market Type,ALGORITHM_OR_BUSINESS_LOGIC,backend/ndsp-live-decision-quality/server.py::market_type,ndsp-live-decision-quality.service,GET /api/decision/quality-live|GET /api/decision/quality-live/health|GET /api/decision/quality-live|GET /api/decision/quality-live/health,REAL_SNAPSHOT,SERVICE_CONNECTED,UNMAPPED,DISCOVERY_REQUIRED,LOCAL_ONLY,"Validate source, runtime owner, real-data calculation, API contract, role, and UI representation"
P0,CAP-A1CD5A0B9B66,Market Type For,ALGORITHM_OR_BUSINESS_LOGIC,backend/ndsp-live-decision-quality/asset_registry_runtime.py::market_type_for,ndsp-live-decision-quality.service,DISCOVERY_REQUIRED,REAL_SNAPSHOT,SERVICE_CONNECTED,UNMAPPED,DISCOVERY_REQUIRED,UNTRACKED,"Validate source, runtime owner, real-data calculation, API contract, role, and UI representation"
P0,CAP-F8EDAA44375A,Markets,ALGORITHM_OR_BUSINESS_LOGIC,backend/app/api/v1/frontend_contract.py::markets,DISCOVERY_REQUIRED,GET /contract/status|POST /auth/register|POST /auth/login|POST /auth/2fa/verify|POST /auth/magic-link|GET /auth/magic-link/verify|POST /auth/forgot|POST /auth/reset|POST /account/activate|GET /account/trial|GET /packages|GET /me/entitlements|POST /payments/checkout|POST /payments/webhook|GET /me/subscription|GET /markets|GET /assets|GET /assets/{asset_id}/decision|GET /assets/{asset_id}/chart|GET /brief/today|GET /me/watchlist|POST /me/watchlist|DELETE /me/watchlist/{asset_id}|GET /me/dashboard|GET /me/alert-prefs|PUT /me/alert-prefs|POST /me/channels/telegram/link|POST /me/channels/telegram/verify|POST /me/channels/email/test|GET /admin/registrations|POST /admin/registrations/{registration_id}/decision|GET /admin/trials|GET /admin/payments|POST /admin/payments/{payment_id}/approve|POST /admin/payments/{payment_id}/reject|GET /admin/layers|GET /admin/health|GET /contract/status|POST /auth/register|POST /auth/login|POST /auth/2fa/verify|POST /auth/magic-link|GET /auth/magic-link/verify|POST /auth/forgot|POST /auth/reset|POST /account/activate|GET /account/trial|GET /packages|GET /me/entitlements|POST /payments/checkout|POST /payments/webhook|GET /me/subscription|GET /markets|GET /assets|GET /assets/{asset_id}/decision|GET /assets/{asset_id}/chart|GET /brief/today|GET /me/watchlist|POST /me/watchlist|DELETE /me/watchlist/{asset_id}|GET /me/dashboard|GET /me/alert-prefs|PUT /me/alert-prefs|POST /me/channels/telegram/link|POST /me/channels/telegram/verify|POST /me/channels/email/test|GET /admin/registrations|POST /admin/registrations/{registration_id}/decision|GET /admin/trials|GET /admin/payments|POST /admin/payments/{payment_id}/approve|POST /admin/payments/{payment_id}/reject|GET /admin/layers|GET /admin/health,UNKNOWN,UI_PARTIAL,TRIAL,DISCOVERY_REQUIRED,LOCAL_ONLY,"Validate source, runtime owner, real-data calculation, API contract, role, and UI representation"
P0,CAP-B742DDE3B851,Me Subscription,ALGORITHM_OR_BUSINESS_LOGIC,backend/app/api/v1/frontend_contract.py::me_subscription,DISCOVERY_REQUIRED,GET /contract/status|POST /auth/register|POST /auth/login|POST /auth/2fa/verify|POST /auth/magic-link|GET /auth/magic-link/verify|POST /auth/forgot|POST /auth/reset|POST /account/activate|GET /account/trial|GET /packages|GET /me/entitlements|POST /payments/checkout|POST /payments/webhook|GET /me/subscription|GET /markets|GET /assets|GET /assets/{asset_id}/decision|GET /assets/{asset_id}/chart|GET /brief/today|GET /me/watchlist|POST /me/watchlist|DELETE /me/watchlist/{asset_id}|GET /me/dashboard|GET /me/alert-prefs|PUT /me/alert-prefs|POST /me/channels/telegram/link|POST /me/channels/telegram/verify|POST /me/channels/email/test|GET /admin/registrations|POST /admin/registrations/{registration_id}/decision|GET /admin/trials|GET /admin/payments|POST /admin/payments/{payment_id}/approve|POST /admin/payments/{payment_id}/reject|GET /admin/layers|GET /admin/health|GET /contract/status|POST /auth/register|POST /auth/login|POST /auth/2fa/verify|POST /auth/magic-link|GET /auth/magic-link/verify|POST /auth/forgot|POST /auth/reset|POST /account/activate|GET /account/trial|GET /packages|GET /me/entitlements|POST /payments/checkout|POST /payments/webhook|GET /me/subscription|GET /markets|GET /assets|GET /assets/{asset_id}/decision|GET /assets/{asset_id}/chart|GET /brief/today|GET /me/watchlist|POST /me/watchlist|DELETE /me/watchlist/{asset_id}|GET /me/dashboard|GET /me/alert-prefs|PUT /me/alert-prefs|POST /me/channels/telegram/link|POST /me/channels/telegram/verify|POST /me/channels/email/test|GET /admin/registrations|POST /admin/registrations/{registration_id}/decision|GET /admin/trials|GET /admin/payments|POST /admin/payments/{payment_id}/approve|POST /admin/payments/{payment_id}/reject|GET /admin/layers|GET /admin/health,UNKNOWN,UI_PARTIAL,TRIAL,DISCOVERY_REQUIRED,LOCAL_ONLY,"Validate source, runtime owner, real-data calculation, API contract, role, and UI representation"
P0,CAP-47C952094550,Ndsp Admin Actions Authoritative,API_ENDPOINT,backend/ndsp_admin_actions_authoritative.cjs,ndsp-admin-actions.service,GET /api/admin/users/action/health,REAL_SNAPSHOT,API_CONNECTED,TRIAL,DISCOVERY_REQUIRED,ON_MAIN,"Validate source, runtime owner, real-data calculation, API contract, role, and UI representation"
P0,CAP-D0B77E088DEE,Ndsp Admin Actions Authoritative,API_ENDPOINT,backend/auth_api/ndsp_admin_actions_authoritative.cjs,ndsp-admin-actions.service,GET /api/admin/users/action/health,REAL_SNAPSHOT,API_CONNECTED,TRIAL,DISCOVERY_REQUIRED,LOCAL_ONLY,"Validate source, runtime owner, real-data calculation, API contract, role, and UI representation"
P0,CAP-3ACB19AAC8FC,Ndsp Admin Actions Bypass Old Middleware,API_ENDPOINT,backend/auth_api/ndsp_admin_actions_bypass_old_middleware.cjs,ndsp-admin-actions.service,POST /api/admin-actions/users/action,REAL_SNAPSHOT,API_CONNECTED,TRIAL,DISCOVERY_REQUIRED,LOCAL_ONLY,"Validate source, runtime owner, real-data calculation, API contract, role, and UI representation"
P0,CAP-4FCAA631BA18,Ndsp Admin Actions Bypass Old Middleware,API_ENDPOINT,backend/ndsp_admin_actions_bypass_old_middleware.cjs,ndsp-admin-actions.service,POST /api/admin-actions/users/action,REAL_SNAPSHOT,API_CONNECTED,TRIAL,DISCOVERY_REQUIRED,ON_MAIN,"Validate source, runtime owner, real-data calculation, API contract, role, and UI representation"
P0,CAP-89287AB7B399,Ndsp Admin Actions Bypass Old Middleware,API_ENDPOINT,backend/ndsp_admin_actions_bypass_old_middleware.cjs,ndsp-admin-actions.service,GET /api/admin-actions/users/action/health,REAL_SNAPSHOT,API_CONNECTED,TRIAL,DISCOVERY_REQUIRED,ON_MAIN,"Validate source, runtime owner, real-data calculation, API contract, role, and UI representation"
P0,CAP-C216A7C8548C,Ndsp Admin Actions Bypass Old Middleware,API_ENDPOINT,backend/auth_api/ndsp_admin_actions_bypass_old_middleware.cjs,ndsp-admin-actions.service,GET /api/admin-actions/users/action/health,REAL_SNAPSHOT,API_CONNECTED,TRIAL,DISCOVERY_REQUIRED,LOCAL_ONLY,"Validate source, runtime owner, real-data calculation, API contract, role, and UI representation"
P0,CAP-09B689D81772,Ndsp Admin Ui Proxy,API_ENDPOINT,backend/auth_api/ndsp_admin_ui_proxy.cjs,ndsp-admin-ui-proxy.service,GET /api/admin-ui/health,REAL_SNAPSHOT,API_CONNECTED,TRIAL,DISCOVERY_REQUIRED,LOCAL_ONLY,"Validate source, runtime owner, real-data calculation, API contract, role, and UI representation"
P0,CAP-0D4E2C940F8F,Ndsp Admin Ui Proxy,API_ENDPOINT,backend/auth_api/ndsp_admin_ui_proxy.cjs,ndsp-admin-ui-proxy.service,GET /api/admin-ui/backups,REAL_SNAPSHOT,API_CONNECTED,TRIAL,DISCOVERY_REQUIRED,LOCAL_ONLY,"Validate source, runtime owner, real-data calculation, API contract, role, and UI representation"
P0,CAP-24BDA2A0DD8B,Ndsp Admin Ui Proxy,API_ENDPOINT,backend/ndsp_admin_ui_proxy.cjs,ndsp-admin-ui-proxy.service,GET /api/admin-ui/users,REAL_SNAPSHOT,API_CONNECTED,TRIAL,DISCOVERY_REQUIRED,ON_MAIN,"Validate source, runtime owner, real-data calculation, API contract, role, and UI representation"
P0,CAP-255A55D1B989,Ndsp Admin Ui Proxy,API_ENDPOINT,backend/auth_api/ndsp_admin_ui_proxy.cjs,ndsp-admin-ui-proxy.service,GET /api/admin-ui/summary,REAL_SNAPSHOT,API_CONNECTED,TRIAL,DISCOVERY_REQUIRED,LOCAL_ONLY,"Validate source, runtime owner, real-data calculation, API contract, role, and UI representation"
P0,CAP-3D9086A829ED,Ndsp Admin Ui Proxy,API_ENDPOINT,backend/ndsp_admin_ui_proxy.cjs,ndsp-admin-ui-proxy.service,POST /api/admin-ui/action,REAL_SNAPSHOT,API_CONNECTED,TRIAL,DISCOVERY_REQUIRED,ON_MAIN,"Validate source, runtime owner, real-data calculation, API contract, role, and UI representation"
P0,CAP-3E2090989150,Ndsp Admin Ui Proxy,API_ENDPOINT,backend/auth_api/ndsp_admin_ui_proxy.cjs,ndsp-admin-ui-proxy.service,GET /api/admin-ui/markets,REAL_SNAPSHOT,API_CONNECTED,TRIAL,DISCOVERY_REQUIRED,LOCAL_ONLY,"Validate source, runtime owner, real-data calculation, API contract, role, and UI representation"
P0,CAP-43B04D28A46B,Ndsp Admin Ui Proxy,API_ENDPOINT,backend/auth_api/ndsp_admin_ui_proxy.cjs,ndsp-admin-ui-proxy.service,POST /api/admin-ui/action,REAL_SNAPSHOT,API_CONNECTED,TRIAL,DISCOVERY_REQUIRED,LOCAL_ONLY,"Validate source, runtime owner, real-data calculation, API contract, role, and UI representation"
P0,CAP-4B75FD38F852,Ndsp Admin Ui Proxy,API_ENDPOINT,backend/ndsp_admin_ui_proxy.cjs,ndsp-admin-ui-proxy.service,POST /api/admin-ui/alerts/test,REAL_SNAPSHOT,API_CONNECTED,TRIAL,DISCOVERY_REQUIRED,ON_MAIN,"Validate source, runtime owner, real-data calculation, API contract, role, and UI representation"
P0,CAP-513B295710F5,Ndsp Admin Ui Proxy,API_ENDPOINT,backend/ndsp_admin_ui_proxy.cjs,ndsp-admin-ui-proxy.service,GET /api/admin-ui/payments,REAL_SNAPSHOT,API_CONNECTED,TRIAL,DISCOVERY_REQUIRED,ON_MAIN,"Validate source, runtime owner, real-data calculation, API contract, role, and UI representation"
P0,CAP-54AB364B10F5,Ndsp Admin Ui Proxy,API_ENDPOINT,backend/auth_api/ndsp_admin_ui_proxy.cjs,ndsp-admin-ui-proxy.service,GET /api/admin-ui/governance,REAL_SNAPSHOT,API_CONNECTED,TRIAL,DISCOVERY_REQUIRED,LOCAL_ONLY,"Validate source, runtime owner, real-data calculation, API contract, role, and UI representation"
P0,CAP-622CD214F034,Ndsp Admin Ui Proxy,API_ENDPOINT,backend/ndsp_admin_ui_proxy.cjs,ndsp-admin-ui-proxy.service,GET /api/admin-ui/backups,REAL_SNAPSHOT,API_CONNECTED,TRIAL,DISCOVERY_REQUIRED,ON_MAIN,"Validate source, runtime owner, real-data calculation, API contract, role, and UI representation"
P0,CAP-77CF58DFBBF6,Ndsp Admin Ui Proxy,API_ENDPOINT,backend/auth_api/ndsp_admin_ui_proxy.cjs,ndsp-admin-ui-proxy.service,GET /api/admin-ui/packages,REAL_SNAPSHOT,API_CONNECTED,TRIAL,DISCOVERY_REQUIRED,LOCAL_ONLY,"Validate source, runtime owner, real-data calculation, API contract, role, and UI representation"
P0,CAP-7E97D2614E6D,Ndsp Admin Ui Proxy,API_ENDPOINT,backend/ndsp_admin_ui_proxy.cjs,ndsp-admin-ui-proxy.service,GET /api/admin-ui/markets,REAL_SNAPSHOT,API_CONNECTED,TRIAL,DISCOVERY_REQUIRED,ON_MAIN,"Validate source, runtime owner, real-data calculation, API contract, role, and UI representation"
P0,CAP-7F41666FC0D4,Ndsp Admin Ui Proxy,API_ENDPOINT,backend/auth_api/ndsp_admin_ui_proxy.cjs,ndsp-admin-ui-proxy.service,GET /api/admin-ui/trials,REAL_SNAPSHOT,API_CONNECTED,TRIAL,DISCOVERY_REQUIRED,LOCAL_ONLY,"Validate source, runtime owner, real-data calculation, API contract, role, and UI representation"
P0,CAP-8374FD1D62EB,Ndsp Admin Ui Proxy,API_ENDPOINT,backend/ndsp_admin_ui_proxy.cjs,ndsp-admin-ui-proxy.service,GET /api/admin-ui/alerts,REAL_SNAPSHOT,API_CONNECTED,TRIAL,DISCOVERY_REQUIRED,ON_MAIN,"Validate source, runtime owner, real-data calculation, API contract, role, and UI representation"
P0,CAP-A61CF5BBAA01,Ndsp Admin Ui Proxy,API_ENDPOINT,backend/ndsp_admin_ui_proxy.cjs,ndsp-admin-ui-proxy.service,POST /api/admin-ui/alerts/channel,REAL_SNAPSHOT,API_CONNECTED,TRIAL,DISCOVERY_REQUIRED,ON_MAIN,"Validate source, runtime owner, real-data calculation, API contract, role, and UI representation"
P0,CAP-B25ABE2AD98F,Ndsp Admin Ui Proxy,API_ENDPOINT,backend/auth_api/ndsp_admin_ui_proxy.cjs,ndsp-admin-ui-proxy.service,GET /api/admin-ui/alerts,REAL_SNAPSHOT,API_CONNECTED,TRIAL,DISCOVERY_REQUIRED,LOCAL_ONLY,"Validate source, runtime owner, real-data calculation, API contract, role, and UI representation"
P0,CAP-B39355BFBE71,Ndsp Admin Ui Proxy,API_ENDPOINT,backend/ndsp_admin_ui_proxy.cjs,ndsp-admin-ui-proxy.service,GET /api/admin-ui/summary,REAL_SNAPSHOT,API_CONNECTED,TRIAL,DISCOVERY_REQUIRED,ON_MAIN,"Validate source, runtime owner, real-data calculation, API contract, role, and UI representation"
P0,CAP-BE5C7B84201D,Ndsp Admin Ui Proxy,API_ENDPOINT,backend/auth_api/ndsp_admin_ui_proxy.cjs,ndsp-admin-ui-proxy.service,GET /api/admin-ui/payments,REAL_SNAPSHOT,API_CONNECTED,TRIAL,DISCOVERY_REQUIRED,LOCAL_ONLY,"Validate source, runtime owner, real-data calculation, API contract, role, and UI representation"
P0,CAP-C32C78AB47B0,Ndsp Admin Ui Proxy,API_ENDPOINT,backend/ndsp_admin_ui_proxy.cjs,ndsp-admin-ui-proxy.service,GET /api/admin-ui/governance,REAL_SNAPSHOT,API_CONNECTED,TRIAL,DISCOVERY_REQUIRED,ON_MAIN,"Validate source, runtime owner, real-data calculation, API contract, role, and UI representation"
P0,CAP-C58E98CA2D3A,Ndsp Admin Ui Proxy,API_ENDPOINT,backend/auth_api/ndsp_admin_ui_proxy.cjs,ndsp-admin-ui-proxy.service,POST /api/admin-ui/alerts/test,REAL_SNAPSHOT,API_CONNECTED,TRIAL,DISCOVERY_REQUIRED,LOCAL_ONLY,"Validate source, runtime owner, real-data calculation, API contract, role, and UI representation"
P0,CAP-C8F6891BC250,Ndsp Admin Ui Proxy,API_ENDPOINT,backend/auth_api/ndsp_admin_ui_proxy.cjs,ndsp-admin-ui-proxy.service,GET /api/admin-ui/users,REAL_SNAPSHOT,API_CONNECTED,TRIAL,DISCOVERY_REQUIRED,LOCAL_ONLY,"Validate source, runtime owner, real-data calculation, API contract, role, and UI representation"
P0,CAP-D18B4EC4F34A,Ndsp Admin Ui Proxy,API_ENDPOINT,backend/ndsp_admin_ui_proxy.cjs,ndsp-admin-ui-proxy.service,GET /api/admin-ui/packages,REAL_SNAPSHOT,API_CONNECTED,TRIAL,DISCOVERY_REQUIRED,ON_MAIN,"Validate source, runtime owner, real-data calculation, API contract, role, and UI representation"
P0,CAP-F142BF636522,Ndsp Admin Ui Proxy,API_ENDPOINT,backend/ndsp_admin_ui_proxy.cjs,ndsp-admin-ui-proxy.service,GET /api/admin-ui/trials,REAL_SNAPSHOT,API_CONNECTED,TRIAL,DISCOVERY_REQUIRED,ON_MAIN,"Validate source, runtime owner, real-data calculation, API contract, role, and UI representation"
P0,CAP-F1EB25BD9898,Ndsp Admin Ui Proxy,API_ENDPOINT,backend/auth_api/ndsp_admin_ui_proxy.cjs,ndsp-admin-ui-proxy.service,POST /api/admin-ui/alerts/channel,REAL_SNAPSHOT,API_CONNECTED,TRIAL,DISCOVERY_REQUIRED,LOCAL_ONLY,"Validate source, runtime owner, real-data calculation, API contract, role, and UI representation"
P0,CAP-F4D88C2A7931,Ndsp Admin Ui Proxy,API_ENDPOINT,backend/ndsp_admin_ui_proxy.cjs,ndsp-admin-ui-proxy.service,GET /api/admin-ui/health,REAL_SNAPSHOT,API_CONNECTED,TRIAL,DISCOVERY_REQUIRED,ON_MAIN,"Validate source, runtime owner, real-data calculation, API contract, role, and UI representation"
P0,CAP-20B6E1FEA3A2,Ndsp Api Compat Gateway,API_ENDPOINT,backend/ndsp_api_compat_gateway.cjs,ndsp-api-compat.service,GET /api/markets,REAL_SNAPSHOT,API_CONNECTED,TRIAL,DISCOVERY_REQUIRED,ON_MAIN,"Validate source, runtime owner, real-data calculation, API contract, role, and UI representation"
P0,CAP-3CFCB5B47F6B,Ndsp Api Compat Gateway,API_ENDPOINT,backend/ndsp_api_compat_gateway.cjs,ndsp-api-compat.service,GET /api/account/trial,REAL_SNAPSHOT,API_CONNECTED,TRIAL,DISCOVERY_REQUIRED,ON_MAIN,"Validate source, runtime owner, real-data calculation, API contract, role, and UI representation"
P0,CAP-3D0167450973,Ndsp Api Compat Gateway,API_ENDPOINT,backend/ndsp_api_compat_gateway.cjs,ndsp-api-compat.service,GET /api/alerts/status,REAL_SNAPSHOT,API_CONNECTED,TRIAL,DISCOVERY_REQUIRED,ON_MAIN,"Validate source, runtime owner, real-data calculation, API contract, role, and UI representation"
P0,CAP-48E71B4F1CF7,Ndsp Api Compat Gateway,API_ENDPOINT,backend/ndsp_api_compat_gateway.cjs,ndsp-api-compat.service,GET /api/payments/status,REAL_SNAPSHOT,API_CONNECTED,TRIAL,DISCOVERY_REQUIRED,ON_MAIN,"Validate source, runtime owner, real-data calculation, API contract, role, and UI representation"
P0,CAP-570806ECD8A4,Ndsp Api Compat Gateway,API_ENDPOINT,backend/ndsp_api_compat_gateway.cjs,ndsp-api-compat.service,GET /health,REAL_SNAPSHOT,UI_PARTIAL,TRIAL,backend/framework/tests/framework.test.cjs,ON_MAIN,"Validate source, runtime owner, real-data calculation, API contract, role, and UI representation"
P0,CAP-81C879AE2209,Ndsp Api Compat Gateway,API_ENDPOINT,backend/ndsp_api_compat_gateway.cjs,ndsp-api-compat.service,GET /api/packages,REAL_SNAPSHOT,API_CONNECTED,TRIAL,DISCOVERY_REQUIRED,ON_MAIN,"Validate source, runtime owner, real-data calculation, API contract, role, and UI representation"
P0,CAP-8E040D696446,Ndsp Api Compat Gateway,API_ENDPOINT,backend/auth_api/ndsp_api_compat_gateway.cjs,ndsp-api-compat.service,GET /health,REAL_SNAPSHOT,UI_PARTIAL,TRIAL,backend/framework/tests/framework.test.cjs,LOCAL_ONLY,"Validate source, runtime owner, real-data calculation, API contract, role, and UI representation"
P0,CAP-A1DBE2356637,Ndsp Api Compat Gateway,API_ENDPOINT,backend/auth_api/ndsp_api_compat_gateway.cjs,ndsp-api-compat.service,GET /api/alerts/status,REAL_SNAPSHOT,API_CONNECTED,TRIAL,DISCOVERY_REQUIRED,LOCAL_ONLY,"Validate source, runtime owner, real-data calculation, API contract, role, and UI representation"
P0,CAP-A323993993E5,Ndsp Api Compat Gateway,API_ENDPOINT,backend/auth_api/ndsp_api_compat_gateway.cjs,ndsp-api-compat.service,GET /api/markets,REAL_SNAPSHOT,API_CONNECTED,TRIAL,DISCOVERY_REQUIRED,LOCAL_ONLY,"Validate source, runtime owner, real-data calculation, API contract, role, and UI representation"
P0,CAP-B2C76796BD6C,Ndsp Api Compat Gateway,API_ENDPOINT,backend/auth_api/ndsp_api_compat_gateway.cjs,ndsp-api-compat.service,GET /api/packages,REAL_SNAPSHOT,API_CONNECTED,TRIAL,DISCOVERY_REQUIRED,LOCAL_ONLY,"Validate source, runtime owner, real-data calculation, API contract, role, and UI representation"
P0,CAP-B800EB18EDBC,Ndsp Api Compat Gateway,API_ENDPOINT,backend/auth_api/ndsp_api_compat_gateway.cjs,ndsp-api-compat.service,GET /api/account/trial,REAL_SNAPSHOT,API_CONNECTED,TRIAL,DISCOVERY_REQUIRED,LOCAL_ONLY,"Validate source, runtime owner, real-data calculation, API contract, role, and UI representation"
P0,CAP-F66DBAC61596,Ndsp Api Compat Gateway,API_ENDPOINT,backend/auth_api/ndsp_api_compat_gateway.cjs,ndsp-api-compat.service,GET /api/payments/status,REAL_SNAPSHOT,API_CONNECTED,TRIAL,DISCOVERY_REQUIRED,LOCAL_ONLY,"Validate source, runtime owner, real-data calculation, API contract, role, and UI representation"
P0,CAP-00ED621D6D60,Ndsp Attach Dual Scenario Data Quality Public V1,ALGORITHM_OR_BUSINESS_LOGIC,backend/ndsp-live-decision-quality/server.py::_ndsp_attach_dual_scenario_data_quality_public_v1,ndsp-live-decision-quality.service,GET /api/decision/quality-live|GET /api/decision/quality-live/health|GET /api/decision/quality-live|GET /api/decision/quality-live/health,REAL_SNAPSHOT,SERVICE_CONNECTED,UNMAPPED,DISCOVERY_REQUIRED,LOCAL_ONLY,"Validate source, runtime owner, real-data calculation, API contract, role, and UI representation"
P0,CAP-29DCBEF0D49C,Ndsp Nowpayments,API_ENDPOINT,backend/ndsp_nowpayments.cjs,DISCOVERY_REQUIRED,POST /checkout/create,REAL_LIVE,API_CONNECTED,SUBSCRIPTION,DISCOVERY_REQUIRED,ON_MAIN,"Validate source, runtime owner, real-data calculation, API contract, role, and UI representation"
P0,CAP-70C19D24087E,Ndsp Nowpayments,API_ENDPOINT,backend/ndsp_nowpayments.cjs,DISCOVERY_REQUIRED,GET /webhooks/nowpayments,REAL_LIVE,API_CONNECTED,SUBSCRIPTION,DISCOVERY_REQUIRED,ON_MAIN,"Validate source, runtime owner, real-data calculation, API contract, role, and UI representation"
P0,CAP-7AF5F3CAE976,Ndsp Nowpayments,API_ENDPOINT,backend/ndsp_nowpayments.cjs,DISCOVERY_REQUIRED,POST /webhooks/nowpayments,REAL_LIVE,API_CONNECTED,SUBSCRIPTION,DISCOVERY_REQUIRED,ON_MAIN,"Validate source, runtime owner, real-data calculation, API contract, role, and UI representation"
P0,CAP-DBE4CDD3AB94,Ndsp Nowpayments,API_ENDPOINT,backend/ndsp_nowpayments.cjs,DISCOVERY_REQUIRED,GET /nowpayments/health,REAL_LIVE,API_CONNECTED,SUBSCRIPTION,DISCOVERY_REQUIRED,ON_MAIN,"Validate source, runtime owner, real-data calculation, API contract, role, and UI representation"
P0,CAP-0622719B013B,Ndsp Public Quality Unique,API_ENDPOINT,backend/app/api/ndsp_public_quality_unique.py,DISCOVERY_REQUIRED,GET /api/ndsp/public/decision-quality,UNKNOWN,API_CONNECTED,UNMAPPED,DISCOVERY_REQUIRED,LOCAL_ONLY,"Validate source, runtime owner, real-data calculation, API contract, role, and UI representation"
P0,CAP-89CA79DDADE2,Ndsp Read Alert State,ALGORITHM_OR_BUSINESS_LOGIC,backend/ndsp_admin_ui_proxy.cjs::ndspReadAlertState,ndsp-admin-ui-proxy.service,GET /api/admin-ui/health|GET /api/admin-ui/summary|GET /api/admin-ui/users|GET /api/admin-ui/payments|GET /api/admin-ui/trials|GET /api/admin-ui/packages|GET /api/admin-ui/markets|GET /api/admin-ui/alerts|POST /api/admin-ui/alerts/channel|POST /api/admin-ui/alerts/test|GET /api/admin-ui/backups|GET /api/admin-ui/governance|POST /api/admin-ui/action,REAL_SNAPSHOT,UI_PARTIAL,TRIAL,DISCOVERY_REQUIRED,ON_MAIN,"Validate source, runtime owner, real-data calculation, API contract, role, and UI representation"
P0,CAP-B227DA36FA9B,Ndsp Read Alert State,ALGORITHM_OR_BUSINESS_LOGIC,backend/auth_api/ndsp_admin_ui_proxy.cjs::ndspReadAlertState,ndsp-admin-ui-proxy.service,GET /api/admin-ui/health|GET /api/admin-ui/summary|GET /api/admin-ui/users|GET /api/admin-ui/payments|GET /api/admin-ui/trials|GET /api/admin-ui/packages|GET /api/admin-ui/markets|GET /api/admin-ui/alerts|POST /api/admin-ui/alerts/channel|POST /api/admin-ui/alerts/test|GET /api/admin-ui/backups|GET /api/admin-ui/governance|POST /api/admin-ui/action,REAL_SNAPSHOT,UI_PARTIAL,TRIAL,DISCOVERY_REQUIRED,LOCAL_ONLY,"Validate source, runtime owner, real-data calculation, API contract, role, and UI representation"
P0,CAP-461745E841AB,Ndsp Trial Info,API_ENDPOINT,backend/ndsp_trial_info.cjs,DISCOVERY_REQUIRED,GET /trial/info,REAL_SNAPSHOT,API_CONNECTED,TRIAL,DISCOVERY_REQUIRED,ON_MAIN,"Validate source, runtime owner, real-data calculation, API contract, role, and UI representation"
P0,CAP-13D1EE0A3B7A,Ndsp User Dashboard Gateway,API_ENDPOINT,backend/ndsp_user_dashboard_gateway.cjs,ndsp-user-dashboard.service,GET /api/user-dashboard/saas-policy,REAL_SNAPSHOT,API_CONNECTED,TRIAL,DISCOVERY_REQUIRED,ON_MAIN,"Validate source, runtime owner, real-data calculation, API contract, role, and UI representation"
P0,CAP-2D45C5C1A44B,Ndsp User Dashboard Gateway,API_ENDPOINT,backend/auth_api/ndsp_user_dashboard_gateway.cjs,ndsp-user-dashboard.service,GET /api/user-dashboard/saas-policy,REAL_SNAPSHOT,API_CONNECTED,TRIAL,DISCOVERY_REQUIRED,LOCAL_ONLY,"Validate source, runtime owner, real-data calculation, API contract, role, and UI representation"
P0,CAP-0843B421B752,Ndsp User Login Gateway,API_ENDPOINT,backend/auth_api/ndsp_user_login_gateway.cjs,ndsp-user-login.service,POST /api/auth/2fa/confirm,REAL_SNAPSHOT,API_CONNECTED,TRIAL,DISCOVERY_REQUIRED,LOCAL_ONLY,"Validate source, runtime owner, real-data calculation, API contract, role, and UI representation"
P0,CAP-116FF6D929A9,Ndsp User Login Gateway,API_ENDPOINT,backend/auth_api/ndsp_user_login_gateway.cjs,ndsp-user-login.service,GET /api/auth/decision-room-access,REAL_SNAPSHOT,API_CONNECTED,TRIAL,DISCOVERY_REQUIRED,LOCAL_ONLY,"Validate source, runtime owner, real-data calculation, API contract, role, and UI representation"
P0,CAP-15C56B60B4B0,Ndsp User Login Gateway,API_ENDPOINT,backend/ndsp_user_login_gateway.cjs,ndsp-user-login.service,POST /api/auth/logout,REAL_SNAPSHOT,UI_PARTIAL,TRIAL,docs/05-runbooks/NDSP_COMMERCIAL_GO_LIVE_AUDIT_V1_1_20260728_220315/REPORT.md|docs/05-runbooks/NDSP_COMMERCIAL_GO_LIVE_AUDIT_V1_1_20260728_222203/REPORT.md,ON_MAIN,"Validate source, runtime owner, real-data calculation, API contract, role, and UI representation"
P0,CAP-1A9F62165A6D,Ndsp User Login Gateway,API_ENDPOINT,backend/auth_api/ndsp_user_login_gateway.cjs,ndsp-user-login.service,POST /api/auth/internal/legal-acceptance,REAL_SNAPSHOT,API_CONNECTED,TRIAL,DISCOVERY_REQUIRED,LOCAL_ONLY,"Validate source, runtime owner, real-data calculation, API contract, role, and UI representation"
P0,CAP-1AF6F47DC3CE,Ndsp User Login Gateway,API_ENDPOINT,backend/auth_api/ndsp_user_login_gateway.cjs,ndsp-user-login.service,POST /api/auth/logout,REAL_SNAPSHOT,UI_PARTIAL,TRIAL,docs/05-runbooks/NDSP_COMMERCIAL_GO_LIVE_AUDIT_V1_1_20260728_220315/REPORT.md|docs/05-runbooks/NDSP_COMMERCIAL_GO_LIVE_AUDIT_V1_1_20260728_222203/REPORT.md,LOCAL_ONLY,"Validate source, runtime owner, real-data calculation, API contract, role, and UI representation"
P0,CAP-1D926198372A,Ndsp User Login Gateway,API_ENDPOINT,backend/auth_api/ndsp_user_login_gateway.cjs,ndsp-user-login.service,POST /api/auth/runtime/usage/consume,REAL_SNAPSHOT,API_CONNECTED,TRIAL,DISCOVERY_REQUIRED,LOCAL_ONLY,"Validate source, runtime owner, real-data calculation, API contract, role, and UI representation"
P0,CAP-214521E6EBD1,Ndsp User Login Gateway,API_ENDPOINT,backend/ndsp_user_login_gateway.cjs,ndsp-user-login.service,POST /api/auth/login,REAL_SNAPSHOT,UI_PARTIAL,TRIAL,backups/portal-v50-hard-retire-v2/20260727_000836/files/var/www/ndsp-my/assets/ndsp-login-v1.js|backups/portal-v50-retire-v2-1/20260727_001453/files/var/www/ndsp-my/assets/ndsp-login-v1.js|backups/portal-v50-retire-v2-2/20260727_001938/files/var/www/ndsp-my/assets/ndsp-login-v1.js|backups/retire-portal-v50-v1/20260727_000318/files/var/www/ndsp-my/assets/ndsp-login-v1.js|docs/05-runbooks/NDSP_LOGIN_PUBLIC_SOURCE_DISCOVERY_V6_20260727_135357/js/asset-1.js|docs/05-runbooks/NDSP_P1_AUTH_FUNCTIONAL_DISCOVERY_READONLY_20260707_232843.md,ON_MAIN,"Validate source, runtime owner, real-data calculation, API contract, role, and UI representation"
P0,CAP-242D8324FAD9,Ndsp User Login Gateway,API_ENDPOINT,backend/ndsp_user_login_gateway.cjs,ndsp-user-login.service,POST /api/auth/2fa/setup/skip,REAL_SNAPSHOT,API_CONNECTED,TRIAL,DISCOVERY_REQUIRED,ON_MAIN,"Validate source, runtime owner, real-data calculation, API contract, role, and UI representation"
P0,CAP-2D0CFB1BC505,Ndsp User Login Gateway,API_ENDPOINT,backend/ndsp_user_login_gateway.cjs,ndsp-user-login.service,GET /api/auth/2fa/status,REAL_SNAPSHOT,API_CONNECTED,TRIAL,DISCOVERY_REQUIRED,ON_MAIN,"Validate source, runtime owner, real-data calculation, API contract, role, and UI representation"
P0,CAP-2ED357832A3E,Ndsp User Login Gateway,API_ENDPOINT,backend/ndsp_user_login_gateway.cjs,ndsp-user-login.service,GET /api/auth/session,REAL_SNAPSHOT,UI_PARTIAL,TRIAL,backups/active-entrypoint-to-canonical-v1/20260726_233204/files/var/www/ndsp-my/decision-room-v30-1/index.html|backups/active-entrypoint-to-canonical-v1/20260726_233204/files/var/www/ndsp-my/decision-room-v30/index.html|backups/active-entrypoint-to-canonical-v1/20260726_233204/files/var/www/ndsp-my/decision-room/index.html|backups/active-entrypoint-to-canonical-v1/20260726_233204/files/var/www/ndsp-my/user-portal/index.html|backups/portal-v50-hard-retire-v2/20260727_000836/files/var/www/ndsp-my/access/index.html|backups/portal-v50-hard-retire-v2/20260727_000836/files/var/www/ndsp-my/dashboard/index.html|backups/portal-v50-hard-retire-v2/20260727_000836/files/var/www/ndsp-my/decision-room-v30-1/index.html|backups/portal-v50-hard-retire-v2/20260727_000836/files/var/www/ndsp-my/decision-room-v30/index.html|backups/portal-v50-hard-retire-v2/20260727_000836/files/var/www/ndsp-my/decision-room-v31/account/index.html|backups/portal-v50-hard-retire-v2/20260727_000836/files/var/www/ndsp-my/decision-room-v31/index.html|backups/portal-v50-hard-retire-v2/20260727_000836/files/var/www/ndsp-my/decision-room/index.html|backups/portal-v50-hard-retire-v2/20260727_000836/files/var/www/ndsp-my/ndsp-canonical-user-portal-v78.js|backups/portal-v50-hard-retire-v2/20260727_000836/files/var/www/ndsp-my/ndsp-canonical-user-portal-v79.js|backups/portal-v50-hard-retire-v2/20260727_000836/files/var/www/ndsp-my/ndsp-canonical-user-portal-v86.js|backups/portal-v50-hard-retire-v2/20260727_000836/files/var/www/ndsp-my/user-portal/index.html|backups/portal-v50-retire-v2-1/20260727_001453/files/var/www/ndsp-my/access/index.html|backups/portal-v50-retire-v2-1/20260727_001453/files/var/www/ndsp-my/dashboard/index.html|backups/portal-v50-retire-v2-1/20260727_001453/files/var/www/ndsp-my/decision-room-v30-1/index.html|backups/portal-v50-retire-v2-1/20260727_001453/files/var/www/ndsp-my/decision-room-v30/index.html|backups/portal-v50-retire-v2-1/20260727_001453/files/var/www/ndsp-my/decision-room-v31/account/index.html|backups/portal-v50-retire-v2-1/20260727_001453/files/var/www/ndsp-my/decision-room-v31/index.html|backups/portal-v50-retire-v2-1/20260727_001453/files/var/www/ndsp-my/decision-room/index.html|backups/portal-v50-retire-v2-1/20260727_001453/files/var/www/ndsp-my/ndsp-canonical-user-portal-v78.js|backups/portal-v50-retire-v2-1/20260727_001453/files/var/www/ndsp-my/ndsp-canonical-user-portal-v79.js|backups/portal-v50-retire-v2-1/20260727_001453/files/var/www/ndsp-my/ndsp-canonical-user-portal-v86.js|backups/portal-v50-retire-v2-1/20260727_001453/files/var/www/ndsp-my/user-portal/index.html|backups/portal-v50-retire-v2-2/20260727_001938/files/var/www/ndsp-my/access/index.html|backups/portal-v50-retire-v2-2/20260727_001938/files/var/www/ndsp-my/dashboard/index.html|backups/portal-v50-retire-v2-2/20260727_001938/files/var/www/ndsp-my/decision-room-v30-1/index.html|backups/portal-v50-retire-v2-2/20260727_001938/files/var/www/ndsp-my/decision-room-v30/index.html|backups/portal-v50-retire-v2-2/20260727_001938/files/var/www/ndsp-my/decision-room-v31/account/index.html|backups/portal-v50-retire-v2-2/20260727_001938/files/var/www/ndsp-my/decision-room-v31/index.html|backups/portal-v50-retire-v2-2/20260727_001938/files/var/www/ndsp-my/decision-room/index.html|backups/portal-v50-retire-v2-2/20260727_001938/files/var/www/ndsp-my/ndsp-canonical-user-portal-v78.js|backups/portal-v50-retire-v2-2/20260727_001938/files/var/www/ndsp-my/ndsp-canonical-user-portal-v79.js|backups/portal-v50-retire-v2-2/20260727_001938/files/var/www/ndsp-my/ndsp-canonical-user-portal-v86.js|backups/portal-v50-retire-v2-2/20260727_001938/files/var/www/ndsp-my/user-portal/index.html|backups/retire-portal-v50-v1/20260727_000318/files/var/www/ndsp-my/access/index.html|backups/retire-portal-v50-v1/20260727_000318/files/var/www/ndsp-my/dashboard/index.html|backups/retire-portal-v50-v1/20260727_000318/files/var/www/ndsp-my/decision-room-v30-1/index.html|backups/retire-portal-v50-v1/20260727_000318/files/var/www/ndsp-my/decision-room-v30/index.html|backups/retire-portal-v50-v1/20260727_000318/files/var/www/ndsp-my/decision-room-v31/account/index.html|backups/retire-portal-v50-v1/20260727_000318/files/var/www/ndsp-my/decision-room-v31/index.html|backups/retire-portal-v50-v1/20260727_000318/files/var/www/ndsp-my/decision-room/index.html|backups/retire-portal-v50-v1/20260727_000318/files/var/www/ndsp-my/ndsp-canonical-user-portal-v78.js|backups/retire-portal-v50-v1/20260727_000318/files/var/www/ndsp-my/ndsp-canonical-user-portal-v79.js|backups/retire-portal-v50-v1/20260727_000318/files/var/www/ndsp-my/ndsp-canonical-user-portal-v86.js|backups/retire-portal-v50-v1/20260727_000318/files/var/www/ndsp-my/user-portal/index.html|docs/05-runbooks/NDSP_LOGIN_PUBLIC_SOURCE_DISCOVERY_V6_20260727_135357/js/asset-1.js|frontend/ndsp-user-portal-v50/public/ndsp-canonical-user-portal-v78.js|frontend/ndsp-user-portal-v50/public/ndsp-canonical-user-portal-v79.js|frontend/ndsp-user-portal-v50/public/ndsp-canonical-user-portal-v86.js,ON_MAIN,"Validate source, runtime owner, real-data calculation, API contract, role, and UI representation"
P0,CAP-353E6D9C0A43,Ndsp User Login Gateway,API_ENDPOINT,backend/auth_api/ndsp_user_login_gateway.cjs,ndsp-user-login.service,PUT /api/auth/profile,REAL_SNAPSHOT,API_CONNECTED,TRIAL,DISCOVERY_REQUIRED,LOCAL_ONLY,"Validate source, runtime owner, real-data calculation, API contract, role, and UI representation"
P0,CAP-376A2E7311B7,Ndsp User Login Gateway,API_ENDPOINT,backend/auth_api/ndsp_user_login_gateway.cjs,ndsp-user-login.service,POST /api/auth/2fa/setup/confirm-speakeasy,REAL_SNAPSHOT,API_CONNECTED,TRIAL,DISCOVERY_REQUIRED,LOCAL_ONLY,"Validate source, runtime owner, real-data calculation, API contract, role, and UI representation"
P0,CAP-3B516BFCFA39,Ndsp User Login Gateway,API_ENDPOINT,backend/auth_api/ndsp_user_login_gateway.cjs,ndsp-user-login.service,GET /api/auth/2fa/status,REAL_SNAPSHOT,API_CONNECTED,TRIAL,DISCOVERY_REQUIRED,LOCAL_ONLY,"Validate source, runtime owner, real-data calculation, API contract, role, and UI representation"
P0,CAP-3B89863B2015,Ndsp User Login Gateway,API_ENDPOINT,backend/ndsp_user_login_gateway.cjs,ndsp-user-login.service,POST /api/auth/2fa/setup/start,REAL_SNAPSHOT,API_CONNECTED,TRIAL,DISCOVERY_REQUIRED,ON_MAIN,"Validate source, runtime owner, real-data calculation, API contract, role, and UI representation"
P0,CAP-496F09F3F4BB,Ndsp User Login Gateway,API_ENDPOINT,backend/auth_api/ndsp_user_login_gateway.cjs,ndsp-user-login.service,POST /api/auth/login,REAL_SNAPSHOT,UI_PARTIAL,TRIAL,backups/portal-v50-hard-retire-v2/20260727_000836/files/var/www/ndsp-my/assets/ndsp-login-v1.js|backups/portal-v50-retire-v2-1/20260727_001453/files/var/www/ndsp-my/assets/ndsp-login-v1.js|backups/portal-v50-retire-v2-2/20260727_001938/files/var/www/ndsp-my/assets/ndsp-login-v1.js|backups/retire-portal-v50-v1/20260727_000318/files/var/www/ndsp-my/assets/ndsp-login-v1.js|docs/05-runbooks/NDSP_LOGIN_PUBLIC_SOURCE_DISCOVERY_V6_20260727_135357/js/asset-1.js|docs/05-runbooks/NDSP_P1_AUTH_FUNCTIONAL_DISCOVERY_READONLY_20260707_232843.md,LOCAL_ONLY,"Validate source, runtime owner, real-data calculation, API contract, role, and UI representation"
P0,CAP-4ADB944E408B,Ndsp User Login Gateway,API_ENDPOINT,backend/auth_api/ndsp_user_login_gateway.cjs,ndsp-user-login.service,POST /api/auth/survey/response,REAL_SNAPSHOT,API_CONNECTED,TRIAL,DISCOVERY_REQUIRED,LOCAL_ONLY,"Validate source, runtime owner, real-data calculation, API contract, role, and UI representation"
P0,CAP-50F4AF813A40,Ndsp User Login Gateway,API_ENDPOINT,backend/auth_api/ndsp_user_login_gateway.cjs,ndsp-user-login.service,POST /api/auth/2fa/setup/confirm,REAL_SNAPSHOT,API_CONNECTED,TRIAL,DISCOVERY_REQUIRED,LOCAL_ONLY,"Validate source, runtime owner, real-data calculation, API contract, role, and UI representation"
P0,CAP-5FEF33A2C87F,Ndsp User Login Gateway,API_ENDPOINT,backend/auth_api/ndsp_user_login_gateway.cjs,ndsp-user-login.service,POST /api/auth/events,REAL_SNAPSHOT,API_CONNECTED,TRIAL,DISCOVERY_REQUIRED,LOCAL_ONLY,"Validate source, runtime owner, real-data calculation, API contract, role, and UI representation"
P0,CAP-644C81537AC6,Ndsp User Login Gateway,API_ENDPOINT,backend/ndsp_user_login_gateway.cjs,ndsp-user-login.service,POST /api/auth/2fa/status,REAL_SNAPSHOT,API_CONNECTED,TRIAL,DISCOVERY_REQUIRED,ON_MAIN,"Validate source, runtime owner, real-data calculation, API contract, role, and UI representation"
P0,CAP-6565FE804AF5,Ndsp User Login Gateway,API_ENDPOINT,backend/ndsp_user_login_gateway.cjs,ndsp-user-login.service,POST /api/auth/2fa/login/verify,REAL_SNAPSHOT,API_CONNECTED,TRIAL,DISCOVERY_REQUIRED,ON_MAIN,"Validate source, runtime owner, real-data calculation, API contract, role, and UI representation"
P0,CAP-7B056D6FB736,Ndsp User Login Gateway,API_ENDPOINT,backend/auth_api/ndsp_user_login_gateway.cjs,ndsp-user-login.service,POST /api/auth/2fa/disable,REAL_SNAPSHOT,API_CONNECTED,TRIAL,DISCOVERY_REQUIRED,LOCAL_ONLY,"Validate source, runtime owner, real-data calculation, API contract, role, and UI representation"
P0,CAP-7EEC4AB2500E,Ndsp User Login Gateway,API_ENDPOINT,backend/auth_api/ndsp_user_login_gateway.cjs,ndsp-user-login.service,POST /api/auth/2fa/setup/start,REAL_SNAPSHOT,API_CONNECTED,TRIAL,DISCOVERY_REQUIRED,LOCAL_ONLY,"Validate source, runtime owner, real-data calculation, API contract, role, and UI representation"
P0,CAP-846435C78CD1,Ndsp User Login Gateway,API_ENDPOINT,backend/auth_api/ndsp_user_login_gateway.cjs,ndsp-user-login.service,POST /api/auth/2fa/setup,REAL_SNAPSHOT,API_CONNECTED,TRIAL,DISCOVERY_REQUIRED,LOCAL_ONLY,"Validate source, runtime owner, real-data calculation, API contract, role, and UI representation"
P0,CAP-8D64F6304F2E,Ndsp User Login Gateway,API_ENDPOINT,backend/auth_api/ndsp_user_login_gateway.cjs,ndsp-user-login.service,POST /api/auth/2fa/setup/skip,REAL_SNAPSHOT,API_CONNECTED,TRIAL,DISCOVERY_REQUIRED,LOCAL_ONLY,"Validate source, runtime owner, real-data calculation, API contract, role, and UI representation"
P0,CAP-8F78E58E5656,Ndsp User Login Gateway,API_ENDPOINT,backend/ndsp_user_login_gateway.cjs,ndsp-user-login.service,POST /api/auth/2fa/setup/confirm,REAL_SNAPSHOT,API_CONNECTED,TRIAL,DISCOVERY_REQUIRED,ON_MAIN,"Validate source, runtime owner, real-data calculation, API contract, role, and UI representation"
P0,CAP-9ADF707918ED,Ndsp User Login Gateway,API_ENDPOINT,backend/auth_api/ndsp_user_login_gateway.cjs,ndsp-user-login.service,GET /api/auth/survey/status,REAL_SNAPSHOT,API_CONNECTED,TRIAL,DISCOVERY_REQUIRED,LOCAL_ONLY,"Validate source, runtime owner, real-data calculation, API contract, role, and UI representation"
P0,CAP-A294A80A744D,Ndsp User Login Gateway,API_ENDPOINT,backend/auth_api/ndsp_user_login_gateway.cjs,ndsp-user-login.service,POST /api/auth/2fa/setup/confirm-final,REAL_SNAPSHOT,API_CONNECTED,TRIAL,DISCOVERY_REQUIRED,LOCAL_ONLY,"Validate source, runtime owner, real-data calculation, API contract, role, and UI representation"
P0,CAP-A810F8810A25,Ndsp User Login Gateway,API_ENDPOINT,backend/auth_api/ndsp_user_login_gateway.cjs,ndsp-user-login.service,POST /api/auth/2fa/login/verify,REAL_SNAPSHOT,API_CONNECTED,TRIAL,DISCOVERY_REQUIRED,LOCAL_ONLY,"Validate source, runtime owner, real-data calculation, API contract, role, and UI representation"
P0,CAP-A8D586B30335,Ndsp User Login Gateway,API_ENDPOINT,backend/auth_api/ndsp_user_login_gateway.cjs,ndsp-user-login.service,POST /api/auth/2fa/status,REAL_SNAPSHOT,API_CONNECTED,TRIAL,DISCOVERY_REQUIRED,LOCAL_ONLY,"Validate source, runtime owner, real-data calculation, API contract, role, and UI representation"
P0,CAP-B26FA1996A34,Ndsp User Login Gateway,API_ENDPOINT,backend/auth_api/ndsp_user_login_gateway.cjs,ndsp-user-login.service,GET /api/auth/profile,REAL_SNAPSHOT,API_CONNECTED,TRIAL,DISCOVERY_REQUIRED,LOCAL_ONLY,"Validate source, runtime owner, real-data calculation, API contract, role, and UI representation"
P0,CAP-C55DEBBD7CB7,Ndsp User Login Gateway,API_ENDPOINT,backend/ndsp_user_login_gateway.cjs,ndsp-user-login.service,POST /api/auth/2fa/disable,REAL_SNAPSHOT,API_CONNECTED,TRIAL,DISCOVERY_REQUIRED,ON_MAIN,"Validate source, runtime owner, real-data calculation, API contract, role, and UI representation"
P0,CAP-D054F1321201,Ndsp User Login Gateway,API_ENDPOINT,backend/ndsp_user_login_gateway.cjs,ndsp-user-login.service,POST /api/auth/2fa/setup/confirm-final,REAL_SNAPSHOT,API_CONNECTED,TRIAL,DISCOVERY_REQUIRED,ON_MAIN,"Validate source, runtime owner, real-data calculation, API contract, role, and UI representation"
P0,CAP-D6B934D294FE,Ndsp User Login Gateway,API_ENDPOINT,backend/auth_api/ndsp_user_login_gateway.cjs,ndsp-user-login.service,GET /api/auth/login/health,REAL_SNAPSHOT,UI_PARTIAL,TRIAL,backups/portal-v50-hard-retire-v2/20260727_000836/files/var/www/ndsp-my/assets/ndsp-login-v1.js|backups/portal-v50-retire-v2-1/20260727_001453/files/var/www/ndsp-my/assets/ndsp-login-v1.js|backups/portal-v50-retire-v2-2/20260727_001938/files/var/www/ndsp-my/assets/ndsp-login-v1.js|backups/retire-portal-v50-v1/20260727_000318/files/var/www/ndsp-my/assets/ndsp-login-v1.js|docs/05-runbooks/NDSP_LOGIN_PUBLIC_SOURCE_DISCOVERY_V6_20260727_135357/js/asset-1.js|docs/05-runbooks/NDSP_P1_AUTH_FUNCTIONAL_DISCOVERY_READONLY_20260707_232843.md,LOCAL_ONLY,"Validate source, runtime owner, real-data calculation, API contract, role, and UI representation"
P0,CAP-E01E3F460977,Ndsp User Login Gateway,API_ENDPOINT,backend/ndsp_user_login_gateway.cjs,ndsp-user-login.service,GET /api/auth/login/health,REAL_SNAPSHOT,UI_PARTIAL,TRIAL,backups/portal-v50-hard-retire-v2/20260727_000836/files/var/www/ndsp-my/assets/ndsp-login-v1.js|backups/portal-v50-retire-v2-1/20260727_001453/files/var/www/ndsp-my/assets/ndsp-login-v1.js|backups/portal-v50-retire-v2-2/20260727_001938/files/var/www/ndsp-my/assets/ndsp-login-v1.js|backups/retire-portal-v50-v1/20260727_000318/files/var/www/ndsp-my/assets/ndsp-login-v1.js|docs/05-runbooks/NDSP_LOGIN_PUBLIC_SOURCE_DISCOVERY_V6_20260727_135357/js/asset-1.js|docs/05-runbooks/NDSP_P1_AUTH_FUNCTIONAL_DISCOVERY_READONLY_20260707_232843.md,ON_MAIN,"Validate source, runtime owner, real-data calculation, API contract, role, and UI representation"
P0,CAP-E07F7BC7E52F,Ndsp User Login Gateway,API_ENDPOINT,backend/auth_api/ndsp_user_login_gateway.cjs,ndsp-user-login.service,POST /api/auth/internal/evidence,REAL_SNAPSHOT,API_CONNECTED,TRIAL,DISCOVERY_REQUIRED,LOCAL_ONLY,"Validate source, runtime owner, real-data calculation, API contract, role, and UI representation"
P0,CAP-E6FFD507C6FA,Ndsp User Login Gateway,API_ENDPOINT,backend/ndsp_user_login_gateway.cjs,ndsp-user-login.service,POST /api/auth/2fa/setup/confirm-speakeasy,REAL_SNAPSHOT,API_CONNECTED,TRIAL,DISCOVERY_REQUIRED,ON_MAIN,"Validate source, runtime owner, real-data calculation, API contract, role, and UI representation"
P0,CAP-E73BB362CCA6,Ndsp User Login Gateway,API_ENDPOINT,backend/auth_api/ndsp_user_login_gateway.cjs,ndsp-user-login.service,GET /api/auth/session,REAL_SNAPSHOT,UI_PARTIAL,TRIAL,backups/active-entrypoint-to-canonical-v1/20260726_233204/files/var/www/ndsp-my/decision-room-v30-1/index.html|backups/active-entrypoint-to-canonical-v1/20260726_233204/files/var/www/ndsp-my/decision-room-v30/index.html|backups/active-entrypoint-to-canonical-v1/20260726_233204/files/var/www/ndsp-my/decision-room/index.html|backups/active-entrypoint-to-canonical-v1/20260726_233204/files/var/www/ndsp-my/user-portal/index.html|backups/portal-v50-hard-retire-v2/20260727_000836/files/var/www/ndsp-my/access/index.html|backups/portal-v50-hard-retire-v2/20260727_000836/files/var/www/ndsp-my/dashboard/index.html|backups/portal-v50-hard-retire-v2/20260727_000836/files/var/www/ndsp-my/decision-room-v30-1/index.html|backups/portal-v50-hard-retire-v2/20260727_000836/files/var/www/ndsp-my/decision-room-v30/index.html|backups/portal-v50-hard-retire-v2/20260727_000836/files/var/www/ndsp-my/decision-room-v31/account/index.html|backups/portal-v50-hard-retire-v2/20260727_000836/files/var/www/ndsp-my/decision-room-v31/index.html|backups/portal-v50-hard-retire-v2/20260727_000836/files/var/www/ndsp-my/decision-room/index.html|backups/portal-v50-hard-retire-v2/20260727_000836/files/var/www/ndsp-my/ndsp-canonical-user-portal-v78.js|backups/portal-v50-hard-retire-v2/20260727_000836/files/var/www/ndsp-my/ndsp-canonical-user-portal-v79.js|backups/portal-v50-hard-retire-v2/20260727_000836/files/var/www/ndsp-my/ndsp-canonical-user-portal-v86.js|backups/portal-v50-hard-retire-v2/20260727_000836/files/var/www/ndsp-my/user-portal/index.html|backups/portal-v50-retire-v2-1/20260727_001453/files/var/www/ndsp-my/access/index.html|backups/portal-v50-retire-v2-1/20260727_001453/files/var/www/ndsp-my/dashboard/index.html|backups/portal-v50-retire-v2-1/20260727_001453/files/var/www/ndsp-my/decision-room-v30-1/index.html|backups/portal-v50-retire-v2-1/20260727_001453/files/var/www/ndsp-my/decision-room-v30/index.html|backups/portal-v50-retire-v2-1/20260727_001453/files/var/www/ndsp-my/decision-room-v31/account/index.html|backups/portal-v50-retire-v2-1/20260727_001453/files/var/www/ndsp-my/decision-room-v31/index.html|backups/portal-v50-retire-v2-1/20260727_001453/files/var/www/ndsp-my/decision-room/index.html|backups/portal-v50-retire-v2-1/20260727_001453/files/var/www/ndsp-my/ndsp-canonical-user-portal-v78.js|backups/portal-v50-retire-v2-1/20260727_001453/files/var/www/ndsp-my/ndsp-canonical-user-portal-v79.js|backups/portal-v50-retire-v2-1/20260727_001453/files/var/www/ndsp-my/ndsp-canonical-user-portal-v86.js|backups/portal-v50-retire-v2-1/20260727_001453/files/var/www/ndsp-my/user-portal/index.html|backups/portal-v50-retire-v2-2/20260727_001938/files/var/www/ndsp-my/access/index.html|backups/portal-v50-retire-v2-2/20260727_001938/files/var/www/ndsp-my/dashboard/index.html|backups/portal-v50-retire-v2-2/20260727_001938/files/var/www/ndsp-my/decision-room-v30-1/index.html|backups/portal-v50-retire-v2-2/20260727_001938/files/var/www/ndsp-my/decision-room-v30/index.html|backups/portal-v50-retire-v2-2/20260727_001938/files/var/www/ndsp-my/decision-room-v31/account/index.html|backups/portal-v50-retire-v2-2/20260727_001938/files/var/www/ndsp-my/decision-room-v31/index.html|backups/portal-v50-retire-v2-2/20260727_001938/files/var/www/ndsp-my/decision-room/index.html|backups/portal-v50-retire-v2-2/20260727_001938/files/var/www/ndsp-my/ndsp-canonical-user-portal-v78.js|backups/portal-v50-retire-v2-2/20260727_001938/files/var/www/ndsp-my/ndsp-canonical-user-portal-v79.js|backups/portal-v50-retire-v2-2/20260727_001938/files/var/www/ndsp-my/ndsp-canonical-user-portal-v86.js|backups/portal-v50-retire-v2-2/20260727_001938/files/var/www/ndsp-my/user-portal/index.html|backups/retire-portal-v50-v1/20260727_000318/files/var/www/ndsp-my/access/index.html|backups/retire-portal-v50-v1/20260727_000318/files/var/www/ndsp-my/dashboard/index.html|backups/retire-portal-v50-v1/20260727_000318/files/var/www/ndsp-my/decision-room-v30-1/index.html|backups/retire-portal-v50-v1/20260727_000318/files/var/www/ndsp-my/decision-room-v30/index.html|backups/retire-portal-v50-v1/20260727_000318/files/var/www/ndsp-my/decision-room-v31/account/index.html|backups/retire-portal-v50-v1/20260727_000318/files/var/www/ndsp-my/decision-room-v31/index.html|backups/retire-portal-v50-v1/20260727_000318/files/var/www/ndsp-my/decision-room/index.html|backups/retire-portal-v50-v1/20260727_000318/files/var/www/ndsp-my/ndsp-canonical-user-portal-v78.js|backups/retire-portal-v50-v1/20260727_000318/files/var/www/ndsp-my/ndsp-canonical-user-portal-v79.js|backups/retire-portal-v50-v1/20260727_000318/files/var/www/ndsp-my/ndsp-canonical-user-portal-v86.js|backups/retire-portal-v50-v1/20260727_000318/files/var/www/ndsp-my/user-portal/index.html|docs/05-runbooks/NDSP_LOGIN_PUBLIC_SOURCE_DISCOVERY_V6_20260727_135357/js/asset-1.js|frontend/ndsp-user-portal-v50/public/ndsp-canonical-user-portal-v78.js|frontend/ndsp-user-portal-v50/public/ndsp-canonical-user-portal-v79.js|frontend/ndsp-user-portal-v50/public/ndsp-canonical-user-portal-v86.js,LOCAL_ONLY,"Validate source, runtime owner, real-data calculation, API contract, role, and UI representation"
P0,CAP-F139426B5341,Ndsp User Login Gateway,API_ENDPOINT,backend/ndsp_user_login_gateway.cjs,ndsp-user-login.service,POST /api/auth/2fa/setup,REAL_SNAPSHOT,API_CONNECTED,TRIAL,DISCOVERY_REQUIRED,ON_MAIN,"Validate source, runtime owner, real-data calculation, API contract, role, and UI representation"
P0,CAP-F56AB637F669,Ndsp User Login Gateway,API_ENDPOINT,backend/ndsp_user_login_gateway.cjs,ndsp-user-login.service,POST /api/auth/2fa/confirm,REAL_SNAPSHOT,API_CONNECTED,TRIAL,DISCOVERY_REQUIRED,ON_MAIN,"Validate source, runtime owner, real-data calculation, API contract, role, and UI representation"
P0,CAP-3F820FC0AC86,Ndsp User Portal Final Experience V1 One Script,API_ENDPOINT,NDSP_USER_PORTAL_FINAL_EXPERIENCE_V1_ONE_SCRIPT.sh,DISCOVERY_REQUIRED,GET /api/auth/session,REAL_LIVE,UI_PARTIAL,TRIAL,backups/active-entrypoint-to-canonical-v1/20260726_233204/files/var/www/ndsp-my/decision-room-v30-1/index.html|backups/active-entrypoint-to-canonical-v1/20260726_233204/files/var/www/ndsp-my/decision-room-v30/index.html|backups/active-entrypoint-to-canonical-v1/20260726_233204/files/var/www/ndsp-my/decision-room/index.html|backups/active-entrypoint-to-canonical-v1/20260726_233204/files/var/www/ndsp-my/user-portal/index.html|backups/portal-v50-hard-retire-v2/20260727_000836/files/var/www/ndsp-my/access/index.html|backups/portal-v50-hard-retire-v2/20260727_000836/files/var/www/ndsp-my/dashboard/index.html|backups/portal-v50-hard-retire-v2/20260727_000836/files/var/www/ndsp-my/decision-room-v30-1/index.html|backups/portal-v50-hard-retire-v2/20260727_000836/files/var/www/ndsp-my/decision-room-v30/index.html|backups/portal-v50-hard-retire-v2/20260727_000836/files/var/www/ndsp-my/decision-room-v31/account/index.html|backups/portal-v50-hard-retire-v2/20260727_000836/files/var/www/ndsp-my/decision-room-v31/index.html|backups/portal-v50-hard-retire-v2/20260727_000836/files/var/www/ndsp-my/decision-room/index.html|backups/portal-v50-hard-retire-v2/20260727_000836/files/var/www/ndsp-my/ndsp-canonical-user-portal-v78.js|backups/portal-v50-hard-retire-v2/20260727_000836/files/var/www/ndsp-my/ndsp-canonical-user-portal-v79.js|backups/portal-v50-hard-retire-v2/20260727_000836/files/var/www/ndsp-my/ndsp-canonical-user-portal-v86.js|backups/portal-v50-hard-retire-v2/20260727_000836/files/var/www/ndsp-my/user-portal/index.html|backups/portal-v50-retire-v2-1/20260727_001453/files/var/www/ndsp-my/access/index.html|backups/portal-v50-retire-v2-1/20260727_001453/files/var/www/ndsp-my/dashboard/index.html|backups/portal-v50-retire-v2-1/20260727_001453/files/var/www/ndsp-my/decision-room-v30-1/index.html|backups/portal-v50-retire-v2-1/20260727_001453/files/var/www/ndsp-my/decision-room-v30/index.html|backups/portal-v50-retire-v2-1/20260727_001453/files/var/www/ndsp-my/decision-room-v31/account/index.html|backups/portal-v50-retire-v2-1/20260727_001453/files/var/www/ndsp-my/decision-room-v31/index.html|backups/portal-v50-retire-v2-1/20260727_001453/files/var/www/ndsp-my/decision-room/index.html|backups/portal-v50-retire-v2-1/20260727_001453/files/var/www/ndsp-my/ndsp-canonical-user-portal-v78.js|backups/portal-v50-retire-v2-1/20260727_001453/files/var/www/ndsp-my/ndsp-canonical-user-portal-v79.js|backups/portal-v50-retire-v2-1/20260727_001453/files/var/www/ndsp-my/ndsp-canonical-user-portal-v86.js|backups/portal-v50-retire-v2-1/20260727_001453/files/var/www/ndsp-my/user-portal/index.html|backups/portal-v50-retire-v2-2/20260727_001938/files/var/www/ndsp-my/access/index.html|backups/portal-v50-retire-v2-2/20260727_001938/files/var/www/ndsp-my/dashboard/index.html|backups/portal-v50-retire-v2-2/20260727_001938/files/var/www/ndsp-my/decision-room-v30-1/index.html|backups/portal-v50-retire-v2-2/20260727_001938/files/var/www/ndsp-my/decision-room-v30/index.html|backups/portal-v50-retire-v2-2/20260727_001938/files/var/www/ndsp-my/decision-room-v31/account/index.html|backups/portal-v50-retire-v2-2/20260727_001938/files/var/www/ndsp-my/decision-room-v31/index.html|backups/portal-v50-retire-v2-2/20260727_001938/files/var/www/ndsp-my/decision-room/index.html|backups/portal-v50-retire-v2-2/20260727_001938/files/var/www/ndsp-my/ndsp-canonical-user-portal-v78.js|backups/portal-v50-retire-v2-2/20260727_001938/files/var/www/ndsp-my/ndsp-canonical-user-portal-v79.js|backups/portal-v50-retire-v2-2/20260727_001938/files/var/www/ndsp-my/ndsp-canonical-user-portal-v86.js|backups/portal-v50-retire-v2-2/20260727_001938/files/var/www/ndsp-my/user-portal/index.html|backups/retire-portal-v50-v1/20260727_000318/files/var/www/ndsp-my/access/index.html|backups/retire-portal-v50-v1/20260727_000318/files/var/www/ndsp-my/dashboard/index.html|backups/retire-portal-v50-v1/20260727_000318/files/var/www/ndsp-my/decision-room-v30-1/index.html|backups/retire-portal-v50-v1/20260727_000318/files/var/www/ndsp-my/decision-room-v30/index.html|backups/retire-portal-v50-v1/20260727_000318/files/var/www/ndsp-my/decision-room-v31/account/index.html|backups/retire-portal-v50-v1/20260727_000318/files/var/www/ndsp-my/decision-room-v31/index.html|backups/retire-portal-v50-v1/20260727_000318/files/var/www/ndsp-my/decision-room/index.html|backups/retire-portal-v50-v1/20260727_000318/files/var/www/ndsp-my/ndsp-canonical-user-portal-v78.js|backups/retire-portal-v50-v1/20260727_000318/files/var/www/ndsp-my/ndsp-canonical-user-portal-v79.js|backups/retire-portal-v50-v1/20260727_000318/files/var/www/ndsp-my/ndsp-canonical-user-portal-v86.js|backups/retire-portal-v50-v1/20260727_000318/files/var/www/ndsp-my/user-portal/index.html|docs/05-runbooks/NDSP_LOGIN_PUBLIC_SOURCE_DISCOVERY_V6_20260727_135357/js/asset-1.js|frontend/ndsp-user-portal-v50/public/ndsp-canonical-user-portal-v78.js|frontend/ndsp-user-portal-v50/public/ndsp-canonical-user-portal-v79.js|frontend/ndsp-user-portal-v50/public/ndsp-canonical-user-portal-v86.js,UNTRACKED,"Validate source, runtime owner, real-data calculation, API contract, role, and UI representation"
P0,CAP-4B8CAC6792AE,Ndsp User Portal Final Experience V1 One Script,API_ENDPOINT,NDSP_USER_PORTAL_FINAL_EXPERIENCE_V1_ONE_SCRIPT.sh,DISCOVERY_REQUIRED,GET /api/user/experience,REAL_LIVE,UI_PARTIAL,TRIAL,NDSP_USER_PORTAL_FINAL_EXPERIENCE_V1_ONE_SCRIPT.sh,UNTRACKED,"Validate source, runtime owner, real-data calculation, API contract, role, and UI representation"
P0,CAP-AD97D3157EBD,Ndsp User Portal Final Experience V1 One Script,API_ENDPOINT,NDSP_USER_PORTAL_FINAL_EXPERIENCE_V1_ONE_SCRIPT.sh,DISCOVERY_REQUIRED,POST /api/user/survey,REAL_LIVE,API_CONNECTED,TRIAL,DISCOVERY_REQUIRED,UNTRACKED,"Validate source, runtime owner, real-data calculation, API contract, role, and UI representation"
P0,CAP-B2ADCE8E14C1,Ndsp User Portal Final Experience V1 One Script,API_ENDPOINT,NDSP_USER_PORTAL_FINAL_EXPERIENCE_V1_ONE_SCRIPT.sh,DISCOVERY_REQUIRED,POST /api/user/legal-acceptance,REAL_LIVE,API_CONNECTED,TRIAL,DISCOVERY_REQUIRED,UNTRACKED,"Validate source, runtime owner, real-data calculation, API contract, role, and UI representation"
P0,CAP-E4980A40032A,Ndsp User Portal Final Experience V1 One Script,API_ENDPOINT,NDSP_USER_PORTAL_FINAL_EXPERIENCE_V1_ONE_SCRIPT.sh,DISCOVERY_REQUIRED,GET /api/user/notifications,REAL_LIVE,UI_PARTIAL,TRIAL,NDSP_USER_PORTAL_FINAL_EXPERIENCE_V1_ONE_SCRIPT.sh,UNTRACKED,"Validate source, runtime owner, real-data calculation, API contract, role, and UI representation"
P0,CAP-242A581E1E52,Ndsp Write Alert State,ALGORITHM_OR_BUSINESS_LOGIC,backend/auth_api/ndsp_admin_ui_proxy.cjs::ndspWriteAlertState,ndsp-admin-ui-proxy.service,GET /api/admin-ui/health|GET /api/admin-ui/summary|GET /api/admin-ui/users|GET /api/admin-ui/payments|GET /api/admin-ui/trials|GET /api/admin-ui/packages|GET /api/admin-ui/markets|GET /api/admin-ui/alerts|POST /api/admin-ui/alerts/channel|POST /api/admin-ui/alerts/test|GET /api/admin-ui/backups|GET /api/admin-ui/governance|POST /api/admin-ui/action,REAL_SNAPSHOT,UI_PARTIAL,TRIAL,DISCOVERY_REQUIRED,LOCAL_ONLY,"Validate source, runtime owner, real-data calculation, API contract, role, and UI representation"
P0,CAP-753A055CFA5A,Ndsp Write Alert State,ALGORITHM_OR_BUSINESS_LOGIC,backend/ndsp_admin_ui_proxy.cjs::ndspWriteAlertState,ndsp-admin-ui-proxy.service,GET /api/admin-ui/health|GET /api/admin-ui/summary|GET /api/admin-ui/users|GET /api/admin-ui/payments|GET /api/admin-ui/trials|GET /api/admin-ui/packages|GET /api/admin-ui/markets|GET /api/admin-ui/alerts|POST /api/admin-ui/alerts/channel|POST /api/admin-ui/alerts/test|GET /api/admin-ui/backups|GET /api/admin-ui/governance|POST /api/admin-ui/action,REAL_SNAPSHOT,UI_PARTIAL,TRIAL,DISCOVERY_REQUIRED,ON_MAIN,"Validate source, runtime owner, real-data calculation, API contract, role, and UI representation"
P0,CAP-033B90B3A316,Nowpayments Create Alias,API_ENDPOINT,backend/app/api/compat/nowpayments_create_alias.py,DISCOVERY_REQUIRED,POST /api/payments/nowpayments/subscription/create,REAL_SNAPSHOT,API_CONNECTED,SUBSCRIPTION,DISCOVERY_REQUIRED,LOCAL_ONLY,"Validate source, runtime owner, real-data calculation, API contract, role, and UI representation"
P0,CAP-329C5FE62399,Nowpayments Create Alias,API_ENDPOINT,backend/app/api/compat/nowpayments_create_alias.py,DISCOVERY_REQUIRED,POST /api/v6/payments/nowpayments/subscription/create,REAL_SNAPSHOT,API_CONNECTED,SUBSCRIPTION,DISCOVERY_REQUIRED,LOCAL_ONLY,"Validate source, runtime owner, real-data calculation, API contract, role, and UI representation"
P0,CAP-4C3B7B99A4A6,Nowpayments Create Alias,API_ENDPOINT,backend/app/api/compat/nowpayments_create_alias.py,DISCOVERY_REQUIRED,GET /api/ndsp/nowpayments-create-alias/health,REAL_SNAPSHOT,API_CONNECTED,SUBSCRIPTION,DISCOVERY_REQUIRED,LOCAL_ONLY,"Validate source, runtime owner, real-data calculation, API contract, role, and UI representation"
P0,CAP-6B7418516628,Put Alert Prefs,ALGORITHM_OR_BUSINESS_LOGIC,backend/app/api/v1/frontend_contract.py::put_alert_prefs,DISCOVERY_REQUIRED,GET /contract/status|POST /auth/register|POST /auth/login|POST /auth/2fa/verify|POST /auth/magic-link|GET /auth/magic-link/verify|POST /auth/forgot|POST /auth/reset|POST /account/activate|GET /account/trial|GET /packages|GET /me/entitlements|POST /payments/checkout|POST /payments/webhook|GET /me/subscription|GET /markets|GET /assets|GET /assets/{asset_id}/decision|GET /assets/{asset_id}/chart|GET /brief/today|GET /me/watchlist|POST /me/watchlist|DELETE /me/watchlist/{asset_id}|GET /me/dashboard|GET /me/alert-prefs|PUT /me/alert-prefs|POST /me/channels/telegram/link|POST /me/channels/telegram/verify|POST /me/channels/email/test|GET /admin/registrations|POST /admin/registrations/{registration_id}/decision|GET /admin/trials|GET /admin/payments|POST /admin/payments/{payment_id}/approve|POST /admin/payments/{payment_id}/reject|GET /admin/layers|GET /admin/health|GET /contract/status|POST /auth/register|POST /auth/login|POST /auth/2fa/verify|POST /auth/magic-link|GET /auth/magic-link/verify|POST /auth/forgot|POST /auth/reset|POST /account/activate|GET /account/trial|GET /packages|GET /me/entitlements|POST /payments/checkout|POST /payments/webhook|GET /me/subscription|GET /markets|GET /assets|GET /assets/{asset_id}/decision|GET /assets/{asset_id}/chart|GET /brief/today|GET /me/watchlist|POST /me/watchlist|DELETE /me/watchlist/{asset_id}|GET /me/dashboard|GET /me/alert-prefs|PUT /me/alert-prefs|POST /me/channels/telegram/link|POST /me/channels/telegram/verify|POST /me/channels/email/test|GET /admin/registrations|POST /admin/registrations/{registration_id}/decision|GET /admin/trials|GET /admin/payments|POST /admin/payments/{payment_id}/approve|POST /admin/payments/{payment_id}/reject|GET /admin/layers|GET /admin/health,UNKNOWN,UI_PARTIAL,TRIAL,DISCOVERY_REQUIRED,LOCAL_ONLY,"Validate source, runtime owner, real-data calculation, API contract, role, and UI representation"
P0,CAP-3A5ED3DB0C0D,Risk Label,ALGORITHM_OR_BUSINESS_LOGIC,backend/app/support_layers/scenario/scenario_engine.py::_risk_label,DISCOVERY_REQUIRED,DISCOVERY_REQUIRED,UNKNOWN,UI_PARTIAL,ADMIN,DISCOVERY_REQUIRED,LOCAL_ONLY,"Validate source, runtime owner, real-data calculation, API contract, role, and UI representation"
P0,CAP-98156F574B28,Risk Warnings,ALGORITHM_OR_BUSINESS_LOGIC,backend/app/support_layers/scenario/scenario_engine.py::_risk_warnings,DISCOVERY_REQUIRED,DISCOVERY_REQUIRED,UNKNOWN,UI_PARTIAL,ADMIN,DISCOVERY_REQUIRED,LOCAL_ONLY,"Validate source, runtime owner, real-data calculation, API contract, role, and UI representation"
P0,CAP-552A04A27A0F,Scenario Report,ALGORITHM_OR_BUSINESS_LOGIC,backend/app/support_layers/scenario/scenario_engine.py::ScenarioReport,DISCOVERY_REQUIRED,DISCOVERY_REQUIRED,UNKNOWN,UI_PARTIAL,ADMIN,DISCOVERY_REQUIRED,LOCAL_ONLY,"Validate source, runtime owner, real-data calculation, API contract, role, and UI representation"
P0,CAP-CF000A7305E2,Subscription Status Compat,ALGORITHM_OR_BUSINESS_LOGIC,backend/app/api/compat/user_operational_compat.py::subscription_status_compat,DISCOVERY_REQUIRED,GET /api/ndsp/compat/health|POST /api/trial/register|POST /api/v1/trial/register|POST /api/trial/request|POST /api/auth/register-trial|POST /api/auth/activate|GET /api/auth/activate|GET /api/v6/payments/nowpayments/subscription/status|GET /api/payments/nowpayments/subscription/status|POST /api/v6/payments/nowpayments/subscription/create|POST /api/payments/nowpayments/subscription/create|GET /api/user/alert-preferences|POST /api/user/alert-preferences|POST /api/telegram/link/start|POST /api/telegram/link/verify|POST /api/alerts/email/test|GET /api/ndsp/compat/health|POST /api/trial/register|POST /api/v1/trial/register|POST /api/trial/request|POST /api/auth/register-trial|POST /api/auth/activate|GET /api/auth/activate|GET /api/v6/payments/nowpayments/subscription/status|GET /api/payments/nowpayments/subscription/status|POST /api/v6/payments/nowpayments/subscription/create|POST /api/payments/nowpayments/subscription/create|GET /api/user/alert-preferences|POST /api/user/alert-preferences|POST /api/telegram/link/start|POST /api/telegram/link/verify|POST /api/alerts/email/test,REAL_SNAPSHOT,UI_PARTIAL,TRIAL,DISCOVERY_REQUIRED,LOCAL_ONLY,"Validate source, runtime owner, real-data calculation, API contract, role, and UI representation"
P0,CAP-4FF90CCC6DFE,Tdl V2 Policy Admin,API_ENDPOINT,apps/ndsp-governance-bridge/policies/admin_snapshot/tdl_v2_policy_admin.py,ndsp-governance-bridge.service,GET /policy,UNKNOWN,API_CONNECTED,ADMIN,DISCOVERY_REQUIRED,LOCAL_ONLY,"Validate source, runtime owner, real-data calculation, API contract, role, and UI representation"
P0,CAP-8A9DD9B6E7D5,Tdl V2 Policy Admin,API_ENDPOINT,apps/ndsp-governance-bridge/policies/admin_snapshot/tdl_v2_policy_admin.py,ndsp-governance-bridge.service,GET /auth-debug,UNKNOWN,API_CONNECTED,ADMIN,DISCOVERY_REQUIRED,LOCAL_ONLY,"Validate source, runtime owner, real-data calculation, API contract, role, and UI representation"
P0,CAP-93DD0F3859D4,Tdl V2 Policy Admin,API_ENDPOINT,apps/ndsp-governance-bridge/policies/admin_snapshot/tdl_v2_policy_admin.py,ndsp-governance-bridge.service,POST /timing/disable,UNKNOWN,API_CONNECTED,ADMIN,DISCOVERY_REQUIRED,LOCAL_ONLY,"Validate source, runtime owner, real-data calculation, API contract, role, and UI representation"
P0,CAP-AA4ECF6DF3F8,Tdl V2 Policy Admin,API_ENDPOINT,apps/ndsp-governance-bridge/policies/admin_snapshot/tdl_v2_policy_admin.py,ndsp-governance-bridge.service,POST /policy,UNKNOWN,API_CONNECTED,ADMIN,DISCOVERY_REQUIRED,LOCAL_ONLY,"Validate source, runtime owner, real-data calculation, API contract, role, and UI representation"
P0,CAP-C84121300635,Tdl V2 Policy Admin,API_ENDPOINT,apps/ndsp-governance-bridge/policies/admin_snapshot/tdl_v2_policy_admin.py,ndsp-governance-bridge.service,POST /timing/enable,UNKNOWN,API_CONNECTED,ADMIN,DISCOVERY_REQUIRED,LOCAL_ONLY,"Validate source, runtime owner, real-data calculation, API contract, role, and UI representation"
P0,CAP-A194414E26E2,Telegram Routing Admin,API_ENDPOINT,backend/app/api/admin/telegram_routing_admin.py,DISCOVERY_REQUIRED,POST /test,REAL_SNAPSHOT,API_CONNECTED,PASSWORD_RESET,DISCOVERY_REQUIRED,LOCAL_ONLY,"Validate source, runtime owner, real-data calculation, API contract, role, and UI representation"
P0,CAP-C3C9F07E6EC7,Telegram Routing Admin,API_ENDPOINT,backend/app/api/admin/telegram_routing_admin.py,DISCOVERY_REQUIRED,GET /status,REAL_SNAPSHOT,UI_PARTIAL,PASSWORD_RESET,frontend/public-landing/NDSP_Landing.html|frontend/public-site/ndsp-counter-debug.html,LOCAL_ONLY,"Validate source, runtime owner, real-data calculation, API contract, role, and UI representation"
P0,CAP-FBE70B1294BC,Telegram Routing Admin,API_ENDPOINT,backend/app/api/admin/telegram_routing_admin.py,DISCOVERY_REQUIRED,POST /update,REAL_SNAPSHOT,API_CONNECTED,PASSWORD_RESET,DISCOVERY_REQUIRED,LOCAL_ONLY,"Validate source, runtime owner, real-data calculation, API contract, role, and UI representation"
P0,CAP-65156AA526BC,Telegram Routing Internal,API_ENDPOINT,backend/app/api/internal/telegram_routing_internal.py,DISCOVERY_REQUIRED,POST /update,REAL_SNAPSHOT,API_CONNECTED,PASSWORD_RESET,DISCOVERY_REQUIRED,LOCAL_ONLY,"Validate source, runtime owner, real-data calculation, API contract, role, and UI representation"
P0,CAP-6FE68AAF4F33,Telegram Routing Internal,API_ENDPOINT,backend/app/api/internal/telegram_routing_internal.py,DISCOVERY_REQUIRED,GET /status,REAL_SNAPSHOT,UI_PARTIAL,PASSWORD_RESET,frontend/public-landing/NDSP_Landing.html|frontend/public-site/ndsp-counter-debug.html,LOCAL_ONLY,"Validate source, runtime owner, real-data calculation, API contract, role, and UI representation"
P0,CAP-B3BF7C85F687,Telegram Routing Internal,API_ENDPOINT,backend/app/api/internal/telegram_routing_internal.py,DISCOVERY_REQUIRED,POST /test,REAL_SNAPSHOT,API_CONNECTED,PASSWORD_RESET,DISCOVERY_REQUIRED,LOCAL_ONLY,"Validate source, runtime owner, real-data calculation, API contract, role, and UI representation"
P0,CAP-C60CD9D10164,Telegram Routing Internal,API_ENDPOINT,backend/app/api/internal/telegram_routing_internal.py,DISCOVERY_REQUIRED,GET /debug-auth,REAL_SNAPSHOT,API_CONNECTED,PASSWORD_RESET,DISCOVERY_REQUIRED,LOCAL_ONLY,"Validate source, runtime owner, real-data calculation, API contract, role, and UI representation"
P0,CAP-EC53447FDEFA,Telegram Routing Internal,API_ENDPOINT,backend/app/api/internal/telegram_routing_internal.py,DISCOVERY_REQUIRED,GET /debug-db,REAL_SNAPSHOT,API_CONNECTED,PASSWORD_RESET,DISCOVERY_REQUIRED,LOCAL_ONLY,"Validate source, runtime owner, real-data calculation, API contract, role, and UI representation"
P0,CAP-22453668AACA,Telegram Routing V2,API_ENDPOINT,backend/app/api/admin/telegram_routing_v2.py,DISCOVERY_REQUIRED,POST /update,REAL_SNAPSHOT,API_CONNECTED,PASSWORD_RESET,DISCOVERY_REQUIRED,LOCAL_ONLY,"Validate source, runtime owner, real-data calculation, API contract, role, and UI representation"
P0,CAP-45BEE5E5B9D6,Telegram Routing V2,API_ENDPOINT,backend/app/api/admin/telegram_routing_v2.py,DISCOVERY_REQUIRED,GET /status,REAL_SNAPSHOT,UI_PARTIAL,PASSWORD_RESET,frontend/public-landing/NDSP_Landing.html|frontend/public-site/ndsp-counter-debug.html,LOCAL_ONLY,"Validate source, runtime owner, real-data calculation, API contract, role, and UI representation"
P0,CAP-8CF43007F5CD,Telegram Routing V2,API_ENDPOINT,backend/app/api/admin/telegram_routing_v2.py,DISCOVERY_REQUIRED,GET /debug-auth,REAL_SNAPSHOT,API_CONNECTED,PASSWORD_RESET,DISCOVERY_REQUIRED,LOCAL_ONLY,"Validate source, runtime owner, real-data calculation, API contract, role, and UI representation"
P0,CAP-CAD48928C8E4,Telegram Routing V2,API_ENDPOINT,backend/app/api/admin/telegram_routing_v2.py,DISCOVERY_REQUIRED,POST /test,REAL_SNAPSHOT,API_CONNECTED,PASSWORD_RESET,DISCOVERY_REQUIRED,LOCAL_ONLY,"Validate source, runtime owner, real-data calculation, API contract, role, and UI representation"
P0,CAP-A6810593B898,Trial Register Compat,ALGORITHM_OR_BUSINESS_LOGIC,backend/app/api/compat/user_operational_compat.py::trial_register_compat,DISCOVERY_REQUIRED,GET /api/ndsp/compat/health|POST /api/trial/register|POST /api/v1/trial/register|POST /api/trial/request|POST /api/auth/register-trial|POST /api/auth/activate|GET /api/auth/activate|GET /api/v6/payments/nowpayments/subscription/status|GET /api/payments/nowpayments/subscription/status|POST /api/v6/payments/nowpayments/subscription/create|POST /api/payments/nowpayments/subscription/create|GET /api/user/alert-preferences|POST /api/user/alert-preferences|POST /api/telegram/link/start|POST /api/telegram/link/verify|POST /api/alerts/email/test|GET /api/ndsp/compat/health|POST /api/trial/register|POST /api/v1/trial/register|POST /api/trial/request|POST /api/auth/register-trial|POST /api/auth/activate|GET /api/auth/activate|GET /api/v6/payments/nowpayments/subscription/status|GET /api/payments/nowpayments/subscription/status|POST /api/v6/payments/nowpayments/subscription/create|POST /api/payments/nowpayments/subscription/create|GET /api/user/alert-preferences|POST /api/user/alert-preferences|POST /api/telegram/link/start|POST /api/telegram/link/verify|POST /api/alerts/email/test,REAL_SNAPSHOT,UI_PARTIAL,TRIAL,DISCOVERY_REQUIRED,LOCAL_ONLY,"Validate source, runtime owner, real-data calculation, API contract, role, and UI representation"
P0,CAP-9866D4AE9D59,Update User Status,ALGORITHM_OR_BUSINESS_LOGIC,backend/ndsp_admin_ui_proxy.cjs::updateUserStatus,ndsp-admin-ui-proxy.service,GET /api/admin-ui/health|GET /api/admin-ui/summary|GET /api/admin-ui/users|GET /api/admin-ui/payments|GET /api/admin-ui/trials|GET /api/admin-ui/packages|GET /api/admin-ui/markets|GET /api/admin-ui/alerts|POST /api/admin-ui/alerts/channel|POST /api/admin-ui/alerts/test|GET /api/admin-ui/backups|GET /api/admin-ui/governance|POST /api/admin-ui/action,REAL_SNAPSHOT,UI_PARTIAL,TRIAL,DISCOVERY_REQUIRED,ON_MAIN,"Validate source, runtime owner, real-data calculation, API contract, role, and UI representation"
P0,CAP-ECBB8B6ED8D2,Update User Status,ALGORITHM_OR_BUSINESS_LOGIC,backend/auth_api/ndsp_admin_ui_proxy.cjs::updateUserStatus,ndsp-admin-ui-proxy.service,GET /api/admin-ui/health|GET /api/admin-ui/summary|GET /api/admin-ui/users|GET /api/admin-ui/payments|GET /api/admin-ui/trials|GET /api/admin-ui/packages|GET /api/admin-ui/markets|GET /api/admin-ui/alerts|POST /api/admin-ui/alerts/channel|POST /api/admin-ui/alerts/test|GET /api/admin-ui/backups|GET /api/admin-ui/governance|POST /api/admin-ui/action,REAL_SNAPSHOT,UI_PARTIAL,TRIAL,DISCOVERY_REQUIRED,LOCAL_ONLY,"Validate source, runtime owner, real-data calculation, API contract, role, and UI representation"
P0,CAP-3F9549B2B851,User Operational Compat,API_ENDPOINT,backend/app/api/compat/user_operational_compat.py,DISCOVERY_REQUIRED,POST /api/trial/request,REAL_SNAPSHOT,API_CONNECTED,TRIAL,DISCOVERY_REQUIRED,LOCAL_ONLY,"Validate source, runtime owner, real-data calculation, API contract, role, and UI representation"
P0,CAP-425426D4A96B,User Operational Compat,API_ENDPOINT,backend/app/api/compat/user_operational_compat.py,DISCOVERY_REQUIRED,GET /api/auth/activate,REAL_SNAPSHOT,API_CONNECTED,TRIAL,DISCOVERY_REQUIRED,LOCAL_ONLY,"Validate source, runtime owner, real-data calculation, API contract, role, and UI representation"
P0,CAP-48F24BF885D7,User Operational Compat,API_ENDPOINT,backend/app/api/compat/user_operational_compat.py,DISCOVERY_REQUIRED,POST /api/telegram/link/start,REAL_SNAPSHOT,API_CONNECTED,TRIAL,DISCOVERY_REQUIRED,LOCAL_ONLY,"Validate source, runtime owner, real-data calculation, API contract, role, and UI representation"
P0,CAP-5649C9641068,User Operational Compat,API_ENDPOINT,backend/app/api/compat/user_operational_compat.py,DISCOVERY_REQUIRED,POST /api/v6/payments/nowpayments/subscription/create,REAL_SNAPSHOT,API_CONNECTED,TRIAL,DISCOVERY_REQUIRED,LOCAL_ONLY,"Validate source, runtime owner, real-data calculation, API contract, role, and UI representation"
P0,CAP-5F34508D1D07,User Operational Compat,API_ENDPOINT,backend/app/api/compat/user_operational_compat.py,DISCOVERY_REQUIRED,POST /api/v1/trial/register,REAL_SNAPSHOT,API_CONNECTED,TRIAL,DISCOVERY_REQUIRED,LOCAL_ONLY,"Validate source, runtime owner, real-data calculation, API contract, role, and UI representation"
P0,CAP-628E213D3D54,User Operational Compat,API_ENDPOINT,backend/app/api/compat/user_operational_compat.py,DISCOVERY_REQUIRED,POST /api/payments/nowpayments/subscription/create,REAL_SNAPSHOT,API_CONNECTED,TRIAL,DISCOVERY_REQUIRED,LOCAL_ONLY,"Validate source, runtime owner, real-data calculation, API contract, role, and UI representation"
P0,CAP-945D34B96341,User Operational Compat,API_ENDPOINT,backend/app/api/compat/user_operational_compat.py,DISCOVERY_REQUIRED,POST /api/auth/register-trial,REAL_SNAPSHOT,API_CONNECTED,TRIAL,DISCOVERY_REQUIRED,LOCAL_ONLY,"Validate source, runtime owner, real-data calculation, API contract, role, and UI representation"
P0,CAP-9EAA6B9BF2BC,User Operational Compat,API_ENDPOINT,backend/app/api/compat/user_operational_compat.py,DISCOVERY_REQUIRED,GET /api/payments/nowpayments/subscription/status,REAL_SNAPSHOT,API_CONNECTED,TRIAL,DISCOVERY_REQUIRED,LOCAL_ONLY,"Validate source, runtime owner, real-data calculation, API contract, role, and UI representation"
P0,CAP-BC09A0EB4549,User Operational Compat,API_ENDPOINT,backend/app/api/compat/user_operational_compat.py,DISCOVERY_REQUIRED,POST /api/alerts/email/test,REAL_SNAPSHOT,API_CONNECTED,TRIAL,DISCOVERY_REQUIRED,LOCAL_ONLY,"Validate source, runtime owner, real-data calculation, API contract, role, and UI representation"
P0,CAP-C26418100904,User Operational Compat,API_ENDPOINT,backend/app/api/compat/user_operational_compat.py,DISCOVERY_REQUIRED,GET /api/ndsp/compat/health,REAL_SNAPSHOT,API_CONNECTED,TRIAL,DISCOVERY_REQUIRED,LOCAL_ONLY,"Validate source, runtime owner, real-data calculation, API contract, role, and UI representation"
P0,CAP-D559FE326861,User Operational Compat,API_ENDPOINT,backend/app/api/compat/user_operational_compat.py,DISCOVERY_REQUIRED,POST /api/user/alert-preferences,REAL_SNAPSHOT,API_CONNECTED,TRIAL,DISCOVERY_REQUIRED,LOCAL_ONLY,"Validate source, runtime owner, real-data calculation, API contract, role, and UI representation"
P0,CAP-E50EE9CF3FD6,User Operational Compat,API_ENDPOINT,backend/app/api/compat/user_operational_compat.py,DISCOVERY_REQUIRED,POST /api/telegram/link/verify,REAL_SNAPSHOT,API_CONNECTED,TRIAL,DISCOVERY_REQUIRED,LOCAL_ONLY,"Validate source, runtime owner, real-data calculation, API contract, role, and UI representation"
P0,CAP-EDF3F96EC14B,User Operational Compat,API_ENDPOINT,backend/app/api/compat/user_operational_compat.py,DISCOVERY_REQUIRED,POST /api/trial/register,REAL_SNAPSHOT,API_CONNECTED,TRIAL,DISCOVERY_REQUIRED,LOCAL_ONLY,"Validate source, runtime owner, real-data calculation, API contract, role, and UI representation"
P0,CAP-F197D783C391,User Operational Compat,API_ENDPOINT,backend/app/api/compat/user_operational_compat.py,DISCOVERY_REQUIRED,GET /api/v6/payments/nowpayments/subscription/status,REAL_SNAPSHOT,API_CONNECTED,TRIAL,DISCOVERY_REQUIRED,LOCAL_ONLY,"Validate source, runtime owner, real-data calculation, API contract, role, and UI representation"
P0,CAP-F19E055AF8D6,User Operational Compat,API_ENDPOINT,backend/app/api/compat/user_operational_compat.py,DISCOVERY_REQUIRED,POST /api/auth/activate,REAL_SNAPSHOT,API_CONNECTED,TRIAL,DISCOVERY_REQUIRED,LOCAL_ONLY,"Validate source, runtime owner, real-data calculation, API contract, role, and UI representation"
P0,CAP-FAAE9703FE61,User Operational Compat,API_ENDPOINT,backend/app/api/compat/user_operational_compat.py,DISCOVERY_REQUIRED,GET /api/user/alert-preferences,REAL_SNAPSHOT,API_CONNECTED,TRIAL,DISCOVERY_REQUIRED,LOCAL_ONLY,"Validate source, runtime owner, real-data calculation, API contract, role, and UI representation"
P0,CAP-F4B0061B6EC3,Version,API_ENDPOINT,backend/framework/version/version.cjs,DISCOVERY_REQUIRED,GET /version,REAL_SNAPSHOT,UI_PARTIAL,REGISTER,backend/framework/tests/framework.test.cjs,LOCAL_ONLY,"Validate source, runtime owner, real-data calculation, API contract, role, and UI representation"
P1,CAP-5F632EA34B8F,002 Signal Decisions,ALGORITHM_OR_BUSINESS_LOGIC,backend/migrations/002_signal_decisions.sql::002_signal_decisions,DISCOVERY_REQUIRED,DISCOVERY_REQUIRED,UNKNOWN,UI_PARTIAL,ALERTS,DISCOVERY_REQUIRED,LOCAL_ONLY,"Validate source, runtime owner, real-data calculation, API contract, role, and UI representation"
P1,CAP-207978A2050E,Activate User By Token,ALGORITHM_OR_BUSINESS_LOGIC,backend/auth_api/ndsp_trial_register_gateway.cjs::activateUserByToken,ndsp-trial-register.service,DISCOVERY_REQUIRED,REAL_SNAPSHOT,UI_PARTIAL,TRIAL,DISCOVERY_REQUIRED,LOCAL_ONLY,"Validate source, runtime owner, real-data calculation, API contract, role, and UI representation"
P1,CAP-61547C6436CE,Active Session User,ALGORITHM_OR_BUSINESS_LOGIC,backend/auth_api/ndsp_user_login_gateway.cjs::activeSessionUser,ndsp-user-login.service,GET /api/auth/login/health|POST /api/auth/login|POST /api/auth/2fa/login/verify|GET /api/auth/session|GET /api/auth/decision-room-access|POST /api/auth/runtime/usage/consume|GET /api/auth/profile|PUT /api/auth/profile|GET /api/auth/survey/status|POST /api/auth/survey/response|POST /api/auth/events|POST /api/auth/internal/legal-acceptance|POST /api/auth/internal/evidence|POST /api/auth/logout|GET /api/auth/2fa/status|POST /api/auth/2fa/setup|POST /api/auth/2fa/confirm|POST /api/auth/2fa/disable|POST /api/auth/2fa/status|POST /api/auth/2fa/setup/start|POST /api/auth/2fa/setup/confirm|POST /api/auth/2fa/setup/skip|POST /api/auth/2fa/setup/confirm-final|POST /api/auth/2fa/setup/confirm-speakeasy,REAL_SNAPSHOT,UI_PARTIAL,TRIAL,DISCOVERY_REQUIRED,LOCAL_ONLY,"Validate source, runtime owner, real-data calculation, API contract, role, and UI representation"
P1,CAP-11F9C86C3DEA,Admin Candidates,ALGORITHM_OR_BUSINESS_LOGIC,backend/app/api/admin/telegram_routing_admin.py::_admin_candidates,DISCOVERY_REQUIRED,GET /status|POST /update|POST /test|GET /status|POST /update|POST /test,REAL_SNAPSHOT,UI_PARTIAL,PASSWORD_RESET,DISCOVERY_REQUIRED,LOCAL_ONLY,"Validate source, runtime owner, real-data calculation, API contract, role, and UI representation"
P1,CAP-85BADA8EEE4D,Admin Key Ok,ALGORITHM_OR_BUSINESS_LOGIC,backend/app/api/internal/telegram_routing_internal.py::admin_key_ok,DISCOVERY_REQUIRED,GET /debug-auth|GET /debug-db|GET /status|POST /update|POST /test|GET /debug-auth|GET /debug-db|GET /status|POST /update|POST /test,REAL_SNAPSHOT,UI_PARTIAL,PASSWORD_RESET,DISCOVERY_REQUIRED,LOCAL_ONLY,"Validate source, runtime owner, real-data calculation, API contract, role, and UI representation"
P1,CAP-F14BB07445FB,Admin Key Ok,ALGORITHM_OR_BUSINESS_LOGIC,backend/app/api/admin/telegram_routing_v2.py::admin_key_ok,DISCOVERY_REQUIRED,GET /status|POST /update|POST /test|GET /debug-auth|GET /status|POST /update|POST /test|GET /debug-auth,REAL_SNAPSHOT,UI_PARTIAL,PASSWORD_RESET,DISCOVERY_REQUIRED,LOCAL_ONLY,"Validate source, runtime owner, real-data calculation, API contract, role, and UI representation"
P1,CAP-F54EAA1EFDDA,Admin Key Ok,ALGORITHM_OR_BUSINESS_LOGIC,backend/app/api/admin/telegram_routing_admin.py::admin_key_ok,DISCOVERY_REQUIRED,GET /status|POST /update|POST /test|GET /status|POST /update|POST /test,REAL_SNAPSHOT,UI_PARTIAL,PASSWORD_RESET,DISCOVERY_REQUIRED,LOCAL_ONLY,"Validate source, runtime owner, real-data calculation, API contract, role, and UI representation"
P1,CAP-7FAFDEF8B916,Admin List Audit Events,ALGORITHM_OR_BUSINESS_LOGIC,apps/ndsp-governance-bridge/policies/admin_snapshot/audit_admin_v6.py::admin_list_audit_events,ndsp-governance-bridge.service,DISCOVERY_REQUIRED,UNKNOWN,UI_PARTIAL,SUBSCRIPTION,DISCOVERY_REQUIRED,LOCAL_ONLY,"Validate source, runtime owner, real-data calculation, API contract, role, and UI representation"
P1,CAP-439EB8A1AE69,Admin Mail To,ALGORITHM_OR_BUSINESS_LOGIC,backend/auth_api/ndsp_trial_register_gateway.cjs::adminMailTo,ndsp-trial-register.service,DISCOVERY_REQUIRED,REAL_SNAPSHOT,UI_PARTIAL,TRIAL,DISCOVERY_REQUIRED,LOCAL_ONLY,"Validate source, runtime owner, real-data calculation, API contract, role, and UI representation"
P1,CAP-C85D75362012,Admin Only,ALGORITHM_OR_BUSINESS_LOGIC,backend/server.js::adminOnly,DISCOVERY_REQUIRED,GET /health|POST /auth/register|POST /auth/login|GET /me|POST /feedback|POST /upgrade-request|GET /upgrade-requests/me|GET /admin/upgrade-requests|POST /admin/upgrade-requests/:id/review|GET /trial/status|GET /admin/feedback|POST /admin/feedback/:id/review|GET /notifications|POST /notifications/:id/read|GET /admin/notifications|POST /admin/notifications/send|GET /plans|GET /admin/plans|PUT /admin/plans/:id|POST /admin/plans/:id/features|DELETE /admin/plan-features/:id|PUT /admin/plans/:id/layers/:layerKey|GET /admin/stats|PUT /admin/users/:id|DELETE /admin/users/:id|GET /admin/users|POST /api/auth/2fa/setup/start|POST /api/auth/2fa/setup/confirm|POST /__retired_api_admin_users_action_legacy|POST /api/auth/2fa/setup/start|GET /api/admin/telegram-routing/status|POST /api/admin/telegram-routing/update|POST /api/admin/telegram-routing/test,REAL_SNAPSHOT,UI_PARTIAL,TRIAL,DISCOVERY_REQUIRED,LOCAL_MODIFIED,"Validate source, runtime owner, real-data calculation, API contract, role, and UI representation"
P1,CAP-1F6C6744CA7A,Alert Text,ALGORITHM_OR_BUSINESS_LOGIC,backend/app/support_layers/delivery/ndsp_delivery_interfaces.py::_alert_text,DISCOVERY_REQUIRED,DISCOVERY_REQUIRED,REAL_SNAPSHOT,UI_PARTIAL,LOGIN,DISCOVERY_REQUIRED,LOCAL_ONLY,"Validate source, runtime owner, real-data calculation, API contract, role, and UI representation"
P1,CAP-9C9E08E2F53E,Apply Governance Runtime,ALGORITHM_OR_BUSINESS_LOGIC,apps/ndsp-governance-bridge/policies/governance_runtime.py::apply_governance_runtime,ndsp-governance-bridge.service,DISCOVERY_REQUIRED,UNKNOWN,SERVICE_CONNECTED,UNMAPPED,DISCOVERY_REQUIRED,LOCAL_ONLY,"Validate source, runtime owner, real-data calculation, API contract, role, and UI representation"
P1,CAP-C9B83A923CCA,Apply Runtime Governance,ALGORITHM_OR_BUSINESS_LOGIC,apps/ndsp-governance-bridge/policies/governance_runtime.py::apply_runtime_governance,ndsp-governance-bridge.service,DISCOVERY_REQUIRED,UNKNOWN,SERVICE_CONNECTED,UNMAPPED,DISCOVERY_REQUIRED,LOCAL_ONLY,"Validate source, runtime owner, real-data calculation, API contract, role, and UI representation"
P1,CAP-291C5498F747,Attach Tdl Trade Horizon Addons,ALGORITHM_OR_BUSINESS_LOGIC,backend/auth_api/ndsp_tdl_trade_horizon_addons.cjs::attachTdlTradeHorizonAddons,DISCOVERY_REQUIRED,DISCOVERY_REQUIRED,UNKNOWN,SOURCE_IDENTIFIED,UNMAPPED,DISCOVERY_REQUIRED,LOCAL_ONLY,"Validate source, runtime owner, real-data calculation, API contract, role, and UI representation"
P1,CAP-26EC4D157EE6,Auth,ALGORITHM_OR_BUSINESS_LOGIC,backend/server.js::auth,DISCOVERY_REQUIRED,GET /health|POST /auth/register|POST /auth/login|GET /me|POST /feedback|POST /upgrade-request|GET /upgrade-requests/me|GET /admin/upgrade-requests|POST /admin/upgrade-requests/:id/review|GET /trial/status|GET /admin/feedback|POST /admin/feedback/:id/review|GET /notifications|POST /notifications/:id/read|GET /admin/notifications|POST /admin/notifications/send|GET /plans|GET /admin/plans|PUT /admin/plans/:id|POST /admin/plans/:id/features|DELETE /admin/plan-features/:id|PUT /admin/plans/:id/layers/:layerKey|GET /admin/stats|PUT /admin/users/:id|DELETE /admin/users/:id|GET /admin/users|POST /api/auth/2fa/setup/start|POST /api/auth/2fa/setup/confirm|POST /__retired_api_admin_users_action_legacy|POST /api/auth/2fa/setup/start|GET /api/admin/telegram-routing/status|POST /api/admin/telegram-routing/update|POST /api/admin/telegram-routing/test,REAL_SNAPSHOT,UI_PARTIAL,TRIAL,DISCOVERY_REQUIRED,LOCAL_MODIFIED,"Validate source, runtime owner, real-data calculation, API contract, role, and UI representation"
P1,CAP-46EAB19BB0B6,Auth,ALGORITHM_OR_BUSINESS_LOGIC,backend/auth_api/ndsp_user_login_gateway.cjs::auth,ndsp-user-login.service,GET /api/auth/login/health|POST /api/auth/login|POST /api/auth/2fa/login/verify|GET /api/auth/session|GET /api/auth/decision-room-access|POST /api/auth/runtime/usage/consume|GET /api/auth/profile|PUT /api/auth/profile|GET /api/auth/survey/status|POST /api/auth/survey/response|POST /api/auth/events|POST /api/auth/internal/legal-acceptance|POST /api/auth/internal/evidence|POST /api/auth/logout|GET /api/auth/2fa/status|POST /api/auth/2fa/setup|POST /api/auth/2fa/confirm|POST /api/auth/2fa/disable|POST /api/auth/2fa/status|POST /api/auth/2fa/setup/start|POST /api/auth/2fa/setup/confirm|POST /api/auth/2fa/setup/skip|POST /api/auth/2fa/setup/confirm-final|POST /api/auth/2fa/setup/confirm-speakeasy,REAL_SNAPSHOT,UI_PARTIAL,TRIAL,DISCOVERY_REQUIRED,LOCAL_ONLY,"Validate source, runtime owner, real-data calculation, API contract, role, and UI representation"
P1,CAP-2A493D97E048,Auth Debug,ALGORITHM_OR_BUSINESS_LOGIC,apps/ndsp-governance-bridge/policies/admin_snapshot/tdl_v2_policy_admin.py::auth_debug,ndsp-governance-bridge.service,GET /auth-debug|GET /policy|POST /policy|POST /timing/enable|POST /timing/disable|GET /auth-debug|GET /policy|POST /policy|POST /timing/enable|POST /timing/disable,UNKNOWN,UI_PARTIAL,ADMIN,DISCOVERY_REQUIRED,LOCAL_ONLY,"Validate source, runtime owner, real-data calculation, API contract, role, and UI representation"
P1,CAP-28A54C2588CC,Authorize,ALGORITHM_OR_BUSINESS_LOGIC,backend/auth_api/ndsp_admin_actions_bypass_old_middleware.cjs::authorize,ndsp-admin-actions.service,GET /api/admin-actions/users/action/health|POST /api/admin-actions/users/action,REAL_SNAPSHOT,UI_PARTIAL,TRIAL,DISCOVERY_REQUIRED,LOCAL_ONLY,"Validate source, runtime owner, real-data calculation, API contract, role, and UI representation"
P1,CAP-A0619F62EEAE,Authorize,ALGORITHM_OR_BUSINESS_LOGIC,backend/auth_api/ndsp_admin_actions_authoritative.cjs::authorize,ndsp-admin-actions.service,GET /api/admin/users/action/health,REAL_SNAPSHOT,UI_PARTIAL,TRIAL,DISCOVERY_REQUIRED,LOCAL_ONLY,"Validate source, runtime owner, real-data calculation, API contract, role, and UI representation"
P1,CAP-3CAAC6E360D3,Authorize Decision Request,ALGORITHM_OR_BUSINESS_LOGIC,backend/auth_api/ndsp_platform_gateway_9001.cjs::authorizeDecisionRequest,ndsp-platform-gateway.service,DISCOVERY_REQUIRED,REAL_SNAPSHOT,UI_PARTIAL,TRIAL,DISCOVERY_REQUIRED,LOCAL_ONLY,"Validate source, runtime owner, real-data calculation, API contract, role, and UI representation"
P1,CAP-C92342987A74,Backtest Engine,ALGORITHM_OR_BUSINESS_LOGIC,backend/app/support_layers/backtest/backtest_engine.py::BacktestEngine,DISCOVERY_REQUIRED,DISCOVERY_REQUIRED,UNKNOWN,UI_PARTIAL,REPORTS,DISCOVERY_REQUIRED,LOCAL_ONLY,"Validate source, runtime owner, real-data calculation, API contract, role, and UI representation"
P1,CAP-77BC55243F4F,Black Layer Engine,ALGORITHM_OR_BUSINESS_LOGIC,backend/app/support_layers/black_layer/black_layer_engine.py::BlackLayerEngine,DISCOVERY_REQUIRED,DISCOVERY_REQUIRED,UNKNOWN,SOURCE_IDENTIFIED,UNMAPPED,DISCOVERY_REQUIRED,LOCAL_ONLY,"Validate source, runtime owner, real-data calculation, API contract, role, and UI representation"
P1,CAP-F055FF631E76,Black Layer Quality Effect From State,ALGORITHM_OR_BUSINESS_LOGIC,backend/app/support_layers/black_layer/black_layer_engine.py::black_layer_quality_effect_from_state,DISCOVERY_REQUIRED,DISCOVERY_REQUIRED,UNKNOWN,SOURCE_IDENTIFIED,UNMAPPED,DISCOVERY_REQUIRED,LOCAL_ONLY,"Validate source, runtime owner, real-data calculation, API contract, role, and UI representation"
P1,CAP-F2E85E1A728A,Calculate Total Quality,ALGORITHM_OR_BUSINESS_LOGIC,backend/app/support_layers/quality/decision_quality_stack.py::calculate_total_quality,DISCOVERY_REQUIRED,DISCOVERY_REQUIRED,UNKNOWN,SOURCE_IDENTIFIED,UNMAPPED,DISCOVERY_REQUIRED,LOCAL_ONLY,"Validate source, runtime owner, real-data calculation, API contract, role, and UI representation"
P1,CAP-F5C7F3807EC2,Canonical Decision Text,ALGORITHM_OR_BUSINESS_LOGIC,frontend/user-portal-vite/src/main.jsx::canonicalDecisionText,DISCOVERY_REQUIRED,DISCOVERY_REQUIRED,REAL_LIVE,UI_PARTIAL,CURRENT_FRONTEND,frontend/user-portal-vite/src/main.jsx,LOCAL_MODIFIED,"Validate source, runtime owner, real-data calculation, API contract, role, and UI representation"
P1,CAP-ABBB5A76429B,Cftc Auto Provider,ALGORITHM_OR_BUSINESS_LOGIC,backend/app/support_layers/cot/cftc_auto_provider.py::cftc_auto_provider,DISCOVERY_REQUIRED,DISCOVERY_REQUIRED,MOCK_ONLY,UI_PARTIAL,REPORTS,DISCOVERY_REQUIRED,LOCAL_ONLY,"Validate source, runtime owner, real-data calculation, API contract, role, and UI representation"
P1,CAP-34C595F25781,Compute Market Positioning,ALGORITHM_OR_BUSINESS_LOGIC,backend/app/core/market_positioning.py::compute_market_positioning,DISCOVERY_REQUIRED,DISCOVERY_REQUIRED,UNKNOWN,SOURCE_IDENTIFIED,UNMAPPED,DISCOVERY_REQUIRED,LOCAL_ONLY,"Validate source, runtime owner, real-data calculation, API contract, role, and UI representation"
P1,CAP-5F3BB15915F6,Compute Public Quality,ALGORITHM_OR_BUSINESS_LOGIC,backend/app/api/decision_quality_public.py::_compute_public_quality,DISCOVERY_REQUIRED,GET /api/decision/quality|GET /api/decision/quality,UNKNOWN,SOURCE_IDENTIFIED,UNMAPPED,DISCOVERY_REQUIRED,LOCAL_ONLY,"Validate source, runtime owner, real-data calculation, API contract, role, and UI representation"
P1,CAP-99BCB7F8D2D9,Compute Tdl Trade Horizon Addons,ALGORITHM_OR_BUSINESS_LOGIC,backend/auth_api/ndsp_tdl_trade_horizon_addons.cjs::computeTdlTradeHorizonAddons,DISCOVERY_REQUIRED,DISCOVERY_REQUIRED,UNKNOWN,SOURCE_IDENTIFIED,UNMAPPED,DISCOVERY_REQUIRED,LOCAL_ONLY,"Validate source, runtime owner, real-data calculation, API contract, role, and UI representation"
P1,CAP-CDAA43AE2E9B,Cot Asset Class,ALGORITHM_OR_BUSINESS_LOGIC,backend/app/support_layers/cot/cot_contracts.py::CotAssetClass,DISCOVERY_REQUIRED,DISCOVERY_REQUIRED,UNKNOWN,UI_PARTIAL,REPORTS,DISCOVERY_REQUIRED,LOCAL_ONLY,"Validate source, runtime owner, real-data calculation, API contract, role, and UI representation"
P1,CAP-1103369520D4,Cot Asset Mapping,ALGORITHM_OR_BUSINESS_LOGIC,backend/app/support_layers/cot/cot_contracts.py::CotAssetMapping,DISCOVERY_REQUIRED,DISCOVERY_REQUIRED,UNKNOWN,UI_PARTIAL,REPORTS,DISCOVERY_REQUIRED,LOCAL_ONLY,"Validate source, runtime owner, real-data calculation, API contract, role, and UI representation"
P1,CAP-EBA92C8CC7A3,Cot Category Position,ALGORITHM_OR_BUSINESS_LOGIC,backend/app/support_layers/cot/cot_contracts.py::CotCategoryPosition,DISCOVERY_REQUIRED,DISCOVERY_REQUIRED,UNKNOWN,UI_PARTIAL,REPORTS,DISCOVERY_REQUIRED,LOCAL_ONLY,"Validate source, runtime owner, real-data calculation, API contract, role, and UI representation"
P1,CAP-CDE607434C8D,Cot Direction,ALGORITHM_OR_BUSINESS_LOGIC,backend/app/support_layers/cot/cot_contracts.py::CotDirection,DISCOVERY_REQUIRED,DISCOVERY_REQUIRED,UNKNOWN,UI_PARTIAL,REPORTS,DISCOVERY_REQUIRED,LOCAL_ONLY,"Validate source, runtime owner, real-data calculation, API contract, role, and UI representation"
P1,CAP-9EBA342E67D3,Cot Group Result,ALGORITHM_OR_BUSINESS_LOGIC,backend/app/support_layers/cot/cot_contracts.py::CotGroupResult,DISCOVERY_REQUIRED,DISCOVERY_REQUIRED,UNKNOWN,UI_PARTIAL,REPORTS,DISCOVERY_REQUIRED,LOCAL_ONLY,"Validate source, runtime owner, real-data calculation, API contract, role, and UI representation"
P1,CAP-A8D7E661F420,Cot Intelligence Engine,ALGORITHM_OR_BUSINESS_LOGIC,backend/app/support_layers/cot/cot_engine.py::CotIntelligenceEngine,DISCOVERY_REQUIRED,DISCOVERY_REQUIRED,UNKNOWN,UI_PARTIAL,REPORTS,DISCOVERY_REQUIRED,LOCAL_ONLY,"Validate source, runtime owner, real-data calculation, API contract, role, and UI representation"
P1,CAP-03073B90064B,Cot Intelligence Result,ALGORITHM_OR_BUSINESS_LOGIC,backend/app/support_layers/cot/cot_contracts.py::CotIntelligenceResult,DISCOVERY_REQUIRED,DISCOVERY_REQUIRED,UNKNOWN,UI_PARTIAL,REPORTS,DISCOVERY_REQUIRED,LOCAL_ONLY,"Validate source, runtime owner, real-data calculation, API contract, role, and UI representation"
P1,CAP-5784897BCF65,Cot Report Family,ALGORITHM_OR_BUSINESS_LOGIC,backend/app/support_layers/cot/cot_contracts.py::CotReportFamily,DISCOVERY_REQUIRED,DISCOVERY_REQUIRED,UNKNOWN,UI_PARTIAL,REPORTS,DISCOVERY_REQUIRED,LOCAL_ONLY,"Validate source, runtime owner, real-data calculation, API contract, role, and UI representation"
P1,CAP-09BC17001F61,Cot Snapshot,ALGORITHM_OR_BUSINESS_LOGIC,backend/app/support_layers/cot/cot_contracts.py::CotSnapshot,DISCOVERY_REQUIRED,DISCOVERY_REQUIRED,UNKNOWN,UI_PARTIAL,REPORTS,DISCOVERY_REQUIRED,LOCAL_ONLY,"Validate source, runtime owner, real-data calculation, API contract, role, and UI representation"
P1,CAP-C3FB17B62648,Cot Storage,ALGORITHM_OR_BUSINESS_LOGIC,backend/app/support_layers/cot/cot_storage.py::CotStorage,DISCOVERY_REQUIRED,DISCOVERY_REQUIRED,REAL_SNAPSHOT,UI_PARTIAL,REPORTS,DISCOVERY_REQUIRED,LOCAL_ONLY,"Validate source, runtime owner, real-data calculation, API contract, role, and UI representation"
P1,CAP-97C0885FC638,Count Elite Trial Users,ALGORITHM_OR_BUSINESS_LOGIC,apps/ndsp-governance-bridge/policies/elite_trial_capacity.py::count_elite_trial_users,ndsp-governance-bridge.service,DISCOVERY_REQUIRED,UNKNOWN,UI_PARTIAL,TRIAL,DISCOVERY_REQUIRED,LOCAL_ONLY,"Validate source, runtime owner, real-data calculation, API contract, role, and UI representation"
P1,CAP-7D844F2CA7E4,Create Subscription Payment,ALGORITHM_OR_BUSINESS_LOGIC,backend/app/api/compat/nowpayments_create_alias.py::create_subscription_payment,DISCOVERY_REQUIRED,GET /api/ndsp/nowpayments-create-alias/health|POST /api/v6/payments/nowpayments/subscription/create|POST /api/payments/nowpayments/subscription/create|GET /api/ndsp/nowpayments-create-alias/health|POST /api/v6/payments/nowpayments/subscription/create|POST /api/payments/nowpayments/subscription/create,REAL_SNAPSHOT,UI_PARTIAL,SUBSCRIPTION,DISCOVERY_REQUIRED,LOCAL_ONLY,"Validate source, runtime owner, real-data calculation, API contract, role, and UI representation"
P1,CAP-D25A181573FA,Current Authority Key,ALGORITHM_OR_BUSINESS_LOGIC,backend/auth_api/ndsp_tdl_trade_horizon_addons.cjs::currentAuthorityKey,DISCOVERY_REQUIRED,DISCOVERY_REQUIRED,UNKNOWN,SOURCE_IDENTIFIED,UNMAPPED,DISCOVERY_REQUIRED,LOCAL_ONLY,"Validate source, runtime owner, real-data calculation, API contract, role, and UI representation"
P1,CAP-EEA57DDC5CC1,Current User,ALGORITHM_OR_BUSINESS_LOGIC,backend/ndsp-user-alert-channels/server.js::currentUser,ndsp-user-alert-channels.service,DISCOVERY_REQUIRED,REAL_SNAPSHOT,UI_PARTIAL,LOGIN,DISCOVERY_REQUIRED,LOCAL_ONLY,"Validate source, runtime owner, real-data calculation, API contract, role, and UI representation"
P1,CAP-ADD5265540CB,Debug Auth,ALGORITHM_OR_BUSINESS_LOGIC,backend/app/api/internal/telegram_routing_internal.py::debug_auth,DISCOVERY_REQUIRED,GET /debug-auth|GET /debug-db|GET /status|POST /update|POST /test|GET /debug-auth|GET /debug-db|GET /status|POST /update|POST /test,REAL_SNAPSHOT,UI_PARTIAL,PASSWORD_RESET,DISCOVERY_REQUIRED,LOCAL_ONLY,"Validate source, runtime owner, real-data calculation, API contract, role, and UI representation"
P1,CAP-F5E96763B830,Debug Auth,ALGORITHM_OR_BUSINESS_LOGIC,backend/app/api/admin/telegram_routing_v2.py::debug_auth,DISCOVERY_REQUIRED,GET /status|POST /update|POST /test|GET /debug-auth|GET /status|POST /update|POST /test|GET /debug-auth,REAL_SNAPSHOT,UI_PARTIAL,PASSWORD_RESET,DISCOVERY_REQUIRED,LOCAL_ONLY,"Validate source, runtime owner, real-data calculation, API contract, role, and UI representation"
P1,CAP-0AE3805C7273,Decision Entitlement,ALGORITHM_OR_BUSINESS_LOGIC,backend/auth_api/ndsp_user_login_gateway.cjs::decisionEntitlement,ndsp-user-login.service,GET /api/auth/login/health|POST /api/auth/login|POST /api/auth/2fa/login/verify|GET /api/auth/session|GET /api/auth/decision-room-access|POST /api/auth/runtime/usage/consume|GET /api/auth/profile|PUT /api/auth/profile|GET /api/auth/survey/status|POST /api/auth/survey/response|POST /api/auth/events|POST /api/auth/internal/legal-acceptance|POST /api/auth/internal/evidence|POST /api/auth/logout|GET /api/auth/2fa/status|POST /api/auth/2fa/setup|POST /api/auth/2fa/confirm|POST /api/auth/2fa/disable|POST /api/auth/2fa/status|POST /api/auth/2fa/setup/start|POST /api/auth/2fa/setup/confirm|POST /api/auth/2fa/setup/skip|POST /api/auth/2fa/setup/confirm-final|POST /api/auth/2fa/setup/confirm-speakeasy,REAL_SNAPSHOT,UI_PARTIAL,TRIAL,DISCOVERY_REQUIRED,LOCAL_ONLY,"Validate source, runtime owner, real-data calculation, API contract, role, and UI representation"
P1,CAP-2E15AE9B9255,Decision Quality Stack,ALGORITHM_OR_BUSINESS_LOGIC,backend/app/support_layers/quality/decision_quality_stack.py::DecisionQualityStack,DISCOVERY_REQUIRED,DISCOVERY_REQUIRED,UNKNOWN,SOURCE_IDENTIFIED,UNMAPPED,DISCOVERY_REQUIRED,LOCAL_ONLY,"Validate source, runtime owner, real-data calculation, API contract, role, and UI representation"
P1,CAP-BAFAADE8019C,Delete User Dependencies,ALGORITHM_OR_BUSINESS_LOGIC,backend/auth_api/ndsp_admin_actions_authoritative.cjs::deleteUserDependencies,ndsp-admin-actions.service,GET /api/admin/users/action/health,REAL_SNAPSHOT,UI_PARTIAL,TRIAL,DISCOVERY_REQUIRED,LOCAL_ONLY,"Validate source, runtime owner, real-data calculation, API contract, role, and UI representation"
P1,CAP-C67E25BE8F61,Deliver Alert,ALGORITHM_OR_BUSINESS_LOGIC,backend/app/support_layers/delivery/ndsp_delivery_interfaces.py::deliver_alert,DISCOVERY_REQUIRED,DISCOVERY_REQUIRED,REAL_SNAPSHOT,UI_PARTIAL,LOGIN,DISCOVERY_REQUIRED,LOCAL_ONLY,"Validate source, runtime owner, real-data calculation, API contract, role, and UI representation"
P1,CAP-695108C486EF,Derive Timing Authority,ALGORITHM_OR_BUSINESS_LOGIC,apps/ndsp-governance-bridge/policies/tdl_v2_policy.py::derive_timing_authority,ndsp-governance-bridge.service,DISCOVERY_REQUIRED,REAL_SNAPSHOT,UI_PARTIAL,ADMIN,DISCOVERY_REQUIRED,LOCAL_ONLY,"Validate source, runtime owner, real-data calculation, API contract, role, and UI representation"
P1,CAP-9B6A9F665D36,Determine Tdl Authority,ALGORITHM_OR_BUSINESS_LOGIC,backend/app/ndsp_governance/decision_output_policy.py::determine_tdl_authority,DISCOVERY_REQUIRED,DISCOVERY_REQUIRED,REAL_SNAPSHOT,UI_PARTIAL,SUBSCRIPTION,DISCOVERY_REQUIRED,LOCAL_ONLY,"Validate source, runtime owner, real-data calculation, API contract, role, and UI representation"
P1,CAP-64E81F08FD02,Dqsdecision State,ALGORITHM_OR_BUSINESS_LOGIC,backend/app/support_layers/quality/decision_quality_stack.py::DQSDecisionState,DISCOVERY_REQUIRED,DISCOVERY_REQUIRED,UNKNOWN,SOURCE_IDENTIFIED,UNMAPPED,DISCOVERY_REQUIRED,LOCAL_ONLY,"Validate source, runtime owner, real-data calculation, API contract, role, and UI representation"
P1,CAP-995CB0187474,Dynamic Decision Texts,ALGORITHM_OR_BUSINESS_LOGIC,backend/ndsp-live-decision-quality/server.py::dynamic_decision_texts,ndsp-live-decision-quality.service,GET /api/decision/quality-live|GET /api/decision/quality-live/health|GET /api/decision/quality-live|GET /api/decision/quality-live/health,REAL_SNAPSHOT,SERVICE_CONNECTED,UNMAPPED,DISCOVERY_REQUIRED,LOCAL_ONLY,"Validate source, runtime owner, real-data calculation, API contract, role, and UI representation"
P1,CAP-23F2C3CCC368,Enforce Decision Active Governance,ALGORITHM_OR_BUSINESS_LOGIC,apps/ndsp-governance-bridge/policies/decision_active_governance.py::enforce_decision_active_governance,ndsp-governance-bridge.service,DISCOVERY_REQUIRED,UNKNOWN,SERVICE_CONNECTED,UNMAPPED,DISCOVERY_REQUIRED,LOCAL_ONLY,"Validate source, runtime owner, real-data calculation, API contract, role, and UI representation"
P1,CAP-D109F092339F,Enforce Elite Trial Capacity,ALGORITHM_OR_BUSINESS_LOGIC,apps/ndsp-governance-bridge/policies/elite_trial_capacity.py::enforce_elite_trial_capacity,ndsp-governance-bridge.service,DISCOVERY_REQUIRED,UNKNOWN,UI_PARTIAL,TRIAL,DISCOVERY_REQUIRED,LOCAL_ONLY,"Validate source, runtime owner, real-data calculation, API contract, role, and UI representation"
P1,CAP-CFD935E857CB,Enforce Governance Runtime,ALGORITHM_OR_BUSINESS_LOGIC,apps/ndsp-governance-bridge/policies/governance_runtime.py::enforce_governance_runtime,ndsp-governance-bridge.service,DISCOVERY_REQUIRED,UNKNOWN,SERVICE_CONNECTED,UNMAPPED,DISCOVERY_REQUIRED,LOCAL_ONLY,"Validate source, runtime owner, real-data calculation, API contract, role, and UI representation"
P1,CAP-61D78BDE704F,Ensure Governance Mode File,ALGORITHM_OR_BUSINESS_LOGIC,apps/ndsp-governance-bridge/policies/ndsp_governance_mode.py::ensure_governance_mode_file,ndsp-governance-bridge.service,DISCOVERY_REQUIRED,REAL_SNAPSHOT,SERVICE_CONNECTED,UNMAPPED,DISCOVERY_REQUIRED,LOCAL_ONLY,"Validate source, runtime owner, real-data calculation, API contract, role, and UI representation"
P1,CAP-9A22FC96CE2A,Evaluate L13 Quality Stack,ALGORITHM_OR_BUSINESS_LOGIC,backend/ndsp_latest_16_layers_logic_functions.py::evaluate_l13_quality_stack,DISCOVERY_REQUIRED,DISCOVERY_REQUIRED,REAL_SNAPSHOT,UI_PARTIAL,REPORTS,DISCOVERY_REQUIRED,LOCAL_ONLY,"Validate source, runtime owner, real-data calculation, API contract, role, and UI representation"
P1,CAP-1D1AD9752E92,Evaluate L14 Risk Governance,ALGORITHM_OR_BUSINESS_LOGIC,backend/ndsp_latest_16_layers_logic_functions.py::evaluate_l14_risk_governance,DISCOVERY_REQUIRED,DISCOVERY_REQUIRED,REAL_SNAPSHOT,UI_PARTIAL,REPORTS,DISCOVERY_REQUIRED,LOCAL_ONLY,"Validate source, runtime owner, real-data calculation, API contract, role, and UI representation"
P1,CAP-344E17716BB9,Evaluate L15 Final Decision,ALGORITHM_OR_BUSINESS_LOGIC,backend/ndsp_latest_16_layers_logic_functions.py::evaluate_l15_final_decision,DISCOVERY_REQUIRED,DISCOVERY_REQUIRED,REAL_SNAPSHOT,UI_PARTIAL,REPORTS,DISCOVERY_REQUIRED,LOCAL_ONLY,"Validate source, runtime owner, real-data calculation, API contract, role, and UI representation"
P1,CAP-0AB187B5D320,Evaluate L16 Scenario Alerts,ALGORITHM_OR_BUSINESS_LOGIC,backend/ndsp_latest_16_layers_logic_functions.py::evaluate_l16_scenario_alerts,DISCOVERY_REQUIRED,DISCOVERY_REQUIRED,REAL_SNAPSHOT,UI_PARTIAL,REPORTS,DISCOVERY_REQUIRED,LOCAL_ONLY,"Validate source, runtime owner, real-data calculation, API contract, role, and UI representation"
P1,CAP-D23D3D3D1D06,Evaluate L4 Cot Manager,ALGORITHM_OR_BUSINESS_LOGIC,backend/ndsp_latest_16_layers_logic_functions.py::evaluate_l4_cot_manager,DISCOVERY_REQUIRED,DISCOVERY_REQUIRED,REAL_SNAPSHOT,UI_PARTIAL,REPORTS,DISCOVERY_REQUIRED,LOCAL_ONLY,"Validate source, runtime owner, real-data calculation, API contract, role, and UI representation"
P1,CAP-4F8F0E4D1785,Evaluate Market Positioning,ALGORITHM_OR_BUSINESS_LOGIC,backend/app/core/market_positioning.py::evaluate_market_positioning,DISCOVERY_REQUIRED,DISCOVERY_REQUIRED,UNKNOWN,SOURCE_IDENTIFIED,UNMAPPED,DISCOVERY_REQUIRED,LOCAL_ONLY,"Validate source, runtime owner, real-data calculation, API contract, role, and UI representation"
P1,CAP-20A8CAD9D6A1,Execution Webhook Bridge,ALGORITHM_OR_BUSINESS_LOGIC,backend/app/services/execution_webhook_bridge.py::execution_webhook_bridge,DISCOVERY_REQUIRED,DISCOVERY_REQUIRED,REAL_SNAPSHOT,SOURCE_IDENTIFIED,UNMAPPED,DISCOVERY_REQUIRED,LOCAL_ONLY,"Validate source, runtime owner, real-data calculation, API contract, role, and UI representation"
P1,CAP-4B97F41DF526,Feature Gate,ALGORITHM_OR_BUSINESS_LOGIC,apps/ndsp-governance-bridge/policies/feature_gate.py::feature_gate,ndsp-governance-bridge.service,DISCOVERY_REQUIRED,UNKNOWN,SERVICE_CONNECTED,UNMAPPED,DISCOVERY_REQUIRED,LOCAL_ONLY,"Validate source, runtime owner, real-data calculation, API contract, role, and UI representation"
P1,CAP-4B44E1521757,Find Quality,ALGORITHM_OR_BUSINESS_LOGIC,backend/app/api/ndsp_public_quality_unique.py::_find_quality,DISCOVERY_REQUIRED,GET /api/ndsp/public/decision-quality|GET /api/ndsp/public/decision-quality,UNKNOWN,SOURCE_IDENTIFIED,UNMAPPED,DISCOVERY_REQUIRED,LOCAL_ONLY,"Validate source, runtime owner, real-data calculation, API contract, role, and UI representation"
P1,CAP-B9C3A591EABA,Find Quality,ALGORITHM_OR_BUSINESS_LOGIC,backend/app/api/decision_quality_public.py::_find_quality,DISCOVERY_REQUIRED,GET /api/decision/quality|GET /api/decision/quality,UNKNOWN,SOURCE_IDENTIFIED,UNMAPPED,DISCOVERY_REQUIRED,LOCAL_ONLY,"Validate source, runtime owner, real-data calculation, API contract, role, and UI representation"
P1,CAP-F1DC3D02D328,Find Users Table,ALGORITHM_OR_BUSINESS_LOGIC,backend/ndsp-user-alert-channels/server.js::findUsersTable,ndsp-user-alert-channels.service,DISCOVERY_REQUIRED,REAL_SNAPSHOT,UI_PARTIAL,LOGIN,DISCOVERY_REQUIRED,LOCAL_ONLY,"Validate source, runtime owner, real-data calculation, API contract, role, and UI representation"
P1,CAP-EAFDBC235B37,Format Market Timestamp,ALGORITHM_OR_BUSINESS_LOGIC,frontend/user-portal-vite/src/main.jsx::formatMarketTimestamp,DISCOVERY_REQUIRED,DISCOVERY_REQUIRED,REAL_LIVE,UI_PARTIAL,CURRENT_FRONTEND,frontend/user-portal-vite/src/main.jsx,LOCAL_MODIFIED,"Validate source, runtime owner, real-data calculation, API contract, role, and UI representation"
P1,CAP-3836195F0EC6,Forward To Trial Gateway,ALGORITHM_OR_BUSINESS_LOGIC,backend/auth_api/ndsp_trial_fingerprint_guard_proxy.cjs::forwardToTrialGateway,ndsp-trial-fingerprint-guard.service,DISCOVERY_REQUIRED,REAL_SNAPSHOT,UI_PARTIAL,TRIAL,DISCOVERY_REQUIRED,LOCAL_ONLY,"Validate source, runtime owner, real-data calculation, API contract, role, and UI representation"
P1,CAP-571585E11A87,Gateway Auth Me,ALGORITHM_OR_BUSINESS_LOGIC,backend/ndsp-user-alert-channels/server.js::gatewayAuthMe,ndsp-user-alert-channels.service,DISCOVERY_REQUIRED,REAL_SNAPSHOT,UI_PARTIAL,LOGIN,DISCOVERY_REQUIRED,LOCAL_ONLY,"Validate source, runtime owner, real-data calculation, API contract, role, and UI representation"
P1,CAP-3A7CE980BBA5,Get Authority Signs,ALGORITHM_OR_BUSINESS_LOGIC,backend/auth_api/ndsp_tdl_trade_horizon_addons.cjs::getAuthoritySigns,DISCOVERY_REQUIRED,DISCOVERY_REQUIRED,UNKNOWN,SOURCE_IDENTIFIED,UNMAPPED,DISCOVERY_REQUIRED,LOCAL_ONLY,"Validate source, runtime owner, real-data calculation, API contract, role, and UI representation"
P1,CAP-793DD4598CE0,Get Market Payload,ALGORITHM_OR_BUSINESS_LOGIC,backend/ndsp_scenario_levels_adapter.cjs::getMarketPayload,ndsp-scenario-levels-adapter.service,DISCOVERY_REQUIRED,REAL_SNAPSHOT,SERVICE_CONNECTED,UNMAPPED,DISCOVERY_REQUIRED,LOCAL_ONLY,"Validate source, runtime owner, real-data calculation, API contract, role, and UI representation"
P1,CAP-DC15995EDA27,Get Market Positioning,ALGORITHM_OR_BUSINESS_LOGIC,backend/app/core/market_positioning.py::get_market_positioning,DISCOVERY_REQUIRED,DISCOVERY_REQUIRED,UNKNOWN,SOURCE_IDENTIFIED,UNMAPPED,DISCOVERY_REQUIRED,LOCAL_ONLY,"Validate source, runtime owner, real-data calculation, API contract, role, and UI representation"
P1,CAP-6DCB180A7F39,Get User By Email,ALGORITHM_OR_BUSINESS_LOGIC,backend/auth_api/ndsp_user_login_gateway.cjs::getUserByEmail,ndsp-user-login.service,GET /api/auth/login/health|POST /api/auth/login|POST /api/auth/2fa/login/verify|GET /api/auth/session|GET /api/auth/decision-room-access|POST /api/auth/runtime/usage/consume|GET /api/auth/profile|PUT /api/auth/profile|GET /api/auth/survey/status|POST /api/auth/survey/response|POST /api/auth/events|POST /api/auth/internal/legal-acceptance|POST /api/auth/internal/evidence|POST /api/auth/logout|GET /api/auth/2fa/status|POST /api/auth/2fa/setup|POST /api/auth/2fa/confirm|POST /api/auth/2fa/disable|POST /api/auth/2fa/status|POST /api/auth/2fa/setup/start|POST /api/auth/2fa/setup/confirm|POST /api/auth/2fa/setup/skip|POST /api/auth/2fa/setup/confirm-final|POST /api/auth/2fa/setup/confirm-speakeasy,REAL_SNAPSHOT,UI_PARTIAL,TRIAL,DISCOVERY_REQUIRED,LOCAL_ONLY,"Validate source, runtime owner, real-data calculation, API contract, role, and UI representation"
P1,CAP-ED125A196CA8,Get User By Id,ALGORITHM_OR_BUSINESS_LOGIC,backend/auth_api/ndsp_user_login_gateway.cjs::getUserById,ndsp-user-login.service,GET /api/auth/login/health|POST /api/auth/login|POST /api/auth/2fa/login/verify|GET /api/auth/session|GET /api/auth/decision-room-access|POST /api/auth/runtime/usage/consume|GET /api/auth/profile|PUT /api/auth/profile|GET /api/auth/survey/status|POST /api/auth/survey/response|POST /api/auth/events|POST /api/auth/internal/legal-acceptance|POST /api/auth/internal/evidence|POST /api/auth/logout|GET /api/auth/2fa/status|POST /api/auth/2fa/setup|POST /api/auth/2fa/confirm|POST /api/auth/2fa/disable|POST /api/auth/2fa/status|POST /api/auth/2fa/setup/start|POST /api/auth/2fa/setup/confirm|POST /api/auth/2fa/setup/skip|POST /api/auth/2fa/setup/confirm-final|POST /api/auth/2fa/setup/confirm-speakeasy,REAL_SNAPSHOT,UI_PARTIAL,TRIAL,DISCOVERY_REQUIRED,LOCAL_ONLY,"Validate source, runtime owner, real-data calculation, API contract, role, and UI representation"
P1,CAP-9F0C0925830C,Get User Counts,ALGORITHM_OR_BUSINESS_LOGIC,backend/ndsp-trial-seats-api/server.js::getUserCounts,ndsp-trial-seats-api.service,DISCOVERY_REQUIRED,REAL_SNAPSHOT,UI_PARTIAL,TRIAL,DISCOVERY_REQUIRED,LOCAL_ONLY,"Validate source, runtime owner, real-data calculation, API contract, role, and UI representation"
P1,CAP-151D33E801FF,Govern Decision Output,ALGORITHM_OR_BUSINESS_LOGIC,backend/app/ndsp_governance/decision_output_policy.py::govern_decision_output,DISCOVERY_REQUIRED,DISCOVERY_REQUIRED,REAL_SNAPSHOT,UI_PARTIAL,SUBSCRIPTION,DISCOVERY_REQUIRED,LOCAL_ONLY,"Validate source, runtime owner, real-data calculation, API contract, role, and UI representation"
P1,CAP-399F19D9DFDF,Governance Mode Public,ALGORITHM_OR_BUSINESS_LOGIC,apps/ndsp-governance-bridge/policies/ndsp_governance_mode.py::governance_mode_public,ndsp-governance-bridge.service,DISCOVERY_REQUIRED,REAL_SNAPSHOT,SERVICE_CONNECTED,UNMAPPED,DISCOVERY_REQUIRED,LOCAL_ONLY,"Validate source, runtime owner, real-data calculation, API contract, role, and UI representation"
P1,CAP-047A94BA516E,Guard Decision Output,ALGORITHM_OR_BUSINESS_LOGIC,apps/ndsp-governance-bridge/policies/governance_runtime.py::guard_decision_output,ndsp-governance-bridge.service,DISCOVERY_REQUIRED,UNKNOWN,SERVICE_CONNECTED,UNMAPPED,DISCOVERY_REQUIRED,LOCAL_ONLY,"Validate source, runtime owner, real-data calculation, API contract, role, and UI representation"
P1,CAP-6B497F45D014,Init,ALGORITHM_OR_BUSINESS_LOGIC,backend/app/ndsp_governance/__init__.py::__init__,DISCOVERY_REQUIRED,DISCOVERY_REQUIRED,UNKNOWN,SOURCE_IDENTIFIED,UNMAPPED,DISCOVERY_REQUIRED,LOCAL_ONLY,"Validate source, runtime owner, real-data calculation, API contract, role, and UI representation"
P1,CAP-6C1350BBA4A7,Init,ALGORITHM_OR_BUSINESS_LOGIC,backend/app/support_layers/scenario/__init__.py::__init__,DISCOVERY_REQUIRED,DISCOVERY_REQUIRED,UNKNOWN,UI_PARTIAL,REPORTS,DISCOVERY_REQUIRED,LOCAL_ONLY,"Validate source, runtime owner, real-data calculation, API contract, role, and UI representation"
P1,CAP-546C65CAA1A3,Insert User,ALGORITHM_OR_BUSINESS_LOGIC,backend/auth_api/ndsp_trial_register_gateway.cjs::insertUser,ndsp-trial-register.service,DISCOVERY_REQUIRED,REAL_SNAPSHOT,UI_PARTIAL,TRIAL,DISCOVERY_REQUIRED,LOCAL_ONLY,"Validate source, runtime owner, real-data calculation, API contract, role, and UI representation"
P1,CAP-429E344E9B10,Install Ndsp Decision Governance,ALGORITHM_OR_BUSINESS_LOGIC,backend/app/ndsp_governance/decision_output_policy.py::install_ndsp_decision_governance,DISCOVERY_REQUIRED,DISCOVERY_REQUIRED,REAL_SNAPSHOT,UI_PARTIAL,SUBSCRIPTION,DISCOVERY_REQUIRED,LOCAL_ONLY,"Validate source, runtime owner, real-data calculation, API contract, role, and UI representation"
P1,CAP-CBBAC7D35B02,L9 Horizon Structure,ALGORITHM_OR_BUSINESS_LOGIC,backend/layers/quality/l9_horizon_structure.py::l9_horizon_structure,DISCOVERY_REQUIRED,DISCOVERY_REQUIRED,UNKNOWN,SOURCE_IDENTIFIED,UNMAPPED,DISCOVERY_REQUIRED,LOCAL_ONLY,"Validate source, runtime owner, real-data calculation, API contract, role, and UI representation"
P1,CAP-19318F0DAA6E,Layer Orchestrator,ALGORITHM_OR_BUSINESS_LOGIC,backend/layers/layer_orchestrator.py::layer_orchestrator,DISCOVERY_REQUIRED,DISCOVERY_REQUIRED,REAL_SNAPSHOT,UI_PARTIAL,ALERTS,DISCOVERY_REQUIRED,LOCAL_ONLY,"Validate source, runtime owner, real-data calculation, API contract, role, and UI representation"
P1,CAP-575CCF623BA1,Legacy Structure.Test,ALGORITHM_OR_BUSINESS_LOGIC,backend/services/decision_governance_core/tests/legacy-structure.test.sh::legacy-structure.test,DISCOVERY_REQUIRED,DISCOVERY_REQUIRED,UNKNOWN,SOURCE_IDENTIFIED,UNMAPPED,DISCOVERY_REQUIRED,LOCAL_ONLY,"Validate source, runtime owner, real-data calculation, API contract, role, and UI representation"
P1,CAP-9CE3E0097964,Legacy Structure.Test,ALGORITHM_OR_BUSINESS_LOGIC,backend/services/completed_decision/tests/legacy-structure.test.sh::legacy-structure.test,DISCOVERY_REQUIRED,DISCOVERY_REQUIRED,UNKNOWN,SOURCE_IDENTIFIED,UNMAPPED,DISCOVERY_REQUIRED,LOCAL_ONLY,"Validate source, runtime owner, real-data calculation, API contract, role, and UI representation"
P1,CAP-0FC1797C1FB1,Load Governance,ALGORITHM_OR_BUSINESS_LOGIC,backend/app/ndsp_governance/decision_output_policy.py::load_governance,DISCOVERY_REQUIRED,DISCOVERY_REQUIRED,REAL_SNAPSHOT,UI_PARTIAL,SUBSCRIPTION,DISCOVERY_REQUIRED,LOCAL_ONLY,"Validate source, runtime owner, real-data calculation, API contract, role, and UI representation"
P1,CAP-74877E98A816,Load Governance Mode,ALGORITHM_OR_BUSINESS_LOGIC,apps/ndsp-governance-bridge/policies/ndsp_governance_mode.py::load_governance_mode,ndsp-governance-bridge.service,DISCOVERY_REQUIRED,REAL_SNAPSHOT,SERVICE_CONNECTED,UNMAPPED,DISCOVERY_REQUIRED,LOCAL_ONLY,"Validate source, runtime owner, real-data calculation, API contract, role, and UI representation"
P1,CAP-714A781C2444,Load Orchestrator,ALGORITHM_OR_BUSINESS_LOGIC,apps/ndsp-layers-api/app.py::load_orchestrator,ndsp-layers-api.service,GET /api/admin/layers/health|GET /api/admin/layers/context|GET /api/admin/layers/run|POST /api/admin/layers/run|GET /api/admin/layers/health|GET /api/admin/layers/context|GET /api/admin/layers/run|POST /api/admin/layers/run,REAL_SNAPSHOT,UI_PARTIAL,TRIAL,DISCOVERY_REQUIRED,LOCAL_ONLY,"Validate source, runtime owner, real-data calculation, API contract, role, and UI representation"
P1,CAP-2885DFC3A9EA,Log Decision,ALGORITHM_OR_BUSINESS_LOGIC,apps/ndsp-governance-bridge/policies/audit_logger.py::log_decision,ndsp-governance-bridge.service,DISCOVERY_REQUIRED,REAL_SNAPSHOT,SERVICE_CONNECTED,UNMAPPED,DISCOVERY_REQUIRED,LOCAL_ONLY,"Validate source, runtime owner, real-data calculation, API contract, role, and UI representation"
P1,CAP-793E22D57579,Macro Quality Stack Effect,ALGORITHM_OR_BUSINESS_LOGIC,backend/app/support_layers/macro/macro_logic.py::macro_quality_stack_effect,DISCOVERY_REQUIRED,DISCOVERY_REQUIRED,UNKNOWN,SOURCE_IDENTIFIED,UNMAPPED,DISCOVERY_REQUIRED,LOCAL_ONLY,"Validate source, runtime owner, real-data calculation, API contract, role, and UI representation"
P1,CAP-5C75E2FE3A98,Make Decision Id,ALGORITHM_OR_BUSINESS_LOGIC,backend/services/completed_decision/main.cjs::makeDecisionId,DISCOVERY_REQUIRED,GET /health|GET /api/completed|GET /api/completed/latest|GET /api/completed/:symbol|GET /api/completed/id/:decision_id|GET /api/completed/id/:decision_id/timeline|POST /api/completed/ingest|POST /api/completed/:decision_id/publish,REAL_SNAPSHOT,UI_PARTIAL,PASSWORD_RESET,DISCOVERY_REQUIRED,LOCAL_ONLY,"Validate source, runtime owner, real-data calculation, API contract, role, and UI representation"
P1,CAP-29DA9A6A11F0,Manual Cot Provider,ALGORITHM_OR_BUSINESS_LOGIC,backend/app/support_layers/cot/manual_cot_provider.py::ManualCotProvider,DISCOVERY_REQUIRED,DISCOVERY_REQUIRED,UNKNOWN,UI_PARTIAL,REPORTS,DISCOVERY_REQUIRED,LOCAL_ONLY,"Validate source, runtime owner, real-data calculation, API contract, role, and UI representation"
P1,CAP-77818ECC2F15,Market Positioning,ALGORITHM_OR_BUSINESS_LOGIC,backend/app/core/market_positioning.py::MarketPositioning,DISCOVERY_REQUIRED,DISCOVERY_REQUIRED,UNKNOWN,SOURCE_IDENTIFIED,UNMAPPED,DISCOVERY_REQUIRED,LOCAL_ONLY,"Validate source, runtime owner, real-data calculation, API contract, role, and UI representation"
P1,CAP-4788CB6BD13A,Market Positioning Status,ALGORITHM_OR_BUSINESS_LOGIC,backend/app/core/market_positioning.py::market_positioning_status,DISCOVERY_REQUIRED,DISCOVERY_REQUIRED,UNKNOWN,SOURCE_IDENTIFIED,UNMAPPED,DISCOVERY_REQUIRED,LOCAL_ONLY,"Validate source, runtime owner, real-data calculation, API contract, role, and UI representation"
P1,CAP-E7F5980E3D93,Market Service,ALGORITHM_OR_BUSINESS_LOGIC,frontend/user-portal-vite/src/core/services/marketService.js::marketService,DISCOVERY_REQUIRED,DISCOVERY_REQUIRED,UNKNOWN,UI_PARTIAL,CURRENT_FRONTEND,frontend/user-portal-vite/src/core/services/marketService.js,LOCAL_ONLY,"Validate source, runtime owner, real-data calculation, API contract, role, and UI representation"
P1,CAP-045CDA0A73DF,Narrative Engine,ALGORITHM_OR_BUSINESS_LOGIC,backend/app/support_layers/scenario/scenario_engine.py::NarrativeEngine,DISCOVERY_REQUIRED,DISCOVERY_REQUIRED,UNKNOWN,UI_PARTIAL,ADMIN,DISCOVERY_REQUIRED,LOCAL_ONLY,"Validate source, runtime owner, real-data calculation, API contract, role, and UI representation"
P1,CAP-2AB7983B84B5,Ndsp 16 Layers,RUNTIME_SERVICE,{ path=/usr/bin/node ; argv[]=/usr/bin/node /opt/ndsp16-api/server.js ; ignore_errors=no ; start_time=[n/a] ; stop_time=[n/a] ; pid=0 ; code=(null) ; status=0/0 },ndsp-16-layers.service,DISCOVERY_REQUIRED,UNKNOWN,DISCOVERY_REQUIRED,UNMAPPED,DISCOVERY_REQUIRED,RUNTIME_ONLY,"Validate source, runtime owner, real-data calculation, API contract, role, and UI representation"
P1,CAP-541E221FDE39,Ndsp Admin Key From Req,ALGORITHM_OR_BUSINESS_LOGIC,backend/server.js::ndspAdminKeyFromReq,DISCOVERY_REQUIRED,GET /health|POST /auth/register|POST /auth/login|GET /me|POST /feedback|POST /upgrade-request|GET /upgrade-requests/me|GET /admin/upgrade-requests|POST /admin/upgrade-requests/:id/review|GET /trial/status|GET /admin/feedback|POST /admin/feedback/:id/review|GET /notifications|POST /notifications/:id/read|GET /admin/notifications|POST /admin/notifications/send|GET /plans|GET /admin/plans|PUT /admin/plans/:id|POST /admin/plans/:id/features|DELETE /admin/plan-features/:id|PUT /admin/plans/:id/layers/:layerKey|GET /admin/stats|PUT /admin/users/:id|DELETE /admin/users/:id|GET /admin/users|POST /api/auth/2fa/setup/start|POST /api/auth/2fa/setup/confirm|POST /__retired_api_admin_users_action_legacy|POST /api/auth/2fa/setup/start|GET /api/admin/telegram-routing/status|POST /api/admin/telegram-routing/update|POST /api/admin/telegram-routing/test,REAL_SNAPSHOT,UI_PARTIAL,TRIAL,DISCOVERY_REQUIRED,LOCAL_MODIFIED,"Validate source, runtime owner, real-data calculation, API contract, role, and UI representation"
P1,CAP-498E4FD1C421,Ndsp Admin Ok,ALGORITHM_OR_BUSINESS_LOGIC,backend/server.js::ndspAdminOk,DISCOVERY_REQUIRED,GET /health|POST /auth/register|POST /auth/login|GET /me|POST /feedback|POST /upgrade-request|GET /upgrade-requests/me|GET /admin/upgrade-requests|POST /admin/upgrade-requests/:id/review|GET /trial/status|GET /admin/feedback|POST /admin/feedback/:id/review|GET /notifications|POST /notifications/:id/read|GET /admin/notifications|POST /admin/notifications/send|GET /plans|GET /admin/plans|PUT /admin/plans/:id|POST /admin/plans/:id/features|DELETE /admin/plan-features/:id|PUT /admin/plans/:id/layers/:layerKey|GET /admin/stats|PUT /admin/users/:id|DELETE /admin/users/:id|GET /admin/users|POST /api/auth/2fa/setup/start|POST /api/auth/2fa/setup/confirm|POST /__retired_api_admin_users_action_legacy|POST /api/auth/2fa/setup/start|GET /api/admin/telegram-routing/status|POST /api/admin/telegram-routing/update|POST /api/admin/telegram-routing/test,REAL_SNAPSHOT,UI_PARTIAL,TRIAL,DISCOVERY_REQUIRED,LOCAL_MODIFIED,"Validate source, runtime owner, real-data calculation, API contract, role, and UI representation"
P1,CAP-40BEBA7E4C4F,Ndsp Admin User Ops,RUNTIME_SERVICE,{ path=/usr/bin/python3 ; argv[]=/usr/bin/python3 -m uvicorn app:app --host 127.0.0.1 --port 9068 ; ignore_errors=no ; start_time=[n/a] ; stop_time=[n/a] ; pid=0 ; code=(null) ; status=0/0 },ndsp-admin-user-ops.service,DISCOVERY_REQUIRED,UNKNOWN,DISCOVERY_REQUIRED,UNMAPPED,DISCOVERY_REQUIRED,RUNTIME_ONLY,"Validate source, runtime owner, real-data calculation, API contract, role, and UI representation"
P1,CAP-978D970F265C,Ndsp Alert Audit,ALGORITHM_OR_BUSINESS_LOGIC,apps/ndsp-governance-bridge/policies/ndsp_alert_audit.py::ndsp_alert_audit,ndsp-governance-bridge.service,DISCOVERY_REQUIRED,REAL_SNAPSHOT,UI_PARTIAL,PASSWORD_RESET,DISCOVERY_REQUIRED,LOCAL_ONLY,"Validate source, runtime owner, real-data calculation, API contract, role, and UI representation"
P1,CAP-F73757D671A4,Ndsp Auth Core Clean,RUNTIME_SERVICE,{ path=/usr/bin/nsolid ; argv[]=/usr/bin/nsolid /opt/ndsp-auth-core-clean/current/server/dist/server.js ; ignore_errors=no ; start_time=[n/a] ; stop_time=[n/a] ; pid=0 ; code=(null) ; status=0/0 },ndsp-auth-core-clean.service,DISCOVERY_REQUIRED,UNKNOWN,DISCOVERY_REQUIRED,UNMAPPED,DISCOVERY_REQUIRED,RUNTIME_ONLY,"Validate source, runtime owner, real-data calculation, API contract, role, and UI representation"
P1,CAP-7504DEC77825,Ndsp Bot Execution,RUNTIME_SERVICE,{ path=/usr/bin/node ; argv[]=/usr/bin/node /home/nawaf511/empire-core-new/backend/services/bot_execution/main.cjs ; ignore_errors=no ; start_time=[n/a] ; stop_time=[n/a] ; pid=0 ; code=(null) ; status=0/0 },ndsp-bot_execution.service,DISCOVERY_REQUIRED,UNKNOWN,DISCOVERY_REQUIRED,UNMAPPED,DISCOVERY_REQUIRED,RUNTIME_ONLY,"Validate source, runtime owner, real-data calculation, API contract, role, and UI representation"
P1,CAP-EBD64BBF9712,Ndsp Build Otp Auth Uri,ALGORITHM_OR_BUSINESS_LOGIC,backend/server.js::ndspBuildOtpAuthUri,DISCOVERY_REQUIRED,GET /health|POST /auth/register|POST /auth/login|GET /me|POST /feedback|POST /upgrade-request|GET /upgrade-requests/me|GET /admin/upgrade-requests|POST /admin/upgrade-requests/:id/review|GET /trial/status|GET /admin/feedback|POST /admin/feedback/:id/review|GET /notifications|POST /notifications/:id/read|GET /admin/notifications|POST /admin/notifications/send|GET /plans|GET /admin/plans|PUT /admin/plans/:id|POST /admin/plans/:id/features|DELETE /admin/plan-features/:id|PUT /admin/plans/:id/layers/:layerKey|GET /admin/stats|PUT /admin/users/:id|DELETE /admin/users/:id|GET /admin/users|POST /api/auth/2fa/setup/start|POST /api/auth/2fa/setup/confirm|POST /__retired_api_admin_users_action_legacy|POST /api/auth/2fa/setup/start|GET /api/admin/telegram-routing/status|POST /api/admin/telegram-routing/update|POST /api/admin/telegram-routing/test,REAL_SNAPSHOT,UI_PARTIAL,TRIAL,DISCOVERY_REQUIRED,LOCAL_MODIFIED,"Validate source, runtime owner, real-data calculation, API contract, role, and UI representation"
P1,CAP-98594541698F,Ndsp Business Ops,RUNTIME_SERVICE,{ path=/usr/bin/python3 ; argv[]=/usr/bin/python3 /usr/local/lib/ndsp-business-ops/app.py ; ignore_errors=no ; start_time=[n/a] ; stop_time=[n/a] ; pid=0 ; code=(null) ; status=0/0 },ndsp-business-ops.service,DISCOVERY_REQUIRED,UNKNOWN,DISCOVERY_REQUIRED,UNMAPPED,DISCOVERY_REQUIRED,RUNTIME_ONLY,"Validate source, runtime owner, real-data calculation, API contract, role, and UI representation"
P1,CAP-C2F2BCB1164C,Ndsp Canonical Live Runtime V30,RUNTIME_SERVICE,{ path=/usr/bin/python3 ; argv[]=/usr/bin/python3 /home/nawaf511/empire-core-new/backend/app/runtime/ndsp_canonical_live_runtime_v30.py ; ignore_errors=no ; start_time=[n/a] ; stop_time=[n/a] ; pid=0 ; code=(null) ; status=0/0 },ndsp-canonical-live-runtime-v30.service,DISCOVERY_REQUIRED,UNKNOWN,DISCOVERY_REQUIRED,UNMAPPED,DISCOVERY_REQUIRED,RUNTIME_ONLY,"Validate source, runtime owner, real-data calculation, API contract, role, and UI representation"
P1,CAP-21ECD3B6E0D3,Ndsp Canonical Live Runtime V33,RUNTIME_SERVICE,{ path=/usr/bin/python3 ; argv[]=/usr/bin/python3 /home/nawaf511/empire-core-new/backend/app/runtime/ndsp_canonical_live_runtime_v33.py ; ignore_errors=no ; start_time=[n/a] ; stop_time=[n/a] ; pid=0 ; code=(null) ; status=0/0 },ndsp-canonical-live-runtime-v33.service,DISCOVERY_REQUIRED,UNKNOWN,DISCOVERY_REQUIRED,UNMAPPED,DISCOVERY_REQUIRED,RUNTIME_ONLY,"Validate source, runtime owner, real-data calculation, API contract, role, and UI representation"
P1,CAP-102062CC9F49,Ndsp Change Password Gateway,RUNTIME_SERVICE,{ path=/opt/ndsp-change-password-gateway/venv/bin/uvicorn ; argv[]=/opt/ndsp-change-password-gateway/venv/bin/uvicorn app:app --host 127.0.0.1 --port 9069 ; ignore_errors=no ; start_time=[n/a] ; stop_time=[n/a] ; pid=0 ; code=(null) ; status=0/0 },ndsp-change-password-gateway.service,DISCOVERY_REQUIRED,UNKNOWN,DISCOVERY_REQUIRED,UNMAPPED,DISCOVERY_REQUIRED,RUNTIME_ONLY,"Validate source, runtime owner, real-data calculation, API contract, role, and UI representation"
P1,CAP-97112AE5ED8B,Ndsp Commercial Auth Payment Staging,RUNTIME_SERVICE,{ path=/opt/ndsp-commercial-auth-payment-staging/releases/20260730_103616-source-staging-v1-13/run-staging.sh ; argv[]=/opt/ndsp-commercial-auth-payment-staging/releases/20260730_103616-source-staging-v1-13/run-staging.sh ; ignore_errors=no ; start_time=[n/a] ; stop_time=[n/a] ; pid=0 ; code=(null) ; status=0/0 },ndsp-commercial-auth-payment-staging.service,DISCOVERY_REQUIRED,UNKNOWN,DISCOVERY_REQUIRED,UNMAPPED,DISCOVERY_REQUIRED,RUNTIME_ONLY,"Validate source, runtime owner, real-data calculation, API contract, role, and UI representation"
P1,CAP-A49CDCFF7C02,Ndsp Completed Decision,RUNTIME_SERVICE,{ path=/usr/bin/node ; argv[]=/usr/bin/node /home/nawaf511/empire-core-new/backend/services/completed_decision/main.cjs ; ignore_errors=no ; start_time=[n/a] ; stop_time=[n/a] ; pid=0 ; code=(null) ; status=0/0 },ndsp-completed_decision.service,DISCOVERY_REQUIRED,UNKNOWN,DISCOVERY_REQUIRED,UNMAPPED,DISCOVERY_REQUIRED,RUNTIME_ONLY,"Validate source, runtime owner, real-data calculation, API contract, role, and UI representation"
P1,CAP-50438E70B54F,Ndsp Completed Decisions Evidence V35,RUNTIME_SERVICE,{ path=/usr/bin/python3 ; argv[]=/usr/bin/python3 /home/nawaf511/empire-core-new/backend/app/runtime/ndsp_completed_decisions_evidence_v35.py ; ignore_errors=no ; start_time=[n/a] ; stop_time=[n/a] ; pid=0 ; code=(null) ; status=0/0 },ndsp-completed-decisions-evidence-v35.service,DISCOVERY_REQUIRED,UNKNOWN,DISCOVERY_REQUIRED,UNMAPPED,DISCOVERY_REQUIRED,RUNTIME_ONLY,"Validate source, runtime owner, real-data calculation, API contract, role, and UI representation"
P1,CAP-559BFA960608,Ndsp Completed Decisions History V36,RUNTIME_SERVICE,{ path=/usr/bin/python3 ; argv[]=/usr/bin/python3 /home/nawaf511/empire-core-new/backend/app/runtime/ndsp_completed_decisions_history_v36.py serve ; ignore_errors=no ; start_time=[n/a] ; stop_time=[n/a] ; pid=0 ; code=(null) ; status=0/0 },ndsp-completed-decisions-history-v36.service,DISCOVERY_REQUIRED,UNKNOWN,DISCOVERY_REQUIRED,UNMAPPED,DISCOVERY_REQUIRED,RUNTIME_ONLY,"Validate source, runtime owner, real-data calculation, API contract, role, and UI representation"
P1,CAP-A231C4D75E0C,Ndsp Create Otp Auth Url,ALGORITHM_OR_BUSINESS_LOGIC,backend/server.js::ndspCreateOtpAuthUrl,DISCOVERY_REQUIRED,GET /health|POST /auth/register|POST /auth/login|GET /me|POST /feedback|POST /upgrade-request|GET /upgrade-requests/me|GET /admin/upgrade-requests|POST /admin/upgrade-requests/:id/review|GET /trial/status|GET /admin/feedback|POST /admin/feedback/:id/review|GET /notifications|POST /notifications/:id/read|GET /admin/notifications|POST /admin/notifications/send|GET /plans|GET /admin/plans|PUT /admin/plans/:id|POST /admin/plans/:id/features|DELETE /admin/plan-features/:id|PUT /admin/plans/:id/layers/:layerKey|GET /admin/stats|PUT /admin/users/:id|DELETE /admin/users/:id|GET /admin/users|POST /api/auth/2fa/setup/start|POST /api/auth/2fa/setup/confirm|POST /__retired_api_admin_users_action_legacy|POST /api/auth/2fa/setup/start|GET /api/admin/telegram-routing/status|POST /api/admin/telegram-routing/update|POST /api/admin/telegram-routing/test,REAL_SNAPSHOT,UI_PARTIAL,TRIAL,DISCOVERY_REQUIRED,LOCAL_MODIFIED,"Validate source, runtime owner, real-data calculation, API contract, role, and UI representation"
P1,CAP-4F0B75AAC48C,Ndsp Ctl 001 Workspace Identity,RUNTIME_SERVICE,{ path=/usr/bin/node ; argv[]=/usr/bin/node /home/nawaf511/empire-core-new/backend/services/ctl-001-workspace-identity/main.cjs ; ignore_errors=no ; start_time=[n/a] ; stop_time=[n/a] ; pid=0 ; code=(null) ; status=0/0 },ndsp-ctl-001-workspace-identity.service,DISCOVERY_REQUIRED,UNKNOWN,DISCOVERY_REQUIRED,UNMAPPED,DISCOVERY_REQUIRED,RUNTIME_ONLY,"Validate source, runtime owner, real-data calculation, API contract, role, and UI representation"
P1,CAP-8F2A33B96CD7,Ndsp Current User Display,RUNTIME_SERVICE,{ path=/opt/ndsp-current-user-display/.venv/bin/uvicorn ; argv[]=/opt/ndsp-current-user-display/.venv/bin/uvicorn app:app --host 127.0.0.1 --port 9074 ; ignore_errors=no ; start_time=[n/a] ; stop_time=[n/a] ; pid=0 ; code=(null) ; status=0/0 },ndsp-current-user-display.service,DISCOVERY_REQUIRED,UNKNOWN,DISCOVERY_REQUIRED,UNMAPPED,DISCOVERY_REQUIRED,RUNTIME_ONLY,"Validate source, runtime owner, real-data calculation, API contract, role, and UI representation"
P1,CAP-DD2EA6FDA5D8,Ndsp Decision Governance Core,RUNTIME_SERVICE,{ path=/usr/bin/node ; argv[]=/usr/bin/node /home/nawaf511/empire-core-new/backend/services/decision_governance_core/main.cjs ; ignore_errors=no ; start_time=[n/a] ; stop_time=[n/a] ; pid=0 ; code=(null) ; status=0/0 },ndsp-decision_governance_core.service,DISCOVERY_REQUIRED,UNKNOWN,DISCOVERY_REQUIRED,UNMAPPED,DISCOVERY_REQUIRED,RUNTIME_ONLY,"Validate source, runtime owner, real-data calculation, API contract, role, and UI representation"
P1,CAP-E3FE8FA9E536,Ndsp Decision Package V1,RUNTIME_SERVICE,{ path=/opt/ndsp-decision-package-v1/venv/bin/uvicorn ; argv[]=/opt/ndsp-decision-package-v1/venv/bin/uvicorn app:app --host 127.0.0.1 --port 9061 ; ignore_errors=no ; start_time=[n/a] ; stop_time=[n/a] ; pid=0 ; code=(null) ; status=0/0 },ndsp-decision-package-v1.service,DISCOVERY_REQUIRED,UNKNOWN,DISCOVERY_REQUIRED,UNMAPPED,DISCOVERY_REQUIRED,RUNTIME_ONLY,"Validate source, runtime owner, real-data calculation, API contract, role, and UI representation"
P1,CAP-6D3062BEB048,Ndsp Live Market Adapter,ALGORITHM_OR_BUSINESS_LOGIC,backend/ndsp_live_market_adapter.cjs::ndsp_live_market_adapter,ndsp-live-market-adapter.service,DISCOVERY_REQUIRED,REAL_LIVE,UI_PARTIAL,TRIAL,DISCOVERY_REQUIRED,LOCAL_ONLY,"Validate source, runtime owner, real-data calculation, API contract, role, and UI representation"
P1,CAP-2CD14474428C,Ndsp Market Data Bridge V2,RUNTIME_SERVICE,{ path=/usr/bin/python3 ; argv[]=/usr/bin/python3 /opt/ndsp-market-data-bridge-v2/bridge.py ; ignore_errors=no ; start_time=[n/a] ; stop_time=[n/a] ; pid=0 ; code=(null) ; status=0/0 },ndsp-market-data-bridge-v2.service,DISCOVERY_REQUIRED,UNKNOWN,DISCOVERY_REQUIRED,UNMAPPED,DISCOVERY_REQUIRED,RUNTIME_ONLY,"Validate source, runtime owner, real-data calculation, API contract, role, and UI representation"
P1,CAP-423A14E667A6,Ndsp News Ticker,RUNTIME_SERVICE,{ path=/usr/bin/node ; argv[]=/usr/bin/node /opt/ndsp-news-ticker/server.js ; ignore_errors=no ; start_time=[n/a] ; stop_time=[n/a] ; pid=0 ; code=(null) ; status=0/0 },ndsp-news-ticker.service,DISCOVERY_REQUIRED,UNKNOWN,DISCOVERY_REQUIRED,UNMAPPED,DISCOVERY_REQUIRED,RUNTIME_ONLY,"Validate source, runtime owner, real-data calculation, API contract, role, and UI representation"
P1,CAP-856006E91456,Ndsp Platform Gateway 9002,RUNTIME_SERVICE,{ path=/usr/bin/python3 ; argv[]=/usr/bin/python3 /opt/ndsp-platform-gateway-9002/app.py ; ignore_errors=no ; start_time=[n/a] ; stop_time=[n/a] ; pid=0 ; code=(null) ; status=0/0 },ndsp-platform-gateway-9002.service,DISCOVERY_REQUIRED,UNKNOWN,DISCOVERY_REQUIRED,UNMAPPED,DISCOVERY_REQUIRED,RUNTIME_ONLY,"Validate source, runtime owner, real-data calculation, API contract, role, and UI representation"
P1,CAP-0066A47FF328,Ndsp Public Decision Quality,ALGORITHM_OR_BUSINESS_LOGIC,backend/app/api/ndsp_public_quality_unique.py::ndsp_public_decision_quality,DISCOVERY_REQUIRED,GET /api/ndsp/public/decision-quality|GET /api/ndsp/public/decision-quality,UNKNOWN,SOURCE_IDENTIFIED,UNMAPPED,DISCOVERY_REQUIRED,LOCAL_ONLY,"Validate source, runtime owner, real-data calculation, API contract, role, and UI representation"
P1,CAP-02AC4C12E6F4,Ndsp Public Summary V548,RUNTIME_SERVICE,{ path=/usr/bin/python3 ; argv[]=/usr/bin/python3 /opt/ndsp-public-summary-v548/app.py ; ignore_errors=no ; start_time=[n/a] ; stop_time=[n/a] ; pid=0 ; code=(null) ; status=0/0 },ndsp-public-summary-v548.service,DISCOVERY_REQUIRED,UNKNOWN,DISCOVERY_REQUIRED,UNMAPPED,DISCOVERY_REQUIRED,RUNTIME_ONLY,"Validate source, runtime owner, real-data calculation, API contract, role, and UI representation"
P1,CAP-D38B6F09E3C9,Ndsp Quality Live Nmp Wrapper,RUNTIME_SERVICE,{ path=/usr/bin/python3 ; argv[]=/usr/bin/python3 /home/nawaf511/empire-core-new/backend/app/runtime/ndsp_quality_live_nmp_wrapper.py ; ignore_errors=no ; start_time=[n/a] ; stop_time=[n/a] ; pid=0 ; code=(null) ; status=0/0 },ndsp-quality-live-nmp-wrapper.service,DISCOVERY_REQUIRED,UNKNOWN,DISCOVERY_REQUIRED,UNMAPPED,DISCOVERY_REQUIRED,RUNTIME_ONLY,"Validate source, runtime owner, real-data calculation, API contract, role, and UI representation"
P1,CAP-75332A37EEA5,Ndsp Read Admin Action Key,ALGORITHM_OR_BUSINESS_LOGIC,backend/server.js::ndspReadAdminActionKey,DISCOVERY_REQUIRED,GET /health|POST /auth/register|POST /auth/login|GET /me|POST /feedback|POST /upgrade-request|GET /upgrade-requests/me|GET /admin/upgrade-requests|POST /admin/upgrade-requests/:id/review|GET /trial/status|GET /admin/feedback|POST /admin/feedback/:id/review|GET /notifications|POST /notifications/:id/read|GET /admin/notifications|POST /admin/notifications/send|GET /plans|GET /admin/plans|PUT /admin/plans/:id|POST /admin/plans/:id/features|DELETE /admin/plan-features/:id|PUT /admin/plans/:id/layers/:layerKey|GET /admin/stats|PUT /admin/users/:id|DELETE /admin/users/:id|GET /admin/users|POST /api/auth/2fa/setup/start|POST /api/auth/2fa/setup/confirm|POST /__retired_api_admin_users_action_legacy|POST /api/auth/2fa/setup/start|GET /api/admin/telegram-routing/status|POST /api/admin/telegram-routing/update|POST /api/admin/telegram-routing/test,REAL_SNAPSHOT,UI_PARTIAL,TRIAL,DISCOVERY_REQUIRED,LOCAL_MODIFIED,"Validate source, runtime owner, real-data calculation, API contract, role, and UI representation"
P1,CAP-6C85E57F2482,Ndsp Registration Consent V42,RUNTIME_SERVICE,{ path=/usr/bin/node ; argv[]=/usr/bin/node /opt/ndsp/legal-v42/ndsp-registration-consent-gateway.cjs ; ignore_errors=no ; start_time=[n/a] ; stop_time=[n/a] ; pid=0 ; code=(null) ; status=0/0 },ndsp-registration-consent-v42.service,DISCOVERY_REQUIRED,UNKNOWN,DISCOVERY_REQUIRED,UNMAPPED,DISCOVERY_REQUIRED,RUNTIME_ONLY,"Validate source, runtime owner, real-data calculation, API contract, role, and UI representation"
P1,CAP-F7E8B7536496,Ndsp Restore Governance Keys,ALGORITHM_OR_BUSINESS_LOGIC,backend/app/ndsp_governance/decision_output_policy.py::_ndsp_restore_governance_keys,DISCOVERY_REQUIRED,DISCOVERY_REQUIRED,REAL_SNAPSHOT,UI_PARTIAL,SUBSCRIPTION,DISCOVERY_REQUIRED,LOCAL_ONLY,"Validate source, runtime owner, real-data calculation, API contract, role, and UI representation"
P1,CAP-95CC41040BDF,Ndsp Restore Mandatory Governance,ALGORITHM_OR_BUSINESS_LOGIC,backend/app/ndsp_governance/decision_output_policy.py::_ndsp_restore_mandatory_governance,DISCOVERY_REQUIRED,DISCOVERY_REQUIRED,REAL_SNAPSHOT,UI_PARTIAL,SUBSCRIPTION,DISCOVERY_REQUIRED,LOCAL_ONLY,"Validate source, runtime owner, real-data calculation, API contract, role, and UI representation"
P1,CAP-48E363203012,Ndsp Tf Quality,ALGORITHM_OR_BUSINESS_LOGIC,backend/ndsp-live-decision-quality/server.py::_ndsp_tf_quality,ndsp-live-decision-quality.service,GET /api/decision/quality-live|GET /api/decision/quality-live/health|GET /api/decision/quality-live|GET /api/decision/quality-live/health,REAL_SNAPSHOT,SERVICE_CONNECTED,UNMAPPED,DISCOVERY_REQUIRED,LOCAL_ONLY,"Validate source, runtime owner, real-data calculation, API contract, role, and UI representation"
P1,CAP-8F62216C7937,Ndsp Ui Bridge Api,RUNTIME_SERVICE,{ path=/usr/bin/python3 ; argv[]=/usr/bin/python3 -m uvicorn main:app --host 127.0.0.1 --port 9066 ; ignore_errors=no ; start_time=[n/a] ; stop_time=[n/a] ; pid=0 ; code=(null) ; status=0/0 },ndsp-ui-bridge-api.service,DISCOVERY_REQUIRED,UNKNOWN,DISCOVERY_REQUIRED,UNMAPPED,DISCOVERY_REQUIRED,RUNTIME_ONLY,"Validate source, runtime owner, real-data calculation, API contract, role, and UI representation"
P1,CAP-C887E550660D,Ndsp V1 Public Data Quality,ALGORITHM_OR_BUSINESS_LOGIC,backend/ndsp-live-decision-quality/server.py::_ndsp_v1_public_data_quality,ndsp-live-decision-quality.service,GET /api/decision/quality-live|GET /api/decision/quality-live/health|GET /api/decision/quality-live|GET /api/decision/quality-live/health,REAL_SNAPSHOT,SERVICE_CONNECTED,UNMAPPED,DISCOVERY_REQUIRED,LOCAL_ONLY,"Validate source, runtime owner, real-data calculation, API contract, role, and UI representation"
P1,CAP-B519831DD104,Ndsp V201 Report Age Days,ALGORITHM_OR_BUSINESS_LOGIC,apps/ndsp-raw-cot-gateway/app.py::_ndsp_v201_report_age_days,ndsp-raw-cot-gateway.service,GET /api/admin/raw-cot/health|GET /api/admin/raw-cot/import-current|POST /api/admin/raw-cot/import-current|GET /api/admin/raw-cot/status|GET /api/admin/raw-cot/health|GET /api/admin/raw-cot/import-current|POST /api/admin/raw-cot/import-current|GET /api/admin/raw-cot/status,REAL_SNAPSHOT,UI_PARTIAL,ADMIN,DISCOVERY_REQUIRED,LOCAL_ONLY,"Validate source, runtime owner, real-data calculation, API contract, role, and UI representation"
P1,CAP-FA2F2A8AA5C9,Ndsp V3 Portal Gateway,RUNTIME_SERVICE,{ path=/usr/bin/python3 ; argv[]=/usr/bin/python3 /opt/ndsp-v3-portal-gateway/app.py ; ignore_errors=no ; start_time=[n/a] ; stop_time=[n/a] ; pid=0 ; code=(null) ; status=0/0 },ndsp-v3-portal-gateway.service,DISCOVERY_REQUIRED,UNKNOWN,DISCOVERY_REQUIRED,UNMAPPED,DISCOVERY_REQUIRED,RUNTIME_ONLY,"Validate source, runtime owner, real-data calculation, API contract, role, and UI representation"
P1,CAP-C2C16369E0B6,Ndsp V52 Contract,RUNTIME_SERVICE,{ path=/usr/bin/python3 ; argv[]=/usr/bin/python3 /opt/ndsp-v52-contract/app.py ; ignore_errors=no ; start_time=[n/a] ; stop_time=[n/a] ; pid=0 ; code=(null) ; status=0/0 },ndsp-v52-contract.service,DISCOVERY_REQUIRED,UNKNOWN,DISCOVERY_REQUIRED,UNMAPPED,DISCOVERY_REQUIRED,RUNTIME_ONLY,"Validate source, runtime owner, real-data calculation, API contract, role, and UI representation"
P1,CAP-0B34CF6B3DD7,Ndsp V53 Bridge,RUNTIME_SERVICE,{ path=/usr/bin/python3 ; argv[]=/usr/bin/python3 /opt/ndsp-v53-bridge/app.py ; ignore_errors=no ; start_time=[n/a] ; stop_time=[n/a] ; pid=0 ; code=(null) ; status=0/0 },ndsp-v53-bridge.service,DISCOVERY_REQUIRED,UNKNOWN,DISCOVERY_REQUIRED,UNMAPPED,DISCOVERY_REQUIRED,RUNTIME_ONLY,"Validate source, runtime owner, real-data calculation, API contract, role, and UI representation"
P1,CAP-E62FA2E1D004,Ndspdecision Governance Middleware,ALGORITHM_OR_BUSINESS_LOGIC,backend/app/ndsp_governance/decision_output_policy.py::NDSPDecisionGovernanceMiddleware,DISCOVERY_REQUIRED,DISCOVERY_REQUIRED,REAL_SNAPSHOT,UI_PARTIAL,SUBSCRIPTION,DISCOVERY_REQUIRED,LOCAL_ONLY,"Validate source, runtime owner, real-data calculation, API contract, role, and UI representation"
P1,CAP-55B47C91DF6D,Ndsptrial Activation Guard Middleware,ALGORITHM_OR_BUSINESS_LOGIC,backend/app/api/ndsp_trial_activation_guard.py::NDSPTrialActivationGuardMiddleware,DISCOVERY_REQUIRED,DISCOVERY_REQUIRED,REAL_SNAPSHOT,UI_PARTIAL,TRIAL,DISCOVERY_REQUIRED,LOCAL_ONLY,"Validate source, runtime owner, real-data calculation, API contract, role, and UI representation"
P1,CAP-EF54BFEEB974,Nmp Lab Engine,ALGORITHM_OR_BUSINESS_LOGIC,research/nmp-lab/scripts/nmp_lab_engine.py::nmp_lab_engine,DISCOVERY_REQUIRED,DISCOVERY_REQUIRED,REAL_SNAPSHOT,SOURCE_IDENTIFIED,UNMAPPED,DISCOVERY_REQUIRED,LOCAL_ONLY,"Validate source, runtime owner, real-data calculation, API contract, role, and UI representation"
P1,CAP-EAF0F47E923D,Normalize Risk Without False Pause,ALGORITHM_OR_BUSINESS_LOGIC,apps/ndsp-governance-bridge/policies/governance_runtime.py::_normalize_risk_without_false_pause,ndsp-governance-bridge.service,DISCOVERY_REQUIRED,UNKNOWN,SERVICE_CONNECTED,UNMAPPED,DISCOVERY_REQUIRED,LOCAL_ONLY,"Validate source, runtime owner, real-data calculation, API contract, role, and UI representation"
P1,CAP-54BED56B7320,Normalize User,ALGORITHM_OR_BUSINESS_LOGIC,backend/ndsp-user-alert-channels/server.js::normalizeUser,ndsp-user-alert-channels.service,DISCOVERY_REQUIRED,REAL_SNAPSHOT,UI_PARTIAL,LOGIN,DISCOVERY_REQUIRED,LOCAL_ONLY,"Validate source, runtime owner, real-data calculation, API contract, role, and UI representation"
P1,CAP-1D6433FFEA50,Normalized Decision Plan,ALGORITHM_OR_BUSINESS_LOGIC,backend/auth_api/ndsp_user_login_gateway.cjs::normalizedDecisionPlan,ndsp-user-login.service,GET /api/auth/login/health|POST /api/auth/login|POST /api/auth/2fa/login/verify|GET /api/auth/session|GET /api/auth/decision-room-access|POST /api/auth/runtime/usage/consume|GET /api/auth/profile|PUT /api/auth/profile|GET /api/auth/survey/status|POST /api/auth/survey/response|POST /api/auth/events|POST /api/auth/internal/legal-acceptance|POST /api/auth/internal/evidence|POST /api/auth/logout|GET /api/auth/2fa/status|POST /api/auth/2fa/setup|POST /api/auth/2fa/confirm|POST /api/auth/2fa/disable|POST /api/auth/2fa/status|POST /api/auth/2fa/setup/start|POST /api/auth/2fa/setup/confirm|POST /api/auth/2fa/setup/skip|POST /api/auth/2fa/setup/confirm-final|POST /api/auth/2fa/setup/confirm-speakeasy,REAL_SNAPSHOT,UI_PARTIAL,TRIAL,DISCOVERY_REQUIRED,LOCAL_ONLY,"Validate source, runtime owner, real-data calculation, API contract, role, and UI representation"
P1,CAP-423A0277D2B0,Parse Quality,ALGORITHM_OR_BUSINESS_LOGIC,backend/app/runtime/ndsp_quality_live_golden_wrapper.py::parse_quality,ndsp-quality-live-golden-wrapper.service,DISCOVERY_REQUIRED,REAL_SNAPSHOT,SERVICE_CONNECTED,UNMAPPED,DISCOVERY_REQUIRED,LOCAL_ONLY,"Validate source, runtime owner, real-data calculation, API contract, role, and UI representation"
P1,CAP-08E20E709D83,Path Needs Governance,ALGORITHM_OR_BUSINESS_LOGIC,backend/app/ndsp_governance/decision_output_policy.py::path_needs_governance,DISCOVERY_REQUIRED,DISCOVERY_REQUIRED,REAL_SNAPSHOT,UI_PARTIAL,SUBSCRIPTION,DISCOVERY_REQUIRED,LOCAL_ONLY,"Validate source, runtime owner, real-data calculation, API contract, role, and UI representation"
P1,CAP-B6D6412125A9,Pick Admin Key,ALGORITHM_OR_BUSINESS_LOGIC,backend/app/api/admin/telegram_routing_admin.py::pick_admin_key,DISCOVERY_REQUIRED,GET /status|POST /update|POST /test|GET /status|POST /update|POST /test,REAL_SNAPSHOT,UI_PARTIAL,PASSWORD_RESET,DISCOVERY_REQUIRED,LOCAL_ONLY,"Validate source, runtime owner, real-data calculation, API contract, role, and UI representation"
P1,CAP-E4F9CD5311CA,Pick Market Timestamp,ALGORITHM_OR_BUSINESS_LOGIC,frontend/user-portal-vite/src/main.jsx::pickMarketTimestamp,DISCOVERY_REQUIRED,DISCOVERY_REQUIRED,REAL_LIVE,UI_PARTIAL,CURRENT_FRONTEND,frontend/user-portal-vite/src/main.jsx,LOCAL_MODIFIED,"Validate source, runtime owner, real-data calculation, API contract, role, and UI representation"
P1,CAP-AC57AF196812,Public Decision Quality,ALGORITHM_OR_BUSINESS_LOGIC,backend/app/api/decision_quality_public.py::public_decision_quality,DISCOVERY_REQUIRED,GET /api/decision/quality|GET /api/decision/quality,UNKNOWN,SOURCE_IDENTIFIED,UNMAPPED,DISCOVERY_REQUIRED,LOCAL_ONLY,"Validate source, runtime owner, real-data calculation, API contract, role, and UI representation"
P1,CAP-72FE4FA915D8,Quality Grade,ALGORITHM_OR_BUSINESS_LOGIC,backend/app/support_layers/quality/decision_quality_stack.py::QualityGrade,DISCOVERY_REQUIRED,DISCOVERY_REQUIRED,UNKNOWN,SOURCE_IDENTIFIED,UNMAPPED,DISCOVERY_REQUIRED,LOCAL_ONLY,"Validate source, runtime owner, real-data calculation, API contract, role, and UI representation"
P1,CAP-02136C1E6984,Quality Labels,ALGORITHM_OR_BUSINESS_LOGIC,backend/ndsp-live-decision-quality/server.py::quality_labels,ndsp-live-decision-quality.service,GET /api/decision/quality-live|GET /api/decision/quality-live/health|GET /api/decision/quality-live|GET /api/decision/quality-live/health,REAL_SNAPSHOT,SERVICE_CONNECTED,UNMAPPED,DISCOVERY_REQUIRED,LOCAL_ONLY,"Validate source, runtime owner, real-data calculation, API contract, role, and UI representation"
P1,CAP-4A426C29FEC9,Quality Live,ALGORITHM_OR_BUSINESS_LOGIC,backend/ndsp-live-decision-quality/server.py::quality_live,ndsp-live-decision-quality.service,GET /api/decision/quality-live|GET /api/decision/quality-live/health|GET /api/decision/quality-live|GET /api/decision/quality-live/health,REAL_SNAPSHOT,SERVICE_CONNECTED,UNMAPPED,DISCOVERY_REQUIRED,LOCAL_ONLY,"Validate source, runtime owner, real-data calculation, API contract, role, and UI representation"
P1,CAP-08273C63D4D2,Quality Result,ALGORITHM_OR_BUSINESS_LOGIC,backend/app/support_layers/quality/decision_quality_stack.py::QualityResult,DISCOVERY_REQUIRED,DISCOVERY_REQUIRED,UNKNOWN,SOURCE_IDENTIFIED,UNMAPPED,DISCOVERY_REQUIRED,LOCAL_ONLY,"Validate source, runtime owner, real-data calculation, API contract, role, and UI representation"
P1,CAP-2550A9AE98FE,Render Trials,ALGORITHM_OR_BUSINESS_LOGIC,apps/admin-console/ndsp-admin-live-data-override.js::renderTrials,DISCOVERY_REQUIRED,DISCOVERY_REQUIRED,REAL_LIVE,UI_PARTIAL,TRIAL,DISCOVERY_REQUIRED,LOCAL_ONLY,"Validate source, runtime owner, real-data calculation, API contract, role, and UI representation"
P1,CAP-E5A863D04011,Report File Path,ALGORITHM_OR_BUSINESS_LOGIC,backend/portal_snapshot_generator.cjs::reportFilePath,DISCOVERY_REQUIRED,DISCOVERY_REQUIRED,REAL_LIVE,UI_PARTIAL,REPORTS,DISCOVERY_REQUIRED,LOCAL_ONLY,"Validate source, runtime owner, real-data calculation, API contract, role, and UI representation"
P1,CAP-212E6DC3A3DB,Require Admin,ALGORITHM_OR_BUSINESS_LOGIC,backend/app/api/internal/telegram_routing_internal.py::require_admin,DISCOVERY_REQUIRED,GET /debug-auth|GET /debug-db|GET /status|POST /update|POST /test|GET /debug-auth|GET /debug-db|GET /status|POST /update|POST /test,REAL_SNAPSHOT,UI_PARTIAL,PASSWORD_RESET,DISCOVERY_REQUIRED,LOCAL_ONLY,"Validate source, runtime owner, real-data calculation, API contract, role, and UI representation"
P1,CAP-24B10225D49C,Require Admin,ALGORITHM_OR_BUSINESS_LOGIC,backend/app/api/admin/telegram_routing_admin.py::require_admin,DISCOVERY_REQUIRED,GET /status|POST /update|POST /test|GET /status|POST /update|POST /test,REAL_SNAPSHOT,UI_PARTIAL,PASSWORD_RESET,DISCOVERY_REQUIRED,LOCAL_ONLY,"Validate source, runtime owner, real-data calculation, API contract, role, and UI representation"
P1,CAP-43DC89894352,Require Admin,ALGORITHM_OR_BUSINESS_LOGIC,backend/app/api/admin/telegram_routing_v2.py::require_admin,DISCOVERY_REQUIRED,GET /status|POST /update|POST /test|GET /debug-auth|GET /status|POST /update|POST /test|GET /debug-auth,REAL_SNAPSHOT,UI_PARTIAL,PASSWORD_RESET,DISCOVERY_REQUIRED,LOCAL_ONLY,"Validate source, runtime owner, real-data calculation, API contract, role, and UI representation"
P1,CAP-996E29239712,Require Admin,ALGORITHM_OR_BUSINESS_LOGIC,apps/ndsp-governance-bridge/policies/admin_snapshot/tdl_v2_policy_admin.py::_require_admin,ndsp-governance-bridge.service,GET /auth-debug|GET /policy|POST /policy|POST /timing/enable|POST /timing/disable|GET /auth-debug|GET /policy|POST /policy|POST /timing/enable|POST /timing/disable,UNKNOWN,UI_PARTIAL,ADMIN,DISCOVERY_REQUIRED,LOCAL_ONLY,"Validate source, runtime owner, real-data calculation, API contract, role, and UI representation"
P1,CAP-5DA08FFCB1E8,Requires Decision Access,ALGORITHM_OR_BUSINESS_LOGIC,backend/auth_api/ndsp_platform_gateway_9001.cjs::requiresDecisionAccess,ndsp-platform-gateway.service,DISCOVERY_REQUIRED,REAL_SNAPSHOT,UI_PARTIAL,TRIAL,DISCOVERY_REQUIRED,LOCAL_ONLY,"Validate source, runtime owner, real-data calculation, API contract, role, and UI representation"
P1,CAP-B9DDB970C292,Resolve Cot Asset Mapping,ALGORITHM_OR_BUSINESS_LOGIC,backend/app/support_layers/cot/cot_asset_mapper.py::resolve_cot_asset_mapping,DISCOVERY_REQUIRED,DISCOVERY_REQUIRED,UNKNOWN,UI_PARTIAL,REPORTS,DISCOVERY_REQUIRED,LOCAL_ONLY,"Validate source, runtime owner, real-data calculation, API contract, role, and UI representation"
P1,CAP-2ED1FB8B8919,Restore Decision From Layers If False Neutral,ALGORITHM_OR_BUSINESS_LOGIC,apps/ndsp-governance-bridge/policies/governance_runtime.py::_restore_decision_from_layers_if_false_neutral,ndsp-governance-bridge.service,DISCOVERY_REQUIRED,UNKNOWN,SERVICE_CONNECTED,UNMAPPED,DISCOVERY_REQUIRED,LOCAL_ONLY,"Validate source, runtime owner, real-data calculation, API contract, role, and UI representation"
P1,CAP-119888657162,Row To Decision,ALGORITHM_OR_BUSINESS_LOGIC,backend/services/completed_decision/main.cjs::rowToDecision,DISCOVERY_REQUIRED,GET /health|GET /api/completed|GET /api/completed/latest|GET /api/completed/:symbol|GET /api/completed/id/:decision_id|GET /api/completed/id/:decision_id/timeline|POST /api/completed/ingest|POST /api/completed/:decision_id/publish,REAL_SNAPSHOT,UI_PARTIAL,PASSWORD_RESET,DISCOVERY_REQUIRED,LOCAL_ONLY,"Validate source, runtime owner, real-data calculation, API contract, role, and UI representation"
P1,CAP-7DC9056619BD,Safe Session User,ALGORITHM_OR_BUSINESS_LOGIC,backend/auth_api/ndsp_user_login_gateway.cjs::safeSessionUser,ndsp-user-login.service,GET /api/auth/login/health|POST /api/auth/login|POST /api/auth/2fa/login/verify|GET /api/auth/session|GET /api/auth/decision-room-access|POST /api/auth/runtime/usage/consume|GET /api/auth/profile|PUT /api/auth/profile|GET /api/auth/survey/status|POST /api/auth/survey/response|POST /api/auth/events|POST /api/auth/internal/legal-acceptance|POST /api/auth/internal/evidence|POST /api/auth/logout|GET /api/auth/2fa/status|POST /api/auth/2fa/setup|POST /api/auth/2fa/confirm|POST /api/auth/2fa/disable|POST /api/auth/2fa/status|POST /api/auth/2fa/setup/start|POST /api/auth/2fa/setup/confirm|POST /api/auth/2fa/setup/skip|POST /api/auth/2fa/setup/confirm-final|POST /api/auth/2fa/setup/confirm-speakeasy,REAL_SNAPSHOT,UI_PARTIAL,TRIAL,DISCOVERY_REQUIRED,LOCAL_ONLY,"Validate source, runtime owner, real-data calculation, API contract, role, and UI representation"
P1,CAP-20C44DAA9628,Save Governance Mode,ALGORITHM_OR_BUSINESS_LOGIC,apps/ndsp-governance-bridge/policies/ndsp_governance_mode.py::save_governance_mode,ndsp-governance-bridge.service,DISCOVERY_REQUIRED,REAL_SNAPSHOT,SERVICE_CONNECTED,UNMAPPED,DISCOVERY_REQUIRED,LOCAL_ONLY,"Validate source, runtime owner, real-data calculation, API contract, role, and UI representation"
P1,CAP-7790D40220E7,Scenario Service,ALGORITHM_OR_BUSINESS_LOGIC,frontend/user-portal-vite/src/core/services/scenarioService.js::scenarioService,DISCOVERY_REQUIRED,DISCOVERY_REQUIRED,UNKNOWN,UI_PARTIAL,CURRENT_FRONTEND,frontend/user-portal-vite/src/core/services/scenarioService.js,LOCAL_ONLY,"Validate source, runtime owner, real-data calculation, API contract, role, and UI representation"
P1,CAP-DA166447891B,Status From Score,ALGORITHM_OR_BUSINESS_LOGIC,backend/ndsp_latest_16_layers_logic_functions.py::_status_from_score,DISCOVERY_REQUIRED,DISCOVERY_REQUIRED,REAL_SNAPSHOT,UI_PARTIAL,REPORTS,DISCOVERY_REQUIRED,LOCAL_ONLY,"Validate source, runtime owner, real-data calculation, API contract, role, and UI representation"
P1,CAP-FABD911344A4,Sync Admin Users Json Safe,ALGORITHM_OR_BUSINESS_LOGIC,backend/auth_api/ndsp_trial_register_gateway.cjs::syncAdminUsersJsonSafe,ndsp-trial-register.service,DISCOVERY_REQUIRED,REAL_SNAPSHOT,UI_PARTIAL,TRIAL,DISCOVERY_REQUIRED,LOCAL_ONLY,"Validate source, runtime owner, real-data calculation, API contract, role, and UI representation"
P1,CAP-5FE4CAD204BC,Tdl Lab Engine,ALGORITHM_OR_BUSINESS_LOGIC,backend/research/tdl_lab/tdl_lab_engine.py::tdl_lab_engine,DISCOVERY_REQUIRED,DISCOVERY_REQUIRED,REAL_SNAPSHOT,UI_PARTIAL,REPORTS,DISCOVERY_REQUIRED,LOCAL_ONLY,"Validate source, runtime owner, real-data calculation, API contract, role, and UI representation"
P1,CAP-D720DF9D097F,Test Clamps Score To 100,ALGORITHM_OR_BUSINESS_LOGIC,backend/app/support_layers/quality/test_integration_dqs.py::test_clamps_score_to_100,DISCOVERY_REQUIRED,DISCOVERY_REQUIRED,UNKNOWN,SOURCE_IDENTIFIED,UNMAPPED,DISCOVERY_REQUIRED,LOCAL_ONLY,"Validate source, runtime owner, real-data calculation, API contract, role, and UI representation"
P1,CAP-DB9A1015BFEC,Test Clamps Score To Zero,ALGORITHM_OR_BUSINESS_LOGIC,backend/app/support_layers/quality/test_integration_dqs.py::test_clamps_score_to_zero,DISCOVERY_REQUIRED,DISCOVERY_REQUIRED,UNKNOWN,SOURCE_IDENTIFIED,UNMAPPED,DISCOVERY_REQUIRED,LOCAL_ONLY,"Validate source, runtime owner, real-data calculation, API contract, role, and UI representation"
P1,CAP-C30ED71E7598,Test Cot No Execution,ALGORITHM_OR_BUSINESS_LOGIC,backend/app/support_layers/cot/test_cot_spine.py::test_cot_no_execution,DISCOVERY_REQUIRED,DISCOVERY_REQUIRED,UNKNOWN,UI_PARTIAL,REPORTS,DISCOVERY_REQUIRED,LOCAL_ONLY,"Validate source, runtime owner, real-data calculation, API contract, role, and UI representation"
P1,CAP-76B70495D201,Test Cot Spine,ALGORITHM_OR_BUSINESS_LOGIC,backend/app/support_layers/cot/test_cot_spine.py::TestCotSpine,DISCOVERY_REQUIRED,DISCOVERY_REQUIRED,UNKNOWN,UI_PARTIAL,REPORTS,DISCOVERY_REQUIRED,LOCAL_ONLY,"Validate source, runtime owner, real-data calculation, API contract, role, and UI representation"
P1,CAP-1B6E6543D240,Test Cot V61 Storage,ALGORITHM_OR_BUSINESS_LOGIC,backend/app/support_layers/cot/test_cot_v6_1_storage.py::TestCotV61Storage,DISCOVERY_REQUIRED,DISCOVERY_REQUIRED,REAL_SNAPSHOT,UI_PARTIAL,REPORTS,DISCOVERY_REQUIRED,LOCAL_ONLY,"Validate source, runtime owner, real-data calculation, API contract, role, and UI representation"
P1,CAP-46029BDD33D3,Test Macro Negative Effect Reduces Score,ALGORITHM_OR_BUSINESS_LOGIC,backend/app/support_layers/quality/test_integration_dqs.py::test_macro_negative_effect_reduces_score,DISCOVERY_REQUIRED,DISCOVERY_REQUIRED,UNKNOWN,SOURCE_IDENTIFIED,UNMAPPED,DISCOVERY_REQUIRED,LOCAL_ONLY,"Validate source, runtime owner, real-data calculation, API contract, role, and UI representation"
P1,CAP-7C8F6B1D672F,Test Macro Quality Stack Effect,ALGORITHM_OR_BUSINESS_LOGIC,backend/app/support_layers/macro/test_macro_logic.py::test_macro_quality_stack_effect,DISCOVERY_REQUIRED,DISCOVERY_REQUIRED,UNKNOWN,SOURCE_IDENTIFIED,UNMAPPED,DISCOVERY_REQUIRED,LOCAL_ONLY,"Validate source, runtime owner, real-data calculation, API contract, role, and UI representation"
P1,CAP-46527B2F0652,Test Ndsp Fix Direct Trade Execution Key Tdl V2,ALGORITHM_OR_BUSINESS_LOGIC,tests/test_ndsp_fix_direct_trade_execution_key_tdl_v2.py::test_ndsp_fix_direct_trade_execution_key_tdl_v2,DISCOVERY_REQUIRED,DISCOVERY_REQUIRED,REAL_SNAPSHOT,SOURCE_IDENTIFIED,UNMAPPED,DISCOVERY_REQUIRED,LOCAL_ONLY,"Validate source, runtime owner, real-data calculation, API contract, role, and UI representation"
P1,CAP-AA5A5B9114A2,Test Ndsp Python Decision Governance V1,ALGORITHM_OR_BUSINESS_LOGIC,tests/test_ndsp_python_decision_governance_v1.py::test_ndsp_python_decision_governance_v1,DISCOVERY_REQUIRED,DISCOVERY_REQUIRED,REAL_SNAPSHOT,SOURCE_IDENTIFIED,UNMAPPED,DISCOVERY_REQUIRED,LOCAL_ONLY,"Validate source, runtime owner, real-data calculation, API contract, role, and UI representation"
P1,CAP-A88B21563C34,Test Ndsp Python Tdl V2 Decision Outputs,ALGORITHM_OR_BUSINESS_LOGIC,tests/test_ndsp_python_tdl_v2_decision_outputs.py::test_ndsp_python_tdl_v2_decision_outputs,DISCOVERY_REQUIRED,DISCOVERY_REQUIRED,REAL_SNAPSHOT,SOURCE_IDENTIFIED,UNMAPPED,DISCOVERY_REQUIRED,LOCAL_ONLY,"Validate source, runtime owner, real-data calculation, API contract, role, and UI representation"
P1,CAP-8A41EB527D76,Test Quality Effect Values,ALGORITHM_OR_BUSINESS_LOGIC,backend/app/support_layers/black_layer/test_black_layer.py::test_quality_effect_values,DISCOVERY_REQUIRED,DISCOVERY_REQUIRED,UNKNOWN,SOURCE_IDENTIFIED,UNMAPPED,DISCOVERY_REQUIRED,LOCAL_ONLY,"Validate source, runtime owner, real-data calculation, API contract, role, and UI representation"
P1,CAP-2CCF288AB3A6,Test Snapshot Evaluates Through Existing Cot Engine,ALGORITHM_OR_BUSINESS_LOGIC,backend/app/support_layers/cot/test_cot_v6_1_storage.py::test_snapshot_evaluates_through_existing_cot_engine,DISCOVERY_REQUIRED,DISCOVERY_REQUIRED,REAL_SNAPSHOT,UI_PARTIAL,REPORTS,DISCOVERY_REQUIRED,LOCAL_ONLY,"Validate source, runtime owner, real-data calculation, API contract, role, and UI representation"
P1,CAP-B13D2E033AA3,Use Market,ALGORITHM_OR_BUSINESS_LOGIC,frontend/user-portal-vite/src/hooks/useMarket.js::useMarket,DISCOVERY_REQUIRED,DISCOVERY_REQUIRED,REAL_LIVE,UI_PARTIAL,CURRENT_FRONTEND,frontend/user-portal-vite/src/hooks/useMarket.js,LOCAL_ONLY,"Validate source, runtime owner, real-data calculation, API contract, role, and UI representation"
P1,CAP-546A1A38604F,User By Id Or Email,ALGORITHM_OR_BUSINESS_LOGIC,backend/ndsp-user-alert-channels/server.js::userByIdOrEmail,ndsp-user-alert-channels.service,DISCOVERY_REQUIRED,REAL_SNAPSHOT,UI_PARTIAL,LOGIN,DISCOVERY_REQUIRED,LOCAL_ONLY,"Validate source, runtime owner, real-data calculation, API contract, role, and UI representation"
P1,CAP-834DF8F1DE14,User From Auth Me,ALGORITHM_OR_BUSINESS_LOGIC,backend/ndsp-user-alert-channels/server.js::userFromAuthMe,ndsp-user-alert-channels.service,DISCOVERY_REQUIRED,REAL_SNAPSHOT,UI_PARTIAL,LOGIN,DISCOVERY_REQUIRED,LOCAL_ONLY,"Validate source, runtime owner, real-data calculation, API contract, role, and UI representation"
P1,CAP-EF7009376528,User From Jwt,ALGORITHM_OR_BUSINESS_LOGIC,backend/ndsp-user-alert-channels/server.js::userFromJwt,ndsp-user-alert-channels.service,DISCOVERY_REQUIRED,REAL_SNAPSHOT,UI_PARTIAL,LOGIN,DISCOVERY_REQUIRED,LOCAL_ONLY,"Validate source, runtime owner, real-data calculation, API contract, role, and UI representation"
P1,CAP-61B414613C07,User From Sessions,ALGORITHM_OR_BUSINESS_LOGIC,backend/ndsp-user-alert-channels/server.js::userFromSessions,ndsp-user-alert-channels.service,DISCOVERY_REQUIRED,REAL_SNAPSHOT,UI_PARTIAL,LOGIN,DISCOVERY_REQUIRED,LOCAL_ONLY,"Validate source, runtime owner, real-data calculation, API contract, role, and UI representation"
P1,CAP-794EA0FC771F,User Test,ALGORITHM_OR_BUSINESS_LOGIC,backend/ndsp-user-alert-channels/server.js::userTest,ndsp-user-alert-channels.service,DISCOVERY_REQUIRED,REAL_SNAPSHOT,UI_PARTIAL,LOGIN,DISCOVERY_REQUIRED,LOCAL_ONLY,"Validate source, runtime owner, real-data calculation, API contract, role, and UI representation"
P1,CAP-354A758262E8,V40 Shape Decision Payload,ALGORITHM_OR_BUSINESS_LOGIC,backend/auth_api/ndsp_platform_gateway_9001.cjs::v40ShapeDecisionPayload,ndsp-platform-gateway.service,DISCOVERY_REQUIRED,REAL_SNAPSHOT,UI_PARTIAL,TRIAL,DISCOVERY_REQUIRED,LOCAL_ONLY,"Validate source, runtime owner, real-data calculation, API contract, role, and UI representation"
P1,CAP-84FF68BA9542,V46 Internal Authorized,ALGORITHM_OR_BUSINESS_LOGIC,backend/auth_api/ndsp_user_login_gateway.cjs::v46InternalAuthorized,ndsp-user-login.service,GET /api/auth/login/health|POST /api/auth/login|POST /api/auth/2fa/login/verify|GET /api/auth/session|GET /api/auth/decision-room-access|POST /api/auth/runtime/usage/consume|GET /api/auth/profile|PUT /api/auth/profile|GET /api/auth/survey/status|POST /api/auth/survey/response|POST /api/auth/events|POST /api/auth/internal/legal-acceptance|POST /api/auth/internal/evidence|POST /api/auth/logout|GET /api/auth/2fa/status|POST /api/auth/2fa/setup|POST /api/auth/2fa/confirm|POST /api/auth/2fa/disable|POST /api/auth/2fa/status|POST /api/auth/2fa/setup/start|POST /api/auth/2fa/setup/confirm|POST /api/auth/2fa/setup/skip|POST /api/auth/2fa/setup/confirm-final|POST /api/auth/2fa/setup/confirm-speakeasy,REAL_SNAPSHOT,UI_PARTIAL,TRIAL,DISCOVERY_REQUIRED,LOCAL_ONLY,"Validate source, runtime owner, real-data calculation, API contract, role, and UI representation"
P1,CAP-62833B1E9F54,V461 Can Retry Market,ALGORITHM_OR_BUSINESS_LOGIC,backend/auth_api/ndsp_platform_gateway_9001.cjs::v461CanRetryMarket,ndsp-platform-gateway.service,DISCOVERY_REQUIRED,REAL_SNAPSHOT,UI_PARTIAL,TRIAL,DISCOVERY_REQUIRED,LOCAL_ONLY,"Validate source, runtime owner, real-data calculation, API contract, role, and UI representation"
P1,CAP-85BB71BCB158,V461 Market Path,ALGORITHM_OR_BUSINESS_LOGIC,backend/auth_api/ndsp_platform_gateway_9001.cjs::v461MarketPath,ndsp-platform-gateway.service,DISCOVERY_REQUIRED,REAL_SNAPSHOT,UI_PARTIAL,TRIAL,DISCOVERY_REQUIRED,LOCAL_ONLY,"Validate source, runtime owner, real-data calculation, API contract, role, and UI representation"
P1,CAP-156AED7A28CE,V461 Retry Market,ALGORITHM_OR_BUSINESS_LOGIC,backend/auth_api/ndsp_platform_gateway_9001.cjs::v461RetryMarket,ndsp-platform-gateway.service,DISCOVERY_REQUIRED,REAL_SNAPSHOT,UI_PARTIAL,TRIAL,DISCOVERY_REQUIRED,LOCAL_ONLY,"Validate source, runtime owner, real-data calculation, API contract, role, and UI representation"
P1,CAP-704639CE50C9,Validate Decision,ALGORITHM_OR_BUSINESS_LOGIC,backend/services/decision_governance_core/main.cjs::validateDecision,DISCOVERY_REQUIRED,GET /health|POST /api/governance/evaluate|POST /api/governance/submit,REAL_LIVE,SOURCE_IDENTIFIED,UNMAPPED,DISCOVERY_REQUIRED,LOCAL_ONLY,"Validate source, runtime owner, real-data calculation, API contract, role, and UI representation"
P1,CAP-1818863D4B3D,Validate Market Response,ALGORITHM_OR_BUSINESS_LOGIC,backend/portal_snapshot_generator.cjs::validateMarketResponse,DISCOVERY_REQUIRED,DISCOVERY_REQUIRED,REAL_LIVE,UI_PARTIAL,REPORTS,DISCOVERY_REQUIRED,LOCAL_ONLY,"Validate source, runtime owner, real-data calculation, API contract, role, and UI representation"
P1,CAP-2038C387452F,Write Report,ALGORITHM_OR_BUSINESS_LOGIC,backend/portal_snapshot_generator.cjs::writeReport,DISCOVERY_REQUIRED,DISCOVERY_REQUIRED,REAL_LIVE,UI_PARTIAL,REPORTS,DISCOVERY_REQUIRED,LOCAL_ONLY,"Validate source, runtime owner, real-data calculation, API contract, role, and UI representation"
P2,CAP-B7B141CE6F45,Activate Subscription,ALGORITHM_OR_BUSINESS_LOGIC,backend/ndsp_nowpayments.cjs::activateSubscription,DISCOVERY_REQUIRED,GET /nowpayments/health|POST /checkout/create|GET /webhooks/nowpayments|POST /webhooks/nowpayments,REAL_LIVE,UI_PARTIAL,SUBSCRIPTION,DISCOVERY_REQUIRED,ON_MAIN,"Validate source, runtime owner, real-data calculation, API contract, role, and UI representation"
P2,CAP-E7E2EB1C570D,Activate User By Token,ALGORITHM_OR_BUSINESS_LOGIC,backend/ndsp_trial_register_gateway.cjs::activateUserByToken,ndsp-trial-register.service,DISCOVERY_REQUIRED,REAL_SNAPSHOT,UI_PARTIAL,TRIAL,DISCOVERY_REQUIRED,ON_MAIN,"Validate source, runtime owner, real-data calculation, API contract, role, and UI representation"
P2,CAP-27F8705FBD92,Active Trial,ALGORITHM_OR_BUSINESS_LOGIC,backend/services/ndsp-launch-control-v167/server.py::active_trial,DISCOVERY_REQUIRED,DISCOVERY_REQUIRED,MOCK_ONLY,UI_PARTIAL,TRIAL,DISCOVERY_REQUIRED,UNTRACKED,"Validate source, runtime owner, real-data calculation, API contract, role, and UI representation"
P2,CAP-57FACA283877,Admin Mail To,ALGORITHM_OR_BUSINESS_LOGIC,backend/ndsp_trial_register_gateway.cjs::adminMailTo,ndsp-trial-register.service,DISCOVERY_REQUIRED,REAL_SNAPSHOT,UI_PARTIAL,TRIAL,DISCOVERY_REQUIRED,ON_MAIN,"Validate source, runtime owner, real-data calculation, API contract, role, and UI representation"
P2,CAP-B4428CF8E186,Attach Tdl Trade Horizon Addons,ALGORITHM_OR_BUSINESS_LOGIC,backend/ndsp_tdl_trade_horizon_addons.cjs::attachTdlTradeHorizonAddons,DISCOVERY_REQUIRED,DISCOVERY_REQUIRED,UNKNOWN,SOURCE_IDENTIFIED,UNMAPPED,DISCOVERY_REQUIRED,ON_MAIN,"Validate source, runtime owner, real-data calculation, API contract, role, and UI representation"
P2,CAP-ACFDAF4DAD5E,Auth,ALGORITHM_OR_BUSINESS_LOGIC,backend/ndsp_user_login_gateway.cjs::auth,ndsp-user-login.service,GET /api/auth/login/health|POST /api/auth/login|POST /api/auth/2fa/login/verify|GET /api/auth/session|POST /api/auth/logout|GET /api/auth/2fa/status|POST /api/auth/2fa/setup|POST /api/auth/2fa/confirm|POST /api/auth/2fa/disable|POST /api/auth/2fa/status|POST /api/auth/2fa/setup/start|POST /api/auth/2fa/setup/confirm|POST /api/auth/2fa/setup/skip|POST /api/auth/2fa/setup/confirm-final|POST /api/auth/2fa/setup/confirm-speakeasy,REAL_SNAPSHOT,UI_PARTIAL,TRIAL,DISCOVERY_REQUIRED,ON_MAIN,"Validate source, runtime owner, real-data calculation, API contract, role, and UI representation"
P2,CAP-784548F2FDAD,Authorize,ALGORITHM_OR_BUSINESS_LOGIC,backend/ndsp_admin_actions_bypass_old_middleware.cjs::authorize,ndsp-admin-actions.service,GET /api/admin-actions/users/action/health|POST /api/admin-actions/users/action,REAL_SNAPSHOT,UI_PARTIAL,TRIAL,DISCOVERY_REQUIRED,ON_MAIN,"Validate source, runtime owner, real-data calculation, API contract, role, and UI representation"
P2,CAP-DF54F83FC9EB,Authorize,ALGORITHM_OR_BUSINESS_LOGIC,backend/ndsp_admin_actions_authoritative.cjs::authorize,ndsp-admin-actions.service,GET /api/admin/users/action/health,REAL_SNAPSHOT,UI_PARTIAL,TRIAL,DISCOVERY_REQUIRED,ON_MAIN,"Validate source, runtime owner, real-data calculation, API contract, role, and UI representation"
P2,CAP-0C985C4FB835,Candidate Score,ALGORITHM_OR_BUSINESS_LOGIC,frontend/ndsp-user-portal-v50/public/ndsp-bind-original-back-link-v77.js::candidateScore,DISCOVERY_REQUIRED,DISCOVERY_REQUIRED,UNKNOWN,UI_PARTIAL,CURRENT_FRONTEND,frontend/ndsp-user-portal-v50/public/ndsp-bind-original-back-link-v77.js,UNTRACKED,"Validate source, runtime owner, real-data calculation, API contract, role, and UI representation"
P2,CAP-393D853966BA,Candidate Score,ALGORITHM_OR_BUSINESS_LOGIC,frontend/ndsp-user-portal-v50/public/ndsp-login-original-back-link-v76.js::candidateScore,DISCOVERY_REQUIRED,DISCOVERY_REQUIRED,UNKNOWN,UI_PARTIAL,LOGIN,frontend/ndsp-user-portal-v50/public/ndsp-login-original-back-link-v76.js,UNTRACKED,"Validate source, runtime owner, real-data calculation, API contract, role, and UI representation"
P2,CAP-5930A90FD873,Canvas Signal,ALGORITHM_OR_BUSINESS_LOGIC,backend/ndsp_one_device_one_account.sh::canvasSignal,DISCOVERY_REQUIRED,DISCOVERY_REQUIRED,REAL_LIVE,UI_PARTIAL,REGISTER,DISCOVERY_REQUIRED,ON_MAIN,"Validate source, runtime owner, real-data calculation, API contract, role, and UI representation"
P2,CAP-587C4D012ECD,Completed Decisions Panel V37,ALGORITHM_OR_BUSINESS_LOGIC,frontend/user-portal-vite/src/components/CompletedDecisionsPanelV37.jsx::CompletedDecisionsPanelV37,DISCOVERY_REQUIRED,DISCOVERY_REQUIRED,UNKNOWN,UI_PARTIAL,REGISTER,frontend/user-portal-vite/src/components/CompletedDecisionsPanelV37.jsx,UNTRACKED,"Validate source, runtime owner, real-data calculation, API contract, role, and UI representation"
P2,CAP-7221B578D5AA,Compute Tdl Trade Horizon Addons,ALGORITHM_OR_BUSINESS_LOGIC,backend/ndsp_tdl_trade_horizon_addons.cjs::computeTdlTradeHorizonAddons,DISCOVERY_REQUIRED,DISCOVERY_REQUIRED,UNKNOWN,SOURCE_IDENTIFIED,UNMAPPED,DISCOVERY_REQUIRED,ON_MAIN,"Validate source, runtime owner, real-data calculation, API contract, role, and UI representation"
P2,CAP-59F16279C194,Conflict Engine,ALGORITHM_OR_BUSINESS_LOGIC,backend/orchestration/canonical_v1/conflict_engine.py::conflict_engine,DISCOVERY_REQUIRED,DISCOVERY_REQUIRED,UNKNOWN,SOURCE_IDENTIFIED,UNMAPPED,DISCOVERY_REQUIRED,UNTRACKED,"Validate source, runtime owner, real-data calculation, API contract, role, and UI representation"
P2,CAP-39A4FC2ADB6A,Context Engines,ALGORITHM_OR_BUSINESS_LOGIC,backend/intelligence/canonical_v1/context_engines.py::context_engines,DISCOVERY_REQUIRED,DISCOVERY_REQUIRED,UNKNOWN,SOURCE_IDENTIFIED,UNMAPPED,DISCOVERY_REQUIRED,UNTRACKED,"Validate source, runtime owner, real-data calculation, API contract, role, and UI representation"
P2,CAP-AEB35386E738,Cot Validity,ALGORITHM_OR_BUSINESS_LOGIC,backend/layers/canonical_v1/core/contracts.py::CotValidity,DISCOVERY_REQUIRED,DISCOVERY_REQUIRED,UNKNOWN,UI_PARTIAL,REPORTS,DISCOVERY_REQUIRED,UNTRACKED,"Validate source, runtime owner, real-data calculation, API contract, role, and UI representation"
P2,CAP-FC41FDD8C092,Create Trial Guard,ALGORITHM_OR_BUSINESS_LOGIC,backend/middleware/trialGuard.js::createTrialGuard,DISCOVERY_REQUIRED,DISCOVERY_REQUIRED,UNKNOWN,UI_PARTIAL,PRICING,DISCOVERY_REQUIRED,ON_MAIN,"Validate source, runtime owner, real-data calculation, API contract, role, and UI representation"
P2,CAP-987DAC51EA7A,Current Authority Key,ALGORITHM_OR_BUSINESS_LOGIC,backend/ndsp_tdl_trade_horizon_addons.cjs::currentAuthorityKey,DISCOVERY_REQUIRED,DISCOVERY_REQUIRED,UNKNOWN,SOURCE_IDENTIFIED,UNMAPPED,DISCOVERY_REQUIRED,ON_MAIN,"Validate source, runtime owner, real-data calculation, API contract, role, and UI representation"
P2,CAP-E0A94B5D377B,Decision Card V37,ALGORITHM_OR_BUSINESS_LOGIC,frontend/user-portal-vite/src/components/CompletedDecisionsPanelV37.jsx::DecisionCardV37,DISCOVERY_REQUIRED,DISCOVERY_REQUIRED,UNKNOWN,UI_PARTIAL,REGISTER,frontend/user-portal-vite/src/components/CompletedDecisionsPanelV37.jsx,UNTRACKED,"Validate source, runtime owner, real-data calculation, API contract, role, and UI representation"
P2,CAP-C1DB36617501,Decision Explanation Contract V129,ALGORITHM_OR_BUSINESS_LOGIC,frontend/ndsp-user-portal-v50/assets/ndsp-portal-v50.js::decisionExplanationContractV129,DISCOVERY_REQUIRED,DISCOVERY_REQUIRED,MOCK_ONLY,UI_PARTIAL,LANDING,frontend/ndsp-user-portal-v50/assets/ndsp-portal-v50.js,UNTRACKED,"Validate source, runtime owner, real-data calculation, API contract, role, and UI representation"
P2,CAP-FF04A3FFA67C,Decision From Entry,ALGORITHM_OR_BUSINESS_LOGIC,frontend/user-portal-vite/src/components/CompletedDecisionsPanelV37.jsx::decisionFromEntry,DISCOVERY_REQUIRED,DISCOVERY_REQUIRED,UNKNOWN,UI_PARTIAL,REGISTER,frontend/user-portal-vite/src/components/CompletedDecisionsPanelV37.jsx,UNTRACKED,"Validate source, runtime owner, real-data calculation, API contract, role, and UI representation"
P2,CAP-CEBA8D26224F,Decision Ledger,ALGORITHM_OR_BUSINESS_LOGIC,backend/evidence/canonical_v1/decision_ledger.py::decision_ledger,DISCOVERY_REQUIRED,DISCOVERY_REQUIRED,REAL_SNAPSHOT,SOURCE_IDENTIFIED,UNMAPPED,DISCOVERY_REQUIRED,UNTRACKED,"Validate source, runtime owner, real-data calculation, API contract, role, and UI representation"
P2,CAP-12E31072A87A,Decision Page,ALGORITHM_OR_BUSINESS_LOGIC,frontend/ndsp-user-portal-v50/assets/ndsp-portal-v50.js::decisionPage,DISCOVERY_REQUIRED,DISCOVERY_REQUIRED,MOCK_ONLY,UI_PARTIAL,LANDING,frontend/ndsp-user-portal-v50/assets/ndsp-portal-v50.js,UNTRACKED,"Validate source, runtime owner, real-data calculation, API contract, role, and UI representation"
P2,CAP-2E1E7FA99FCC,Decision State,ALGORITHM_OR_BUSINESS_LOGIC,backend/layers/canonical_v1/core/contracts.py::DecisionState,DISCOVERY_REQUIRED,DISCOVERY_REQUIRED,UNKNOWN,UI_PARTIAL,REPORTS,DISCOVERY_REQUIRED,UNTRACKED,"Validate source, runtime owner, real-data calculation, API contract, role, and UI representation"
P2,CAP-984BE24F14FF,Decision Summary Cards,ALGORITHM_OR_BUSINESS_LOGIC,frontend/ndsp-user-portal-v50/assets/ndsp-portal-v50.js::decisionSummaryCards,DISCOVERY_REQUIRED,DISCOVERY_REQUIRED,MOCK_ONLY,UI_PARTIAL,LANDING,frontend/ndsp-user-portal-v50/assets/ndsp-portal-v50.js,UNTRACKED,"Validate source, runtime owner, real-data calculation, API contract, role, and UI representation"
P2,CAP-74B246794B32,Decision Summary Cards Legacy V125,ALGORITHM_OR_BUSINESS_LOGIC,frontend/ndsp-user-portal-v50/assets/ndsp-portal-v50.js::decisionSummaryCardsLegacyV125,DISCOVERY_REQUIRED,DISCOVERY_REQUIRED,MOCK_ONLY,UI_PARTIAL,LANDING,frontend/ndsp-user-portal-v50/assets/ndsp-portal-v50.js,UNTRACKED,"Validate source, runtime owner, real-data calculation, API contract, role, and UI representation"
P2,CAP-FB4432B956FA,Decision Trace Attributes,ALGORITHM_OR_BUSINESS_LOGIC,backend/observability/canonical_v1/telemetry.py::decision_trace_attributes,DISCOVERY_REQUIRED,DISCOVERY_REQUIRED,UNKNOWN,SOURCE_IDENTIFIED,UNMAPPED,DISCOVERY_REQUIRED,UNTRACKED,"Validate source, runtime owner, real-data calculation, API contract, role, and UI representation"
P2,CAP-790CBD0E1BCE,Delete User Dependencies,ALGORITHM_OR_BUSINESS_LOGIC,backend/ndsp_admin_actions_authoritative.cjs::deleteUserDependencies,ndsp-admin-actions.service,GET /api/admin/users/action/health,REAL_SNAPSHOT,UI_PARTIAL,TRIAL,DISCOVERY_REQUIRED,ON_MAIN,"Validate source, runtime owner, real-data calculation, API contract, role, and UI representation"
P2,CAP-24225EF8944D,Embedded Decision Layer Summary V134,ALGORITHM_OR_BUSINESS_LOGIC,frontend/ndsp-user-portal-v50/assets/ndsp-portal-v50.js::embeddedDecisionLayerSummaryV134,DISCOVERY_REQUIRED,DISCOVERY_REQUIRED,MOCK_ONLY,UI_PARTIAL,LANDING,frontend/ndsp-user-portal-v50/assets/ndsp-portal-v50.js,UNTRACKED,"Validate source, runtime owner, real-data calculation, API contract, role, and UI representation"
P2,CAP-B4893A636311,Entitlement Decision,ALGORITHM_OR_BUSINESS_LOGIC,backend/services/ndsp-launch-control-v167/server.py::entitlement_decision,DISCOVERY_REQUIRED,DISCOVERY_REQUIRED,MOCK_ONLY,UI_PARTIAL,TRIAL,DISCOVERY_REQUIRED,UNTRACKED,"Validate source, runtime owner, real-data calculation, API contract, role, and UI representation"
P2,CAP-925576F38DE9,Entitlements,ALGORITHM_OR_BUSINESS_LOGIC,backend/commercial/canonical_v1/entitlements.py::entitlements,DISCOVERY_REQUIRED,DISCOVERY_REQUIRED,UNKNOWN,UI_PARTIAL,TRIAL,DISCOVERY_REQUIRED,UNTRACKED,"Validate source, runtime owner, real-data calculation, API contract, role, and UI representation"
P2,CAP-B6E807178F84,Evaluate Completed Decision,ALGORITHM_OR_BUSINESS_LOGIC,backend/evaluation/canonical_v1/evaluator.py::evaluate_completed_decision,DISCOVERY_REQUIRED,DISCOVERY_REQUIRED,UNKNOWN,SOURCE_IDENTIFIED,UNMAPPED,DISCOVERY_REQUIRED,UNTRACKED,"Validate source, runtime owner, real-data calculation, API contract, role, and UI representation"
P2,CAP-4D6846492F26,Evaluate Cot Validity,ALGORITHM_OR_BUSINESS_LOGIC,backend/layers/canonical_v1/data/cot_validity_gate.py::evaluate_cot_validity,DISCOVERY_REQUIRED,DISCOVERY_REQUIRED,UNKNOWN,UI_PARTIAL,REPORTS,DISCOVERY_REQUIRED,UNTRACKED,"Validate source, runtime owner, real-data calculation, API contract, role, and UI representation"
P2,CAP-7E277EBB15C8,Evaluate Data Quality,ALGORITHM_OR_BUSINESS_LOGIC,backend/data_foundation/canonical_v1/data_quality_gate.py::evaluate_data_quality,DISCOVERY_REQUIRED,DISCOVERY_REQUIRED,UNKNOWN,SOURCE_IDENTIFIED,UNMAPPED,DISCOVERY_REQUIRED,UNTRACKED,"Validate source, runtime owner, real-data calculation, API contract, role, and UI representation"
P2,CAP-0FFED1B1BA78,Evaluate Golden Signals,ALGORITHM_OR_BUSINESS_LOGIC,backend/layers/canonical_v1/quality/golden_signals.py::evaluate_golden_signals,DISCOVERY_REQUIRED,DISCOVERY_REQUIRED,UNKNOWN,SOURCE_IDENTIFIED,UNMAPPED,DISCOVERY_REQUIRED,UNTRACKED,"Validate source, runtime owner, real-data calculation, API contract, role, and UI representation"
P2,CAP-C807F0E54F0D,Expected Cot Cycle,ALGORITHM_OR_BUSINESS_LOGIC,backend/layers/canonical_v1/data/cot_validity_gate.py::ExpectedCotCycle,DISCOVERY_REQUIRED,DISCOVERY_REQUIRED,UNKNOWN,UI_PARTIAL,REPORTS,DISCOVERY_REQUIRED,UNTRACKED,"Validate source, runtime owner, real-data calculation, API contract, role, and UI representation"
P2,CAP-B605828A4A25,Explain Decision,ALGORITHM_OR_BUSINESS_LOGIC,backend/explainability/canonical_v1/explainer.py::explain_decision,DISCOVERY_REQUIRED,DISCOVERY_REQUIRED,UNKNOWN,UI_PARTIAL,ADMIN,DISCOVERY_REQUIRED,UNTRACKED,"Validate source, runtime owner, real-data calculation, API contract, role, and UI representation"
P2,CAP-C8A9379D6290,Extract Decision,ALGORITHM_OR_BUSINESS_LOGIC,frontend/ndsp-user-portal-v50/assets/ndsp-portal-v50.js::extractDecision,DISCOVERY_REQUIRED,DISCOVERY_REQUIRED,MOCK_ONLY,UI_PARTIAL,LANDING,frontend/ndsp-user-portal-v50/assets/ndsp-portal-v50.js,UNTRACKED,"Validate source, runtime owner, real-data calculation, API contract, role, and UI representation"
P2,CAP-72FDDE4CBD63,Fetch Decision Bundle,ALGORITHM_OR_BUSINESS_LOGIC,frontend/ndsp-user-portal-v50/assets/ndsp-portal-v50.js::fetchDecisionBundle,DISCOVERY_REQUIRED,DISCOVERY_REQUIRED,MOCK_ONLY,UI_PARTIAL,LANDING,frontend/ndsp-user-portal-v50/assets/ndsp-portal-v50.js,UNTRACKED,"Validate source, runtime owner, real-data calculation, API contract, role, and UI representation"
P2,CAP-7F5DA6A52F4D,Get Auth User,ALGORITHM_OR_BUSINESS_LOGIC,backend/ndsp_nowpayments.cjs::getAuthUser,DISCOVERY_REQUIRED,GET /nowpayments/health|POST /checkout/create|GET /webhooks/nowpayments|POST /webhooks/nowpayments,REAL_LIVE,UI_PARTIAL,SUBSCRIPTION,DISCOVERY_REQUIRED,ON_MAIN,"Validate source, runtime owner, real-data calculation, API contract, role, and UI representation"
P2,CAP-4705DD378719,Get Authority Signs,ALGORITHM_OR_BUSINESS_LOGIC,backend/ndsp_tdl_trade_horizon_addons.cjs::getAuthoritySigns,DISCOVERY_REQUIRED,DISCOVERY_REQUIRED,UNKNOWN,SOURCE_IDENTIFIED,UNMAPPED,DISCOVERY_REQUIRED,ON_MAIN,"Validate source, runtime owner, real-data calculation, API contract, role, and UI representation"
P2,CAP-E22DBA05712A,Get User By Email,ALGORITHM_OR_BUSINESS_LOGIC,backend/ndsp_user_login_gateway.cjs::getUserByEmail,ndsp-user-login.service,GET /api/auth/login/health|POST /api/auth/login|POST /api/auth/2fa/login/verify|GET /api/auth/session|POST /api/auth/logout|GET /api/auth/2fa/status|POST /api/auth/2fa/setup|POST /api/auth/2fa/confirm|POST /api/auth/2fa/disable|POST /api/auth/2fa/status|POST /api/auth/2fa/setup/start|POST /api/auth/2fa/setup/confirm|POST /api/auth/2fa/setup/skip|POST /api/auth/2fa/setup/confirm-final|POST /api/auth/2fa/setup/confirm-speakeasy,REAL_SNAPSHOT,UI_PARTIAL,TRIAL,DISCOVERY_REQUIRED,ON_MAIN,"Validate source, runtime owner, real-data calculation, API contract, role, and UI representation"
P2,CAP-7739F02602D8,Get User By Id,ALGORITHM_OR_BUSINESS_LOGIC,backend/ndsp_user_login_gateway.cjs::getUserById,ndsp-user-login.service,GET /api/auth/login/health|POST /api/auth/login|POST /api/auth/2fa/login/verify|GET /api/auth/session|POST /api/auth/logout|GET /api/auth/2fa/status|POST /api/auth/2fa/setup|POST /api/auth/2fa/confirm|POST /api/auth/2fa/disable|POST /api/auth/2fa/status|POST /api/auth/2fa/setup/start|POST /api/auth/2fa/setup/confirm|POST /api/auth/2fa/setup/skip|POST /api/auth/2fa/setup/confirm-final|POST /api/auth/2fa/setup/confirm-speakeasy,REAL_SNAPSHOT,UI_PARTIAL,TRIAL,DISCOVERY_REQUIRED,ON_MAIN,"Validate source, runtime owner, real-data calculation, API contract, role, and UI representation"
P2,CAP-AB3C235ED628,Get User Plan Column,ALGORITHM_OR_BUSINESS_LOGIC,backend/ndsp_nowpayments.cjs::getUserPlanColumn,DISCOVERY_REQUIRED,GET /nowpayments/health|POST /checkout/create|GET /webhooks/nowpayments|POST /webhooks/nowpayments,REAL_LIVE,UI_PARTIAL,SUBSCRIPTION,DISCOVERY_REQUIRED,ON_MAIN,"Validate source, runtime owner, real-data calculation, API contract, role, and UI representation"
P2,CAP-AE455CB3C917,Get User Trial Record,ALGORITHM_OR_BUSINESS_LOGIC,backend/middleware/trialGuard.js::getUserTrialRecord,DISCOVERY_REQUIRED,DISCOVERY_REQUIRED,UNKNOWN,UI_PARTIAL,PRICING,DISCOVERY_REQUIRED,ON_MAIN,"Validate source, runtime owner, real-data calculation, API contract, role, and UI representation"
P2,CAP-E2BE53CEC0F0,Insert User,ALGORITHM_OR_BUSINESS_LOGIC,backend/ndsp_trial_register_gateway.cjs::insertUser,ndsp-trial-register.service,DISCOVERY_REQUIRED,REAL_SNAPSHOT,UI_PARTIAL,TRIAL,DISCOVERY_REQUIRED,ON_MAIN,"Validate source, runtime owner, real-data calculation, API contract, role, and UI representation"
P2,CAP-23348CA30E36,Install Trial Info,ALGORITHM_OR_BUSINESS_LOGIC,backend/ndsp_trial_info.cjs::installTrialInfo,DISCOVERY_REQUIRED,GET /trial/info,REAL_SNAPSHOT,UI_PARTIAL,TRIAL,DISCOVERY_REQUIRED,ON_MAIN,"Validate source, runtime owner, real-data calculation, API contract, role, and UI representation"
P2,CAP-8D32C8703DCE,Is Decision,ALGORITHM_OR_BUSINESS_LOGIC,frontend/ndsp-user-portal-v50/public/ndsp-multi-timeframe-v86.js::isDecision,DISCOVERY_REQUIRED,DISCOVERY_REQUIRED,REAL_LIVE,UI_PARTIAL,CURRENT_FRONTEND,frontend/ndsp-user-portal-v50/public/ndsp-multi-timeframe-v86.js,UNTRACKED,"Validate source, runtime owner, real-data calculation, API contract, role, and UI representation"
P2,CAP-C231FDE8F33A,Is Decision Request,ALGORITHM_OR_BUSINESS_LOGIC,frontend/ndsp-user-portal-v50/public/ndsp-v82-runtime-contract-bridge.js::isDecisionRequest,DISCOVERY_REQUIRED,DISCOVERY_REQUIRED,REAL_LIVE,UI_PARTIAL,CURRENT_FRONTEND,frontend/ndsp-user-portal-v50/public/ndsp-v82-runtime-contract-bridge.js,UNTRACKED,"Validate source, runtime owner, real-data calculation, API contract, role, and UI representation"
P2,CAP-8FF4FBA642FA,Is Trial Plan,ALGORITHM_OR_BUSINESS_LOGIC,backend/middleware/trialGuard.js::isTrialPlan,DISCOVERY_REQUIRED,DISCOVERY_REQUIRED,UNKNOWN,UI_PARTIAL,PRICING,DISCOVERY_REQUIRED,ON_MAIN,"Validate source, runtime owner, real-data calculation, API contract, role, and UI representation"
P2,CAP-484CFADD9BEA,L03 Market Direction Context,ALGORITHM_OR_BUSINESS_LOGIC,backend/layers/canonical_v1/direction/l03_market_direction_context.py::l03_market_direction_context,DISCOVERY_REQUIRED,DISCOVERY_REQUIRED,UNKNOWN,SOURCE_IDENTIFIED,UNMAPPED,DISCOVERY_REQUIRED,UNTRACKED,"Validate source, runtime owner, real-data calculation, API contract, role, and UI representation"
P2,CAP-A98D5DB42F71,L05 Divergence Engine,ALGORITHM_OR_BUSINESS_LOGIC,backend/layers/canonical_v1/quality/l05_divergence_engine.py::l05_divergence_engine,DISCOVERY_REQUIRED,DISCOVERY_REQUIRED,UNKNOWN,SOURCE_IDENTIFIED,UNMAPPED,DISCOVERY_REQUIRED,UNTRACKED,"Validate source, runtime owner, real-data calculation, API contract, role, and UI representation"
P2,CAP-9194D34E554D,L09 Momentum Engine,ALGORITHM_OR_BUSINESS_LOGIC,backend/layers/canonical_v1/quality/l09_momentum_engine.py::l09_momentum_engine,DISCOVERY_REQUIRED,DISCOVERY_REQUIRED,UNKNOWN,SOURCE_IDENTIFIED,UNMAPPED,DISCOVERY_REQUIRED,UNTRACKED,"Validate source, runtime owner, real-data calculation, API contract, role, and UI representation"
P2,CAP-E95E0383A2D2,L10 Liquidity Structure Confirmation,ALGORITHM_OR_BUSINESS_LOGIC,backend/layers/canonical_v1/quality/l10_liquidity_structure_confirmation.py::l10_liquidity_structure_confirmation,DISCOVERY_REQUIRED,DISCOVERY_REQUIRED,UNKNOWN,SOURCE_IDENTIFIED,UNMAPPED,DISCOVERY_REQUIRED,UNTRACKED,"Validate source, runtime owner, real-data calculation, API contract, role, and UI representation"
P2,CAP-F8B1EB888DF2,L11 Usd Macro Filter,ALGORITHM_OR_BUSINESS_LOGIC,backend/layers/canonical_v1/risk/l11_usd_macro_filter.py::l11_usd_macro_filter,DISCOVERY_REQUIRED,DISCOVERY_REQUIRED,UNKNOWN,SOURCE_IDENTIFIED,UNMAPPED,DISCOVERY_REQUIRED,UNTRACKED,"Validate source, runtime owner, real-data calculation, API contract, role, and UI representation"
P2,CAP-314BD6FF968F,L12 Risk Engine,ALGORITHM_OR_BUSINESS_LOGIC,backend/layers/canonical_v1/risk/l12_risk_engine.py::l12_risk_engine,DISCOVERY_REQUIRED,DISCOVERY_REQUIRED,UNKNOWN,SOURCE_IDENTIFIED,UNMAPPED,DISCOVERY_REQUIRED,UNTRACKED,"Validate source, runtime owner, real-data calculation, API contract, role, and UI representation"
P2,CAP-DF40660C63CA,L13 Nawaf Golden Signal,ALGORITHM_OR_BUSINESS_LOGIC,backend/layers/canonical_v1/quality/l13_nawaf_golden_signal.py::l13_nawaf_golden_signal,DISCOVERY_REQUIRED,DISCOVERY_REQUIRED,UNKNOWN,SOURCE_IDENTIFIED,UNMAPPED,DISCOVERY_REQUIRED,UNTRACKED,"Validate source, runtime owner, real-data calculation, API contract, role, and UI representation"
P2,CAP-D5D7C8174439,L14 Nawaf Enhanced Golden Signal,ALGORITHM_OR_BUSINESS_LOGIC,backend/layers/canonical_v1/quality/l14_nawaf_enhanced_golden_signal.py::l14_nawaf_enhanced_golden_signal,DISCOVERY_REQUIRED,DISCOVERY_REQUIRED,UNKNOWN,SOURCE_IDENTIFIED,UNMAPPED,DISCOVERY_REQUIRED,UNTRACKED,"Validate source, runtime owner, real-data calculation, API contract, role, and UI representation"
P2,CAP-57F9FE89ED2E,L15 Devils Advocate,ALGORITHM_OR_BUSINESS_LOGIC,backend/layers/canonical_v1/risk/l15_devils_advocate.py::l15_devils_advocate,DISCOVERY_REQUIRED,DISCOVERY_REQUIRED,UNKNOWN,SOURCE_IDENTIFIED,UNMAPPED,DISCOVERY_REQUIRED,UNTRACKED,"Validate source, runtime owner, real-data calculation, API contract, role, and UI representation"
P2,CAP-1E0E3F4C57D1,L16 Decision Readiness State Machine,ALGORITHM_OR_BUSINESS_LOGIC,backend/layers/canonical_v1/final/l16_decision_readiness_state_machine.py::l16_decision_readiness_state_machine,DISCOVERY_REQUIRED,DISCOVERY_REQUIRED,UNKNOWN,SOURCE_IDENTIFIED,UNMAPPED,DISCOVERY_REQUIRED,UNTRACKED,"Validate source, runtime owner, real-data calculation, API contract, role, and UI representation"
P2,CAP-9878B8F2D69B,Latest Cot Report,ALGORITHM_OR_BUSINESS_LOGIC,backend/layers/canonical_v1/data/cot_validity_gate.py::LatestCotReport,DISCOVERY_REQUIRED,DISCOVERY_REQUIRED,UNKNOWN,UI_PARTIAL,REPORTS,DISCOVERY_REQUIRED,UNTRACKED,"Validate source, runtime owner, real-data calculation, API contract, role, and UI representation"
P2,CAP-A7ABC91DE76D,Layer Orchestrator V2,ALGORITHM_OR_BUSINESS_LOGIC,backend/layers/canonical_v1/layer_orchestrator_v2.py::layer_orchestrator_v2,DISCOVERY_REQUIRED,DISCOVERY_REQUIRED,UNKNOWN,SOURCE_IDENTIFIED,UNMAPPED,DISCOVERY_REQUIRED,UNTRACKED,"Validate source, runtime owner, real-data calculation, API contract, role, and UI representation"
P2,CAP-83469D7ECA81,Layer Score Candidate V127,ALGORITHM_OR_BUSINESS_LOGIC,frontend/ndsp-user-portal-v50/assets/ndsp-portal-v50.js::layerScoreCandidateV127,DISCOVERY_REQUIRED,DISCOVERY_REQUIRED,MOCK_ONLY,UI_PARTIAL,LANDING,frontend/ndsp-user-portal-v50/assets/ndsp-portal-v50.js,UNTRACKED,"Validate source, runtime owner, real-data calculation, API contract, role, and UI representation"
P2,CAP-A2F7A87C9336,Layer Score V125,ALGORITHM_OR_BUSINESS_LOGIC,frontend/ndsp-user-portal-v50/assets/ndsp-portal-v50.js::layerScoreV125,DISCOVERY_REQUIRED,DISCOVERY_REQUIRED,MOCK_ONLY,UI_PARTIAL,LANDING,frontend/ndsp-user-portal-v50/assets/ndsp-portal-v50.js,UNTRACKED,"Validate source, runtime owner, real-data calculation, API contract, role, and UI representation"
P2,CAP-1F54C2BF216C,Market For Symbol,ALGORITHM_OR_BUSINESS_LOGIC,frontend/ndsp-user-portal-v50/assets/ndsp-portal-v50.js::marketForSymbol,DISCOVERY_REQUIRED,DISCOVERY_REQUIRED,MOCK_ONLY,UI_PARTIAL,LANDING,frontend/ndsp-user-portal-v50/assets/ndsp-portal-v50.js,UNTRACKED,"Validate source, runtime owner, real-data calculation, API contract, role, and UI representation"
P2,CAP-11F0D3942A02,Market Record,ALGORITHM_OR_BUSINESS_LOGIC,frontend/ndsp-user-portal-v50/assets/ndsp-portal-v50.js::marketRecord,DISCOVERY_REQUIRED,DISCOVERY_REQUIRED,MOCK_ONLY,UI_PARTIAL,LANDING,frontend/ndsp-user-portal-v50/assets/ndsp-portal-v50.js,UNTRACKED,"Validate source, runtime owner, real-data calculation, API contract, role, and UI representation"
P2,CAP-42E4316C88FD,Markets Page,ALGORITHM_OR_BUSINESS_LOGIC,frontend/ndsp-user-portal-v50/assets/ndsp-portal-v50.js::marketsPage,DISCOVERY_REQUIRED,DISCOVERY_REQUIRED,MOCK_ONLY,UI_PARTIAL,LANDING,frontend/ndsp-user-portal-v50/assets/ndsp-portal-v50.js,UNTRACKED,"Validate source, runtime owner, real-data calculation, API contract, role, and UI representation"
P2,CAP-8005A5881BBA,Merge Trial,ALGORITHM_OR_BUSINESS_LOGIC,backend/services/ndsp-trial-clock-v163/server.py::merge_trial,DISCOVERY_REQUIRED,DISCOVERY_REQUIRED,REAL_SNAPSHOT,UI_PARTIAL,TRIAL,DISCOVERY_REQUIRED,UNTRACKED,"Validate source, runtime owner, real-data calculation, API contract, role, and UI representation"
P2,CAP-A8E73E0663EE,Merge Trial,ALGORITHM_OR_BUSINESS_LOGIC,backend/services/ndsp-trial-clock-v164/server.py::merge_trial,DISCOVERY_REQUIRED,DISCOVERY_REQUIRED,REAL_SNAPSHOT,UI_PARTIAL,TRIAL,DISCOVERY_REQUIRED,UNTRACKED,"Validate source, runtime owner, real-data calculation, API contract, role, and UI representation"
P2,CAP-9E4283D45312,Mode Label,ALGORITHM_OR_BUSINESS_LOGIC,frontend/user-portal-vite/src/components/CompletedDecisionsPanelV37.jsx::modeLabel,DISCOVERY_REQUIRED,DISCOVERY_REQUIRED,UNKNOWN,UI_PARTIAL,REGISTER,frontend/user-portal-vite/src/components/CompletedDecisionsPanelV37.jsx,UNTRACKED,"Validate source, runtime owner, real-data calculation, API contract, role, and UI representation"
P2,CAP-4C410FBB8A1A,Ndsp Asset Market Universe,ALGORITHM_OR_BUSINESS_LOGIC,backend/auth_api/ndsp_asset_market_universe.cjs::ndsp_asset_market_universe,DISCOVERY_REQUIRED,DISCOVERY_REQUIRED,REAL_SNAPSHOT,UI_PARTIAL,DASHBOARD,DISCOVERY_REQUIRED,UNTRACKED,"Validate source, runtime owner, real-data calculation, API contract, role, and UI representation"
P2,CAP-D89712BC5C12,Ndsp Governance 44 V26,ALGORITHM_OR_BUSINESS_LOGIC,frontend/user-portal-vite/public/assets/ndsp-governance-44-v26.js::ndsp-governance-44-v26,DISCOVERY_REQUIRED,DISCOVERY_REQUIRED,REAL_LIVE,UI_PARTIAL,CURRENT_FRONTEND,frontend/user-portal-vite/public/assets/ndsp-governance-44-v26.js,UNTRACKED,"Validate source, runtime owner, real-data calculation, API contract, role, and UI representation"
P2,CAP-6C9E5493FEC3,Ndsp Live Trial Counters,ALGORITHM_OR_BUSINESS_LOGIC,frontend/public-site/ndsp-live-trial-counters.js::ndsp-live-trial-counters,DISCOVERY_REQUIRED,DISCOVERY_REQUIRED,REAL_LIVE,UI_PARTIAL,TRIAL,frontend/public-site/ndsp-live-trial-counters.js,ON_MAIN,"Validate source, runtime owner, real-data calculation, API contract, role, and UI representation"
P2,CAP-88BCB79F77AB,Ndsp Market Suite Nav,ALGORITHM_OR_BUSINESS_LOGIC,frontend/user-portal-vite/public/ndsp-market-suite-nav.js::ndsp-market-suite-nav,DISCOVERY_REQUIRED,DISCOVERY_REQUIRED,UNKNOWN,UI_PARTIAL,LOGIN,frontend/user-portal-vite/public/ndsp-market-suite-nav.js,UNTRACKED,"Validate source, runtime owner, real-data calculation, API contract, role, and UI representation"
P2,CAP-B64118FECEA6,Ndsp Ux User,ALGORITHM_OR_BUSINESS_LOGIC,NDSP_USER_PORTAL_FINAL_EXPERIENCE_V1_ONE_SCRIPT.sh::ndspUxUser,DISCOVERY_REQUIRED,GET /api/auth/session|GET /api/user/experience|POST /api/user/legal-acceptance|POST /api/user/survey|GET /api/user/notifications|GET /api/auth/session|GET /api/auth/session,REAL_LIVE,UI_PARTIAL,TRIAL,DISCOVERY_REQUIRED,UNTRACKED,"Validate source, runtime owner, real-data calculation, API contract, role, and UI representation"
P2,CAP-879F3BBEFD90,Nmp Engine,ALGORITHM_OR_BUSINESS_LOGIC,backend/layers/canonical_v1/quality/nmp_engine.py::nmp_engine,DISCOVERY_REQUIRED,DISCOVERY_REQUIRED,UNKNOWN,SOURCE_IDENTIFIED,UNMAPPED,DISCOVERY_REQUIRED,UNTRACKED,"Validate source, runtime owner, real-data calculation, API contract, role, and UI representation"
P2,CAP-4735D0FCEC20,Normalize Decision Url,ALGORITHM_OR_BUSINESS_LOGIC,frontend/ndsp-user-portal-v50/public/ndsp-v82-runtime-contract-bridge.js::normalizeDecisionUrl,DISCOVERY_REQUIRED,DISCOVERY_REQUIRED,REAL_LIVE,UI_PARTIAL,CURRENT_FRONTEND,frontend/ndsp-user-portal-v50/public/ndsp-v82-runtime-contract-bridge.js,UNTRACKED,"Validate source, runtime owner, real-data calculation, API contract, role, and UI representation"
P2,CAP-15DCBE989F60,Render Trials,ALGORITHM_OR_BUSINESS_LOGIC,frontend/admin-console/ndsp-admin-live-data-override.js::renderTrials,DISCOVERY_REQUIRED,DISCOVERY_REQUIRED,REAL_LIVE,UI_PARTIAL,TRIAL,frontend/admin-console/ndsp-admin-live-data-override.js,ON_MAIN,"Validate source, runtime owner, real-data calculation, API contract, role, and UI representation"
P2,CAP-79FF6CD17DD6,Risk Page,ALGORITHM_OR_BUSINESS_LOGIC,frontend/ndsp-user-portal-v50/assets/ndsp-portal-v50.js::riskPage,DISCOVERY_REQUIRED,DISCOVERY_REQUIRED,MOCK_ONLY,UI_PARTIAL,LANDING,frontend/ndsp-user-portal-v50/assets/ndsp-portal-v50.js,UNTRACKED,"Validate source, runtime owner, real-data calculation, API contract, role, and UI representation"
P2,CAP-98386BEB7419,Scenario,ALGORITHM_OR_BUSINESS_LOGIC,backend/simulation/canonical_v1/scenario.py::scenario,DISCOVERY_REQUIRED,DISCOVERY_REQUIRED,UNKNOWN,UI_PARTIAL,ALERTS,DISCOVERY_REQUIRED,UNTRACKED,"Validate source, runtime owner, real-data calculation, API contract, role, and UI representation"
P2,CAP-6F9609BABB9D,Score,ALGORITHM_OR_BUSINESS_LOGIC,tools/audit_and_unify_envs.py::score,DISCOVERY_REQUIRED,DISCOVERY_REQUIRED,UNKNOWN,UI_PARTIAL,PASSWORD_RESET,DISCOVERY_REQUIRED,UNTRACKED,"Validate source, runtime owner, real-data calculation, API contract, role, and UI representation"
P2,CAP-92F6B796DD2F,Score Form,ALGORITHM_OR_BUSINESS_LOGIC,frontend/shared/ndsp-register-submit-bridge-v152.js::scoreForm,DISCOVERY_REQUIRED,DISCOVERY_REQUIRED,MOCK_ONLY,UI_PARTIAL,TRIAL,frontend/shared/ndsp-register-submit-bridge-v152.js,UNTRACKED,"Validate source, runtime owner, real-data calculation, API contract, role, and UI representation"
P2,CAP-16BC3B472E5B,Sync Admin Users Json Safe,ALGORITHM_OR_BUSINESS_LOGIC,backend/ndsp_trial_register_gateway.cjs::syncAdminUsersJsonSafe,ndsp-trial-register.service,DISCOVERY_REQUIRED,REAL_SNAPSHOT,UI_PARTIAL,TRIAL,DISCOVERY_REQUIRED,ON_MAIN,"Validate source, runtime owner, real-data calculation, API contract, role, and UI representation"
P2,CAP-5CB861F0644F,Test Billing Never Changes Decision,ALGORITHM_OR_BUSINESS_LOGIC,backend/platform/canonical_v1/tests/test_platform_foundation.py::test_billing_never_changes_decision,DISCOVERY_REQUIRED,DISCOVERY_REQUIRED,REAL_SNAPSHOT,UI_PARTIAL,BILLING,DISCOVERY_REQUIRED,UNTRACKED,"Validate source, runtime owner, real-data calculation, API contract, role, and UI representation"
P2,CAP-943DEF53265C,Test Canonical Orchestrator Smoke,ALGORITHM_OR_BUSINESS_LOGIC,backend/layers/canonical_v1/tests/test_orchestrator_smoke.py::TestCanonicalOrchestratorSmoke,DISCOVERY_REQUIRED,DISCOVERY_REQUIRED,REAL_SNAPSHOT,SOURCE_IDENTIFIED,UNMAPPED,DISCOVERY_REQUIRED,UNTRACKED,"Validate source, runtime owner, real-data calculation, API contract, role, and UI representation"
P2,CAP-D98F64969D0A,Test Contract Source And Quality Gate,ALGORITHM_OR_BUSINESS_LOGIC,backend/platform/canonical_v1/tests/test_platform_foundation.py::test_contract_source_and_quality_gate,DISCOVERY_REQUIRED,DISCOVERY_REQUIRED,REAL_SNAPSHOT,UI_PARTIAL,BILLING,DISCOVERY_REQUIRED,UNTRACKED,"Validate source, runtime owner, real-data calculation, API contract, role, and UI representation"
P2,CAP-D2456D13432E,Test Cot Gate,ALGORITHM_OR_BUSINESS_LOGIC,backend/layers/canonical_v1/tests/test_cot_gate.py::TestCotGate,DISCOVERY_REQUIRED,DISCOVERY_REQUIRED,UNKNOWN,UI_PARTIAL,REPORTS,DISCOVERY_REQUIRED,UNTRACKED,"Validate source, runtime owner, real-data calculation, API contract, role, and UI representation"
P2,CAP-50C15563709E,Test Gateway Has No Decision Logic,ALGORITHM_OR_BUSINESS_LOGIC,backend/platform/canonical_v1/tests/test_platform_foundation.py::test_gateway_has_no_decision_logic,DISCOVERY_REQUIRED,DISCOVERY_REQUIRED,REAL_SNAPSHOT,UI_PARTIAL,BILLING,DISCOVERY_REQUIRED,UNTRACKED,"Validate source, runtime owner, real-data calculation, API contract, role, and UI representation"
P2,CAP-E8CD1B8A7BD1,Test Missing Report After Due Is Blocked,ALGORITHM_OR_BUSINESS_LOGIC,backend/layers/canonical_v1/tests/test_cot_gate.py::test_missing_report_after_due_is_blocked,DISCOVERY_REQUIRED,DISCOVERY_REQUIRED,UNKNOWN,UI_PARTIAL,REPORTS,DISCOVERY_REQUIRED,UNTRACKED,"Validate source, runtime owner, real-data calculation, API contract, role, and UI representation"
P2,CAP-BFA23B0D6145,Test Nmp Uses Open At Indicator Extreme,ALGORITHM_OR_BUSINESS_LOGIC,backend/layers/canonical_v1/tests/test_logic.py::test_nmp_uses_open_at_indicator_extreme,DISCOVERY_REQUIRED,DISCOVERY_REQUIRED,UNKNOWN,SOURCE_IDENTIFIED,UNMAPPED,DISCOVERY_REQUIRED,UNTRACKED,"Validate source, runtime owner, real-data calculation, API contract, role, and UI representation"
P2,CAP-271C117DF5B2,Trial Payload,ALGORITHM_OR_BUSINESS_LOGIC,backend/services/ndsp-launch-control-v167/server.py::trial_payload,DISCOVERY_REQUIRED,DISCOVERY_REQUIRED,MOCK_ONLY,UI_PARTIAL,TRIAL,DISCOVERY_REQUIRED,UNTRACKED,"Validate source, runtime owner, real-data calculation, API contract, role, and UI representation"
P2,CAP-89390299C6D5,Trial Payload,ALGORITHM_OR_BUSINESS_LOGIC,backend/services/ndsp-trial-clock-v164/server.py::trial_payload,DISCOVERY_REQUIRED,DISCOVERY_REQUIRED,REAL_SNAPSHOT,UI_PARTIAL,TRIAL,DISCOVERY_REQUIRED,UNTRACKED,"Validate source, runtime owner, real-data calculation, API contract, role, and UI representation"
P2,CAP-A9527D6180AE,Trial Payload,ALGORITHM_OR_BUSINESS_LOGIC,backend/services/ndsp-trial-clock-v163/server.py::trial_payload,DISCOVERY_REQUIRED,DISCOVERY_REQUIRED,REAL_SNAPSHOT,UI_PARTIAL,TRIAL,DISCOVERY_REQUIRED,UNTRACKED,"Validate source, runtime owner, real-data calculation, API contract, role, and UI representation"
P2,CAP-28D8F9FFF6BB,Use Canonical Decision,ALGORITHM_OR_BUSINESS_LOGIC,frontend/user-portal-vite/src/hooks/useCanonicalDecision.js::useCanonicalDecision,DISCOVERY_REQUIRED,DISCOVERY_REQUIRED,REAL_LIVE,UI_PARTIAL,CURRENT_FRONTEND,frontend/user-portal-vite/src/hooks/useCanonicalDecision.js,UNTRACKED,"Validate source, runtime owner, real-data calculation, API contract, role, and UI representation"
P2,CAP-3FE052703CF3,Use Completed Decisions V37,ALGORITHM_OR_BUSINESS_LOGIC,frontend/user-portal-vite/src/hooks/useCompletedDecisionsV37.js::useCompletedDecisionsV37,DISCOVERY_REQUIRED,DISCOVERY_REQUIRED,REAL_LIVE,UI_PARTIAL,CURRENT_FRONTEND,frontend/user-portal-vite/src/hooks/useCompletedDecisionsV37.js,UNTRACKED,"Validate source, runtime owner, real-data calculation, API contract, role, and UI representation"
P2,CAP-40B67109053A,User Key,ALGORITHM_OR_BUSINESS_LOGIC,backend/services/ndsp-trial-clock-v164/server.py::user_key,DISCOVERY_REQUIRED,DISCOVERY_REQUIRED,REAL_SNAPSHOT,UI_PARTIAL,TRIAL,DISCOVERY_REQUIRED,UNTRACKED,"Validate source, runtime owner, real-data calculation, API contract, role, and UI representation"
P2,CAP-7926D048AA63,User Key,ALGORITHM_OR_BUSINESS_LOGIC,backend/services/ndsp-trial-clock-v163/server.py::user_key,DISCOVERY_REQUIRED,DISCOVERY_REQUIRED,REAL_SNAPSHOT,UI_PARTIAL,TRIAL,DISCOVERY_REQUIRED,UNTRACKED,"Validate source, runtime owner, real-data calculation, API contract, role, and UI representation"
P2,CAP-1C960FEE24EA,Version Registry,ALGORITHM_OR_BUSINESS_LOGIC,backend/governance/canonical_v1/version_registry.py::version_registry,DISCOVERY_REQUIRED,DISCOVERY_REQUIRED,UNKNOWN,SOURCE_IDENTIFIED,UNMAPPED,DISCOVERY_REQUIRED,UNTRACKED,"Validate source, runtime owner, real-data calculation, API contract, role, and UI representation"
