ID	RouteType	Method	PathGuess	SourcePath	SourceLine	SHA256	Snippet	Classification	Notes
RTE-000001	SOURCE_ROUTE_CANDIDATE	GET	/auth-debug	apps/ndsp-governance-bridge/policies/admin_snapshot/tdl_v2_policy_admin.py	77	bd044be248c4958803b6612b4e8819226b38ef874255e02f56f132e1820eb380	"@router.get(""/auth-debug"")"	INFERRED_FROM_SOURCE	Manual verification required
RTE-000002	SOURCE_ROUTE_CANDIDATE	GET	/policy	apps/ndsp-governance-bridge/policies/admin_snapshot/tdl_v2_policy_admin.py	98	bd044be248c4958803b6612b4e8819226b38ef874255e02f56f132e1820eb380	"@router.get(""/policy"")"	INFERRED_FROM_SOURCE	Manual verification required
RTE-000003	SOURCE_ROUTE_CANDIDATE	POST	/policy	apps/ndsp-governance-bridge/policies/admin_snapshot/tdl_v2_policy_admin.py	108	bd044be248c4958803b6612b4e8819226b38ef874255e02f56f132e1820eb380	"@router.post(""/policy"")"	INFERRED_FROM_SOURCE	Manual verification required
RTE-000004	SOURCE_ROUTE_CANDIDATE	POST	/timing/enable	apps/ndsp-governance-bridge/policies/admin_snapshot/tdl_v2_policy_admin.py	131	bd044be248c4958803b6612b4e8819226b38ef874255e02f56f132e1820eb380	"@router.post(""/timing/enable"")"	INFERRED_FROM_SOURCE	Manual verification required
RTE-000005	SOURCE_ROUTE_CANDIDATE	POST	/timing/disable	apps/ndsp-governance-bridge/policies/admin_snapshot/tdl_v2_policy_admin.py	147	bd044be248c4958803b6612b4e8819226b38ef874255e02f56f132e1820eb380	"@router.post(""/timing/disable"")"	INFERRED_FROM_SOURCE	Manual verification required
RTE-000006	SOURCE_ROUTE_CANDIDATE	GET	instrument	apps/ndsp-layers-api/app.py	190	d7f05bb3b4e23505240c66794b71ed8a93a7198d5e30baf0ee6d49011a537e69	"instrument = raw.get(""instrument"") if isinstance(raw.get(""instrument""), dict) else {}"	INFERRED_FROM_SOURCE	Manual verification required
RTE-000007	SOURCE_ROUTE_CANDIDATE	GET	scenario	apps/ndsp-layers-api/app.py	191	d7f05bb3b4e23505240c66794b71ed8a93a7198d5e30baf0ee6d49011a537e69	"scenario = raw.get(""scenario"") if isinstance(raw.get(""scenario""), dict) else {}"	INFERRED_FROM_SOURCE	Manual verification required
RTE-000008	SOURCE_ROUTE_CANDIDATE	GET	allowed_public_outputs	apps/ndsp-layers-api/app.py	192	d7f05bb3b4e23505240c66794b71ed8a93a7198d5e30baf0ee6d49011a537e69	"public = raw.get(""allowed_public_outputs"") if isinstance(raw.get(""allowed_public_outputs""), dict) else {}"	INFERRED_FROM_SOURCE	Manual verification required
RTE-000009	SOURCE_ROUTE_CANDIDATE	GET	live_market_analysis	apps/ndsp-layers-api/app.py	193	d7f05bb3b4e23505240c66794b71ed8a93a7198d5e30baf0ee6d49011a537e69	"live = raw.get(""live_market_analysis"") if isinstance(raw.get(""live_market_analysis""), dict) else {}"	INFERRED_FROM_SOURCE	Manual verification required
RTE-000010	SOURCE_ROUTE_CANDIDATE	GET	symbol	apps/ndsp-layers-api/app.py	196	d7f05bb3b4e23505240c66794b71ed8a93a7198d5e30baf0ee6d49011a537e69	"instrument.get(""symbol"")"	INFERRED_FROM_SOURCE	Manual verification required
RTE-000011	SOURCE_ROUTE_CANDIDATE	GET	symbol	apps/ndsp-layers-api/app.py	197	d7f05bb3b4e23505240c66794b71ed8a93a7198d5e30baf0ee6d49011a537e69	"or raw.get(""symbol"")"	INFERRED_FROM_SOURCE	Manual verification required
RTE-000012	SOURCE_ROUTE_CANDIDATE	GET	asset	apps/ndsp-layers-api/app.py	198	d7f05bb3b4e23505240c66794b71ed8a93a7198d5e30baf0ee6d49011a537e69	"or raw.get(""asset"")"	INFERRED_FROM_SOURCE	Manual verification required
RTE-000013	SOURCE_ROUTE_CANDIDATE	GET	symbol	apps/ndsp-layers-api/app.py	199	d7f05bb3b4e23505240c66794b71ed8a93a7198d5e30baf0ee6d49011a537e69	"or public.get(""symbol"")"	INFERRED_FROM_SOURCE	Manual verification required
RTE-000014	SOURCE_ROUTE_CANDIDATE	GET	market	apps/ndsp-layers-api/app.py	201	d7f05bb3b4e23505240c66794b71ed8a93a7198d5e30baf0ee6d49011a537e69	"market = instrument.get(""market"") or raw.get(""market"")"	INFERRED_FROM_SOURCE	Manual verification required
RTE-000015	SOURCE_ROUTE_CANDIDATE	GET	live_price	apps/ndsp-layers-api/app.py	203	d7f05bb3b4e23505240c66794b71ed8a93a7198d5e30baf0ee6d49011a537e69	"instrument.get(""live_price"")"	INFERRED_FROM_SOURCE	Manual verification required
RTE-000016	SOURCE_ROUTE_CANDIDATE	GET	price	apps/ndsp-layers-api/app.py	204	d7f05bb3b4e23505240c66794b71ed8a93a7198d5e30baf0ee6d49011a537e69	"or live.get(""price"")"	INFERRED_FROM_SOURCE	Manual verification required
RTE-000017	SOURCE_ROUTE_CANDIDATE	GET	live_price	apps/ndsp-layers-api/app.py	205	d7f05bb3b4e23505240c66794b71ed8a93a7198d5e30baf0ee6d49011a537e69	"or raw.get(""live_price"")"	INFERRED_FROM_SOURCE	Manual verification required
RTE-000018	SOURCE_ROUTE_CANDIDATE	GET	price	apps/ndsp-layers-api/app.py	206	d7f05bb3b4e23505240c66794b71ed8a93a7198d5e30baf0ee6d49011a537e69	"or raw.get(""price"")"	INFERRED_FROM_SOURCE	Manual verification required
RTE-000019	SOURCE_ROUTE_CANDIDATE	GET	decision_quality	apps/ndsp-layers-api/app.py	231	d7f05bb3b4e23505240c66794b71ed8a93a7198d5e30baf0ee6d49011a537e69	"public.get(""decision_quality"")"	INFERRED_FROM_SOURCE	Manual verification required
RTE-000020	SOURCE_ROUTE_CANDIDATE	GET	decision_quality	apps/ndsp-layers-api/app.py	232	d7f05bb3b4e23505240c66794b71ed8a93a7198d5e30baf0ee6d49011a537e69	"or raw.get(""decision_quality"")"	INFERRED_FROM_SOURCE	Manual verification required
RTE-000021	SOURCE_ROUTE_CANDIDATE	GET	selected_timeframe_direction	apps/ndsp-layers-api/app.py	247	d7f05bb3b4e23505240c66794b71ed8a93a7198d5e30baf0ee6d49011a537e69	"live.get(""selected_timeframe_direction"")"	INFERRED_FROM_SOURCE	Manual verification required
RTE-000022	SOURCE_ROUTE_CANDIDATE	GET	direction	apps/ndsp-layers-api/app.py	248	d7f05bb3b4e23505240c66794b71ed8a93a7198d5e30baf0ee6d49011a537e69	"or live.get(""direction"")"	INFERRED_FROM_SOURCE	Manual verification required
RTE-000023	SOURCE_ROUTE_CANDIDATE	GET	d1_direction	apps/ndsp-layers-api/app.py	249	d7f05bb3b4e23505240c66794b71ed8a93a7198d5e30baf0ee6d49011a537e69	"or live.get(""d1_direction"")"	INFERRED_FROM_SOURCE	Manual verification required
RTE-000024	SOURCE_ROUTE_CANDIDATE	GET	h4_direction	apps/ndsp-layers-api/app.py	250	d7f05bb3b4e23505240c66794b71ed8a93a7198d5e30baf0ee6d49011a537e69	"or live.get(""h4_direction"")"	INFERRED_FROM_SOURCE	Manual verification required
RTE-000025	SOURCE_ROUTE_CANDIDATE	GET	directional_bias	apps/ndsp-layers-api/app.py	251	d7f05bb3b4e23505240c66794b71ed8a93a7198d5e30baf0ee6d49011a537e69	"or public.get(""directional_bias"")"	INFERRED_FROM_SOURCE	Manual verification required
RTE-000026	SOURCE_ROUTE_CANDIDATE	GET	scenario_directional_context	apps/ndsp-layers-api/app.py	252	d7f05bb3b4e23505240c66794b71ed8a93a7198d5e30baf0ee6d49011a537e69	"or scenario.get(""scenario_directional_context"")"	INFERRED_FROM_SOURCE	Manual verification required
RTE-000027	SOURCE_ROUTE_CANDIDATE	GET	asset	apps/ndsp-layers-api/app.py	287	d7f05bb3b4e23505240c66794b71ed8a93a7198d5e30baf0ee6d49011a537e69	"raw_asset = context.get(""asset"") or context.get(""symbol"") or ""ETHUSDT"""	INFERRED_FROM_SOURCE	Manual verification required
RTE-000028	SOURCE_ROUTE_CANDIDATE	GET	raw_cot_connected	apps/ndsp-layers-api/app.py	294	d7f05bb3b4e23505240c66794b71ed8a93a7198d5e30baf0ee6d49011a537e69	"if isinstance(raw_cot, dict) and raw_cot.get(""raw_cot_connected"") is True:"	INFERRED_FROM_SOURCE	Manual verification required
RTE-000029	SOURCE_ROUTE_CANDIDATE	GET	asset_managers_bias	apps/ndsp-layers-api/app.py	295	d7f05bb3b4e23505240c66794b71ed8a93a7198d5e30baf0ee6d49011a537e69	"am_bias = normalize_direction(raw_cot.get(""asset_managers_bias"")) or ""neutral"""	INFERRED_FROM_SOURCE	Manual verification required
RTE-000030	SOURCE_ROUTE_CANDIDATE	GET	leveraged_funds_bias	apps/ndsp-layers-api/app.py	296	d7f05bb3b4e23505240c66794b71ed8a93a7198d5e30baf0ee6d49011a537e69	"lf_bias = normalize_direction(raw_cot.get(""leveraged_funds_bias"")) or ""neutral"""	INFERRED_FROM_SOURCE	Manual verification required
RTE-000031	SOURCE_ROUTE_CANDIDATE	GET	dealer_intermediary_bias	apps/ndsp-layers-api/app.py	297	d7f05bb3b4e23505240c66794b71ed8a93a7198d5e30baf0ee6d49011a537e69	"dealer_bias = normalize_direction(raw_cot.get(""dealer_intermediary_bias"")) or ""neutral"""	INFERRED_FROM_SOURCE	Manual verification required
RTE-000032	SOURCE_ROUTE_CANDIDATE	GET	tdl_bias	apps/ndsp-layers-api/app.py	303	d7f05bb3b4e23505240c66794b71ed8a93a7198d5e30baf0ee6d49011a537e69	"context[""tdl_bias""] = am_bias if am_bias == lf_bias else context.get(""tdl_bias"", am_bias)"	INFERRED_FROM_SOURCE	Manual verification required
RTE-000033	SOURCE_ROUTE_CANDIDATE	GET	asset_managers_net	apps/ndsp-layers-api/app.py	311	d7f05bb3b4e23505240c66794b71ed8a93a7198d5e30baf0ee6d49011a537e69	"context[""asset_managers_net""] = raw_cot.get(""asset_managers_net"")"	INFERRED_FROM_SOURCE	Manual verification required
RTE-000034	SOURCE_ROUTE_CANDIDATE	GET	leveraged_funds_net	apps/ndsp-layers-api/app.py	312	d7f05bb3b4e23505240c66794b71ed8a93a7198d5e30baf0ee6d49011a537e69	"context[""leveraged_funds_net""] = raw_cot.get(""leveraged_funds_net"")"	INFERRED_FROM_SOURCE	Manual verification required
RTE-000035	SOURCE_ROUTE_CANDIDATE	GET	dealer_intermediary_net	apps/ndsp-layers-api/app.py	313	d7f05bb3b4e23505240c66794b71ed8a93a7198d5e30baf0ee6d49011a537e69	"context[""dealer_intermediary_net""] = raw_cot.get(""dealer_intermediary_net"")"	INFERRED_FROM_SOURCE	Manual verification required
RTE-000036	SOURCE_ROUTE_CANDIDATE	GET	raw_cot_status	apps/ndsp-layers-api/app.py	317	d7f05bb3b4e23505240c66794b71ed8a93a7198d5e30baf0ee6d49011a537e69	"context[""raw_cot_status""] = raw_cot.get(""raw_cot_status"")"	INFERRED_FROM_SOURCE	Manual verification required
RTE-000037	SOURCE_ROUTE_CANDIDATE	GET	source_family	apps/ndsp-layers-api/app.py	318	d7f05bb3b4e23505240c66794b71ed8a93a7198d5e30baf0ee6d49011a537e69	"context[""raw_cot_source_family""] = raw_cot.get(""source_family"")"	INFERRED_FROM_SOURCE	Manual verification required
RTE-000038	SOURCE_ROUTE_CANDIDATE	GET	market_name	apps/ndsp-layers-api/app.py	319	d7f05bb3b4e23505240c66794b71ed8a93a7198d5e30baf0ee6d49011a537e69	"context[""raw_cot_market_name""] = raw_cot.get(""market_name"")"	INFERRED_FROM_SOURCE	Manual verification required
RTE-000039	SOURCE_ROUTE_CANDIDATE	GET	report_date	apps/ndsp-layers-api/app.py	320	d7f05bb3b4e23505240c66794b71ed8a93a7198d5e30baf0ee6d49011a537e69	"context[""raw_cot_report_date""] = raw_cot.get(""report_date"")"	INFERRED_FROM_SOURCE	Manual verification required
RTE-000040	SOURCE_ROUTE_CANDIDATE	GET	source_file	apps/ndsp-layers-api/app.py	321	d7f05bb3b4e23505240c66794b71ed8a93a7198d5e30baf0ee6d49011a537e69	"context[""raw_cot_source_file""] = raw_cot.get(""source_file"")"	INFERRED_FROM_SOURCE	Manual verification required
RTE-000041	SOURCE_ROUTE_CANDIDATE	GET	raw_cot_status	apps/ndsp-layers-api/app.py	324	d7f05bb3b4e23505240c66794b71ed8a93a7198d5e30baf0ee6d49011a537e69	"context[""raw_cot_status""] = (raw_cot or {}).get(""raw_cot_status"") if isinstance(raw_cot, dict) else ""UNAVAILABLE"""	INFERRED_FROM_SOURCE	Manual verification required
RTE-000042	SOURCE_ROUTE_CANDIDATE	GET	selected_timeframe_rsi	apps/ndsp-layers-api/app.py	328	d7f05bb3b4e23505240c66794b71ed8a93a7198d5e30baf0ee6d49011a537e69	"live.get(""selected_timeframe_rsi"")"	INFERRED_FROM_SOURCE	Manual verification required
RTE-000043	SOURCE_ROUTE_CANDIDATE	GET	rsi_4h	apps/ndsp-layers-api/app.py	329	d7f05bb3b4e23505240c66794b71ed8a93a7198d5e30baf0ee6d49011a537e69	"or live.get(""rsi_4h"")"	INFERRED_FROM_SOURCE	Manual verification required
RTE-000044	SOURCE_ROUTE_CANDIDATE	GET	horizon_strength	apps/ndsp-layers-api/app.py	346	d7f05bb3b4e23505240c66794b71ed8a93a7198d5e30baf0ee6d49011a537e69	"public.get(""horizon_strength"")"	INFERRED_FROM_SOURCE	Manual verification required
RTE-000045	SOURCE_ROUTE_CANDIDATE	GET	horizon_strength	apps/ndsp-layers-api/app.py	347	d7f05bb3b4e23505240c66794b71ed8a93a7198d5e30baf0ee6d49011a537e69	"or live.get(""horizon_strength"")"	INFERRED_FROM_SOURCE	Manual verification required
RTE-000046	SOURCE_ROUTE_CANDIDATE	GET	scenario_confidence_band	apps/ndsp-layers-api/app.py	348	d7f05bb3b4e23505240c66794b71ed8a93a7198d5e30baf0ee6d49011a537e69	"or scenario.get(""scenario_confidence_band"")"	INFERRED_FROM_SOURCE	Manual verification required
RTE-000047	SOURCE_ROUTE_CANDIDATE	GET	scenario_state	apps/ndsp-layers-api/app.py	361	d7f05bb3b4e23505240c66794b71ed8a93a7198d5e30baf0ee6d49011a537e69	"state = str(scenario.get(""scenario_state"") or """").upper()"	INFERRED_FROM_SOURCE	Manual verification required
RTE-000048	SOURCE_ROUTE_CANDIDATE	GET	source_mode	apps/ndsp-layers-api/app.py	375	d7f05bb3b4e23505240c66794b71ed8a93a7198d5e30baf0ee6d49011a537e69	"context[""quality_live_source_mode""] = raw.get(""source_mode"")"	INFERRED_FROM_SOURCE	Manual verification required
RTE-000049	SOURCE_ROUTE_CANDIDATE	GET	scenario_directional_context	apps/ndsp-layers-api/app.py	376	d7f05bb3b4e23505240c66794b71ed8a93a7198d5e30baf0ee6d49011a537e69	"context[""scenario_directional_context""] = scenario.get(""scenario_directional_context"")"	INFERRED_FROM_SOURCE	Manual verification required
RTE-000050	SOURCE_ROUTE_CANDIDATE	GET	reading_horizon	apps/ndsp-layers-api/app.py	377	d7f05bb3b4e23505240c66794b71ed8a93a7198d5e30baf0ee6d49011a537e69	"context[""reading_horizon""] = public.get(""reading_horizon"") or scenario.get(""scenario_time_horizon"")"	INFERRED_FROM_SOURCE	Manual verification required
RTE-000051	SOURCE_ROUTE_CANDIDATE	GET	/api/admin/layers/health	apps/ndsp-layers-api/app.py	405	d7f05bb3b4e23505240c66794b71ed8a93a7198d5e30baf0ee6d49011a537e69	"@app.get(""/api/admin/layers/health"")"	INFERRED_FROM_SOURCE	Manual verification required
RTE-000052	SOURCE_ROUTE_CANDIDATE	GET	/api/admin/layers/context	apps/ndsp-layers-api/app.py	417	d7f05bb3b4e23505240c66794b71ed8a93a7198d5e30baf0ee6d49011a537e69	"@app.get(""/api/admin/layers/context"")"	INFERRED_FROM_SOURCE	Manual verification required
RTE-000053	SOURCE_ROUTE_CANDIDATE	GET	/api/admin/layers/run	apps/ndsp-layers-api/app.py	425	d7f05bb3b4e23505240c66794b71ed8a93a7198d5e30baf0ee6d49011a537e69	"@app.get(""/api/admin/layers/run"")"	INFERRED_FROM_SOURCE	Manual verification required
RTE-000054	SOURCE_ROUTE_CANDIDATE	GET	live_context_source	apps/ndsp-layers-api/app.py	430	d7f05bb3b4e23505240c66794b71ed8a93a7198d5e30baf0ee6d49011a537e69	"result[""input_context_source""] = payload.get(""live_context_source"")"	INFERRED_FROM_SOURCE	Manual verification required
RTE-000055	SOURCE_ROUTE_CANDIDATE	POST	/api/admin/layers/run	apps/ndsp-layers-api/app.py	434	d7f05bb3b4e23505240c66794b71ed8a93a7198d5e30baf0ee6d49011a537e69	"@app.post(""/api/admin/layers/run"")"	INFERRED_FROM_SOURCE	Manual verification required
RTE-000056	SOURCE_ROUTE_CANDIDATE	GET	live_context_source	apps/ndsp-layers-api/app.py	441	d7f05bb3b4e23505240c66794b71ed8a93a7198d5e30baf0ee6d49011a537e69	"result[""input_context_source""] = base.get(""live_context_source"")"	INFERRED_FROM_SOURCE	Manual verification required
RTE-000057	SOURCE_ROUTE_CANDIDATE	GET	/api/admin/raw-cot/health	apps/ndsp-raw-cot-gateway/app.py	202	f9ddfbbcb61004b95a2f01272484dd420c8321788d6599809cf92e833e7e2dec	"@app.get(""/api/admin/raw-cot/health"")"	INFERRED_FROM_SOURCE	Manual verification required
RTE-000058	SOURCE_ROUTE_CANDIDATE	GET	/api/admin/raw-cot/import-current	apps/ndsp-raw-cot-gateway/app.py	225	f9ddfbbcb61004b95a2f01272484dd420c8321788d6599809cf92e833e7e2dec	"@app.get(""/api/admin/raw-cot/import-current"")"	INFERRED_FROM_SOURCE	Manual verification required
RTE-000059	SOURCE_ROUTE_CANDIDATE	POST	/api/admin/raw-cot/import-current	apps/ndsp-raw-cot-gateway/app.py	233	f9ddfbbcb61004b95a2f01272484dd420c8321788d6599809cf92e833e7e2dec	"@app.post(""/api/admin/raw-cot/import-current"")"	INFERRED_FROM_SOURCE	Manual verification required
RTE-000060	SOURCE_ROUTE_CANDIDATE	GET	/api/admin/raw-cot/status	apps/ndsp-raw-cot-gateway/app.py	238	f9ddfbbcb61004b95a2f01272484dd420c8321788d6599809cf92e833e7e2dec	"@app.get(""/api/admin/raw-cot/status"")"	INFERRED_FROM_SOURCE	Manual verification required
RTE-000061	SOURCE_ROUTE_CANDIDATE	GET	limit	backend/admin_users_official_api/server.js	286	e7cecf317a401c4b4b4c5f16a63c05fec922b15d68741f1d05704e099b997006	const users = await listUsers(url.searchParams.get('limit') || 100);	INFERRED_FROM_SOURCE	Manual verification required
RTE-000062	SOURCE_ROUTE_CANDIDATE	GET	/status	backend/app/api/admin/telegram_routing_admin.py	147	ecf58f385501eb7f047d5a5d28f748035b8f2bb862a16a7a446d94f0bb048beb	"@router.get(""/status"")"	INFERRED_FROM_SOURCE	Manual verification required
RTE-000063	SOURCE_ROUTE_CANDIDATE	POST	/update	backend/app/api/admin/telegram_routing_admin.py	197	ecf58f385501eb7f047d5a5d28f748035b8f2bb862a16a7a446d94f0bb048beb	"@router.post(""/update"")"	INFERRED_FROM_SOURCE	Manual verification required
RTE-000064	SOURCE_ROUTE_CANDIDATE	POST	/test	backend/app/api/admin/telegram_routing_admin.py	247	ecf58f385501eb7f047d5a5d28f748035b8f2bb862a16a7a446d94f0bb048beb	"@router.post(""/test"")"	INFERRED_FROM_SOURCE	Manual verification required
RTE-000065	SOURCE_ROUTE_CANDIDATE	GET	ok	backend/app/api/admin/telegram_routing_admin.py	283	ecf58f385501eb7f047d5a5d28f748035b8f2bb862a16a7a446d94f0bb048beb	"ok = bool(parsed.get(""ok""))"	INFERRED_FROM_SOURCE	Manual verification required
RTE-000066	SOURCE_ROUTE_CANDIDATE	GET	ok	backend/app/api/admin/telegram_routing_admin.py	304	ecf58f385501eb7f047d5a5d28f748035b8f2bb862a16a7a446d94f0bb048beb	"""telegram"": {""ok"": parsed.get(""ok""), ""message_id"": ((parsed.get(""result"") or {}).get(""message_id""))},"	INFERRED_FROM_SOURCE	Manual verification required
RTE-000067	SOURCE_ROUTE_CANDIDATE	GET	/status	backend/app/api/admin/telegram_routing_v2.py	165	4c4fa399167f216140e28246a348f9b99e0e88e59f0978d096b29574aca53e8d	"@router.get(""/status"")"	INFERRED_FROM_SOURCE	Manual verification required
RTE-000068	SOURCE_ROUTE_CANDIDATE	POST	/update	backend/app/api/admin/telegram_routing_v2.py	219	4c4fa399167f216140e28246a348f9b99e0e88e59f0978d096b29574aca53e8d	"@router.post(""/update"")"	INFERRED_FROM_SOURCE	Manual verification required
RTE-000069	SOURCE_ROUTE_CANDIDATE	POST	/test	backend/app/api/admin/telegram_routing_v2.py	277	4c4fa399167f216140e28246a348f9b99e0e88e59f0978d096b29574aca53e8d	"@router.post(""/test"")"	INFERRED_FROM_SOURCE	Manual verification required
RTE-000070	SOURCE_ROUTE_CANDIDATE	GET	ok	backend/app/api/admin/telegram_routing_v2.py	337	4c4fa399167f216140e28246a348f9b99e0e88e59f0978d096b29574aca53e8d	"ok = bool(parsed.get(""ok""))"	INFERRED_FROM_SOURCE	Manual verification required
RTE-000071	SOURCE_ROUTE_CANDIDATE	GET	ok	backend/app/api/admin/telegram_routing_v2.py	364	4c4fa399167f216140e28246a348f9b99e0e88e59f0978d096b29574aca53e8d	"""ok"": parsed.get(""ok""),"	INFERRED_FROM_SOURCE	Manual verification required
RTE-000072	SOURCE_ROUTE_CANDIDATE	GET	result	backend/app/api/admin/telegram_routing_v2.py	365	4c4fa399167f216140e28246a348f9b99e0e88e59f0978d096b29574aca53e8d	"""message_id"": ((parsed.get(""result"") or {}).get(""message_id"")),"	INFERRED_FROM_SOURCE	Manual verification required
RTE-000073	SOURCE_ROUTE_CANDIDATE	GET	/debug-auth	backend/app/api/admin/telegram_routing_v2.py	369	4c4fa399167f216140e28246a348f9b99e0e88e59f0978d096b29574aca53e8d	"@router.get(""/debug-auth"")"	INFERRED_FROM_SOURCE	Manual verification required
RTE-000074	SOURCE_ROUTE_CANDIDATE	GET	/api/ndsp/nowpayments-create-alias/health	backend/app/api/compat/nowpayments_create_alias.py	70	e192423d5dbc844fcf401f13c2be4399f670d6057489b8c6a9be2489553ae87c	"@router.get(""/api/ndsp/nowpayments-create-alias/health"")"	INFERRED_FROM_SOURCE	Manual verification required
RTE-000075	SOURCE_ROUTE_CANDIDATE	POST	/api/v6/payments/nowpayments/subscription/create	backend/app/api/compat/nowpayments_create_alias.py	82	e192423d5dbc844fcf401f13c2be4399f670d6057489b8c6a9be2489553ae87c	"@router.post(""/api/v6/payments/nowpayments/subscription/create"")"	INFERRED_FROM_SOURCE	Manual verification required
RTE-000076	SOURCE_ROUTE_CANDIDATE	POST	/api/payments/nowpayments/subscription/create	backend/app/api/compat/nowpayments_create_alias.py	83	e192423d5dbc844fcf401f13c2be4399f670d6057489b8c6a9be2489553ae87c	"@router.post(""/api/payments/nowpayments/subscription/create"")"	INFERRED_FROM_SOURCE	Manual verification required
RTE-000077	SOURCE_ROUTE_CANDIDATE	GET	email	backend/app/api/compat/nowpayments_create_alias.py	87	e192423d5dbc844fcf401f13c2be4399f670d6057489b8c6a9be2489553ae87c	"email = normalize_email(payload.get(""email"") or payload.get(""user_email""))"	INFERRED_FROM_SOURCE	Manual verification required
RTE-000078	SOURCE_ROUTE_CANDIDATE	GET	plan	backend/app/api/compat/nowpayments_create_alias.py	88	e192423d5dbc844fcf401f13c2be4399f670d6057489b8c6a9be2489553ae87c	"plan = str(payload.get(""plan"") or payload.get(""plan_code"") or ""pro"").strip().lower()"	INFERRED_FROM_SOURCE	Manual verification required
RTE-000079	SOURCE_ROUTE_CANDIDATE	GET	network	backend/app/api/compat/nowpayments_create_alias.py	89	e192423d5dbc844fcf401f13c2be4399f670d6057489b8c6a9be2489553ae87c	"network = str(payload.get(""network"") or ""TRC20"").strip().upper()"	INFERRED_FROM_SOURCE	Manual verification required
RTE-000080	SOURCE_ROUTE_CANDIDATE	GET	amount	backend/app/api/compat/nowpayments_create_alias.py	90	e192423d5dbc844fcf401f13c2be4399f670d6057489b8c6a9be2489553ae87c	"amount = payload.get(""amount"")"	INFERRED_FROM_SOURCE	Manual verification required
RTE-000081	SOURCE_ROUTE_CANDIDATE	GET	billing_cycle	backend/app/api/compat/nowpayments_create_alias.py	91	e192423d5dbc844fcf401f13c2be4399f670d6057489b8c6a9be2489553ae87c	"billing_cycle = str(payload.get(""billing_cycle"") or ""monthly"").strip().lower()"	INFERRED_FROM_SOURCE	Manual verification required
RTE-000082	SOURCE_ROUTE_CANDIDATE	GET	order_id	backend/app/api/compat/nowpayments_create_alias.py	92	e192423d5dbc844fcf401f13c2be4399f670d6057489b8c6a9be2489553ae87c	"order_id = str(payload.get(""order_id"") or make_order_id()).strip()"	INFERRED_FROM_SOURCE	Manual verification required
RTE-000083	SOURCE_ROUTE_CANDIDATE	GET	/api/ndsp/compat/health	backend/app/api/compat/user_operational_compat.py	116	b7189c7278c0e45ce71f66fb1c1b2b5debeaeb9b77331aa5c745f142af1b7448	"@router.get(""/api/ndsp/compat/health"")"	INFERRED_FROM_SOURCE	Manual verification required
RTE-000084	SOURCE_ROUTE_CANDIDATE	POST	/api/trial/register	backend/app/api/compat/user_operational_compat.py	136	b7189c7278c0e45ce71f66fb1c1b2b5debeaeb9b77331aa5c745f142af1b7448	"@router.post(""/api/trial/register"")"	INFERRED_FROM_SOURCE	Manual verification required
RTE-000085	SOURCE_ROUTE_CANDIDATE	POST	/api/v1/trial/register	backend/app/api/compat/user_operational_compat.py	137	b7189c7278c0e45ce71f66fb1c1b2b5debeaeb9b77331aa5c745f142af1b7448	"@router.post(""/api/v1/trial/register"")"	INFERRED_FROM_SOURCE	Manual verification required
RTE-000086	SOURCE_ROUTE_CANDIDATE	POST	/api/trial/request	backend/app/api/compat/user_operational_compat.py	138	b7189c7278c0e45ce71f66fb1c1b2b5debeaeb9b77331aa5c745f142af1b7448	"@router.post(""/api/trial/request"")"	INFERRED_FROM_SOURCE	Manual verification required
RTE-000087	SOURCE_ROUTE_CANDIDATE	POST	/api/auth/register-trial	backend/app/api/compat/user_operational_compat.py	139	b7189c7278c0e45ce71f66fb1c1b2b5debeaeb9b77331aa5c745f142af1b7448	"@router.post(""/api/auth/register-trial"")"	INFERRED_FROM_SOURCE	Manual verification required
RTE-000088	SOURCE_ROUTE_CANDIDATE	GET	email	backend/app/api/compat/user_operational_compat.py	142	b7189c7278c0e45ce71f66fb1c1b2b5debeaeb9b77331aa5c745f142af1b7448	"email = normalize_email(payload.get(""email"") or payload.get(""user_email""))"	INFERRED_FROM_SOURCE	Manual verification required
RTE-000089	SOURCE_ROUTE_CANDIDATE	GET	name	backend/app/api/compat/user_operational_compat.py	143	b7189c7278c0e45ce71f66fb1c1b2b5debeaeb9b77331aa5c745f142af1b7448	"name = str(payload.get(""name"") or payload.get(""full_name"") or """").strip()"	INFERRED_FROM_SOURCE	Manual verification required
RTE-000090	SOURCE_ROUTE_CANDIDATE	GET	phone	backend/app/api/compat/user_operational_compat.py	144	b7189c7278c0e45ce71f66fb1c1b2b5debeaeb9b77331aa5c745f142af1b7448	"phone = str(payload.get(""phone"") or payload.get(""mobile"") or """").strip()"	INFERRED_FROM_SOURCE	Manual verification required
RTE-000091	SOURCE_ROUTE_CANDIDATE	GET	plan	backend/app/api/compat/user_operational_compat.py	171	b7189c7278c0e45ce71f66fb1c1b2b5debeaeb9b77331aa5c745f142af1b7448	""""""", (email, name or None, phone or None, payload.get(""plan"") or ""elite_trial""))"	INFERRED_FROM_SOURCE	Manual verification required
RTE-000092	SOURCE_ROUTE_CANDIDATE	POST	/api/auth/activate	backend/app/api/compat/user_operational_compat.py	182	b7189c7278c0e45ce71f66fb1c1b2b5debeaeb9b77331aa5c745f142af1b7448	"@router.post(""/api/auth/activate"")"	INFERRED_FROM_SOURCE	Manual verification required
RTE-000093	SOURCE_ROUTE_CANDIDATE	GET	/api/auth/activate	backend/app/api/compat/user_operational_compat.py	183	b7189c7278c0e45ce71f66fb1c1b2b5debeaeb9b77331aa5c745f142af1b7448	"@router.get(""/api/auth/activate"")"	INFERRED_FROM_SOURCE	Manual verification required
RTE-000094	SOURCE_ROUTE_CANDIDATE	GET	token	backend/app/api/compat/user_operational_compat.py	186	b7189c7278c0e45ce71f66fb1c1b2b5debeaeb9b77331aa5c745f142af1b7448	"token = REDACTED""token"") or request.query_params.get(""code"") or """""	INFERRED_FROM_SOURCE	Manual verification required
RTE-000095	SOURCE_ROUTE_CANDIDATE	GET	email	backend/app/api/compat/user_operational_compat.py	187	b7189c7278c0e45ce71f66fb1c1b2b5debeaeb9b77331aa5c745f142af1b7448	"email = normalize_email(request.query_params.get(""email""))"	INFERRED_FROM_SOURCE	Manual verification required
RTE-000096	SOURCE_ROUTE_CANDIDATE	GET	token	backend/app/api/compat/user_operational_compat.py	191	b7189c7278c0e45ce71f66fb1c1b2b5debeaeb9b77331aa5c745f142af1b7448	"token = REDACTED""token"") or payload.get(""code"") or payload.get(""activation_token"") or """").strip()"	INFERRED_FROM_SOURCE	Manual verification required
RTE-000097	SOURCE_ROUTE_CANDIDATE	GET	email	backend/app/api/compat/user_operational_compat.py	192	b7189c7278c0e45ce71f66fb1c1b2b5debeaeb9b77331aa5c745f142af1b7448	"email = normalize_email(payload.get(""email""))"	INFERRED_FROM_SOURCE	Manual verification required
RTE-000098	SOURCE_ROUTE_CANDIDATE	GET	/api/v6/payments/nowpayments/subscription/status	backend/app/api/compat/user_operational_compat.py	206	b7189c7278c0e45ce71f66fb1c1b2b5debeaeb9b77331aa5c745f142af1b7448	"@router.get(""/api/v6/payments/nowpayments/subscription/status"")"	INFERRED_FROM_SOURCE	Manual verification required
RTE-000099	SOURCE_ROUTE_CANDIDATE	GET	/api/payments/nowpayments/subscription/status	backend/app/api/compat/user_operational_compat.py	207	b7189c7278c0e45ce71f66fb1c1b2b5debeaeb9b77331aa5c745f142af1b7448	"@router.get(""/api/payments/nowpayments/subscription/status"")"	INFERRED_FROM_SOURCE	Manual verification required
RTE-000100	SOURCE_ROUTE_CANDIDATE	POST	/api/v6/payments/nowpayments/subscription/create	backend/app/api/compat/user_operational_compat.py	240	b7189c7278c0e45ce71f66fb1c1b2b5debeaeb9b77331aa5c745f142af1b7448	"@router.post(""/api/v6/payments/nowpayments/subscription/create"")"	INFERRED_FROM_SOURCE	Manual verification required
RTE-000101	SOURCE_ROUTE_CANDIDATE	POST	/api/payments/nowpayments/subscription/create	backend/app/api/compat/user_operational_compat.py	241	b7189c7278c0e45ce71f66fb1c1b2b5debeaeb9b77331aa5c745f142af1b7448	"@router.post(""/api/payments/nowpayments/subscription/create"")"	INFERRED_FROM_SOURCE	Manual verification required
RTE-000102	SOURCE_ROUTE_CANDIDATE	GET	email	backend/app/api/compat/user_operational_compat.py	244	b7189c7278c0e45ce71f66fb1c1b2b5debeaeb9b77331aa5c745f142af1b7448	"email = normalize_email(payload.get(""email"") or payload.get(""user_email""))"	INFERRED_FROM_SOURCE	Manual verification required
RTE-000103	SOURCE_ROUTE_CANDIDATE	GET	plan	backend/app/api/compat/user_operational_compat.py	245	b7189c7278c0e45ce71f66fb1c1b2b5debeaeb9b77331aa5c745f142af1b7448	"plan = str(payload.get(""plan"") or payload.get(""plan_code"") or ""pro"").strip().lower()"	INFERRED_FROM_SOURCE	Manual verification required
RTE-000104	SOURCE_ROUTE_CANDIDATE	GET	network	backend/app/api/compat/user_operational_compat.py	276	b7189c7278c0e45ce71f66fb1c1b2b5debeaeb9b77331aa5c745f142af1b7448	""""""", (email, plan, payload.get(""network"") or ""TRC20""))"	INFERRED_FROM_SOURCE	Manual verification required
RTE-000105	SOURCE_ROUTE_CANDIDATE	GET	network	backend/app/api/compat/user_operational_compat.py	289	b7189c7278c0e45ce71f66fb1c1b2b5debeaeb9b77331aa5c745f142af1b7448	"""network"": payload.get(""network"") or ""TRC20"","	INFERRED_FROM_SOURCE	Manual verification required
RTE-000106	SOURCE_ROUTE_CANDIDATE	GET	/api/user/alert-preferences	backend/app/api/compat/user_operational_compat.py	297	b7189c7278c0e45ce71f66fb1c1b2b5debeaeb9b77331aa5c745f142af1b7448	"@router.get(""/api/user/alert-preferences"")"	INFERRED_FROM_SOURCE	Manual verification required
RTE-000107	SOURCE_ROUTE_CANDIDATE	POST	/api/user/alert-preferences	backend/app/api/compat/user_operational_compat.py	350	b7189c7278c0e45ce71f66fb1c1b2b5debeaeb9b77331aa5c745f142af1b7448	"@router.post(""/api/user/alert-preferences"")"	INFERRED_FROM_SOURCE	Manual verification required
RTE-000108	SOURCE_ROUTE_CANDIDATE	GET	email	backend/app/api/compat/user_operational_compat.py	353	b7189c7278c0e45ce71f66fb1c1b2b5debeaeb9b77331aa5c745f142af1b7448	"email = normalize_email(payload.get(""email"") or payload.get(""user_email""))"	INFERRED_FROM_SOURCE	Manual verification required
RTE-000109	SOURCE_ROUTE_CANDIDATE	GET	telegram_id	backend/app/api/compat/user_operational_compat.py	354	b7189c7278c0e45ce71f66fb1c1b2b5debeaeb9b77331aa5c745f142af1b7448	"telegram_id = str(payload.get(""telegram_id"") or payload.get(""telegram"") or """").strip() or None"	INFERRED_FROM_SOURCE	Manual verification required
RTE-000110	SOURCE_ROUTE_CANDIDATE	GET	in_app	backend/app/api/compat/user_operational_compat.py	374	b7189c7278c0e45ce71f66fb1c1b2b5debeaeb9b77331aa5c745f142af1b7448	"bool(payload.get(""in_app"", True)),"	INFERRED_FROM_SOURCE	Manual verification required
RTE-000111	SOURCE_ROUTE_CANDIDATE	GET	email_enabled	backend/app/api/compat/user_operational_compat.py	375	b7189c7278c0e45ce71f66fb1c1b2b5debeaeb9b77331aa5c745f142af1b7448	"bool(payload.get(""email_enabled"", payload.get(""email"", True))),"	INFERRED_FROM_SOURCE	Manual verification required
RTE-000112	SOURCE_ROUTE_CANDIDATE	GET	telegram_enabled	backend/app/api/compat/user_operational_compat.py	376	b7189c7278c0e45ce71f66fb1c1b2b5debeaeb9b77331aa5c745f142af1b7448	"bool(payload.get(""telegram_enabled"", False)),"	INFERRED_FROM_SOURCE	Manual verification required
RTE-000113	SOURCE_ROUTE_CANDIDATE	POST	/api/telegram/link/start	backend/app/api/compat/user_operational_compat.py	394	b7189c7278c0e45ce71f66fb1c1b2b5debeaeb9b77331aa5c745f142af1b7448	"@router.post(""/api/telegram/link/start"")"	INFERRED_FROM_SOURCE	Manual verification required
RTE-000114	SOURCE_ROUTE_CANDIDATE	GET	email	backend/app/api/compat/user_operational_compat.py	397	b7189c7278c0e45ce71f66fb1c1b2b5debeaeb9b77331aa5c745f142af1b7448	"email = normalize_email(payload.get(""email"") or payload.get(""user_email""))"	INFERRED_FROM_SOURCE	Manual verification required
RTE-000115	SOURCE_ROUTE_CANDIDATE	POST	/api/telegram/link/verify	backend/app/api/compat/user_operational_compat.py	405	b7189c7278c0e45ce71f66fb1c1b2b5debeaeb9b77331aa5c745f142af1b7448	"@router.post(""/api/telegram/link/verify"")"	INFERRED_FROM_SOURCE	Manual verification required
RTE-000116	SOURCE_ROUTE_CANDIDATE	GET	email	backend/app/api/compat/user_operational_compat.py	408	b7189c7278c0e45ce71f66fb1c1b2b5debeaeb9b77331aa5c745f142af1b7448	"email = normalize_email(payload.get(""email"") or payload.get(""user_email""))"	INFERRED_FROM_SOURCE	Manual verification required
RTE-000117	SOURCE_ROUTE_CANDIDATE	GET	telegram_id	backend/app/api/compat/user_operational_compat.py	409	b7189c7278c0e45ce71f66fb1c1b2b5debeaeb9b77331aa5c745f142af1b7448	"telegram_id = str(payload.get(""telegram_id"") or payload.get(""chat_id"") or """").strip()"	INFERRED_FROM_SOURCE	Manual verification required
RTE-000118	SOURCE_ROUTE_CANDIDATE	POST	/api/alerts/email/test	backend/app/api/compat/user_operational_compat.py	438	b7189c7278c0e45ce71f66fb1c1b2b5debeaeb9b77331aa5c745f142af1b7448	"@router.post(""/api/alerts/email/test"")"	INFERRED_FROM_SOURCE	Manual verification required
RTE-000119	SOURCE_ROUTE_CANDIDATE	GET	email	backend/app/api/compat/user_operational_compat.py	441	b7189c7278c0e45ce71f66fb1c1b2b5debeaeb9b77331aa5c745f142af1b7448	"email = normalize_email(payload.get(""email"") or payload.get(""to""))"	INFERRED_FROM_SOURCE	Manual verification required
RTE-000120	SOURCE_ROUTE_CANDIDATE	GET	/api/decision/quality	backend/app/api/decision_quality_public.py	109	6378d022a9f9a4eec00c835b6f6998762d9838831f19d1b0872c610aa9a11006	"@router.get(""/api/decision/quality"")"	INFERRED_FROM_SOURCE	Manual verification required
RTE-000121	SOURCE_ROUTE_CANDIDATE	GET	/debug-auth	backend/app/api/internal/telegram_routing_internal.py	197	773e2f51d62d2f56ec0ed28e662b296d0090d99c6f1d7fe41bc06385e3209a7f	"@router.get(""/debug-auth"")"	INFERRED_FROM_SOURCE	Manual verification required
RTE-000122	SOURCE_ROUTE_CANDIDATE	GET	/debug-db	backend/app/api/internal/telegram_routing_internal.py	219	773e2f51d62d2f56ec0ed28e662b296d0090d99c6f1d7fe41bc06385e3209a7f	"@router.get(""/debug-db"")"	INFERRED_FROM_SOURCE	Manual verification required
RTE-000123	SOURCE_ROUTE_CANDIDATE	GET	/status	backend/app/api/internal/telegram_routing_internal.py	237	773e2f51d62d2f56ec0ed28e662b296d0090d99c6f1d7fe41bc06385e3209a7f	"@router.get(""/status"")"	INFERRED_FROM_SOURCE	Manual verification required
RTE-000124	SOURCE_ROUTE_CANDIDATE	POST	/update	backend/app/api/internal/telegram_routing_internal.py	294	773e2f51d62d2f56ec0ed28e662b296d0090d99c6f1d7fe41bc06385e3209a7f	"@router.post(""/update"")"	INFERRED_FROM_SOURCE	Manual verification required
RTE-000125	SOURCE_ROUTE_CANDIDATE	POST	/test	backend/app/api/internal/telegram_routing_internal.py	355	773e2f51d62d2f56ec0ed28e662b296d0090d99c6f1d7fe41bc06385e3209a7f	"@router.post(""/test"")"	INFERRED_FROM_SOURCE	Manual verification required
RTE-000126	SOURCE_ROUTE_CANDIDATE	GET	ok	backend/app/api/internal/telegram_routing_internal.py	410	773e2f51d62d2f56ec0ed28e662b296d0090d99c6f1d7fe41bc06385e3209a7f	"ok = bool(parsed.get(""ok""))"	INFERRED_FROM_SOURCE	Manual verification required
RTE-000127	SOURCE_ROUTE_CANDIDATE	GET	ok	backend/app/api/internal/telegram_routing_internal.py	434	773e2f51d62d2f56ec0ed28e662b296d0090d99c6f1d7fe41bc06385e3209a7f	"""ok"": parsed.get(""ok""),"	INFERRED_FROM_SOURCE	Manual verification required
RTE-000128	SOURCE_ROUTE_CANDIDATE	GET	result	backend/app/api/internal/telegram_routing_internal.py	435	773e2f51d62d2f56ec0ed28e662b296d0090d99c6f1d7fe41bc06385e3209a7f	"""message_id"": ((parsed.get(""result"") or {}).get(""message_id"")),"	INFERRED_FROM_SOURCE	Manual verification required
RTE-000129	SOURCE_ROUTE_CANDIDATE	GET	/api/ndsp/public/decision-quality	backend/app/api/ndsp_public_quality_unique.py	116	cbba098bb12a62bfb615523738f853d290a4fb58cab84225f090913b4474ccd9	"@router.get(""/api/ndsp/public/decision-quality"")"	INFERRED_FROM_SOURCE	Manual verification required
RTE-000130	SOURCE_ROUTE_CANDIDATE	GET	mode	backend/app/api/ndsp_trial_activation_guard.py	16	36b54be581393294a1f0768e5e94c0acbc92b2ee01954b54492615d99fcfdc9e	"payload.get(""mode"")"	INFERRED_FROM_SOURCE	Manual verification required
RTE-000131	SOURCE_ROUTE_CANDIDATE	GET	category	backend/app/api/ndsp_trial_activation_guard.py	17	36b54be581393294a1f0768e5e94c0acbc92b2ee01954b54492615d99fcfdc9e	"or payload.get(""category"")"	INFERRED_FROM_SOURCE	Manual verification required
RTE-000132	SOURCE_ROUTE_CANDIDATE	GET	segment	backend/app/api/ndsp_trial_activation_guard.py	18	36b54be581393294a1f0768e5e94c0acbc92b2ee01954b54492615d99fcfdc9e	"or payload.get(""segment"")"	INFERRED_FROM_SOURCE	Manual verification required
RTE-000133	SOURCE_ROUTE_CANDIDATE	GET	user_type	backend/app/api/ndsp_trial_activation_guard.py	19	36b54be581393294a1f0768e5e94c0acbc92b2ee01954b54492615d99fcfdc9e	"or payload.get(""user_type"")"	INFERRED_FROM_SOURCE	Manual verification required
RTE-000134	SOURCE_ROUTE_CANDIDATE	GET	registration_type	backend/app/api/ndsp_trial_activation_guard.py	20	36b54be581393294a1f0768e5e94c0acbc92b2ee01954b54492615d99fcfdc9e	"or payload.get(""registration_type"")"	INFERRED_FROM_SOURCE	Manual verification required
RTE-000135	SOURCE_ROUTE_CANDIDATE	GET	/contract/status	backend/app/api/v1/frontend_contract.py	75	d4d2bde00b9b1fbae357bfe6d7a05b2e10c79ef52f73e4180646a0581cbf71c9	"@router.get(""/contract/status"")"	INFERRED_FROM_SOURCE	Manual verification required
RTE-000136	SOURCE_ROUTE_CANDIDATE	POST	/auth/register	backend/app/api/v1/frontend_contract.py	88	d4d2bde00b9b1fbae357bfe6d7a05b2e10c79ef52f73e4180646a0581cbf71c9	"@router.post(""/auth/register"")"	INFERRED_FROM_SOURCE	Manual verification required
RTE-000137	SOURCE_ROUTE_CANDIDATE	POST	/auth/login	backend/app/api/v1/frontend_contract.py	98	d4d2bde00b9b1fbae357bfe6d7a05b2e10c79ef52f73e4180646a0581cbf71c9	"@router.post(""/auth/login"")"	INFERRED_FROM_SOURCE	Manual verification required
RTE-000138	SOURCE_ROUTE_CANDIDATE	POST	/auth/2fa/verify	backend/app/api/v1/frontend_contract.py	108	d4d2bde00b9b1fbae357bfe6d7a05b2e10c79ef52f73e4180646a0581cbf71c9	"@router.post(""/auth/2fa/verify"")"	INFERRED_FROM_SOURCE	Manual verification required
RTE-000139	SOURCE_ROUTE_CANDIDATE	POST	/auth/magic-link	backend/app/api/v1/frontend_contract.py	118	d4d2bde00b9b1fbae357bfe6d7a05b2e10c79ef52f73e4180646a0581cbf71c9	"@router.post(""/auth/magic-link"")"	INFERRED_FROM_SOURCE	Manual verification required
RTE-000140	SOURCE_ROUTE_CANDIDATE	GET	/auth/magic-link/verify	backend/app/api/v1/frontend_contract.py	123	d4d2bde00b9b1fbae357bfe6d7a05b2e10c79ef52f73e4180646a0581cbf71c9	"@router.get(""/auth/magic-link/verify"")"	INFERRED_FROM_SOURCE	Manual verification required
RTE-000141	SOURCE_ROUTE_CANDIDATE	POST	/auth/forgot	backend/app/api/v1/frontend_contract.py	133	d4d2bde00b9b1fbae357bfe6d7a05b2e10c79ef52f73e4180646a0581cbf71c9	"@router.post(""/auth/forgot"")"	INFERRED_FROM_SOURCE	Manual verification required
RTE-000142	SOURCE_ROUTE_CANDIDATE	POST	/auth/reset	backend/app/api/v1/frontend_contract.py	138	d4d2bde00b9b1fbae357bfe6d7a05b2e10c79ef52f73e4180646a0581cbf71c9	"@router.post(""/auth/reset"")"	INFERRED_FROM_SOURCE	Manual verification required
RTE-000143	SOURCE_ROUTE_CANDIDATE	POST	/account/activate	backend/app/api/v1/frontend_contract.py	143	d4d2bde00b9b1fbae357bfe6d7a05b2e10c79ef52f73e4180646a0581cbf71c9	"@router.post(""/account/activate"")"	INFERRED_FROM_SOURCE	Manual verification required
RTE-000144	SOURCE_ROUTE_CANDIDATE	GET	/account/trial	backend/app/api/v1/frontend_contract.py	158	d4d2bde00b9b1fbae357bfe6d7a05b2e10c79ef52f73e4180646a0581cbf71c9	"@router.get(""/account/trial"")"	INFERRED_FROM_SOURCE	Manual verification required
RTE-000145	SOURCE_ROUTE_CANDIDATE	GET	/packages	backend/app/api/v1/frontend_contract.py	172	d4d2bde00b9b1fbae357bfe6d7a05b2e10c79ef52f73e4180646a0581cbf71c9	"@router.get(""/packages"")"	INFERRED_FROM_SOURCE	Manual verification required
RTE-000146	SOURCE_ROUTE_CANDIDATE	GET	/me/entitlements	backend/app/api/v1/frontend_contract.py	212	d4d2bde00b9b1fbae357bfe6d7a05b2e10c79ef52f73e4180646a0581cbf71c9	"@router.get(""/me/entitlements"")"	INFERRED_FROM_SOURCE	Manual verification required
RTE-000147	SOURCE_ROUTE_CANDIDATE	POST	/payments/checkout	backend/app/api/v1/frontend_contract.py	226	d4d2bde00b9b1fbae357bfe6d7a05b2e10c79ef52f73e4180646a0581cbf71c9	"@router.post(""/payments/checkout"")"	INFERRED_FROM_SOURCE	Manual verification required
RTE-000148	SOURCE_ROUTE_CANDIDATE	POST	/payments/webhook	backend/app/api/v1/frontend_contract.py	239	d4d2bde00b9b1fbae357bfe6d7a05b2e10c79ef52f73e4180646a0581cbf71c9	"@router.post(""/payments/webhook"")"	INFERRED_FROM_SOURCE	Manual verification required
RTE-000149	SOURCE_ROUTE_CANDIDATE	GET	/me/subscription	backend/app/api/v1/frontend_contract.py	248	d4d2bde00b9b1fbae357bfe6d7a05b2e10c79ef52f73e4180646a0581cbf71c9	"@router.get(""/me/subscription"")"	INFERRED_FROM_SOURCE	Manual verification required
RTE-000150	SOURCE_ROUTE_CANDIDATE	GET	/markets	backend/app/api/v1/frontend_contract.py	257	d4d2bde00b9b1fbae357bfe6d7a05b2e10c79ef52f73e4180646a0581cbf71c9	"@router.get(""/markets"")"	INFERRED_FROM_SOURCE	Manual verification required
RTE-000151	SOURCE_ROUTE_CANDIDATE	GET	/assets	backend/app/api/v1/frontend_contract.py	267	d4d2bde00b9b1fbae357bfe6d7a05b2e10c79ef52f73e4180646a0581cbf71c9	"@router.get(""/assets"")"	INFERRED_FROM_SOURCE	Manual verification required
RTE-000152	SOURCE_ROUTE_CANDIDATE	GET	/assets/{asset_id}/decision	backend/app/api/v1/frontend_contract.py	281	d4d2bde00b9b1fbae357bfe6d7a05b2e10c79ef52f73e4180646a0581cbf71c9	"@router.get(""/assets/{asset_id}/decision"")"	INFERRED_FROM_SOURCE	Manual verification required
RTE-000153	SOURCE_ROUTE_CANDIDATE	GET	/assets/{asset_id}/chart	backend/app/api/v1/frontend_contract.py	314	d4d2bde00b9b1fbae357bfe6d7a05b2e10c79ef52f73e4180646a0581cbf71c9	"@router.get(""/assets/{asset_id}/chart"")"	INFERRED_FROM_SOURCE	Manual verification required
RTE-000154	SOURCE_ROUTE_CANDIDATE	GET	/brief/today	backend/app/api/v1/frontend_contract.py	334	d4d2bde00b9b1fbae357bfe6d7a05b2e10c79ef52f73e4180646a0581cbf71c9	"@router.get(""/brief/today"")"	INFERRED_FROM_SOURCE	Manual verification required
RTE-000155	SOURCE_ROUTE_CANDIDATE	GET	/me/watchlist	backend/app/api/v1/frontend_contract.py	356	d4d2bde00b9b1fbae357bfe6d7a05b2e10c79ef52f73e4180646a0581cbf71c9	"@router.get(""/me/watchlist"")"	INFERRED_FROM_SOURCE	Manual verification required
RTE-000156	SOURCE_ROUTE_CANDIDATE	POST	/me/watchlist	backend/app/api/v1/frontend_contract.py	361	d4d2bde00b9b1fbae357bfe6d7a05b2e10c79ef52f73e4180646a0581cbf71c9	"@router.post(""/me/watchlist"")"	INFERRED_FROM_SOURCE	Manual verification required
RTE-000157	SOURCE_ROUTE_CANDIDATE	DELETE	/me/watchlist/{asset_id}	backend/app/api/v1/frontend_contract.py	366	d4d2bde00b9b1fbae357bfe6d7a05b2e10c79ef52f73e4180646a0581cbf71c9	"@router.delete(""/me/watchlist/{asset_id}"")"	INFERRED_FROM_SOURCE	Manual verification required
RTE-000158	SOURCE_ROUTE_CANDIDATE	GET	/me/dashboard	backend/app/api/v1/frontend_contract.py	371	d4d2bde00b9b1fbae357bfe6d7a05b2e10c79ef52f73e4180646a0581cbf71c9	"@router.get(""/me/dashboard"")"	INFERRED_FROM_SOURCE	Manual verification required
RTE-000159	SOURCE_ROUTE_CANDIDATE	GET	/me/alert-prefs	backend/app/api/v1/frontend_contract.py	388	d4d2bde00b9b1fbae357bfe6d7a05b2e10c79ef52f73e4180646a0581cbf71c9	"@router.get(""/me/alert-prefs"")"	INFERRED_FROM_SOURCE	Manual verification required
RTE-000160	SOURCE_ROUTE_CANDIDATE	PUT	/me/alert-prefs	backend/app/api/v1/frontend_contract.py	400	d4d2bde00b9b1fbae357bfe6d7a05b2e10c79ef52f73e4180646a0581cbf71c9	"@router.put(""/me/alert-prefs"")"	INFERRED_FROM_SOURCE	Manual verification required
RTE-000161	SOURCE_ROUTE_CANDIDATE	POST	/me/channels/telegram/link	backend/app/api/v1/frontend_contract.py	405	d4d2bde00b9b1fbae357bfe6d7a05b2e10c79ef52f73e4180646a0581cbf71c9	"@router.post(""/me/channels/telegram/link"")"	INFERRED_FROM_SOURCE	Manual verification required
RTE-000162	SOURCE_ROUTE_CANDIDATE	POST	/me/channels/telegram/verify	backend/app/api/v1/frontend_contract.py	413	d4d2bde00b9b1fbae357bfe6d7a05b2e10c79ef52f73e4180646a0581cbf71c9	"@router.post(""/me/channels/telegram/verify"")"	INFERRED_FROM_SOURCE	Manual verification required
RTE-000163	SOURCE_ROUTE_CANDIDATE	POST	/me/channels/email/test	backend/app/api/v1/frontend_contract.py	421	d4d2bde00b9b1fbae357bfe6d7a05b2e10c79ef52f73e4180646a0581cbf71c9	"@router.post(""/me/channels/email/test"")"	INFERRED_FROM_SOURCE	Manual verification required
RTE-000164	SOURCE_ROUTE_CANDIDATE	GET	/admin/registrations	backend/app/api/v1/frontend_contract.py	426	d4d2bde00b9b1fbae357bfe6d7a05b2e10c79ef52f73e4180646a0581cbf71c9	"@router.get(""/admin/registrations"")"	INFERRED_FROM_SOURCE	Manual verification required
RTE-000165	SOURCE_ROUTE_CANDIDATE	POST	/admin/registrations/{registration_id}/decision	backend/app/api/v1/frontend_contract.py	431	d4d2bde00b9b1fbae357bfe6d7a05b2e10c79ef52f73e4180646a0581cbf71c9	"@router.post(""/admin/registrations/{registration_id}/decision"")"	INFERRED_FROM_SOURCE	Manual verification required
RTE-000166	SOURCE_ROUTE_CANDIDATE	GET	/admin/trials	backend/app/api/v1/frontend_contract.py	439	d4d2bde00b9b1fbae357bfe6d7a05b2e10c79ef52f73e4180646a0581cbf71c9	"@router.get(""/admin/trials"")"	INFERRED_FROM_SOURCE	Manual verification required
RTE-000167	SOURCE_ROUTE_CANDIDATE	GET	/admin/payments	backend/app/api/v1/frontend_contract.py	444	d4d2bde00b9b1fbae357bfe6d7a05b2e10c79ef52f73e4180646a0581cbf71c9	"@router.get(""/admin/payments"")"	INFERRED_FROM_SOURCE	Manual verification required
RTE-000168	SOURCE_ROUTE_CANDIDATE	POST	/admin/payments/{payment_id}/approve	backend/app/api/v1/frontend_contract.py	449	d4d2bde00b9b1fbae357bfe6d7a05b2e10c79ef52f73e4180646a0581cbf71c9	"@router.post(""/admin/payments/{payment_id}/approve"")"	INFERRED_FROM_SOURCE	Manual verification required
RTE-000169	SOURCE_ROUTE_CANDIDATE	POST	/admin/payments/{payment_id}/reject	backend/app/api/v1/frontend_contract.py	454	d4d2bde00b9b1fbae357bfe6d7a05b2e10c79ef52f73e4180646a0581cbf71c9	"@router.post(""/admin/payments/{payment_id}/reject"")"	INFERRED_FROM_SOURCE	Manual verification required
RTE-000170	SOURCE_ROUTE_CANDIDATE	GET	/admin/layers	backend/app/api/v1/frontend_contract.py	459	d4d2bde00b9b1fbae357bfe6d7a05b2e10c79ef52f73e4180646a0581cbf71c9	"@router.get(""/admin/layers"")"	INFERRED_FROM_SOURCE	Manual verification required
RTE-000171	SOURCE_ROUTE_CANDIDATE	GET	/admin/health	backend/app/api/v1/frontend_contract.py	468	d4d2bde00b9b1fbae357bfe6d7a05b2e10c79ef52f73e4180646a0581cbf71c9	"@router.get(""/admin/health"")"	INFERRED_FROM_SOURCE	Manual verification required
RTE-000172	SOURCE_ROUTE_CANDIDATE	GET	bias	backend/app/core/market_positioning.py	46	1a45f9f3ae7c0902e94f0498ee2e96fd13f2ac45a1f8612011034750e8c559cf	"kwargs.get(""bias"")"	INFERRED_FROM_SOURCE	Manual verification required
RTE-000173	SOURCE_ROUTE_CANDIDATE	GET	bias	backend/app/core/market_positioning.py	47	1a45f9f3ae7c0902e94f0498ee2e96fd13f2ac45a1f8612011034750e8c559cf	"or data.get(""bias"")"	INFERRED_FROM_SOURCE	Manual verification required
RTE-000174	SOURCE_ROUTE_CANDIDATE	GET	direction	backend/app/core/market_positioning.py	48	1a45f9f3ae7c0902e94f0498ee2e96fd13f2ac45a1f8612011034750e8c559cf	"or data.get(""direction"")"	INFERRED_FROM_SOURCE	Manual verification required
RTE-000175	SOURCE_ROUTE_CANDIDATE	GET	signal	backend/app/core/market_positioning.py	49	1a45f9f3ae7c0902e94f0498ee2e96fd13f2ac45a1f8612011034750e8c559cf	"or data.get(""signal"")"	INFERRED_FROM_SOURCE	Manual verification required
RTE-000176	SOURCE_ROUTE_CANDIDATE	GET	state	backend/app/core/market_positioning.py	50	1a45f9f3ae7c0902e94f0498ee2e96fd13f2ac45a1f8612011034750e8c559cf	"or data.get(""state"")"	INFERRED_FROM_SOURCE	Manual verification required
RTE-000177	SOURCE_ROUTE_CANDIDATE	GET	confidence	backend/app/core/market_positioning.py	54	1a45f9f3ae7c0902e94f0498ee2e96fd13f2ac45a1f8612011034750e8c559cf	"confidence = kwargs.get(""confidence"", data.get(""confidence"", data.get(""score"", 0.0)))"	INFERRED_FROM_SOURCE	Manual verification required
RTE-000178	SOURCE_ROUTE_CANDIDATE	GET	symbol	backend/app/core/market_positioning.py	63	1a45f9f3ae7c0902e94f0498ee2e96fd13f2ac45a1f8612011034750e8c559cf	"symbol=symbol or data.get(""symbol"") or ""UNKNOWN"","	INFERRED_FROM_SOURCE	Manual verification required
RTE-000179	SOURCE_ROUTE_CANDIDATE	GET	tdl_follow_style_label	backend/app/ndsp_governance/decision_output_policy.py	487	221137c80f8cdd1cab56c3c764b2af4ead978dc36d91b89bf8c21a6619f52b71	"""scenario_time_horizon"": sanitize_public_text(first_present(data, [""scenario_time_horizon"", ""time_horizon"", ""horizon""], tdl_context.get(""tdl_follow_style_label"", ""غير محدد""))),"	INFERRED_FROM_SOURCE	Manual verification required
RTE-000180	SOURCE_ROUTE_CANDIDATE	GET	tdl_follow_style	backend/app/ndsp_governance/decision_output_policy.py	494	221137c80f8cdd1cab56c3c764b2af4ead978dc36d91b89bf8c21a6619f52b71	"""tdl_follow_style"": tdl_context.get(""tdl_follow_style""),"	INFERRED_FROM_SOURCE	Manual verification required
RTE-000181	SOURCE_ROUTE_CANDIDATE	GET	tdl_follow_style_label	backend/app/ndsp_governance/decision_output_policy.py	495	221137c80f8cdd1cab56c3c764b2af4ead978dc36d91b89bf8c21a6619f52b71	"""tdl_follow_style_label"": tdl_context.get(""tdl_follow_style_label""),"	INFERRED_FROM_SOURCE	Manual verification required
RTE-000182	SOURCE_ROUTE_CANDIDATE	GET	tdl_direction_exposure	backend/app/ndsp_governance/decision_output_policy.py	496	221137c80f8cdd1cab56c3c764b2af4ead978dc36d91b89bf8c21a6619f52b71	"""tdl_direction_exposure"": tdl_context.get(""tdl_direction_exposure""),"	INFERRED_FROM_SOURCE	Manual verification required
RTE-000183	SOURCE_ROUTE_CANDIDATE	GET	tdl_direction_exposure_label	backend/app/ndsp_governance/decision_output_policy.py	497	221137c80f8cdd1cab56c3c764b2af4ead978dc36d91b89bf8c21a6619f52b71	"""tdl_direction_exposure_label"": tdl_context.get(""tdl_direction_exposure_label""),"	INFERRED_FROM_SOURCE	Manual verification required
RTE-000184	SOURCE_ROUTE_CANDIDATE	GET	tdl_direction_clarity	backend/app/ndsp_governance/decision_output_policy.py	498	221137c80f8cdd1cab56c3c764b2af4ead978dc36d91b89bf8c21a6619f52b71	"""tdl_direction_clarity"": tdl_context.get(""tdl_direction_clarity""),"	INFERRED_FROM_SOURCE	Manual verification required
RTE-000185	SOURCE_ROUTE_CANDIDATE	GET	tdl_strength	backend/app/ndsp_governance/decision_output_policy.py	499	221137c80f8cdd1cab56c3c764b2af4ead978dc36d91b89bf8c21a6619f52b71	"""tdl_strength"": tdl_context.get(""tdl_strength""),"	INFERRED_FROM_SOURCE	Manual verification required
RTE-000186	SOURCE_ROUTE_CANDIDATE	GET	tdl_strength_label	backend/app/ndsp_governance/decision_output_policy.py	500	221137c80f8cdd1cab56c3c764b2af4ead978dc36d91b89bf8c21a6619f52b71	"""tdl_strength_label"": tdl_context.get(""tdl_strength_label""),"	INFERRED_FROM_SOURCE	Manual verification required
RTE-000187	SOURCE_ROUTE_CANDIDATE	GET	tdl_authority_label	backend/app/ndsp_governance/decision_output_policy.py	518	221137c80f8cdd1cab56c3c764b2af4ead978dc36d91b89bf8c21a6619f52b71	"""market_time_context"": tdl_context.get(""tdl_authority_label""),"	INFERRED_FROM_SOURCE	Manual verification required
RTE-000188	SOURCE_ROUTE_CANDIDATE	GET	tdl_follow_style_label	backend/app/ndsp_governance/decision_output_policy.py	519	221137c80f8cdd1cab56c3c764b2af4ead978dc36d91b89bf8c21a6619f52b71	"""reading_horizon"": tdl_context.get(""tdl_follow_style_label""),"	INFERRED_FROM_SOURCE	Manual verification required
RTE-000189	SOURCE_ROUTE_CANDIDATE	GET	tdl_direction_exposure_label	backend/app/ndsp_governance/decision_output_policy.py	520	221137c80f8cdd1cab56c3c764b2af4ead978dc36d91b89bf8c21a6619f52b71	"""direction_exposure"": tdl_context.get(""tdl_direction_exposure_label""),"	INFERRED_FROM_SOURCE	Manual verification required
RTE-000190	SOURCE_ROUTE_CANDIDATE	GET	tdl_direction_clarity	backend/app/ndsp_governance/decision_output_policy.py	521	221137c80f8cdd1cab56c3c764b2af4ead978dc36d91b89bf8c21a6619f52b71	"""direction_clarity"": tdl_context.get(""tdl_direction_clarity""),"	INFERRED_FROM_SOURCE	Manual verification required
RTE-000191	SOURCE_ROUTE_CANDIDATE	GET	tdl_strength_label	backend/app/ndsp_governance/decision_output_policy.py	522	221137c80f8cdd1cab56c3c764b2af4ead978dc36d91b89bf8c21a6619f52b71	"""horizon_strength"": tdl_context.get(""tdl_strength_label""),"	INFERRED_FROM_SOURCE	Manual verification required
RTE-000192	SOURCE_ROUTE_CANDIDATE	GET	tdl_follow_style_reason	backend/app/ndsp_governance/decision_output_policy.py	523	221137c80f8cdd1cab56c3c764b2af4ead978dc36d91b89bf8c21a6619f52b71	"""follow_note"": tdl_context.get(""tdl_follow_style_reason""),"	INFERRED_FROM_SOURCE	Manual verification required
RTE-000193	SOURCE_ROUTE_CANDIDATE	GET	tdl_exposure_note	backend/app/ndsp_governance/decision_output_policy.py	524	221137c80f8cdd1cab56c3c764b2af4ead978dc36d91b89bf8c21a6619f52b71	"""exposure_note"": tdl_context.get(""tdl_exposure_note""),"	INFERRED_FROM_SOURCE	Manual verification required
RTE-000194	SOURCE_ROUTE_CANDIDATE	GET	tdl_authority_label	backend/app/ndsp_governance/decision_output_policy.py	533	221137c80f8cdd1cab56c3c764b2af4ead978dc36d91b89bf8c21a6619f52b71	"""market_time_context"": tdl_context.get(""tdl_authority_label""),"	INFERRED_FROM_SOURCE	Manual verification required
RTE-000195	SOURCE_ROUTE_CANDIDATE	GET	tdl_follow_style_label	backend/app/ndsp_governance/decision_output_policy.py	534	221137c80f8cdd1cab56c3c764b2af4ead978dc36d91b89bf8c21a6619f52b71	"""reading_horizon"": tdl_context.get(""tdl_follow_style_label""),"	INFERRED_FROM_SOURCE	Manual verification required
RTE-000196	SOURCE_ROUTE_CANDIDATE	GET	tdl_direction_exposure_label	backend/app/ndsp_governance/decision_output_policy.py	535	221137c80f8cdd1cab56c3c764b2af4ead978dc36d91b89bf8c21a6619f52b71	"""direction_exposure"": tdl_context.get(""tdl_direction_exposure_label""),"	INFERRED_FROM_SOURCE	Manual verification required
RTE-000197	SOURCE_ROUTE_CANDIDATE	GET	tdl_direction_clarity	backend/app/ndsp_governance/decision_output_policy.py	536	221137c80f8cdd1cab56c3c764b2af4ead978dc36d91b89bf8c21a6619f52b71	"""direction_clarity"": tdl_context.get(""tdl_direction_clarity""),"	INFERRED_FROM_SOURCE	Manual verification required
RTE-000198	SOURCE_ROUTE_CANDIDATE	GET	tdl_strength_label	backend/app/ndsp_governance/decision_output_policy.py	537	221137c80f8cdd1cab56c3c764b2af4ead978dc36d91b89bf8c21a6619f52b71	"""horizon_strength"": tdl_context.get(""tdl_strength_label""),"	INFERRED_FROM_SOURCE	Manual verification required
RTE-000199	SOURCE_ROUTE_CANDIDATE	GET	scenario_directional_context	backend/app/ndsp_governance/decision_output_policy.py	614	221137c80f8cdd1cab56c3c764b2af4ead978dc36d91b89bf8c21a6619f52b71	"""directional_bias"": scenario.get(""scenario_directional_context""),"	INFERRED_FROM_SOURCE	Manual verification required
RTE-000200	SOURCE_ROUTE_CANDIDATE	GET	tdl_follow_style_label	backend/app/ndsp_governance/decision_output_policy.py	615	221137c80f8cdd1cab56c3c764b2af4ead978dc36d91b89bf8c21a6619f52b71	"""reading_horizon"": scenario.get(""tdl_follow_style_label""),"	INFERRED_FROM_SOURCE	Manual verification required
RTE-000201	SOURCE_ROUTE_CANDIDATE	GET	tdl_strength_label	backend/app/ndsp_governance/decision_output_policy.py	616	221137c80f8cdd1cab56c3c764b2af4ead978dc36d91b89bf8c21a6619f52b71	"""horizon_strength"": scenario.get(""tdl_strength_label""),"	INFERRED_FROM_SOURCE	Manual verification required
RTE-000202	SOURCE_ROUTE_CANDIDATE	GET	tdl_direction_exposure_label	backend/app/ndsp_governance/decision_output_policy.py	617	221137c80f8cdd1cab56c3c764b2af4ead978dc36d91b89bf8c21a6619f52b71	"""direction_exposure"": scenario.get(""tdl_direction_exposure_label""),"	INFERRED_FROM_SOURCE	Manual verification required
RTE-000203	SOURCE_ROUTE_CANDIDATE	GET	tdl_direction_clarity	backend/app/ndsp_governance/decision_output_policy.py	618	221137c80f8cdd1cab56c3c764b2af4ead978dc36d91b89bf8c21a6619f52b71	"""direction_clarity"": scenario.get(""tdl_direction_clarity""),"	INFERRED_FROM_SOURCE	Manual verification required
RTE-000204	SOURCE_ROUTE_CANDIDATE	GET	scenario_risk_note	backend/app/ndsp_governance/decision_output_policy.py	621	221137c80f8cdd1cab56c3c764b2af4ead978dc36d91b89bf8c21a6619f52b71	"""risk_state"": sanitize_public_text(first_present(original, [""risk_state""], scenario.get(""scenario_risk_note""))),"	INFERRED_FROM_SOURCE	Manual verification required
RTE-000205	SOURCE_ROUTE_CANDIDATE	GET	content-type	backend/app/ndsp_governance/decision_output_policy.py	720	221137c80f8cdd1cab56c3c764b2af4ead978dc36d91b89bf8c21a6619f52b71	"content_type = response.headers.get(""content-type"", """")"	INFERRED_FROM_SOURCE	Manual verification required
RTE-000206	SOURCE_ROUTE_CANDIDATE	GET	x-ndsp-package	backend/app/ndsp_governance/decision_output_policy.py	745	221137c80f8cdd1cab56c3c764b2af4ead978dc36d91b89bf8c21a6619f52b71	"request.headers.get(""x-ndsp-package"")"	INFERRED_FROM_SOURCE	Manual verification required
RTE-000207	SOURCE_ROUTE_CANDIDATE	GET	x-user-package	backend/app/ndsp_governance/decision_output_policy.py	746	221137c80f8cdd1cab56c3c764b2af4ead978dc36d91b89bf8c21a6619f52b71	"or request.headers.get(""x-user-package"")"	INFERRED_FROM_SOURCE	Manual verification required
RTE-000208	SOURCE_ROUTE_CANDIDATE	GET	package	backend/app/ndsp_governance/decision_output_policy.py	747	221137c80f8cdd1cab56c3c764b2af4ead978dc36d91b89bf8c21a6619f52b71	"or request.query_params.get(""package"")"	INFERRED_FROM_SOURCE	Manual verification required
RTE-000209	SOURCE_ROUTE_CANDIDATE	GET	plan	backend/app/ndsp_governance/decision_output_policy.py	748	221137c80f8cdd1cab56c3c764b2af4ead978dc36d91b89bf8c21a6619f52b71	"or request.query_params.get(""plan"")"	INFERRED_FROM_SOURCE	Manual verification required
RTE-000210	SOURCE_ROUTE_CANDIDATE	GET	governance	backend/app/ndsp_governance/decision_output_policy.py	819	221137c80f8cdd1cab56c3c764b2af4ead978dc36d91b89bf8c21a6619f52b71	"g = governed.get(""governance"")"	INFERRED_FROM_SOURCE	Manual verification required
RTE-000211	SOURCE_ROUTE_CANDIDATE	GET	allowed_public_outputs	backend/app/ndsp_governance/decision_output_policy.py	934	221137c80f8cdd1cab56c3c764b2af4ead978dc36d91b89bf8c21a6619f52b71	"if isinstance(governed.get(""allowed_public_outputs""), dict):"	INFERRED_FROM_SOURCE	Manual verification required
RTE-000212	SOURCE_ROUTE_CANDIDATE	GET	governance	backend/app/ndsp_governance/decision_output_policy.py	988	221137c80f8cdd1cab56c3c764b2af4ead978dc36d91b89bf8c21a6619f52b71	"gov = obj.get(""governance"")"	INFERRED_FROM_SOURCE	Manual verification required
RTE-000213	SOURCE_ROUTE_CANDIDATE	GET	allowed_public_outputs	backend/app/ndsp_governance/decision_output_policy.py	1087	221137c80f8cdd1cab56c3c764b2af4ead978dc36d91b89bf8c21a6619f52b71	"if isinstance(out.get(""allowed_public_outputs""), dict):"	INFERRED_FROM_SOURCE	Manual verification required
RTE-000214	SOURCE_ROUTE_CANDIDATE	GET	/api/ndsp/frontend-fields/probe	backend/app/ndsp_governance/frontend_fields_api.py	21	713bb4743bf0a0812493b83231ea67a658eddc10be6c5c26b31887b112739a1e	"@app.get(""/api/ndsp/frontend-fields/probe"")"	INFERRED_FROM_SOURCE	Manual verification required
RTE-000215	SOURCE_ROUTE_CANDIDATE	GET	NDSP_QUALITY_LIVE_UPSTREAM	backend/app/runtime/ndsp_quality_live_golden_wrapper.py	11	a90f2bcdb9425f90ca54aef7564e97c0b247df4fd34e79c2a9616f420a16eff6	"UPSTREAM = os.environ.get(""NDSP_QUALITY_LIVE_UPSTREAM"", ""http://127.0.0.1:9057"").rstrip(""/"")"	INFERRED_FROM_SOURCE	Manual verification required
RTE-000216	SOURCE_ROUTE_CANDIDATE	GET	NDSP_GOLDEN_WRAPPER_HOST	backend/app/runtime/ndsp_quality_live_golden_wrapper.py	12	a90f2bcdb9425f90ca54aef7564e97c0b247df4fd34e79c2a9616f420a16eff6	"HOST = os.environ.get(""NDSP_GOLDEN_WRAPPER_HOST"", ""127.0.0.1"")"	INFERRED_FROM_SOURCE	Manual verification required
RTE-000217	SOURCE_ROUTE_CANDIDATE	GET	NDSP_GOLDEN_WRAPPER_PORT	backend/app/runtime/ndsp_quality_live_golden_wrapper.py	13	a90f2bcdb9425f90ca54aef7564e97c0b247df4fd34e79c2a9616f420a16eff6	"PORT = int(os.environ.get(""NDSP_GOLDEN_WRAPPER_PORT"", ""9067""))"	INFERRED_FROM_SOURCE	Manual verification required
RTE-000218	SOURCE_ROUTE_CANDIDATE	GET	golden_signal	backend/app/runtime/ndsp_quality_live_golden_wrapper.py	127	a90f2bcdb9425f90ca54aef7564e97c0b247df4fd34e79c2a9616f420a16eff6	"runtime_signal = runtime.get(""golden_signal"", None)"	INFERRED_FROM_SOURCE	Manual verification required
RTE-000219	SOURCE_ROUTE_CANDIDATE	GET	golden_name	backend/app/runtime/ndsp_quality_live_golden_wrapper.py	188	a90f2bcdb9425f90ca54aef7564e97c0b247df4fd34e79c2a9616f420a16eff6	"""golden_name"": runtime.get(""golden_name"") or ""NDSP_GOLDEN_ALIGNMENT"","	INFERRED_FROM_SOURCE	Manual verification required
RTE-000220	SOURCE_ROUTE_CANDIDATE	GET	explainability	backend/app/runtime/ndsp_quality_live_golden_wrapper.py	216	a90f2bcdb9425f90ca54aef7564e97c0b247df4fd34e79c2a9616f420a16eff6	"explain = data.get(""explainability"")"	INFERRED_FROM_SOURCE	Manual verification required
RTE-000221	SOURCE_ROUTE_CANDIDATE	GET	public_explainability	backend/app/runtime/ndsp_quality_live_golden_wrapper.py	233	a90f2bcdb9425f90ca54aef7564e97c0b247df4fd34e79c2a9616f420a16eff6	"public_explainability = data.get(""public_explainability"")"	INFERRED_FROM_SOURCE	Manual verification required
RTE-000222	SOURCE_ROUTE_CANDIDATE	GET	Content-Type	backend/app/runtime/ndsp_quality_live_golden_wrapper.py	277	a90f2bcdb9425f90ca54aef7564e97c0b247df4fd34e79c2a9616f420a16eff6	"ctype = r.headers.get(""Content-Type"", ""application/json"")"	INFERRED_FROM_SOURCE	Manual verification required
RTE-000223	SOURCE_ROUTE_CANDIDATE	GET	Content-Type	backend/app/runtime/ndsp_quality_live_golden_wrapper.py	281	a90f2bcdb9425f90ca54aef7564e97c0b247df4fd34e79c2a9616f420a16eff6	"ctype = e.headers.get(""Content-Type"", ""application/json"")"	INFERRED_FROM_SOURCE	Manual verification required
RTE-000224	SOURCE_ROUTE_CANDIDATE	GET	symbol	backend/app/runtime/ndsp_quality_live_golden_wrapper.py	298	a90f2bcdb9425f90ca54aef7564e97c0b247df4fd34e79c2a9616f420a16eff6	"symbol = (qs.get(""symbol"") or qs.get(""asset"") or [""ETHUSDT""])[0]"	INFERRED_FROM_SOURCE	Manual verification required
RTE-000225	SOURCE_ROUTE_CANDIDATE	GET	decision	backend/app/services/execution_webhook_bridge.py	81	ee901b9efc467ec6666185c38132a8b5da7ed89670eea05027ef4e5d6fac4cf4	"decision = governed_payload.get(""decision"") or {}"	INFERRED_FROM_SOURCE	Manual verification required
RTE-000226	SOURCE_ROUTE_CANDIDATE	GET	states	backend/app/services/execution_webhook_bridge.py	82	ee901b9efc467ec6666185c38132a8b5da7ed89670eea05027ef4e5d6fac4cf4	"states = governed_payload.get(""states"") or {}"	INFERRED_FROM_SOURCE	Manual verification required
RTE-000227	SOURCE_ROUTE_CANDIDATE	GET	risk	backend/app/services/execution_webhook_bridge.py	83	ee901b9efc467ec6666185c38132a8b5da7ed89670eea05027ef4e5d6fac4cf4	"risk = governed_payload.get(""risk"") or {}"	INFERRED_FROM_SOURCE	Manual verification required
RTE-000228	SOURCE_ROUTE_CANDIDATE	GET	meta	backend/app/services/execution_webhook_bridge.py	84	ee901b9efc467ec6666185c38132a8b5da7ed89670eea05027ef4e5d6fac4cf4	"meta = governed_payload.get(""meta"") or {}"	INFERRED_FROM_SOURCE	Manual verification required
RTE-000229	SOURCE_ROUTE_CANDIDATE	GET	direction	backend/app/services/execution_webhook_bridge.py	86	ee901b9efc467ec6666185c38132a8b5da7ed89670eea05027ef4e5d6fac4cf4	"direction = decision.get(""direction"")"	INFERRED_FROM_SOURCE	Manual verification required
RTE-000230	SOURCE_ROUTE_CANDIDATE	GET	confidence	backend/app/services/execution_webhook_bridge.py	87	ee901b9efc467ec6666185c38132a8b5da7ed89670eea05027ef4e5d6fac4cf4	"confidence = float(decision.get(""confidence"") or 0)"	INFERRED_FROM_SOURCE	Manual verification required
RTE-000231	SOURCE_ROUTE_CANDIDATE	GET	system_state	backend/app/services/execution_webhook_bridge.py	98	ee901b9efc467ec6666185c38132a8b5da7ed89670eea05027ef4e5d6fac4cf4	"system_state = str(states.get(""system_state"") or """").lower()"	INFERRED_FROM_SOURCE	Manual verification required
RTE-000232	SOURCE_ROUTE_CANDIDATE	GET	risk_state	backend/app/services/execution_webhook_bridge.py	99	ee901b9efc467ec6666185c38132a8b5da7ed89670eea05027ef4e5d6fac4cf4	"risk_state = str(states.get(""risk_state"") or risk.get(""state"") or """").lower()"	INFERRED_FROM_SOURCE	Manual verification required
RTE-000233	SOURCE_ROUTE_CANDIDATE	GET	symbol	backend/app/services/execution_webhook_bridge.py	105	ee901b9efc467ec6666185c38132a8b5da7ed89670eea05027ef4e5d6fac4cf4	"symbol = _normalize_symbol(governed_payload.get(""symbol"") or meta.get(""symbol_id"") or ""BTCUSDT"")"	INFERRED_FROM_SOURCE	Manual verification required
RTE-000234	SOURCE_ROUTE_CANDIDATE	GET	request_id	backend/app/services/execution_webhook_bridge.py	106	ee901b9efc467ec6666185c38132a8b5da7ed89670eea05027ef4e5d6fac4cf4	"request_id = meta.get(""request_id"") or str(int(time.time()))"	INFERRED_FROM_SOURCE	Manual verification required
RTE-000235	SOURCE_ROUTE_CANDIDATE	GET	timestamp	backend/app/support_layers/backtest/backtest_engine.py	86	c7720804dc604851f92c042943493f005511aa49cd28e7d450835c5a8b6890df	"timestamp=raw.get(""timestamp"", raw.get(""open_time_utc"", ""unknown"")),"	INFERRED_FROM_SOURCE	Manual verification required
RTE-000236	SOURCE_ROUTE_CANDIDATE	GET	high	backend/app/support_layers/backtest/backtest_engine.py	88	c7720804dc604851f92c042943493f005511aa49cd28e7d450835c5a8b6890df	"high=float(raw[""high""]) if raw.get(""high"") is not None else None,"	INFERRED_FROM_SOURCE	Manual verification required
RTE-000237	SOURCE_ROUTE_CANDIDATE	GET	low	backend/app/support_layers/backtest/backtest_engine.py	89	c7720804dc604851f92c042943493f005511aa49cd28e7d450835c5a8b6890df	"low=float(raw[""low""]) if raw.get(""low"") is not None else None,"	INFERRED_FROM_SOURCE	Manual verification required
RTE-000238	SOURCE_ROUTE_CANDIDATE	GET	volume	backend/app/support_layers/backtest/backtest_engine.py	91	c7720804dc604851f92c042943493f005511aa49cd28e7d450835c5a8b6890df	"volume=float(raw[""volume""]) if raw.get(""volume"") is not None else None,"	INFERRED_FROM_SOURCE	Manual verification required
RTE-000239	SOURCE_ROUTE_CANDIDATE	GET	symbol	backend/app/support_layers/backtest/backtest_engine.py	92	c7720804dc604851f92c042943493f005511aa49cd28e7d450835c5a8b6890df	"symbol=str(raw.get(""symbol"", symbol)),"	INFERRED_FROM_SOURCE	Manual verification required
RTE-000240	SOURCE_ROUTE_CANDIDATE	GET	data_feed_stale	backend/app/support_layers/black_layer/__init__.py	150	bc34ed9a2af469e2c529e4f01b8eb32855826870fe9ab7faf51f91f359a0d383	"if _truthy(kwargs.get(""data_feed_stale"")):"	INFERRED_FROM_SOURCE	Manual verification required
RTE-000241	SOURCE_ROUTE_CANDIDATE	GET	session_closed	backend/app/support_layers/black_layer/__init__.py	153	bc34ed9a2af469e2c529e4f01b8eb32855826870fe9ab7faf51f91f359a0d383	"if _truthy(kwargs.get(""session_closed"")):"	INFERRED_FROM_SOURCE	Manual verification required
RTE-000242	SOURCE_ROUTE_CANDIDATE	GET	flash_crash_signature	backend/app/support_layers/black_layer/__init__.py	156	bc34ed9a2af469e2c529e4f01b8eb32855826870fe9ab7faf51f91f359a0d383	"if _truthy(kwargs.get(""flash_crash_signature"")):"	INFERRED_FROM_SOURCE	Manual verification required
RTE-000243	SOURCE_ROUTE_CANDIDATE	GET	macro_news_embargo	backend/app/support_layers/black_layer/__init__.py	159	bc34ed9a2af469e2c529e4f01b8eb32855826870fe9ab7faf51f91f359a0d383	"if _truthy(kwargs.get(""macro_news_embargo"")):"	INFERRED_FROM_SOURCE	Manual verification required
RTE-000244	SOURCE_ROUTE_CANDIDATE	GET	state	backend/app/support_layers/black_layer/__init__.py	173	bc34ed9a2af469e2c529e4f01b8eb32855826870fe9ab7faf51f91f359a0d383	"raw = value.get(""state"") or value.get(""risk_state"") or value.get(""status"") or value.get(""signal"")"	INFERRED_FROM_SOURCE	Manual verification required
RTE-000245	SOURCE_ROUTE_CANDIDATE	GET	detected_anomalies	backend/app/support_layers/black_layer/__init__.py	206	bc34ed9a2af469e2c529e4f01b8eb32855826870fe9ab7faf51f91f359a0d383	"return BlackLayerEvaluator.evaluate_by_triggers(kwargs.get(""detected_anomalies""))"	INFERRED_FROM_SOURCE	Manual verification required
RTE-000246	SOURCE_ROUTE_CANDIDATE	GET	severity	backend/app/support_layers/black_layer/black_layer_engine.py	252	5f723e269c04140b6f53897adef3b1a79366a69ec82355c62e38757fcb494893	"severity = str(state.get(""severity"", ""CLEAR"")).upper()"	INFERRED_FROM_SOURCE	Manual verification required
RTE-000247	SOURCE_ROUTE_CANDIDATE	GET	asset_class	backend/app/support_layers/cot/cot_engine.py	82	2daad9ef23b669af23e08be9058465f8b5176c4cd27d625361db11eca6a5c7dd	"""asset_class"": snapshot.metadata.get(""asset_class""),"	INFERRED_FROM_SOURCE	Manual verification required
RTE-000248	SOURCE_ROUTE_CANDIDATE	GET	long	backend/app/support_layers/cot/cot_storage.py	74	7dd89dc532adb630bf9f791e52e49d22b70ce6f3e63128b238c37524342c7d30	"""long"": float(p.get(""long"", 0.0)),"	INFERRED_FROM_SOURCE	Manual verification required
RTE-000249	SOURCE_ROUTE_CANDIDATE	GET	short	backend/app/support_layers/cot/cot_storage.py	75	7dd89dc532adb630bf9f791e52e49d22b70ce6f3e63128b238c37524342c7d30	"""short"": float(p.get(""short"", 0.0)),"	INFERRED_FROM_SOURCE	Manual verification required
RTE-000250	SOURCE_ROUTE_CANDIDATE	GET	long	backend/app/support_layers/cot/cot_storage.py	76	7dd89dc532adb630bf9f791e52e49d22b70ce6f3e63128b238c37524342c7d30	"""net"": float(p.get(""long"", 0.0)) - float(p.get(""short"", 0.0)),"	INFERRED_FROM_SOURCE	Manual verification required
RTE-000251	SOURCE_ROUTE_CANDIDATE	GET	manual_override	backend/app/support_layers/cot/cot_storage.py	105	7dd89dc532adb630bf9f791e52e49d22b70ce6f3e63128b238c37524342c7d30	"manual = data.get(""manual_override"", {}).get(normalized)"	INFERRED_FROM_SOURCE	Manual verification required
RTE-000252	SOURCE_ROUTE_CANDIDATE	GET	auto_cftc	backend/app/support_layers/cot/cot_storage.py	111	7dd89dc532adb630bf9f791e52e49d22b70ce6f3e63128b238c37524342c7d30	"auto = data.get(""auto_cftc"", {}).get(normalized)"	INFERRED_FROM_SOURCE	Manual verification required
RTE-000253	SOURCE_ROUTE_CANDIDATE	GET	manual_override	backend/app/support_layers/cot/cot_storage.py	129	7dd89dc532adb630bf9f791e52e49d22b70ce6f3e63128b238c37524342c7d30	"if normalized in data.get(""manual_override"", {}):"	INFERRED_FROM_SOURCE	Manual verification required
RTE-000254	SOURCE_ROUTE_CANDIDATE	GET	long	backend/app/support_layers/cot/cot_storage.py	140	7dd89dc532adb630bf9f791e52e49d22b70ce6f3e63128b238c37524342c7d30	"long=float(p.get(""long"", 0.0)),"	INFERRED_FROM_SOURCE	Manual verification required
RTE-000255	SOURCE_ROUTE_CANDIDATE	GET	short	backend/app/support_layers/cot/cot_storage.py	141	7dd89dc532adb630bf9f791e52e49d22b70ce6f3e63128b238c37524342c7d30	"short=float(p.get(""short"", 0.0)),"	INFERRED_FROM_SOURCE	Manual verification required
RTE-000256	SOURCE_ROUTE_CANDIDATE	GET	positions	backend/app/support_layers/cot/cot_storage.py	143	7dd89dc532adb630bf9f791e52e49d22b70ce6f3e63128b238c37524342c7d30	"for p in record.get(""positions"", [])"	INFERRED_FROM_SOURCE	Manual verification required
RTE-000257	SOURCE_ROUTE_CANDIDATE	GET	active_source	backend/app/support_layers/cot/cot_storage.py	153	7dd89dc532adb630bf9f791e52e49d22b70ce6f3e63128b238c37524342c7d30	"source=record.get(""active_source"", record.get(""source_type"", ""unknown"")),"	INFERRED_FROM_SOURCE	Manual verification required
RTE-000258	SOURCE_ROUTE_CANDIDATE	GET	asset_class	backend/app/support_layers/cot/cot_storage.py	155	7dd89dc532adb630bf9f791e52e49d22b70ce6f3e63128b238c37524342c7d30	"""asset_class"": record.get(""asset_class""),"	INFERRED_FROM_SOURCE	Manual verification required
RTE-000259	SOURCE_ROUTE_CANDIDATE	GET	source	backend/app/support_layers/cot/cot_storage.py	156	7dd89dc532adb630bf9f791e52e49d22b70ce6f3e63128b238c37524342c7d30	"""source"": record.get(""source""),"	INFERRED_FROM_SOURCE	Manual verification required
RTE-000260	SOURCE_ROUTE_CANDIDATE	GET	source_type	backend/app/support_layers/cot/cot_storage.py	157	7dd89dc532adb630bf9f791e52e49d22b70ce6f3e63128b238c37524342c7d30	"""source_type"": record.get(""source_type""),"	INFERRED_FROM_SOURCE	Manual verification required
RTE-000261	SOURCE_ROUTE_CANDIDATE	GET	active_source	backend/app/support_layers/cot/cot_storage.py	158	7dd89dc532adb630bf9f791e52e49d22b70ce6f3e63128b238c37524342c7d30	"""active_source"": record.get(""active_source""),"	INFERRED_FROM_SOURCE	Manual verification required
RTE-000262	SOURCE_ROUTE_CANDIDATE	GET	long	backend/app/support_layers/cot/manual_cot_provider.py	29	33ba87c07c87cf0e3943b16f8347eac61ba51b420bb6d13c33bc1a7bed05445c	"long=float(p.get(""long"", 0.0)),"	INFERRED_FROM_SOURCE	Manual verification required
RTE-000263	SOURCE_ROUTE_CANDIDATE	GET	short	backend/app/support_layers/cot/manual_cot_provider.py	30	33ba87c07c87cf0e3943b16f8347eac61ba51b420bb6d13c33bc1a7bed05445c	"short=float(p.get(""short"", 0.0)),"	INFERRED_FROM_SOURCE	Manual verification required
RTE-000264	SOURCE_ROUTE_CANDIDATE	GET	symbol	backend/app/support_layers/delivery/ndsp_delivery_interfaces.py	67	d0c154ed308dda8cb09876dccb5b78752441629e62ad063c08779714cab00c7a	"symbol = _clean_text(alert.get(""symbol"") or ""SYSTEM"")"	INFERRED_FROM_SOURCE	Manual verification required
RTE-000265	SOURCE_ROUTE_CANDIDATE	GET	severity	backend/app/support_layers/delivery/ndsp_delivery_interfaces.py	68	d0c154ed308dda8cb09876dccb5b78752441629e62ad063c08779714cab00c7a	"severity = _clean_text(alert.get(""severity"") or ""info"")"	INFERRED_FROM_SOURCE	Manual verification required
RTE-000266	SOURCE_ROUTE_CANDIDATE	GET	title	backend/app/support_layers/delivery/ndsp_delivery_interfaces.py	69	d0c154ed308dda8cb09876dccb5b78752441629e62ad063c08779714cab00c7a	"title = _clean_text(alert.get(""title"") or ""NDSP Alert"")"	INFERRED_FROM_SOURCE	Manual verification required
RTE-000267	SOURCE_ROUTE_CANDIDATE	GET	message	backend/app/support_layers/delivery/ndsp_delivery_interfaces.py	70	d0c154ed308dda8cb09876dccb5b78752441629e62ad063c08779714cab00c7a	"message = _clean_text(alert.get(""message"") or ""Governed alert update."")"	INFERRED_FROM_SOURCE	Manual verification required
RTE-000268	SOURCE_ROUTE_CANDIDATE	GET	context	backend/app/support_layers/delivery/ndsp_delivery_interfaces.py	71	d0c154ed308dda8cb09876dccb5b78752441629e62ad063c08779714cab00c7a	"context = _clean_text(alert.get(""context"") or ""Decision Active / Execution Sanitized"")"	INFERRED_FROM_SOURCE	Manual verification required
RTE-000269	SOURCE_ROUTE_CANDIDATE	GET	timestamp	backend/app/support_layers/delivery/ndsp_delivery_interfaces.py	72	d0c154ed308dda8cb09876dccb5b78752441629e62ad063c08779714cab00c7a	"timestamp = _clean_text(alert.get(""timestamp"") or """")"	INFERRED_FROM_SOURCE	Manual verification required
RTE-000270	SOURCE_ROUTE_CANDIDATE	GET	ok	backend/app/support_layers/delivery/ndsp_delivery_interfaces.py	153	d0c154ed308dda8cb09876dccb5b78752441629e62ad063c08779714cab00c7a	"""ok"": bool(result.get(""ok"")),"	INFERRED_FROM_SOURCE	Manual verification required
RTE-000271	SOURCE_ROUTE_CANDIDATE	GET	ok	backend/app/support_layers/delivery/ndsp_delivery_interfaces.py	154	d0c154ed308dda8cb09876dccb5b78752441629e62ad063c08779714cab00c7a	"""status"": ""sent"" if result.get(""ok"") else ""failed"","	INFERRED_FROM_SOURCE	Manual verification required
RTE-000272	SOURCE_ROUTE_CANDIDATE	GET	status_code	backend/app/support_layers/delivery/ndsp_delivery_interfaces.py	156	d0c154ed308dda8cb09876dccb5b78752441629e62ad063c08779714cab00c7a	"""status_code"": result.get(""status_code""),"	INFERRED_FROM_SOURCE	Manual verification required
RTE-000273	SOURCE_ROUTE_CANDIDATE	GET	title	backend/app/support_layers/delivery/ndsp_delivery_interfaces.py	175	d0c154ed308dda8cb09876dccb5b78752441629e62ad063c08779714cab00c7a	"msg[""Subject""] = _clean_text(alert.get(""title"") or ""NDSP Alert"")"	INFERRED_FROM_SOURCE	Manual verification required
RTE-000274	SOURCE_ROUTE_CANDIDATE	GET	title	backend/app/support_layers/delivery/ndsp_delivery_interfaces.py	210	d0c154ed308dda8cb09876dccb5b78752441629e62ad063c08779714cab00c7a	"""title"": _clean_text(alert.get(""title"") or ""NDSP Alert""),"	INFERRED_FROM_SOURCE	Manual verification required
RTE-000275	SOURCE_ROUTE_CANDIDATE	GET	message	backend/app/support_layers/delivery/ndsp_delivery_interfaces.py	211	d0c154ed308dda8cb09876dccb5b78752441629e62ad063c08779714cab00c7a	"""message"": _clean_text(alert.get(""message"") or ""Governed alert update.""),"	INFERRED_FROM_SOURCE	Manual verification required
RTE-000276	SOURCE_ROUTE_CANDIDATE	GET	symbol	backend/app/support_layers/delivery/ndsp_delivery_interfaces.py	212	d0c154ed308dda8cb09876dccb5b78752441629e62ad063c08779714cab00c7a	"""symbol"": _clean_text(alert.get(""symbol"") or ""SYSTEM""),"	INFERRED_FROM_SOURCE	Manual verification required
RTE-000277	SOURCE_ROUTE_CANDIDATE	GET	severity	backend/app/support_layers/delivery/ndsp_delivery_interfaces.py	213	d0c154ed308dda8cb09876dccb5b78752441629e62ad063c08779714cab00c7a	"""severity"": _clean_text(alert.get(""severity"") or ""info""),"	INFERRED_FROM_SOURCE	Manual verification required
RTE-000278	SOURCE_ROUTE_CANDIDATE	GET	context	backend/app/support_layers/delivery/ndsp_delivery_interfaces.py	214	d0c154ed308dda8cb09876dccb5b78752441629e62ad063c08779714cab00c7a	"""context"": _clean_text(alert.get(""context"") or ""Decision Active / Execution Sanitized""),"	INFERRED_FROM_SOURCE	Manual verification required
RTE-000279	SOURCE_ROUTE_CANDIDATE	GET	ok	backend/app/support_layers/delivery/ndsp_delivery_interfaces.py	220	d0c154ed308dda8cb09876dccb5b78752441629e62ad063c08779714cab00c7a	"""ok"": bool(result.get(""ok"")),"	INFERRED_FROM_SOURCE	Manual verification required
RTE-000280	SOURCE_ROUTE_CANDIDATE	GET	ok	backend/app/support_layers/delivery/ndsp_delivery_interfaces.py	221	d0c154ed308dda8cb09876dccb5b78752441629e62ad063c08779714cab00c7a	"""status"": ""sent"" if result.get(""ok"") else ""failed"","	INFERRED_FROM_SOURCE	Manual verification required
RTE-000281	SOURCE_ROUTE_CANDIDATE	GET	status_code	backend/app/support_layers/delivery/ndsp_delivery_interfaces.py	223	d0c154ed308dda8cb09876dccb5b78752441629e62ad063c08779714cab00c7a	"""status_code"": result.get(""status_code""),"	INFERRED_FROM_SOURCE	Manual verification required
RTE-000282	SOURCE_ROUTE_CANDIDATE	GET	channels	backend/app/support_layers/delivery/ndsp_delivery_interfaces.py	229	d0c154ed308dda8cb09876dccb5b78752441629e62ad063c08779714cab00c7a	"channels: List[str] = alert.get(""channels"") or [""portal""]"	INFERRED_FROM_SOURCE	Manual verification required
RTE-000283	SOURCE_ROUTE_CANDIDATE	GET	enabled	backend/app/support_layers/delivery/ndsp_delivery_settings.py	42	7297853286e4ce00680e2903ff5a5796d3ef13d86fa59de38d2b2658dc8f2a09	"""enabled"": bool(value.get(""enabled"", False))"	INFERRED_FROM_SOURCE	Manual verification required
RTE-000284	SOURCE_ROUTE_CANDIDATE	GET	enabled	backend/app/support_layers/delivery/ndsp_delivery_settings.py	55	7297853286e4ce00680e2903ff5a5796d3ef13d86fa59de38d2b2658dc8f2a09	"""enabled"": bool(value.get(""enabled"", False))"	INFERRED_FROM_SOURCE	Manual verification required
RTE-000285	SOURCE_ROUTE_CANDIDATE	GET	enabled	backend/app/support_layers/delivery/ndsp_delivery_settings.py	74	7297853286e4ce00680e2903ff5a5796d3ef13d86fa59de38d2b2658dc8f2a09	"return bool(settings[channel].get(""enabled"", False))"	INFERRED_FROM_SOURCE	Manual verification required
RTE-000286	SOURCE_ROUTE_CANDIDATE	GET	decision	backend/app/support_layers/scenario/scenario_engine.py	97	8ef29aa4f4b074a36d50665196b30feaa6fd7e89203cb6be5b57457da049c88c	"decision = dict(final_decision.get(""decision"", {}) or {})"	INFERRED_FROM_SOURCE	Manual verification required
RTE-000287	SOURCE_ROUTE_CANDIDATE	GET	direction	backend/app/support_layers/scenario/scenario_engine.py	99	8ef29aa4f4b074a36d50665196b30feaa6fd7e89203cb6be5b57457da049c88c	"direction = str(decision.get(""direction"", ""neutral"")).lower()"	INFERRED_FROM_SOURCE	Manual verification required
RTE-000288	SOURCE_ROUTE_CANDIDATE	GET	confidence	backend/app/support_layers/scenario/scenario_engine.py	103	8ef29aa4f4b074a36d50665196b30feaa6fd7e89203cb6be5b57457da049c88c	"confidence = self._safe_number(decision.get(""confidence"", 0), default=0)"	INFERRED_FROM_SOURCE	Manual verification required
RTE-000289	SOURCE_ROUTE_CANDIDATE	GET	grade	backend/app/support_layers/scenario/scenario_engine.py	104	8ef29aa4f4b074a36d50665196b30feaa6fd7e89203cb6be5b57457da049c88c	"grade = str(decision.get(""grade"", ""N/A""))"	INFERRED_FROM_SOURCE	Manual verification required
RTE-000290	SOURCE_ROUTE_CANDIDATE	GET	risk_state	backend/app/support_layers/scenario/scenario_engine.py	105	8ef29aa4f4b074a36d50665196b30feaa6fd7e89203cb6be5b57457da049c88c	"risk_state = str(decision.get(""risk_state"", ""normal""))"	INFERRED_FROM_SOURCE	Manual verification required
RTE-000291	SOURCE_ROUTE_CANDIDATE	GET	decision_state	backend/app/support_layers/scenario/scenario_engine.py	106	8ef29aa4f4b074a36d50665196b30feaa6fd7e89203cb6be5b57457da049c88c	"decision_state = str(decision.get(""decision_state"", ""review""))"	INFERRED_FROM_SOURCE	Manual verification required
RTE-000292	SOURCE_ROUTE_CANDIDATE	GET	execution_allowed	backend/app/support_layers/scenario/scenario_engine.py	107	8ef29aa4f4b074a36d50665196b30feaa6fd7e89203cb6be5b57457da049c88c	"execution_allowed = bool(decision.get(""execution_allowed"", False))"	INFERRED_FROM_SOURCE	Manual verification required
RTE-000293	SOURCE_ROUTE_CANDIDATE	GET	timing_controller	backend/app/support_layers/scenario/scenario_engine.py	108	8ef29aa4f4b074a36d50665196b30feaa6fd7e89203cb6be5b57457da049c88c	"timing_controller = str(decision.get(""timing_controller"", ""market_context""))"	INFERRED_FROM_SOURCE	Manual verification required
RTE-000294	SOURCE_ROUTE_CANDIDATE	GET	decision	backend/app/support_layers/scenario/scenario_engine.py	191	8ef29aa4f4b074a36d50665196b30feaa6fd7e89203cb6be5b57457da049c88c	"before_decision = dict(before.get(""decision"", {}) or {})"	INFERRED_FROM_SOURCE	Manual verification required
RTE-000295	SOURCE_ROUTE_CANDIDATE	GET	decision	backend/app/support_layers/scenario/scenario_engine.py	192	8ef29aa4f4b074a36d50665196b30feaa6fd7e89203cb6be5b57457da049c88c	"after_decision = dict(after.get(""decision"", {}) or {})"	INFERRED_FROM_SOURCE	Manual verification required
RTE-000296	SOURCE_ROUTE_CANDIDATE	GET	/health	backend/architecture/reports/DEV-008A-CDS-SNAPSHOT-20260628_055957.md	134	49b6ec952dc5728b6d424c084a9c7f7a3a8b59b64be9f41112302f573d20593b	/home/nawaf511/empire-core-new/backend/services/completed_decision/main.cjs:154:app.get('/health', async (_req, res) => {	DOCUMENTATION_ONLY	Manual verification required
RTE-000297	SOURCE_ROUTE_CANDIDATE	GET	/api/completed	backend/architecture/reports/DEV-008A-CDS-SNAPSHOT-20260628_055957.md	135	49b6ec952dc5728b6d424c084a9c7f7a3a8b59b64be9f41112302f573d20593b	/home/nawaf511/empire-core-new/backend/services/completed_decision/main.cjs:174:app.get('/api/completed', async (req, res) => {	DOCUMENTATION_ONLY	Manual verification required
RTE-000298	SOURCE_ROUTE_CANDIDATE	GET	/api/completed/latest	backend/architecture/reports/DEV-008A-CDS-SNAPSHOT-20260628_055957.md	136	49b6ec952dc5728b6d424c084a9c7f7a3a8b59b64be9f41112302f573d20593b	/home/nawaf511/empire-core-new/backend/services/completed_decision/main.cjs:204:app.get('/api/completed/latest', async (_req, res) => {	DOCUMENTATION_ONLY	Manual verification required
RTE-000299	SOURCE_ROUTE_CANDIDATE	GET	/api/completed/:symbol	backend/architecture/reports/DEV-008A-CDS-SNAPSHOT-20260628_055957.md	137	49b6ec952dc5728b6d424c084a9c7f7a3a8b59b64be9f41112302f573d20593b	/home/nawaf511/empire-core-new/backend/services/completed_decision/main.cjs:219:app.get('/api/completed/:symbol', async (req, res) => {	DOCUMENTATION_ONLY	Manual verification required
RTE-000300	SOURCE_ROUTE_CANDIDATE	GET	/api/completed/id/:decision_id	backend/architecture/reports/DEV-008A-CDS-SNAPSHOT-20260628_055957.md	138	49b6ec952dc5728b6d424c084a9c7f7a3a8b59b64be9f41112302f573d20593b	/home/nawaf511/empire-core-new/backend/services/completed_decision/main.cjs:237:app.get('/api/completed/id/:decision_id', async (req, res) => {	DOCUMENTATION_ONLY	Manual verification required
RTE-000301	SOURCE_ROUTE_CANDIDATE	GET	/api/completed/id/:decision_id/timeline	backend/architecture/reports/DEV-008A-CDS-SNAPSHOT-20260628_055957.md	139	49b6ec952dc5728b6d424c084a9c7f7a3a8b59b64be9f41112302f573d20593b	/home/nawaf511/empire-core-new/backend/services/completed_decision/main.cjs:248:app.get('/api/completed/id/:decision_id/timeline', async (req, res) => {	DOCUMENTATION_ONLY	Manual verification required
RTE-000302	SOURCE_ROUTE_CANDIDATE	POST	/api/completed/ingest	backend/architecture/reports/DEV-008A-CDS-SNAPSHOT-20260628_055957.md	140	49b6ec952dc5728b6d424c084a9c7f7a3a8b59b64be9f41112302f573d20593b	/home/nawaf511/empire-core-new/backend/services/completed_decision/main.cjs:264:app.post('/api/completed/ingest', async (req, res) => {	DOCUMENTATION_ONLY	Manual verification required
RTE-000303	SOURCE_ROUTE_CANDIDATE	POST	/api/completed/:decision_id/publish	backend/architecture/reports/DEV-008A-CDS-SNAPSHOT-20260628_055957.md	142	49b6ec952dc5728b6d424c084a9c7f7a3a8b59b64be9f41112302f573d20593b	/home/nawaf511/empire-core-new/backend/services/completed_decision/main.cjs:381:app.post('/api/completed/:decision_id/publish', async (req, res) => {	DOCUMENTATION_ONLY	Manual verification required
RTE-000304	SOURCE_ROUTE_CANDIDATE	GET	/health	backend/architecture/reports/DEV-008A-CDS-SNAPSHOT-20260628_060255.md	134	00dc21d0eae552016d04cd790f4549a9205e7edc339055f5ca17b5daca456ee9	/home/nawaf511/empire-core-new/backend/services/completed_decision/main.cjs:154:app.get('/health', async (_req, res) => {	DOCUMENTATION_ONLY	Manual verification required
RTE-000305	SOURCE_ROUTE_CANDIDATE	GET	/api/completed	backend/architecture/reports/DEV-008A-CDS-SNAPSHOT-20260628_060255.md	135	00dc21d0eae552016d04cd790f4549a9205e7edc339055f5ca17b5daca456ee9	/home/nawaf511/empire-core-new/backend/services/completed_decision/main.cjs:174:app.get('/api/completed', async (req, res) => {	DOCUMENTATION_ONLY	Manual verification required
RTE-000306	SOURCE_ROUTE_CANDIDATE	GET	/api/completed/latest	backend/architecture/reports/DEV-008A-CDS-SNAPSHOT-20260628_060255.md	136	00dc21d0eae552016d04cd790f4549a9205e7edc339055f5ca17b5daca456ee9	/home/nawaf511/empire-core-new/backend/services/completed_decision/main.cjs:204:app.get('/api/completed/latest', async (_req, res) => {	DOCUMENTATION_ONLY	Manual verification required
RTE-000307	SOURCE_ROUTE_CANDIDATE	GET	/api/completed/:symbol	backend/architecture/reports/DEV-008A-CDS-SNAPSHOT-20260628_060255.md	137	00dc21d0eae552016d04cd790f4549a9205e7edc339055f5ca17b5daca456ee9	/home/nawaf511/empire-core-new/backend/services/completed_decision/main.cjs:219:app.get('/api/completed/:symbol', async (req, res) => {	DOCUMENTATION_ONLY	Manual verification required
RTE-000308	SOURCE_ROUTE_CANDIDATE	GET	/api/completed/id/:decision_id	backend/architecture/reports/DEV-008A-CDS-SNAPSHOT-20260628_060255.md	138	00dc21d0eae552016d04cd790f4549a9205e7edc339055f5ca17b5daca456ee9	/home/nawaf511/empire-core-new/backend/services/completed_decision/main.cjs:237:app.get('/api/completed/id/:decision_id', async (req, res) => {	DOCUMENTATION_ONLY	Manual verification required
RTE-000309	SOURCE_ROUTE_CANDIDATE	GET	/api/completed/id/:decision_id/timeline	backend/architecture/reports/DEV-008A-CDS-SNAPSHOT-20260628_060255.md	139	00dc21d0eae552016d04cd790f4549a9205e7edc339055f5ca17b5daca456ee9	/home/nawaf511/empire-core-new/backend/services/completed_decision/main.cjs:248:app.get('/api/completed/id/:decision_id/timeline', async (req, res) => {	DOCUMENTATION_ONLY	Manual verification required
RTE-000310	SOURCE_ROUTE_CANDIDATE	POST	/api/completed/ingest	backend/architecture/reports/DEV-008A-CDS-SNAPSHOT-20260628_060255.md	140	00dc21d0eae552016d04cd790f4549a9205e7edc339055f5ca17b5daca456ee9	/home/nawaf511/empire-core-new/backend/services/completed_decision/main.cjs:264:app.post('/api/completed/ingest', async (req, res) => {	DOCUMENTATION_ONLY	Manual verification required
RTE-000311	SOURCE_ROUTE_CANDIDATE	POST	/api/completed/:decision_id/publish	backend/architecture/reports/DEV-008A-CDS-SNAPSHOT-20260628_060255.md	142	00dc21d0eae552016d04cd790f4549a9205e7edc339055f5ca17b5daca456ee9	/home/nawaf511/empire-core-new/backend/services/completed_decision/main.cjs:381:app.post('/api/completed/:decision_id/publish', async (req, res) => {	DOCUMENTATION_ONLY	Manual verification required
RTE-000312	SOURCE_ROUTE_CANDIDATE	GET	/health	backend/architecture/reports/DEV-008A-CDS-SNAPSHOT-20260628_060614.md	134	f077288456c513514565c21e5c328a3ee970a6cbf9488932d0f8434846b9a003	/home/nawaf511/empire-core-new/backend/services/completed_decision/main.cjs:154:app.get('/health', async (_req, res) => {	DOCUMENTATION_ONLY	Manual verification required
RTE-000313	SOURCE_ROUTE_CANDIDATE	GET	/api/completed	backend/architecture/reports/DEV-008A-CDS-SNAPSHOT-20260628_060614.md	135	f077288456c513514565c21e5c328a3ee970a6cbf9488932d0f8434846b9a003	/home/nawaf511/empire-core-new/backend/services/completed_decision/main.cjs:174:app.get('/api/completed', async (req, res) => {	DOCUMENTATION_ONLY	Manual verification required
RTE-000314	SOURCE_ROUTE_CANDIDATE	GET	/api/completed/latest	backend/architecture/reports/DEV-008A-CDS-SNAPSHOT-20260628_060614.md	136	f077288456c513514565c21e5c328a3ee970a6cbf9488932d0f8434846b9a003	/home/nawaf511/empire-core-new/backend/services/completed_decision/main.cjs:204:app.get('/api/completed/latest', async (_req, res) => {	DOCUMENTATION_ONLY	Manual verification required
RTE-000315	SOURCE_ROUTE_CANDIDATE	GET	/api/completed/:symbol	backend/architecture/reports/DEV-008A-CDS-SNAPSHOT-20260628_060614.md	137	f077288456c513514565c21e5c328a3ee970a6cbf9488932d0f8434846b9a003	/home/nawaf511/empire-core-new/backend/services/completed_decision/main.cjs:219:app.get('/api/completed/:symbol', async (req, res) => {	DOCUMENTATION_ONLY	Manual verification required
RTE-000316	SOURCE_ROUTE_CANDIDATE	GET	/api/completed/id/:decision_id	backend/architecture/reports/DEV-008A-CDS-SNAPSHOT-20260628_060614.md	138	f077288456c513514565c21e5c328a3ee970a6cbf9488932d0f8434846b9a003	/home/nawaf511/empire-core-new/backend/services/completed_decision/main.cjs:237:app.get('/api/completed/id/:decision_id', async (req, res) => {	DOCUMENTATION_ONLY	Manual verification required
RTE-000317	SOURCE_ROUTE_CANDIDATE	GET	/api/completed/id/:decision_id/timeline	backend/architecture/reports/DEV-008A-CDS-SNAPSHOT-20260628_060614.md	139	f077288456c513514565c21e5c328a3ee970a6cbf9488932d0f8434846b9a003	/home/nawaf511/empire-core-new/backend/services/completed_decision/main.cjs:248:app.get('/api/completed/id/:decision_id/timeline', async (req, res) => {	DOCUMENTATION_ONLY	Manual verification required
RTE-000318	SOURCE_ROUTE_CANDIDATE	POST	/api/completed/ingest	backend/architecture/reports/DEV-008A-CDS-SNAPSHOT-20260628_060614.md	140	f077288456c513514565c21e5c328a3ee970a6cbf9488932d0f8434846b9a003	/home/nawaf511/empire-core-new/backend/services/completed_decision/main.cjs:264:app.post('/api/completed/ingest', async (req, res) => {	DOCUMENTATION_ONLY	Manual verification required
RTE-000319	SOURCE_ROUTE_CANDIDATE	POST	/api/completed/:decision_id/publish	backend/architecture/reports/DEV-008A-CDS-SNAPSHOT-20260628_060614.md	142	f077288456c513514565c21e5c328a3ee970a6cbf9488932d0f8434846b9a003	/home/nawaf511/empire-core-new/backend/services/completed_decision/main.cjs:381:app.post('/api/completed/:decision_id/publish', async (req, res) => {	DOCUMENTATION_ONLY	Manual verification required
RTE-000320	SOURCE_ROUTE_CANDIDATE	GET	/health	backend/architecture/reports/DEV-008A-CDS-SNAPSHOT-20260628_060917.md	134	a84a0146e4ba2b323348086b4a34c3d424195a10fe16dedebe67df1b303b15f9	/home/nawaf511/empire-core-new/backend/services/completed_decision/main.cjs:154:app.get('/health', async (_req, res) => {	DOCUMENTATION_ONLY	Manual verification required
RTE-000321	SOURCE_ROUTE_CANDIDATE	GET	/api/completed	backend/architecture/reports/DEV-008A-CDS-SNAPSHOT-20260628_060917.md	135	a84a0146e4ba2b323348086b4a34c3d424195a10fe16dedebe67df1b303b15f9	/home/nawaf511/empire-core-new/backend/services/completed_decision/main.cjs:174:app.get('/api/completed', async (req, res) => {	DOCUMENTATION_ONLY	Manual verification required
RTE-000322	SOURCE_ROUTE_CANDIDATE	GET	/api/completed/latest	backend/architecture/reports/DEV-008A-CDS-SNAPSHOT-20260628_060917.md	136	a84a0146e4ba2b323348086b4a34c3d424195a10fe16dedebe67df1b303b15f9	/home/nawaf511/empire-core-new/backend/services/completed_decision/main.cjs:204:app.get('/api/completed/latest', async (_req, res) => {	DOCUMENTATION_ONLY	Manual verification required
RTE-000323	SOURCE_ROUTE_CANDIDATE	GET	/api/completed/:symbol	backend/architecture/reports/DEV-008A-CDS-SNAPSHOT-20260628_060917.md	137	a84a0146e4ba2b323348086b4a34c3d424195a10fe16dedebe67df1b303b15f9	/home/nawaf511/empire-core-new/backend/services/completed_decision/main.cjs:219:app.get('/api/completed/:symbol', async (req, res) => {	DOCUMENTATION_ONLY	Manual verification required
RTE-000324	SOURCE_ROUTE_CANDIDATE	GET	/api/completed/id/:decision_id	backend/architecture/reports/DEV-008A-CDS-SNAPSHOT-20260628_060917.md	138	a84a0146e4ba2b323348086b4a34c3d424195a10fe16dedebe67df1b303b15f9	/home/nawaf511/empire-core-new/backend/services/completed_decision/main.cjs:237:app.get('/api/completed/id/:decision_id', async (req, res) => {	DOCUMENTATION_ONLY	Manual verification required
RTE-000325	SOURCE_ROUTE_CANDIDATE	GET	/api/completed/id/:decision_id/timeline	backend/architecture/reports/DEV-008A-CDS-SNAPSHOT-20260628_060917.md	139	a84a0146e4ba2b323348086b4a34c3d424195a10fe16dedebe67df1b303b15f9	/home/nawaf511/empire-core-new/backend/services/completed_decision/main.cjs:248:app.get('/api/completed/id/:decision_id/timeline', async (req, res) => {	DOCUMENTATION_ONLY	Manual verification required
RTE-000326	SOURCE_ROUTE_CANDIDATE	POST	/api/completed/ingest	backend/architecture/reports/DEV-008A-CDS-SNAPSHOT-20260628_060917.md	140	a84a0146e4ba2b323348086b4a34c3d424195a10fe16dedebe67df1b303b15f9	/home/nawaf511/empire-core-new/backend/services/completed_decision/main.cjs:264:app.post('/api/completed/ingest', async (req, res) => {	DOCUMENTATION_ONLY	Manual verification required
RTE-000327	SOURCE_ROUTE_CANDIDATE	POST	/api/completed/:decision_id/publish	backend/architecture/reports/DEV-008A-CDS-SNAPSHOT-20260628_060917.md	142	a84a0146e4ba2b323348086b4a34c3d424195a10fe16dedebe67df1b303b15f9	/home/nawaf511/empire-core-new/backend/services/completed_decision/main.cjs:381:app.post('/api/completed/:decision_id/publish', async (req, res) => {	DOCUMENTATION_ONLY	Manual verification required
RTE-000328	SOURCE_ROUTE_CANDIDATE	GET	/health	backend/architecture/reports/DEV-008A-CDS-SNAPSHOT-20260628_061140.md	130	ccf0f41d6406ca6d60858ba08f6119cade7879182f6f827d8808c4188c2cd661	/home/nawaf511/empire-core-new/backend/services/completed_decision/main.cjs:154:app.get('/health', async (_req, res) => {	DOCUMENTATION_ONLY	Manual verification required
RTE-000329	SOURCE_ROUTE_CANDIDATE	GET	/api/completed	backend/architecture/reports/DEV-008A-CDS-SNAPSHOT-20260628_061140.md	131	ccf0f41d6406ca6d60858ba08f6119cade7879182f6f827d8808c4188c2cd661	/home/nawaf511/empire-core-new/backend/services/completed_decision/main.cjs:174:app.get('/api/completed', async (req, res) => {	DOCUMENTATION_ONLY	Manual verification required
RTE-000330	SOURCE_ROUTE_CANDIDATE	GET	/api/completed/latest	backend/architecture/reports/DEV-008A-CDS-SNAPSHOT-20260628_061140.md	132	ccf0f41d6406ca6d60858ba08f6119cade7879182f6f827d8808c4188c2cd661	/home/nawaf511/empire-core-new/backend/services/completed_decision/main.cjs:204:app.get('/api/completed/latest', async (_req, res) => {	DOCUMENTATION_ONLY	Manual verification required
RTE-000331	SOURCE_ROUTE_CANDIDATE	GET	/api/completed/:symbol	backend/architecture/reports/DEV-008A-CDS-SNAPSHOT-20260628_061140.md	133	ccf0f41d6406ca6d60858ba08f6119cade7879182f6f827d8808c4188c2cd661	/home/nawaf511/empire-core-new/backend/services/completed_decision/main.cjs:219:app.get('/api/completed/:symbol', async (req, res) => {	DOCUMENTATION_ONLY	Manual verification required
RTE-000332	SOURCE_ROUTE_CANDIDATE	GET	/api/completed/id/:decision_id	backend/architecture/reports/DEV-008A-CDS-SNAPSHOT-20260628_061140.md	134	ccf0f41d6406ca6d60858ba08f6119cade7879182f6f827d8808c4188c2cd661	/home/nawaf511/empire-core-new/backend/services/completed_decision/main.cjs:237:app.get('/api/completed/id/:decision_id', async (req, res) => {	DOCUMENTATION_ONLY	Manual verification required
RTE-000333	SOURCE_ROUTE_CANDIDATE	GET	/api/completed/id/:decision_id/timeline	backend/architecture/reports/DEV-008A-CDS-SNAPSHOT-20260628_061140.md	135	ccf0f41d6406ca6d60858ba08f6119cade7879182f6f827d8808c4188c2cd661	/home/nawaf511/empire-core-new/backend/services/completed_decision/main.cjs:248:app.get('/api/completed/id/:decision_id/timeline', async (req, res) => {	DOCUMENTATION_ONLY	Manual verification required
RTE-000334	SOURCE_ROUTE_CANDIDATE	POST	/api/completed/ingest	backend/architecture/reports/DEV-008A-CDS-SNAPSHOT-20260628_061140.md	136	ccf0f41d6406ca6d60858ba08f6119cade7879182f6f827d8808c4188c2cd661	/home/nawaf511/empire-core-new/backend/services/completed_decision/main.cjs:264:app.post('/api/completed/ingest', async (req, res) => {	DOCUMENTATION_ONLY	Manual verification required
RTE-000335	SOURCE_ROUTE_CANDIDATE	POST	/api/completed/:decision_id/publish	backend/architecture/reports/DEV-008A-CDS-SNAPSHOT-20260628_061140.md	138	ccf0f41d6406ca6d60858ba08f6119cade7879182f6f827d8808c4188c2cd661	/home/nawaf511/empire-core-new/backend/services/completed_decision/main.cjs:381:app.post('/api/completed/:decision_id/publish', async (req, res) => {	DOCUMENTATION_ONLY	Manual verification required
RTE-000336	SOURCE_ROUTE_CANDIDATE	GET	/health	backend/architecture/reports/DEV-008A-CDS-SNAPSHOT-20260628_061520.md	130	26392a49a191f051f6af6e76f5489dec82d20316f23d548dc4cab53976d5631f	/home/nawaf511/empire-core-new/backend/services/completed_decision/main.cjs:154:app.get('/health', async (_req, res) => {	DOCUMENTATION_ONLY	Manual verification required
RTE-000337	SOURCE_ROUTE_CANDIDATE	GET	/api/completed	backend/architecture/reports/DEV-008A-CDS-SNAPSHOT-20260628_061520.md	131	26392a49a191f051f6af6e76f5489dec82d20316f23d548dc4cab53976d5631f	/home/nawaf511/empire-core-new/backend/services/completed_decision/main.cjs:174:app.get('/api/completed', async (req, res) => {	DOCUMENTATION_ONLY	Manual verification required
RTE-000338	SOURCE_ROUTE_CANDIDATE	GET	/api/completed/latest	backend/architecture/reports/DEV-008A-CDS-SNAPSHOT-20260628_061520.md	132	26392a49a191f051f6af6e76f5489dec82d20316f23d548dc4cab53976d5631f	/home/nawaf511/empire-core-new/backend/services/completed_decision/main.cjs:204:app.get('/api/completed/latest', async (_req, res) => {	DOCUMENTATION_ONLY	Manual verification required
RTE-000339	SOURCE_ROUTE_CANDIDATE	GET	/api/completed/:symbol	backend/architecture/reports/DEV-008A-CDS-SNAPSHOT-20260628_061520.md	133	26392a49a191f051f6af6e76f5489dec82d20316f23d548dc4cab53976d5631f	/home/nawaf511/empire-core-new/backend/services/completed_decision/main.cjs:219:app.get('/api/completed/:symbol', async (req, res) => {	DOCUMENTATION_ONLY	Manual verification required
RTE-000340	SOURCE_ROUTE_CANDIDATE	GET	/api/completed/id/:decision_id	backend/architecture/reports/DEV-008A-CDS-SNAPSHOT-20260628_061520.md	134	26392a49a191f051f6af6e76f5489dec82d20316f23d548dc4cab53976d5631f	/home/nawaf511/empire-core-new/backend/services/completed_decision/main.cjs:237:app.get('/api/completed/id/:decision_id', async (req, res) => {	DOCUMENTATION_ONLY	Manual verification required
RTE-000341	SOURCE_ROUTE_CANDIDATE	GET	/api/completed/id/:decision_id/timeline	backend/architecture/reports/DEV-008A-CDS-SNAPSHOT-20260628_061520.md	135	26392a49a191f051f6af6e76f5489dec82d20316f23d548dc4cab53976d5631f	/home/nawaf511/empire-core-new/backend/services/completed_decision/main.cjs:248:app.get('/api/completed/id/:decision_id/timeline', async (req, res) => {	DOCUMENTATION_ONLY	Manual verification required
RTE-000342	SOURCE_ROUTE_CANDIDATE	POST	/api/completed/ingest	backend/architecture/reports/DEV-008A-CDS-SNAPSHOT-20260628_061520.md	136	26392a49a191f051f6af6e76f5489dec82d20316f23d548dc4cab53976d5631f	/home/nawaf511/empire-core-new/backend/services/completed_decision/main.cjs:264:app.post('/api/completed/ingest', async (req, res) => {	DOCUMENTATION_ONLY	Manual verification required
RTE-000343	SOURCE_ROUTE_CANDIDATE	POST	/api/completed/:decision_id/publish	backend/architecture/reports/DEV-008A-CDS-SNAPSHOT-20260628_061520.md	138	26392a49a191f051f6af6e76f5489dec82d20316f23d548dc4cab53976d5631f	/home/nawaf511/empire-core-new/backend/services/completed_decision/main.cjs:381:app.post('/api/completed/:decision_id/publish', async (req, res) => {	DOCUMENTATION_ONLY	Manual verification required
RTE-000344	SOURCE_ROUTE_CANDIDATE	GET	/health	backend/architecture/reports/DEV-009A-DGC-SNAPSHOT-20260628_144708.md	66	a492a95885f14c70ffcf9617dd8a624134a68b86bb9488ecca54dea5f108d1c4	/home/nawaf511/empire-core-new/backend/services/decision_governance_core/main.cjs:86:app.get('/health', async (_req, res) => {	DOCUMENTATION_ONLY	Manual verification required
RTE-000345	SOURCE_ROUTE_CANDIDATE	POST	/api/governance/evaluate	backend/architecture/reports/DEV-009A-DGC-SNAPSHOT-20260628_144708.md	71	a492a95885f14c70ffcf9617dd8a624134a68b86bb9488ecca54dea5f108d1c4	/home/nawaf511/empire-core-new/backend/services/decision_governance_core/main.cjs:106:app.post('/api/governance/evaluate', async (req, res) => {	DOCUMENTATION_ONLY	Manual verification required
RTE-000346	SOURCE_ROUTE_CANDIDATE	POST	/api/governance/submit	backend/architecture/reports/DEV-009A-DGC-SNAPSHOT-20260628_144708.md	74	a492a95885f14c70ffcf9617dd8a624134a68b86bb9488ecca54dea5f108d1c4	/home/nawaf511/empire-core-new/backend/services/decision_governance_core/main.cjs:121:app.post('/api/governance/submit', async (req, res) => {	DOCUMENTATION_ONLY	Manual verification required
RTE-000347	SOURCE_ROUTE_CANDIDATE	GET	/health	backend/architecture/reports/DEV-009A-DGC-SNAPSHOT-20260628_144937.md	66	e7fe02564ead05f75c74cc44d78fcf812ec4a1ae6040b3c63ec75e1022a2de93	/home/nawaf511/empire-core-new/backend/services/decision_governance_core/main.cjs:86:app.get('/health', async (_req, res) => {	DOCUMENTATION_ONLY	Manual verification required
RTE-000348	SOURCE_ROUTE_CANDIDATE	POST	/api/governance/evaluate	backend/architecture/reports/DEV-009A-DGC-SNAPSHOT-20260628_144937.md	71	e7fe02564ead05f75c74cc44d78fcf812ec4a1ae6040b3c63ec75e1022a2de93	/home/nawaf511/empire-core-new/backend/services/decision_governance_core/main.cjs:106:app.post('/api/governance/evaluate', async (req, res) => {	DOCUMENTATION_ONLY	Manual verification required
RTE-000349	SOURCE_ROUTE_CANDIDATE	POST	/api/governance/submit	backend/architecture/reports/DEV-009A-DGC-SNAPSHOT-20260628_144937.md	74	e7fe02564ead05f75c74cc44d78fcf812ec4a1ae6040b3c63ec75e1022a2de93	/home/nawaf511/empire-core-new/backend/services/decision_governance_core/main.cjs:121:app.post('/api/governance/submit', async (req, res) => {	DOCUMENTATION_ONLY	Manual verification required
RTE-000350	SOURCE_ROUTE_CANDIDATE	GET	/health	backend/architecture/reports/DEV-010A-BOT-SNAPSHOT-20260628_150814.md	147	6d8e6c51976e5b4e246a350ca413b8c86b24a98f37382a7d9688b3f154715588	app.get('/health', async (_req, res) => {	DOCUMENTATION_ONLY	Manual verification required
RTE-000351	SOURCE_ROUTE_CANDIDATE	GET	/api/bot/latest	backend/architecture/reports/DEV-010A-BOT-SNAPSHOT-20260628_150814.md	159	6d8e6c51976e5b4e246a350ca413b8c86b24a98f37382a7d9688b3f154715588	app.get('/api/bot/latest', async (_req, res) => {	DOCUMENTATION_ONLY	Manual verification required
RTE-000352	SOURCE_ROUTE_CANDIDATE	GET	/api/bot/:symbol	backend/architecture/reports/DEV-010A-BOT-SNAPSHOT-20260628_150814.md	176	6d8e6c51976e5b4e246a350ca413b8c86b24a98f37382a7d9688b3f154715588	app.get('/api/bot/:symbol', async (req, res) => {	DOCUMENTATION_ONLY	Manual verification required
RTE-000353	SOURCE_ROUTE_CANDIDATE	POST	/api/bot/simulate	backend/architecture/reports/DEV-010A-BOT-SNAPSHOT-20260628_150814.md	193	6d8e6c51976e5b4e246a350ca413b8c86b24a98f37382a7d9688b3f154715588	app.post('/api/bot/simulate', async (req, res) => {	DOCUMENTATION_ONLY	Manual verification required
RTE-000354	SOURCE_ROUTE_CANDIDATE	GET	/health	backend/architecture/reports/DEV-010A-BOT-SNAPSHOT-20260628_150814.md	259	6d8e6c51976e5b4e246a350ca413b8c86b24a98f37382a7d9688b3f154715588	/home/nawaf511/empire-core-new/backend/services/bot_execution/main.cjs:73:app.get('/health', async (_req, res) => {	DOCUMENTATION_ONLY	Manual verification required
RTE-000355	SOURCE_ROUTE_CANDIDATE	GET	/api/bot/latest	backend/architecture/reports/DEV-010A-BOT-SNAPSHOT-20260628_150814.md	262	6d8e6c51976e5b4e246a350ca413b8c86b24a98f37382a7d9688b3f154715588	/home/nawaf511/empire-core-new/backend/services/bot_execution/main.cjs:85:app.get('/api/bot/latest', async (_req, res) => {	DOCUMENTATION_ONLY	Manual verification required
RTE-000356	SOURCE_ROUTE_CANDIDATE	GET	/api/bot/:symbol	backend/architecture/reports/DEV-010A-BOT-SNAPSHOT-20260628_150814.md	268	6d8e6c51976e5b4e246a350ca413b8c86b24a98f37382a7d9688b3f154715588	/home/nawaf511/empire-core-new/backend/services/bot_execution/main.cjs:102:app.get('/api/bot/:symbol', async (req, res) => {	DOCUMENTATION_ONLY	Manual verification required
RTE-000357	SOURCE_ROUTE_CANDIDATE	POST	/api/bot/simulate	backend/architecture/reports/DEV-010A-BOT-SNAPSHOT-20260628_150814.md	274	6d8e6c51976e5b4e246a350ca413b8c86b24a98f37382a7d9688b3f154715588	/home/nawaf511/empire-core-new/backend/services/bot_execution/main.cjs:119:app.post('/api/bot/simulate', async (req, res) => {	DOCUMENTATION_ONLY	Manual verification required
RTE-000358	SOURCE_ROUTE_CANDIDATE	GET	/api/admin/users/action/health	backend/auth_api/ndsp_admin_actions_authoritative.cjs	205	19360fb2888de3ba91fa64f6441a10362372c79fecd85c323dbcc0078d61e405	app.get('/api/admin/users/action/health', function(req, res) {	INFERRED_FROM_SOURCE	Manual verification required
RTE-000359	SOURCE_ROUTE_CANDIDATE	GET	/api/admin-actions/users/action/health	backend/auth_api/ndsp_admin_actions_bypass_old_middleware.cjs	225	7ce371a43e163bbb8ee7ed8285678930dcf48ac5ed556de1870745989b4c6391	app.get('/api/admin-actions/users/action/health', function(req, res) {	INFERRED_FROM_SOURCE	Manual verification required
RTE-000360	SOURCE_ROUTE_CANDIDATE	POST	/api/admin-actions/users/action	backend/auth_api/ndsp_admin_actions_bypass_old_middleware.cjs	237	7ce371a43e163bbb8ee7ed8285678930dcf48ac5ed556de1870745989b4c6391	app.post('/api/admin-actions/users/action', async function(req, res) {	INFERRED_FROM_SOURCE	Manual verification required
RTE-000361	SOURCE_ROUTE_CANDIDATE	GET	/api/admin-ui/health	backend/auth_api/ndsp_admin_ui_proxy.cjs	352	73baa76f5df53e80b55839a950bef6d02eb92cf331eb5e161a4fe90eb1ffdb32	app.get('/api/admin-ui/health', adminOnly, async (_req, res) => {	INFERRED_FROM_SOURCE	Manual verification required
RTE-000362	SOURCE_ROUTE_CANDIDATE	GET	/api/admin-ui/summary	backend/auth_api/ndsp_admin_ui_proxy.cjs	368	73baa76f5df53e80b55839a950bef6d02eb92cf331eb5e161a4fe90eb1ffdb32	app.get('/api/admin-ui/summary', adminOnly, async (_req, res) => {	INFERRED_FROM_SOURCE	Manual verification required
RTE-000363	SOURCE_ROUTE_CANDIDATE	GET	/api/admin-ui/users	backend/auth_api/ndsp_admin_ui_proxy.cjs	395	73baa76f5df53e80b55839a950bef6d02eb92cf331eb5e161a4fe90eb1ffdb32	app.get('/api/admin-ui/users', adminOnly, async (_req, res) => {	INFERRED_FROM_SOURCE	Manual verification required
RTE-000364	SOURCE_ROUTE_CANDIDATE	GET	/api/admin-ui/payments	backend/auth_api/ndsp_admin_ui_proxy.cjs	421	73baa76f5df53e80b55839a950bef6d02eb92cf331eb5e161a4fe90eb1ffdb32	app.get('/api/admin-ui/payments', adminOnly, async (_req, res) => {	INFERRED_FROM_SOURCE	Manual verification required
RTE-000365	SOURCE_ROUTE_CANDIDATE	GET	/api/admin-ui/trials	backend/auth_api/ndsp_admin_ui_proxy.cjs	430	73baa76f5df53e80b55839a950bef6d02eb92cf331eb5e161a4fe90eb1ffdb32	app.get('/api/admin-ui/trials', adminOnly, async (_req, res) => {	INFERRED_FROM_SOURCE	Manual verification required
RTE-000366	SOURCE_ROUTE_CANDIDATE	GET	/api/admin-ui/packages	backend/auth_api/ndsp_admin_ui_proxy.cjs	448	73baa76f5df53e80b55839a950bef6d02eb92cf331eb5e161a4fe90eb1ffdb32	app.get('/api/admin-ui/packages', adminOnly, async (_req, res) => {	INFERRED_FROM_SOURCE	Manual verification required
RTE-000367	SOURCE_ROUTE_CANDIDATE	GET	/api/admin-ui/markets	backend/auth_api/ndsp_admin_ui_proxy.cjs	468	73baa76f5df53e80b55839a950bef6d02eb92cf331eb5e161a4fe90eb1ffdb32	app.get('/api/admin-ui/markets', adminOnly, async (_req, res) => {	INFERRED_FROM_SOURCE	Manual verification required
RTE-000368	SOURCE_ROUTE_CANDIDATE	GET	/api/admin-ui/alerts	backend/auth_api/ndsp_admin_ui_proxy.cjs	486	73baa76f5df53e80b55839a950bef6d02eb92cf331eb5e161a4fe90eb1ffdb32	app.get('/api/admin-ui/alerts', adminOnly, async (_req, res) => {	INFERRED_FROM_SOURCE	Manual verification required
RTE-000369	SOURCE_ROUTE_CANDIDATE	POST	/api/admin-ui/alerts/channel	backend/auth_api/ndsp_admin_ui_proxy.cjs	534	73baa76f5df53e80b55839a950bef6d02eb92cf331eb5e161a4fe90eb1ffdb32	app.post('/api/admin-ui/alerts/channel', adminOnly, async (req, res) => {	INFERRED_FROM_SOURCE	Manual verification required
RTE-000370	SOURCE_ROUTE_CANDIDATE	POST	/api/admin-ui/alerts/test	backend/auth_api/ndsp_admin_ui_proxy.cjs	559	73baa76f5df53e80b55839a950bef6d02eb92cf331eb5e161a4fe90eb1ffdb32	app.post('/api/admin-ui/alerts/test', adminOnly, async (req, res) => {	INFERRED_FROM_SOURCE	Manual verification required
RTE-000371	SOURCE_ROUTE_CANDIDATE	GET	/api/admin-ui/backups	backend/auth_api/ndsp_admin_ui_proxy.cjs	648	73baa76f5df53e80b55839a950bef6d02eb92cf331eb5e161a4fe90eb1ffdb32	app.get('/api/admin-ui/backups', adminOnly, async (_req, res) => {	INFERRED_FROM_SOURCE	Manual verification required
RTE-000372	SOURCE_ROUTE_CANDIDATE	GET	/api/admin-ui/governance	backend/auth_api/ndsp_admin_ui_proxy.cjs	669	73baa76f5df53e80b55839a950bef6d02eb92cf331eb5e161a4fe90eb1ffdb32	app.get('/api/admin-ui/governance', adminOnly, async (_req, res) => {	INFERRED_FROM_SOURCE	Manual verification required
RTE-000373	SOURCE_ROUTE_CANDIDATE	POST	/api/admin-ui/action	backend/auth_api/ndsp_admin_ui_proxy.cjs	685	73baa76f5df53e80b55839a950bef6d02eb92cf331eb5e161a4fe90eb1ffdb32	app.post('/api/admin-ui/action', adminOnly, async (req, res) => {	INFERRED_FROM_SOURCE	Manual verification required
RTE-000374	SOURCE_ROUTE_CANDIDATE	GET	/health	backend/auth_api/ndsp_api_compat_gateway.cjs	75	915359e511f0872dbdc949aab4bfc90ff4e7f44832082c8b3e2fc008d5b4b4a3	app.get('/health', async (_req, res) => {	INFERRED_FROM_SOURCE	Manual verification required
RTE-000375	SOURCE_ROUTE_CANDIDATE	GET	/api/account/trial	backend/auth_api/ndsp_api_compat_gateway.cjs	94	915359e511f0872dbdc949aab4bfc90ff4e7f44832082c8b3e2fc008d5b4b4a3	app.get('/api/account/trial', authRequired, async (req, res) => {	INFERRED_FROM_SOURCE	Manual verification required
RTE-000376	SOURCE_ROUTE_CANDIDATE	GET	/api/packages	backend/auth_api/ndsp_api_compat_gateway.cjs	135	915359e511f0872dbdc949aab4bfc90ff4e7f44832082c8b3e2fc008d5b4b4a3	app.get('/api/packages', async (_req, res) => {	INFERRED_FROM_SOURCE	Manual verification required
RTE-000377	SOURCE_ROUTE_CANDIDATE	GET	/api/markets	backend/auth_api/ndsp_api_compat_gateway.cjs	165	915359e511f0872dbdc949aab4bfc90ff4e7f44832082c8b3e2fc008d5b4b4a3	app.get('/api/markets', async (_req, res) => {	INFERRED_FROM_SOURCE	Manual verification required
RTE-000378	SOURCE_ROUTE_CANDIDATE	GET	/api/alerts/status	backend/auth_api/ndsp_api_compat_gateway.cjs	192	915359e511f0872dbdc949aab4bfc90ff4e7f44832082c8b3e2fc008d5b4b4a3	app.get('/api/alerts/status', authRequired, async (req, res) => {	INFERRED_FROM_SOURCE	Manual verification required
RTE-000379	SOURCE_ROUTE_CANDIDATE	GET	/api/payments/status	backend/auth_api/ndsp_api_compat_gateway.cjs	219	915359e511f0872dbdc949aab4bfc90ff4e7f44832082c8b3e2fc008d5b4b4a3	app.get('/api/payments/status', authRequired, async (req, res) => {	INFERRED_FROM_SOURCE	Manual verification required
RTE-000380	SOURCE_ROUTE_CANDIDATE	GET	invite	backend/auth_api/ndsp_trial_register_gateway.cjs	150	0ae3a08d595b735644fbdb80a664629c7050a5bbca026262954ebcc48e9181fb	u.searchParams.get('invite') ||	INFERRED_FROM_SOURCE	Manual verification required
RTE-000381	SOURCE_ROUTE_CANDIDATE	GET	code	backend/auth_api/ndsp_trial_register_gateway.cjs	151	0ae3a08d595b735644fbdb80a664629c7050a5bbca026262954ebcc48e9181fb	u.searchParams.get('code') ||	INFERRED_FROM_SOURCE	Manual verification required
RTE-000382	SOURCE_ROUTE_CANDIDATE	GET	token	backend/auth_api/ndsp_trial_register_gateway.cjs	152	0ae3a08d595b735644fbdb80a664629c7050a5bbca026262954ebcc48e9181fb	u.searchParams.get('token') ||	INFERRED_FROM_SOURCE	Manual verification required
RTE-000383	SOURCE_ROUTE_CANDIDATE	GET	token	backend/auth_api/ndsp_trial_register_gateway.cjs	567	0ae3a08d595b735644fbdb80a664629c7050a5bbca026262954ebcc48e9181fb	const token = REDACTED'token') || '');	INFERRED_FROM_SOURCE	Manual verification required
RTE-000384	SOURCE_ROUTE_CANDIDATE	GET	group	backend/auth_api/ndsp_user_dashboard_gateway.cjs	416	00df7b0f1a1ce584e6bc38e47a6bc91547c4db63824decad9327862acbf2515e	const group = String(u.searchParams.get('group') || 'all').toLowerCase();	INFERRED_FROM_SOURCE	Manual verification required
RTE-000385	SOURCE_ROUTE_CANDIDATE	GET	/api/user-dashboard/saas-policy	backend/auth_api/ndsp_user_dashboard_gateway.cjs	462	00df7b0f1a1ce584e6bc38e47a6bc91547c4db63824decad9327862acbf2515e	app.get('/api/user-dashboard/saas-policy', (req, res) => {	INFERRED_FROM_SOURCE	Manual verification required
RTE-000386	SOURCE_ROUTE_CANDIDATE	GET	/api/auth/login/health	backend/auth_api/ndsp_user_login_gateway.cjs	229	dc3536431799897b7a55b4d8a9625a413ced12b218cb1efa654c753783321254	app.get('/api/auth/login/health', (_req, res) => {	INFERRED_FROM_SOURCE	Manual verification required
RTE-000387	SOURCE_ROUTE_CANDIDATE	POST	/api/auth/login	backend/auth_api/ndsp_user_login_gateway.cjs	238	dc3536431799897b7a55b4d8a9625a413ced12b218cb1efa654c753783321254	app.post('/api/auth/login', async (req, res) => {	INFERRED_FROM_SOURCE	Manual verification required
RTE-000388	SOURCE_ROUTE_CANDIDATE	POST	/api/auth/2fa/login/verify	backend/auth_api/ndsp_user_login_gateway.cjs	321	dc3536431799897b7a55b4d8a9625a413ced12b218cb1efa654c753783321254	app.post('/api/auth/2fa/login/verify', async (req, res) => {	INFERRED_FROM_SOURCE	Manual verification required
RTE-000389	SOURCE_ROUTE_CANDIDATE	GET	/api/auth/session	backend/auth_api/ndsp_user_login_gateway.cjs	397	dc3536431799897b7a55b4d8a9625a413ced12b218cb1efa654c753783321254	app.get('/api/auth/session', auth, async (req, res) => {	INFERRED_FROM_SOURCE	Manual verification required
RTE-000390	SOURCE_ROUTE_CANDIDATE	POST	/api/auth/logout	backend/auth_api/ndsp_user_login_gateway.cjs	403	dc3536431799897b7a55b4d8a9625a413ced12b218cb1efa654c753783321254	app.post('/api/auth/logout', (_req, res) => {	INFERRED_FROM_SOURCE	Manual verification required
RTE-000391	SOURCE_ROUTE_CANDIDATE	GET	/api/auth/2fa/status	backend/auth_api/ndsp_user_login_gateway.cjs	407	dc3536431799897b7a55b4d8a9625a413ced12b218cb1efa654c753783321254	app.get('/api/auth/2fa/status', auth, async (req, res) => {	INFERRED_FROM_SOURCE	Manual verification required
RTE-000392	SOURCE_ROUTE_CANDIDATE	POST	/api/auth/2fa/setup	backend/auth_api/ndsp_user_login_gateway.cjs	434	dc3536431799897b7a55b4d8a9625a413ced12b218cb1efa654c753783321254	app.post('/api/auth/2fa/setup', auth, async (req, res) => {	INFERRED_FROM_SOURCE	Manual verification required
RTE-000393	SOURCE_ROUTE_CANDIDATE	POST	/api/auth/2fa/confirm	backend/auth_api/ndsp_user_login_gateway.cjs	468	dc3536431799897b7a55b4d8a9625a413ced12b218cb1efa654c753783321254	app.post('/api/auth/2fa/confirm', auth, async (req, res) => {	INFERRED_FROM_SOURCE	Manual verification required
RTE-000394	SOURCE_ROUTE_CANDIDATE	POST	/api/auth/2fa/disable	backend/auth_api/ndsp_user_login_gateway.cjs	490	dc3536431799897b7a55b4d8a9625a413ced12b218cb1efa654c753783321254	app.post('/api/auth/2fa/disable', auth, async (req, res) => {	INFERRED_FROM_SOURCE	Manual verification required
RTE-000395	SOURCE_ROUTE_CANDIDATE	POST	/api/auth/2fa/status	backend/auth_api/ndsp_user_login_gateway.cjs	572	dc3536431799897b7a55b4d8a9625a413ced12b218cb1efa654c753783321254	app.post('/api/auth/2fa/status', async (req, res) => {	INFERRED_FROM_SOURCE	Manual verification required
RTE-000396	SOURCE_ROUTE_CANDIDATE	POST	/api/auth/2fa/setup/start	backend/auth_api/ndsp_user_login_gateway.cjs	600	dc3536431799897b7a55b4d8a9625a413ced12b218cb1efa654c753783321254	app.post('/api/auth/2fa/setup/start', async (req, res) => {	INFERRED_FROM_SOURCE	Manual verification required
RTE-000397	SOURCE_ROUTE_CANDIDATE	POST	/api/auth/2fa/setup/confirm	backend/auth_api/ndsp_user_login_gateway.cjs	636	dc3536431799897b7a55b4d8a9625a413ced12b218cb1efa654c753783321254	app.post('/api/auth/2fa/setup/confirm', async (req, res) => {	INFERRED_FROM_SOURCE	Manual verification required
RTE-000398	SOURCE_ROUTE_CANDIDATE	POST	/api/auth/2fa/setup/skip	backend/auth_api/ndsp_user_login_gateway.cjs	674	dc3536431799897b7a55b4d8a9625a413ced12b218cb1efa654c753783321254	app.post('/api/auth/2fa/setup/skip', async (req, res) => {	INFERRED_FROM_SOURCE	Manual verification required
RTE-000399	SOURCE_ROUTE_CANDIDATE	POST	/api/auth/2fa/setup/confirm-final	backend/auth_api/ndsp_user_login_gateway.cjs	701	dc3536431799897b7a55b4d8a9625a413ced12b218cb1efa654c753783321254	app.post('/api/auth/2fa/setup/confirm-final', async (req, res) => {	INFERRED_FROM_SOURCE	Manual verification required
RTE-000400	SOURCE_ROUTE_CANDIDATE	POST	/api/auth/2fa/setup/confirm-speakeasy	backend/auth_api/ndsp_user_login_gateway.cjs	807	dc3536431799897b7a55b4d8a9625a413ced12b218cb1efa654c753783321254	app.post('/api/auth/2fa/setup/confirm-speakeasy', async (req, res) => {	INFERRED_FROM_SOURCE	Manual verification required
RTE-000401	SOURCE_ROUTE_CANDIDATE	GET	/about	backend/framework/about/about.cjs	4	b9d235f8a0fd260501e1557c431a0b63ab2eb737f47ed105ee57cdda27938bfe	app.get('/about', (_req, res) => {	INFERRED_FROM_SOURCE	Manual verification required
RTE-000402	SOURCE_ROUTE_CANDIDATE	GET	/health	backend/framework/health/health.cjs	4	414656f8cddb082d5ebe8961dcaae91388ddaebabffefcec248b4ede5ae2d015	app.get('/health', (_req, res) => {	INFERRED_FROM_SOURCE	Manual verification required
RTE-000403	SOURCE_ROUTE_CANDIDATE	GET	/version	backend/framework/version/version.cjs	4	af7a379b0b2dbbc1d989cd635bac1cb4efbf496fc17397b89b6539136fc62bbf	app.get('/version', (_req, res) => {	INFERRED_FROM_SOURCE	Manual verification required
RTE-000404	SOURCE_ROUTE_CANDIDATE	GET	output	backend/layers/layer_orchestrator.py	27	3d512d7441d0981a367bdf1ffb3add67063c040b8bb2d7ecac7b6f50e08157aa	"out = res.get(""output"", {})"	INFERRED_FROM_SOURCE	Manual verification required
RTE-000405	SOURCE_ROUTE_CANDIDATE	GET	layer_id	backend/layers/layer_orchestrator.py	30	3d512d7441d0981a367bdf1ffb3add67063c040b8bb2d7ecac7b6f50e08157aa	"lid = res.get(""layer_id"")"	INFERRED_FROM_SOURCE	Manual verification required
RTE-000406	SOURCE_ROUTE_CANDIDATE	GET	allowed	backend/layers/layer_orchestrator.py	32	3d512d7441d0981a367bdf1ffb3add67063c040b8bb2d7ecac7b6f50e08157aa	"ctx[""timing""] = out; ctx[""timing_allowed""] = out.get(""allowed"")"	INFERRED_FROM_SOURCE	Manual verification required
RTE-000407	SOURCE_ROUTE_CANDIDATE	GET	tdl_state	backend/layers/layer_orchestrator.py	36	3d512d7441d0981a367bdf1ffb3add67063c040b8bb2d7ecac7b6f50e08157aa	"ctx[""tdl""] = out; ctx[""tdl_state""] = out.get(""tdl_state""); ctx[""tdl_bias""] = out.get(""tdl_bias"")"	INFERRED_FROM_SOURCE	Manual verification required
RTE-000408	SOURCE_ROUTE_CANDIDATE	GET	zone_state	backend/layers/layer_orchestrator.py	38	3d512d7441d0981a367bdf1ffb3add67063c040b8bb2d7ecac7b6f50e08157aa	"ctx[""nmp""] = out; ctx[""nmp_confirmed""] = out.get(""zone_state"") == ""INSIDE_REFERENCE_ZONE"""	INFERRED_FROM_SOURCE	Manual verification required
RTE-000409	SOURCE_ROUTE_CANDIDATE	GET	blocked	backend/layers/layer_orchestrator.py	40	3d512d7441d0981a367bdf1ffb3add67063c040b8bb2d7ecac7b6f50e08157aa	"ctx[""black_layer""] = out; ctx[""black_blocked""] = out.get(""blocked"")"	INFERRED_FROM_SOURCE	Manual verification required
RTE-000410	SOURCE_ROUTE_CANDIDATE	GET	decision_quality_score	backend/layers/layer_orchestrator.py	42	3d512d7441d0981a367bdf1ffb3add67063c040b8bb2d7ecac7b6f50e08157aa	"ctx[""decision_quality_score""] = out.get(""decision_quality_score"", ctx.get(""decision_quality_score""))"	INFERRED_FROM_SOURCE	Manual verification required
RTE-000411	SOURCE_ROUTE_CANDIDATE	GET	execution_allowed	backend/layers/layer_orchestrator.py	44	3d512d7441d0981a367bdf1ffb3add67063c040b8bb2d7ecac7b6f50e08157aa	"ctx[""risk_governance""] = out; ctx[""risk_allowed""] = out.get(""execution_allowed"")"	INFERRED_FROM_SOURCE	Manual verification required
RTE-000412	SOURCE_ROUTE_CANDIDATE	GET	final_decision_state	backend/layers/layer_orchestrator.py	46	3d512d7441d0981a367bdf1ffb3add67063c040b8bb2d7ecac7b6f50e08157aa	"ctx[""final_decision""] = out; ctx[""final_decision_state""] = out.get(""final_decision_state"")"	INFERRED_FROM_SOURCE	Manual verification required
RTE-000413	SOURCE_ROUTE_CANDIDATE	GET	confidence	backend/layers/layer_orchestrator.py	61	3d512d7441d0981a367bdf1ffb3add67063c040b8bb2d7ecac7b6f50e08157aa	"try: conf.append(int(float(x.get(""confidence"", 0))))"	INFERRED_FROM_SOURCE	Manual verification required
RTE-000414	SOURCE_ROUTE_CANDIDATE	GET	provider	backend/ndsp-live-decision-quality/server.py	151	e613fa035da4f8088f2afaf90c12659bec9bf9ddeda7da4027ab2ce81782180a	"return {""highs"": ah, ""lows"": al, ""closes"": ac, ""vols"": av, ""close_times"": at, ""provider"": k.get(""provider"", ""external_chart"")}"	INFERRED_FROM_SOURCE	Manual verification required
RTE-000415	SOURCE_ROUTE_CANDIDATE	GET	chart	backend/ndsp-live-decision-quality/server.py	178	e613fa035da4f8088f2afaf90c12659bec9bf9ddeda7da4027ab2ce81782180a	"result = (((data or {}).get(""chart"") or {}).get(""result"") or [None])[0]"	INFERRED_FROM_SOURCE	Manual verification required
RTE-000416	SOURCE_ROUTE_CANDIDATE	GET	timestamp	backend/ndsp-live-decision-quality/server.py	182	e613fa035da4f8088f2afaf90c12659bec9bf9ddeda7da4027ab2ce81782180a	"timestamps = result.get(""timestamp"") or []"	INFERRED_FROM_SOURCE	Manual verification required
RTE-000417	SOURCE_ROUTE_CANDIDATE	GET	indicators	backend/ndsp-live-decision-quality/server.py	183	e613fa035da4f8088f2afaf90c12659bec9bf9ddeda7da4027ab2ce81782180a	"quote = (((result.get(""indicators"") or {}).get(""quote"") or [None])[0]) or {}"	INFERRED_FROM_SOURCE	Manual verification required
RTE-000418	SOURCE_ROUTE_CANDIDATE	GET	open	backend/ndsp-live-decision-quality/server.py	185	e613fa035da4f8088f2afaf90c12659bec9bf9ddeda7da4027ab2ce81782180a	"opens = quote.get(""open"") or []"	INFERRED_FROM_SOURCE	Manual verification required
RTE-000419	SOURCE_ROUTE_CANDIDATE	GET	high	backend/ndsp-live-decision-quality/server.py	186	e613fa035da4f8088f2afaf90c12659bec9bf9ddeda7da4027ab2ce81782180a	"highs0 = quote.get(""high"") or []"	INFERRED_FROM_SOURCE	Manual verification required
RTE-000420	SOURCE_ROUTE_CANDIDATE	GET	low	backend/ndsp-live-decision-quality/server.py	187	e613fa035da4f8088f2afaf90c12659bec9bf9ddeda7da4027ab2ce81782180a	"lows0 = quote.get(""low"") or []"	INFERRED_FROM_SOURCE	Manual verification required
RTE-000421	SOURCE_ROUTE_CANDIDATE	GET	close	backend/ndsp-live-decision-quality/server.py	188	e613fa035da4f8088f2afaf90c12659bec9bf9ddeda7da4027ab2ce81782180a	"closes0 = quote.get(""close"") or []"	INFERRED_FROM_SOURCE	Manual verification required
RTE-000422	SOURCE_ROUTE_CANDIDATE	GET	volume	backend/ndsp-live-decision-quality/server.py	189	e613fa035da4f8088f2afaf90c12659bec9bf9ddeda7da4027ab2ce81782180a	"vols0 = quote.get(""volume"") or []"	INFERRED_FROM_SOURCE	Manual verification required
RTE-000423	SOURCE_ROUTE_CANDIDATE	GET	provider	backend/ndsp-live-decision-quality/server.py	312	e613fa035da4f8088f2afaf90c12659bec9bf9ddeda7da4027ab2ce81782180a	"""provider"": k.get(""provider"", ""unknown""),"	INFERRED_FROM_SOURCE	Manual verification required
RTE-000424	SOURCE_ROUTE_CANDIDATE	GET	close_times	backend/ndsp-live-decision-quality/server.py	314	e613fa035da4f8088f2afaf90c12659bec9bf9ddeda7da4027ab2ce81782180a	"""momentum_close_time"": (k.get(""close_times"") or [None])[-1],"	INFERRED_FROM_SOURCE	Manual verification required
RTE-000425	SOURCE_ROUTE_CANDIDATE	GET	rsi	backend/ndsp-live-decision-quality/server.py	336	e613fa035da4f8088f2afaf90c12659bec9bf9ddeda7da4027ab2ce81782180a	"rsi4 = float(h4.get(""rsi"") or 50)"	INFERRED_FROM_SOURCE	Manual verification required
RTE-000426	SOURCE_ROUTE_CANDIDATE	GET	close	backend/ndsp-live-decision-quality/server.py	337	e613fa035da4f8088f2afaf90c12659bec9bf9ddeda7da4027ab2ce81782180a	"close4 = float(h4.get(""close"") or 0)"	INFERRED_FROM_SOURCE	Manual verification required
RTE-000427	SOURCE_ROUTE_CANDIDATE	GET	ema20	backend/ndsp-live-decision-quality/server.py	338	e613fa035da4f8088f2afaf90c12659bec9bf9ddeda7da4027ab2ce81782180a	"ema20_4 = float(h4.get(""ema20"") or close4 or 0)"	INFERRED_FROM_SOURCE	Manual verification required
RTE-000428	SOURCE_ROUTE_CANDIDATE	GET	ema50	backend/ndsp-live-decision-quality/server.py	339	e613fa035da4f8088f2afaf90c12659bec9bf9ddeda7da4027ab2ce81782180a	"ema50_4 = float(h4.get(""ema50"") or close4 or 0)"	INFERRED_FROM_SOURCE	Manual verification required
RTE-000429	SOURCE_ROUTE_CANDIDATE	GET	direction	backend/ndsp-live-decision-quality/server.py	341	e613fa035da4f8088f2afaf90c12659bec9bf9ddeda7da4027ab2ce81782180a	"dirs = [h1.get(""direction""), h4.get(""direction""), d1.get(""direction"")]"	INFERRED_FROM_SOURCE	Manual verification required
RTE-000430	SOURCE_ROUTE_CANDIDATE	GET	direction	backend/ndsp-live-decision-quality/server.py	386	e613fa035da4f8088f2afaf90c12659bec9bf9ddeda7da4027ab2ce81782180a	"if h4.get(""direction"") == d1.get(""direction"") and h4.get(""direction"") in (""bullish"", ""bearish""):"	INFERRED_FROM_SOURCE	Manual verification required
RTE-000431	SOURCE_ROUTE_CANDIDATE	GET	direction	backend/ndsp-live-decision-quality/server.py	388	e613fa035da4f8088f2afaf90c12659bec9bf9ddeda7da4027ab2ce81782180a	"elif h1.get(""direction"") != d1.get(""direction""):"	INFERRED_FROM_SOURCE	Manual verification required
RTE-000432	SOURCE_ROUTE_CANDIDATE	GET	rsi	backend/ndsp-live-decision-quality/server.py	420	e613fa035da4f8088f2afaf90c12659bec9bf9ddeda7da4027ab2ce81782180a	"rsi4 = float(h4.get(""rsi"") or 50)"	INFERRED_FROM_SOURCE	Manual verification required
RTE-000433	SOURCE_ROUTE_CANDIDATE	GET	direction	backend/ndsp-live-decision-quality/server.py	421	e613fa035da4f8088f2afaf90c12659bec9bf9ddeda7da4027ab2ce81782180a	"h1d = h1.get(""direction"")"	INFERRED_FROM_SOURCE	Manual verification required
RTE-000434	SOURCE_ROUTE_CANDIDATE	GET	direction	backend/ndsp-live-decision-quality/server.py	422	e613fa035da4f8088f2afaf90c12659bec9bf9ddeda7da4027ab2ce81782180a	"h4d = h4.get(""direction"")"	INFERRED_FROM_SOURCE	Manual verification required
RTE-000435	SOURCE_ROUTE_CANDIDATE	GET	direction	backend/ndsp-live-decision-quality/server.py	423	e613fa035da4f8088f2afaf90c12659bec9bf9ddeda7da4027ab2ce81782180a	"d1d = d1.get(""direction"")"	INFERRED_FROM_SOURCE	Manual verification required
RTE-000436	SOURCE_ROUTE_CANDIDATE	GET	provider	backend/ndsp-live-decision-quality/server.py	518	e613fa035da4f8088f2afaf90c12659bec9bf9ddeda7da4027ab2ce81782180a	"provider = h4.get(""provider"") or h1.get(""provider"") or ""unknown"""	INFERRED_FROM_SOURCE	Manual verification required
RTE-000437	SOURCE_ROUTE_CANDIDATE	GET	prev_24_close	backend/ndsp-live-decision-quality/server.py	538	e613fa035da4f8088f2afaf90c12659bec9bf9ddeda7da4027ab2ce81782180a	"if h1.get(""prev_24_close""):"	INFERRED_FROM_SOURCE	Manual verification required
RTE-000438	SOURCE_ROUTE_CANDIDATE	GET	highs	backend/ndsp-live-decision-quality/server.py	681	e613fa035da4f8088f2afaf90c12659bec9bf9ddeda7da4027ab2ce81782180a	"highs = k.get(""highs"") or []"	INFERRED_FROM_SOURCE	Manual verification required
RTE-000439	SOURCE_ROUTE_CANDIDATE	GET	lows	backend/ndsp-live-decision-quality/server.py	682	e613fa035da4f8088f2afaf90c12659bec9bf9ddeda7da4027ab2ce81782180a	"lows = k.get(""lows"") or []"	INFERRED_FROM_SOURCE	Manual verification required
RTE-000440	SOURCE_ROUTE_CANDIDATE	GET	closes	backend/ndsp-live-decision-quality/server.py	683	e613fa035da4f8088f2afaf90c12659bec9bf9ddeda7da4027ab2ce81782180a	"closes = k.get(""closes"") or []"	INFERRED_FROM_SOURCE	Manual verification required
RTE-000441	SOURCE_ROUTE_CANDIDATE	GET	vols	backend/ndsp-live-decision-quality/server.py	684	e613fa035da4f8088f2afaf90c12659bec9bf9ddeda7da4027ab2ce81782180a	"vols = k.get(""vols"") or []"	INFERRED_FROM_SOURCE	Manual verification required
RTE-000442	SOURCE_ROUTE_CANDIDATE	GET	close_times	backend/ndsp-live-decision-quality/server.py	685	e613fa035da4f8088f2afaf90c12659bec9bf9ddeda7da4027ab2ce81782180a	"times = k.get(""close_times"") or []"	INFERRED_FROM_SOURCE	Manual verification required
RTE-000443	SOURCE_ROUTE_CANDIDATE	GET	provider	backend/ndsp-live-decision-quality/server.py	713	e613fa035da4f8088f2afaf90c12659bec9bf9ddeda7da4027ab2ce81782180a	"""provider"": k.get(""provider"", ""unknown""),"	INFERRED_FROM_SOURCE	Manual verification required
RTE-000444	SOURCE_ROUTE_CANDIDATE	GET	closes	backend/ndsp-live-decision-quality/server.py	726	e613fa035da4f8088f2afaf90c12659bec9bf9ddeda7da4027ab2ce81782180a	"closes = k.get(""closes"") or []"	INFERRED_FROM_SOURCE	Manual verification required
RTE-000445	SOURCE_ROUTE_CANDIDATE	GET	highs	backend/ndsp-live-decision-quality/server.py	727	e613fa035da4f8088f2afaf90c12659bec9bf9ddeda7da4027ab2ce81782180a	"highs = k.get(""highs"") or []"	INFERRED_FROM_SOURCE	Manual verification required
RTE-000446	SOURCE_ROUTE_CANDIDATE	GET	lows	backend/ndsp-live-decision-quality/server.py	728	e613fa035da4f8088f2afaf90c12659bec9bf9ddeda7da4027ab2ce81782180a	"lows = k.get(""lows"") or []"	INFERRED_FROM_SOURCE	Manual verification required
RTE-000447	SOURCE_ROUTE_CANDIDATE	GET	provider	backend/ndsp-live-decision-quality/server.py	755	e613fa035da4f8088f2afaf90c12659bec9bf9ddeda7da4027ab2ce81782180a	"""provider"": k.get(""provider"", ""unknown""),"	INFERRED_FROM_SOURCE	Manual verification required
RTE-000448	SOURCE_ROUTE_CANDIDATE	GET	close_times	backend/ndsp-live-decision-quality/server.py	757	e613fa035da4f8088f2afaf90c12659bec9bf9ddeda7da4027ab2ce81782180a	"""momentum_close_time"": (k.get(""close_times"") or [None])[-1],"	INFERRED_FROM_SOURCE	Manual verification required
RTE-000449	SOURCE_ROUTE_CANDIDATE	GET	direction	backend/ndsp-live-decision-quality/server.py	772	e613fa035da4f8088f2afaf90c12659bec9bf9ddeda7da4027ab2ce81782180a	"direction = a.get(""direction"") or ""neutral"""	INFERRED_FROM_SOURCE	Manual verification required
RTE-000450	SOURCE_ROUTE_CANDIDATE	GET	rsi	backend/ndsp-live-decision-quality/server.py	773	e613fa035da4f8088f2afaf90c12659bec9bf9ddeda7da4027ab2ce81782180a	"rsi_v = float(a.get(""rsi"") or 50)"	INFERRED_FROM_SOURCE	Manual verification required
RTE-000451	SOURCE_ROUTE_CANDIDATE	GET	close	backend/ndsp-live-decision-quality/server.py	774	e613fa035da4f8088f2afaf90c12659bec9bf9ddeda7da4027ab2ce81782180a	"close = float(a.get(""close"") or live_price or 0)"	INFERRED_FROM_SOURCE	Manual verification required
RTE-000452	SOURCE_ROUTE_CANDIDATE	GET	ema20	backend/ndsp-live-decision-quality/server.py	775	e613fa035da4f8088f2afaf90c12659bec9bf9ddeda7da4027ab2ce81782180a	"e20 = float(a.get(""ema20"") or close or 0)"	INFERRED_FROM_SOURCE	Manual verification required
RTE-000453	SOURCE_ROUTE_CANDIDATE	GET	ema50	backend/ndsp-live-decision-quality/server.py	776	e613fa035da4f8088f2afaf90c12659bec9bf9ddeda7da4027ab2ce81782180a	"e50 = float(a.get(""ema50"") or close or 0)"	INFERRED_FROM_SOURCE	Manual verification required
RTE-000454	SOURCE_ROUTE_CANDIDATE	GET	atr	backend/ndsp-live-decision-quality/server.py	777	e613fa035da4f8088f2afaf90c12659bec9bf9ddeda7da4027ab2ce81782180a	"atr_v = float(a.get(""atr"") or 0)"	INFERRED_FROM_SOURCE	Manual verification required
RTE-000455	SOURCE_ROUTE_CANDIDATE	GET	direction	backend/ndsp-live-decision-quality/server.py	819	e613fa035da4f8088f2afaf90c12659bec9bf9ddeda7da4027ab2ce81782180a	"direction = a.get(""direction"") or ""neutral"""	INFERRED_FROM_SOURCE	Manual verification required
RTE-000456	SOURCE_ROUTE_CANDIDATE	GET	rsi	backend/ndsp-live-decision-quality/server.py	820	e613fa035da4f8088f2afaf90c12659bec9bf9ddeda7da4027ab2ce81782180a	"rsi_v = float(a.get(""rsi"") or 50)"	INFERRED_FROM_SOURCE	Manual verification required
RTE-000457	SOURCE_ROUTE_CANDIDATE	GET	live_price	backend/ndsp-live-decision-quality/server.py	840	e613fa035da4f8088f2afaf90c12659bec9bf9ddeda7da4027ab2ce81782180a	"live_price = _ndsp_tf_float(instrument.get(""live_price""))"	INFERRED_FROM_SOURCE	Manual verification required
RTE-000458	SOURCE_ROUTE_CANDIDATE	GET	close	backend/ndsp-live-decision-quality/server.py	842	e613fa035da4f8088f2afaf90c12659bec9bf9ddeda7da4027ab2ce81782180a	"live_price = _ndsp_tf_float(a.get(""close"")) or 0"	INFERRED_FROM_SOURCE	Manual verification required
RTE-000459	SOURCE_ROUTE_CANDIDATE	GET	atr	backend/ndsp-live-decision-quality/server.py	844	e613fa035da4f8088f2afaf90c12659bec9bf9ddeda7da4027ab2ce81782180a	"atr_v = _ndsp_tf_float(a.get(""atr"")) or (live_price * 0.01)"	INFERRED_FROM_SOURCE	Manual verification required
RTE-000460	SOURCE_ROUTE_CANDIDATE	GET	direction	backend/ndsp-live-decision-quality/server.py	848	e613fa035da4f8088f2afaf90c12659bec9bf9ddeda7da4027ab2ce81782180a	"direction = a.get(""direction"") or ""neutral"""	INFERRED_FROM_SOURCE	Manual verification required
RTE-000461	SOURCE_ROUTE_CANDIDATE	GET	rsi	backend/ndsp-live-decision-quality/server.py	849	e613fa035da4f8088f2afaf90c12659bec9bf9ddeda7da4027ab2ce81782180a	"rsi_v = float(a.get(""rsi"") or 50)"	INFERRED_FROM_SOURCE	Manual verification required
RTE-000462	SOURCE_ROUTE_CANDIDATE	GET	ema20	backend/ndsp-live-decision-quality/server.py	855	e613fa035da4f8088f2afaf90c12659bec9bf9ddeda7da4027ab2ce81782180a	"review = _ndsp_tf_float(a.get(""ema20"")) or (live_price - atr_v * 0.30)"	INFERRED_FROM_SOURCE	Manual verification required
RTE-000463	SOURCE_ROUTE_CANDIDATE	GET	ema20	backend/ndsp-live-decision-quality/server.py	860	e613fa035da4f8088f2afaf90c12659bec9bf9ddeda7da4027ab2ce81782180a	"review = _ndsp_tf_float(a.get(""ema20"")) or (live_price + atr_v * 0.30)"	INFERRED_FROM_SOURCE	Manual verification required
RTE-000464	SOURCE_ROUTE_CANDIDATE	GET	ema20	backend/ndsp-live-decision-quality/server.py	866	e613fa035da4f8088f2afaf90c12659bec9bf9ddeda7da4027ab2ce81782180a	"review = _ndsp_tf_float(a.get(""ema20"")) or (live_price - atr_v * 0.25)"	INFERRED_FROM_SOURCE	Manual verification required
RTE-000465	SOURCE_ROUTE_CANDIDATE	GET	ema20	backend/ndsp-live-decision-quality/server.py	871	e613fa035da4f8088f2afaf90c12659bec9bf9ddeda7da4027ab2ce81782180a	"review = _ndsp_tf_float(a.get(""ema20"")) or (live_price + atr_v * 0.25)"	INFERRED_FROM_SOURCE	Manual verification required
RTE-000466	SOURCE_ROUTE_CANDIDATE	GET	close	backend/ndsp-live-decision-quality/server.py	905	e613fa035da4f8088f2afaf90c12659bec9bf9ddeda7da4027ab2ce81782180a	"la[""selected_timeframe_close""] = a.get(""close"")"	INFERRED_FROM_SOURCE	Manual verification required
RTE-000467	SOURCE_ROUTE_CANDIDATE	GET	rsi	backend/ndsp-live-decision-quality/server.py	906	e613fa035da4f8088f2afaf90c12659bec9bf9ddeda7da4027ab2ce81782180a	"la[""selected_timeframe_rsi""] = a.get(""rsi"")"	INFERRED_FROM_SOURCE	Manual verification required
RTE-000468	SOURCE_ROUTE_CANDIDATE	GET	atr	backend/ndsp-live-decision-quality/server.py	907	e613fa035da4f8088f2afaf90c12659bec9bf9ddeda7da4027ab2ce81782180a	"la[""selected_timeframe_atr""] = a.get(""atr"")"	INFERRED_FROM_SOURCE	Manual verification required
RTE-000469	SOURCE_ROUTE_CANDIDATE	GET	source_mode	backend/ndsp-live-decision-quality/server.py	912	e613fa035da4f8088f2afaf90c12659bec9bf9ddeda7da4027ab2ce81782180a	"base[""source_mode""] = str(base.get(""source_mode"", """")) + f"" + asset_timeframe_{tf}_v27"""	INFERRED_FROM_SOURCE	Manual verification required
RTE-000470	SOURCE_ROUTE_CANDIDATE	GET	/api/decision/quality-live	backend/ndsp-live-decision-quality/server.py	919	e613fa035da4f8088f2afaf90c12659bec9bf9ddeda7da4027ab2ce81782180a	"@app.get(""/api/decision/quality-live"")"	INFERRED_FROM_SOURCE	Manual verification required
RTE-000471	SOURCE_ROUTE_CANDIDATE	GET	/api/decision/quality-live/health	backend/ndsp-live-decision-quality/server.py	925	e613fa035da4f8088f2afaf90c12659bec9bf9ddeda7da4027ab2ce81782180a	"@app.get(""/api/decision/quality-live/health"")"	INFERRED_FROM_SOURCE	Manual verification required
RTE-000472	SOURCE_ROUTE_CANDIDATE	GET	ema20	backend/ndsp-live-decision-quality/server.py	954	e613fa035da4f8088f2afaf90c12659bec9bf9ddeda7da4027ab2ce81782180a	"ema20 = _ndsp_safe_float(h4.get(""ema20""))"	INFERRED_FROM_SOURCE	Manual verification required
RTE-000473	SOURCE_ROUTE_CANDIDATE	GET	ema50	backend/ndsp-live-decision-quality/server.py	955	e613fa035da4f8088f2afaf90c12659bec9bf9ddeda7da4027ab2ce81782180a	"ema50 = _ndsp_safe_float(h4.get(""ema50""))"	INFERRED_FROM_SOURCE	Manual verification required
RTE-000474	SOURCE_ROUTE_CANDIDATE	GET	momentum_price	backend/ndsp-live-decision-quality/server.py	956	e613fa035da4f8088f2afaf90c12659bec9bf9ddeda7da4027ab2ce81782180a	"momentum = _ndsp_safe_float(h4.get(""momentum_price""))"	INFERRED_FROM_SOURCE	Manual verification required
RTE-000475	SOURCE_ROUTE_CANDIDATE	GET	rsi	backend/ndsp-live-decision-quality/server.py	957	e613fa035da4f8088f2afaf90c12659bec9bf9ddeda7da4027ab2ce81782180a	"rsi4 = _ndsp_safe_float(h4.get(""rsi"")) or 50.0"	INFERRED_FROM_SOURCE	Manual verification required
RTE-000476	SOURCE_ROUTE_CANDIDATE	GET	live_price_bound	backend/ndsp-live-decision-quality/server.py	988	e613fa035da4f8088f2afaf90c12659bec9bf9ddeda7da4027ab2ce81782180a	"if base.get(""live_price_bound"") is not True:"	INFERRED_FROM_SOURCE	Manual verification required
RTE-000477	SOURCE_ROUTE_CANDIDATE	GET	instrument	backend/ndsp-live-decision-quality/server.py	992	e613fa035da4f8088f2afaf90c12659bec9bf9ddeda7da4027ab2ce81782180a	"live = _ndsp_safe_float((base.get(""instrument"") or {}).get(""live_price""))"	INFERRED_FROM_SOURCE	Manual verification required
RTE-000478	SOURCE_ROUTE_CANDIDATE	GET	direction	backend/ndsp-live-decision-quality/server.py	997	e613fa035da4f8088f2afaf90c12659bec9bf9ddeda7da4027ab2ce81782180a	"direction = live_analysis.get(""direction"") or ""neutral"""	INFERRED_FROM_SOURCE	Manual verification required
RTE-000479	SOURCE_ROUTE_CANDIDATE	GET	atr_4h	backend/ndsp-live-decision-quality/server.py	1002	e613fa035da4f8088f2afaf90c12659bec9bf9ddeda7da4027ab2ce81782180a	"_ndsp_safe_float(live_analysis.get(""atr_4h""))"	INFERRED_FROM_SOURCE	Manual verification required
RTE-000480	SOURCE_ROUTE_CANDIDATE	GET	atr	backend/ndsp-live-decision-quality/server.py	1003	e613fa035da4f8088f2afaf90c12659bec9bf9ddeda7da4027ab2ce81782180a	"or _ndsp_safe_float(h4.get(""atr""))"	INFERRED_FROM_SOURCE	Manual verification required
RTE-000481	SOURCE_ROUTE_CANDIDATE	GET	rsi	backend/ndsp-live-decision-quality/server.py	1021	e613fa035da4f8088f2afaf90c12659bec9bf9ddeda7da4027ab2ce81782180a	"rsi4 = _ndsp_safe_float(h4.get(""rsi"")) or 50.0"	INFERRED_FROM_SOURCE	Manual verification required
RTE-000482	SOURCE_ROUTE_CANDIDATE	GET	source_mode	backend/ndsp-live-decision-quality/server.py	1040	e613fa035da4f8088f2afaf90c12659bec9bf9ddeda7da4027ab2ce81782180a	"base[""source_mode""] = str(base.get(""source_mode"", """")) + "" + backend_only_dynamic_levels_safe"""	INFERRED_FROM_SOURCE	Manual verification required
RTE-000483	SOURCE_ROUTE_CANDIDATE	GET	symbol	backend/ndsp-portal-real-data-api/server.py	168	f1d8e6c66ce0edbeccf2113e53a9601132d3e8ad6ba301b3450730b0e1c56824	"symbol = safe_word((qs.get(""symbol"") or [""XAU""])[0], ""XAU"")"	INFERRED_FROM_SOURCE	Manual verification required
RTE-000484	SOURCE_ROUTE_CANDIDATE	GET	timeframe	backend/ndsp-portal-real-data-api/server.py	169	f1d8e6c66ce0edbeccf2113e53a9601132d3e8ad6ba301b3450730b0e1c56824	"timeframe = safe_word((qs.get(""timeframe"") or [""weekly""])[0], ""weekly"")"	INFERRED_FROM_SOURCE	Manual verification required
RTE-000485	SOURCE_ROUTE_CANDIDATE	GET	content-type	backend/ndsp-trial-register-canonical-wrapper/server.js	176	2701f83db0bade5221ad209a1f6e4d5ed039f3d46b7375289ffddcabd7446540	"""Content-Type"": data ? ""application/json; charset=utf-8"" : (upstreamResp.headers.get(""content-type"") || ""text/plain""),"	INFERRED_FROM_SOURCE	Manual verification required
RTE-000486	SOURCE_ROUTE_CANDIDATE	GET	SMTP_HOST	backend/ndsp-user-alert-channels/server.js	426	153c42a125dc0cb31158855e8a2ddc13be419d7faaac3bd81e13f1f7edc25d76	"host=os.environ.get(""SMTP_HOST"","""")"	INFERRED_FROM_SOURCE	Manual verification required
RTE-000487	SOURCE_ROUTE_CANDIDATE	GET	SMTP_PORT	backend/ndsp-user-alert-channels/server.js	427	153c42a125dc0cb31158855e8a2ddc13be419d7faaac3bd81e13f1f7edc25d76	"port=int(os.environ.get(""SMTP_PORT"",""587"") or ""587"")"	INFERRED_FROM_SOURCE	Manual verification required
RTE-000488	SOURCE_ROUTE_CANDIDATE	GET	SMTP_USER	backend/ndsp-user-alert-channels/server.js	428	153c42a125dc0cb31158855e8a2ddc13be419d7faaac3bd81e13f1f7edc25d76	"user=os.environ.get(""SMTP_USER"","""")"	INFERRED_FROM_SOURCE	Manual verification required
RTE-000489	SOURCE_ROUTE_CANDIDATE	GET	SMTP_PASS	backend/ndsp-user-alert-channels/server.js	429	153c42a125dc0cb31158855e8a2ddc13be419d7faaac3bd81e13f1f7edc25d76	"pwd=os.environ.get(""SMTP_PASS"") or os.environ.get(""SMTP_PASSWORD"","""")"	INFERRED_FROM_SOURCE	Manual verification required
RTE-000490	SOURCE_ROUTE_CANDIDATE	GET	SMTP_FROM	backend/ndsp-user-alert-channels/server.js	430	153c42a125dc0cb31158855e8a2ddc13be419d7faaac3bd81e13f1f7edc25d76	"sender=os.environ.get(""SMTP_FROM"") or os.environ.get(""MAIL_FROM"") or os.environ.get(""EMAIL_FROM"") or user"	INFERRED_FROM_SOURCE	Manual verification required
RTE-000491	SOURCE_ROUTE_CANDIDATE	GET	to	backend/ndsp-user-alert-channels/server.js	432	153c42a125dc0cb31158855e8a2ddc13be419d7faaac3bd81e13f1f7edc25d76	"if not host or not sender or not d.get(""to""):"	INFERRED_FROM_SOURCE	Manual verification required
RTE-000492	SOURCE_ROUTE_CANDIDATE	GET	/api/admin/users/action/health	backend/ndsp_admin_actions_authoritative.cjs	205	19360fb2888de3ba91fa64f6441a10362372c79fecd85c323dbcc0078d61e405	app.get('/api/admin/users/action/health', function(req, res) {	INFERRED_FROM_SOURCE	Manual verification required
RTE-000493	SOURCE_ROUTE_CANDIDATE	GET	/api/admin-actions/users/action/health	backend/ndsp_admin_actions_bypass_old_middleware.cjs	225	7ce371a43e163bbb8ee7ed8285678930dcf48ac5ed556de1870745989b4c6391	app.get('/api/admin-actions/users/action/health', function(req, res) {	INFERRED_FROM_SOURCE	Manual verification required
RTE-000494	SOURCE_ROUTE_CANDIDATE	POST	/api/admin-actions/users/action	backend/ndsp_admin_actions_bypass_old_middleware.cjs	237	7ce371a43e163bbb8ee7ed8285678930dcf48ac5ed556de1870745989b4c6391	app.post('/api/admin-actions/users/action', async function(req, res) {	INFERRED_FROM_SOURCE	Manual verification required
RTE-000495	SOURCE_ROUTE_CANDIDATE	GET	plan_id	backend/ndsp_admin_extension.cjs	89	b40726c1784c46f55f467fbd1cf70e927c547ebdf183f22f8c7fc4f2ec84895c	['int4', 'int8'].includes(cache.userColumns.get('plan_id'))	INFERRED_FROM_SOURCE	Manual verification required
RTE-000496	SOURCE_ROUTE_CANDIDATE	GET	/health	backend/ndsp_admin_extension.cjs	231	b40726c1784c46f55f467fbd1cf70e927c547ebdf183f22f8c7fc4f2ec84895c	admin.get('/health', (_req, res) => res.json({ ok: true, service: 'ndsp-admin-api' }));	INFERRED_FROM_SOURCE	Manual verification required
RTE-000497	SOURCE_ROUTE_CANDIDATE	GET	/users	backend/ndsp_admin_extension.cjs	233	b40726c1784c46f55f467fbd1cf70e927c547ebdf183f22f8c7fc4f2ec84895c	admin.get('/users', async (_req, res) => {	INFERRED_FROM_SOURCE	Manual verification required
RTE-000498	SOURCE_ROUTE_CANDIDATE	PATCH	/users/:id	backend/ndsp_admin_extension.cjs	245	b40726c1784c46f55f467fbd1cf70e927c547ebdf183f22f8c7fc4f2ec84895c	admin.patch('/users/:id', async (req, res) => {	INFERRED_FROM_SOURCE	Manual verification required
RTE-000499	SOURCE_ROUTE_CANDIDATE	POST	/users/:id/suspend	backend/ndsp_admin_extension.cjs	295	b40726c1784c46f55f467fbd1cf70e927c547ebdf183f22f8c7fc4f2ec84895c	admin.post('/users/:id/suspend', async (req, res) => {	INFERRED_FROM_SOURCE	Manual verification required
RTE-000500	SOURCE_ROUTE_CANDIDATE	POST	/users/:id/activate	backend/ndsp_admin_extension.cjs	300	b40726c1784c46f55f467fbd1cf70e927c547ebdf183f22f8c7fc4f2ec84895c	admin.post('/users/:id/activate', async (req, res) => {	INFERRED_FROM_SOURCE	Manual verification required
RTE-000501	SOURCE_ROUTE_CANDIDATE	DELETE	/users/:id	backend/ndsp_admin_extension.cjs	305	b40726c1784c46f55f467fbd1cf70e927c547ebdf183f22f8c7fc4f2ec84895c	admin.delete('/users/:id', async (req, res) => {	INFERRED_FROM_SOURCE	Manual verification required
RTE-000502	SOURCE_ROUTE_CANDIDATE	GET	/plans	backend/ndsp_admin_extension.cjs	322	b40726c1784c46f55f467fbd1cf70e927c547ebdf183f22f8c7fc4f2ec84895c	admin.get('/plans', async (_req, res) => {	INFERRED_FROM_SOURCE	Manual verification required
RTE-000503	SOURCE_ROUTE_CANDIDATE	POST	/plans	backend/ndsp_admin_extension.cjs	327	b40726c1784c46f55f467fbd1cf70e927c547ebdf183f22f8c7fc4f2ec84895c	admin.post('/plans', async (req, res) => {	INFERRED_FROM_SOURCE	Manual verification required
RTE-000504	SOURCE_ROUTE_CANDIDATE	PATCH	/plans/:id	backend/ndsp_admin_extension.cjs	352	b40726c1784c46f55f467fbd1cf70e927c547ebdf183f22f8c7fc4f2ec84895c	admin.patch('/plans/:id', async (req, res) => {	INFERRED_FROM_SOURCE	Manual verification required
RTE-000505	SOURCE_ROUTE_CANDIDATE	DELETE	/plans/:id	backend/ndsp_admin_extension.cjs	387	b40726c1784c46f55f467fbd1cf70e927c547ebdf183f22f8c7fc4f2ec84895c	admin.delete('/plans/:id', async (req, res) => {	INFERRED_FROM_SOURCE	Manual verification required
RTE-000506	SOURCE_ROUTE_CANDIDATE	GET	/layers	backend/ndsp_admin_extension.cjs	404	b40726c1784c46f55f467fbd1cf70e927c547ebdf183f22f8c7fc4f2ec84895c	admin.get('/layers', async (_req, res) => {	INFERRED_FROM_SOURCE	Manual verification required
RTE-000507	SOURCE_ROUTE_CANDIDATE	POST	/layers	backend/ndsp_admin_extension.cjs	420	b40726c1784c46f55f467fbd1cf70e927c547ebdf183f22f8c7fc4f2ec84895c	admin.post('/layers', async (req, res) => {	INFERRED_FROM_SOURCE	Manual verification required
RTE-000508	SOURCE_ROUTE_CANDIDATE	PATCH	/layers/:id	backend/ndsp_admin_extension.cjs	443	b40726c1784c46f55f467fbd1cf70e927c547ebdf183f22f8c7fc4f2ec84895c	admin.patch('/layers/:id', async (req, res) => {	INFERRED_FROM_SOURCE	Manual verification required
RTE-000509	SOURCE_ROUTE_CANDIDATE	PUT	/layers/:id/plans	backend/ndsp_admin_extension.cjs	480	b40726c1784c46f55f467fbd1cf70e927c547ebdf183f22f8c7fc4f2ec84895c	admin.put('/layers/:id/plans', async (req, res) => {	INFERRED_FROM_SOURCE	Manual verification required
RTE-000510	SOURCE_ROUTE_CANDIDATE	DELETE	/layers/:id	backend/ndsp_admin_extension.cjs	509	b40726c1784c46f55f467fbd1cf70e927c547ebdf183f22f8c7fc4f2ec84895c	admin.delete('/layers/:id', async (req, res) => {	INFERRED_FROM_SOURCE	Manual verification required
RTE-000511	SOURCE_ROUTE_CANDIDATE	GET	/assets	backend/ndsp_admin_extension.cjs	523	b40726c1784c46f55f467fbd1cf70e927c547ebdf183f22f8c7fc4f2ec84895c	admin.get('/assets', async (_req, res) => {	INFERRED_FROM_SOURCE	Manual verification required
RTE-000512	SOURCE_ROUTE_CANDIDATE	POST	/assets	backend/ndsp_admin_extension.cjs	528	b40726c1784c46f55f467fbd1cf70e927c547ebdf183f22f8c7fc4f2ec84895c	admin.post('/assets', async (req, res) => {	INFERRED_FROM_SOURCE	Manual verification required
RTE-000513	SOURCE_ROUTE_CANDIDATE	PATCH	/assets/:code	backend/ndsp_admin_extension.cjs	552	b40726c1784c46f55f467fbd1cf70e927c547ebdf183f22f8c7fc4f2ec84895c	admin.patch('/assets/:code', async (req, res) => {	INFERRED_FROM_SOURCE	Manual verification required
RTE-000514	SOURCE_ROUTE_CANDIDATE	GET	/settings	backend/ndsp_admin_extension.cjs	576	b40726c1784c46f55f467fbd1cf70e927c547ebdf183f22f8c7fc4f2ec84895c	admin.get('/settings', async (_req, res) => {	INFERRED_FROM_SOURCE	Manual verification required
RTE-000515	SOURCE_ROUTE_CANDIDATE	PUT	/settings	backend/ndsp_admin_extension.cjs	584	b40726c1784c46f55f467fbd1cf70e927c547ebdf183f22f8c7fc4f2ec84895c	admin.put('/settings', async (req, res) => {	INFERRED_FROM_SOURCE	Manual verification required
RTE-000516	SOURCE_ROUTE_CANDIDATE	POST	/settings/coupons	backend/ndsp_admin_extension.cjs	618	b40726c1784c46f55f467fbd1cf70e927c547ebdf183f22f8c7fc4f2ec84895c	admin.post('/settings/coupons', async (req, res) => {	INFERRED_FROM_SOURCE	Manual verification required
RTE-000517	SOURCE_ROUTE_CANDIDATE	PATCH	/settings/coupons/:id	backend/ndsp_admin_extension.cjs	641	b40726c1784c46f55f467fbd1cf70e927c547ebdf183f22f8c7fc4f2ec84895c	admin.patch('/settings/coupons/:id', async (req, res) => {	INFERRED_FROM_SOURCE	Manual verification required
RTE-000518	SOURCE_ROUTE_CANDIDATE	DELETE	/settings/coupons/:id	backend/ndsp_admin_extension.cjs	668	b40726c1784c46f55f467fbd1cf70e927c547ebdf183f22f8c7fc4f2ec84895c	admin.delete('/settings/coupons/:id', async (req, res) => {	INFERRED_FROM_SOURCE	Manual verification required
RTE-000519	SOURCE_ROUTE_CANDIDATE	GET	/audit	backend/ndsp_admin_extension.cjs	681	b40726c1784c46f55f467fbd1cf70e927c547ebdf183f22f8c7fc4f2ec84895c	admin.get('/audit', async (req, res) => {	INFERRED_FROM_SOURCE	Manual verification required
RTE-000520	SOURCE_ROUTE_CANDIDATE	GET	/plans	backend/ndsp_admin_extension.cjs	692	b40726c1784c46f55f467fbd1cf70e927c547ebdf183f22f8c7fc4f2ec84895c	pub.get('/plans', async (_req, res) => {	INFERRED_FROM_SOURCE	Manual verification required
RTE-000521	SOURCE_ROUTE_CANDIDATE	GET	/assets	backend/ndsp_admin_extension.cjs	702	b40726c1784c46f55f467fbd1cf70e927c547ebdf183f22f8c7fc4f2ec84895c	pub.get('/assets', async (_req, res) => {	INFERRED_FROM_SOURCE	Manual verification required
RTE-000522	SOURCE_ROUTE_CANDIDATE	GET	/layers	backend/ndsp_admin_extension.cjs	712	b40726c1784c46f55f467fbd1cf70e927c547ebdf183f22f8c7fc4f2ec84895c	pub.get('/layers', optionalUser, async (req, res) => {	INFERRED_FROM_SOURCE	Manual verification required
RTE-000523	SOURCE_ROUTE_CANDIDATE	GET	/api/admin-ui/health	backend/ndsp_admin_ui_proxy.cjs	352	73baa76f5df53e80b55839a950bef6d02eb92cf331eb5e161a4fe90eb1ffdb32	app.get('/api/admin-ui/health', adminOnly, async (_req, res) => {	INFERRED_FROM_SOURCE	Manual verification required
RTE-000524	SOURCE_ROUTE_CANDIDATE	GET	/api/admin-ui/summary	backend/ndsp_admin_ui_proxy.cjs	368	73baa76f5df53e80b55839a950bef6d02eb92cf331eb5e161a4fe90eb1ffdb32	app.get('/api/admin-ui/summary', adminOnly, async (_req, res) => {	INFERRED_FROM_SOURCE	Manual verification required
RTE-000525	SOURCE_ROUTE_CANDIDATE	GET	/api/admin-ui/users	backend/ndsp_admin_ui_proxy.cjs	395	73baa76f5df53e80b55839a950bef6d02eb92cf331eb5e161a4fe90eb1ffdb32	app.get('/api/admin-ui/users', adminOnly, async (_req, res) => {	INFERRED_FROM_SOURCE	Manual verification required
RTE-000526	SOURCE_ROUTE_CANDIDATE	GET	/api/admin-ui/payments	backend/ndsp_admin_ui_proxy.cjs	421	73baa76f5df53e80b55839a950bef6d02eb92cf331eb5e161a4fe90eb1ffdb32	app.get('/api/admin-ui/payments', adminOnly, async (_req, res) => {	INFERRED_FROM_SOURCE	Manual verification required
RTE-000527	SOURCE_ROUTE_CANDIDATE	GET	/api/admin-ui/trials	backend/ndsp_admin_ui_proxy.cjs	430	73baa76f5df53e80b55839a950bef6d02eb92cf331eb5e161a4fe90eb1ffdb32	app.get('/api/admin-ui/trials', adminOnly, async (_req, res) => {	INFERRED_FROM_SOURCE	Manual verification required
RTE-000528	SOURCE_ROUTE_CANDIDATE	GET	/api/admin-ui/packages	backend/ndsp_admin_ui_proxy.cjs	448	73baa76f5df53e80b55839a950bef6d02eb92cf331eb5e161a4fe90eb1ffdb32	app.get('/api/admin-ui/packages', adminOnly, async (_req, res) => {	INFERRED_FROM_SOURCE	Manual verification required
RTE-000529	SOURCE_ROUTE_CANDIDATE	GET	/api/admin-ui/markets	backend/ndsp_admin_ui_proxy.cjs	468	73baa76f5df53e80b55839a950bef6d02eb92cf331eb5e161a4fe90eb1ffdb32	app.get('/api/admin-ui/markets', adminOnly, async (_req, res) => {	INFERRED_FROM_SOURCE	Manual verification required
RTE-000530	SOURCE_ROUTE_CANDIDATE	GET	/api/admin-ui/alerts	backend/ndsp_admin_ui_proxy.cjs	486	73baa76f5df53e80b55839a950bef6d02eb92cf331eb5e161a4fe90eb1ffdb32	app.get('/api/admin-ui/alerts', adminOnly, async (_req, res) => {	INFERRED_FROM_SOURCE	Manual verification required
RTE-000531	SOURCE_ROUTE_CANDIDATE	POST	/api/admin-ui/alerts/channel	backend/ndsp_admin_ui_proxy.cjs	534	73baa76f5df53e80b55839a950bef6d02eb92cf331eb5e161a4fe90eb1ffdb32	app.post('/api/admin-ui/alerts/channel', adminOnly, async (req, res) => {	INFERRED_FROM_SOURCE	Manual verification required
RTE-000532	SOURCE_ROUTE_CANDIDATE	POST	/api/admin-ui/alerts/test	backend/ndsp_admin_ui_proxy.cjs	559	73baa76f5df53e80b55839a950bef6d02eb92cf331eb5e161a4fe90eb1ffdb32	app.post('/api/admin-ui/alerts/test', adminOnly, async (req, res) => {	INFERRED_FROM_SOURCE	Manual verification required
RTE-000533	SOURCE_ROUTE_CANDIDATE	GET	/api/admin-ui/backups	backend/ndsp_admin_ui_proxy.cjs	648	73baa76f5df53e80b55839a950bef6d02eb92cf331eb5e161a4fe90eb1ffdb32	app.get('/api/admin-ui/backups', adminOnly, async (_req, res) => {	INFERRED_FROM_SOURCE	Manual verification required
RTE-000534	SOURCE_ROUTE_CANDIDATE	GET	/api/admin-ui/governance	backend/ndsp_admin_ui_proxy.cjs	669	73baa76f5df53e80b55839a950bef6d02eb92cf331eb5e161a4fe90eb1ffdb32	app.get('/api/admin-ui/governance', adminOnly, async (_req, res) => {	INFERRED_FROM_SOURCE	Manual verification required
RTE-000535	SOURCE_ROUTE_CANDIDATE	POST	/api/admin-ui/action	backend/ndsp_admin_ui_proxy.cjs	685	73baa76f5df53e80b55839a950bef6d02eb92cf331eb5e161a4fe90eb1ffdb32	app.post('/api/admin-ui/action', adminOnly, async (req, res) => {	INFERRED_FROM_SOURCE	Manual verification required
RTE-000536	SOURCE_ROUTE_CANDIDATE	GET	/health	backend/ndsp_api_compat_gateway.cjs	75	915359e511f0872dbdc949aab4bfc90ff4e7f44832082c8b3e2fc008d5b4b4a3	app.get('/health', async (_req, res) => {	INFERRED_FROM_SOURCE	Manual verification required
RTE-000537	SOURCE_ROUTE_CANDIDATE	GET	/api/account/trial	backend/ndsp_api_compat_gateway.cjs	94	915359e511f0872dbdc949aab4bfc90ff4e7f44832082c8b3e2fc008d5b4b4a3	app.get('/api/account/trial', authRequired, async (req, res) => {	INFERRED_FROM_SOURCE	Manual verification required
RTE-000538	SOURCE_ROUTE_CANDIDATE	GET	/api/packages	backend/ndsp_api_compat_gateway.cjs	135	915359e511f0872dbdc949aab4bfc90ff4e7f44832082c8b3e2fc008d5b4b4a3	app.get('/api/packages', async (_req, res) => {	INFERRED_FROM_SOURCE	Manual verification required
RTE-000539	SOURCE_ROUTE_CANDIDATE	GET	/api/markets	backend/ndsp_api_compat_gateway.cjs	165	915359e511f0872dbdc949aab4bfc90ff4e7f44832082c8b3e2fc008d5b4b4a3	app.get('/api/markets', async (_req, res) => {	INFERRED_FROM_SOURCE	Manual verification required
RTE-000540	SOURCE_ROUTE_CANDIDATE	GET	/api/alerts/status	backend/ndsp_api_compat_gateway.cjs	192	915359e511f0872dbdc949aab4bfc90ff4e7f44832082c8b3e2fc008d5b4b4a3	app.get('/api/alerts/status', authRequired, async (req, res) => {	INFERRED_FROM_SOURCE	Manual verification required
RTE-000541	SOURCE_ROUTE_CANDIDATE	GET	/api/payments/status	backend/ndsp_api_compat_gateway.cjs	219	915359e511f0872dbdc949aab4bfc90ff4e7f44832082c8b3e2fc008d5b4b4a3	app.get('/api/payments/status', authRequired, async (req, res) => {	INFERRED_FROM_SOURCE	Manual verification required
RTE-000542	SOURCE_ROUTE_CANDIDATE	GET	long	backend/ndsp_latest_16_layers_logic_functions.py	567	750a5d8fdd650c34a041c958c55239cb93d8451a23793eeebcc79dba951ea2d3	"am_overall, am_overall_net = _ndsp_direction_from_long_short(am.get(""long""), am.get(""short"")) if am.get(""has_current_totals"") else ("	INFERRED_FROM_SOURCE	Manual verification required
RTE-000543	SOURCE_ROUTE_CANDIDATE	GET	long	backend/ndsp_latest_16_layers_logic_functions.py	572	750a5d8fdd650c34a041c958c55239cb93d8451a23793eeebcc79dba951ea2d3	"lf_overall, lf_overall_net = _ndsp_direction_from_long_short(lf.get(""long""), lf.get(""short"")) if lf.get(""has_current_totals"") else ("	INFERRED_FROM_SOURCE	Manual verification required
RTE-000544	SOURCE_ROUTE_CANDIDATE	GET	change_long	backend/ndsp_latest_16_layers_logic_functions.py	578	750a5d8fdd650c34a041c958c55239cb93d8451a23793eeebcc79dba951ea2d3	"am_weekly, am_weekly_delta = _ndsp_weekly_direction_from_changes(am.get(""change_long""), am.get(""change_short"")) if am.get(""has_weekly_changes"") else (""NEUTRAL"", None)"	INFERRED_FROM_SOURCE	Manual verification required
RTE-000545	SOURCE_ROUTE_CANDIDATE	GET	change_long	backend/ndsp_latest_16_layers_logic_functions.py	579	750a5d8fdd650c34a041c958c55239cb93d8451a23793eeebcc79dba951ea2d3	"lf_weekly, lf_weekly_delta = _ndsp_weekly_direction_from_changes(lf.get(""change_long""), lf.get(""change_short"")) if lf.get(""has_weekly_changes"") else (""NEUTRAL"", None)"	INFERRED_FROM_SOURCE	Manual verification required
RTE-000546	SOURCE_ROUTE_CANDIDATE	GET	long	backend/ndsp_latest_16_layers_logic_functions.py	598	750a5d8fdd650c34a041c958c55239cb93d8451a23793eeebcc79dba951ea2d3	"""asset_managers_long"": am.get(""long""),"	INFERRED_FROM_SOURCE	Manual verification required
RTE-000547	SOURCE_ROUTE_CANDIDATE	GET	short	backend/ndsp_latest_16_layers_logic_functions.py	599	750a5d8fdd650c34a041c958c55239cb93d8451a23793eeebcc79dba951ea2d3	"""asset_managers_short"": am.get(""short""),"	INFERRED_FROM_SOURCE	Manual verification required
RTE-000548	SOURCE_ROUTE_CANDIDATE	GET	change_long	backend/ndsp_latest_16_layers_logic_functions.py	600	750a5d8fdd650c34a041c958c55239cb93d8451a23793eeebcc79dba951ea2d3	"""asset_managers_change_long"": am.get(""change_long""),"	INFERRED_FROM_SOURCE	Manual verification required
RTE-000549	SOURCE_ROUTE_CANDIDATE	GET	change_short	backend/ndsp_latest_16_layers_logic_functions.py	601	750a5d8fdd650c34a041c958c55239cb93d8451a23793eeebcc79dba951ea2d3	"""asset_managers_change_short"": am.get(""change_short""),"	INFERRED_FROM_SOURCE	Manual verification required
RTE-000550	SOURCE_ROUTE_CANDIDATE	GET	long	backend/ndsp_latest_16_layers_logic_functions.py	603	750a5d8fdd650c34a041c958c55239cb93d8451a23793eeebcc79dba951ea2d3	"""leveraged_funds_long"": lf.get(""long""),"	INFERRED_FROM_SOURCE	Manual verification required
RTE-000551	SOURCE_ROUTE_CANDIDATE	GET	short	backend/ndsp_latest_16_layers_logic_functions.py	604	750a5d8fdd650c34a041c958c55239cb93d8451a23793eeebcc79dba951ea2d3	"""leveraged_funds_short"": lf.get(""short""),"	INFERRED_FROM_SOURCE	Manual verification required
RTE-000552	SOURCE_ROUTE_CANDIDATE	GET	change_long	backend/ndsp_latest_16_layers_logic_functions.py	605	750a5d8fdd650c34a041c958c55239cb93d8451a23793eeebcc79dba951ea2d3	"""leveraged_funds_change_long"": lf.get(""change_long""),"	INFERRED_FROM_SOURCE	Manual verification required
RTE-000553	SOURCE_ROUTE_CANDIDATE	GET	change_short	backend/ndsp_latest_16_layers_logic_functions.py	606	750a5d8fdd650c34a041c958c55239cb93d8451a23793eeebcc79dba951ea2d3	"""leveraged_funds_change_short"": lf.get(""change_short""),"	INFERRED_FROM_SOURCE	Manual verification required
RTE-000554	SOURCE_ROUTE_CANDIDATE	GET	has_current_totals	backend/ndsp_latest_16_layers_logic_functions.py	641	750a5d8fdd650c34a041c958c55239cb93d8451a23793eeebcc79dba951ea2d3	"""has_current_totals"": bool(am.get(""has_current_totals"")),"	INFERRED_FROM_SOURCE	Manual verification required
RTE-000555	SOURCE_ROUTE_CANDIDATE	GET	has_weekly_changes	backend/ndsp_latest_16_layers_logic_functions.py	642	750a5d8fdd650c34a041c958c55239cb93d8451a23793eeebcc79dba951ea2d3	"""has_weekly_changes"": bool(am.get(""has_weekly_changes"")),"	INFERRED_FROM_SOURCE	Manual verification required
RTE-000556	SOURCE_ROUTE_CANDIDATE	GET	timeframe	backend/ndsp_latest_16_layers_logic_functions.py	1078	750a5d8fdd650c34a041c958c55239cb93d8451a23793eeebcc79dba951ea2d3	"group = [x for x in results if x.get(""timeframe"") == tf]"	INFERRED_FROM_SOURCE	Manual verification required
RTE-000557	SOURCE_ROUTE_CANDIDATE	GET	indicator	backend/ndsp_latest_16_layers_logic_functions.py	1080	750a5d8fdd650c34a041c958c55239cb93d8451a23793eeebcc79dba951ea2d3	"primary = next((x for x in group if x.get(""indicator"") == ind), None)"	INFERRED_FROM_SOURCE	Manual verification required
RTE-000558	SOURCE_ROUTE_CANDIDATE	GET	nmp_level	backend/ndsp_latest_16_layers_logic_functions.py	1086	750a5d8fdd650c34a041c958c55239cb93d8451a23793eeebcc79dba951ea2d3	"primary_level = primary.get(""nmp_level"") if primary else None"	INFERRED_FROM_SOURCE	Manual verification required
RTE-000559	SOURCE_ROUTE_CANDIDATE	GET	output	backend/ndsp_latest_16_layers_logic_functions.py	1571	750a5d8fdd650c34a041c958c55239cb93d8451a23793eeebcc79dba951ea2d3	"out = result.get(""output"", {})"	INFERRED_FROM_SOURCE	Manual verification required
RTE-000560	SOURCE_ROUTE_CANDIDATE	GET	allowed	backend/ndsp_latest_16_layers_logic_functions.py	1578	750a5d8fdd650c34a041c958c55239cb93d8451a23793eeebcc79dba951ea2d3	"context[""timing_allowed""] = out.get(""allowed"")"	INFERRED_FROM_SOURCE	Manual verification required
RTE-000561	SOURCE_ROUTE_CANDIDATE	GET	tdl_state	backend/ndsp_latest_16_layers_logic_functions.py	1581	750a5d8fdd650c34a041c958c55239cb93d8451a23793eeebcc79dba951ea2d3	"context[""tdl_state""] = out.get(""tdl_state"")"	INFERRED_FROM_SOURCE	Manual verification required
RTE-000562	SOURCE_ROUTE_CANDIDATE	GET	tdl_bias	backend/ndsp_latest_16_layers_logic_functions.py	1582	750a5d8fdd650c34a041c958c55239cb93d8451a23793eeebcc79dba951ea2d3	"context[""tdl_bias""] = out.get(""tdl_bias"")"	INFERRED_FROM_SOURCE	Manual verification required
RTE-000563	SOURCE_ROUTE_CANDIDATE	GET	zone_state	backend/ndsp_latest_16_layers_logic_functions.py	1584	750a5d8fdd650c34a041c958c55239cb93d8451a23793eeebcc79dba951ea2d3	"context[""nmp_confirmed""] = out.get(""zone_state"") == ""INSIDE_REFERENCE_ZONE"""	INFERRED_FROM_SOURCE	Manual verification required
RTE-000564	SOURCE_ROUTE_CANDIDATE	GET	blocked	backend/ndsp_latest_16_layers_logic_functions.py	1586	750a5d8fdd650c34a041c958c55239cb93d8451a23793eeebcc79dba951ea2d3	"context[""black_blocked""] = out.get(""blocked"")"	INFERRED_FROM_SOURCE	Manual verification required
RTE-000565	SOURCE_ROUTE_CANDIDATE	GET	execution_allowed	backend/ndsp_latest_16_layers_logic_functions.py	1588	750a5d8fdd650c34a041c958c55239cb93d8451a23793eeebcc79dba951ea2d3	"context[""risk_allowed""] = out.get(""execution_allowed"")"	INFERRED_FROM_SOURCE	Manual verification required
RTE-000566	SOURCE_ROUTE_CANDIDATE	GET	final_decision_state	backend/ndsp_latest_16_layers_logic_functions.py	1590	750a5d8fdd650c34a041c958c55239cb93d8451a23793eeebcc79dba951ea2d3	"context[""final_decision_state""] = out.get(""final_decision_state"")"	INFERRED_FROM_SOURCE	Manual verification required
RTE-000567	SOURCE_ROUTE_CANDIDATE	GET	confidence	backend/ndsp_latest_16_layers_logic_functions.py	1597	750a5d8fdd650c34a041c958c55239cb93d8451a23793eeebcc79dba951ea2d3	"avg_conf = int(sum(int(x.get(""confidence"", 0)) for x in results) / len(results))"	INFERRED_FROM_SOURCE	Manual verification required
RTE-000568	SOURCE_ROUTE_CANDIDATE	GET	category	backend/ndsp_live_market_adapter.cjs	301	bf022671b92ba0903d7c05063e44309c6d603beb6152d1b90acfd67f0d23b420	"const category = clean(url.searchParams.get(""category"")).toLowerCase();"	INFERRED_FROM_SOURCE	Manual verification required
RTE-000569	SOURCE_ROUTE_CANDIDATE	GET	symbol	backend/ndsp_live_market_adapter.cjs	302	bf022671b92ba0903d7c05063e44309c6d603beb6152d1b90acfd67f0d23b420	"const symbol = clean(url.searchParams.get(""symbol"")).toUpperCase();"	INFERRED_FROM_SOURCE	Manual verification required
RTE-000570	SOURCE_ROUTE_CANDIDATE	GET	symbol	backend/ndsp_live_market_adapter.cjs	351	bf022671b92ba0903d7c05063e44309c6d603beb6152d1b90acfd67f0d23b420	"const symbol = url.searchParams.get(""symbol"");"	INFERRED_FROM_SOURCE	Manual verification required
RTE-000571	SOURCE_ROUTE_CANDIDATE	GET	plan_id	backend/ndsp_nowpayments.cjs	108	c86c22a98ab21e9c4befc6ba3cc35f3f4336432f573dbf398ee80ab259ba08ef	if (cols.has('plan_id') && ['int4', 'int8'].includes(cols.get('plan_id'))) return 'plan_id';	INFERRED_FROM_SOURCE	Manual verification required
RTE-000572	SOURCE_ROUTE_CANDIDATE	GET	/nowpayments/health	backend/ndsp_nowpayments.cjs	163	c86c22a98ab21e9c4befc6ba3cc35f3f4336432f573dbf398ee80ab259ba08ef	router.get('/nowpayments/health', (_req, res) => {	INFERRED_FROM_SOURCE	Manual verification required
RTE-000573	SOURCE_ROUTE_CANDIDATE	POST	/checkout/create	backend/ndsp_nowpayments.cjs	171	c86c22a98ab21e9c4befc6ba3cc35f3f4336432f573dbf398ee80ab259ba08ef	router.post('/checkout/create', async (req, res) => {	INFERRED_FROM_SOURCE	Manual verification required
RTE-000574	SOURCE_ROUTE_CANDIDATE	GET	/webhooks/nowpayments	backend/ndsp_nowpayments.cjs	328	c86c22a98ab21e9c4befc6ba3cc35f3f4336432f573dbf398ee80ab259ba08ef	router.get('/webhooks/nowpayments', (_req, res) => {	INFERRED_FROM_SOURCE	Manual verification required
RTE-000575	SOURCE_ROUTE_CANDIDATE	POST	/webhooks/nowpayments	backend/ndsp_nowpayments.cjs	338	c86c22a98ab21e9c4befc6ba3cc35f3f4336432f573dbf398ee80ab259ba08ef	router.post('/webhooks/nowpayments', async (req, res) => {	INFERRED_FROM_SOURCE	Manual verification required
RTE-000576	SOURCE_ROUTE_CANDIDATE	GET	scripts	backend/ndsp_one_device_one_account.sh	365	fc09890ff2e349def4a324536c45629fcd708f40c4f4c573ee58d0204d68174b	"scripts = pkg.get(""scripts"", {})"	INFERRED_FROM_SOURCE	Manual verification required
RTE-000577	SOURCE_ROUTE_CANDIDATE	GET	main	backend/ndsp_one_device_one_account.sh	372	fc09890ff2e349def4a324536c45629fcd708f40c4f4c573ee58d0204d68174b	"if pkg.get(""main""):"	INFERRED_FROM_SOURCE	Manual verification required
RTE-000578	SOURCE_ROUTE_CANDIDATE	GET	type	backend/ndsp_one_device_one_account.sh	414	fc09890ff2e349def4a324536c45629fcd708f40c4f4c573ee58d0204d68174b	"pkg_type_module = pkg.get(""type"") == ""module"""	INFERRED_FROM_SOURCE	Manual verification required
RTE-000579	SOURCE_ROUTE_CANDIDATE	GET	symbol	backend/ndsp_scenario_levels_adapter.cjs	300	eb7f7a8dba756080c7ace4d5ec263976180ebdf54f98236df114b2dd389b2eb7	"const symbol = u.searchParams.get(""symbol"") || ""XAUUSD"";"	INFERRED_FROM_SOURCE	Manual verification required
RTE-000580	SOURCE_ROUTE_CANDIDATE	GET	plan_id	backend/ndsp_trial_info.cjs	36	19ec66fd3067ebbd440a4dd90ac1d9bf8334f840df3389c7ca4093fe9c6e0dbb	if (cols.has('plan_id') && ['int4', 'int8'].includes(cols.get('plan_id'))) return 'plan_id';	INFERRED_FROM_SOURCE	Manual verification required
RTE-000581	SOURCE_ROUTE_CANDIDATE	GET	/trial/info	backend/ndsp_trial_info.cjs	43	19ec66fd3067ebbd440a4dd90ac1d9bf8334f840df3389c7ca4093fe9c6e0dbb	router.get('/trial/info', async (_req, res) => {	INFERRED_FROM_SOURCE	Manual verification required
RTE-000582	SOURCE_ROUTE_CANDIDATE	GET	invite	backend/ndsp_trial_register_gateway.cjs	150	30fca53eedd7fc4946a5e756630c5c1def5e492502e1dea333c850ba3c090cc0	u.searchParams.get('invite') ||	INFERRED_FROM_SOURCE	Manual verification required
RTE-000583	SOURCE_ROUTE_CANDIDATE	GET	code	backend/ndsp_trial_register_gateway.cjs	151	30fca53eedd7fc4946a5e756630c5c1def5e492502e1dea333c850ba3c090cc0	u.searchParams.get('code') ||	INFERRED_FROM_SOURCE	Manual verification required
RTE-000584	SOURCE_ROUTE_CANDIDATE	GET	token	backend/ndsp_trial_register_gateway.cjs	152	30fca53eedd7fc4946a5e756630c5c1def5e492502e1dea333c850ba3c090cc0	u.searchParams.get('token') ||	INFERRED_FROM_SOURCE	Manual verification required
RTE-000585	SOURCE_ROUTE_CANDIDATE	GET	token	backend/ndsp_trial_register_gateway.cjs	531	30fca53eedd7fc4946a5e756630c5c1def5e492502e1dea333c850ba3c090cc0	const token = REDACTED'token') || '');	INFERRED_FROM_SOURCE	Manual verification required
RTE-000586	SOURCE_ROUTE_CANDIDATE	GET	group	backend/ndsp_user_dashboard_gateway.cjs	416	00df7b0f1a1ce584e6bc38e47a6bc91547c4db63824decad9327862acbf2515e	const group = String(u.searchParams.get('group') || 'all').toLowerCase();	INFERRED_FROM_SOURCE	Manual verification required
RTE-000587	SOURCE_ROUTE_CANDIDATE	GET	/api/user-dashboard/saas-policy	backend/ndsp_user_dashboard_gateway.cjs	462	00df7b0f1a1ce584e6bc38e47a6bc91547c4db63824decad9327862acbf2515e	app.get('/api/user-dashboard/saas-policy', (req, res) => {	INFERRED_FROM_SOURCE	Manual verification required
RTE-000588	SOURCE_ROUTE_CANDIDATE	GET	/api/auth/login/health	backend/ndsp_user_login_gateway.cjs	229	dc3536431799897b7a55b4d8a9625a413ced12b218cb1efa654c753783321254	app.get('/api/auth/login/health', (_req, res) => {	INFERRED_FROM_SOURCE	Manual verification required
RTE-000589	SOURCE_ROUTE_CANDIDATE	POST	/api/auth/login	backend/ndsp_user_login_gateway.cjs	238	dc3536431799897b7a55b4d8a9625a413ced12b218cb1efa654c753783321254	app.post('/api/auth/login', async (req, res) => {	INFERRED_FROM_SOURCE	Manual verification required
RTE-000590	SOURCE_ROUTE_CANDIDATE	POST	/api/auth/2fa/login/verify	backend/ndsp_user_login_gateway.cjs	321	dc3536431799897b7a55b4d8a9625a413ced12b218cb1efa654c753783321254	app.post('/api/auth/2fa/login/verify', async (req, res) => {	INFERRED_FROM_SOURCE	Manual verification required
RTE-000591	SOURCE_ROUTE_CANDIDATE	GET	/api/auth/session	backend/ndsp_user_login_gateway.cjs	397	dc3536431799897b7a55b4d8a9625a413ced12b218cb1efa654c753783321254	app.get('/api/auth/session', auth, async (req, res) => {	INFERRED_FROM_SOURCE	Manual verification required
RTE-000592	SOURCE_ROUTE_CANDIDATE	POST	/api/auth/logout	backend/ndsp_user_login_gateway.cjs	403	dc3536431799897b7a55b4d8a9625a413ced12b218cb1efa654c753783321254	app.post('/api/auth/logout', (_req, res) => {	INFERRED_FROM_SOURCE	Manual verification required
RTE-000593	SOURCE_ROUTE_CANDIDATE	GET	/api/auth/2fa/status	backend/ndsp_user_login_gateway.cjs	407	dc3536431799897b7a55b4d8a9625a413ced12b218cb1efa654c753783321254	app.get('/api/auth/2fa/status', auth, async (req, res) => {	INFERRED_FROM_SOURCE	Manual verification required
RTE-000594	SOURCE_ROUTE_CANDIDATE	POST	/api/auth/2fa/setup	backend/ndsp_user_login_gateway.cjs	434	dc3536431799897b7a55b4d8a9625a413ced12b218cb1efa654c753783321254	app.post('/api/auth/2fa/setup', auth, async (req, res) => {	INFERRED_FROM_SOURCE	Manual verification required
RTE-000595	SOURCE_ROUTE_CANDIDATE	POST	/api/auth/2fa/confirm	backend/ndsp_user_login_gateway.cjs	468	dc3536431799897b7a55b4d8a9625a413ced12b218cb1efa654c753783321254	app.post('/api/auth/2fa/confirm', auth, async (req, res) => {	INFERRED_FROM_SOURCE	Manual verification required
RTE-000596	SOURCE_ROUTE_CANDIDATE	POST	/api/auth/2fa/disable	backend/ndsp_user_login_gateway.cjs	490	dc3536431799897b7a55b4d8a9625a413ced12b218cb1efa654c753783321254	app.post('/api/auth/2fa/disable', auth, async (req, res) => {	INFERRED_FROM_SOURCE	Manual verification required
RTE-000597	SOURCE_ROUTE_CANDIDATE	POST	/api/auth/2fa/status	backend/ndsp_user_login_gateway.cjs	572	dc3536431799897b7a55b4d8a9625a413ced12b218cb1efa654c753783321254	app.post('/api/auth/2fa/status', async (req, res) => {	INFERRED_FROM_SOURCE	Manual verification required
RTE-000598	SOURCE_ROUTE_CANDIDATE	POST	/api/auth/2fa/setup/start	backend/ndsp_user_login_gateway.cjs	600	dc3536431799897b7a55b4d8a9625a413ced12b218cb1efa654c753783321254	app.post('/api/auth/2fa/setup/start', async (req, res) => {	INFERRED_FROM_SOURCE	Manual verification required
RTE-000599	SOURCE_ROUTE_CANDIDATE	POST	/api/auth/2fa/setup/confirm	backend/ndsp_user_login_gateway.cjs	636	dc3536431799897b7a55b4d8a9625a413ced12b218cb1efa654c753783321254	app.post('/api/auth/2fa/setup/confirm', async (req, res) => {	INFERRED_FROM_SOURCE	Manual verification required
RTE-000600	SOURCE_ROUTE_CANDIDATE	POST	/api/auth/2fa/setup/skip	backend/ndsp_user_login_gateway.cjs	674	dc3536431799897b7a55b4d8a9625a413ced12b218cb1efa654c753783321254	app.post('/api/auth/2fa/setup/skip', async (req, res) => {	INFERRED_FROM_SOURCE	Manual verification required
RTE-000601	SOURCE_ROUTE_CANDIDATE	POST	/api/auth/2fa/setup/confirm-final	backend/ndsp_user_login_gateway.cjs	701	dc3536431799897b7a55b4d8a9625a413ced12b218cb1efa654c753783321254	app.post('/api/auth/2fa/setup/confirm-final', async (req, res) => {	INFERRED_FROM_SOURCE	Manual verification required
RTE-000602	SOURCE_ROUTE_CANDIDATE	POST	/api/auth/2fa/setup/confirm-speakeasy	backend/ndsp_user_login_gateway.cjs	807	dc3536431799897b7a55b4d8a9625a413ced12b218cb1efa654c753783321254	app.post('/api/auth/2fa/setup/confirm-speakeasy', async (req, res) => {	INFERRED_FROM_SOURCE	Manual verification required
RTE-000603	SOURCE_ROUTE_CANDIDATE	GET	/health	backend/password_reset_gateway/server.js	63	b07b902935bca5057d7d64f5afd1bab510721b0e404bb9e75eacaf3c9b7fe4b3	app.get('/health', async (req, res) => {	INFERRED_FROM_SOURCE	Manual verification required
RTE-000604	SOURCE_ROUTE_CANDIDATE	POST	/api/auth/forgot-password	backend/password_reset_gateway/server.js	72	b07b902935bca5057d7d64f5afd1bab510721b0e404bb9e75eacaf3c9b7fe4b3	app.post('/api/auth/forgot-password', async (req, res) => {	INFERRED_FROM_SOURCE	Manual verification required
RTE-000605	SOURCE_ROUTE_CANDIDATE	POST	/api/auth/reset-password	backend/password_reset_gateway/server.js	115	b07b902935bca5057d7d64f5afd1bab510721b0e404bb9e75eacaf3c9b7fe4b3	app.post('/api/auth/reset-password', async (req, res) => {	INFERRED_FROM_SOURCE	Manual verification required
RTE-000606	SOURCE_ROUTE_CANDIDATE	GET	/health	backend/server.js	166	104c25b6180700f4ced37c402a8aec3ee1ac219122aa4f0375a4f17948c47477	app.get('/health', async (req, res) => {	INFERRED_FROM_SOURCE	Manual verification required
RTE-000607	SOURCE_ROUTE_CANDIDATE	POST	/auth/register	backend/server.js	176	104c25b6180700f4ced37c402a8aec3ee1ac219122aa4f0375a4f17948c47477	app.post('/auth/register', async (req, res) => {	INFERRED_FROM_SOURCE	Manual verification required
RTE-000608	SOURCE_ROUTE_CANDIDATE	POST	/auth/login	backend/server.js	216	104c25b6180700f4ced37c402a8aec3ee1ac219122aa4f0375a4f17948c47477	app.post('/auth/login', async (req, res) => {	INFERRED_FROM_SOURCE	Manual verification required
RTE-000609	SOURCE_ROUTE_CANDIDATE	GET	/me	backend/server.js	256	104c25b6180700f4ced37c402a8aec3ee1ac219122aa4f0375a4f17948c47477	app.get('/me', auth, async (req, res) => {	INFERRED_FROM_SOURCE	Manual verification required
RTE-000610	SOURCE_ROUTE_CANDIDATE	POST	/feedback	backend/server.js	267	104c25b6180700f4ced37c402a8aec3ee1ac219122aa4f0375a4f17948c47477	app.post('/feedback', auth, async (req, res) => {	INFERRED_FROM_SOURCE	Manual verification required
RTE-000611	SOURCE_ROUTE_CANDIDATE	POST	/upgrade-request	backend/server.js	298	104c25b6180700f4ced37c402a8aec3ee1ac219122aa4f0375a4f17948c47477	app.post('/upgrade-request', auth, async (req, res) => {	INFERRED_FROM_SOURCE	Manual verification required
RTE-000612	SOURCE_ROUTE_CANDIDATE	GET	/upgrade-requests/me	backend/server.js	337	104c25b6180700f4ced37c402a8aec3ee1ac219122aa4f0375a4f17948c47477	app.get('/upgrade-requests/me', auth, async (req, res) => {	INFERRED_FROM_SOURCE	Manual verification required
RTE-000613	SOURCE_ROUTE_CANDIDATE	GET	/admin/upgrade-requests	backend/server.js	350	104c25b6180700f4ced37c402a8aec3ee1ac219122aa4f0375a4f17948c47477	app.get('/admin/upgrade-requests', auth, adminOnly, async (req, res) => {	INFERRED_FROM_SOURCE	Manual verification required
RTE-000614	SOURCE_ROUTE_CANDIDATE	POST	/admin/upgrade-requests/:id/review	backend/server.js	364	104c25b6180700f4ced37c402a8aec3ee1ac219122aa4f0375a4f17948c47477	app.post('/admin/upgrade-requests/:id/review', auth, adminOnly, async (req, res) => {	INFERRED_FROM_SOURCE	Manual verification required
RTE-000615	SOURCE_ROUTE_CANDIDATE	GET	/trial/status	backend/server.js	410	104c25b6180700f4ced37c402a8aec3ee1ac219122aa4f0375a4f17948c47477	app.get('/trial/status', auth, async (req, res) => {	INFERRED_FROM_SOURCE	Manual verification required
RTE-000616	SOURCE_ROUTE_CANDIDATE	GET	/admin/feedback	backend/server.js	452	104c25b6180700f4ced37c402a8aec3ee1ac219122aa4f0375a4f17948c47477	app.get('/admin/feedback', auth, adminOnly, async (req, res) => {	INFERRED_FROM_SOURCE	Manual verification required
RTE-000617	SOURCE_ROUTE_CANDIDATE	POST	/admin/feedback/:id/review	backend/server.js	467	104c25b6180700f4ced37c402a8aec3ee1ac219122aa4f0375a4f17948c47477	app.post('/admin/feedback/:id/review', auth, adminOnly, async (req, res) => {	INFERRED_FROM_SOURCE	Manual verification required
RTE-000618	SOURCE_ROUTE_CANDIDATE	GET	/notifications	backend/server.js	524	104c25b6180700f4ced37c402a8aec3ee1ac219122aa4f0375a4f17948c47477	app.get('/notifications', auth, async (req, res) => {	INFERRED_FROM_SOURCE	Manual verification required
RTE-000619	SOURCE_ROUTE_CANDIDATE	POST	/notifications/:id/read	backend/server.js	537	104c25b6180700f4ced37c402a8aec3ee1ac219122aa4f0375a4f17948c47477	app.post('/notifications/:id/read', auth, async (req, res) => {	INFERRED_FROM_SOURCE	Manual verification required
RTE-000620	SOURCE_ROUTE_CANDIDATE	GET	/admin/notifications	backend/server.js	548	104c25b6180700f4ced37c402a8aec3ee1ac219122aa4f0375a4f17948c47477	app.get('/admin/notifications', auth, adminOnly, async (req, res) => {	INFERRED_FROM_SOURCE	Manual verification required
RTE-000621	SOURCE_ROUTE_CANDIDATE	POST	/admin/notifications/send	backend/server.js	561	104c25b6180700f4ced37c402a8aec3ee1ac219122aa4f0375a4f17948c47477	app.post('/admin/notifications/send', auth, adminOnly, async (req, res) => {	INFERRED_FROM_SOURCE	Manual verification required
RTE-000622	SOURCE_ROUTE_CANDIDATE	GET	/plans	backend/server.js	585	104c25b6180700f4ced37c402a8aec3ee1ac219122aa4f0375a4f17948c47477	app.get('/plans', async (req, res) => {	INFERRED_FROM_SOURCE	Manual verification required
RTE-000623	SOURCE_ROUTE_CANDIDATE	GET	/admin/plans	backend/server.js	613	104c25b6180700f4ced37c402a8aec3ee1ac219122aa4f0375a4f17948c47477	app.get('/admin/plans', auth, adminOnly, async (req, res) => {	INFERRED_FROM_SOURCE	Manual verification required
RTE-000624	SOURCE_ROUTE_CANDIDATE	PUT	/admin/plans/:id	backend/server.js	626	104c25b6180700f4ced37c402a8aec3ee1ac219122aa4f0375a4f17948c47477	app.put('/admin/plans/:id', auth, adminOnly, async (req, res) => {	INFERRED_FROM_SOURCE	Manual verification required
RTE-000625	SOURCE_ROUTE_CANDIDATE	POST	/admin/plans/:id/features	backend/server.js	647	104c25b6180700f4ced37c402a8aec3ee1ac219122aa4f0375a4f17948c47477	app.post('/admin/plans/:id/features', auth, adminOnly, async (req, res) => {	INFERRED_FROM_SOURCE	Manual verification required
RTE-000626	SOURCE_ROUTE_CANDIDATE	DELETE	/admin/plan-features/:id	backend/server.js	663	104c25b6180700f4ced37c402a8aec3ee1ac219122aa4f0375a4f17948c47477	app.delete('/admin/plan-features/:id', auth, adminOnly, async (req, res) => {	INFERRED_FROM_SOURCE	Manual verification required
RTE-000627	SOURCE_ROUTE_CANDIDATE	PUT	/admin/plans/:id/layers/:layerKey	backend/server.js	668	104c25b6180700f4ced37c402a8aec3ee1ac219122aa4f0375a4f17948c47477	app.put('/admin/plans/:id/layers/:layerKey', auth, adminOnly, async (req, res) => {	INFERRED_FROM_SOURCE	Manual verification required
RTE-000628	SOURCE_ROUTE_CANDIDATE	GET	/admin/stats	backend/server.js	684	104c25b6180700f4ced37c402a8aec3ee1ac219122aa4f0375a4f17948c47477	app.get('/admin/stats', auth, adminOnly, async (req, res) => {	INFERRED_FROM_SOURCE	Manual verification required
RTE-000629	SOURCE_ROUTE_CANDIDATE	PUT	/admin/users/:id	backend/server.js	700	104c25b6180700f4ced37c402a8aec3ee1ac219122aa4f0375a4f17948c47477	app.put('/admin/users/:id', auth, adminOnly, async (req, res) => {	INFERRED_FROM_SOURCE	Manual verification required
RTE-000630	SOURCE_ROUTE_CANDIDATE	DELETE	/admin/users/:id	backend/server.js	726	104c25b6180700f4ced37c402a8aec3ee1ac219122aa4f0375a4f17948c47477	app.delete('/admin/users/:id', auth, adminOnly, async (req, res) => {	INFERRED_FROM_SOURCE	Manual verification required
RTE-000631	SOURCE_ROUTE_CANDIDATE	GET	/admin/users	backend/server.js	754	104c25b6180700f4ced37c402a8aec3ee1ac219122aa4f0375a4f17948c47477	app.get('/admin/users', auth, adminOnly, async (req, res) => {	INFERRED_FROM_SOURCE	Manual verification required
RTE-000632	SOURCE_ROUTE_CANDIDATE	POST	/api/auth/2fa/setup/start	backend/server.js	816	104c25b6180700f4ced37c402a8aec3ee1ac219122aa4f0375a4f17948c47477	app.post('/api/auth/2fa/setup/start', async (req, res) => {	INFERRED_FROM_SOURCE	Manual verification required
RTE-000633	SOURCE_ROUTE_CANDIDATE	POST	/api/auth/2fa/setup/confirm	backend/server.js	890	104c25b6180700f4ced37c402a8aec3ee1ac219122aa4f0375a4f17948c47477	app.post('/api/auth/2fa/setup/confirm', async (req, res) => {	INFERRED_FROM_SOURCE	Manual verification required
RTE-000634	SOURCE_ROUTE_CANDIDATE	POST	/__retired_api_admin_users_action_legacy	backend/server.js	1003	104c25b6180700f4ced37c402a8aec3ee1ac219122aa4f0375a4f17948c47477	app.post('/__retired_api_admin_users_action_legacy', async (req, res) => {	INFERRED_FROM_SOURCE	Manual verification required
RTE-000635	SOURCE_ROUTE_CANDIDATE	POST	/api/auth/2fa/setup/start	backend/server.js	1085	104c25b6180700f4ced37c402a8aec3ee1ac219122aa4f0375a4f17948c47477	app.post('/api/auth/2fa/setup/start', async (req, res) => {	INFERRED_FROM_SOURCE	Manual verification required
RTE-000636	SOURCE_ROUTE_CANDIDATE	GET	/api/admin/telegram-routing/status	backend/server.js	1265	104c25b6180700f4ced37c402a8aec3ee1ac219122aa4f0375a4f17948c47477	app.get('/api/admin/telegram-routing/status', async (req, res) => {	INFERRED_FROM_SOURCE	Manual verification required
RTE-000637	SOURCE_ROUTE_CANDIDATE	POST	/api/admin/telegram-routing/update	backend/server.js	1312	104c25b6180700f4ced37c402a8aec3ee1ac219122aa4f0375a4f17948c47477	app.post('/api/admin/telegram-routing/update', async (req, res) => {	INFERRED_FROM_SOURCE	Manual verification required
RTE-000638	SOURCE_ROUTE_CANDIDATE	POST	/api/admin/telegram-routing/test	backend/server.js	1406	104c25b6180700f4ced37c402a8aec3ee1ac219122aa4f0375a4f17948c47477	app.post('/api/admin/telegram-routing/test', async (req, res) => {	INFERRED_FROM_SOURCE	Manual verification required
RTE-000639	SOURCE_ROUTE_CANDIDATE	GET	/version	backend/services/bot_execution/framework-adapter.cjs	29	4719655ec3844c1d65652c5db28a8d5458e4513dacbaee2be681f415520e94e2	app.get('/version', (_req, res) => {	INFERRED_FROM_SOURCE	Manual verification required
RTE-000640	SOURCE_ROUTE_CANDIDATE	GET	/about	backend/services/bot_execution/framework-adapter.cjs	40	4719655ec3844c1d65652c5db28a8d5458e4513dacbaee2be681f415520e94e2	app.get('/about', (_req, res) => {	INFERRED_FROM_SOURCE	Manual verification required
RTE-000641	SOURCE_ROUTE_CANDIDATE	GET	/health	backend/services/bot_execution/main.cjs	81	b9cbc6e9ae3317f78e0478460341073afffaae77a242ff4e26cf17c000e8a920	app.get('/health', async (_req, res) => {	INFERRED_FROM_SOURCE	Manual verification required
RTE-000642	SOURCE_ROUTE_CANDIDATE	GET	/api/bot/latest	backend/services/bot_execution/main.cjs	93	b9cbc6e9ae3317f78e0478460341073afffaae77a242ff4e26cf17c000e8a920	app.get('/api/bot/latest', async (_req, res) => {	INFERRED_FROM_SOURCE	Manual verification required
RTE-000643	SOURCE_ROUTE_CANDIDATE	GET	/api/bot/:symbol	backend/services/bot_execution/main.cjs	110	b9cbc6e9ae3317f78e0478460341073afffaae77a242ff4e26cf17c000e8a920	app.get('/api/bot/:symbol', async (req, res) => {	INFERRED_FROM_SOURCE	Manual verification required
RTE-000644	SOURCE_ROUTE_CANDIDATE	POST	/api/bot/simulate	backend/services/bot_execution/main.cjs	127	b9cbc6e9ae3317f78e0478460341073afffaae77a242ff4e26cf17c000e8a920	app.post('/api/bot/simulate', async (req, res) => {	INFERRED_FROM_SOURCE	Manual verification required
RTE-000645	SOURCE_ROUTE_CANDIDATE	GET	/version	backend/services/completed_decision/framework-adapter.cjs	29	6783bf0a83e918a99f704e46f4088bc9fa0e672de4a092e53b246c0874e738dd	app.get('/version', (_req, res) => {	INFERRED_FROM_SOURCE	Manual verification required
RTE-000646	SOURCE_ROUTE_CANDIDATE	GET	/about	backend/services/completed_decision/framework-adapter.cjs	40	6783bf0a83e918a99f704e46f4088bc9fa0e672de4a092e53b246c0874e738dd	app.get('/about', (_req, res) => {	INFERRED_FROM_SOURCE	Manual verification required
RTE-000647	SOURCE_ROUTE_CANDIDATE	GET	/health	backend/services/completed_decision/main.cjs	162	f140d5358d67bb8617a6c1a405dd8eee61651c18d90da4c8779b8e647cd1d5eb	app.get('/health', async (_req, res) => {	INFERRED_FROM_SOURCE	Manual verification required
RTE-000648	SOURCE_ROUTE_CANDIDATE	GET	/api/completed	backend/services/completed_decision/main.cjs	182	f140d5358d67bb8617a6c1a405dd8eee61651c18d90da4c8779b8e647cd1d5eb	app.get('/api/completed', async (req, res) => {	INFERRED_FROM_SOURCE	Manual verification required
RTE-000649	SOURCE_ROUTE_CANDIDATE	GET	/api/completed/latest	backend/services/completed_decision/main.cjs	212	f140d5358d67bb8617a6c1a405dd8eee61651c18d90da4c8779b8e647cd1d5eb	app.get('/api/completed/latest', async (_req, res) => {	INFERRED_FROM_SOURCE	Manual verification required
RTE-000650	SOURCE_ROUTE_CANDIDATE	GET	/api/completed/:symbol	backend/services/completed_decision/main.cjs	227	f140d5358d67bb8617a6c1a405dd8eee61651c18d90da4c8779b8e647cd1d5eb	app.get('/api/completed/:symbol', async (req, res) => {	INFERRED_FROM_SOURCE	Manual verification required
RTE-000651	SOURCE_ROUTE_CANDIDATE	GET	/api/completed/id/:decision_id	backend/services/completed_decision/main.cjs	245	f140d5358d67bb8617a6c1a405dd8eee61651c18d90da4c8779b8e647cd1d5eb	app.get('/api/completed/id/:decision_id', async (req, res) => {	INFERRED_FROM_SOURCE	Manual verification required
RTE-000652	SOURCE_ROUTE_CANDIDATE	GET	/api/completed/id/:decision_id/timeline	backend/services/completed_decision/main.cjs	256	f140d5358d67bb8617a6c1a405dd8eee61651c18d90da4c8779b8e647cd1d5eb	app.get('/api/completed/id/:decision_id/timeline', async (req, res) => {	INFERRED_FROM_SOURCE	Manual verification required
RTE-000653	SOURCE_ROUTE_CANDIDATE	POST	/api/completed/ingest	backend/services/completed_decision/main.cjs	272	f140d5358d67bb8617a6c1a405dd8eee61651c18d90da4c8779b8e647cd1d5eb	app.post('/api/completed/ingest', async (req, res) => {	INFERRED_FROM_SOURCE	Manual verification required
RTE-000654	SOURCE_ROUTE_CANDIDATE	POST	/api/completed/:decision_id/publish	backend/services/completed_decision/main.cjs	389	f140d5358d67bb8617a6c1a405dd8eee61651c18d90da4c8779b8e647cd1d5eb	app.post('/api/completed/:decision_id/publish', async (req, res) => {	INFERRED_FROM_SOURCE	Manual verification required
RTE-000655	SOURCE_ROUTE_CANDIDATE	GET	/identity	backend/services/ctl-001-workspace-identity/main.cjs	17	2a9e79802f76c9a9da81995e83958058f60df6cca2b20d0638fd442b03206a4f	app.get('/identity', (_req, res) => {	INFERRED_FROM_SOURCE	Manual verification required
RTE-000656	SOURCE_ROUTE_CANDIDATE	GET	/version	backend/services/decision_governance_core/framework-adapter.cjs	29	e55a3f539543c0f2a76179a485e1eb6119c0c9e3e1affc1149959ee7285b53c3	app.get('/version', (_req, res) => {	INFERRED_FROM_SOURCE	Manual verification required
RTE-000657	SOURCE_ROUTE_CANDIDATE	GET	/about	backend/services/decision_governance_core/framework-adapter.cjs	40	e55a3f539543c0f2a76179a485e1eb6119c0c9e3e1affc1149959ee7285b53c3	app.get('/about', (_req, res) => {	INFERRED_FROM_SOURCE	Manual verification required
RTE-000658	SOURCE_ROUTE_CANDIDATE	GET	/health	backend/services/decision_governance_core/main.cjs	94	d70319d88f2309cf94a23770c2ed89d439050d153a2133e0edca5e203c166719	app.get('/health', async (_req, res) => {	INFERRED_FROM_SOURCE	Manual verification required
RTE-000659	SOURCE_ROUTE_CANDIDATE	POST	/api/governance/evaluate	backend/services/decision_governance_core/main.cjs	114	d70319d88f2309cf94a23770c2ed89d439050d153a2133e0edca5e203c166719	app.post('/api/governance/evaluate', async (req, res) => {	INFERRED_FROM_SOURCE	Manual verification required
RTE-000660	SOURCE_ROUTE_CANDIDATE	POST	/api/governance/submit	backend/services/decision_governance_core/main.cjs	129	d70319d88f2309cf94a23770c2ed89d439050d153a2133e0edca5e203c166719	app.post('/api/governance/submit', async (req, res) => {	INFERRED_FROM_SOURCE	Manual verification required
RTE-000661	SOURCE_ROUTE_CANDIDATE	GET	disc	frontend/public-landing/index.html	646	43b64d35d11b6065de8f1357004995c6b9aab84150f701a702282137f74721aa	"const forceDisc=new URLSearchParams(location.search).get(""disc"")===""1"";"	INFERRED_FROM_SOURCE	Manual verification required
RTE-000662	SOURCE_ROUTE_CANDIDATE	GET	content-type	frontend/public-landing/ndsp-2fa-optional-choice.js	196	7405dbfec35c261edb44ac2e22e7866d4dd9bda119b6562469e7266b11376844	"const contentType = response.headers.get(""content-type"") || """";"	INFERRED_FROM_SOURCE	Manual verification required
RTE-000663	SOURCE_ROUTE_CANDIDATE	GET	name	frontend/public-landing/register.html	238	2365d7ae9e087a70000350b10d4b78ac50e4d6ab5f68cbddf120360c08a6c763	"const name=String(fd.get(""name"")||"""").trim() || ""NDSP Trial User"";"	INFERRED_FROM_SOURCE	Manual verification required
RTE-000664	SOURCE_ROUTE_CANDIDATE	GET	email	frontend/public-landing/register.html	239	2365d7ae9e087a70000350b10d4b78ac50e4d6ab5f68cbddf120360c08a6c763	"const email=String(fd.get(""email"")||"""").trim();"	INFERRED_FROM_SOURCE	Manual verification required
RTE-000665	SOURCE_ROUTE_CANDIDATE	GET	phone	frontend/public-landing/register.html	240	2365d7ae9e087a70000350b10d4b78ac50e4d6ab5f68cbddf120360c08a6c763	"const phone=String(fd.get(""phone"")||"""").trim();"	INFERRED_FROM_SOURCE	Manual verification required
RTE-000666	SOURCE_ROUTE_CANDIDATE	GET	segment	frontend/public-landing/register.html	241	2365d7ae9e087a70000350b10d4b78ac50e4d6ab5f68cbddf120360c08a6c763	"const seg=String(fd.get(""segment"")||""ordinary"").trim();"	INFERRED_FROM_SOURCE	Manual verification required
RTE-000667	SOURCE_ROUTE_CANDIDATE	GET	invite_code	frontend/public-landing/register.html	242	2365d7ae9e087a70000350b10d4b78ac50e4d6ab5f68cbddf120360c08a6c763	"const invite=String(fd.get(""invite_code"")||"""").trim();"	INFERRED_FROM_SOURCE	Manual verification required
RTE-000668	SOURCE_ROUTE_CANDIDATE	GET	nmp_formula	research/nmp-lab/scripts/publish_nmp_lab_to_admin.sh	23	0a3287e35eaabf2baba6aee79e818f7caa9a071c23dd599f31387c5cf037032f	"if not row.get(""nmp_formula""):"	INFERRED_FROM_SOURCE	Manual verification required
RTE-000669	SOURCE_ROUTE_CANDIDATE	GET	detector	research/nmp-lab/scripts/publish_nmp_lab_to_admin.sh	24	0a3287e35eaabf2baba6aee79e818f7caa9a071c23dd599f31387c5cf037032f	"detector = row.get(""detector"", """")"	INFERRED_FROM_SOURCE	Manual verification required
RTE-000670	SOURCE_ROUTE_CANDIDATE	GET	reference_price_type	research/nmp-lab/scripts/publish_nmp_lab_to_admin.sh	25	0a3287e35eaabf2baba6aee79e818f7caa9a071c23dd599f31387c5cf037032f	"ref = row.get(""reference_price_type"", """")"	INFERRED_FROM_SOURCE	Manual verification required
RTE-000671	SOURCE_ROUTE_CANDIDATE	GET	opposite_candle_rule	research/nmp-lab/scripts/publish_nmp_lab_to_admin.sh	26	0a3287e35eaabf2baba6aee79e818f7caa9a071c23dd599f31387c5cf037032f	"row[""opposite_candle_rule""] = row.get(""opposite_candle_rule"") or ""last_opposite_candle_before_momentum"""	INFERRED_FROM_SOURCE	Manual verification required
RTE-000672	SOURCE_ROUTE_CANDIDATE	GET	score	research/nmp-lab/scripts/publish_nmp_lab_to_admin.sh	36	0a3287e35eaabf2baba6aee79e818f7caa9a071c23dd599f31387c5cf037032f	"items.sort(key=REDACTED r: float(r.get(""score"") or 0), reverse=True)"	INFERRED_FROM_SOURCE	Manual verification required
RTE-000673	SOURCE_ROUTE_CANDIDATE	GET	/	server.js	8	39898eac94c7830b0e0c542c17a1b60c0fd1353ad53d343ff0e18d8498268ae0	"app.get(""/"", (req, res) => {"	INFERRED_FROM_SOURCE	Manual verification required
RTE-000674	SOURCE_ROUTE_CANDIDATE	GET	/health	server.js	17	39898eac94c7830b0e0c542c17a1b60c0fd1353ad53d343ff0e18d8498268ae0	"app.get(""/health"", (req, res) => {"	INFERRED_FROM_SOURCE	Manual verification required
RTE-000675	SOURCE_ROUTE_CANDIDATE	POST	/mcp	server.js	21	39898eac94c7830b0e0c542c17a1b60c0fd1353ad53d343ff0e18d8498268ae0	"app.post(""/mcp"", (req, res) => {"	INFERRED_FROM_SOURCE	Manual verification required
RTE-000676	SOURCE_ROUTE_CANDIDATE	GET	href	tests/ndsp_button_binding_audit.py	60	d2d5ee275530327bbb231b1cdd34404d27bcaebf898e2bd1dc3d7148ae2c6ffd	"href = (attrs.get(""href"") or """").strip()"	INFERRED_FROM_SOURCE	Manual verification required
RTE-000677	SOURCE_ROUTE_CANDIDATE	GET	onclick	tests/ndsp_button_binding_audit.py	64	d2d5ee275530327bbb231b1cdd34404d27bcaebf898e2bd1dc3d7148ae2c6ffd	"onclick = attrs.get(""onclick"")"	INFERRED_FROM_SOURCE	Manual verification required
RTE-000678	SOURCE_ROUTE_CANDIDATE	GET	type	tests/ndsp_button_binding_audit.py	65	d2d5ee275530327bbb231b1cdd34404d27bcaebf898e2bd1dc3d7148ae2c6ffd	"typ = (attrs.get(""type"") or """").lower()"	INFERRED_FROM_SOURCE	Manual verification required
RTE-000679	SOURCE_ROUTE_CANDIDATE	GET	data-action	tests/ndsp_button_binding_audit.py	66	d2d5ee275530327bbb231b1cdd34404d27bcaebf898e2bd1dc3d7148ae2c6ffd	"data_action = attrs.get(""data-action"") or attrs.get(""data-endpoint"") or attrs.get(""data-api"")"	INFERRED_FROM_SOURCE	Manual verification required
RTE-000680	SOURCE_ROUTE_CANDIDATE	GET	tag	tests/ndsp_button_binding_audit_v2.py	33	e44f104c35bc0688d6cb9114d0fc0da7f7d9426c185fac3a6984d8a183a7b7e8	"if tag == ""script"" and self.current and self.current.get(""tag"") == ""script"":"	INFERRED_FROM_SOURCE	Manual verification required
RTE-000681	SOURCE_ROUTE_CANDIDATE	GET	id	tests/ndsp_button_binding_audit_v2.py	74	e44f104c35bc0688d6cb9114d0fc0da7f7d9426c185fac3a6984d8a183a7b7e8	"idv = attrs.get(""id"","""")"	INFERRED_FROM_SOURCE	Manual verification required
RTE-000682	SOURCE_ROUTE_CANDIDATE	GET	onclick	tests/ndsp_button_binding_audit_v2.py	75	e44f104c35bc0688d6cb9114d0fc0da7f7d9426c185fac3a6984d8a183a7b7e8	"onclick = attrs.get(""onclick"")"	INFERRED_FROM_SOURCE	Manual verification required
RTE-000683	SOURCE_ROUTE_CANDIDATE	GET	class	tests/ndsp_button_binding_audit_v2.py	76	e44f104c35bc0688d6cb9114d0fc0da7f7d9426c185fac3a6984d8a183a7b7e8	"cls = attrs.get(""class"","""")"	INFERRED_FROM_SOURCE	Manual verification required
RTE-000684	SOURCE_ROUTE_CANDIDATE	GET	href	tests/ndsp_button_binding_audit_v2.py	77	e44f104c35bc0688d6cb9114d0fc0da7f7d9426c185fac3a6984d8a183a7b7e8	"href = (attrs.get(""href"") or """").strip()"	INFERRED_FROM_SOURCE	Manual verification required
RTE-000685	SOURCE_ROUTE_CANDIDATE	GET	type	tests/ndsp_button_binding_audit_v2.py	84	e44f104c35bc0688d6cb9114d0fc0da7f7d9426c185fac3a6984d8a183a7b7e8	"typ = (attrs.get(""type"") or """").lower()"	INFERRED_FROM_SOURCE	Manual verification required
RTE-000686	SOURCE_ROUTE_CANDIDATE	GET	tag	tests/ndsp_button_binding_audit_v3.py	50	a1930befa744785879f099fe07174b5291c35d482101658e1c4cf5d94f3013a9	"if tag == ""script"" and self.current and self.current.get(""tag"") == ""script"":"	INFERRED_FROM_SOURCE	Manual verification required
RTE-000687	SOURCE_ROUTE_CANDIDATE	GET	text	tests/ndsp_button_binding_audit_v3.py	51	a1930befa744785879f099fe07174b5291c35d482101658e1c4cf5d94f3013a9	"self.scripts.append(self.current.get(""text"", """"))"	INFERRED_FROM_SOURCE	Manual verification required
RTE-000688	SOURCE_ROUTE_CANDIDATE	GET	id	tests/ndsp_button_binding_audit_v3.py	93	a1930befa744785879f099fe07174b5291c35d482101658e1c4cf5d94f3013a9	"idv = attrs.get(""id"", """")"	INFERRED_FROM_SOURCE	Manual verification required
RTE-000689	SOURCE_ROUTE_CANDIDATE	GET	onclick	tests/ndsp_button_binding_audit_v3.py	94	a1930befa744785879f099fe07174b5291c35d482101658e1c4cf5d94f3013a9	"onclick = attrs.get(""onclick"")"	INFERRED_FROM_SOURCE	Manual verification required
RTE-000690	SOURCE_ROUTE_CANDIDATE	GET	href	tests/ndsp_button_binding_audit_v3.py	95	a1930befa744785879f099fe07174b5291c35d482101658e1c4cf5d94f3013a9	"href = (attrs.get(""href"") or """").strip()"	INFERRED_FROM_SOURCE	Manual verification required
RTE-000691	SOURCE_ROUTE_CANDIDATE	GET	type	tests/ndsp_button_binding_audit_v3.py	104	a1930befa744785879f099fe07174b5291c35d482101658e1c4cf5d94f3013a9	"typ = (attrs.get(""type"") or """").lower()"	INFERRED_FROM_SOURCE	Manual verification required
RTE-000692	SOURCE_ROUTE_CANDIDATE	GET	data-uf	tests/ndsp_button_binding_audit_v3.py	109	a1930befa744785879f099fe07174b5291c35d482101658e1c4cf5d94f3013a9	"if attrs.get(""data-uf"") and ""ndsp-user-filter-buttons-binding-js"" in s:"	INFERRED_FROM_SOURCE	Manual verification required
RTE-000693	SOURCE_ROUTE_CANDIDATE	GET	tag	tests/ndsp_button_binding_audit_v4.py	33	37d121a001ce0733160525a0a183f0074b7987c5d09aa56d9d191c0e6db5b67c	"if tag == ""script"" and self.current and self.current.get(""tag"") == ""script"":"	INFERRED_FROM_SOURCE	Manual verification required
RTE-000694	SOURCE_ROUTE_CANDIDATE	GET	text	tests/ndsp_button_binding_audit_v4.py	34	37d121a001ce0733160525a0a183f0074b7987c5d09aa56d9d191c0e6db5b67c	"self.scripts.append(self.current.get(""text"", """"))"	INFERRED_FROM_SOURCE	Manual verification required
RTE-000695	SOURCE_ROUTE_CANDIDATE	GET	class	tests/ndsp_button_binding_audit_v4.py	57	37d121a001ce0733160525a0a183f0074b7987c5d09aa56d9d191c0e6db5b67c	"cls = (attrs.get(""class"") or """").lower()"	INFERRED_FROM_SOURCE	Manual verification required
RTE-000696	SOURCE_ROUTE_CANDIDATE	GET	id	tests/ndsp_button_binding_audit_v4.py	58	37d121a001ce0733160525a0a183f0074b7987c5d09aa56d9d191c0e6db5b67c	"idv = attrs.get(""id"") or """""	INFERRED_FROM_SOURCE	Manual verification required
RTE-000697	SOURCE_ROUTE_CANDIDATE	GET	id	tests/ndsp_button_binding_audit_v4.py	90	37d121a001ce0733160525a0a183f0074b7987c5d09aa56d9d191c0e6db5b67c	"idv = attrs.get(""id"", """")"	INFERRED_FROM_SOURCE	Manual verification required
RTE-000698	SOURCE_ROUTE_CANDIDATE	GET	onclick	tests/ndsp_button_binding_audit_v4.py	91	37d121a001ce0733160525a0a183f0074b7987c5d09aa56d9d191c0e6db5b67c	"onclick = attrs.get(""onclick"")"	INFERRED_FROM_SOURCE	Manual verification required
RTE-000699	SOURCE_ROUTE_CANDIDATE	GET	href	tests/ndsp_button_binding_audit_v4.py	92	37d121a001ce0733160525a0a183f0074b7987c5d09aa56d9d191c0e6db5b67c	"href = (attrs.get(""href"") or """").strip()"	INFERRED_FROM_SOURCE	Manual verification required
RTE-000700	SOURCE_ROUTE_CANDIDATE	GET	type	tests/ndsp_button_binding_audit_v4.py	101	37d121a001ce0733160525a0a183f0074b7987c5d09aa56d9d191c0e6db5b67c	"typ = (attrs.get(""type"") or """").lower()"	INFERRED_FROM_SOURCE	Manual verification required
RTE-000701	SOURCE_ROUTE_CANDIDATE	GET	tag	tests/ndsp_button_binding_audit_v5.py	33	37d121a001ce0733160525a0a183f0074b7987c5d09aa56d9d191c0e6db5b67c	"if tag == ""script"" and self.current and self.current.get(""tag"") == ""script"":"	INFERRED_FROM_SOURCE	Manual verification required
RTE-000702	SOURCE_ROUTE_CANDIDATE	GET	text	tests/ndsp_button_binding_audit_v5.py	34	37d121a001ce0733160525a0a183f0074b7987c5d09aa56d9d191c0e6db5b67c	"self.scripts.append(self.current.get(""text"", """"))"	INFERRED_FROM_SOURCE	Manual verification required
RTE-000703	SOURCE_ROUTE_CANDIDATE	GET	class	tests/ndsp_button_binding_audit_v5.py	57	37d121a001ce0733160525a0a183f0074b7987c5d09aa56d9d191c0e6db5b67c	"cls = (attrs.get(""class"") or """").lower()"	INFERRED_FROM_SOURCE	Manual verification required
RTE-000704	SOURCE_ROUTE_CANDIDATE	GET	id	tests/ndsp_button_binding_audit_v5.py	58	37d121a001ce0733160525a0a183f0074b7987c5d09aa56d9d191c0e6db5b67c	"idv = attrs.get(""id"") or """""	INFERRED_FROM_SOURCE	Manual verification required
RTE-000705	SOURCE_ROUTE_CANDIDATE	GET	id	tests/ndsp_button_binding_audit_v5.py	90	37d121a001ce0733160525a0a183f0074b7987c5d09aa56d9d191c0e6db5b67c	"idv = attrs.get(""id"", """")"	INFERRED_FROM_SOURCE	Manual verification required
RTE-000706	SOURCE_ROUTE_CANDIDATE	GET	onclick	tests/ndsp_button_binding_audit_v5.py	91	37d121a001ce0733160525a0a183f0074b7987c5d09aa56d9d191c0e6db5b67c	"onclick = attrs.get(""onclick"")"	INFERRED_FROM_SOURCE	Manual verification required
RTE-000707	SOURCE_ROUTE_CANDIDATE	GET	href	tests/ndsp_button_binding_audit_v5.py	92	37d121a001ce0733160525a0a183f0074b7987c5d09aa56d9d191c0e6db5b67c	"href = (attrs.get(""href"") or """").strip()"	INFERRED_FROM_SOURCE	Manual verification required
RTE-000708	SOURCE_ROUTE_CANDIDATE	GET	type	tests/ndsp_button_binding_audit_v5.py	101	37d121a001ce0733160525a0a183f0074b7987c5d09aa56d9d191c0e6db5b67c	"typ = (attrs.get(""type"") or """").lower()"	INFERRED_FROM_SOURCE	Manual verification required
RTE-000709	SOURCE_ROUTE_CANDIDATE	GET	name	tests/test_ndsp_python_decision_governance_v1.py	21	522a953bcd8f780d8ed030227fc7992d7ee7b0e0392bcdb02c7dd5db4ecfcdb3	"return [x.get(""name"") for x in out.get(""layer_outputs"", []) if x.get(""name"")]"	INFERRED_FROM_SOURCE	Manual verification required
