ID	Category	Classification	SourcePath	SourceFile	SourceLines	SHA256	Snippet	Notes
EVD-95f06c2b8cf9	GOVERNANCE_DISCOVERY	INFERRED_FROM_SOURCE	.github/workflows/ndsp-project-validator.yml	ndsp-project-validator.yml	24	a900043a8d74aa1ac1ce1059637e79166e52c23f956f11a0ff5d501e1cc24c3f	node-version: '22'	Candidate evidence only; manual verification required.
EVD-6381c7d12805	GOVERNANCE_DISCOVERY	INFERRED_FROM_SOURCE	.github/workflows/ndsp-project-validator.yml	ndsp-project-validator.yml	29	a900043a8d74aa1ac1ce1059637e79166e52c23f956f11a0ff5d501e1cc24c3f	python-version: '3.12'	Candidate evidence only; manual verification required.
EVD-a5fde95f9788	GOVERNANCE_DISCOVERY	DOCUMENTATION_ONLY	DSP_NMP_V1_POLICY.md	DSP_NMP_V1_POLICY.md	1	f8e271110713b83199e5f0877226f08fd59a384c34c13ed4a35872d3a7e69c93	# DSP NMP v1 Policy	Candidate evidence only; manual verification required.
EVD-1ad3de31201d	GOVERNANCE_DISCOVERY	DOCUMENTATION_ONLY	DSP_NMP_V1_POLICY.md	DSP_NMP_V1_POLICY.md	5	f8e271110713b83199e5f0877226f08fd59a384c34c13ed4a35872d3a7e69c93	Operational version:	Candidate evidence only; manual verification required.
EVD-7bb1c34260f9	GOVERNANCE_DISCOVERY	DOCUMENTATION_ONLY	NDSP_UI_CHANGE_GOVERNANCE_FINAL.md	NDSP_UI_CHANGE_GOVERNANCE_FINAL.md	1	801cbc06a990e0f6752463f5051fa950c54c388571070e85f6f6491b6dc9e524	# NDSP UI Change Governance — حوكمة تعديلات الواجهة	Candidate evidence only; manual verification required.
EVD-1f1b7829c8f5	GOVERNANCE_DISCOVERY	DOCUMENTATION_ONLY	NDSP_UI_CHANGE_GOVERNANCE_FINAL.md	NDSP_UI_CHANGE_GOVERNANCE_FINAL.md	11	801cbc06a990e0f6752463f5051fa950c54c388571070e85f6f6491b6dc9e524	تم اعتماد هذه السياسة بعد تكرار كسر واجهات NDSP بسبب:	Candidate evidence only; manual verification required.
EVD-d6bfaf54788b	GOVERNANCE_DISCOVERY	DOCUMENTATION_ONLY	NDSP_UI_CHANGE_GOVERNANCE_FINAL.md	NDSP_UI_CHANGE_GOVERNANCE_FINAL.md	34	801cbc06a990e0f6752463f5051fa950c54c388571070e85f6f6491b6dc9e524	اعتماد	Candidate evidence only; manual verification required.
EVD-fe80c8136bf7	GOVERNANCE_DISCOVERY	DOCUMENTATION_ONLY	NDSP_UI_CHANGE_GOVERNANCE_FINAL.md	NDSP_UI_CHANGE_GOVERNANCE_FINAL.md	112	801cbc06a990e0f6752463f5051fa950c54c388571070e85f6f6491b6dc9e524	- Audit log.	Candidate evidence only; manual verification required.
EVD-62ee9bca5fb4	GOVERNANCE_DISCOVERY	DOCUMENTATION_ONLY	NDSP_UI_CHANGE_GOVERNANCE_FINAL.md	NDSP_UI_CHANGE_GOVERNANCE_FINAL.md	163	801cbc06a990e0f6752463f5051fa950c54c388571070e85f6f6491b6dc9e524	## 11) Rollback	Candidate evidence only; manual verification required.
EVD-263208a0f4b6	GOVERNANCE_DISCOVERY	DOCUMENTATION_ONLY	README.md	README.md	4	4d0da5464ff453c73b863cd4a3fee31ae1c116d0c4f6b6118ace845f996f2823	## NDSP Governance	Candidate evidence only; manual verification required.
EVD-dd6eef4d5db6	GOVERNANCE_DISCOVERY	DOCUMENTATION_ONLY	apps/NDSP_APPS_ONLY_GOVERNANCE.md	NDSP_APPS_ONLY_GOVERNANCE.md	1	520e6609ef927e60cafd7672245c0e58cdd9321b72de6fcabab930b250873ce1	# NDSP Apps-Only Governance	Candidate evidence only; manual verification required.
EVD-b3c479e54ac0	GOVERNANCE_DISCOVERY	DOCUMENTATION_ONLY	apps/NDSP_FRONTEND_SOURCE_OF_TRUTH.md	NDSP_FRONTEND_SOURCE_OF_TRUTH.md	8	ec640cb510dba89ac7c5cc619902883a5ca00d28170682812e978688219e5edb	Policy:	Candidate evidence only; manual verification required.
EVD-8b794abc89b8	GOVERNANCE_DISCOVERY	INFERRED_FROM_SOURCE	apps/admin-console/NDSP_Admin_Console.html	NDSP_Admin_Console.html	19	fc9c20b3222082bc132b6e4ab02b1305e23918b455e37b36829ec1c28b3a6c49	--shadow:0 24px 60px -28px rgba(0,0,0,.85);--r:16px;	Candidate evidence only; manual verification required.
EVD-c9516ff69ab0	GOVERNANCE_DISCOVERY	INFERRED_FROM_SOURCE	apps/admin-console/NDSP_Admin_Console.html	NDSP_Admin_Console.html	44	fc9c20b3222082bc132b6e4ab02b1305e23918b455e37b36829ec1c28b3a6c49	.side .brand svg{width:38px;height:38px;filter:drop-shadow(0 4px 12px rgba(217,182,90,.4))}	Candidate evidence only; manual verification required.
EVD-85bb05ae161f	GOVERNANCE_DISCOVERY	INFERRED_FROM_SOURCE	apps/admin-console/NDSP_Admin_Console.html	NDSP_Admin_Console.html	63	fc9c20b3222082bc132b6e4ab02b1305e23918b455e37b36829ec1c28b3a6c49	.dot-ok{background:var(--up);box-shadow:0 0 8px var(--up)}.dot-warn{background:var(--warn)}.dot-bad{background:var(--down)}	Candidate evidence only; manual verification required.
EVD-dddfed2f607d	GOVERNANCE_DISCOVERY	INFERRED_FROM_SOURCE	apps/admin-console/NDSP_Admin_Console.html	NDSP_Admin_Console.html	67	fc9c20b3222082bc132b6e4ab02b1305e23918b455e37b36829ec1c28b3a6c49	.card{background:var(--panel);border:1px solid var(--line-soft);border-radius:var(--r);backdrop-filter:blur(12px);box-shadow:var(--shadow);overflow:hidden}	Candidate evidence only; manual verification required.
EVD-a1f3ee8778d7	GOVERNANCE_DISCOVERY	INFERRED_FROM_SOURCE	apps/admin-console/NDSP_Admin_Console.html	NDSP_Admin_Console.html	120	fc9c20b3222082bc132b6e4ab02b1305e23918b455e37b36829ec1c28b3a6c49	/* layer governance */	Candidate evidence only; manual verification required.
EVD-7647e5de80e3	GOVERNANCE_DISCOVERY	INFERRED_FROM_SOURCE	apps/admin-console/NDSP_Admin_Console.html	NDSP_Admin_Console.html	201	fc9c20b3222082bc132b6e4ab02b1305e23918b455e37b36829ec1c28b3a6c49	"<div class=""navgrp"" data-i=""grpEngine"">المحرّك والحوكمة</div>"	Candidate evidence only; manual verification required.
EVD-508cad3c69ee	GOVERNANCE_DISCOVERY	INFERRED_FROM_SOURCE	apps/admin-console/NDSP_Admin_Console.html	NDSP_Admin_Console.html	202	fc9c20b3222082bc132b6e4ab02b1305e23918b455e37b36829ec1c28b3a6c49	"<div class=""navitem"" data-v=""layers""><span class=""ic"">⬡</span><span data-i=""nLayers"">حوكمة الطبقات</span></div>"	Candidate evidence only; manual verification required.
EVD-de89c582db7e	GOVERNANCE_DISCOVERY	INFERRED_FROM_SOURCE	apps/admin-console/NDSP_Admin_Console.html	NDSP_Admin_Console.html	217	fc9c20b3222082bc132b6e4ab02b1305e23918b455e37b36829ec1c28b3a6c49	"<div class=""sub"" id=""viewSub"">مركز عمليات DSP — لوحة الحوكمة والتشغيل</div>"	Candidate evidence only; manual verification required.
EVD-1c4e199247d5	GOVERNANCE_DISCOVERY	INFERRED_FROM_SOURCE	apps/admin-console/NDSP_Admin_Console.html	NDSP_Admin_Console.html	237	fc9c20b3222082bc132b6e4ab02b1305e23918b455e37b36829ec1c28b3a6c49	"<div class=""muted-note"" data-i=""seatNote""><b>الحوكمة:</b> التوزيع النهائي ٢٥ مبتدئ · ١٠ متخصص · ١٥ خاص. القبول النهائي يُنفّذ في الخادم.</div>"	Candidate evidence only; manual verification required.
EVD-4926485c7abe	GOVERNANCE_DISCOVERY	INFERRED_FROM_SOURCE	apps/admin-console/NDSP_Admin_Console.html	NDSP_Admin_Console.html	241	fc9c20b3222082bc132b6e4ab02b1305e23918b455e37b36829ec1c28b3a6c49	"<div class=""card-h""><div class=""t""><span class=""ic"">⬡</span><span data-i=""layerStatus"">حالة حوكمة الطبقات</span></div></div>"	Candidate evidence only; manual verification required.
EVD-68ce7eaad71c	GOVERNANCE_DISCOVERY	INFERRED_FROM_SOURCE	apps/admin-console/NDSP_Admin_Console.html	NDSP_Admin_Console.html	273	fc9c20b3222082bc132b6e4ab02b1305e23918b455e37b36829ec1c28b3a6c49	"""ENGINE & GOVERNANCE"":""المحركات والحوكمة"",""Layer Governance"":""حوكمة الطبقات"",""NMP Research Lab"":""مختبر أبحاث NMP"","	Candidate evidence only; manual verification required.
EVD-ca769175b773	GOVERNANCE_DISCOVERY	INFERRED_FROM_SOURCE	apps/admin-console/NDSP_Admin_Console.html	NDSP_Admin_Console.html	352	fc9c20b3222082bc132b6e4ab02b1305e23918b455e37b36829ec1c28b3a6c49	box-shadow:32px 0 90px rgba(0,0,0,.65)!important;	Candidate evidence only; manual verification required.
EVD-c2f63eccd071	GOVERNANCE_DISCOVERY	INFERRED_FROM_SOURCE	apps/admin-console/NDSP_Admin_Console.html	NDSP_Admin_Console.html	368	fc9c20b3222082bc132b6e4ab02b1305e23918b455e37b36829ec1c28b3a6c49	"[""Overview"",""Users"",""Trials"",""Registration Review"",""Packages"",""Payments"",""Layer Governance"",""NMP Research Lab"",""Health"",""Reports"",""Backups"",""نظرة عامة"",""المستخدمون"",""التجارب"",""الباقات"",""المدفوعات""].forEach(function(x){"	Candidate evidence only; manual verification required.
EVD-447a2d926398	GOVERNANCE_DISCOVERY	INFERRED_FROM_SOURCE	apps/admin-console/NDSP_Admin_Console.html	NDSP_Admin_Console.html	604	fc9c20b3222082bc132b6e4ab02b1305e23918b455e37b36829ec1c28b3a6c49	"<div class=""kpi""><div class=""k"" data-i=""tConv"">نية الترقية</div><div class=""v"">٠</div><div class=""d up"">٠٪</div></div>"	Candidate evidence only; manual verification required.
EVD-e935a1667ec5	GOVERNANCE_DISCOVERY	INFERRED_FROM_SOURCE	apps/admin-console/NDSP_Admin_Console.html	NDSP_Admin_Console.html	610	fc9c20b3222082bc132b6e4ab02b1305e23918b455e37b36829ec1c28b3a6c49	"<th data-i=""thUser"">المستخدم</th><th data-i=""thType"">النوع</th><th data-i=""thDay"">يوم التجربة</th><th data-i=""thStarted"">بدأت</th><th data-i=""thEnds"">تنتهي</th><th data-i=""thRemain"">المتبقي</th><th data-i=""thIntent"">نية الترقية</th>"	Candidate evidence only; manual verification required.
EVD-a14b8991c588	GOVERNANCE_DISCOVERY	INFERRED_FROM_SOURCE	apps/admin-console/NDSP_Admin_Console.html	NDSP_Admin_Console.html	685	fc9c20b3222082bc132b6e4ab02b1305e23918b455e37b36829ec1c28b3a6c49	"<div class=""muted-note"" data-i=""trialClockNote""><b>الحوكمة:</b> تبدأ الـ١٦ يومًا من لحظة تفعيل كل حساب — لكل مستخدم عدّاده الخاص المُسجَّل في الخادم. لا ساعة عامة ولا تمديد تلقائي.</div>"	Candidate evidence only; manual verification required.
EVD-141c93d76096	GOVERNANCE_DISCOVERY	INFERRED_FROM_SOURCE	apps/admin-console/NDSP_Admin_Console.html	NDSP_Admin_Console.html	769	fc9c20b3222082bc132b6e4ab02b1305e23918b455e37b36829ec1c28b3a6c49	"<div class=""muted-note"" data-i=""reviewNote""><b>الحوكمة:</b> الواجهة تجمع إشارات آمنة فقط (بصمة جهاز/IP مجزّأة، سرعة تسجيل). لا تُعرض معادلة الخطر الخام ولا درجة الإساءة غير المقنّعة.</div>"	Candidate evidence only; manual verification required.
EVD-c16904264618	GOVERNANCE_DISCOVERY	INFERRED_FROM_SOURCE	apps/admin-console/NDSP_Admin_Console.html	NDSP_Admin_Console.html	853	fc9c20b3222082bc132b6e4ab02b1305e23918b455e37b36829ec1c28b3a6c49	"<div class=""muted-note"" data-i=""pkgNote""><b>الحوكمة:</b> الحدود تُفرض في الخادم. الواجهة تعرض الحالة فقط. التفعيل بلا موافقة خلفية ممنوع.</div>"	Candidate evidence only; manual verification required.
EVD-df65834af673	GOVERNANCE_DISCOVERY	INFERRED_FROM_SOURCE	apps/admin-console/NDSP_Admin_Console.html	NDSP_Admin_Console.html	937	fc9c20b3222082bc132b6e4ab02b1305e23918b455e37b36829ec1c28b3a6c49	"<div class=""muted-note"" data-i=""payNote""><b>الحوكمة:</b> منطق الدفع في الخادم. لا تفعيل تلقائي بلا اعتماد. بيانات تشغيل محمية البوابة (NOWPayments) لا تُعرض إطلاقًا.</div>"	Candidate evidence only; manual verification required.
EVD-914b64179482	GOVERNANCE_DISCOVERY	INFERRED_FROM_SOURCE	apps/admin-console/NDSP_Admin_Console.html	NDSP_Admin_Console.html	941	fc9c20b3222082bc132b6e4ab02b1305e23918b455e37b36829ec1c28b3a6c49	<!-- ===== LAYER GOVERNANCE ===== -->	Candidate evidence only; manual verification required.
EVD-a6adc123ef7a	GOVERNANCE_DISCOVERY	INFERRED_FROM_SOURCE	apps/admin-console/NDSP_Admin_Operations_Center.html	NDSP_Admin_Operations_Center.html	31	d75d3c39fadc28ded22dbe077fcfe7c088508b164bb851fa4fe367a5aa8a2169	.card{background:linear-gradient(180deg,rgba(20,18,13,.96),rgba(9,9,9,.96));border:1px solid var(--line);border-radius:22px;padding:18px;box-shadow:0 18px 50px rgba(0,0,0,.28)}	Candidate evidence only; manual verification required.
EVD-30517100628a	GOVERNANCE_DISCOVERY	INFERRED_FROM_SOURCE	apps/admin-console/NDSP_Admin_Operations_Center.html	NDSP_Admin_Operations_Center.html	43	d75d3c39fadc28ded22dbe077fcfe7c088508b164bb851fa4fe367a5aa8a2169	.PENDING_REVIEW,.PENDING_SPECIALIST_REVIEW,.PENDING_PRIVATE_INVITE_APPROVAL{background:rgba(245,158,11,.14);color:#fbbf24}	Candidate evidence only; manual verification required.
EVD-b091f9b77da4	GOVERNANCE_DISCOVERY	INFERRED_FROM_SOURCE	apps/admin-console/NDSP_Admin_Operations_Center.html	NDSP_Admin_Operations_Center.html	81	d75d3c39fadc28ded22dbe077fcfe7c088508b164bb851fa4fe367a5aa8a2169	"<a href=""#governance"">الحوكمة</a>"	Candidate evidence only; manual verification required.
EVD-5a2c344eae02	GOVERNANCE_DISCOVERY	INFERRED_FROM_SOURCE	apps/admin-console/NDSP_Admin_Operations_Center.html	NDSP_Admin_Operations_Center.html	84	d75d3c39fadc28ded22dbe077fcfe7c088508b164bb851fa4fe367a5aa8a2169	"<a href=""#audit"">سجل الإدارة</a>"	Candidate evidence only; manual verification required.
EVD-7741441536e4	GOVERNANCE_DISCOVERY	INFERRED_FROM_SOURCE	apps/admin-console/NDSP_Admin_Operations_Center.html	NDSP_Admin_Operations_Center.html	189	d75d3c39fadc28ded22dbe077fcfe7c088508b164bb851fa4fe367a5aa8a2169	"<section id=""governance"" class=""section card"">"	Candidate evidence only; manual verification required.
EVD-8220939ece2b	GOVERNANCE_DISCOVERY	INFERRED_FROM_SOURCE	apps/admin-console/NDSP_Admin_Operations_Center.html	NDSP_Admin_Operations_Center.html	190	d75d3c39fadc28ded22dbe077fcfe7c088508b164bb851fa4fe367a5aa8a2169	<h2>مراقبة الحوكمة</h2>	Candidate evidence only; manual verification required.
EVD-c51a2bfbcd44	GOVERNANCE_DISCOVERY	INFERRED_FROM_SOURCE	apps/admin-console/NDSP_Admin_Operations_Center.html	NDSP_Admin_Operations_Center.html	225	d75d3c39fadc28ded22dbe077fcfe7c088508b164bb851fa4fe367a5aa8a2169	"<section id=""audit"" class=""section card"">"	Candidate evidence only; manual verification required.
EVD-edc227cc156f	GOVERNANCE_DISCOVERY	INFERRED_FROM_SOURCE	apps/admin-console/NDSP_Design_System.html	NDSP_Design_System.html	39	1bb4620782bbd017e39655ed01129a2acc368e9c79addf98e42aa6e8dc2a1049	.brand svg{width:40px;height:40px;filter:drop-shadow(0 4px 12px rgba(217,182,90,.45))}	Candidate evidence only; manual verification required.
EVD-2efbfea6d718	GOVERNANCE_DISCOVERY	INFERRED_FROM_SOURCE	apps/admin-console/NDSP_Design_System.html	NDSP_Design_System.html	295	1bb4620782bbd017e39655ed01129a2acc368e9c79addf98e42aa6e8dc2a1049	"""ENGINE & GOVERNANCE"":""المحركات والحوكمة"",""Layer Governance"":""حوكمة الطبقات"",""NMP Research Lab"":""مختبر أبحاث NMP"","	Candidate evidence only; manual verification required.
EVD-dfc41f7adea6	GOVERNANCE_DISCOVERY	INFERRED_FROM_SOURCE	apps/admin-console/NDSP_Design_System.html	NDSP_Design_System.html	374	1bb4620782bbd017e39655ed01129a2acc368e9c79addf98e42aa6e8dc2a1049	box-shadow:32px 0 90px rgba(0,0,0,.65)!important;	Candidate evidence only; manual verification required.
EVD-97893a577978	GOVERNANCE_DISCOVERY	INFERRED_FROM_SOURCE	apps/admin-console/NDSP_Design_System.html	NDSP_Design_System.html	390	1bb4620782bbd017e39655ed01129a2acc368e9c79addf98e42aa6e8dc2a1049	"[""Overview"",""Users"",""Trials"",""Registration Review"",""Packages"",""Payments"",""Layer Governance"",""NMP Research Lab"",""Health"",""Reports"",""Backups"",""نظرة عامة"",""المستخدمون"",""التجارب"",""الباقات"",""المدفوعات""].forEach(function(x){"	Candidate evidence only; manual verification required.
EVD-1de7cb3a4fbd	GOVERNANCE_DISCOVERY	INFERRED_FROM_SOURCE	apps/admin-console/NDSP_Help_Center.html	NDSP_Help_Center.html	19	5236b64908677ab9fc750687d27660515665bad6923d38386b7f6917d10008b0	--shadow:0 30px 70px -30px rgba(0,0,0,.85);--r:18px;	Candidate evidence only; manual verification required.
EVD-0baca48312c0	GOVERNANCE_DISCOVERY	INFERRED_FROM_SOURCE	apps/admin-console/NDSP_Help_Center.html	NDSP_Help_Center.html	39	5236b64908677ab9fc750687d27660515665bad6923d38386b7f6917d10008b0	.brand svg{width:38px;height:38px;filter:drop-shadow(0 4px 12px rgba(217,182,90,.4))}	Candidate evidence only; manual verification required.
EVD-0eabc02fa18f	GOVERNANCE_DISCOVERY	INFERRED_FROM_SOURCE	apps/admin-console/NDSP_Help_Center.html	NDSP_Help_Center.html	67	5236b64908677ab9fc750687d27660515665bad6923d38386b7f6917d10008b0	/* governance callout */	Candidate evidence only; manual verification required.
EVD-d5ef20d699f0	GOVERNANCE_DISCOVERY	INFERRED_FROM_SOURCE	apps/admin-console/NDSP_Help_Center.html	NDSP_Help_Center.html	140	5236b64908677ab9fc750687d27660515665bad6923d38386b7f6917d10008b0	"<p data-i=""heroP"">إجابات واضحة عن المنصة والتجربة والحوكمة والأمان. ابحث أو تصفّح حسب الفئة.</p>"	Candidate evidence only; manual verification required.
EVD-645e55dbb9dd	GOVERNANCE_DISCOVERY	INFERRED_FROM_SOURCE	apps/admin-console/NDSP_Help_Center.html	NDSP_Help_Center.html	144	5236b64908677ab9fc750687d27660515665bad6923d38386b7f6917d10008b0	<!-- governance callout -->	Candidate evidence only; manual verification required.
EVD-1d6e81d3f4f2	GOVERNANCE_DISCOVERY	INFERRED_FROM_SOURCE	apps/admin-console/NDSP_Help_Center.html	NDSP_Help_Center.html	175	5236b64908677ab9fc750687d27660515665bad6923d38386b7f6917d10008b0	"{id:""gov"",nm:[""الحوكمة والحدود"",""Governance & limits""],ic:""⚖""},"	Candidate evidence only; manual verification required.
EVD-ce6dc0f8b011	GOVERNANCE_DISCOVERY	INFERRED_FROM_SOURCE	apps/admin-console/NDSP_Help_Center.html	NDSP_Help_Center.html	195	5236b64908677ab9fc750687d27660515665bad6923d38386b7f6917d10008b0	"a:[""تبدأ <b>من لحظة تفعيل حسابك</b> بعد اعتماد التسجيل — لا عند إرسال الطلب، ولا على ساعة عامة. لكل مستخدم عدّاده الخاص، فلا تخسر أي يوم حتى لو فعّلت متأخرًا."","	Candidate evidence only; manual verification required.
EVD-95c83e9db5e2	GOVERNANCE_DISCOVERY	INFERRED_FROM_SOURCE	apps/admin-console/NDSP_Help_Center.html	NDSP_Help_Center.html	196	5236b64908677ab9fc750687d27660515665bad6923d38386b7f6917d10008b0	"""It starts <b>the moment your account is activated</b> after registration approval — not when you submit, and not on a global clock. Each user has their own counter, so you lose no day even if you activate late.""]},"	Candidate evidence only; manual verification required.
EVD-a1250147a5cf	GOVERNANCE_DISCOVERY	INFERRED_FROM_SOURCE	apps/admin-console/NDSP_Help_Center.html	NDSP_Help_Center.html	216	5236b64908677ab9fc750687d27660515665bad6923d38386b7f6917d10008b0	"a:[""المصادقة تتم في الخادم، واعتمادات الدخول <b>مجزّأة (hashed)</b> ولا تُخزّن كنص. التحقّق بخطوتين وتحديد المعدّل مفعّلان. لا تظهر أي بيانات تشغيل محمية في الواجهة إطلاقًا."","	Candidate evidence only; manual verification required.
EVD-55464a1821bb	GOVERNANCE_DISCOVERY	INFERRED_FROM_SOURCE	apps/admin-console/NDSP_Help_Center.html	NDSP_Help_Center.html	224	5236b64908677ab9fc750687d27660515665bad6923d38386b7f6917d10008b0	"{cat:""billing"",q:[""كيف تتم الترقية والدفع؟"",""How do upgrades and payments work?""],"	Candidate evidence only; manual verification required.
EVD-54202bc8efb0	GOVERNANCE_DISCOVERY	INFERRED_FROM_SOURCE	apps/admin-console/NDSP_Help_Center.html	NDSP_Help_Center.html	225	5236b64908677ab9fc750687d27660515665bad6923d38386b7f6917d10008b0	"a:[""تختار باقتك وطريقة الدفع (دفع رقمي أو تحويل بنكي). <b>لا تفعيل تلقائي</b> — يُنشأ طلب اشتراك بحالة مراجعة، ويُفعّل وصولك بعد اعتماد الدفع في الخادم مع رسالة تأكيد."","	Candidate evidence only; manual verification required.
EVD-084783708b1a	GOVERNANCE_DISCOVERY	INFERRED_FROM_SOURCE	apps/admin-console/NDSP_Help_Center.html	NDSP_Help_Center.html	226	5236b64908677ab9fc750687d27660515665bad6923d38386b7f6917d10008b0	"""You pick a package and method (crypto or bank transfer). <b>No auto-activation</b> — a subscription request is created in a review state, and access activates after server-side payment approval with a confirmation email.""]},"	Candidate evidence only; manual verification required.
EVD-3206a0dc3846	GOVERNANCE_DISCOVERY	INFERRED_FROM_SOURCE	apps/admin-console/NDSP_Help_Center.html	NDSP_Help_Center.html	231	5236b64908677ab9fc750687d27660515665bad6923d38386b7f6917d10008b0	"a:[""لا إطلاقًا. منطق الدفع والتحقق في الخادم، واعتمادات محمية البوابة وأي بيانات تشغيل محمية لا تُعرض في الواجهة."","	Candidate evidence only; manual verification required.
EVD-42e14b60c5c7	GOVERNANCE_DISCOVERY	INFERRED_FROM_SOURCE	apps/admin-console/NDSP_Help_Center.html	NDSP_Help_Center.html	234	5236b64908677ab9fc750687d27660515665bad6923d38386b7f6917d10008b0	"a:[""عملات، سلع، مؤشرات، وعملات رقمية — ومجموعة أصول مفعّلة تتوسّع حسب باقتك. الأصول تظهر حسب الباقة بحوكمة كاملة."","	Candidate evidence only; manual verification required.
EVD-ffccbe90a9e8	GOVERNANCE_DISCOVERY	INFERRED_FROM_SOURCE	apps/admin-console/NDSP_Help_Center.html	NDSP_Help_Center.html	235	5236b64908677ab9fc750687d27660515665bad6923d38386b7f6917d10008b0	"""FX, commodities, indices, and crypto — with an active asset set that expands by package. Assets are shown per package under full governance.""]},"	Candidate evidence only; manual verification required.
EVD-71799db0b82a	GOVERNANCE_DISCOVERY	INFERRED_FROM_SOURCE	apps/admin-console/NDSP_Help_Center.html	NDSP_Help_Center.html	247	5236b64908677ab9fc750687d27660515665bad6923d38386b7f6917d10008b0	"heroH:""كيف نقدر نساعدك؟"",heroP:""إجابات واضحة عن المنصة والتجربة والحوكمة والأمان. ابحث أو تصفّح حسب الفئة."","	Candidate evidence only; manual verification required.
EVD-de46022417de	GOVERNANCE_DISCOVERY	INFERRED_FROM_SOURCE	apps/admin-console/NDSP_Help_Center.html	NDSP_Help_Center.html	258	5236b64908677ab9fc750687d27660515665bad6923d38386b7f6917d10008b0	"heroH:""How can we help?"",heroP:""Clear answers about the platform, the trial, governance, and security. Search or browse by category."","	Candidate evidence only; manual verification required.
EVD-63c0f95d702f	GOVERNANCE_DISCOVERY	INFERRED_FROM_SOURCE	apps/admin-console/NDSP_Help_Center.html	NDSP_Help_Center.html	322	5236b64908677ab9fc750687d27660515665bad6923d38386b7f6917d10008b0	"""ENGINE & GOVERNANCE"":""المحركات والحوكمة"",""Layer Governance"":""حوكمة الطبقات"",""NMP Research Lab"":""مختبر أبحاث NMP"","	Candidate evidence only; manual verification required.
EVD-4ea8bb2d95d7	GOVERNANCE_DISCOVERY	INFERRED_FROM_SOURCE	apps/admin-console/NDSP_Help_Center.html	NDSP_Help_Center.html	401	5236b64908677ab9fc750687d27660515665bad6923d38386b7f6917d10008b0	box-shadow:32px 0 90px rgba(0,0,0,.65)!important;	Candidate evidence only; manual verification required.
EVD-a7712d881746	GOVERNANCE_DISCOVERY	INFERRED_FROM_SOURCE	apps/admin-console/NDSP_Help_Center.html	NDSP_Help_Center.html	417	5236b64908677ab9fc750687d27660515665bad6923d38386b7f6917d10008b0	"[""Overview"",""Users"",""Trials"",""Registration Review"",""Packages"",""Payments"",""Layer Governance"",""NMP Research Lab"",""Health"",""Reports"",""Backups"",""نظرة عامة"",""المستخدمون"",""التجارب"",""الباقات"",""المدفوعات""].forEach(function(x){"	Candidate evidence only; manual verification required.
EVD-de2b76d2798f	GOVERNANCE_DISCOVERY	INFERRED_FROM_SOURCE	apps/admin-console/NDSP_Terms_Privacy.html	NDSP_Terms_Privacy.html	19	ee7b49a006c010a872becb3799eb7aee58229ed6c2f0a7a7717c8028f7f60ad1	--shadow:0 30px 70px -30px rgba(0,0,0,.85);--r:18px;	Candidate evidence only; manual verification required.
EVD-83d3cd4048cf	GOVERNANCE_DISCOVERY	INFERRED_FROM_SOURCE	apps/admin-console/NDSP_Terms_Privacy.html	NDSP_Terms_Privacy.html	39	ee7b49a006c010a872becb3799eb7aee58229ed6c2f0a7a7717c8028f7f60ad1	.brand svg{width:38px;height:38px;filter:drop-shadow(0 4px 12px rgba(217,182,90,.4))}	Candidate evidence only; manual verification required.
EVD-0c85974dba50	GOVERNANCE_DISCOVERY	INFERRED_FROM_SOURCE	apps/admin-console/NDSP_Terms_Privacy.html	NDSP_Terms_Privacy.html	62	ee7b49a006c010a872becb3799eb7aee58229ed6c2f0a7a7717c8028f7f60ad1	/* governance banner */	Candidate evidence only; manual verification required.
EVD-9f4a8cf153b6	GOVERNANCE_DISCOVERY	INFERRED_FROM_SOURCE	apps/admin-console/NDSP_Terms_Privacy.html	NDSP_Terms_Privacy.html	145	ee7b49a006c010a872becb3799eb7aee58229ed6c2f0a7a7717c8028f7f60ad1	"<p data-i=""privBanP"">نجمع <span class=""gold"">إشارات آمنة فقط</span> بالقدر اللازم لتشغيل المنصة وحماية المقاعد. لا نبيع بياناتك، ولا نعرض بيانات تشغيل محمية، ولا نكشف طرق الحساب الداخلية أو أسماء الطبقات أو البصمات المحمية. اعتمادات الدخول مجزّأة لا تُخزّن كنص.</p></div>"	Candidate evidence only; manual verification required.
EVD-c75103849429	GOVERNANCE_DISCOVERY	INFERRED_FROM_SOURCE	apps/admin-console/NDSP_Terms_Privacy.html	NDSP_Terms_Privacy.html	179	ee7b49a006c010a872becb3799eb7aee58229ed6c2f0a7a7717c8028f7f60ad1	"[""تُعالج المدفوعات عبر مزوّدين خارجيين (مثل NOWPayments والتحويل البنكي). يمكنك الإلغاء وفق السياسة المعلنة وقت الشراء."",""Payments are processed via third-party providers (such as NOWPayments and bank transfer). You may cancel per the policy disclosed at purchase.""]]},"	Candidate evidence only; manual verification required.
EVD-fe784ffcfabe	GOVERNANCE_DISCOVERY	INFERRED_FROM_SOURCE	apps/admin-console/NDSP_Terms_Privacy.html	NDSP_Terms_Privacy.html	186	ee7b49a006c010a872becb3799eb7aee58229ed6c2f0a7a7717c8028f7f60ad1	"[""إلى الحد الذي يسمح به النظام، لا تتحمّل DSP أي مسؤولية عن خسائر أو أضرار ناتجة عن قرارات اتخذتها بالاعتماد على المخرجات. الخدمة تُقدَّم «كما هي» دون ضمانات ضمنية."",""To the extent permitted by law, DSP bears no liability for losses or damages arising from decisions you made relying on the outputs. The service is provided 'as is' without implied warranties.""]]},"	Candidate evidence only; manual verification required.
EVD-148e393ff0c5	GOVERNANCE_DISCOVERY	INFERRED_FROM_SOURCE	apps/admin-console/NDSP_Terms_Privacy.html	NDSP_Terms_Privacy.html	196	ee7b49a006c010a872becb3799eb7aee58229ed6c2f0a7a7717c8028f7f60ad1	"[""اعتمادات الدخول <b>مجزّأة (hashed)</b> ولا تُخزّن كنص. بيانات تشغيل محمية القنوات (اعتماد تيليجرام محمي، اعتماد SMTP محمي، اعتمادات بوابة الدفع المحمية) تبقى في الخادم ولا تظهر إطلاقًا."",""Credentials are <b>hashed</b> and never stored as text. Channel protected credentials (Telegram protected credential, SMTP protected credential, payment gateway protected credentials) stay on the server and are never shown.""]]},"	Candidate evidence only; manual verification required.
EVD-ef8353242b3e	GOVERNANCE_DISCOVERY	INFERRED_FROM_SOURCE	apps/admin-console/NDSP_Terms_Privacy.html	NDSP_Terms_Privacy.html	205	ee7b49a006c010a872becb3799eb7aee58229ed6c2f0a7a7717c8028f7f60ad1	"[""نحتفظ بالبيانات للمدة اللازمة للخدمة والالتزامات النظامية، ثم تُحذف أو تُجهَّل. نطبّق تحديد المعدّل، تسجيل التدقيق، ونسخًا احتياطية قبل أي تعديل."",""We retain data for as long as needed for the service and legal obligations, then delete or anonymize it. We apply rate limiting, audit logging, and backups before any change.""]]},"	Candidate evidence only; manual verification required.
EVD-68176be0e1bd	GOVERNANCE_DISCOVERY	INFERRED_FROM_SOURCE	apps/admin-console/NDSP_Terms_Privacy.html	NDSP_Terms_Privacy.html	219	ee7b49a006c010a872becb3799eb7aee58229ed6c2f0a7a7717c8028f7f60ad1	"privBanP:""نجمع <span class='gold'>إشارات آمنة فقط</span> بالقدر اللازم لتشغيل المنصة وحماية المقاعد. لا نبيع بياناتك، ولا نعرض بيانات تشغيل محمية، ولا نكشف طرق الحساب الداخلية أو أسماء الطبقات أو البصمات المحمية. اعتمادات الدخول مجزّأة لا تُخزّن كنص."","	Candidate evidence only; manual verification required.
EVD-b2b295abfcfc	GOVERNANCE_DISCOVERY	INFERRED_FROM_SOURCE	apps/admin-console/NDSP_Terms_Privacy.html	NDSP_Terms_Privacy.html	226	ee7b49a006c010a872becb3799eb7aee58229ed6c2f0a7a7717c8028f7f60ad1	"tabTerms:""⚖ Terms of Use"",tabPrivacy:""⛨ Privacy Policy"","	Candidate evidence only; manual verification required.
EVD-d7d6257734e1	GOVERNANCE_DISCOVERY	INFERRED_FROM_SOURCE	apps/admin-console/NDSP_Terms_Privacy.html	NDSP_Terms_Privacy.html	287	ee7b49a006c010a872becb3799eb7aee58229ed6c2f0a7a7717c8028f7f60ad1	"""ENGINE & GOVERNANCE"":""المحركات والحوكمة"",""Layer Governance"":""حوكمة الطبقات"",""NMP Research Lab"":""مختبر أبحاث NMP"","	Candidate evidence only; manual verification required.
EVD-39aa18b55463	GOVERNANCE_DISCOVERY	INFERRED_FROM_SOURCE	apps/admin-console/NDSP_Terms_Privacy.html	NDSP_Terms_Privacy.html	366	ee7b49a006c010a872becb3799eb7aee58229ed6c2f0a7a7717c8028f7f60ad1	box-shadow:32px 0 90px rgba(0,0,0,.65)!important;	Candidate evidence only; manual verification required.
EVD-5b08fa270d69	GOVERNANCE_DISCOVERY	INFERRED_FROM_SOURCE	apps/admin-console/NDSP_Terms_Privacy.html	NDSP_Terms_Privacy.html	382	ee7b49a006c010a872becb3799eb7aee58229ed6c2f0a7a7717c8028f7f60ad1	"[""Overview"",""Users"",""Trials"",""Registration Review"",""Packages"",""Payments"",""Layer Governance"",""NMP Research Lab"",""Health"",""Reports"",""Backups"",""نظرة عامة"",""المستخدمون"",""التجارب"",""الباقات"",""المدفوعات""].forEach(function(x){"	Candidate evidence only; manual verification required.
EVD-af6af904e2dc	GOVERNANCE_DISCOVERY	INFERRED_FROM_SOURCE	apps/admin-console/NMP_Research_Lab.html	NMP_Research_Lab.html	53	04f44c02c084e84f846e0d31a6fd51b055d8197fa3d14fe45b29a2e5d2bc802e	box-shadow:0 18px 40px rgba(0,0,0,.22);	Candidate evidence only; manual verification required.
EVD-b0bc6f89aa92	GOVERNANCE_DISCOVERY	INFERRED_FROM_SOURCE	apps/admin-console/NMP_Research_Lab.html	NMP_Research_Lab.html	108	04f44c02c084e84f846e0d31a6fd51b055d8197fa3d14fe45b29a2e5d2bc802e	"""ENGINE & GOVERNANCE"":""المحركات والحوكمة"",""Layer Governance"":""حوكمة الطبقات"",""NMP Research Lab"":""مختبر أبحاث NMP"","	Candidate evidence only; manual verification required.
EVD-2804c3002778	GOVERNANCE_DISCOVERY	INFERRED_FROM_SOURCE	apps/admin-console/NMP_Research_Lab.html	NMP_Research_Lab.html	187	04f44c02c084e84f846e0d31a6fd51b055d8197fa3d14fe45b29a2e5d2bc802e	box-shadow:32px 0 90px rgba(0,0,0,.65)!important;	Candidate evidence only; manual verification required.
EVD-12e0d0abcec2	GOVERNANCE_DISCOVERY	INFERRED_FROM_SOURCE	apps/admin-console/NMP_Research_Lab.html	NMP_Research_Lab.html	203	04f44c02c084e84f846e0d31a6fd51b055d8197fa3d14fe45b29a2e5d2bc802e	"[""Overview"",""Users"",""Trials"",""Registration Review"",""Packages"",""Payments"",""Layer Governance"",""NMP Research Lab"",""Health"",""Reports"",""Backups"",""نظرة عامة"",""المستخدمون"",""التجارب"",""الباقات"",""المدفوعات""].forEach(function(x){"	Candidate evidence only; manual verification required.
EVD-8e63dce9bac4	GOVERNANCE_DISCOVERY	INFERRED_FROM_SOURCE	apps/admin-console/NMP_Research_Lab.html	NMP_Research_Lab.html	506	04f44c02c084e84f846e0d31a6fd51b055d8197fa3d14fe45b29a2e5d2bc802e	<br>هذا لا يعني اعتماده تلقائيًا؛ الاعتماد النهائي يتم بقرار الإدارة بعد مراجعة النتائج.`;	Candidate evidence only; manual verification required.
EVD-9dd96c6b4af5	GOVERNANCE_DISCOVERY	INFERRED_FROM_SOURCE	apps/admin-console/api/research/tdl-day-logic-v2.json	tdl-day-logic-v2.json	2	e2927c09efe3996621b7313016c521acab6636cc81a870da78ad543334a5992e	"""version"": ""TDL_WEEKLY_DAY_LOGIC_V2"","	Candidate evidence only; manual verification required.
EVD-455307fc09f6	GOVERNANCE_DISCOVERY	INFERRED_FROM_SOURCE	apps/admin-console/config/tdl_day_logic_v2.json	tdl_day_logic_v2.json	2	e2927c09efe3996621b7313016c521acab6636cc81a870da78ad543334a5992e	"""version"": ""TDL_WEEKLY_DAY_LOGIC_V2"","	Candidate evidence only; manual verification required.
EVD-b7b1207b1ac2	GOVERNANCE_DISCOVERY	INFERRED_FROM_SOURCE	apps/admin-console/data/owner-layer-source-map.json	owner-layer-source-map.json	18	23577d6618e75c762e47078400fbeb8a48f0d2cea50611272cff2a18b4ad55ff	"""file"": ""/home/nawaf511/empire-core-new/apps/ndsp-governance-bridge/layers/NDSP_OWNER_INTERNAL_16_LAYER_REGISTRY.md"","	Candidate evidence only; manual verification required.
EVD-0d882c44a995	GOVERNANCE_DISCOVERY	INFERRED_FROM_SOURCE	apps/admin-console/data/owner-layer-source-map.json	owner-layer-source-map.json	27	23577d6618e75c762e47078400fbeb8a48f0d2cea50611272cff2a18b4ad55ff	"""file"": ""/home/nawaf511/empire-core-new/apps/ndsp-governance-bridge/layers/NDSP_OWNER_INTERNAL_16_LAYER_REGISTRY.json"","	Candidate evidence only; manual verification required.
EVD-77e9173d1cbc	GOVERNANCE_DISCOVERY	INFERRED_FROM_SOURCE	apps/admin-console/data/owner-layer-source-map.json	owner-layer-source-map.json	36	23577d6618e75c762e47078400fbeb8a48f0d2cea50611272cff2a18b4ad55ff	"""file"": ""/home/nawaf511/empire-core-new/apps/ndsp-governance-bridge/NDSP_LAYER_VISIBILITY_OWNER_INTERNAL_POLICY.md"","	Candidate evidence only; manual verification required.
EVD-52e4fdc1b73b	GOVERNANCE_DISCOVERY	INFERRED_FROM_SOURCE	apps/admin-console/data/owner-layer-source-map.json	owner-layer-source-map.json	90	23577d6618e75c762e47078400fbeb8a48f0d2cea50611272cff2a18b4ad55ff	"""file"": ""/home/nawaf511/empire-core-new/apps/ndsp-governance-bridge/policies/tdl_v2_policy.py"","	Candidate evidence only; manual verification required.
EVD-136e682c9e9b	GOVERNANCE_DISCOVERY	INFERRED_FROM_SOURCE	apps/admin-console/data/owner-layer-source-map.json	owner-layer-source-map.json	93	23577d6618e75c762e47078400fbeb8a48f0d2cea50611272cff2a18b4ad55ff	"""from pathlib import Path from typing import Any, Dict POLICY_PATH = Path(__file__).resolve().parents[2] / \""config\"" / \""tdl_v2_policy.json\"" DEFAULT_POLICY: Dict[str, Any] = { \""tdl_v2_enabled\"": True, \""timing_layer_enabled\"": True, \""timing_mode\"": \""control_days\"", \""mon_wed_controller\"": \""S\"", \""thu_fri_controller\"": \""L&M\"", \""sunday_mode\"": \""neutral_review\"", \""o"","	Candidate evidence only; manual verification required.
EVD-bc2870800a87	GOVERNANCE_DISCOVERY	INFERRED_FROM_SOURCE	apps/admin-console/data/owner-layer-source-map.json	owner-layer-source-map.json	94	23577d6618e75c762e47078400fbeb8a48f0d2cea50611272cff2a18b4ad55ff	"""from pathlib import Path from typing import Any, Dict POLICY_PATH = Path(__file__).resolve().parents[2] / \""config\"" / \""tdl_v2_policy.json\"" DEFAULT_POLICY: Dict[str, Any] = { \""tdl_v2_enabled\"": True, \""timing_layer_enabled\"": True, \""timing_mode\"": \""control_days\"", \""mon_wed_controller\"": \""S\"", \""thu_fri_controller\"": \""L&M\"", \""sunday_mode\"": \""neutral_review\"", \""o"","	Candidate evidence only; manual verification required.
EVD-e1278e09dce0	GOVERNANCE_DISCOVERY	INFERRED_FROM_SOURCE	apps/admin-console/data/owner-layer-source-map.json	owner-layer-source-map.json	99	23577d6618e75c762e47078400fbeb8a48f0d2cea50611272cff2a18b4ad55ff	"""file"": ""/home/nawaf511/empire-core-new/apps/ndsp-governance-bridge/policies/ndsp_governance_mode.py"","	Candidate evidence only; manual verification required.
EVD-04b096e691ef	GOVERNANCE_DISCOVERY	INFERRED_FROM_SOURCE	apps/admin-console/data/owner-layer-source-map.json	owner-layer-source-map.json	104	23577d6618e75c762e47078400fbeb8a48f0d2cea50611272cff2a18b4ad55ff	""") ) DEFAULT_GOVERNANCE_MODE: Dict[str, Any] = { \""system\"": \""NDSP\"", \""governance_version\"": \""6.1.0\"", \""mode\"": \""DECISION_ACTIVE\"", \""execution_policy\"": \""EXECUTION_SANITIZED\"", \""decision_active\"": True, \""execution_sanitized\"": True, \""all_layers_participate\"": True, \""no_layer_disabled\"": True, \""tdl_direction_authority\"": True, \""timing_layer_enabled\"": T"""	Candidate evidence only; manual verification required.
EVD-294569a5bd97	GOVERNANCE_DISCOVERY	INFERRED_FROM_SOURCE	apps/admin-console/data/owner-layer-source-map.json	owner-layer-source-map.json	108	23577d6618e75c762e47078400fbeb8a48f0d2cea50611272cff2a18b4ad55ff	"""file"": ""/home/nawaf511/empire-core-new/apps/ndsp-governance-bridge/policies/governance_runtime.py"","	Candidate evidence only; manual verification required.
EVD-8eb092ec9820	GOVERNANCE_DISCOVERY	INFERRED_FROM_SOURCE	apps/admin-console/data/owner-layer-source-map.json	owner-layer-source-map.json	113	23577d6618e75c762e47078400fbeb8a48f0d2cea50611272cff2a18b4ad55ff	"""on_language(payload: Dict[str, Any]) -> Dict[str, Any]: \""\""\"" Public-output governance: - Do not turn a valid decision into neutral only because execution-style words exist. - Do not remove the evaluated layers. - Do not expose direct broker/execution commands. - Keep the output in decision-support mode. \""\""\"" execution = _ensure_dict(payload, \""execu"""	Candidate evidence only; manual verification required.
EVD-139aa4d91623	GOVERNANCE_DISCOVERY	INFERRED_FROM_SOURCE	apps/admin-console/data/owner-layer-source-map.json	owner-layer-source-map.json	137	23577d6618e75c762e47078400fbeb8a48f0d2cea50611272cff2a18b4ad55ff	"""file"": ""/home/nawaf511/empire-core-new/apps/ndsp-governance-bridge/layers/NDSP_OWNER_INTERNAL_16_LAYER_REGISTRY.md"","	Candidate evidence only; manual verification required.
EVD-6adb698e5f4c	GOVERNANCE_DISCOVERY	INFERRED_FROM_SOURCE	apps/admin-console/data/owner-layer-source-map.json	owner-layer-source-map.json	146	23577d6618e75c762e47078400fbeb8a48f0d2cea50611272cff2a18b4ad55ff	"""file"": ""/home/nawaf511/empire-core-new/apps/ndsp-governance-bridge/layers/NDSP_OWNER_INTERNAL_16_LAYER_REGISTRY.json"","	Candidate evidence only; manual verification required.
EVD-118631f37fbb	GOVERNANCE_DISCOVERY	INFERRED_FROM_SOURCE	apps/admin-console/data/owner-layer-source-map.json	owner-layer-source-map.json	158	23577d6618e75c762e47078400fbeb8a48f0d2cea50611272cff2a18b4ad55ff	"""kages\"":\""الباقات\"",\""Payments\"":\""المدفوعات\"", \""ENGINE & GOVERNANCE\"":\""المحركات والحوكمة\"",\""Layer Governance\"":\""حوكمة الطبقات\"",\""NMP Research Lab\"":\""مختبر أبحاث NMP\"", \""Alerts & Config\"":\""التنبيهات والإعدادات\"",\""Email\"":\""البريد\"",\""Telegram\"":\""تيليجرام\"",\""Health\"":\""الصحة التشغيلية\"",\""Reports\"":\""التقارير\"", \""Backups\"":\""النسخ الاحتياطية\"",\""Status\"":\""الحالة\"",\""Active\"":\""نشط\"",\""Pending\"":\""قيد الانتظار\"",\""Approve"","	Candidate evidence only; manual verification required.
EVD-220de1f4bc94	GOVERNANCE_DISCOVERY	INFERRED_FROM_SOURCE	apps/admin-console/data/owner-layer-source-map.json	owner-layer-source-map.json	159	23577d6618e75c762e47078400fbeb8a48f0d2cea50611272cff2a18b4ad55ff	"""kages\"":\""الباقات\"",\""Payments\"":\""المدفوعات\"", \""ENGINE & GOVERNANCE\"":\""المحركات والحوكمة\"",\""Layer Governance\"":\""حوكمة الطبقات\"",\""NMP Research Lab\"":\""مختبر أبحاث NMP\"", \""Alerts & Config\"":\""التنبيهات والإعدادات\"",\""Email\"":\""البريد\"",\""Telegram\"":\""تيليجرام\"",\""Health\"":\""الصحة التشغيلية\"",\""Reports\"":\""التقارير\"", \""Backups\"":\""النسخ الاحتياطية\"",\""Status\"":\""الحالة\"",\""Active\"":\""نشط\"",\""Pending\"":\""قيد الانتظار\"",\""Approve"","	Candidate evidence only; manual verification required.
EVD-d608dc7e649f	GOVERNANCE_DISCOVERY	INFERRED_FROM_SOURCE	apps/admin-console/data/owner-layer-source-map.json	owner-layer-source-map.json	167	23577d6618e75c762e47078400fbeb8a48f0d2cea50611272cff2a18b4ad55ff	"""ckages\"":\""الباقات\"",\""Payments\"":\""المدفوعات\"", \""ENGINE & GOVERNANCE\"":\""المحركات والحوكمة\"",\""Layer Governance\"":\""حوكمة الطبقات\"",\""NMP Research Lab\"":\""مختبر أبحاث NMP\"", \""Alerts & Config\"":\""التنبيهات والإعدادات\"",\""Email\"":\""البريد\"",\""Telegram\"":\""تيليجرام\"",\""Health\"":\""الصحة التشغيلية\"",\""Reports\"":\""التقارير\"", \""Backups\"":\""النسخ الاحتياطية\"",\""Status\"":\""الحالة\"",\""Active\"":\""نشط\"",\""Pending\"":\""قيد الانتظار\"",\""Approv"","	Candidate evidence only; manual verification required.
EVD-9e089100c69c	GOVERNANCE_DISCOVERY	INFERRED_FROM_SOURCE	apps/admin-console/data/owner-layer-source-map.json	owner-layer-source-map.json	168	23577d6618e75c762e47078400fbeb8a48f0d2cea50611272cff2a18b4ad55ff	"""ckages\"":\""الباقات\"",\""Payments\"":\""المدفوعات\"", \""ENGINE & GOVERNANCE\"":\""المحركات والحوكمة\"",\""Layer Governance\"":\""حوكمة الطبقات\"",\""NMP Research Lab\"":\""مختبر أبحاث NMP\"", \""Alerts & Config\"":\""التنبيهات والإعدادات\"",\""Email\"":\""البريد\"",\""Telegram\"":\""تيليجرام\"",\""Health\"":\""الصحة التشغيلية\"",\""Reports\"":\""التقارير\"", \""Backups\"":\""النسخ الاحتياطية\"",\""Status\"":\""الحالة\"",\""Active\"":\""نشط\"",\""Pending\"":\""قيد الانتظار\"",\""Approv"","	Candidate evidence only; manual verification required.
EVD-728069f6a781	GOVERNANCE_DISCOVERY	INFERRED_FROM_SOURCE	apps/admin-console/data/owner-layer-source-map.json	owner-layer-source-map.json	185	23577d6618e75c762e47078400fbeb8a48f0d2cea50611272cff2a18b4ad55ff	"""ckages\"":\""الباقات\"",\""Payments\"":\""المدفوعات\"", \""ENGINE & GOVERNANCE\"":\""المحركات والحوكمة\"",\""Layer Governance\"":\""حوكمة الطبقات\"",\""NMP Research Lab\"":\""مختبر أبحاث NMP\"", \""Alerts & Config\"":\""التنبيهات والإعدادات\"",\""Email\"":\""البريد\"",\""Telegram\"":\""تيليجرام\"",\""Health\"":\""الصحة التشغيلية\"",\""Reports\"":\""التقارير\"", \""Backups\"":\""النسخ الاحتياطية\"",\""Status\"":\""الحالة\"",\""Active\"":\""نشط\"",\""Pending\"":\""قيد الانتظار\"",\""Approv"","	Candidate evidence only; manual verification required.
EVD-0ef18b1f74b0	GOVERNANCE_DISCOVERY	INFERRED_FROM_SOURCE	apps/admin-console/data/owner-layer-source-map.json	owner-layer-source-map.json	186	23577d6618e75c762e47078400fbeb8a48f0d2cea50611272cff2a18b4ad55ff	"""ckages\"":\""الباقات\"",\""Payments\"":\""المدفوعات\"", \""ENGINE & GOVERNANCE\"":\""المحركات والحوكمة\"",\""Layer Governance\"":\""حوكمة الطبقات\"",\""NMP Research Lab\"":\""مختبر أبحاث NMP\"", \""Alerts & Config\"":\""التنبيهات والإعدادات\"",\""Email\"":\""البريد\"",\""Telegram\"":\""تيليجرام\"",\""Health\"":\""الصحة التشغيلية\"",\""Reports\"":\""التقارير\"", \""Backups\"":\""النسخ الاحتياطية\"",\""Status\"":\""الحالة\"",\""Active\"":\""نشط\"",\""Pending\"":\""قيد الانتظار\"",\""Approv"","	Candidate evidence only; manual verification required.
EVD-081407636a4e	GOVERNANCE_DISCOVERY	INFERRED_FROM_SOURCE	apps/admin-console/data/owner-layer-source-map.json	owner-layer-source-map.json	194	23577d6618e75c762e47078400fbeb8a48f0d2cea50611272cff2a18b4ad55ff	"""ckages\"":\""الباقات\"",\""Payments\"":\""المدفوعات\"", \""ENGINE & GOVERNANCE\"":\""المحركات والحوكمة\"",\""Layer Governance\"":\""حوكمة الطبقات\"",\""NMP Research Lab\"":\""مختبر أبحاث NMP\"", \""Alerts & Config\"":\""التنبيهات والإعدادات\"",\""Email\"":\""البريد\"",\""Telegram\"":\""تيليجرام\"",\""Health\"":\""الصحة التشغيلية\"",\""Reports\"":\""التقارير\"", \""Backups\"":\""النسخ الاحتياطية\"",\""Status\"":\""الحالة\"",\""Active\"":\""نشط\"",\""Pending\"":\""قيد الانتظار\"",\""Approv"","	Candidate evidence only; manual verification required.
EVD-b0ad51773411	GOVERNANCE_DISCOVERY	INFERRED_FROM_SOURCE	apps/admin-console/data/owner-layer-source-map.json	owner-layer-source-map.json	195	23577d6618e75c762e47078400fbeb8a48f0d2cea50611272cff2a18b4ad55ff	"""ckages\"":\""الباقات\"",\""Payments\"":\""المدفوعات\"", \""ENGINE & GOVERNANCE\"":\""المحركات والحوكمة\"",\""Layer Governance\"":\""حوكمة الطبقات\"",\""NMP Research Lab\"":\""مختبر أبحاث NMP\"", \""Alerts & Config\"":\""التنبيهات والإعدادات\"",\""Email\"":\""البريد\"",\""Telegram\"":\""تيليجرام\"",\""Health\"":\""الصحة التشغيلية\"",\""Reports\"":\""التقارير\"", \""Backups\"":\""النسخ الاحتياطية\"",\""Status\"":\""الحالة\"",\""Active\"":\""نشط\"",\""Pending\"":\""قيد الانتظار\"",\""Approv"","	Candidate evidence only; manual verification required.
EVD-73e97ebaa4de	GOVERNANCE_DISCOVERY	INFERRED_FROM_SOURCE	apps/admin-console/index.html	index.html	19	29f3e8fa5505b4255196a2fc12649c895bd1d629049ee00295f4d3a4e8b88e57	--shadow:0 24px 60px -28px rgba(0,0,0,.85);--r:16px;	Candidate evidence only; manual verification required.
EVD-26ca5f99d18a	GOVERNANCE_DISCOVERY	INFERRED_FROM_SOURCE	apps/admin-console/index.html	index.html	44	29f3e8fa5505b4255196a2fc12649c895bd1d629049ee00295f4d3a4e8b88e57	.side .brand svg{width:38px;height:38px;filter:drop-shadow(0 4px 12px rgba(217,182,90,.4))}	Candidate evidence only; manual verification required.
EVD-7e680d6d607e	GOVERNANCE_DISCOVERY	INFERRED_FROM_SOURCE	apps/admin-console/index.html	index.html	63	29f3e8fa5505b4255196a2fc12649c895bd1d629049ee00295f4d3a4e8b88e57	.dot-ok{background:var(--up);box-shadow:0 0 8px var(--up)}.dot-warn{background:var(--warn)}.dot-bad{background:var(--down)}	Candidate evidence only; manual verification required.
EVD-5cd209448026	GOVERNANCE_DISCOVERY	INFERRED_FROM_SOURCE	apps/admin-console/index.html	index.html	67	29f3e8fa5505b4255196a2fc12649c895bd1d629049ee00295f4d3a4e8b88e57	.card{background:var(--panel);border:1px solid var(--line-soft);border-radius:var(--r);backdrop-filter:blur(12px);box-shadow:var(--shadow);overflow:hidden}	Candidate evidence only; manual verification required.
EVD-784650d7af05	GOVERNANCE_DISCOVERY	INFERRED_FROM_SOURCE	apps/admin-console/index.html	index.html	120	29f3e8fa5505b4255196a2fc12649c895bd1d629049ee00295f4d3a4e8b88e57	/* layer governance */	Candidate evidence only; manual verification required.
EVD-b89514774d11	GOVERNANCE_DISCOVERY	INFERRED_FROM_SOURCE	apps/admin-console/index.html	index.html	202	29f3e8fa5505b4255196a2fc12649c895bd1d629049ee00295f4d3a4e8b88e57	"<div class=""navgrp"" data-i=""grpEngine"">المحرّك والحوكمة</div>"	Candidate evidence only; manual verification required.
EVD-909d761a0723	GOVERNANCE_DISCOVERY	INFERRED_FROM_SOURCE	apps/admin-console/index.html	index.html	203	29f3e8fa5505b4255196a2fc12649c895bd1d629049ee00295f4d3a4e8b88e57	"<div class=""navitem"" data-v=""layers""><span class=""ic"">⬡</span><span data-i=""nLayers"">حوكمة الطبقات</span></div>"	Candidate evidence only; manual verification required.
EVD-baa9041c8c6d	GOVERNANCE_DISCOVERY	INFERRED_FROM_SOURCE	apps/admin-console/index.html	index.html	218	29f3e8fa5505b4255196a2fc12649c895bd1d629049ee00295f4d3a4e8b88e57	"<div class=""sub"" id=""viewSub"">مركز عمليات DSP — لوحة الحوكمة والتشغيل</div>"	Candidate evidence only; manual verification required.
EVD-2e5aa9cc6894	GOVERNANCE_DISCOVERY	INFERRED_FROM_SOURCE	apps/admin-console/index.html	index.html	238	29f3e8fa5505b4255196a2fc12649c895bd1d629049ee00295f4d3a4e8b88e57	"<div class=""muted-note"" data-i=""seatNote""><b>الحوكمة:</b> التوزيع النهائي ٢٥ مبتدئ · ١٠ متخصص · ١٥ خاص. القبول النهائي يُنفّذ في الخادم.</div>"	Candidate evidence only; manual verification required.
EVD-7cf883ba1c2e	GOVERNANCE_DISCOVERY	INFERRED_FROM_SOURCE	apps/admin-console/index.html	index.html	242	29f3e8fa5505b4255196a2fc12649c895bd1d629049ee00295f4d3a4e8b88e57	"<div class=""card-h""><div class=""t""><span class=""ic"">⬡</span><span data-i=""layerStatus"">حالة حوكمة الطبقات</span></div></div>"	Candidate evidence only; manual verification required.
EVD-3d34926a2591	GOVERNANCE_DISCOVERY	INFERRED_FROM_SOURCE	apps/admin-console/index.html	index.html	274	29f3e8fa5505b4255196a2fc12649c895bd1d629049ee00295f4d3a4e8b88e57	"""ENGINE & GOVERNANCE"":""المحركات والحوكمة"",""Layer Governance"":""حوكمة الطبقات"",""NMP Research Lab"":""مختبر أبحاث NMP"","	Candidate evidence only; manual verification required.
EVD-d84df62ea03e	GOVERNANCE_DISCOVERY	INFERRED_FROM_SOURCE	apps/admin-console/index.html	index.html	353	29f3e8fa5505b4255196a2fc12649c895bd1d629049ee00295f4d3a4e8b88e57	box-shadow:32px 0 90px rgba(0,0,0,.65)!important;	Candidate evidence only; manual verification required.
EVD-b35e777c5f6b	GOVERNANCE_DISCOVERY	INFERRED_FROM_SOURCE	apps/admin-console/index.html	index.html	369	29f3e8fa5505b4255196a2fc12649c895bd1d629049ee00295f4d3a4e8b88e57	"[""Overview"",""Users"",""Trials"",""Registration Review"",""Packages"",""Payments"",""Layer Governance"",""NMP Research Lab"",""Health"",""Reports"",""Backups"",""نظرة عامة"",""المستخدمون"",""التجارب"",""الباقات"",""المدفوعات""].forEach(function(x){"	Candidate evidence only; manual verification required.
EVD-06b72e656744	GOVERNANCE_DISCOVERY	INFERRED_FROM_SOURCE	apps/admin-console/index.html	index.html	598	29f3e8fa5505b4255196a2fc12649c895bd1d629049ee00295f4d3a4e8b88e57	"<div class=""kpi""><div class=""k"" data-i=""tConv"">نية الترقية</div><div class=""v"">٠</div><div class=""d up"">٠٪</div></div>"	Candidate evidence only; manual verification required.
EVD-025f96f95bf4	GOVERNANCE_DISCOVERY	INFERRED_FROM_SOURCE	apps/admin-console/index.html	index.html	604	29f3e8fa5505b4255196a2fc12649c895bd1d629049ee00295f4d3a4e8b88e57	"<th data-i=""thUser"">المستخدم</th><th data-i=""thType"">النوع</th><th data-i=""thDay"">يوم التجربة</th><th data-i=""thStarted"">بدأت</th><th data-i=""thEnds"">تنتهي</th><th data-i=""thRemain"">المتبقي</th><th data-i=""thIntent"">نية الترقية</th>"	Candidate evidence only; manual verification required.
EVD-06d7fc2aa7eb	GOVERNANCE_DISCOVERY	INFERRED_FROM_SOURCE	apps/admin-console/index.html	index.html	679	29f3e8fa5505b4255196a2fc12649c895bd1d629049ee00295f4d3a4e8b88e57	"<div class=""muted-note"" data-i=""trialClockNote""><b>الحوكمة:</b> تبدأ الـ١٦ يومًا من لحظة تفعيل كل حساب — لكل مستخدم عدّاده الخاص المُسجَّل في الخادم. لا ساعة عامة ولا تمديد تلقائي.</div>"	Candidate evidence only; manual verification required.
EVD-45d97bcbcdd1	GOVERNANCE_DISCOVERY	INFERRED_FROM_SOURCE	apps/admin-console/index.html	index.html	763	29f3e8fa5505b4255196a2fc12649c895bd1d629049ee00295f4d3a4e8b88e57	"<div class=""muted-note"" data-i=""reviewNote""><b>الحوكمة:</b> الواجهة تجمع إشارات آمنة فقط (بصمة جهاز/IP مجزّأة، سرعة تسجيل). لا تُعرض معادلة الخطر الخام ولا درجة الإساءة غير المقنّعة.</div>"	Candidate evidence only; manual verification required.
EVD-558e20bd2d23	GOVERNANCE_DISCOVERY	INFERRED_FROM_SOURCE	apps/admin-console/index.html	index.html	847	29f3e8fa5505b4255196a2fc12649c895bd1d629049ee00295f4d3a4e8b88e57	"<div class=""muted-note"" data-i=""pkgNote""><b>الحوكمة:</b> الحدود تُفرض في الخادم. الواجهة تعرض الحالة فقط. التفعيل بلا موافقة خلفية ممنوع.</div>"	Candidate evidence only; manual verification required.
EVD-286a625f06be	GOVERNANCE_DISCOVERY	INFERRED_FROM_SOURCE	apps/admin-console/index.html	index.html	931	29f3e8fa5505b4255196a2fc12649c895bd1d629049ee00295f4d3a4e8b88e57	"<div class=""muted-note"" data-i=""payNote""><b>الحوكمة:</b> منطق الدفع في الخادم. لا تفعيل تلقائي بلا اعتماد. بيانات تشغيل محمية البوابة (NOWPayments) لا تُعرض إطلاقًا.</div>"	Candidate evidence only; manual verification required.
EVD-ef73be41dbb6	GOVERNANCE_DISCOVERY	INFERRED_FROM_SOURCE	apps/admin-console/index.html	index.html	935	29f3e8fa5505b4255196a2fc12649c895bd1d629049ee00295f4d3a4e8b88e57	<!-- ===== LAYER GOVERNANCE ===== -->	Candidate evidence only; manual verification required.
EVD-e931130188d0	GOVERNANCE_DISCOVERY	INFERRED_FROM_SOURCE	apps/admin-console/ndsp-admin-controls.css	ndsp-admin-controls.css	10	b11d1d39b0769a9f74717139a8b1569348a5375bd1cad59fda51d33aac09619a	box-shadow:0 24px 70px rgba(0,0,0,.35);	Candidate evidence only; manual verification required.
EVD-e1787d11c720	GOVERNANCE_DISCOVERY	INFERRED_FROM_SOURCE	apps/admin-console/ndsp-hud-theme.css	ndsp-hud-theme.css	5	a33503a1321ec17816c3422517539f3cc83d38c8a9461ce2388d1433b8a3fa74	.ndsp-hud-strip .dot{width:6px;height:6px;border-radius:50%;background:var(--hud-teal);box-shadow:0 0 8px rgba(63,211,198,.8);animation:ndspPulse 2.4s ease-in-out infinite}	Candidate evidence only; manual verification required.
EVD-cb9c99118671	GOVERNANCE_DISCOVERY	INFERRED_FROM_SOURCE	apps/admin-console/ndsp-hud-theme.css	ndsp-hud-theme.css	20	a33503a1321ec17816c3422517539f3cc83d38c8a9461ce2388d1433b8a3fa74	.ndsp-hud-scan{position:absolute;inset-inline:0;top:0;height:1.5px;pointer-events:none;z-index:3;background:linear-gradient(90deg,transparent,rgba(242,210,122,.55),transparent);filter:drop-shadow(0 0 6px rgba(242,210,122,.5));animation:ndspScanY 9s ease-in-out infinite;opacity:.5}	Candidate evidence only; manual verification required.
EVD-fd99691afea6	GOVERNANCE_DISCOVERY	INFERRED_FROM_SOURCE	apps/admin-console/ndsp-hud-theme.css	ndsp-hud-theme.css	22	a33503a1321ec17816c3422517539f3cc83d38c8a9461ce2388d1433b8a3fa74	".num,.price,.mono,[data-hud-num]{font-feature-settings:""tnum"" 1;text-shadow:0 0 18px rgba(242,210,122,.22)}"	Candidate evidence only; manual verification required.
EVD-1fd9c5475e38	GOVERNANCE_DISCOVERY	INFERRED_FROM_SOURCE	apps/admin-console/owner-layers.html	owner-layers.html	48	d798d7b634e3726e01b50e9633af1213d4aa26ad7b005ca238d7aaa2e339a653	box-shadow:0 18px 45px rgba(0,0,0,.26);	Candidate evidence only; manual verification required.
EVD-712fc52f0fc7	GOVERNANCE_DISCOVERY	INFERRED_FROM_SOURCE	apps/admin-console/research/NMP_Research_Level.html	NMP_Research_Level.html	11	b03a1938c3c26221d448485f128ca2f86c57e0fbac2934f6d537dddd3c617d14	.card{border:1px solid rgba(217,182,90,.25);background:rgba(18,24,36,.72);border-radius:18px;padding:22px;box-shadow:0 30px 80px rgba(0,0,0,.35)}	Candidate evidence only; manual verification required.
EVD-51bf1c568039	GOVERNANCE_DISCOVERY	INFERRED_FROM_SOURCE	apps/admin-console/research/NMP_Research_Level.html	NMP_Research_Level.html	37	b03a1938c3c26221d448485f128ca2f86c57e0fbac2934f6d537dddd3c617d14	"""ENGINE & GOVERNANCE"":""المحركات والحوكمة"",""Layer Governance"":""حوكمة الطبقات"",""NMP Research Lab"":""مختبر أبحاث NMP"","	Candidate evidence only; manual verification required.
EVD-ff3573cbccef	GOVERNANCE_DISCOVERY	INFERRED_FROM_SOURCE	apps/admin-console/research/NMP_Research_Level.html	NMP_Research_Level.html	116	b03a1938c3c26221d448485f128ca2f86c57e0fbac2934f6d537dddd3c617d14	box-shadow:32px 0 90px rgba(0,0,0,.65)!important;	Candidate evidence only; manual verification required.
EVD-9a1abda7e480	GOVERNANCE_DISCOVERY	INFERRED_FROM_SOURCE	apps/admin-console/research/NMP_Research_Level.html	NMP_Research_Level.html	132	b03a1938c3c26221d448485f128ca2f86c57e0fbac2934f6d537dddd3c617d14	"[""Overview"",""Users"",""Trials"",""Registration Review"",""Packages"",""Payments"",""Layer Governance"",""NMP Research Lab"",""Health"",""Reports"",""Backups"",""نظرة عامة"",""المستخدمون"",""التجارب"",""الباقات"",""المدفوعات""].forEach(function(x){"	Candidate evidence only; manual verification required.
EVD-5cf5c291af99	GOVERNANCE_DISCOVERY	INFERRED_FROM_SOURCE	apps/admin-console/research/TDL_Research_Lab.html	TDL_Research_Lab.html	53	caa934c838d7c24cee25584d69caef0543a3e7601a22b15165904c7f9c0ec2ff	"""ENGINE & GOVERNANCE"":""المحركات والحوكمة"",""Layer Governance"":""حوكمة الطبقات"",""NMP Research Lab"":""مختبر أبحاث NMP"","	Candidate evidence only; manual verification required.
EVD-f32753117c69	GOVERNANCE_DISCOVERY	INFERRED_FROM_SOURCE	apps/admin-console/research/TDL_Research_Lab.html	TDL_Research_Lab.html	132	caa934c838d7c24cee25584d69caef0543a3e7601a22b15165904c7f9c0ec2ff	box-shadow:32px 0 90px rgba(0,0,0,.65)!important;	Candidate evidence only; manual verification required.
EVD-f3b870bec4b1	GOVERNANCE_DISCOVERY	INFERRED_FROM_SOURCE	apps/admin-console/research/TDL_Research_Lab.html	TDL_Research_Lab.html	148	caa934c838d7c24cee25584d69caef0543a3e7601a22b15165904c7f9c0ec2ff	"[""Overview"",""Users"",""Trials"",""Registration Review"",""Packages"",""Payments"",""Layer Governance"",""NMP Research Lab"",""Health"",""Reports"",""Backups"",""نظرة عامة"",""المستخدمون"",""التجارب"",""الباقات"",""المدفوعات""].forEach(function(x){"	Candidate evidence only; manual verification required.
EVD-f9c0b40b3690	GOVERNANCE_DISCOVERY	INFERRED_FROM_SOURCE	apps/admin-console/research/TDL_Research_Lab.html	TDL_Research_Lab.html	341	caa934c838d7c24cee25584d69caef0543a3e7601a22b15165904c7f9c0ec2ff	const g = d.governance || {};	Candidate evidence only; manual verification required.
EVD-a2888a8fb827	GOVERNANCE_DISCOVERY	INFERRED_FROM_SOURCE	apps/admin-console/research/index.html	index.html	28	cbd6de5f4a7e25703efc52b72481e400a9d84fcd50eff3215aaacd330dbb1354	border-radius:20px;padding:22px;box-shadow:0 20px 60px rgba(0,0,0,.25)	Candidate evidence only; manual verification required.
EVD-f20e8ab84a09	GOVERNANCE_DISCOVERY	INFERRED_FROM_SOURCE	apps/admin-console/research/index.html	index.html	74	cbd6de5f4a7e25703efc52b72481e400a9d84fcd50eff3215aaacd330dbb1354	الحوكمة: هذه الصفحة لا تكشف منطقًا خامًا للمستخدم العام، وهي خلف نطاق الأدمن المحمي فقط.	Candidate evidence only; manual verification required.
EVD-ecc0e6763f00	GOVERNANCE_DISCOVERY	INFERRED_FROM_SOURCE	apps/admin-console/research/tdl-lab-latest.json	tdl-lab-latest.json	17	ac7d7f37599959b56131932156489003ec349ce67638d85ea8e5542193f82c96	"""governance"": {"	Candidate evidence only; manual verification required.
EVD-c9c500cef9eb	GOVERNANCE_DISCOVERY	INFERRED_FROM_SOURCE	apps/ndsp-governance-bridge/NDSP_LAYER_VISIBILITY_OWNER_INTERNAL_POLICY.json	NDSP_LAYER_VISIBILITY_OWNER_INTERNAL_POLICY.json	2	cf30d026fab41f2ed9fca85bb7364968e33eb446f4b2aa7b78a9166f3d4edf53	"""policy"": ""NDSP_LAYER_VISIBILITY_OWNER_INTERNAL_POLICY"","	Candidate evidence only; manual verification required.
EVD-d5bc31339aee	GOVERNANCE_DISCOVERY	INFERRED_FROM_SOURCE	apps/ndsp-governance-bridge/NDSP_LAYER_VISIBILITY_OWNER_INTERNAL_POLICY.json	NDSP_LAYER_VISIBILITY_OWNER_INTERNAL_POLICY.json	4	cf30d026fab41f2ed9fca85bb7364968e33eb446f4b2aa7b78a9166f3d4edf53	"""replaces"": ""NDSP_LAYER_NAME_MASKING_POLICY"","	Candidate evidence only; manual verification required.
EVD-15a801a43435	GOVERNANCE_DISCOVERY	INFERRED_FROM_SOURCE	apps/ndsp-governance-bridge/NDSP_LAYER_VISIBILITY_OWNER_INTERNAL_POLICY.json	NDSP_LAYER_VISIBILITY_OWNER_INTERNAL_POLICY.json	9	cf30d026fab41f2ed9fca85bb7364968e33eb446f4b2aa7b78a9166f3d4edf53	"""admin_owner_audit_unmasked"": true,"	Candidate evidence only; manual verification required.
EVD-033ed78552b1	GOVERNANCE_DISCOVERY	DOCUMENTATION_ONLY	apps/ndsp-governance-bridge/NDSP_LAYER_VISIBILITY_OWNER_INTERNAL_POLICY.md	NDSP_LAYER_VISIBILITY_OWNER_INTERNAL_POLICY.md	1	20dd515b66b6c01913aefc2c0cc9722c9c1c04fcc3eb83f65245949b71c0397f	# NDSP Layer Visibility Policy — Owner Internal Unmasked / Public UI Masked	Candidate evidence only; manual verification required.
EVD-8fa9a459572e	GOVERNANCE_DISCOVERY	DOCUMENTATION_ONLY	apps/ndsp-governance-bridge/NDSP_LAYER_VISIBILITY_OWNER_INTERNAL_POLICY.md	NDSP_LAYER_VISIBILITY_OWNER_INTERNAL_POLICY.md	5	20dd515b66b6c01913aefc2c0cc9722c9c1c04fcc3eb83f65245949b71c0397f	Authoritative replacement for the old global layer-name masking policy.	Candidate evidence only; manual verification required.
EVD-9e2515e18c51	GOVERNANCE_DISCOVERY	DOCUMENTATION_ONLY	apps/ndsp-governance-bridge/NDSP_LAYER_VISIBILITY_OWNER_INTERNAL_POLICY.md	NDSP_LAYER_VISIBILITY_OWNER_INTERNAL_POLICY.md	9	20dd515b66b6c01913aefc2c0cc9722c9c1c04fcc3eb83f65245949b71c0397f	Layer-name masking is no longer applied inside backend, layer folders, governance bridge, owner audit files, or admin/internal pages.	Candidate evidence only; manual verification required.
EVD-0998b8eeede0	GOVERNANCE_DISCOVERY	DOCUMENTATION_ONLY	apps/ndsp-governance-bridge/NDSP_LAYER_VISIBILITY_OWNER_INTERNAL_POLICY.md	NDSP_LAYER_VISIBILITY_OWNER_INTERNAL_POLICY.md	19	20dd515b66b6c01913aefc2c0cc9722c9c1c04fcc3eb83f65245949b71c0397f	| Owner governance files | Visible | Visible | Visible | Visible |	Candidate evidence only; manual verification required.
EVD-060af03ef4a8	GOVERNANCE_DISCOVERY	DOCUMENTATION_ONLY	apps/ndsp-governance-bridge/NDSP_LAYER_VISIBILITY_OWNER_INTERNAL_POLICY.md	NDSP_LAYER_VISIBILITY_OWNER_INTERNAL_POLICY.md	20	20dd515b66b6c01913aefc2c0cc9722c9c1c04fcc3eb83f65245949b71c0397f	| Admin owner audit | Visible | Visible | Visible | Visible |	Candidate evidence only; manual verification required.
EVD-ce27354e431a	GOVERNANCE_DISCOVERY	INFERRED_FROM_SOURCE	apps/ndsp-governance-bridge/layers/NDSP_OWNER_INTERNAL_16_LAYER_REGISTRY.json	NDSP_OWNER_INTERNAL_16_LAYER_REGISTRY.json	2	90a4f3c76f35e74ad3cc4df86088e58b17e70590d3617fbe6fe7c2230202eb3a	"""policy"": ""NDSP_OWNER_INTERNAL_16_LAYER_REGISTRY"","	Candidate evidence only; manual verification required.
EVD-a6b0addee293	GOVERNANCE_DISCOVERY	INFERRED_FROM_SOURCE	apps/ndsp-governance-bridge/layers/NDSP_OWNER_INTERNAL_16_LAYER_REGISTRY.json	NDSP_OWNER_INTERNAL_16_LAYER_REGISTRY.json	6	90a4f3c76f35e74ad3cc4df86088e58b17e70590d3617fbe6fe7c2230202eb3a	"""owner_admin_audit"": ""unmasked"","	Candidate evidence only; manual verification required.
EVD-e740a03439a1	GOVERNANCE_DISCOVERY	INFERRED_FROM_SOURCE	apps/ndsp-governance-bridge/layers/NDSP_OWNER_INTERNAL_16_LAYER_REGISTRY.json	NDSP_OWNER_INTERNAL_16_LAYER_REGISTRY.json	12	90a4f3c76f35e74ad3cc4df86088e58b17e70590d3617fbe6fe7c2230202eb3a	"""rule"": ""Layer names, logic, file paths, and source mapping are visible internally to the owner and admin audit. Public UI must still mask internal layer names unless explicitly approved."","	Candidate evidence only; manual verification required.
EVD-de30ff1e1199	GOVERNANCE_DISCOVERY	INFERRED_FROM_SOURCE	apps/ndsp-governance-bridge/layers/NDSP_OWNER_INTERNAL_16_LAYER_REGISTRY.json	NDSP_OWNER_INTERNAL_16_LAYER_REGISTRY.json	38	90a4f3c76f35e74ad3cc4df86088e58b17e70590d3617fbe6fe7c2230202eb3a	"""logic"": ""Tests the opposite case, objections, invalidation risks, and confidence blockers before final approval."","	Candidate evidence only; manual verification required.
EVD-a4db5f81190a	GOVERNANCE_DISCOVERY	DOCUMENTATION_ONLY	apps/ndsp-governance-bridge/layers/NDSP_OWNER_INTERNAL_16_LAYER_REGISTRY.md	NDSP_OWNER_INTERNAL_16_LAYER_REGISTRY.md	11	52648037362397556a800886514ced1585ac571eca21a820c61d745f75c9b386	- Owner/admin audit pages: unmasked.	Candidate evidence only; manual verification required.
EVD-780d2e8c9fd2	GOVERNANCE_DISCOVERY	INFERRED_FROM_SOURCE	apps/ndsp-governance-bridge/policies/admin_snapshot/audit_admin_v6.py	audit_admin_v6.py	5	0d83b5d02628e4e8e23fd08ab7040603a75f1496249c65dbcd8edb416deb13ed	from app.governance.admin_only import require_admin_role	Candidate evidence only; manual verification required.
EVD-1eadff074779	GOVERNANCE_DISCOVERY	INFERRED_FROM_SOURCE	apps/ndsp-governance-bridge/policies/admin_snapshot/audit_admin_v6.py	audit_admin_v6.py	6	0d83b5d02628e4e8e23fd08ab7040603a75f1496249c65dbcd8edb416deb13ed	from app.saas.subscriptions_db import list_audit_events	Candidate evidence only; manual verification required.
EVD-9215bd28c960	GOVERNANCE_DISCOVERY	INFERRED_FROM_SOURCE	apps/ndsp-governance-bridge/policies/admin_snapshot/audit_admin_v6.py	audit_admin_v6.py	8	0d83b5d02628e4e8e23fd08ab7040603a75f1496249c65dbcd8edb416deb13ed	"router = APIRouter(prefix=""/api/admin/audit"", tags=[""audit-admin-v6""])"	Candidate evidence only; manual verification required.
EVD-4e41346aa97a	GOVERNANCE_DISCOVERY	INFERRED_FROM_SOURCE	apps/ndsp-governance-bridge/policies/admin_snapshot/audit_admin_v6.py	audit_admin_v6.py	12	0d83b5d02628e4e8e23fd08ab7040603a75f1496249c65dbcd8edb416deb13ed	def admin_list_audit_events(limit: int = Query(default=200, ge=1, le=1000)):	Candidate evidence only; manual verification required.
EVD-e4ef6d8e7d27	GOVERNANCE_DISCOVERY	INFERRED_FROM_SOURCE	apps/ndsp-governance-bridge/policies/admin_snapshot/audit_admin_v6.py	audit_admin_v6.py	15	0d83b5d02628e4e8e23fd08ab7040603a75f1496249c65dbcd8edb416deb13ed	"""events"": list_audit_events(limit=limit),"	Candidate evidence only; manual verification required.
EVD-26b9cebe6af4	GOVERNANCE_DISCOVERY	INFERRED_FROM_SOURCE	apps/ndsp-governance-bridge/policies/admin_snapshot/tdl_v2_policy_admin.py	tdl_v2_policy_admin.py	9	bd044be248c4958803b6612b4e8819226b38ef874255e02f56f132e1820eb380	from app.core.tdl_v2_policy import read_tdl_v2_policy, write_tdl_v2_policy	Candidate evidence only; manual verification required.
EVD-dbd3f9e665c6	GOVERNANCE_DISCOVERY	INFERRED_FROM_SOURCE	apps/ndsp-governance-bridge/policies/admin_snapshot/tdl_v2_policy_admin.py	tdl_v2_policy_admin.py	14	bd044be248c4958803b6612b4e8819226b38ef874255e02f56f132e1820eb380	class TdlV2PolicyUpdate(BaseModel):	Candidate evidence only; manual verification required.
EVD-1aac4b5e882c	GOVERNANCE_DISCOVERY	INFERRED_FROM_SOURCE	apps/ndsp-governance-bridge/policies/admin_snapshot/tdl_v2_policy_admin.py	tdl_v2_policy_admin.py	21	bd044be248c4958803b6612b4e8819226b38ef874255e02f56f132e1820eb380	output_policy: Optional[str] = None	Candidate evidence only; manual verification required.
EVD-e7a2d20d80d2	GOVERNANCE_DISCOVERY	INFERRED_FROM_SOURCE	apps/ndsp-governance-bridge/policies/admin_snapshot/tdl_v2_policy_admin.py	tdl_v2_policy_admin.py	98	bd044be248c4958803b6612b4e8819226b38ef874255e02f56f132e1820eb380	"@router.get(""/policy"")"	Candidate evidence only; manual verification required.
EVD-ecddd0adeec2	GOVERNANCE_DISCOVERY	INFERRED_FROM_SOURCE	apps/ndsp-governance-bridge/policies/admin_snapshot/tdl_v2_policy_admin.py	tdl_v2_policy_admin.py	99	bd044be248c4958803b6612b4e8819226b38ef874255e02f56f132e1820eb380	def get_tdl_v2_policy(	Candidate evidence only; manual verification required.
EVD-cc2e9cb9d165	GOVERNANCE_DISCOVERY	INFERRED_FROM_SOURCE	apps/ndsp-governance-bridge/policies/admin_snapshot/tdl_v2_policy_admin.py	tdl_v2_policy_admin.py	105	bd044be248c4958803b6612b4e8819226b38ef874255e02f56f132e1820eb380	"return {""ok"": True, ""policy"": read_tdl_v2_policy()}"	Candidate evidence only; manual verification required.
EVD-485fd0045643	GOVERNANCE_DISCOVERY	INFERRED_FROM_SOURCE	apps/ndsp-governance-bridge/policies/admin_snapshot/tdl_v2_policy_admin.py	tdl_v2_policy_admin.py	108	bd044be248c4958803b6612b4e8819226b38ef874255e02f56f132e1820eb380	"@router.post(""/policy"")"	Candidate evidence only; manual verification required.
EVD-fb97402a5267	GOVERNANCE_DISCOVERY	INFERRED_FROM_SOURCE	apps/ndsp-governance-bridge/policies/admin_snapshot/tdl_v2_policy_admin.py	tdl_v2_policy_admin.py	109	bd044be248c4958803b6612b4e8819226b38ef874255e02f56f132e1820eb380	def update_tdl_v2_policy(	Candidate evidence only; manual verification required.
EVD-ef1b4b5ceb4d	GOVERNANCE_DISCOVERY	INFERRED_FROM_SOURCE	apps/ndsp-governance-bridge/policies/admin_snapshot/tdl_v2_policy_admin.py	tdl_v2_policy_admin.py	110	bd044be248c4958803b6612b4e8819226b38ef874255e02f56f132e1820eb380	payload: TdlV2PolicyUpdate,	Candidate evidence only; manual verification required.
EVD-1bc889f23419	GOVERNANCE_DISCOVERY	INFERRED_FROM_SOURCE	apps/ndsp-governance-bridge/policies/admin_snapshot/tdl_v2_policy_admin.py	tdl_v2_policy_admin.py	125	bd044be248c4958803b6612b4e8819226b38ef874255e02f56f132e1820eb380	"if ""output_policy"" in updates and updates[""output_policy""] != ""tdl_v2_only"":"	Candidate evidence only; manual verification required.
EVD-2c62bfe01495	GOVERNANCE_DISCOVERY	INFERRED_FROM_SOURCE	apps/ndsp-governance-bridge/policies/admin_snapshot/tdl_v2_policy_admin.py	tdl_v2_policy_admin.py	126	bd044be248c4958803b6612b4e8819226b38ef874255e02f56f132e1820eb380	"raise HTTPException(status_code=400, detail=""output_policy_must_be_tdl_v2_only"")"	Candidate evidence only; manual verification required.
EVD-a2490028a5e7	GOVERNANCE_DISCOVERY	INFERRED_FROM_SOURCE	apps/ndsp-governance-bridge/policies/admin_snapshot/tdl_v2_policy_admin.py	tdl_v2_policy_admin.py	128	bd044be248c4958803b6612b4e8819226b38ef874255e02f56f132e1820eb380	"return {""ok"": True, ""policy"": write_tdl_v2_policy(updates, updated_by=""admin"")}"	Candidate evidence only; manual verification required.
EVD-85c5ddcd48bb	GOVERNANCE_DISCOVERY	INFERRED_FROM_SOURCE	apps/ndsp-governance-bridge/policies/admin_snapshot/tdl_v2_policy_admin.py	tdl_v2_policy_admin.py	140	bd044be248c4958803b6612b4e8819226b38ef874255e02f56f132e1820eb380	"""policy"": write_tdl_v2_policy("	Candidate evidence only; manual verification required.
EVD-3e9bd329d37d	GOVERNANCE_DISCOVERY	INFERRED_FROM_SOURCE	apps/ndsp-governance-bridge/policies/admin_snapshot/tdl_v2_policy_admin.py	tdl_v2_policy_admin.py	156	bd044be248c4958803b6612b4e8819226b38ef874255e02f56f132e1820eb380	"""policy"": write_tdl_v2_policy("	Candidate evidence only; manual verification required.
EVD-103d01247256	GOVERNANCE_DISCOVERY	INFERRED_FROM_SOURCE	apps/ndsp-governance-bridge/policies/audit_logger.py	audit_logger.py	19	6f3ec21dca878d79d1783dd7464d629aa8ed2e34be4f82524ff9226dc9cbbec8	"print(""AUDIT LOG ERROR:"", e)"	Candidate evidence only; manual verification required.
EVD-a58411857195	GOVERNANCE_DISCOVERY	INFERRED_FROM_SOURCE	apps/ndsp-governance-bridge/policies/decision_active_governance.py	decision_active_governance.py	5	19d942eae978737eb0236bd6e9fe76bb9f6170570f57612a60f471a587505ea8	from app.core.decision_active_sanitizer import apply_decision_active_governance	Candidate evidence only; manual verification required.
EVD-1917c71d36f2	GOVERNANCE_DISCOVERY	INFERRED_FROM_SOURCE	apps/ndsp-governance-bridge/policies/decision_active_governance.py	decision_active_governance.py	8	19d942eae978737eb0236bd6e9fe76bb9f6170570f57612a60f471a587505ea8	def enforce_decision_active_governance(payload: Dict[str, Any]) -> Dict[str, Any]:	Candidate evidence only; manual verification required.
EVD-1fdc5a0644ad	GOVERNANCE_DISCOVERY	INFERRED_FROM_SOURCE	apps/ndsp-governance-bridge/policies/decision_active_governance.py	decision_active_governance.py	9	19d942eae978737eb0236bd6e9fe76bb9f6170570f57612a60f471a587505ea8	return apply_decision_active_governance(payload)	Candidate evidence only; manual verification required.
EVD-daf74bd0ca9a	GOVERNANCE_DISCOVERY	INFERRED_FROM_SOURCE	apps/ndsp-governance-bridge/policies/governance_runtime.py	governance_runtime.py	26	6d0cf1c41dafa065f37d345f19c3808e316a5f4ebe6f6bb33a49547c6d524fa8	Public-output governance:	Candidate evidence only; manual verification required.
EVD-0f106bbff5e4	GOVERNANCE_DISCOVERY	INFERRED_FROM_SOURCE	apps/ndsp-governance-bridge/policies/governance_runtime.py	governance_runtime.py	75	6d0cf1c41dafa065f37d345f19c3808e316a5f4ebe6f6bb33a49547c6d524fa8	"""policy"": ""decision_active_execution_sanitized"","	Candidate evidence only; manual verification required.
EVD-1dedc7932e3c	GOVERNANCE_DISCOVERY	INFERRED_FROM_SOURCE	apps/ndsp-governance-bridge/policies/governance_runtime.py	governance_runtime.py	83	6d0cf1c41dafa065f37d345f19c3808e316a5f4ebe6f6bb33a49547c6d524fa8	Make sure intelligence exists in final output even under governance restrictions.	Candidate evidence only; manual verification required.
EVD-01a0a9741f2b	GOVERNANCE_DISCOVERY	INFERRED_FROM_SOURCE	apps/ndsp-governance-bridge/policies/governance_runtime.py	governance_runtime.py	113	6d0cf1c41dafa065f37d345f19c3808e316a5f4ebe6f6bb33a49547c6d524fa8	# Preserve timing_model policy context.	Candidate evidence only; manual verification required.
EVD-15c254b4d747	GOVERNANCE_DISCOVERY	INFERRED_FROM_SOURCE	apps/ndsp-governance-bridge/policies/governance_runtime.py	governance_runtime.py	114	6d0cf1c41dafa065f37d345f19c3808e316a5f4ebe6f6bb33a49547c6d524fa8	"if isinstance(meta.get(""tdl_v2_policy""), dict):"	Candidate evidence only; manual verification required.
EVD-dc7860484b84	GOVERNANCE_DISCOVERY	INFERRED_FROM_SOURCE	apps/ndsp-governance-bridge/policies/governance_runtime.py	governance_runtime.py	115	6d0cf1c41dafa065f37d345f19c3808e316a5f4ebe6f6bb33a49547c6d524fa8	"intelligence[""tdl_v2_policy""] = meta[""tdl_v2_policy""]"	Candidate evidence only; manual verification required.
EVD-320abbc9a3db	GOVERNANCE_DISCOVERY	INFERRED_FROM_SOURCE	apps/ndsp-governance-bridge/policies/governance_runtime.py	governance_runtime.py	140	6d0cf1c41dafa065f37d345f19c3808e316a5f4ebe6f6bb33a49547c6d524fa8	"if states.get(""system_state"") in {""governance_restricted"", ""blocked"", ""safe_mode""}:"	Candidate evidence only; manual verification required.
EVD-3f9772d82273	GOVERNANCE_DISCOVERY	INFERRED_FROM_SOURCE	apps/ndsp-governance-bridge/policies/governance_runtime.py	governance_runtime.py	143	6d0cf1c41dafa065f37d345f19c3808e316a5f4ebe6f6bb33a49547c6d524fa8	"meta[""governance_sanitization""] = {"	Candidate evidence only; manual verification required.
EVD-8c7dd880abfd	GOVERNANCE_DISCOVERY	INFERRED_FROM_SOURCE	apps/ndsp-governance-bridge/policies/governance_runtime.py	governance_runtime.py	166	6d0cf1c41dafa065f37d345f19c3808e316a5f4ebe6f6bb33a49547c6d524fa8	If the current payload was blocked by governance, derive a safe decision-support	Candidate evidence only; manual verification required.
EVD-1988286d7cf3	GOVERNANCE_DISCOVERY	INFERRED_FROM_SOURCE	apps/ndsp-governance-bridge/policies/governance_runtime.py	governance_runtime.py	176	6d0cf1c41dafa065f37d345f19c3808e316a5f4ebe6f6bb33a49547c6d524fa8	"previous_reason = str(_safe_dict(meta.get(""governance_sanitization"")).get(""previous_reason"") or risk.get(""reason"") or """")"	Candidate evidence only; manual verification required.
EVD-fa3dfe9df1ac	GOVERNANCE_DISCOVERY	INFERRED_FROM_SOURCE	apps/ndsp-governance-bridge/policies/governance_runtime.py	governance_runtime.py	298	6d0cf1c41dafa065f37d345f19c3808e316a5f4ebe6f6bb33a49547c6d524fa8	def apply_governance_runtime(payload: Dict[str, Any], symbol=None, **kwargs) -> Dict[str, Any]:	Candidate evidence only; manual verification required.
EVD-03705f55d88a	GOVERNANCE_DISCOVERY	INFERRED_FROM_SOURCE	apps/ndsp-governance-bridge/policies/governance_runtime.py	governance_runtime.py	300	6d0cf1c41dafa065f37d345f19c3808e316a5f4ebe6f6bb33a49547c6d524fa8	Main governance_runtime entrypoint.	Candidate evidence only; manual verification required.
EVD-28f44d4ace44	GOVERNANCE_DISCOVERY	INFERRED_FROM_SOURCE	apps/ndsp-governance-bridge/policies/governance_runtime.py	governance_runtime.py	302	6d0cf1c41dafa065f37d345f19c3808e316a5f4ebe6f6bb33a49547c6d524fa8	Final policy:	Candidate evidence only; manual verification required.
EVD-6d5b01019b37	GOVERNANCE_DISCOVERY	INFERRED_FROM_SOURCE	apps/ndsp-governance-bridge/policies/governance_runtime.py	governance_runtime.py	320	6d0cf1c41dafa065f37d345f19c3808e316a5f4ebe6f6bb33a49547c6d524fa8	"meta[""governance_runtime""] = {"	Candidate evidence only; manual verification required.
EVD-adc90d96fc10	GOVERNANCE_DISCOVERY	INFERRED_FROM_SOURCE	apps/ndsp-governance-bridge/policies/governance_runtime.py	governance_runtime.py	329	6d0cf1c41dafa065f37d345f19c3808e316a5f4ebe6f6bb33a49547c6d524fa8	"metadata[""pipeline_guard""] = ""governance_runtime"""	Candidate evidence only; manual verification required.
EVD-b0ab411237fa	GOVERNANCE_DISCOVERY	INFERRED_FROM_SOURCE	apps/ndsp-governance-bridge/policies/governance_runtime.py	governance_runtime.py	337	6d0cf1c41dafa065f37d345f19c3808e316a5f4ebe6f6bb33a49547c6d524fa8	"scenario[""governance_mode""] = ""decision_active_execution_sanitized"""	Candidate evidence only; manual verification required.
EVD-e576082690f9	GOVERNANCE_DISCOVERY	INFERRED_FROM_SOURCE	apps/ndsp-governance-bridge/policies/governance_runtime.py	governance_runtime.py	341	6d0cf1c41dafa065f37d345f19c3808e316a5f4ebe6f6bb33a49547c6d524fa8	"explainability[""governance_summary""] = ("	Candidate evidence only; manual verification required.
EVD-08206af01e86	GOVERNANCE_DISCOVERY	INFERRED_FROM_SOURCE	apps/ndsp-governance-bridge/policies/governance_runtime.py	governance_runtime.py	349	6d0cf1c41dafa065f37d345f19c3808e316a5f4ebe6f6bb33a49547c6d524fa8	def enforce_governance_runtime(payload: Dict[str, Any]) -> Dict[str, Any]:	Candidate evidence only; manual verification required.
EVD-682075ff8b2a	GOVERNANCE_DISCOVERY	INFERRED_FROM_SOURCE	apps/ndsp-governance-bridge/policies/governance_runtime.py	governance_runtime.py	350	6d0cf1c41dafa065f37d345f19c3808e316a5f4ebe6f6bb33a49547c6d524fa8	return apply_governance_runtime(payload)	Candidate evidence only; manual verification required.
EVD-cdd1f372e56d	GOVERNANCE_DISCOVERY	INFERRED_FROM_SOURCE	apps/ndsp-governance-bridge/policies/governance_runtime.py	governance_runtime.py	354	6d0cf1c41dafa065f37d345f19c3808e316a5f4ebe6f6bb33a49547c6d524fa8	return apply_governance_runtime(payload)	Candidate evidence only; manual verification required.
EVD-5c81064aaac7	GOVERNANCE_DISCOVERY	INFERRED_FROM_SOURCE	apps/ndsp-governance-bridge/policies/ndsp_alert_audit.py	ndsp_alert_audit.py	13	e78c13076bf6fb3d5daa4e861f94c77615792b184a277404a66338d0afd5d846	"AUDIT_PATH = Path(os.getenv(""NDSP_ALERT_AUDIT_FILE"", ""/home/nawaf511/empire-core-new/backend/runtime/alert_audit_log.jsonl""))"	Candidate evidence only; manual verification required.
EVD-27fcd510f834	GOVERNANCE_DISCOVERY	INFERRED_FROM_SOURCE	apps/ndsp-governance-bridge/policies/ndsp_alert_audit.py	ndsp_alert_audit.py	50	e78c13076bf6fb3d5daa4e861f94c77615792b184a277404a66338d0afd5d846	AUDIT_PATH.parent.mkdir(parents=True, exist_ok=True)	Candidate evidence only; manual verification required.
EVD-21a9f1668ee1	GOVERNANCE_DISCOVERY	INFERRED_FROM_SOURCE	apps/ndsp-governance-bridge/policies/ndsp_alert_audit.py	ndsp_alert_audit.py	54	e78c13076bf6fb3d5daa4e861f94c77615792b184a277404a66338d0afd5d846	def sanitize_audit_record(record: Dict[str, Any]) -> Dict[str, Any]:	Candidate evidence only; manual verification required.
EVD-c1598d7a1230	GOVERNANCE_DISCOVERY	INFERRED_FROM_SOURCE	apps/ndsp-governance-bridge/policies/ndsp_alert_audit.py	ndsp_alert_audit.py	59	e78c13076bf6fb3d5daa4e861f94c77615792b184a277404a66338d0afd5d846	"""version"": ""1.0.0"","	Candidate evidence only; manual verification required.
EVD-e6baae18e37a	GOVERNANCE_DISCOVERY	INFERRED_FROM_SOURCE	apps/ndsp-governance-bridge/policies/ndsp_alert_audit.py	ndsp_alert_audit.py	60	e78c13076bf6fb3d5daa4e861f94c77615792b184a277404a66338d0afd5d846	"""governance_version"": ""6.1.0"","	Candidate evidence only; manual verification required.
EVD-6c6a51eaa6b1	GOVERNANCE_DISCOVERY	INFERRED_FROM_SOURCE	apps/ndsp-governance-bridge/policies/ndsp_alert_audit.py	ndsp_alert_audit.py	84	e78c13076bf6fb3d5daa4e861f94c77615792b184a277404a66338d0afd5d846	def append_audit(record: Dict[str, Any]) -> Dict[str, Any]:	Candidate evidence only; manual verification required.
EVD-2d8f97aae3e7	GOVERNANCE_DISCOVERY	INFERRED_FROM_SOURCE	apps/ndsp-governance-bridge/policies/ndsp_alert_audit.py	ndsp_alert_audit.py	86	e78c13076bf6fb3d5daa4e861f94c77615792b184a277404a66338d0afd5d846	safe = sanitize_audit_record(record)	Candidate evidence only; manual verification required.
EVD-87f53398423d	GOVERNANCE_DISCOVERY	INFERRED_FROM_SOURCE	apps/ndsp-governance-bridge/policies/ndsp_alert_audit.py	ndsp_alert_audit.py	87	e78c13076bf6fb3d5daa4e861f94c77615792b184a277404a66338d0afd5d846	"with AUDIT_PATH.open(""a"", encoding=""utf-8"") as f:"	Candidate evidence only; manual verification required.
EVD-148a14ce19a4	GOVERNANCE_DISCOVERY	INFERRED_FROM_SOURCE	apps/ndsp-governance-bridge/policies/ndsp_alert_audit.py	ndsp_alert_audit.py	90	e78c13076bf6fb3d5daa4e861f94c77615792b184a277404a66338d0afd5d846	os.chmod(AUDIT_PATH, 0o600)	Candidate evidence only; manual verification required.
EVD-33c4b105547a	GOVERNANCE_DISCOVERY	INFERRED_FROM_SOURCE	apps/ndsp-governance-bridge/policies/ndsp_alert_audit.py	ndsp_alert_audit.py	96	e78c13076bf6fb3d5daa4e861f94c77615792b184a277404a66338d0afd5d846	def read_recent_audit(limit: int = 25) -> List[Dict[str, Any]]:	Candidate evidence only; manual verification required.
EVD-0c0f76e1bd3a	GOVERNANCE_DISCOVERY	INFERRED_FROM_SOURCE	apps/ndsp-governance-bridge/policies/ndsp_alert_audit.py	ndsp_alert_audit.py	97	e78c13076bf6fb3d5daa4e861f94c77615792b184a277404a66338d0afd5d846	if not AUDIT_PATH.exists():	Candidate evidence only; manual verification required.
EVD-495fdc4f7470	GOVERNANCE_DISCOVERY	INFERRED_FROM_SOURCE	apps/ndsp-governance-bridge/policies/ndsp_alert_audit.py	ndsp_alert_audit.py	102	e78c13076bf6fb3d5daa4e861f94c77615792b184a277404a66338d0afd5d846	"lines = AUDIT_PATH.read_text(encoding=""utf-8"").splitlines()"	Candidate evidence only; manual verification required.
EVD-f596614809c8	GOVERNANCE_DISCOVERY	INFERRED_FROM_SOURCE	apps/ndsp-governance-bridge/policies/ndsp_alert_audit.py	ndsp_alert_audit.py	111	e78c13076bf6fb3d5daa4e861f94c77615792b184a277404a66338d0afd5d846	rows.append(sanitize_audit_record(obj))	Candidate evidence only; manual verification required.
EVD-f1ba415814b7	GOVERNANCE_DISCOVERY	INFERRED_FROM_SOURCE	apps/ndsp-governance-bridge/policies/ndsp_alert_audit.py	ndsp_alert_audit.py	138	e78c13076bf6fb3d5daa4e861f94c77615792b184a277404a66338d0afd5d846	def public_audit_status() -> Dict[str, Any]:	Candidate evidence only; manual verification required.
EVD-09dd6e4c02b7	GOVERNANCE_DISCOVERY	INFERRED_FROM_SOURCE	apps/ndsp-governance-bridge/policies/ndsp_alert_audit.py	ndsp_alert_audit.py	140	e78c13076bf6fb3d5daa4e861f94c77615792b184a277404a66338d0afd5d846	"""audit_file"": str(AUDIT_PATH),"	Candidate evidence only; manual verification required.
EVD-d6740eba0724	GOVERNANCE_DISCOVERY	INFERRED_FROM_SOURCE	apps/ndsp-governance-bridge/policies/ndsp_governance_mode.py	ndsp_governance_mode.py	11	ba9d8ed21861a0f09c7666050fe99263af5edbd0b5ca8c61997d79bc80dfb3e3	GOVERNANCE_MODE_FILE = Path(	Candidate evidence only; manual verification required.
EVD-88910d4ebc41	GOVERNANCE_DISCOVERY	INFERRED_FROM_SOURCE	apps/ndsp-governance-bridge/policies/ndsp_governance_mode.py	ndsp_governance_mode.py	13	ba9d8ed21861a0f09c7666050fe99263af5edbd0b5ca8c61997d79bc80dfb3e3	"""NDSP_GOVERNANCE_MODE_FILE"","	Candidate evidence only; manual verification required.
EVD-93fba1789845	GOVERNANCE_DISCOVERY	INFERRED_FROM_SOURCE	apps/ndsp-governance-bridge/policies/ndsp_governance_mode.py	ndsp_governance_mode.py	14	ba9d8ed21861a0f09c7666050fe99263af5edbd0b5ca8c61997d79bc80dfb3e3	"""/home/nawaf511/empire-core-new/backend/runtime/ndsp_governance_mode.json"","	Candidate evidence only; manual verification required.
EVD-e69be39983ad	GOVERNANCE_DISCOVERY	INFERRED_FROM_SOURCE	apps/ndsp-governance-bridge/policies/ndsp_governance_mode.py	ndsp_governance_mode.py	19	ba9d8ed21861a0f09c7666050fe99263af5edbd0b5ca8c61997d79bc80dfb3e3	DEFAULT_GOVERNANCE_MODE: Dict[str, Any] = {	Candidate evidence only; manual verification required.
EVD-2b0d331e7d88	GOVERNANCE_DISCOVERY	INFERRED_FROM_SOURCE	apps/ndsp-governance-bridge/policies/ndsp_governance_mode.py	ndsp_governance_mode.py	21	ba9d8ed21861a0f09c7666050fe99263af5edbd0b5ca8c61997d79bc80dfb3e3	"""governance_version"": ""6.1.0"","	Candidate evidence only; manual verification required.
EVD-1a689b6e922b	GOVERNANCE_DISCOVERY	INFERRED_FROM_SOURCE	apps/ndsp-governance-bridge/policies/ndsp_governance_mode.py	ndsp_governance_mode.py	23	ba9d8ed21861a0f09c7666050fe99263af5edbd0b5ca8c61997d79bc80dfb3e3	"""execution_policy"": ""EXECUTION_SANITIZED"","	Candidate evidence only; manual verification required.
EVD-ac84dc76eb05	GOVERNANCE_DISCOVERY	INFERRED_FROM_SOURCE	apps/ndsp-governance-bridge/policies/ndsp_governance_mode.py	ndsp_governance_mode.py	42	ba9d8ed21861a0f09c7666050fe99263af5edbd0b5ca8c61997d79bc80dfb3e3	def ensure_governance_mode_file() -> Dict[str, Any]:	Candidate evidence only; manual verification required.
EVD-36f8d4022cc4	GOVERNANCE_DISCOVERY	INFERRED_FROM_SOURCE	apps/ndsp-governance-bridge/policies/ndsp_governance_mode.py	ndsp_governance_mode.py	43	ba9d8ed21861a0f09c7666050fe99263af5edbd0b5ca8c61997d79bc80dfb3e3	GOVERNANCE_MODE_FILE.parent.mkdir(parents=True, exist_ok=True)	Candidate evidence only; manual verification required.
EVD-4721fca10192	GOVERNANCE_DISCOVERY	INFERRED_FROM_SOURCE	apps/ndsp-governance-bridge/policies/ndsp_governance_mode.py	ndsp_governance_mode.py	44	ba9d8ed21861a0f09c7666050fe99263af5edbd0b5ca8c61997d79bc80dfb3e3	if not GOVERNANCE_MODE_FILE.exists():	Candidate evidence only; manual verification required.
EVD-9957b8eee835	GOVERNANCE_DISCOVERY	INFERRED_FROM_SOURCE	apps/ndsp-governance-bridge/policies/ndsp_governance_mode.py	ndsp_governance_mode.py	45	ba9d8ed21861a0f09c7666050fe99263af5edbd0b5ca8c61997d79bc80dfb3e3	payload = dict(DEFAULT_GOVERNANCE_MODE)	Candidate evidence only; manual verification required.
EVD-81e57012093a	GOVERNANCE_DISCOVERY	INFERRED_FROM_SOURCE	apps/ndsp-governance-bridge/policies/ndsp_governance_mode.py	ndsp_governance_mode.py	47	ba9d8ed21861a0f09c7666050fe99263af5edbd0b5ca8c61997d79bc80dfb3e3	GOVERNANCE_MODE_FILE.write_text(	Candidate evidence only; manual verification required.
EVD-0eed0a55e1ce	GOVERNANCE_DISCOVERY	INFERRED_FROM_SOURCE	apps/ndsp-governance-bridge/policies/ndsp_governance_mode.py	ndsp_governance_mode.py	52	ba9d8ed21861a0f09c7666050fe99263af5edbd0b5ca8c61997d79bc80dfb3e3	return load_governance_mode()	Candidate evidence only; manual verification required.
EVD-f40dea6a8797	GOVERNANCE_DISCOVERY	INFERRED_FROM_SOURCE	apps/ndsp-governance-bridge/policies/ndsp_governance_mode.py	ndsp_governance_mode.py	55	ba9d8ed21861a0f09c7666050fe99263af5edbd0b5ca8c61997d79bc80dfb3e3	def load_governance_mode() -> Dict[str, Any]:	Candidate evidence only; manual verification required.
EVD-407616b0449f	GOVERNANCE_DISCOVERY	INFERRED_FROM_SOURCE	apps/ndsp-governance-bridge/policies/ndsp_governance_mode.py	ndsp_governance_mode.py	57	ba9d8ed21861a0f09c7666050fe99263af5edbd0b5ca8c61997d79bc80dfb3e3	"data = json.loads(GOVERNANCE_MODE_FILE.read_text(encoding=""utf-8""))"	Candidate evidence only; manual verification required.
EVD-68d1d9cc6aab	GOVERNANCE_DISCOVERY	INFERRED_FROM_SOURCE	apps/ndsp-governance-bridge/policies/ndsp_governance_mode.py	ndsp_governance_mode.py	58	ba9d8ed21861a0f09c7666050fe99263af5edbd0b5ca8c61997d79bc80dfb3e3	merged = dict(DEFAULT_GOVERNANCE_MODE)	Candidate evidence only; manual verification required.
EVD-7199bb498ded	GOVERNANCE_DISCOVERY	INFERRED_FROM_SOURCE	apps/ndsp-governance-bridge/policies/ndsp_governance_mode.py	ndsp_governance_mode.py	64	ba9d8ed21861a0f09c7666050fe99263af5edbd0b5ca8c61997d79bc80dfb3e3	payload = dict(DEFAULT_GOVERNANCE_MODE)	Candidate evidence only; manual verification required.
EVD-7dbaad0b1324	GOVERNANCE_DISCOVERY	INFERRED_FROM_SOURCE	apps/ndsp-governance-bridge/policies/ndsp_governance_mode.py	ndsp_governance_mode.py	69	ba9d8ed21861a0f09c7666050fe99263af5edbd0b5ca8c61997d79bc80dfb3e3	def save_governance_mode(updates: Dict[str, Any]) -> Dict[str, Any]:	Candidate evidence only; manual verification required.
EVD-661925896e49	GOVERNANCE_DISCOVERY	INFERRED_FROM_SOURCE	apps/ndsp-governance-bridge/policies/ndsp_governance_mode.py	ndsp_governance_mode.py	70	ba9d8ed21861a0f09c7666050fe99263af5edbd0b5ca8c61997d79bc80dfb3e3	current = load_governance_mode()	Candidate evidence only; manual verification required.
EVD-8a648acc6727	GOVERNANCE_DISCOVERY	INFERRED_FROM_SOURCE	apps/ndsp-governance-bridge/policies/ndsp_governance_mode.py	ndsp_governance_mode.py	73	ba9d8ed21861a0f09c7666050fe99263af5edbd0b5ca8c61997d79bc80dfb3e3	"""execution_policy"","	Candidate evidence only; manual verification required.
EVD-1d4ceeac2608	GOVERNANCE_DISCOVERY	INFERRED_FROM_SOURCE	apps/ndsp-governance-bridge/policies/ndsp_governance_mode.py	ndsp_governance_mode.py	91	ba9d8ed21861a0f09c7666050fe99263af5edbd0b5ca8c61997d79bc80dfb3e3	"current[""governance_version""] = str(current.get(""governance_version"") or ""6.1.0"")"	Candidate evidence only; manual verification required.
EVD-0a62bc21aaa3	GOVERNANCE_DISCOVERY	INFERRED_FROM_SOURCE	apps/ndsp-governance-bridge/policies/tdl_v2_policy.py	tdl_v2_policy.py	8	916fd5074c00ea149e418166b0700ca188d68f5f404bd18b839a63a2324aa3a7	"POLICY_PATH = Path(__file__).resolve().parents[2] / ""config"" / ""tdl_v2_policy.json"""	Candidate evidence only; manual verification required.
EVD-72ebadf37332	GOVERNANCE_DISCOVERY	INFERRED_FROM_SOURCE	apps/ndsp-governance-bridge/policies/tdl_v2_policy.py	tdl_v2_policy.py	10	916fd5074c00ea149e418166b0700ca188d68f5f404bd18b839a63a2324aa3a7	DEFAULT_POLICY: Dict[str, Any] = {	Candidate evidence only; manual verification required.
EVD-be568711e880	GOVERNANCE_DISCOVERY	INFERRED_FROM_SOURCE	apps/ndsp-governance-bridge/policies/tdl_v2_policy.py	tdl_v2_policy.py	17	916fd5074c00ea149e418166b0700ca188d68f5f404bd18b839a63a2324aa3a7	"""output_policy"": ""tdl_v2_only"","	Candidate evidence only; manual verification required.
EVD-8be4f63e9d4c	GOVERNANCE_DISCOVERY	INFERRED_FROM_SOURCE	apps/ndsp-governance-bridge/policies/tdl_v2_policy.py	tdl_v2_policy.py	27	916fd5074c00ea149e418166b0700ca188d68f5f404bd18b839a63a2324aa3a7	def read_tdl_v2_policy() -> Dict[str, Any]:	Candidate evidence only; manual verification required.
EVD-57e50f4e3149	GOVERNANCE_DISCOVERY	INFERRED_FROM_SOURCE	apps/ndsp-governance-bridge/policies/tdl_v2_policy.py	tdl_v2_policy.py	29	916fd5074c00ea149e418166b0700ca188d68f5f404bd18b839a63a2324aa3a7	if POLICY_PATH.exists():	Candidate evidence only; manual verification required.
EVD-10e22bb817ee	GOVERNANCE_DISCOVERY	INFERRED_FROM_SOURCE	apps/ndsp-governance-bridge/policies/tdl_v2_policy.py	tdl_v2_policy.py	30	916fd5074c00ea149e418166b0700ca188d68f5f404bd18b839a63a2324aa3a7	data = json.loads(POLICY_PATH.read_text())	Candidate evidence only; manual verification required.
EVD-ae5113fad796	GOVERNANCE_DISCOVERY	INFERRED_FROM_SOURCE	apps/ndsp-governance-bridge/policies/tdl_v2_policy.py	tdl_v2_policy.py	32	916fd5074c00ea149e418166b0700ca188d68f5f404bd18b839a63a2324aa3a7	merged = dict(DEFAULT_POLICY)	Candidate evidence only; manual verification required.
EVD-49372b22a3c1	GOVERNANCE_DISCOVERY	INFERRED_FROM_SOURCE	apps/ndsp-governance-bridge/policies/tdl_v2_policy.py	tdl_v2_policy.py	37	916fd5074c00ea149e418166b0700ca188d68f5f404bd18b839a63a2324aa3a7	return dict(DEFAULT_POLICY)	Candidate evidence only; manual verification required.
EVD-609b743e38ff	GOVERNANCE_DISCOVERY	INFERRED_FROM_SOURCE	apps/ndsp-governance-bridge/policies/tdl_v2_policy.py	tdl_v2_policy.py	40	916fd5074c00ea149e418166b0700ca188d68f5f404bd18b839a63a2324aa3a7	"def write_tdl_v2_policy(updates: Dict[str, Any], updated_by: str = ""admin"") -> Dict[str, Any]:"	Candidate evidence only; manual verification required.
EVD-0399f3f702e0	GOVERNANCE_DISCOVERY	INFERRED_FROM_SOURCE	apps/ndsp-governance-bridge/policies/tdl_v2_policy.py	tdl_v2_policy.py	41	916fd5074c00ea149e418166b0700ca188d68f5f404bd18b839a63a2324aa3a7	policy = read_tdl_v2_policy()	Candidate evidence only; manual verification required.
EVD-e1710d2d804c	GOVERNANCE_DISCOVERY	INFERRED_FROM_SOURCE	apps/ndsp-governance-bridge/policies/tdl_v2_policy.py	tdl_v2_policy.py	49	916fd5074c00ea149e418166b0700ca188d68f5f404bd18b839a63a2324aa3a7	"""output_policy"","	Candidate evidence only; manual verification required.
EVD-b5b1d07dd795	GOVERNANCE_DISCOVERY	INFERRED_FROM_SOURCE	apps/ndsp-governance-bridge/policies/tdl_v2_policy.py	tdl_v2_policy.py	54	916fd5074c00ea149e418166b0700ca188d68f5f404bd18b839a63a2324aa3a7	policy[key] = value	Candidate evidence only; manual verification required.
EVD-1ffce3bb2b8c	GOVERNANCE_DISCOVERY	INFERRED_FROM_SOURCE	apps/ndsp-governance-bridge/policies/tdl_v2_policy.py	tdl_v2_policy.py	56	916fd5074c00ea149e418166b0700ca188d68f5f404bd18b839a63a2324aa3a7	"policy[""updated_at""] = _utc_now()"	Candidate evidence only; manual verification required.
EVD-f4cc6c2e821a	GOVERNANCE_DISCOVERY	INFERRED_FROM_SOURCE	apps/ndsp-governance-bridge/policies/tdl_v2_policy.py	tdl_v2_policy.py	57	916fd5074c00ea149e418166b0700ca188d68f5f404bd18b839a63a2324aa3a7	"policy[""updated_by""] = updated_by or ""admin"""	Candidate evidence only; manual verification required.
EVD-5aa45f71205e	GOVERNANCE_DISCOVERY	INFERRED_FROM_SOURCE	apps/ndsp-governance-bridge/policies/tdl_v2_policy.py	tdl_v2_policy.py	59	916fd5074c00ea149e418166b0700ca188d68f5f404bd18b839a63a2324aa3a7	POLICY_PATH.parent.mkdir(parents=True, exist_ok=True)	Candidate evidence only; manual verification required.
EVD-664e17283671	GOVERNANCE_DISCOVERY	INFERRED_FROM_SOURCE	apps/ndsp-governance-bridge/policies/tdl_v2_policy.py	tdl_v2_policy.py	60	916fd5074c00ea149e418166b0700ca188d68f5f404bd18b839a63a2324aa3a7	"POLICY_PATH.write_text(json.dumps(policy, ensure_ascii=False, indent=2) + ""\n"")"	Candidate evidence only; manual verification required.
EVD-f0c34a2aa116	GOVERNANCE_DISCOVERY	INFERRED_FROM_SOURCE	apps/ndsp-governance-bridge/policies/tdl_v2_policy.py	tdl_v2_policy.py	61	916fd5074c00ea149e418166b0700ca188d68f5f404bd18b839a63a2324aa3a7	return policy	Candidate evidence only; manual verification required.
EVD-4e67641e7545	GOVERNANCE_DISCOVERY	INFERRED_FROM_SOURCE	apps/ndsp-governance-bridge/policies/tdl_v2_policy.py	tdl_v2_policy.py	64	916fd5074c00ea149e418166b0700ca188d68f5f404bd18b839a63a2324aa3a7	def derive_timing_context(policy: Dict[str, Any] | None = None) -> Dict[str, Any]:	Candidate evidence only; manual verification required.
EVD-96fb2f57f3ae	GOVERNANCE_DISCOVERY	INFERRED_FROM_SOURCE	apps/ndsp-governance-bridge/policies/tdl_v2_policy.py	tdl_v2_policy.py	65	916fd5074c00ea149e418166b0700ca188d68f5f404bd18b839a63a2324aa3a7	policy = policy or read_tdl_v2_policy()	Candidate evidence only; manual verification required.
EVD-1cffd7af45ab	GOVERNANCE_DISCOVERY	INFERRED_FROM_SOURCE	apps/ndsp-governance-bridge/policies/tdl_v2_policy.py	tdl_v2_policy.py	67	916fd5074c00ea149e418166b0700ca188d68f5f404bd18b839a63a2324aa3a7	"enabled = bool(policy.get(""timing_layer_enabled"", True))"	Candidate evidence only; manual verification required.
EVD-ebf3349e6d55	GOVERNANCE_DISCOVERY	INFERRED_FROM_SOURCE	apps/ndsp-governance-bridge/server.mjs	server.mjs	6	041d9658b559a57e3b337785eaab9a0c7f1ece280a37da8f3bd9fd61ec4abc1a	"const PRIVATE_ROOT = ""/home/nawaf511/empire-core-new/backend/runtime/private_governance"";"	Candidate evidence only; manual verification required.
EVD-d42426c875e0	GOVERNANCE_DISCOVERY	INFERRED_FROM_SOURCE	apps/ndsp-governance-bridge/server.mjs	server.mjs	40	041d9658b559a57e3b337785eaab9a0c7f1ece280a37da8f3bd9fd61ec4abc1a	function packagePolicy(planRaw) {	Candidate evidence only; manual verification required.
EVD-0034b493a3c0	GOVERNANCE_DISCOVERY	INFERRED_FROM_SOURCE	apps/ndsp-governance-bridge/server.mjs	server.mjs	49	041d9658b559a57e3b337785eaab9a0c7f1ece280a37da8f3bd9fd61ec4abc1a	governance_access: true,	Candidate evidence only; manual verification required.
EVD-38ebd641b190	GOVERNANCE_DISCOVERY	INFERRED_FROM_SOURCE	apps/ndsp-governance-bridge/server.mjs	server.mjs	61	041d9658b559a57e3b337785eaab9a0c7f1ece280a37da8f3bd9fd61ec4abc1a	governance_access: true,	Candidate evidence only; manual verification required.
EVD-0530364236a6	GOVERNANCE_DISCOVERY	INFERRED_FROM_SOURCE	apps/ndsp-governance-bridge/server.mjs	server.mjs	73	041d9658b559a57e3b337785eaab9a0c7f1ece280a37da8f3bd9fd61ec4abc1a	governance_access: false,	Candidate evidence only; manual verification required.
EVD-3cdabccaa7fd	GOVERNANCE_DISCOVERY	INFERRED_FROM_SOURCE	apps/ndsp-governance-bridge/server.mjs	server.mjs	84	041d9658b559a57e3b337785eaab9a0c7f1ece280a37da8f3bd9fd61ec4abc1a	governance_access: false,	Candidate evidence only; manual verification required.
EVD-ff62cc5bc811	GOVERNANCE_DISCOVERY	INFERRED_FROM_SOURCE	apps/ndsp-governance-bridge/server.mjs	server.mjs	119	041d9658b559a57e3b337785eaab9a0c7f1ece280a37da8f3bd9fd61ec4abc1a	"source_mode: ""node_governance_bridge_sanitized"","	Candidate evidence only; manual verification required.
EVD-7d52565384e4	GOVERNANCE_DISCOVERY	INFERRED_FROM_SOURCE	apps/ndsp-governance-bridge/server.mjs	server.mjs	131	041d9658b559a57e3b337785eaab9a0c7f1ece280a37da8f3bd9fd61ec4abc1a	governance: {	Candidate evidence only; manual verification required.
EVD-b433ea366a9e	GOVERNANCE_DISCOVERY	INFERRED_FROM_SOURCE	apps/ndsp-governance-bridge/server.mjs	server.mjs	133	041d9658b559a57e3b337785eaab9a0c7f1ece280a37da8f3bd9fd61ec4abc1a	"EXECUTION_POLICY: ""EXECUTION_SANITIZED"","	Candidate evidence only; manual verification required.
EVD-fe2a8a01c56d	GOVERNANCE_DISCOVERY	INFERRED_FROM_SOURCE	apps/ndsp-governance-bridge/server.mjs	server.mjs	149	041d9658b559a57e3b337785eaab9a0c7f1ece280a37da8f3bd9fd61ec4abc1a	"governance_note: ""مستويات السيناريو هي مراجع سياقية لدعم القرار فقط، وليست نصيحة مالية أو أمر تداول أو توجيه تنفيذ أو ضمانًا للنتائج."","	Candidate evidence only; manual verification required.
EVD-7df3b1713c5b	GOVERNANCE_DISCOVERY	INFERRED_FROM_SOURCE	apps/ndsp-governance-bridge/server.mjs	server.mjs	159	041d9658b559a57e3b337785eaab9a0c7f1ece280a37da8f3bd9fd61ec4abc1a	"""x-ndsp-governance-bridge"": ""active"""	Candidate evidence only; manual verification required.
EVD-9e9b059a08de	GOVERNANCE_DISCOVERY	INFERRED_FROM_SOURCE	apps/ndsp-governance-bridge/server.mjs	server.mjs	179	041d9658b559a57e3b337785eaab9a0c7f1ece280a37da8f3bd9fd61ec4abc1a	"if (req.method === ""GET"" && url.pathname === ""/api/governance/health"") {"	Candidate evidence only; manual verification required.
EVD-363cd3131cbf	GOVERNANCE_DISCOVERY	INFERRED_FROM_SOURCE	apps/ndsp-governance-bridge/server.mjs	server.mjs	182	041d9658b559a57e3b337785eaab9a0c7f1ece280a37da8f3bd9fd61ec4abc1a	"service: ""ndsp-governance-bridge"","	Candidate evidence only; manual verification required.
EVD-9b3c79a19029	GOVERNANCE_DISCOVERY	INFERRED_FROM_SOURCE	apps/ndsp-governance-bridge/server.mjs	server.mjs	189	041d9658b559a57e3b337785eaab9a0c7f1ece280a37da8f3bd9fd61ec4abc1a	"if (req.method === ""GET"" && url.pathname === ""/api/governance/mode"") {"	Candidate evidence only; manual verification required.
EVD-e48675a0fa5e	GOVERNANCE_DISCOVERY	INFERRED_FROM_SOURCE	apps/ndsp-governance-bridge/server.mjs	server.mjs	190	041d9658b559a57e3b337785eaab9a0c7f1ece280a37da8f3bd9fd61ec4abc1a	"const data = readJson(""ndsp_governance_mode.json"", {});"	Candidate evidence only; manual verification required.
EVD-6ba365ae31cd	GOVERNANCE_DISCOVERY	INFERRED_FROM_SOURCE	apps/ndsp-governance-bridge/server.mjs	server.mjs	194	041d9658b559a57e3b337785eaab9a0c7f1ece280a37da8f3bd9fd61ec4abc1a	"governance_version: data.governance_version || ""unknown"","	Candidate evidence only; manual verification required.
EVD-a5b40c94ce11	GOVERNANCE_DISCOVERY	INFERRED_FROM_SOURCE	apps/ndsp-governance-bridge/server.mjs	server.mjs	196	041d9658b559a57e3b337785eaab9a0c7f1ece280a37da8f3bd9fd61ec4abc1a	"execution_policy: data.execution_policy || ""EXECUTION_SANITIZED"","	Candidate evidence only; manual verification required.
EVD-98dc744492f8	GOVERNANCE_DISCOVERY	INFERRED_FROM_SOURCE	apps/ndsp-governance-bridge/server.mjs	server.mjs	209	041d9658b559a57e3b337785eaab9a0c7f1ece280a37da8f3bd9fd61ec4abc1a	"if (req.method === ""GET"" && url.pathname.startsWith(""/api/governance/package/"")) {"	Candidate evidence only; manual verification required.
EVD-8e9599c8ccff	GOVERNANCE_DISCOVERY	INFERRED_FROM_SOURCE	apps/ndsp-governance-bridge/server.mjs	server.mjs	211	041d9658b559a57e3b337785eaab9a0c7f1ece280a37da8f3bd9fd61ec4abc1a	return json(res, 200, { ok: true, policy: packagePolicy(plan), public_safe: true });	Candidate evidence only; manual verification required.
EVD-0cece3b10986	GOVERNANCE_DISCOVERY	INFERRED_FROM_SOURCE	apps/ndsp-governance-bridge/server.mjs	server.mjs	214	041d9658b559a57e3b337785eaab9a0c7f1ece280a37da8f3bd9fd61ec4abc1a	"if (req.method === ""GET"" && url.pathname.startsWith(""/api/governance/market-source/"")) {"	Candidate evidence only; manual verification required.
EVD-5c8583210c4a	GOVERNANCE_DISCOVERY	INFERRED_FROM_SOURCE	apps/ndsp-layers-api/app.py	app.py	26	d7f05bb3b4e23505240c66794b71ed8a93a7198d5e30baf0ee6d49011a537e69	"app = FastAPI(title=""NDSP Layers API"", version=""1.1.0-live-context"")"	Candidate evidence only; manual verification required.
EVD-9842a4970fb6	GOVERNANCE_DISCOVERY	INFERRED_FROM_SOURCE	apps/ndsp-layers-api/app.py	app.py	299	d7f05bb3b4e23505240c66794b71ed8a93a7198d5e30baf0ee6d49011a537e69	# NDSP governance mapping:	Candidate evidence only; manual verification required.
EVD-60fea8af7013	GOVERNANCE_DISCOVERY	INFERRED_FROM_SOURCE	apps/ndsp-layers-api/app.py	app.py	410	d7f05bb3b4e23505240c66794b71ed8a93a7198d5e30baf0ee6d49011a537e69	"""version"": ""1.1.0-live-context"","	Candidate evidence only; manual verification required.
EVD-e6a1871406e8	GOVERNANCE_DISCOVERY	INFERRED_FROM_SOURCE	apps/ndsp-raw-cot-gateway/app.py	app.py	23	79e673a41677f1c72f8347ed52a4ab59fe6b4df472033a1b346b1e323f2805ff	"app = FastAPI(title=""NDSP Raw COT Gateway"", version=""0.2.0-current-cftc"")"	Candidate evidence only; manual verification required.
EVD-ab2eadcd1dfe	GOVERNANCE_DISCOVERY	INFERRED_FROM_SOURCE	apps/ndsp-raw-cot-gateway/app.py	app.py	214	79e673a41677f1c72f8347ed52a4ab59fe6b4df472033a1b346b1e323f2805ff	"""version"": ""0.2.0-current-cftc"","	Candidate evidence only; manual verification required.
EVD-db7f2fdb2e81	GOVERNANCE_DISCOVERY	INFERRED_FROM_SOURCE	apps/ndsp-raw-cot-gateway/app.py	app.py	300	79e673a41677f1c72f8347ed52a4ab59fe6b4df472033a1b346b1e323f2805ff	"""raw_cot_contract_version"": ""NDSP_RAW_COT_V201"","	Candidate evidence only; manual verification required.
EVD-e557e95f214b	GOVERNANCE_DISCOVERY	INFERRED_FROM_SOURCE	apps/ndsp-raw-cot-gateway/app.py	app.py	308	79e673a41677f1c72f8347ed52a4ab59fe6b4df472033a1b346b1e323f2805ff	"""raw_cot_contract_version"": ""NDSP_RAW_COT_V201"","	Candidate evidence only; manual verification required.
EVD-bcf5f9775c05	GOVERNANCE_DISCOVERY	INFERRED_FROM_SOURCE	apps/ndsp-raw-cot-gateway/app.py	app.py	338	79e673a41677f1c72f8347ed52a4ab59fe6b4df472033a1b346b1e323f2805ff	"""raw_cot_contract_version"": ""NDSP_RAW_COT_V201"","	Candidate evidence only; manual verification required.
EVD-6183a98ac49f	GOVERNANCE_DISCOVERY	INFERRED_FROM_SOURCE	apps/ndsp_apps_only_guard.sh	ndsp_apps_only_guard.sh	8	34ef92864b441588bff2eaf848afd24b4ff3cc740cb4fa48881412bf472a69d9	"echo ""GOVERNANCE_FAIL: /var/www is deployment output only. Edit apps source first."""	Candidate evidence only; manual verification required.
EVD-0076a8d18757	GOVERNANCE_DISCOVERY	INFERRED_FROM_SOURCE	apps/ndsp_apps_only_guard.sh	ndsp_apps_only_guard.sh	17	34ef92864b441588bff2eaf848afd24b4ff3cc740cb4fa48881412bf472a69d9	"echo ""GOVERNANCE_FAIL: direct /var/www edit detected in script."""	Candidate evidence only; manual verification required.
EVD-d7a28eb175ea	GOVERNANCE_DISCOVERY	INFERRED_FROM_SOURCE	apps/public-landing/NDSP_Landing.html	NDSP_Landing.html	2	d720951352f0eab361af86a4969b471e9fc61c0402eca71ab217f8e8d3897130	"</head><body class=""bg-background font-sans antialiased""><div hidden=""""><!--$--><!--/$--></div><main dir=""rtl"" class=""min-h-screen bg-background text-foreground""><section class=""relative overflow-hidden border-b border-border bg-[radial-gradient(circle_at_top_left,rgba(245,199,83,0.12),transparent_36%),linear-gradient(180deg,rgba(255,255,255,0.04),transparent)]""><div class=""mx-auto flex max-w-7xl flex-col gap-12 px-6 py-10 lg:px-10 lg:py-16""><header class=""flex items-center justify-between gap-4""><div class=""flex items-center gap-3""><span class=""flex h-12 w-12 items-center justify-center round"	Candidate evidence only; manual verification required.
EVD-35a8e76d6e22	GOVERNANCE_DISCOVERY	INFERRED_FROM_SOURCE	apps/public-landing/index.html	index.html	3	494b3658019be59cf9c91d92d422a47d4db38575f04403f9a94bbdbecaa188e3	"</head><body class=""bg-background font-sans antialiased""><div hidden=""""><!--$--><!--/$--></div><main dir=""rtl"" class=""min-h-screen bg-background text-foreground""><section class=""relative overflow-hidden border-b border-border bg-[radial-gradient(circle_at_top_left,rgba(245,199,83,0.12),transparent_36%),linear-gradient(180deg,rgba(255,255,255,0.04),transparent)]""><div class=""mx-auto flex max-w-7xl flex-col gap-12 px-6 py-10 lg:px-10 lg:py-16""><header class=""flex items-center justify-between gap-4""><div class=""flex items-center gap-3""><span class=""flex h-12 w-12 items-center justify-center round"	Candidate evidence only; manual verification required.
EVD-e1710dfc9bae	GOVERNANCE_DISCOVERY	INFERRED_FROM_SOURCE	backend/.env.example	.env.example	57	b3568d9f0d5500e6da46b044553b5827508c9a90fdfda670264c7862cf2a140c	# --- Governance flags (locked) ---	Candidate evidence only; manual verification required.
EVD-3ee3faede9c4	GOVERNANCE_DISCOVERY	INFERRED_FROM_SOURCE	backend/.env.example	.env.example	59	b3568d9f0d5500e6da46b044553b5827508c9a90fdfda670264c7862cf2a140c	EXECUTION_POLICY=EXECUTION_SANITIZED	Candidate evidence only; manual verification required.
EVD-90d12843a2d1	GOVERNANCE_DISCOVERY	INFERRED_FROM_SOURCE	backend/admin_users_official_api/server.js	server.js	220	e7cecf317a401c4b4b4c5f16a63c05fec922b15d68741f1d05704e099b997006	CREATE TABLE IF NOT EXISTS public.ndsp_admin_user_action_audit (	Candidate evidence only; manual verification required.
EVD-9bb79d3ddb00	GOVERNANCE_DISCOVERY	INFERRED_FROM_SOURCE	backend/admin_users_official_api/server.js	server.js	242	e7cecf317a401c4b4b4c5f16a63c05fec922b15d68741f1d05704e099b997006	INSERT INTO public.ndsp_admin_user_action_audit(actor_hint, action, target_user_id, before_data, after_data)	Candidate evidence only; manual verification required.
EVD-ffb083698877	GOVERNANCE_DISCOVERY	INFERRED_FROM_SOURCE	backend/app/api/compat/user_operational_compat.py	user_operational_compat.py	89	b7189c7278c0e45ce71f66fb1c1b2b5debeaeb9b77331aa5c745f142af1b7448	CREATE TABLE IF NOT EXISTS ndsp_operational_compat_audit (	Candidate evidence only; manual verification required.
EVD-46c83f0e3b47	GOVERNANCE_DISCOVERY	INFERRED_FROM_SOURCE	backend/app/api/compat/user_operational_compat.py	user_operational_compat.py	98	b7189c7278c0e45ce71f66fb1c1b2b5debeaeb9b77331aa5c745f142af1b7448	"cur.execute(""GRANT SELECT, INSERT ON TABLE ndsp_operational_compat_audit TO ndsp_auth;"")"	Candidate evidence only; manual verification required.
EVD-f403011f2c33	GOVERNANCE_DISCOVERY	INFERRED_FROM_SOURCE	backend/app/api/compat/user_operational_compat.py	user_operational_compat.py	100	b7189c7278c0e45ce71f66fb1c1b2b5debeaeb9b77331aa5c745f142af1b7448	def audit(route: str, email: str, payload: Dict[str, Any]) -> None:	Candidate evidence only; manual verification required.
EVD-85b7f322cf73	GOVERNANCE_DISCOVERY	INFERRED_FROM_SOURCE	backend/app/api/compat/user_operational_compat.py	user_operational_compat.py	110	b7189c7278c0e45ce71f66fb1c1b2b5debeaeb9b77331aa5c745f142af1b7448	"""INSERT INTO ndsp_operational_compat_audit(route,email,payload) VALUES(%s,%s,%s::jsonb)"","	Candidate evidence only; manual verification required.
EVD-d465c65413b6	GOVERNANCE_DISCOVERY	INFERRED_FROM_SOURCE	backend/app/api/compat/user_operational_compat.py	user_operational_compat.py	146	b7189c7278c0e45ce71f66fb1c1b2b5debeaeb9b77331aa5c745f142af1b7448	"audit(""/api/trial/register"", email, payload)"	Candidate evidence only; manual verification required.
EVD-518b48fd0a0a	GOVERNANCE_DISCOVERY	INFERRED_FROM_SOURCE	backend/app/api/compat/user_operational_compat.py	user_operational_compat.py	194	b7189c7278c0e45ce71f66fb1c1b2b5debeaeb9b77331aa5c745f142af1b7448	"audit(""/api/auth/activate"", email, payload)"	Candidate evidence only; manual verification required.
EVD-92627de1c146	GOVERNANCE_DISCOVERY	INFERRED_FROM_SOURCE	backend/app/api/compat/user_operational_compat.py	user_operational_compat.py	247	b7189c7278c0e45ce71f66fb1c1b2b5debeaeb9b77331aa5c745f142af1b7448	"audit(""/api/v6/payments/nowpayments/subscription/create"", email, payload)"	Candidate evidence only; manual verification required.
EVD-030e848f8051	GOVERNANCE_DISCOVERY	INFERRED_FROM_SOURCE	backend/app/api/compat/user_operational_compat.py	user_operational_compat.py	357	b7189c7278c0e45ce71f66fb1c1b2b5debeaeb9b77331aa5c745f142af1b7448	"audit(""/api/user/alert-preferences"", email, payload)"	Candidate evidence only; manual verification required.
EVD-1c7e51ccd71e	GOVERNANCE_DISCOVERY	INFERRED_FROM_SOURCE	backend/app/api/compat/user_operational_compat.py	user_operational_compat.py	398	b7189c7278c0e45ce71f66fb1c1b2b5debeaeb9b77331aa5c745f142af1b7448	"audit(""/api/telegram/link/start"", email, payload)"	Candidate evidence only; manual verification required.
EVD-8267c9598fe3	GOVERNANCE_DISCOVERY	INFERRED_FROM_SOURCE	backend/app/api/compat/user_operational_compat.py	user_operational_compat.py	410	b7189c7278c0e45ce71f66fb1c1b2b5debeaeb9b77331aa5c745f142af1b7448	"audit(""/api/telegram/link/verify"", email, payload)"	Candidate evidence only; manual verification required.
EVD-5075e7abad71	GOVERNANCE_DISCOVERY	INFERRED_FROM_SOURCE	backend/app/api/compat/user_operational_compat.py	user_operational_compat.py	442	b7189c7278c0e45ce71f66fb1c1b2b5debeaeb9b77331aa5c745f142af1b7448	"audit(""/api/alerts/email/test"", email, payload)"	Candidate evidence only; manual verification required.
EVD-60a820a27e89	GOVERNANCE_DISCOVERY	INFERRED_FROM_SOURCE	backend/app/api/v1/frontend_contract.py	frontend_contract.py	154	d4d2bde00b9b1fbae357bfe6d7a05b2e10c79ef52f73e4180646a0581cbf71c9	"""governance_note"": ""Trial clock is server-side and per-user."","	Candidate evidence only; manual verification required.
EVD-62345d591a74	GOVERNANCE_DISCOVERY	INFERRED_FROM_SOURCE	backend/app/api/v1/frontend_contract.py	frontend_contract.py	233	d4d2bde00b9b1fbae357bfe6d7a05b2e10c79ef52f73e4180646a0581cbf71c9	"""message_ar"": ""لا يوجد تفعيل تلقائي. يتم الاعتماد بعد المراجعة."","	Candidate evidence only; manual verification required.
EVD-04e3a1e9bd54	GOVERNANCE_DISCOVERY	INFERRED_FROM_SOURCE	backend/app/api/v1/frontend_contract.py	frontend_contract.py	234	d4d2bde00b9b1fbae357bfe6d7a05b2e10c79ef52f73e4180646a0581cbf71c9	"""message_en"": ""No auto activation. Approval is completed after review."","	Candidate evidence only; manual verification required.
EVD-6a92ec6816f8	GOVERNANCE_DISCOVERY	INFERRED_FROM_SOURCE	backend/app/ndsp_governance/__init__.py	__init__.py	1	d6bda87dea66bbbcb85b158f6303b60cc57fefd4a398f9ae77d2716424947cfe	from .decision_output_policy import (	Candidate evidence only; manual verification required.
EVD-562c006f9b9d	GOVERNANCE_DISCOVERY	INFERRED_FROM_SOURCE	backend/app/ndsp_governance/__init__.py	__init__.py	5	d6bda87dea66bbbcb85b158f6303b60cc57fefd4a398f9ae77d2716424947cfe	install_ndsp_decision_governance,	Candidate evidence only; manual verification required.
EVD-d62f6c6bf403	GOVERNANCE_DISCOVERY	INFERRED_FROM_SOURCE	backend/app/ndsp_governance/decision_output_policy.py	decision_output_policy.py	10	221137c80f8cdd1cab56c3c764b2af4ead978dc36d91b89bf8c21a6619f52b71	"GOVERNANCE_JSON_PATH = Path(""/home/nawaf511/empire-core-new/governance/NDSP_FINAL_GOVERNANCE_ALL_POLICIES_LOCKED.json"")"	Candidate evidence only; manual verification required.
EVD-2a42baf6628e	GOVERNANCE_DISCOVERY	INFERRED_FROM_SOURCE	backend/app/ndsp_governance/decision_output_policy.py	decision_output_policy.py	12	221137c80f8cdd1cab56c3c764b2af4ead978dc36d91b89bf8c21a6619f52b71	"GOVERNANCE_NOTE_AR = ""مستويات السيناريو هي مراجع سياقية لدعم القرار فقط، وليست نصيحة مالية أو أمر تداول أو توجيه تنفيذ أو ضمانًا للنتائج."""	Candidate evidence only; manual verification required.
EVD-068c0211aa19	GOVERNANCE_DISCOVERY	INFERRED_FROM_SOURCE	backend/app/ndsp_governance/decision_output_policy.py	decision_output_policy.py	13	221137c80f8cdd1cab56c3c764b2af4ead978dc36d91b89bf8c21a6619f52b71	"GOVERNANCE_NOTE_EN = ""Scenario levels are contextual decision-support references only. They are not financial advice, trade instructions, execution orders, or guaranteed outcomes."""	Candidate evidence only; manual verification required.
EVD-378be64b3abb	GOVERNANCE_DISCOVERY	INFERRED_FROM_SOURCE	backend/app/ndsp_governance/decision_output_policy.py	decision_output_policy.py	108	221137c80f8cdd1cab56c3c764b2af4ead978dc36d91b89bf8c21a6619f52b71	def load_governance() -> Dict[str, Any]:	Candidate evidence only; manual verification required.
EVD-95f7be29f1e2	GOVERNANCE_DISCOVERY	INFERRED_FROM_SOURCE	backend/app/ndsp_governance/decision_output_policy.py	decision_output_policy.py	110	221137c80f8cdd1cab56c3c764b2af4ead978dc36d91b89bf8c21a6619f52b71	"return json.loads(GOVERNANCE_JSON_PATH.read_text(encoding=""utf-8""))"	Candidate evidence only; manual verification required.
EVD-e97dfcf93a9d	GOVERNANCE_DISCOVERY	INFERRED_FROM_SOURCE	backend/app/ndsp_governance/decision_output_policy.py	decision_output_policy.py	502	221137c80f8cdd1cab56c3c764b2af4ead978dc36d91b89bf8c21a6619f52b71	"""governance_note"": GOVERNANCE_NOTE_AR,"	Candidate evidence only; manual verification required.
EVD-cbf49ba40b28	GOVERNANCE_DISCOVERY	INFERRED_FROM_SOURCE	backend/app/ndsp_governance/decision_output_policy.py	decision_output_policy.py	631	221137c80f8cdd1cab56c3c764b2af4ead978dc36d91b89bf8c21a6619f52b71	"""governance"": {"	Candidate evidence only; manual verification required.
EVD-71bd1576c594	GOVERNANCE_DISCOVERY	INFERRED_FROM_SOURCE	backend/app/ndsp_governance/decision_output_policy.py	decision_output_policy.py	633	221137c80f8cdd1cab56c3c764b2af4ead978dc36d91b89bf8c21a6619f52b71	"""EXECUTION_POLICY"": ""EXECUTION_SANITIZED"","	Candidate evidence only; manual verification required.
EVD-5335340fc825	GOVERNANCE_DISCOVERY	INFERRED_FROM_SOURCE	backend/app/ndsp_governance/decision_output_policy.py	decision_output_policy.py	650	221137c80f8cdd1cab56c3c764b2af4ead978dc36d91b89bf8c21a6619f52b71	"""governance_note"": GOVERNANCE_NOTE_AR,"	Candidate evidence only; manual verification required.
EVD-e296c027279e	GOVERNANCE_DISCOVERY	INFERRED_FROM_SOURCE	backend/app/ndsp_governance/decision_output_policy.py	decision_output_policy.py	663	221137c80f8cdd1cab56c3c764b2af4ead978dc36d91b89bf8c21a6619f52b71	"governed[""allowed_public_outputs""][""sanitized_summary""] = ""تمت فلترة المخرجات لحماية الحوكمة."""	Candidate evidence only; manual verification required.
EVD-c08f6e9323a8	GOVERNANCE_DISCOVERY	INFERRED_FROM_SOURCE	backend/app/ndsp_governance/decision_output_policy.py	decision_output_policy.py	664	221137c80f8cdd1cab56c3c764b2af4ead978dc36d91b89bf8c21a6619f52b71	"governed[""governance_note""] = GOVERNANCE_NOTE_AR"	Candidate evidence only; manual verification required.
EVD-3d88d7003a3e	GOVERNANCE_DISCOVERY	INFERRED_FROM_SOURCE	backend/app/ndsp_governance/decision_output_policy.py	decision_output_policy.py	697	221137c80f8cdd1cab56c3c764b2af4ead978dc36d91b89bf8c21a6619f52b71	def path_needs_governance(path: str) -> bool:	Candidate evidence only; manual verification required.
EVD-e95503273d03	GOVERNANCE_DISCOVERY	INFERRED_FROM_SOURCE	backend/app/ndsp_governance/decision_output_policy.py	decision_output_policy.py	700	221137c80f8cdd1cab56c3c764b2af4ead978dc36d91b89bf8c21a6619f52b71	def install_ndsp_decision_governance(app: Any) -> None:	Candidate evidence only; manual verification required.
EVD-4efa275ff193	GOVERNANCE_DISCOVERY	INFERRED_FROM_SOURCE	backend/app/ndsp_governance/decision_output_policy.py	decision_output_policy.py	707	221137c80f8cdd1cab56c3c764b2af4ead978dc36d91b89bf8c21a6619f52b71	class NDSPDecisionGovernanceMiddleware(BaseHTTPMiddleware):	Candidate evidence only; manual verification required.
EVD-902457e91f5c	GOVERNANCE_DISCOVERY	INFERRED_FROM_SOURCE	backend/app/ndsp_governance/decision_output_policy.py	decision_output_policy.py	716	221137c80f8cdd1cab56c3c764b2af4ead978dc36d91b89bf8c21a6619f52b71	if not path_needs_governance(path):	Candidate evidence only; manual verification required.
EVD-c39cd1109cce	GOVERNANCE_DISCOVERY	INFERRED_FROM_SOURCE	backend/app/ndsp_governance/decision_output_policy.py	decision_output_policy.py	764	221137c80f8cdd1cab56c3c764b2af4ead978dc36d91b89bf8c21a6619f52b71	"installed = getattr(app.state, ""ndsp_decision_governance_installed"", False)"	Candidate evidence only; manual verification required.
EVD-0166db54503d	GOVERNANCE_DISCOVERY	INFERRED_FROM_SOURCE	backend/app/ndsp_governance/decision_output_policy.py	decision_output_policy.py	766	221137c80f8cdd1cab56c3c764b2af4ead978dc36d91b89bf8c21a6619f52b71	app.add_middleware(NDSPDecisionGovernanceMiddleware)	Candidate evidence only; manual verification required.
EVD-7ccbb77ceee0	GOVERNANCE_DISCOVERY	INFERRED_FROM_SOURCE	backend/app/ndsp_governance/decision_output_policy.py	decision_output_policy.py	767	221137c80f8cdd1cab56c3c764b2af4ead978dc36d91b89bf8c21a6619f52b71	app.state.ndsp_decision_governance_installed = True	Candidate evidence only; manual verification required.
EVD-cc34711274d4	GOVERNANCE_DISCOVERY	INFERRED_FROM_SOURCE	backend/app/ndsp_governance/decision_output_policy.py	decision_output_policy.py	770	221137c80f8cdd1cab56c3c764b2af4ead978dc36d91b89bf8c21a6619f52b71	# NDSP_GOVERNANCE_KEYERROR_FIX_V1	Candidate evidence only; manual verification required.
EVD-84b3a71ed530	GOVERNANCE_DISCOVERY	INFERRED_FROM_SOURCE	backend/app/ndsp_governance/decision_output_policy.py	decision_output_policy.py	772	221137c80f8cdd1cab56c3c764b2af4ead978dc36d91b89bf8c21a6619f52b71	# - Do not treat governance key names such as DIRECT_TRADE_EXECUTION as forbidden public wording.	Candidate evidence only; manual verification required.
EVD-f6a9a437a17f	GOVERNANCE_DISCOVERY	INFERRED_FROM_SOURCE	backend/app/ndsp_governance/frontend_fields_api.py	frontend_fields_api.py	11	713bb4743bf0a0812493b83231ea67a658eddc10be6c5c26b31887b112739a1e	from app.ndsp_governance.decision_output_policy import govern_decision_output	Candidate evidence only; manual verification required.
EVD-d7afdff16b78	GOVERNANCE_DISCOVERY	INFERRED_FROM_SOURCE	backend/app/ndsp_governance/frontend_fields_api.py	frontend_fields_api.py	13	713bb4743bf0a0812493b83231ea67a658eddc10be6c5c26b31887b112739a1e	from ndsp_governance.decision_output_policy import govern_decision_output	Candidate evidence only; manual verification required.
EVD-6dacc412c4aa	GOVERNANCE_DISCOVERY	INFERRED_FROM_SOURCE	backend/app/runtime/ndsp_quality_live_golden_wrapper.py	ndsp_quality_live_golden_wrapper.py	92	2e0333d65d952f96b67f5d331cfa566ff9289697c45e6e2050ffe49ab6cc0b79	"version = find_first(data, [""version""])"	Candidate evidence only; manual verification required.
EVD-7f9745792f65	GOVERNANCE_DISCOVERY	INFERRED_FROM_SOURCE	backend/app/runtime/ndsp_quality_live_golden_wrapper.py	ndsp_quality_live_golden_wrapper.py	100	2e0333d65d952f96b67f5d331cfa566ff9289697c45e6e2050ffe49ab6cc0b79	if version is not None:	Candidate evidence only; manual verification required.
EVD-bb43ca51a67e	GOVERNANCE_DISCOVERY	INFERRED_FROM_SOURCE	backend/app/runtime/ndsp_quality_live_golden_wrapper.py	ndsp_quality_live_golden_wrapper.py	101	2e0333d65d952f96b67f5d331cfa566ff9289697c45e6e2050ffe49ab6cc0b79	"result[""version""] = safe_text(version, """")"	Candidate evidence only; manual verification required.
EVD-b94d5ca5ce80	GOVERNANCE_DISCOVERY	INFERRED_FROM_SOURCE	backend/app/runtime/ndsp_quality_live_golden_wrapper.py	ndsp_quality_live_golden_wrapper.py	199	2e0333d65d952f96b67f5d331cfa566ff9289697c45e6e2050ffe49ab6cc0b79	"""wrapper_version"": ""1.0.0-ndsp-golden-explainability"""	Candidate evidence only; manual verification required.
EVD-2053724b710f	GOVERNANCE_DISCOVERY	INFERRED_FROM_SOURCE	backend/app/runtime/ndsp_quality_live_golden_wrapper.py	ndsp_quality_live_golden_wrapper.py	256	2e0333d65d952f96b67f5d331cfa566ff9289697c45e6e2050ffe49ab6cc0b79	"server_version = ""NDSPGoldenExplainabilityWrapper/1.0"""	Candidate evidence only; manual verification required.
EVD-8c33c7f6c4f1	GOVERNANCE_DISCOVERY	INFERRED_FROM_SOURCE	backend/app/support_layers/backtest/backtest_engine.py	backtest_engine.py	9	c7720804dc604851f92c042943493f005511aa49cd28e7d450835c5a8b6890df	Governance:	Candidate evidence only; manual verification required.
EVD-67af3b62e1cb	GOVERNANCE_DISCOVERY	INFERRED_FROM_SOURCE	backend/app/support_layers/cot/cot_storage.py	cot_storage.py	39	7dd89dc532adb630bf9f791e52e49d22b70ce6f3e63128b238c37524342c7d30	"""schema_version"": ""v6.1"","	Candidate evidence only; manual verification required.
EVD-863e6f9404bc	GOVERNANCE_DISCOVERY	INFERRED_FROM_SOURCE	backend/app/support_layers/delivery/ndsp_delivery_interfaces.py	ndsp_delivery_interfaces.py	93	d0c154ed308dda8cb09876dccb5b78752441629e62ad063c08779714cab00c7a	"""version"": ""1.0.0"","	Candidate evidence only; manual verification required.
EVD-882cecae2fac	GOVERNANCE_DISCOVERY	INFERRED_FROM_SOURCE	backend/app/support_layers/delivery/ndsp_delivery_interfaces.py	ndsp_delivery_interfaces.py	94	d0c154ed308dda8cb09876dccb5b78752441629e62ad063c08779714cab00c7a	"""governance_version"": ""6.1.0"","	Candidate evidence only; manual verification required.
EVD-776d842f51a0	GOVERNANCE_DISCOVERY	INFERRED_FROM_SOURCE	backend/app/support_layers/delivery/ndsp_delivery_interfaces.py	ndsp_delivery_interfaces.py	207	d0c154ed308dda8cb09876dccb5b78752441629e62ad063c08779714cab00c7a	"""version"": ""1.0.0"","	Candidate evidence only; manual verification required.
EVD-21aa01278e38	GOVERNANCE_DISCOVERY	INFERRED_FROM_SOURCE	backend/app/support_layers/delivery/ndsp_delivery_interfaces.py	ndsp_delivery_interfaces.py	208	d0c154ed308dda8cb09876dccb5b78752441629e62ad063c08779714cab00c7a	"""governance_version"": ""6.1.0"","	Candidate evidence only; manual verification required.
EVD-a16dfb91c1c8	GOVERNANCE_DISCOVERY	INFERRED_FROM_SOURCE	backend/app/support_layers/delivery/ndsp_delivery_interfaces.py	ndsp_delivery_interfaces.py	249	d0c154ed308dda8cb09876dccb5b78752441629e62ad063c08779714cab00c7a	"""version"": ""1.0.0"","	Candidate evidence only; manual verification required.
EVD-b5ea22489e02	GOVERNANCE_DISCOVERY	INFERRED_FROM_SOURCE	backend/app/support_layers/delivery/ndsp_delivery_interfaces.py	ndsp_delivery_interfaces.py	250	d0c154ed308dda8cb09876dccb5b78752441629e62ad063c08779714cab00c7a	"""governance_version"": ""6.1.0"","	Candidate evidence only; manual verification required.
EVD-b615471a96cc	GOVERNANCE_DISCOVERY	INFERRED_FROM_SOURCE	backend/app/support_layers/macro/__init__.py	__init__.py	6	369108ef6c9d493de9c620497f409a5e5640a6b5ae4377200359059fc0ae5889	Governance:	Candidate evidence only; manual verification required.
EVD-c6bc3df32029	GOVERNANCE_DISCOVERY	INFERRED_FROM_SOURCE	backend/app/support_layers/macro/consensus_provider.py	consensus_provider.py	6	bc56806635a425f67a0081f3bfad45d575563d72046ae3ec8fcdae8c15444315	- The first version supports manual/static consensus input.	Candidate evidence only; manual verification required.
EVD-a65c742703dd	GOVERNANCE_DISCOVERY	INFERRED_FROM_SOURCE	backend/app/support_layers/macro/consensus_provider.py	consensus_provider.py	7	bc56806635a425f67a0081f3bfad45d575563d72046ae3ec8fcdae8c15444315	- Later versions can connect to a paid/official-compatible economic calendar provider.	Candidate evidence only; manual verification required.
EVD-3fecc479ce7b	GOVERNANCE_DISCOVERY	INFERRED_FROM_SOURCE	backend/app/support_layers/macro/consensus_provider.py	consensus_provider.py	9	bc56806635a425f67a0081f3bfad45d575563d72046ae3ec8fcdae8c15444315	Governance:	Candidate evidence only; manual verification required.
EVD-cc7b32329458	GOVERNANCE_DISCOVERY	INFERRED_FROM_SOURCE	backend/app/support_layers/quality/decision_quality_stack.py	decision_quality_stack.py	8	bf173d2931da605f001d11284a180d820891f26369bfd1bb3c67ae24728564ff	Governance:	Candidate evidence only; manual verification required.
EVD-0e863f4247f2	GOVERNANCE_DISCOVERY	DOCUMENTATION_ONLY	backend/architecture/CHANGELOG.md	CHANGELOG.md	10	14e8cea9d43cc39e864435afa75ba7b63e0407bf781201be405609b812227bc8	- GOVERNANCE_RULES.md	Candidate evidence only; manual verification required.
EVD-b5f00fd371f2	GOVERNANCE_DISCOVERY	DOCUMENTATION_ONLY	backend/architecture/CHANGELOG.md	CHANGELOG.md	28	14e8cea9d43cc39e864435afa75ba7b63e0407bf781201be405609b812227bc8	- GET /api/governance/health	Candidate evidence only; manual verification required.
EVD-3deee8a105d1	GOVERNANCE_DISCOVERY	DOCUMENTATION_ONLY	backend/architecture/CHANGELOG.md	CHANGELOG.md	29	14e8cea9d43cc39e864435afa75ba7b63e0407bf781201be405609b812227bc8	- POST /api/governance/evaluate	Candidate evidence only; manual verification required.
EVD-214ce88ba880	GOVERNANCE_DISCOVERY	DOCUMENTATION_ONLY	backend/architecture/CHANGELOG.md	CHANGELOG.md	35	14e8cea9d43cc39e864435afa75ba7b63e0407bf781201be405609b812227bc8	- POST /api/governance/submit	Candidate evidence only; manual verification required.
EVD-9d9eb2a3d459	GOVERNANCE_DISCOVERY	DOCUMENTATION_ONLY	backend/architecture/CHANGELOG.md	CHANGELOG.md	74	14e8cea9d43cc39e864435afa75ba7b63e0407bf781201be405609b812227bc8	- shared health/version/about endpoints	Candidate evidence only; manual verification required.
EVD-af947f4f1a89	GOVERNANCE_DISCOVERY	DOCUMENTATION_ONLY	backend/architecture/CHANGELOG.md	CHANGELOG.md	109	14e8cea9d43cc39e864435afa75ba7b63e0407bf781201be405609b812227bc8	- .gitignore policy	Candidate evidence only; manual verification required.
EVD-21773ff62a7d	GOVERNANCE_DISCOVERY	DOCUMENTATION_ONLY	backend/architecture/CHANGELOG.md	CHANGELOG.md	157	14e8cea9d43cc39e864435afa75ba7b63e0407bf781201be405609b812227bc8	- Release candidate freeze policy	Candidate evidence only; manual verification required.
EVD-990a4491299c	GOVERNANCE_DISCOVERY	DOCUMENTATION_ONLY	backend/architecture/CHANGELOG.md	CHANGELOG.md	165	14e8cea9d43cc39e864435afa75ba7b63e0407bf781201be405609b812227bc8	- Release candidate freeze policy	Candidate evidence only; manual verification required.
EVD-d0acfce82c60	GOVERNANCE_DISCOVERY	DOCUMENTATION_ONLY	backend/architecture/CHANGELOG.md	CHANGELOG.md	173	14e8cea9d43cc39e864435afa75ba7b63e0407bf781201be405609b812227bc8	- Release candidate freeze policy	Candidate evidence only; manual verification required.
EVD-10cd98c5acab	GOVERNANCE_DISCOVERY	DOCUMENTATION_ONLY	backend/architecture/CHANGELOG.md	CHANGELOG.md	243	14e8cea9d43cc39e864435afa75ba7b63e0407bf781201be405609b812227bc8	- Public no-execution language policy.	Candidate evidence only; manual verification required.
EVD-6eeadfa0beb8	GOVERNANCE_DISCOVERY	DOCUMENTATION_ONLY	backend/architecture/DATA_FLOW.md	DATA_FLOW.md	5	9ba01014694cdf0f9adba911275ba081ca0ade5942abbfe8f8c6b9864dfc1258	Decision Governance Core	Candidate evidence only; manual verification required.
EVD-ccc2b6790a49	GOVERNANCE_DISCOVERY	DOCUMENTATION_ONLY	backend/architecture/DECISION_LIFECYCLE.md	DECISION_LIFECYCLE.md	6	5e2c706e19ac72369b853ab0f937187f0a15d416f28c8162c14c87ac3046016c	4. Governance Validation	Candidate evidence only; manual verification required.
EVD-2cc946811c24	GOVERNANCE_DISCOVERY	DOCUMENTATION_ONLY	backend/architecture/DEV-007-SERVICE-MIGRATION-PLAN.md	DEV-007-SERVICE-MIGRATION-PLAN.md	13	6a78bb77249e2c621b4be5b420f3aea8e29931224cf1bccc3c39156460e9a9e1	DGC-001 | port=9079 | framework=LEGACY | path=backend/services/decision_governance_core | name=Decision Governance Core	Candidate evidence only; manual verification required.
EVD-f22932a990ee	GOVERNANCE_DISCOVERY	DOCUMENTATION_ONLY	backend/architecture/DEV-007-SERVICE-MIGRATION-PLAN.md	DEV-007-SERVICE-MIGRATION-PLAN.md	22	6a78bb77249e2c621b4be5b420f3aea8e29931224cf1bccc3c39156460e9a9e1	2. DGC-001 Decision Governance Core	Candidate evidence only; manual verification required.
EVD-5e8caa3de139	GOVERNANCE_DISCOVERY	DOCUMENTATION_ONLY	backend/architecture/DEV-007-SERVICE-MIGRATION-PLAN.md	DEV-007-SERVICE-MIGRATION-PLAN.md	23	6a78bb77249e2c621b4be5b420f3aea8e29931224cf1bccc3c39156460e9a9e1	Reason: Governance validates and explains decisions. It depends on stable completed-decision contracts.	Candidate evidence only; manual verification required.
EVD-a490cea1caab	GOVERNANCE_DISCOVERY	DOCUMENTATION_ONLY	backend/architecture/DEV-007-SERVICE-MIGRATION-PLAN.md	DEV-007-SERVICE-MIGRATION-PLAN.md	52	6a78bb77249e2c621b4be5b420f3aea8e29931224cf1bccc3c39156460e9a9e1	4. Add /health, /version, /about consistency if missing.	Candidate evidence only; manual verification required.
EVD-a2af996c8e06	GOVERNANCE_DISCOVERY	DOCUMENTATION_ONLY	backend/architecture/GOVERNANCE_RULES.md	GOVERNANCE_RULES.md	1	365f198fd177b47ffa772e81fdc21c62a97a0f933ec10323fd1dcc698cb10f49	# NDSP Governance Rules	Candidate evidence only; manual verification required.
EVD-2ea6321d3024	GOVERNANCE_DISCOVERY	DOCUMENTATION_ONLY	backend/architecture/GOVERNANCE_RULES.md	GOVERNANCE_RULES.md	3	365f198fd177b47ffa772e81fdc21c62a97a0f933ec10323fd1dcc698cb10f49	## Governance Components	Candidate evidence only; manual verification required.
EVD-d1df80c7fcf0	GOVERNANCE_DISCOVERY	DOCUMENTATION_ONLY	backend/architecture/GOVERNANCE_RULES.md	GOVERNANCE_RULES.md	9	365f198fd177b47ffa772e81fdc21c62a97a0f933ec10323fd1dcc698cb10f49	- GOV-005 Decision Audit Trail	Candidate evidence only; manual verification required.
EVD-d0681b35c77a	GOVERNANCE_DISCOVERY	DOCUMENTATION_ONLY	backend/architecture/GOVERNANCE_RULES.md	GOVERNANCE_RULES.md	16	365f198fd177b47ffa772e81fdc21c62a97a0f933ec10323fd1dcc698cb10f49	Governance Validation	Candidate evidence only; manual verification required.
EVD-1f9c3d257d97	GOVERNANCE_DISCOVERY	DOCUMENTATION_ONLY	backend/architecture/GOVERNANCE_RULES.md	GOVERNANCE_RULES.md	24	365f198fd177b47ffa772e81fdc21c62a97a0f933ec10323fd1dcc698cb10f49	A decision is not official until it reaches Completed Decision Service and passes governance validation.	Candidate evidence only; manual verification required.
EVD-55899a7a0930	GOVERNANCE_DISCOVERY	DOCUMENTATION_ONLY	backend/architecture/NDSP_CORE_SERVICES_RELEASE_STATUS.md	NDSP_CORE_SERVICES_RELEASE_STATUS.md	21	a26b4055b58620363caddf3ef4e41fa0cb6f333949bb3535483ad9c45e327254	DGC-001 Decision Governance Core:	Candidate evidence only; manual verification required.
EVD-fc9667f135db	GOVERNANCE_DISCOVERY	DOCUMENTATION_ONLY	backend/architecture/NDSP_CORE_SERVICES_RELEASE_STATUS.md	NDSP_CORE_SERVICES_RELEASE_STATUS.md	25	a26b4055b58620363caddf3ef4e41fa0cb6f333949bb3535483ad9c45e327254	- Role: Governance validation before completed decision	Candidate evidence only; manual verification required.
EVD-f21785a0a230	GOVERNANCE_DISCOVERY	DOCUMENTATION_ONLY	backend/architecture/NDSP_CORE_SERVICES_RELEASE_STATUS.md	NDSP_CORE_SERVICES_RELEASE_STATUS.md	33	a26b4055b58620363caddf3ef4e41fa0cb6f333949bb3535483ad9c45e327254	## Governance	Candidate evidence only; manual verification required.
EVD-c52c7bf7f840	GOVERNANCE_DISCOVERY	DOCUMENTATION_ONLY	backend/architecture/SECURITY_MODEL.md	SECURITY_MODEL.md	10	3eeab89dc246b698524f2b81dca64ec2f7a2bd62176b5fb078e4a52bceed78a9	- Copilot cannot override governance.	Candidate evidence only; manual verification required.
EVD-1551e4b3c41c	GOVERNANCE_DISCOVERY	DOCUMENTATION_ONLY	backend/architecture/SERVICE_REGISTRY.md	SERVICE_REGISTRY.md	11	0af6f70496a3c8ddc48f4ddb5c1129d313bf4e52033b711a2833a5b7e75e1bda	| SRV-005 | Alerts Service | Alerts and notification policy |	Candidate evidence only; manual verification required.
EVD-9167b5d48e8a	GOVERNANCE_DISCOVERY	DOCUMENTATION_ONLY	backend/architecture/SYSTEM_ARCHITECTURE.md	SYSTEM_ARCHITECTURE.md	8	ad56a736ae9b1448d40f1e3b73b34cdd6e0a8ab5332c3fff41a4f804dd62b23f	2. Decision Governance Core	Candidate evidence only; manual verification required.
EVD-f5d0dc41f3cc	GOVERNANCE_DISCOVERY	DOCUMENTATION_ONLY	backend/architecture/adr/ADR-0002-completed-decision-ssot.md	ADR-0002-completed-decision-ssot.md	9	752f9d9eade3db1733361c9a97ad7fbd5bc114642747c0fcece4d91eb45fadb2	Any output from engines is internal until accepted by Governance Core and stored by Completed Decision Service.	Candidate evidence only; manual verification required.
EVD-3abfe76ccae9	GOVERNANCE_DISCOVERY	DOCUMENTATION_ONLY	backend/architecture/adr/ADR-0003-modular-monolith-with-framework.md	ADR-0003-modular-monolith-with-framework.md	21	7a89546c7a3747ca9db9c2ee48a4acd4678d1582db76f1b4d53165c8a04cd647	- Health/version/about endpoints are standardized.	Candidate evidence only; manual verification required.
EVD-44a76f83c540	GOVERNANCE_DISCOVERY	DOCUMENTATION_ONLY	backend/architecture/adr/ADR-0005-repository-hygiene.md	ADR-0005-repository-hygiene.md	17	9bec040138e81629660aadd38cdc03d533690575d2825a8c0a3413fcab46a697	DEV-002 introduces a strict repository hygiene policy:	Candidate evidence only; manual verification required.
EVD-0519e116583c	GOVERNANCE_DISCOVERY	DOCUMENTATION_ONLY	backend/architecture/contracts/CTL-001-WORKSPACE-IDENTITY-CONTRACT.md	CTL-001-WORKSPACE-IDENTITY-CONTRACT.md	10	7bfdd5722ff7e50189f3df7a2ed950997e4ba3f58ab6388342fae9da93a16c1e	- GET /version	Candidate evidence only; manual verification required.
EVD-891076ef4995	GOVERNANCE_DISCOVERY	DOCUMENTATION_ONLY	backend/architecture/contracts/DGC-001-CONTRACT.md	DGC-001-CONTRACT.md	1	1ad9e15b36a1a85365adf149cb0ba73dad3fad0c4ece5f9c9d9ee505bdcafe37	# DGC-001 — Decision Governance Core Contract	Candidate evidence only; manual verification required.
EVD-252cdc78f3b6	GOVERNANCE_DISCOVERY	DOCUMENTATION_ONLY	backend/architecture/contracts/ENG-001-FRAMEWORK-CONTRACT.md	ENG-001-FRAMEWORK-CONTRACT.md	17	974f33e2830b19882215ed549c9106d4216e8eae3a34deb3822c1891b2e76e1b	"version: ""1.0.0"""	Candidate evidence only; manual verification required.
EVD-c626c723b289	GOVERNANCE_DISCOVERY	DOCUMENTATION_ONLY	backend/architecture/contracts/ENG-001-FRAMEWORK-CONTRACT.md	ENG-001-FRAMEWORK-CONTRACT.md	26	974f33e2830b19882215ed549c9106d4216e8eae3a34deb3822c1891b2e76e1b	- GET /version	Candidate evidence only; manual verification required.
EVD-96c2edefee12	GOVERNANCE_DISCOVERY	DOCUMENTATION_ONLY	backend/architecture/contracts/ENG-001-FRAMEWORK-CONTRACT.md	ENG-001-FRAMEWORK-CONTRACT.md	36	974f33e2830b19882215ed549c9106d4216e8eae3a34deb3822c1891b2e76e1b	- Version endpoint	Candidate evidence only; manual verification required.
EVD-b7512a282859	GOVERNANCE_DISCOVERY	DOCUMENTATION_ONLY	backend/architecture/contracts/NDSP_PUBLIC_PLATFORM_BOT_PRIVACY_BOUNDARY.md	NDSP_PUBLIC_PLATFORM_BOT_PRIVACY_BOUNDARY.md	7	a97f05aece97de38d313821736690edc999d95ac90ccf4e293372e4f91f7c74d	The public NDSP decision-support platform must not mention, promote, link to, or expose the execution bot.	Candidate evidence only; manual verification required.
EVD-79cebddacfc7	GOVERNANCE_DISCOVERY	DOCUMENTATION_ONLY	backend/architecture/contracts/NDSP_PUBLIC_PLATFORM_BOT_PRIVACY_BOUNDARY.md	NDSP_PUBLIC_PLATFORM_BOT_PRIVACY_BOUNDARY.md	18	a97f05aece97de38d313821736690edc999d95ac90ccf4e293372e4f91f7c74d	- Governance language	Candidate evidence only; manual verification required.
EVD-68c693e30f05	GOVERNANCE_DISCOVERY	DOCUMENTATION_ONLY	backend/architecture/contracts/NDSP_PUBLIC_PLATFORM_NO_EXECUTION_LANGUAGE.md	NDSP_PUBLIC_PLATFORM_NO_EXECUTION_LANGUAGE.md	1	0ae92e0d8723442008ec25fd3bdada01a6964b377d21f7b6a4c20a76fa78e1d6	# NDSP Public Platform No Execution Language Policy	Candidate evidence only; manual verification required.
EVD-05558e3c8070	GOVERNANCE_DISCOVERY	DOCUMENTATION_ONLY	backend/architecture/contracts/NDSP_PUBLIC_PLATFORM_NO_EXECUTION_LANGUAGE.md	NDSP_PUBLIC_PLATFORM_NO_EXECUTION_LANGUAGE.md	32	0ae92e0d8723442008ec25fd3bdada01a6964b377d21f7b6a4c20a76fa78e1d6	- Governance	Candidate evidence only; manual verification required.
EVD-51517e46eb8c	GOVERNANCE_DISCOVERY	DOCUMENTATION_ONLY	backend/architecture/contracts/PUBLIC_GATEWAY_ACTIVATION_CONTRACT.md	PUBLIC_GATEWAY_ACTIVATION_CONTRACT.md	3	18d3b83c379f6c0b003dc37bd57713c74710bf48c29246aa1ea8337261b09bf7	- GET /api/governance/health = ACTIVE	Candidate evidence only; manual verification required.
EVD-68083875b73b	GOVERNANCE_DISCOVERY	DOCUMENTATION_ONLY	backend/architecture/contracts/PUBLIC_GATEWAY_CONTRACT.md	PUBLIC_GATEWAY_CONTRACT.md	5	d50fdb49e63de84ffec1e7fd38a27bcb29f49bed35be281c3cd86cf1c1a56ece	This contract defines which internal NDSP services may be promoted through the public API gateway.	Candidate evidence only; manual verification required.
EVD-da7d7f04c6d4	GOVERNANCE_DISCOVERY	DOCUMENTATION_ONLY	backend/architecture/contracts/PUBLIC_GATEWAY_CONTRACT.md	PUBLIC_GATEWAY_CONTRACT.md	16	d50fdb49e63de84ffec1e7fd38a27bcb29f49bed35be281c3cd86cf1c1a56ece	| /api/governance/health | DGC-001 | http://127.0.0.1:9079/health | GET | Public health |	Candidate evidence only; manual verification required.
EVD-12244ffeaf91	GOVERNANCE_DISCOVERY	DOCUMENTATION_ONLY	backend/architecture/contracts/PUBLIC_GATEWAY_CONTRACT.md	PUBLIC_GATEWAY_CONTRACT.md	25	d50fdb49e63de84ffec1e7fd38a27bcb29f49bed35be281c3cd86cf1c1a56ece	| DGC-001 submit/evaluate routes | Internal governance path only |	Candidate evidence only; manual verification required.
EVD-8f491b38e4ac	GOVERNANCE_DISCOVERY	DOCUMENTATION_ONLY	backend/architecture/contracts/PUBLIC_GATEWAY_CONTRACT.md	PUBLIC_GATEWAY_CONTRACT.md	30	d50fdb49e63de84ffec1e7fd38a27bcb29f49bed35be281c3cd86cf1c1a56ece	- POST /api/governance/submit	Candidate evidence only; manual verification required.
EVD-bd81fa1885e7	GOVERNANCE_DISCOVERY	DOCUMENTATION_ONLY	backend/architecture/contracts/PUBLIC_GATEWAY_CONTRACT.md	PUBLIC_GATEWAY_CONTRACT.md	31	d50fdb49e63de84ffec1e7fd38a27bcb29f49bed35be281c3cd86cf1c1a56ece	- POST /api/governance/evaluate	Candidate evidence only; manual verification required.
EVD-cc88e17aba02	GOVERNANCE_DISCOVERY	DOCUMENTATION_ONLY	backend/architecture/contracts/PUBLIC_GATEWAY_CONTRACT.md	PUBLIC_GATEWAY_CONTRACT.md	36	d50fdb49e63de84ffec1e7fd38a27bcb29f49bed35be281c3cd86cf1c1a56ece	## Promotion Process	Candidate evidence only; manual verification required.
EVD-ae2961ea570f	GOVERNANCE_DISCOVERY	DOCUMENTATION_ONLY	backend/architecture/contracts/RC1_PUBLIC_SURFACE.md	RC1_PUBLIC_SURFACE.md	8	cc92335a679746976809da10c8be3f27a77a161378c195aa4aaeb93403c2cdfa	2. GET /api/governance/health	Candidate evidence only; manual verification required.
EVD-7e8e6a30f2ea	GOVERNANCE_DISCOVERY	DOCUMENTATION_ONLY	backend/architecture/contracts/RC1_PUBLIC_SURFACE.md	RC1_PUBLIC_SURFACE.md	15	cc92335a679746976809da10c8be3f27a77a161378c195aa4aaeb93403c2cdfa	2. POST /api/governance/submit	Candidate evidence only; manual verification required.
EVD-1864b547aea7	GOVERNANCE_DISCOVERY	DOCUMENTATION_ONLY	backend/architecture/contracts/RC1_PUBLIC_SURFACE.md	RC1_PUBLIC_SURFACE.md	16	cc92335a679746976809da10c8be3f27a77a161378c195aa4aaeb93403c2cdfa	3. POST /api/governance/evaluate	Candidate evidence only; manual verification required.
EVD-d5e14f5627f1	GOVERNANCE_DISCOVERY	DOCUMENTATION_ONLY	backend/architecture/contracts/RELEASE_CANDIDATE_FREEZE_POLICY.md	RELEASE_CANDIDATE_FREEZE_POLICY.md	1	ba8d52aef4ddaa5a93ae4241e175fcce814eaa3cd41495bdfe6e9d66e5bb684b	# Release Candidate Freeze Policy	Candidate evidence only; manual verification required.
EVD-ebafd9c12ae0	GOVERNANCE_DISCOVERY	DOCUMENTATION_ONLY	backend/architecture/laws/ENTERPRISE_LAWS.md	ENTERPRISE_LAWS.md	8	b3ca420a45ed26891084f4db21cc098f34ac92967fbfe9c3cdf650ef90d6ae30	- Version	Candidate evidence only; manual verification required.
EVD-d0adad7cc75c	GOVERNANCE_DISCOVERY	DOCUMENTATION_ONLY	backend/architecture/laws/ENTERPRISE_LAWS.md	ENTERPRISE_LAWS.md	33	b3ca420a45ed26891084f4db21cc098f34ac92967fbfe9c3cdf650ef90d6ae30	Decision Governance Core	Candidate evidence only; manual verification required.
EVD-7e119d78072c	GOVERNANCE_DISCOVERY	DOCUMENTATION_ONLY	backend/architecture/registry/API_REGISTRY.md	API_REGISTRY.md	24	1414ae33388159ca68378980f834e84e19ff717d925b8812fed8684bd2c80900	## Governance API	Candidate evidence only; manual verification required.
EVD-7d9ddc955845	GOVERNANCE_DISCOVERY	DOCUMENTATION_ONLY	backend/architecture/registry/API_REGISTRY.md	API_REGISTRY.md	27	1414ae33388159ca68378980f834e84e19ff717d925b8812fed8684bd2c80900	Service: Decision Governance Core	Candidate evidence only; manual verification required.
EVD-5c29c70b01cf	GOVERNANCE_DISCOVERY	DOCUMENTATION_ONLY	backend/architecture/registry/API_REGISTRY.md	API_REGISTRY.md	32	1414ae33388159ca68378980f834e84e19ff717d925b8812fed8684bd2c80900	- GET /api/governance/health	Candidate evidence only; manual verification required.
EVD-54f200d26107	GOVERNANCE_DISCOVERY	DOCUMENTATION_ONLY	backend/architecture/registry/API_REGISTRY.md	API_REGISTRY.md	33	1414ae33388159ca68378980f834e84e19ff717d925b8812fed8684bd2c80900	- POST /api/governance/evaluate	Candidate evidence only; manual verification required.
EVD-b00e00028823	GOVERNANCE_DISCOVERY	DOCUMENTATION_ONLY	backend/architecture/registry/API_REGISTRY.md	API_REGISTRY.md	37	1414ae33388159ca68378980f834e84e19ff717d925b8812fed8684bd2c80900	- POST /api/governance/submit	Candidate evidence only; manual verification required.
EVD-0cb23b722c4c	GOVERNANCE_DISCOVERY	DOCUMENTATION_ONLY	backend/architecture/registry/OPERATIONAL_HARDENING.md	OPERATIONAL_HARDENING.md	17	9ba62248de2f3b76f5d58b1d5225bbb157cda0fa4035ec1fea2e1f654cf79190	- /version	Candidate evidence only; manual verification required.
EVD-5f49e244bc95	GOVERNANCE_DISCOVERY	DOCUMENTATION_ONLY	backend/architecture/registry/OPERATIONAL_HARDENING.md	OPERATIONAL_HARDENING.md	33	9ba62248de2f3b76f5d58b1d5225bbb157cda0fa4035ec1fea2e1f654cf79190	| DGC-001 | ndsp-decision_governance_core.service | 9079 |	Candidate evidence only; manual verification required.
EVD-53a31cbe12c5	GOVERNANCE_DISCOVERY	DOCUMENTATION_ONLY	backend/architecture/registry/PRODUCTION_SNAPSHOT_RC1.md	PRODUCTION_SNAPSHOT_RC1.md	16	f275c729cb08a1033c08d65ff1dc320a41dcc14b361f9f54a92dff848d5bbc75	- DGC-001 Decision Governance Core: active	Candidate evidence only; manual verification required.
EVD-e743aeed0537	GOVERNANCE_DISCOVERY	DOCUMENTATION_ONLY	backend/architecture/registry/PRODUCTION_SNAPSHOT_RC1.md	PRODUCTION_SNAPSHOT_RC1.md	23	f275c729cb08a1033c08d65ff1dc320a41dcc14b361f9f54a92dff848d5bbc75	- GET https://api.ndsp.app/api/governance/health	Candidate evidence only; manual verification required.
EVD-d29d157a3390	GOVERNANCE_DISCOVERY	DOCUMENTATION_ONLY	backend/architecture/registry/PRODUCTION_SNAPSHOT_RC1.md	PRODUCTION_SNAPSHOT_RC1.md	27	f275c729cb08a1033c08d65ff1dc320a41dcc14b361f9f54a92dff848d5bbc75	- POST https://api.ndsp.app/api/governance/submit	Candidate evidence only; manual verification required.
EVD-0b8630e217df	GOVERNANCE_DISCOVERY	DOCUMENTATION_ONLY	backend/architecture/registry/PRODUCTION_SNAPSHOT_RC1.md	PRODUCTION_SNAPSHOT_RC1.md	28	f275c729cb08a1033c08d65ff1dc320a41dcc14b361f9f54a92dff848d5bbc75	- POST https://api.ndsp.app/api/governance/evaluate	Candidate evidence only; manual verification required.
EVD-491441b626c3	GOVERNANCE_DISCOVERY	DOCUMENTATION_ONLY	backend/architecture/registry/PRODUCTION_SNAPSHOT_RC1_FINAL.md	PRODUCTION_SNAPSHOT_RC1_FINAL.md	17	776b9a5938996b0b61cef7363f8613b61137c1498f7d3c0ee9ae5864ea2773cd	- DGC-001 Decision Governance Core: active	Candidate evidence only; manual verification required.
EVD-e16284d36c7d	GOVERNANCE_DISCOVERY	DOCUMENTATION_ONLY	backend/architecture/registry/PRODUCTION_SNAPSHOT_RC1_FINAL.md	PRODUCTION_SNAPSHOT_RC1_FINAL.md	24	776b9a5938996b0b61cef7363f8613b61137c1498f7d3c0ee9ae5864ea2773cd	- GET https://api.ndsp.app/api/governance/health	Candidate evidence only; manual verification required.
EVD-64228cb5bec2	GOVERNANCE_DISCOVERY	DOCUMENTATION_ONLY	backend/architecture/registry/PRODUCTION_SNAPSHOT_RC1_FINAL.md	PRODUCTION_SNAPSHOT_RC1_FINAL.md	28	776b9a5938996b0b61cef7363f8613b61137c1498f7d3c0ee9ae5864ea2773cd	- POST https://api.ndsp.app/api/governance/submit	Candidate evidence only; manual verification required.
EVD-a55665e02d51	GOVERNANCE_DISCOVERY	DOCUMENTATION_ONLY	backend/architecture/registry/PRODUCTION_SNAPSHOT_RC1_FINAL.md	PRODUCTION_SNAPSHOT_RC1_FINAL.md	29	776b9a5938996b0b61cef7363f8613b61137c1498f7d3c0ee9ae5864ea2773cd	- POST https://api.ndsp.app/api/governance/evaluate	Candidate evidence only; manual verification required.
EVD-e55e07e6c36d	GOVERNANCE_DISCOVERY	DOCUMENTATION_ONLY	backend/architecture/registry/PRODUCT_REGISTRY.md	PRODUCT_REGISTRY.md	11	d63513eef60a23d9d80e1a4875296a09414480002bd6c149fdbed81631ee744c	- Governance Core	Candidate evidence only; manual verification required.
EVD-bf3fff083037	GOVERNANCE_DISCOVERY	DOCUMENTATION_ONLY	backend/architecture/registry/PUBLIC_GATEWAY_ACTIVATION.md	PUBLIC_GATEWAY_ACTIVATION.md	8	6a22e9e8904659fb6e89c772126ffec8c2b1575189e9a94ce7b88de6871e8394	- GET /api/governance/health	Candidate evidence only; manual verification required.
EVD-fced38ffa208	GOVERNANCE_DISCOVERY	DOCUMENTATION_ONLY	backend/architecture/registry/PUBLIC_GATEWAY_READINESS.md	PUBLIC_GATEWAY_READINESS.md	14	25475031a90a3c09a881ed6309d2d84acae2da8d2cf41c8c439d53db42ba3054	| DGC-001 | Decision Governance Core | 9079 | Health public only |	Candidate evidence only; manual verification required.
EVD-9f78f2d36b8c	GOVERNANCE_DISCOVERY	DOCUMENTATION_ONLY	backend/architecture/registry/PUBLIC_GATEWAY_READINESS.md	PUBLIC_GATEWAY_READINESS.md	26	25475031a90a3c09a881ed6309d2d84acae2da8d2cf41c8c439d53db42ba3054	- Internal governance submission endpoints	Candidate evidence only; manual verification required.
EVD-1b32bfe5cba7	GOVERNANCE_DISCOVERY	DOCUMENTATION_ONLY	backend/architecture/registry/RELEASE_CANDIDATE_RC1.md	RELEASE_CANDIDATE_RC1.md	21	93f7b34f94c1a86057163dae0a533bb9bcb8824105cd169eacf2453cca91f069	- GET /api/governance/health	Candidate evidence only; manual verification required.
EVD-6bcf1fb6a034	GOVERNANCE_DISCOVERY	DOCUMENTATION_ONLY	backend/architecture/registry/SERVICE_REGISTRY_V2.md	SERVICE_REGISTRY_V2.md	7	8bf77400c7a7c09a2349889da6306dda5eefc81f170e980355e3f6e73aff33a3	| GOV-001 | Decision Governance Core | 9079 | NDSP Platform | Active |	Candidate evidence only; manual verification required.
EVD-b50de315e303	GOVERNANCE_DISCOVERY	DOCUMENTATION_ONLY	backend/architecture/registry/SERVICE_REGISTRY_V2.md	SERVICE_REGISTRY_V2.md	42	8bf77400c7a7c09a2349889da6306dda5eefc81f170e980355e3f6e73aff33a3	| DGC-001 | Decision Governance Core | 9079 | NDSP Engineering | Legacy Active |	Candidate evidence only; manual verification required.
EVD-f4ecb44a6bf7	GOVERNANCE_DISCOVERY	DOCUMENTATION_ONLY	backend/architecture/reports/DEV-002B-SOURCE-CLASSIFICATION-20260628_001339.md	DEV-002B-SOURCE-CLASSIFICATION-20260628_001339.md	6	f8ecf7cce0484628a5b40adbcc30103a693267d8627d9e264f183fd7f0e61382	Head: bb8f1ce chore(DEV-002): add repository hygiene policy	Candidate evidence only; manual verification required.
EVD-b5aaf811c88c	GOVERNANCE_DISCOVERY	DOCUMENTATION_ONLY	backend/architecture/reports/DEV-002B-SOURCE-CLASSIFICATION-20260628_001339.md	DEV-002B-SOURCE-CLASSIFICATION-20260628_001339.md	23	f8ecf7cce0484628a5b40adbcc30103a693267d8627d9e264f183fd7f0e61382	?? DSP_FINAL_TRIAL_POLICY.md	Candidate evidence only; manual verification required.
EVD-4fc91bd1330d	GOVERNANCE_DISCOVERY	DOCUMENTATION_ONLY	backend/architecture/reports/DEV-002B-SOURCE-CLASSIFICATION-20260628_001339.md	DEV-002B-SOURCE-CLASSIFICATION-20260628_001339.md	24	f8ecf7cce0484628a5b40adbcc30103a693267d8627d9e264f183fd7f0e61382	?? DSP_NMP_V1_POLICY.md	Candidate evidence only; manual verification required.
EVD-2b5d5ce5ea77	GOVERNANCE_DISCOVERY	DOCUMENTATION_ONLY	backend/architecture/reports/DEV-002B-SOURCE-CLASSIFICATION-20260628_001339.md	DEV-002B-SOURCE-CLASSIFICATION-20260628_001339.md	70	f8ecf7cce0484628a5b40adbcc30103a693267d8627d9e264f183fd7f0e61382	?? governance/	Candidate evidence only; manual verification required.
EVD-461af314179d	GOVERNANCE_DISCOVERY	DOCUMENTATION_ONLY	backend/architecture/reports/DEV-002B-SOURCE-CLASSIFICATION-20260628_001339.md	DEV-002B-SOURCE-CLASSIFICATION-20260628_001339.md	72	f8ecf7cce0484628a5b40adbcc30103a693267d8627d9e264f183fd7f0e61382	?? ndsp_governance/	Candidate evidence only; manual verification required.
EVD-6f0ba8bde2e6	GOVERNANCE_DISCOVERY	DOCUMENTATION_ONLY	backend/architecture/reports/DEV-002B-SOURCE-CLASSIFICATION-20260628_001339.md	DEV-002B-SOURCE-CLASSIFICATION-20260628_001339.md	90	f8ecf7cce0484628a5b40adbcc30103a693267d8627d9e264f183fd7f0e61382	| `??` | `DOC_OR_EXAMPLE_REVIEW` | `DSP_FINAL_TRIAL_POLICY.md` |	Candidate evidence only; manual verification required.
EVD-adeccd8e6b70	GOVERNANCE_DISCOVERY	DOCUMENTATION_ONLY	backend/architecture/reports/DEV-002B-SOURCE-CLASSIFICATION-20260628_001339.md	DEV-002B-SOURCE-CLASSIFICATION-20260628_001339.md	91	f8ecf7cce0484628a5b40adbcc30103a693267d8627d9e264f183fd7f0e61382	| `??` | `DOC_OR_EXAMPLE_REVIEW` | `DSP_NMP_V1_POLICY.md` |	Candidate evidence only; manual verification required.
EVD-4631e2bc7d70	GOVERNANCE_DISCOVERY	DOCUMENTATION_ONLY	backend/architecture/reports/DEV-002B-SOURCE-CLASSIFICATION-20260628_001339.md	DEV-002B-SOURCE-CLASSIFICATION-20260628_001339.md	136	f8ecf7cce0484628a5b40adbcc30103a693267d8627d9e264f183fd7f0e61382	| `??` | `TOP_LEVEL_SOURCE_REVIEW` | `governance/` |	Candidate evidence only; manual verification required.
EVD-735f14793e11	GOVERNANCE_DISCOVERY	DOCUMENTATION_ONLY	backend/architecture/reports/DEV-002B-SOURCE-CLASSIFICATION-20260628_001339.md	DEV-002B-SOURCE-CLASSIFICATION-20260628_001339.md	138	f8ecf7cce0484628a5b40adbcc30103a693267d8627d9e264f183fd7f0e61382	| `??` | `TOP_LEVEL_SOURCE_REVIEW` | `ndsp_governance/` |	Candidate evidence only; manual verification required.
EVD-e6a996616ba6	GOVERNANCE_DISCOVERY	DOCUMENTATION_ONLY	backend/architecture/reports/DEV-002B-SOURCE-CLASSIFICATION-20260628_001339.md	DEV-002B-SOURCE-CLASSIFICATION-20260628_001339.md	188	f8ecf7cce0484628a5b40adbcc30103a693267d8627d9e264f183fd7f0e61382	?? governance/	Candidate evidence only; manual verification required.
EVD-133f56e834eb	GOVERNANCE_DISCOVERY	DOCUMENTATION_ONLY	backend/architecture/reports/DEV-002B-SOURCE-CLASSIFICATION-20260628_001339.md	DEV-002B-SOURCE-CLASSIFICATION-20260628_001339.md	199	f8ecf7cce0484628a5b40adbcc30103a693267d8627d9e264f183fd7f0e61382	### Docs/policy candidates	Candidate evidence only; manual verification required.
EVD-a77ee02cd0a9	GOVERNANCE_DISCOVERY	DOCUMENTATION_ONLY	backend/architecture/reports/DEV-002B-SOURCE-CLASSIFICATION-20260628_001339.md	DEV-002B-SOURCE-CLASSIFICATION-20260628_001339.md	204	f8ecf7cce0484628a5b40adbcc30103a693267d8627d9e264f183fd7f0e61382	?? DSP_FINAL_TRIAL_POLICY.md	Candidate evidence only; manual verification required.
EVD-acd871282c16	GOVERNANCE_DISCOVERY	DOCUMENTATION_ONLY	backend/architecture/reports/DEV-002B-SOURCE-CLASSIFICATION-20260628_001339.md	DEV-002B-SOURCE-CLASSIFICATION-20260628_001339.md	205	f8ecf7cce0484628a5b40adbcc30103a693267d8627d9e264f183fd7f0e61382	?? DSP_NMP_V1_POLICY.md	Candidate evidence only; manual verification required.
EVD-f27a5bf63a5f	GOVERNANCE_DISCOVERY	DOCUMENTATION_ONLY	backend/architecture/reports/DEV-002C-FRONTEND-SOURCE-INTAKE-20260628_001739.md	DEV-002C-FRONTEND-SOURCE-INTAKE-20260628_001739.md	61	d168b9f877b8c37ca59113b098a0086ed3909245de4e0f092d31a1543cdd3653	"""version"": ""1.0.0"","	Candidate evidence only; manual verification required.
EVD-3caaa91ec669	GOVERNANCE_DISCOVERY	DOCUMENTATION_ONLY	backend/architecture/reports/DEV-002E-DOCS-POLICY-INTAKE-20260628_002936.md	DEV-002E-DOCS-POLICY-INTAKE-20260628_002936.md	1	82bcc0195b2f6b70cf2cc0a06cfa8fb4610c1219a891c0b6fcfdb5c094d355c2	# DEV-002E — Docs / Policy / Env Examples Intake	Candidate evidence only; manual verification required.
EVD-c87ab68f4d6b	GOVERNANCE_DISCOVERY	DOCUMENTATION_ONLY	backend/architecture/reports/DEV-002E-DOCS-POLICY-INTAKE-20260628_002936.md	DEV-002E-DOCS-POLICY-INTAKE-20260628_002936.md	15	82bcc0195b2f6b70cf2cc0a06cfa8fb4610c1219a891c0b6fcfdb5c094d355c2	DSP_FINAL_TRIAL_POLICY.md	Candidate evidence only; manual verification required.
EVD-abb439ba6030	GOVERNANCE_DISCOVERY	DOCUMENTATION_ONLY	backend/architecture/reports/DEV-002E-DOCS-POLICY-INTAKE-20260628_002936.md	DEV-002E-DOCS-POLICY-INTAKE-20260628_002936.md	16	82bcc0195b2f6b70cf2cc0a06cfa8fb4610c1219a891c0b6fcfdb5c094d355c2	DSP_NMP_V1_POLICY.md	Candidate evidence only; manual verification required.
EVD-13a53ab30211	GOVERNANCE_DISCOVERY	DOCUMENTATION_ONLY	backend/architecture/reports/DEV-002E-DOCS-POLICY-INTAKE-20260628_002936.md	DEV-002E-DOCS-POLICY-INTAKE-20260628_002936.md	19	82bcc0195b2f6b70cf2cc0a06cfa8fb4610c1219a891c0b6fcfdb5c094d355c2	governance	Candidate evidence only; manual verification required.
EVD-6e357b7db08e	GOVERNANCE_DISCOVERY	DOCUMENTATION_ONLY	backend/architecture/reports/DEV-002E-DOCS-POLICY-INTAKE-20260628_002936.md	DEV-002E-DOCS-POLICY-INTAKE-20260628_002936.md	20	82bcc0195b2f6b70cf2cc0a06cfa8fb4610c1219a891c0b6fcfdb5c094d355c2	ndsp_governance	Candidate evidence only; manual verification required.
EVD-7b88dc8a8eba	GOVERNANCE_DISCOVERY	DOCUMENTATION_ONLY	backend/architecture/reports/DEV-002E-DOCS-POLICY-INTAKE-20260628_002936.md	DEV-002E-DOCS-POLICY-INTAKE-20260628_002936.md	40	82bcc0195b2f6b70cf2cc0a06cfa8fb4610c1219a891c0b6fcfdb5c094d355c2	?? DSP_FINAL_TRIAL_POLICY.md	Candidate evidence only; manual verification required.
EVD-b040a949d039	GOVERNANCE_DISCOVERY	DOCUMENTATION_ONLY	backend/architecture/reports/DEV-002E-DOCS-POLICY-INTAKE-20260628_002936.md	DEV-002E-DOCS-POLICY-INTAKE-20260628_002936.md	41	82bcc0195b2f6b70cf2cc0a06cfa8fb4610c1219a891c0b6fcfdb5c094d355c2	?? DSP_NMP_V1_POLICY.md	Candidate evidence only; manual verification required.
EVD-3ce603f5eed6	GOVERNANCE_DISCOVERY	DOCUMENTATION_ONLY	backend/architecture/reports/DEV-002E-DOCS-POLICY-INTAKE-20260628_002936.md	DEV-002E-DOCS-POLICY-INTAKE-20260628_002936.md	44	82bcc0195b2f6b70cf2cc0a06cfa8fb4610c1219a891c0b6fcfdb5c094d355c2	?? governance/	Candidate evidence only; manual verification required.
EVD-f5c5bfeaf6df	GOVERNANCE_DISCOVERY	DOCUMENTATION_ONLY	backend/architecture/reports/DEV-002E-DOCS-POLICY-INTAKE-20260628_002936.md	DEV-002E-DOCS-POLICY-INTAKE-20260628_002936.md	45	82bcc0195b2f6b70cf2cc0a06cfa8fb4610c1219a891c0b6fcfdb5c094d355c2	?? ndsp_governance/	Candidate evidence only; manual verification required.
EVD-b44a85e2c4ae	GOVERNANCE_DISCOVERY	DOCUMENTATION_ONLY	backend/architecture/reports/DEV-002F-DEPLOYMENT-TOOLS-INTAKE-20260628_003240.md	DEV-002F-DEPLOYMENT-TOOLS-INTAKE-20260628_003240.md	6	3a985edc0b915cb9950192d1568bffb79e7a44de279e481af5b913359920d4e4	Head: abfaf3a docs(DEV-002E): intake policy docs and env examples	Candidate evidence only; manual verification required.
EVD-058ecaa96e40	GOVERNANCE_DISCOVERY	DOCUMENTATION_ONLY	backend/architecture/reports/DEV-002H-APPS-SHARED-TESTS-INTAKE-20260628_004224.md	DEV-002H-APPS-SHARED-TESTS-INTAKE-20260628_004224.md	78	be49252d8aa799b8949f055e61f126908f2b55d267ff17e06bc3ca7245c5c4b5	apps/NDSP_APPS_ONLY_GOVERNANCE.md	Candidate evidence only; manual verification required.
EVD-22f6769be0c9	GOVERNANCE_DISCOVERY	DOCUMENTATION_ONLY	backend/architecture/reports/DEV-002H-APPS-SHARED-TESTS-INTAKE-20260628_004224.md	DEV-002H-APPS-SHARED-TESTS-INTAKE-20260628_004224.md	81	be49252d8aa799b8949f055e61f126908f2b55d267ff17e06bc3ca7245c5c4b5	apps/ndsp-governance-bridge/layers/NDSP_OWNER_INTERNAL_16_LAYER_REGISTRY.json	Candidate evidence only; manual verification required.
EVD-c4fd973f41fb	GOVERNANCE_DISCOVERY	DOCUMENTATION_ONLY	backend/architecture/reports/DEV-002H-APPS-SHARED-TESTS-INTAKE-20260628_004224.md	DEV-002H-APPS-SHARED-TESTS-INTAKE-20260628_004224.md	82	be49252d8aa799b8949f055e61f126908f2b55d267ff17e06bc3ca7245c5c4b5	apps/ndsp-governance-bridge/layers/NDSP_OWNER_INTERNAL_16_LAYER_REGISTRY.md	Candidate evidence only; manual verification required.
EVD-07625ffe274e	GOVERNANCE_DISCOVERY	DOCUMENTATION_ONLY	backend/architecture/reports/DEV-002H-APPS-SHARED-TESTS-INTAKE-20260628_004224.md	DEV-002H-APPS-SHARED-TESTS-INTAKE-20260628_004224.md	83	be49252d8aa799b8949f055e61f126908f2b55d267ff17e06bc3ca7245c5c4b5	apps/ndsp-governance-bridge/NDSP_LAYER_VISIBILITY_OWNER_INTERNAL_POLICY.json	Candidate evidence only; manual verification required.
EVD-c3c267da6ad1	GOVERNANCE_DISCOVERY	DOCUMENTATION_ONLY	backend/architecture/reports/DEV-002H-APPS-SHARED-TESTS-INTAKE-20260628_004224.md	DEV-002H-APPS-SHARED-TESTS-INTAKE-20260628_004224.md	84	be49252d8aa799b8949f055e61f126908f2b55d267ff17e06bc3ca7245c5c4b5	apps/ndsp-governance-bridge/NDSP_LAYER_VISIBILITY_OWNER_INTERNAL_POLICY.md	Candidate evidence only; manual verification required.
EVD-574b0c491d9b	GOVERNANCE_DISCOVERY	DOCUMENTATION_ONLY	backend/architecture/reports/DEV-002H-APPS-SHARED-TESTS-INTAKE-20260628_004224.md	DEV-002H-APPS-SHARED-TESTS-INTAKE-20260628_004224.md	85	be49252d8aa799b8949f055e61f126908f2b55d267ff17e06bc3ca7245c5c4b5	apps/ndsp-governance-bridge/policies/admin_snapshot/audit_admin_v6.py	Candidate evidence only; manual verification required.
EVD-b86e7f529016	GOVERNANCE_DISCOVERY	DOCUMENTATION_ONLY	backend/architecture/reports/DEV-002H-APPS-SHARED-TESTS-INTAKE-20260628_004224.md	DEV-002H-APPS-SHARED-TESTS-INTAKE-20260628_004224.md	86	be49252d8aa799b8949f055e61f126908f2b55d267ff17e06bc3ca7245c5c4b5	apps/ndsp-governance-bridge/policies/admin_snapshot/tdl_v2_policy_admin.py	Candidate evidence only; manual verification required.
EVD-a2b1d2236e89	GOVERNANCE_DISCOVERY	DOCUMENTATION_ONLY	backend/architecture/reports/DEV-002H-APPS-SHARED-TESTS-INTAKE-20260628_004224.md	DEV-002H-APPS-SHARED-TESTS-INTAKE-20260628_004224.md	87	be49252d8aa799b8949f055e61f126908f2b55d267ff17e06bc3ca7245c5c4b5	apps/ndsp-governance-bridge/policies/audit_logger.py	Candidate evidence only; manual verification required.
EVD-0aba2959e853	GOVERNANCE_DISCOVERY	DOCUMENTATION_ONLY	backend/architecture/reports/DEV-002H-APPS-SHARED-TESTS-INTAKE-20260628_004224.md	DEV-002H-APPS-SHARED-TESTS-INTAKE-20260628_004224.md	88	be49252d8aa799b8949f055e61f126908f2b55d267ff17e06bc3ca7245c5c4b5	apps/ndsp-governance-bridge/policies/decision_active_governance.py	Candidate evidence only; manual verification required.
EVD-2b6cbfe1d5c6	GOVERNANCE_DISCOVERY	DOCUMENTATION_ONLY	backend/architecture/reports/DEV-002H-APPS-SHARED-TESTS-INTAKE-20260628_004224.md	DEV-002H-APPS-SHARED-TESTS-INTAKE-20260628_004224.md	89	be49252d8aa799b8949f055e61f126908f2b55d267ff17e06bc3ca7245c5c4b5	apps/ndsp-governance-bridge/policies/elite_trial_capacity.py	Candidate evidence only; manual verification required.
EVD-e5c7d5aed728	GOVERNANCE_DISCOVERY	DOCUMENTATION_ONLY	backend/architecture/reports/DEV-002H-APPS-SHARED-TESTS-INTAKE-20260628_004224.md	DEV-002H-APPS-SHARED-TESTS-INTAKE-20260628_004224.md	90	be49252d8aa799b8949f055e61f126908f2b55d267ff17e06bc3ca7245c5c4b5	apps/ndsp-governance-bridge/policies/feature_gate.py	Candidate evidence only; manual verification required.
EVD-5b916583ecce	GOVERNANCE_DISCOVERY	DOCUMENTATION_ONLY	backend/architecture/reports/DEV-002H-APPS-SHARED-TESTS-INTAKE-20260628_004224.md	DEV-002H-APPS-SHARED-TESTS-INTAKE-20260628_004224.md	91	be49252d8aa799b8949f055e61f126908f2b55d267ff17e06bc3ca7245c5c4b5	apps/ndsp-governance-bridge/policies/governance_runtime.py	Candidate evidence only; manual verification required.
EVD-a385e9a7ec6a	GOVERNANCE_DISCOVERY	DOCUMENTATION_ONLY	backend/architecture/reports/DEV-002H-APPS-SHARED-TESTS-INTAKE-20260628_004224.md	DEV-002H-APPS-SHARED-TESTS-INTAKE-20260628_004224.md	92	be49252d8aa799b8949f055e61f126908f2b55d267ff17e06bc3ca7245c5c4b5	apps/ndsp-governance-bridge/policies/ndsp_alert_audit.py	Candidate evidence only; manual verification required.
EVD-3dbe4b9fc8f0	GOVERNANCE_DISCOVERY	DOCUMENTATION_ONLY	backend/architecture/reports/DEV-002H-APPS-SHARED-TESTS-INTAKE-20260628_004224.md	DEV-002H-APPS-SHARED-TESTS-INTAKE-20260628_004224.md	93	be49252d8aa799b8949f055e61f126908f2b55d267ff17e06bc3ca7245c5c4b5	apps/ndsp-governance-bridge/policies/ndsp_governance_mode.py	Candidate evidence only; manual verification required.
EVD-5b45e8bfadfd	GOVERNANCE_DISCOVERY	DOCUMENTATION_ONLY	backend/architecture/reports/DEV-002H-APPS-SHARED-TESTS-INTAKE-20260628_004224.md	DEV-002H-APPS-SHARED-TESTS-INTAKE-20260628_004224.md	94	be49252d8aa799b8949f055e61f126908f2b55d267ff17e06bc3ca7245c5c4b5	apps/ndsp-governance-bridge/policies/tdl_v2_policy.py	Candidate evidence only; manual verification required.
EVD-c1c5eec55b0c	GOVERNANCE_DISCOVERY	DOCUMENTATION_ONLY	backend/architecture/reports/DEV-002H-APPS-SHARED-TESTS-INTAKE-20260628_004224.md	DEV-002H-APPS-SHARED-TESTS-INTAKE-20260628_004224.md	95	be49252d8aa799b8949f055e61f126908f2b55d267ff17e06bc3ca7245c5c4b5	apps/ndsp-governance-bridge/server.mjs	Candidate evidence only; manual verification required.
EVD-519c258132c7	GOVERNANCE_DISCOVERY	DOCUMENTATION_ONLY	backend/architecture/reports/DEV-002H-APPS-SHARED-TESTS-INTAKE-20260628_004224.md	DEV-002H-APPS-SHARED-TESTS-INTAKE-20260628_004224.md	110	be49252d8aa799b8949f055e61f126908f2b55d267ff17e06bc3ca7245c5c4b5	tests/ndsp_button_binding_audit.py	Candidate evidence only; manual verification required.
EVD-3d29d11550da	GOVERNANCE_DISCOVERY	DOCUMENTATION_ONLY	backend/architecture/reports/DEV-002H-APPS-SHARED-TESTS-INTAKE-20260628_004224.md	DEV-002H-APPS-SHARED-TESTS-INTAKE-20260628_004224.md	111	be49252d8aa799b8949f055e61f126908f2b55d267ff17e06bc3ca7245c5c4b5	tests/ndsp_button_binding_audit_v2.py	Candidate evidence only; manual verification required.
EVD-27f08661ac4e	GOVERNANCE_DISCOVERY	DOCUMENTATION_ONLY	backend/architecture/reports/DEV-002H-APPS-SHARED-TESTS-INTAKE-20260628_004224.md	DEV-002H-APPS-SHARED-TESTS-INTAKE-20260628_004224.md	112	be49252d8aa799b8949f055e61f126908f2b55d267ff17e06bc3ca7245c5c4b5	tests/ndsp_button_binding_audit_v3.py	Candidate evidence only; manual verification required.
EVD-97c6251f30b4	GOVERNANCE_DISCOVERY	DOCUMENTATION_ONLY	backend/architecture/reports/DEV-002H-APPS-SHARED-TESTS-INTAKE-20260628_004224.md	DEV-002H-APPS-SHARED-TESTS-INTAKE-20260628_004224.md	113	be49252d8aa799b8949f055e61f126908f2b55d267ff17e06bc3ca7245c5c4b5	tests/ndsp_button_binding_audit_v4.py	Candidate evidence only; manual verification required.
EVD-7e74f06ca6cf	GOVERNANCE_DISCOVERY	DOCUMENTATION_ONLY	backend/architecture/reports/DEV-002J-RESEARCH-DATA-REFERENCE-INTAKE-20260628_004658.md	DEV-002J-RESEARCH-DATA-REFERENCE-INTAKE-20260628_004658.md	60	492af93bbb98687f7c01fb20193905dd5ddbb028b4d51914b0209dd712d12523	research/nmp-lab/NMP_RESEARCH_LAB_POLICY.md	Candidate evidence only; manual verification required.
EVD-9a5e47167ad4	GOVERNANCE_DISCOVERY	DOCUMENTATION_ONLY	backend/architecture/reports/DEV-002K-FINAL-CLOSURE-20260628_004919.md	DEV-002K-FINAL-CLOSURE-20260628_004919.md	36	3f5b88530f6bcc6a839f0b2fd310fdb0387246d1c0bc190ece16a5560f1b4f65	abfaf3a docs(DEV-002E): intake policy docs and env examples	Candidate evidence only; manual verification required.
EVD-51d2fdeedbbe	GOVERNANCE_DISCOVERY	DOCUMENTATION_ONLY	backend/architecture/reports/DEV-002K-FINAL-CLOSURE-20260628_004919.md	DEV-002K-FINAL-CLOSURE-20260628_004919.md	41	3f5b88530f6bcc6a839f0b2fd310fdb0387246d1c0bc190ece16a5560f1b4f65	bb8f1ce chore(DEV-002): add repository hygiene policy	Candidate evidence only; manual verification required.
EVD-f6b0498b4611	GOVERNANCE_DISCOVERY	DOCUMENTATION_ONLY	backend/architecture/reports/DEV-002K-FINAL-CLOSURE-20260628_004919.md	DEV-002K-FINAL-CLOSURE-20260628_004919.md	42	3f5b88530f6bcc6a839f0b2fd310fdb0387246d1c0bc190ece16a5560f1b4f65	8f3b25a chore(DEV-001): register legacy services in toolkit governance	Candidate evidence only; manual verification required.
EVD-2a970b3559b4	GOVERNANCE_DISCOVERY	DOCUMENTATION_ONLY	backend/architecture/reports/DEV-003-PROJECT-VALIDATOR-FIRST-RUN-20260628_005402.md	DEV-003-PROJECT-VALIDATOR-FIRST-RUN-20260628_005402.md	36	fbba576e04cba11589c6a0806cb117e3c329e8332065762215bff3dd9ad96960	DGC-001 port=9079 file=/home/nawaf511/empire-core-new/backend/services/decision_governance_core/service.yaml	Candidate evidence only; manual verification required.
EVD-f656574fcf8a	GOVERNANCE_DISCOVERY	DOCUMENTATION_ONLY	backend/architecture/reports/DEV-003-PROJECT-VALIDATOR-FIRST-RUN-20260628_005402.md	DEV-003-PROJECT-VALIDATOR-FIRST-RUN-20260628_005402.md	52	fbba576e04cba11589c6a0806cb117e3c329e8332065762215bff3dd9ad96960	VALIDATING=/home/nawaf511/empire-core-new/backend/services/decision_governance_core	Candidate evidence only; manual verification required.
EVD-ee18ecb16ebf	GOVERNANCE_DISCOVERY	DOCUMENTATION_ONLY	backend/architecture/reports/DEV-003-PROJECT-VALIDATOR-FIRST-RUN-20260628_005402.md	DEV-003-PROJECT-VALIDATOR-FIRST-RUN-20260628_005402.md	55	fbba576e04cba11589c6a0806cb117e3c329e8332065762215bff3dd9ad96960	VALIDATION_PASS=REDACTED	Candidate evidence only; manual verification required.
EVD-18ef99a8e9d3	GOVERNANCE_DISCOVERY	DOCUMENTATION_ONLY	backend/architecture/reports/DEV-004-CI-VALIDATION-GATE-20260628_005857.md	DEV-004-CI-VALIDATION-GATE-20260628_005857.md	37	26f935716c77cc4f657c16fde876680aade488042a3e4adb3a88a4c39525da6f	DGC-001 port=9079 file=/home/nawaf511/empire-core-new/backend/services/decision_governance_core/service.yaml	Candidate evidence only; manual verification required.
EVD-bea494b9ffe3	GOVERNANCE_DISCOVERY	DOCUMENTATION_ONLY	backend/architecture/reports/DEV-004-CI-VALIDATION-GATE-20260628_005857.md	DEV-004-CI-VALIDATION-GATE-20260628_005857.md	53	26f935716c77cc4f657c16fde876680aade488042a3e4adb3a88a4c39525da6f	VALIDATING=/home/nawaf511/empire-core-new/backend/services/decision_governance_core	Candidate evidence only; manual verification required.
EVD-ad12902700b7	GOVERNANCE_DISCOVERY	DOCUMENTATION_ONLY	backend/architecture/reports/DEV-004-CI-VALIDATION-GATE-20260628_005857.md	DEV-004-CI-VALIDATION-GATE-20260628_005857.md	56	26f935716c77cc4f657c16fde876680aade488042a3e4adb3a88a4c39525da6f	VALIDATION_PASS=REDACTED	Candidate evidence only; manual verification required.
EVD-9cad62575219	GOVERNANCE_DISCOVERY	DOCUMENTATION_ONLY	backend/architecture/reports/DEV-005-ZERO-WARNING-VALIDATOR-20260628_010138.md	DEV-005-ZERO-WARNING-VALIDATOR-20260628_010138.md	35	dd50173b98a22ea3ee73973b9767a5f7c417fa85612381d9f8d40860e68df12b	DGC-001 port=9079 file=/home/nawaf511/empire-core-new/backend/services/decision_governance_core/service.yaml	Candidate evidence only; manual verification required.
EVD-8f1505968885	GOVERNANCE_DISCOVERY	DOCUMENTATION_ONLY	backend/architecture/reports/DEV-005-ZERO-WARNING-VALIDATOR-20260628_010138.md	DEV-005-ZERO-WARNING-VALIDATOR-20260628_010138.md	51	dd50173b98a22ea3ee73973b9767a5f7c417fa85612381d9f8d40860e68df12b	VALIDATING=/home/nawaf511/empire-core-new/backend/services/decision_governance_core	Candidate evidence only; manual verification required.
EVD-ea6beec1dd3c	GOVERNANCE_DISCOVERY	DOCUMENTATION_ONLY	backend/architecture/reports/DEV-005-ZERO-WARNING-VALIDATOR-20260628_010138.md	DEV-005-ZERO-WARNING-VALIDATOR-20260628_010138.md	54	dd50173b98a22ea3ee73973b9767a5f7c417fa85612381d9f8d40860e68df12b	VALIDATION_PASS=REDACTED	Candidate evidence only; manual verification required.
EVD-7ecd03aec64f	GOVERNANCE_DISCOVERY	DOCUMENTATION_ONLY	backend/architecture/reports/DEV-007-SERVICE-MIGRATION-PLAN-20260628_054150.md	DEV-007-SERVICE-MIGRATION-PLAN-20260628_054150.md	34	a6a1f5dd4a55ce3b2c3ee71527621dc69c0bf6369c32c3674cc46a66c1488b54	DGC-001 port=9079 file=/home/nawaf511/empire-core-new/backend/services/decision_governance_core/service.yaml	Candidate evidence only; manual verification required.
EVD-bba440a831e9	GOVERNANCE_DISCOVERY	DOCUMENTATION_ONLY	backend/architecture/reports/DEV-007-SERVICE-MIGRATION-PLAN-20260628_054150.md	DEV-007-SERVICE-MIGRATION-PLAN-20260628_054150.md	50	a6a1f5dd4a55ce3b2c3ee71527621dc69c0bf6369c32c3674cc46a66c1488b54	VALIDATING=/home/nawaf511/empire-core-new/backend/services/decision_governance_core	Candidate evidence only; manual verification required.
EVD-ec50d51eb1ce	GOVERNANCE_DISCOVERY	DOCUMENTATION_ONLY	backend/architecture/reports/DEV-007-SERVICE-MIGRATION-PLAN-20260628_054150.md	DEV-007-SERVICE-MIGRATION-PLAN-20260628_054150.md	53	a6a1f5dd4a55ce3b2c3ee71527621dc69c0bf6369c32c3674cc46a66c1488b54	VALIDATION_PASS=REDACTED	Candidate evidence only; manual verification required.
EVD-eb242c2a5ecc	GOVERNANCE_DISCOVERY	DOCUMENTATION_ONLY	backend/architecture/reports/DEV-008A-CDS-SNAPSHOT-20260628_055957.md	DEV-008A-CDS-SNAPSHOT-20260628_055957.md	34	49b6ec952dc5728b6d424c084a9c7f7a3a8b59b64be9f41112302f573d20593b	DGC-001 port=9079 file=/home/nawaf511/empire-core-new/backend/services/decision_governance_core/service.yaml	Candidate evidence only; manual verification required.
EVD-0a785b2d58fc	GOVERNANCE_DISCOVERY	DOCUMENTATION_ONLY	backend/architecture/reports/DEV-008A-CDS-SNAPSHOT-20260628_055957.md	DEV-008A-CDS-SNAPSHOT-20260628_055957.md	50	49b6ec952dc5728b6d424c084a9c7f7a3a8b59b64be9f41112302f573d20593b	VALIDATING=/home/nawaf511/empire-core-new/backend/services/decision_governance_core	Candidate evidence only; manual verification required.
EVD-a0baf096718e	GOVERNANCE_DISCOVERY	DOCUMENTATION_ONLY	backend/architecture/reports/DEV-008A-CDS-SNAPSHOT-20260628_055957.md	DEV-008A-CDS-SNAPSHOT-20260628_055957.md	53	49b6ec952dc5728b6d424c084a9c7f7a3a8b59b64be9f41112302f573d20593b	VALIDATION_PASS=REDACTED	Candidate evidence only; manual verification required.
EVD-9f4f9f10e93a	GOVERNANCE_DISCOVERY	DOCUMENTATION_ONLY	backend/architecture/reports/DEV-008A-CDS-SNAPSHOT-20260628_055957.md	DEV-008A-CDS-SNAPSHOT-20260628_055957.md	100	49b6ec952dc5728b6d424c084a9c7f7a3a8b59b64be9f41112302f573d20593b	version: 1.0.0	Candidate evidence only; manual verification required.
EVD-a702b924db25	GOVERNANCE_DISCOVERY	DOCUMENTATION_ONLY	backend/architecture/reports/DEV-008A-CDS-SNAPSHOT-20260628_055957.md	DEV-008A-CDS-SNAPSHOT-20260628_055957.md	133	49b6ec952dc5728b6d424c084a9c7f7a3a8b59b64be9f41112302f573d20593b	"/home/nawaf511/empire-core-new/backend/services/completed_decision/package.json:3:  ""version"": ""1.0.0"","	Candidate evidence only; manual verification required.
EVD-eaaccb04449f	GOVERNANCE_DISCOVERY	DOCUMENTATION_ONLY	backend/architecture/reports/DEV-008A-CDS-SNAPSHOT-20260628_055957.md	DEV-008A-CDS-SNAPSHOT-20260628_055957.md	141	49b6ec952dc5728b6d424c084a9c7f7a3a8b59b64be9f41112302f573d20593b	/home/nawaf511/empire-core-new/backend/services/completed_decision/main.cjs:291:      governance_version: 'v1.0',	Candidate evidence only; manual verification required.
EVD-214a4f1208f0	GOVERNANCE_DISCOVERY	DOCUMENTATION_ONLY	backend/architecture/reports/DEV-008A-CDS-SNAPSHOT-20260628_055957.md	DEV-008A-CDS-SNAPSHOT-20260628_055957.md	143	49b6ec952dc5728b6d424c084a9c7f7a3a8b59b64be9f41112302f573d20593b	/home/nawaf511/empire-core-new/backend/services/completed_decision/service.yaml:6:version: 1.0.0	Candidate evidence only; manual verification required.
EVD-44550fd3dd7f	GOVERNANCE_DISCOVERY	DOCUMENTATION_ONLY	backend/architecture/reports/DEV-008A-CDS-SNAPSHOT-20260628_060255.md	DEV-008A-CDS-SNAPSHOT-20260628_060255.md	34	00dc21d0eae552016d04cd790f4549a9205e7edc339055f5ca17b5daca456ee9	DGC-001 port=9079 file=/home/nawaf511/empire-core-new/backend/services/decision_governance_core/service.yaml	Candidate evidence only; manual verification required.
EVD-164241025ba2	GOVERNANCE_DISCOVERY	DOCUMENTATION_ONLY	backend/architecture/reports/DEV-008A-CDS-SNAPSHOT-20260628_060255.md	DEV-008A-CDS-SNAPSHOT-20260628_060255.md	50	00dc21d0eae552016d04cd790f4549a9205e7edc339055f5ca17b5daca456ee9	VALIDATING=/home/nawaf511/empire-core-new/backend/services/decision_governance_core	Candidate evidence only; manual verification required.
EVD-111fc592cfe5	GOVERNANCE_DISCOVERY	DOCUMENTATION_ONLY	backend/architecture/reports/DEV-008A-CDS-SNAPSHOT-20260628_060255.md	DEV-008A-CDS-SNAPSHOT-20260628_060255.md	53	00dc21d0eae552016d04cd790f4549a9205e7edc339055f5ca17b5daca456ee9	VALIDATION_PASS=REDACTED	Candidate evidence only; manual verification required.
EVD-4347a482f8e0	GOVERNANCE_DISCOVERY	DOCUMENTATION_ONLY	backend/architecture/reports/DEV-008A-CDS-SNAPSHOT-20260628_060255.md	DEV-008A-CDS-SNAPSHOT-20260628_060255.md	100	00dc21d0eae552016d04cd790f4549a9205e7edc339055f5ca17b5daca456ee9	version: 1.0.0	Candidate evidence only; manual verification required.
EVD-0a5a0fdeebaa	GOVERNANCE_DISCOVERY	DOCUMENTATION_ONLY	backend/architecture/reports/DEV-008A-CDS-SNAPSHOT-20260628_060255.md	DEV-008A-CDS-SNAPSHOT-20260628_060255.md	133	00dc21d0eae552016d04cd790f4549a9205e7edc339055f5ca17b5daca456ee9	"/home/nawaf511/empire-core-new/backend/services/completed_decision/package.json:3:  ""version"": ""1.0.0"","	Candidate evidence only; manual verification required.
EVD-e5846afc191a	GOVERNANCE_DISCOVERY	DOCUMENTATION_ONLY	backend/architecture/reports/DEV-008A-CDS-SNAPSHOT-20260628_060255.md	DEV-008A-CDS-SNAPSHOT-20260628_060255.md	141	00dc21d0eae552016d04cd790f4549a9205e7edc339055f5ca17b5daca456ee9	/home/nawaf511/empire-core-new/backend/services/completed_decision/main.cjs:291:      governance_version: 'v1.0',	Candidate evidence only; manual verification required.
EVD-d98675163da3	GOVERNANCE_DISCOVERY	DOCUMENTATION_ONLY	backend/architecture/reports/DEV-008A-CDS-SNAPSHOT-20260628_060255.md	DEV-008A-CDS-SNAPSHOT-20260628_060255.md	143	00dc21d0eae552016d04cd790f4549a9205e7edc339055f5ca17b5daca456ee9	/home/nawaf511/empire-core-new/backend/services/completed_decision/service.yaml:6:version: 1.0.0	Candidate evidence only; manual verification required.
EVD-d93cd855d296	GOVERNANCE_DISCOVERY	DOCUMENTATION_ONLY	backend/architecture/reports/DEV-008A-CDS-SNAPSHOT-20260628_060614.md	DEV-008A-CDS-SNAPSHOT-20260628_060614.md	34	f077288456c513514565c21e5c328a3ee970a6cbf9488932d0f8434846b9a003	DGC-001 port=9079 file=/home/nawaf511/empire-core-new/backend/services/decision_governance_core/service.yaml	Candidate evidence only; manual verification required.
EVD-cd6f100053a1	GOVERNANCE_DISCOVERY	DOCUMENTATION_ONLY	backend/architecture/reports/DEV-008A-CDS-SNAPSHOT-20260628_060614.md	DEV-008A-CDS-SNAPSHOT-20260628_060614.md	50	f077288456c513514565c21e5c328a3ee970a6cbf9488932d0f8434846b9a003	VALIDATING=/home/nawaf511/empire-core-new/backend/services/decision_governance_core	Candidate evidence only; manual verification required.
EVD-716a979ae364	GOVERNANCE_DISCOVERY	DOCUMENTATION_ONLY	backend/architecture/reports/DEV-008A-CDS-SNAPSHOT-20260628_060614.md	DEV-008A-CDS-SNAPSHOT-20260628_060614.md	53	f077288456c513514565c21e5c328a3ee970a6cbf9488932d0f8434846b9a003	VALIDATION_PASS=REDACTED	Candidate evidence only; manual verification required.
EVD-20fd8be5af56	GOVERNANCE_DISCOVERY	DOCUMENTATION_ONLY	backend/architecture/reports/DEV-008A-CDS-SNAPSHOT-20260628_060614.md	DEV-008A-CDS-SNAPSHOT-20260628_060614.md	100	f077288456c513514565c21e5c328a3ee970a6cbf9488932d0f8434846b9a003	version: 1.0.0	Candidate evidence only; manual verification required.
EVD-e2bb8e0c88a0	GOVERNANCE_DISCOVERY	DOCUMENTATION_ONLY	backend/architecture/reports/DEV-008A-CDS-SNAPSHOT-20260628_060614.md	DEV-008A-CDS-SNAPSHOT-20260628_060614.md	133	f077288456c513514565c21e5c328a3ee970a6cbf9488932d0f8434846b9a003	"/home/nawaf511/empire-core-new/backend/services/completed_decision/package.json:3:  ""version"": ""1.0.0"","	Candidate evidence only; manual verification required.
EVD-5c2da0065653	GOVERNANCE_DISCOVERY	DOCUMENTATION_ONLY	backend/architecture/reports/DEV-008A-CDS-SNAPSHOT-20260628_060614.md	DEV-008A-CDS-SNAPSHOT-20260628_060614.md	141	f077288456c513514565c21e5c328a3ee970a6cbf9488932d0f8434846b9a003	/home/nawaf511/empire-core-new/backend/services/completed_decision/main.cjs:291:      governance_version: 'v1.0',	Candidate evidence only; manual verification required.
EVD-f80795ccfc6d	GOVERNANCE_DISCOVERY	DOCUMENTATION_ONLY	backend/architecture/reports/DEV-008A-CDS-SNAPSHOT-20260628_060614.md	DEV-008A-CDS-SNAPSHOT-20260628_060614.md	143	f077288456c513514565c21e5c328a3ee970a6cbf9488932d0f8434846b9a003	/home/nawaf511/empire-core-new/backend/services/completed_decision/service.yaml:6:version: 1.0.0	Candidate evidence only; manual verification required.
EVD-5cdf61b4e96f	GOVERNANCE_DISCOVERY	DOCUMENTATION_ONLY	backend/architecture/reports/DEV-008A-CDS-SNAPSHOT-20260628_060917.md	DEV-008A-CDS-SNAPSHOT-20260628_060917.md	34	a84a0146e4ba2b323348086b4a34c3d424195a10fe16dedebe67df1b303b15f9	DGC-001 port=9079 file=/home/nawaf511/empire-core-new/backend/services/decision_governance_core/service.yaml	Candidate evidence only; manual verification required.
EVD-1858d805dccf	GOVERNANCE_DISCOVERY	DOCUMENTATION_ONLY	backend/architecture/reports/DEV-008A-CDS-SNAPSHOT-20260628_060917.md	DEV-008A-CDS-SNAPSHOT-20260628_060917.md	50	a84a0146e4ba2b323348086b4a34c3d424195a10fe16dedebe67df1b303b15f9	VALIDATING=/home/nawaf511/empire-core-new/backend/services/decision_governance_core	Candidate evidence only; manual verification required.
EVD-24f275e25154	GOVERNANCE_DISCOVERY	DOCUMENTATION_ONLY	backend/architecture/reports/DEV-008A-CDS-SNAPSHOT-20260628_060917.md	DEV-008A-CDS-SNAPSHOT-20260628_060917.md	53	a84a0146e4ba2b323348086b4a34c3d424195a10fe16dedebe67df1b303b15f9	VALIDATION_PASS=REDACTED	Candidate evidence only; manual verification required.
EVD-90f1020aa7ca	GOVERNANCE_DISCOVERY	DOCUMENTATION_ONLY	backend/architecture/reports/DEV-008A-CDS-SNAPSHOT-20260628_060917.md	DEV-008A-CDS-SNAPSHOT-20260628_060917.md	100	a84a0146e4ba2b323348086b4a34c3d424195a10fe16dedebe67df1b303b15f9	version: 1.0.0	Candidate evidence only; manual verification required.
EVD-aa934539d481	GOVERNANCE_DISCOVERY	DOCUMENTATION_ONLY	backend/architecture/reports/DEV-008A-CDS-SNAPSHOT-20260628_060917.md	DEV-008A-CDS-SNAPSHOT-20260628_060917.md	133	a84a0146e4ba2b323348086b4a34c3d424195a10fe16dedebe67df1b303b15f9	"/home/nawaf511/empire-core-new/backend/services/completed_decision/package.json:3:  ""version"": ""1.0.0"","	Candidate evidence only; manual verification required.
EVD-02ef056576f9	GOVERNANCE_DISCOVERY	DOCUMENTATION_ONLY	backend/architecture/reports/DEV-008A-CDS-SNAPSHOT-20260628_060917.md	DEV-008A-CDS-SNAPSHOT-20260628_060917.md	141	a84a0146e4ba2b323348086b4a34c3d424195a10fe16dedebe67df1b303b15f9	/home/nawaf511/empire-core-new/backend/services/completed_decision/main.cjs:291:      governance_version: 'v1.0',	Candidate evidence only; manual verification required.
EVD-5f15ed525c05	GOVERNANCE_DISCOVERY	DOCUMENTATION_ONLY	backend/architecture/reports/DEV-008A-CDS-SNAPSHOT-20260628_060917.md	DEV-008A-CDS-SNAPSHOT-20260628_060917.md	143	a84a0146e4ba2b323348086b4a34c3d424195a10fe16dedebe67df1b303b15f9	/home/nawaf511/empire-core-new/backend/services/completed_decision/service.yaml:6:version: 1.0.0	Candidate evidence only; manual verification required.
EVD-7e0101cf81da	GOVERNANCE_DISCOVERY	DOCUMENTATION_ONLY	backend/architecture/reports/DEV-008A-CDS-SNAPSHOT-20260628_061140.md	DEV-008A-CDS-SNAPSHOT-20260628_061140.md	34	ccf0f41d6406ca6d60858ba08f6119cade7879182f6f827d8808c4188c2cd661	DGC-001 port=9079 file=/home/nawaf511/empire-core-new/backend/services/decision_governance_core/service.yaml	Candidate evidence only; manual verification required.
EVD-1c8c79813b8b	GOVERNANCE_DISCOVERY	DOCUMENTATION_ONLY	backend/architecture/reports/DEV-008A-CDS-SNAPSHOT-20260628_061140.md	DEV-008A-CDS-SNAPSHOT-20260628_061140.md	50	ccf0f41d6406ca6d60858ba08f6119cade7879182f6f827d8808c4188c2cd661	VALIDATING=/home/nawaf511/empire-core-new/backend/services/decision_governance_core	Candidate evidence only; manual verification required.
EVD-4b9524266cb6	GOVERNANCE_DISCOVERY	DOCUMENTATION_ONLY	backend/architecture/reports/DEV-008A-CDS-SNAPSHOT-20260628_061140.md	DEV-008A-CDS-SNAPSHOT-20260628_061140.md	53	ccf0f41d6406ca6d60858ba08f6119cade7879182f6f827d8808c4188c2cd661	VALIDATION_PASS=REDACTED	Candidate evidence only; manual verification required.
EVD-7e485866fcd9	GOVERNANCE_DISCOVERY	DOCUMENTATION_ONLY	backend/architecture/reports/DEV-008A-CDS-SNAPSHOT-20260628_061140.md	DEV-008A-CDS-SNAPSHOT-20260628_061140.md	98	ccf0f41d6406ca6d60858ba08f6119cade7879182f6f827d8808c4188c2cd661	version: 1.0.0	Candidate evidence only; manual verification required.
EVD-43b5730233f9	GOVERNANCE_DISCOVERY	DOCUMENTATION_ONLY	backend/architecture/reports/DEV-008A-CDS-SNAPSHOT-20260628_061140.md	DEV-008A-CDS-SNAPSHOT-20260628_061140.md	129	ccf0f41d6406ca6d60858ba08f6119cade7879182f6f827d8808c4188c2cd661	"/home/nawaf511/empire-core-new/backend/services/completed_decision/package.json:3:  ""version"": ""1.0.0"","	Candidate evidence only; manual verification required.
EVD-aef6502ffe94	GOVERNANCE_DISCOVERY	DOCUMENTATION_ONLY	backend/architecture/reports/DEV-008A-CDS-SNAPSHOT-20260628_061140.md	DEV-008A-CDS-SNAPSHOT-20260628_061140.md	137	ccf0f41d6406ca6d60858ba08f6119cade7879182f6f827d8808c4188c2cd661	/home/nawaf511/empire-core-new/backend/services/completed_decision/main.cjs:291:      governance_version: 'v1.0',	Candidate evidence only; manual verification required.
EVD-3624dbdce56e	GOVERNANCE_DISCOVERY	DOCUMENTATION_ONLY	backend/architecture/reports/DEV-008A-CDS-SNAPSHOT-20260628_061140.md	DEV-008A-CDS-SNAPSHOT-20260628_061140.md	139	ccf0f41d6406ca6d60858ba08f6119cade7879182f6f827d8808c4188c2cd661	/home/nawaf511/empire-core-new/backend/services/completed_decision/service.yaml:6:version: 1.0.0	Candidate evidence only; manual verification required.
EVD-e4f3d5bdc9b6	GOVERNANCE_DISCOVERY	DOCUMENTATION_ONLY	backend/architecture/reports/DEV-008A-CDS-SNAPSHOT-20260628_061520.md	DEV-008A-CDS-SNAPSHOT-20260628_061520.md	34	26392a49a191f051f6af6e76f5489dec82d20316f23d548dc4cab53976d5631f	DGC-001 port=9079 file=/home/nawaf511/empire-core-new/backend/services/decision_governance_core/service.yaml	Candidate evidence only; manual verification required.
EVD-4c6a0994fa94	GOVERNANCE_DISCOVERY	DOCUMENTATION_ONLY	backend/architecture/reports/DEV-008A-CDS-SNAPSHOT-20260628_061520.md	DEV-008A-CDS-SNAPSHOT-20260628_061520.md	50	26392a49a191f051f6af6e76f5489dec82d20316f23d548dc4cab53976d5631f	VALIDATING=/home/nawaf511/empire-core-new/backend/services/decision_governance_core	Candidate evidence only; manual verification required.
EVD-183a58e86efe	GOVERNANCE_DISCOVERY	DOCUMENTATION_ONLY	backend/architecture/reports/DEV-008A-CDS-SNAPSHOT-20260628_061520.md	DEV-008A-CDS-SNAPSHOT-20260628_061520.md	53	26392a49a191f051f6af6e76f5489dec82d20316f23d548dc4cab53976d5631f	VALIDATION_PASS=REDACTED	Candidate evidence only; manual verification required.
EVD-2cd0c87452b9	GOVERNANCE_DISCOVERY	DOCUMENTATION_ONLY	backend/architecture/reports/DEV-008A-CDS-SNAPSHOT-20260628_061520.md	DEV-008A-CDS-SNAPSHOT-20260628_061520.md	98	26392a49a191f051f6af6e76f5489dec82d20316f23d548dc4cab53976d5631f	version: 1.0.0	Candidate evidence only; manual verification required.
EVD-be9c942e45b8	GOVERNANCE_DISCOVERY	DOCUMENTATION_ONLY	backend/architecture/reports/DEV-008A-CDS-SNAPSHOT-20260628_061520.md	DEV-008A-CDS-SNAPSHOT-20260628_061520.md	129	26392a49a191f051f6af6e76f5489dec82d20316f23d548dc4cab53976d5631f	"/home/nawaf511/empire-core-new/backend/services/completed_decision/package.json:3:  ""version"": ""1.0.0"","	Candidate evidence only; manual verification required.
EVD-b260bd9c1e6d	GOVERNANCE_DISCOVERY	DOCUMENTATION_ONLY	backend/architecture/reports/DEV-008A-CDS-SNAPSHOT-20260628_061520.md	DEV-008A-CDS-SNAPSHOT-20260628_061520.md	137	26392a49a191f051f6af6e76f5489dec82d20316f23d548dc4cab53976d5631f	/home/nawaf511/empire-core-new/backend/services/completed_decision/main.cjs:291:      governance_version: 'v1.0',	Candidate evidence only; manual verification required.
EVD-827be1ce02c2	GOVERNANCE_DISCOVERY	DOCUMENTATION_ONLY	backend/architecture/reports/DEV-008A-CDS-SNAPSHOT-20260628_061520.md	DEV-008A-CDS-SNAPSHOT-20260628_061520.md	139	26392a49a191f051f6af6e76f5489dec82d20316f23d548dc4cab53976d5631f	/home/nawaf511/empire-core-new/backend/services/completed_decision/service.yaml:6:version: 1.0.0	Candidate evidence only; manual verification required.
EVD-50a6267c157f	GOVERNANCE_DISCOVERY	DOCUMENTATION_ONLY	backend/architecture/reports/DEV-008B-CDS-ENG001-ADAPTER-20260628_062252.md	DEV-008B-CDS-ENG001-ADAPTER-20260628_062252.md	38	f4c49e1e6e49eca70dce17aaee5aa2c0e5447ead8f0f953ab6509aadc8320ed9	DGC-001 port=9079 file=/home/nawaf511/empire-core-new/backend/services/decision_governance_core/service.yaml	Candidate evidence only; manual verification required.
EVD-0575cf1aee9f	GOVERNANCE_DISCOVERY	DOCUMENTATION_ONLY	backend/architecture/reports/DEV-008B-CDS-ENG001-ADAPTER-20260628_062252.md	DEV-008B-CDS-ENG001-ADAPTER-20260628_062252.md	52	f4c49e1e6e49eca70dce17aaee5aa2c0e5447ead8f0f953ab6509aadc8320ed9	VALIDATING=/home/nawaf511/empire-core-new/backend/services/decision_governance_core	Candidate evidence only; manual verification required.
EVD-c4a791e643b3	GOVERNANCE_DISCOVERY	DOCUMENTATION_ONLY	backend/architecture/reports/DEV-008B-CDS-ENG001-ADAPTER-20260628_062252.md	DEV-008B-CDS-ENG001-ADAPTER-20260628_062252.md	55	f4c49e1e6e49eca70dce17aaee5aa2c0e5447ead8f0f953ab6509aadc8320ed9	VALIDATION_PASS=REDACTED	Candidate evidence only; manual verification required.
EVD-78083f41a691	GOVERNANCE_DISCOVERY	DOCUMENTATION_ONLY	backend/architecture/reports/DEV-008C-CDS-RUNTIME-SMOKE-20260628_062723.md	DEV-008C-CDS-RUNTIME-SMOKE-20260628_062723.md	34	2498c571788dcb037dc94809ed957fbc3cbd0d3bee56b6aa051c2d21c8d28b79	DGC-001 port=9079 file=/home/nawaf511/empire-core-new/backend/services/decision_governance_core/service.yaml	Candidate evidence only; manual verification required.
EVD-793b98c8ab90	GOVERNANCE_DISCOVERY	DOCUMENTATION_ONLY	backend/architecture/reports/DEV-008C-CDS-RUNTIME-SMOKE-20260628_062723.md	DEV-008C-CDS-RUNTIME-SMOKE-20260628_062723.md	48	2498c571788dcb037dc94809ed957fbc3cbd0d3bee56b6aa051c2d21c8d28b79	VALIDATING=/home/nawaf511/empire-core-new/backend/services/decision_governance_core	Candidate evidence only; manual verification required.
EVD-72ad384e3a7d	GOVERNANCE_DISCOVERY	DOCUMENTATION_ONLY	backend/architecture/reports/DEV-008C-CDS-RUNTIME-SMOKE-20260628_062723.md	DEV-008C-CDS-RUNTIME-SMOKE-20260628_062723.md	51	2498c571788dcb037dc94809ed957fbc3cbd0d3bee56b6aa051c2d21c8d28b79	VALIDATION_PASS=REDACTED	Candidate evidence only; manual verification required.
EVD-ae114334a92c	GOVERNANCE_DISCOVERY	DOCUMENTATION_ONLY	backend/architecture/reports/DEV-008C-CDS-RUNTIME-SMOKE-20260628_062723.md	DEV-008C-CDS-RUNTIME-SMOKE-20260628_062723.md	93	2498c571788dcb037dc94809ed957fbc3cbd0d3bee56b6aa051c2d21c8d28b79	GET /version	Candidate evidence only; manual verification required.
EVD-717b520435df	GOVERNANCE_DISCOVERY	DOCUMENTATION_ONLY	backend/architecture/reports/DEV-008C-CDS-RUNTIME-SMOKE-20260628_062723.md	DEV-008C-CDS-RUNTIME-SMOKE-20260628_062723.md	97	2498c571788dcb037dc94809ed957fbc3cbd0d3bee56b6aa051c2d21c8d28b79	decision_support_only_governance=PASS	Candidate evidence only; manual verification required.
EVD-01750629d85d	GOVERNANCE_DISCOVERY	DOCUMENTATION_ONLY	backend/architecture/reports/DEV-008D-CDS-DEPENDENCY-CHECK-20260628_063610.md	DEV-008D-CDS-DEPENDENCY-CHECK-20260628_063610.md	34	91d737e74f9628711add91e619cb828c4585a7492cca072d981ded2ec631fde1	DGC-001 port=9079 file=/home/nawaf511/empire-core-new/backend/services/decision_governance_core/service.yaml	Candidate evidence only; manual verification required.
EVD-d500dd83da66	GOVERNANCE_DISCOVERY	DOCUMENTATION_ONLY	backend/architecture/reports/DEV-008D-CDS-DEPENDENCY-CHECK-20260628_063610.md	DEV-008D-CDS-DEPENDENCY-CHECK-20260628_063610.md	48	91d737e74f9628711add91e619cb828c4585a7492cca072d981ded2ec631fde1	VALIDATING=/home/nawaf511/empire-core-new/backend/services/decision_governance_core	Candidate evidence only; manual verification required.
EVD-b813cefc527d	GOVERNANCE_DISCOVERY	DOCUMENTATION_ONLY	backend/architecture/reports/DEV-008D-CDS-DEPENDENCY-CHECK-20260628_063610.md	DEV-008D-CDS-DEPENDENCY-CHECK-20260628_063610.md	51	91d737e74f9628711add91e619cb828c4585a7492cca072d981ded2ec631fde1	VALIDATION_PASS=REDACTED	Candidate evidence only; manual verification required.
EVD-f1938bcc8757	GOVERNANCE_DISCOVERY	DOCUMENTATION_ONLY	backend/architecture/reports/DEV-008D-CDS-DEPENDENCY-CHECK-20260628_063610.md	DEV-008D-CDS-DEPENDENCY-CHECK-20260628_063610.md	104	91d737e74f9628711add91e619cb828c4585a7492cca072d981ded2ec631fde1	GET /version registered by adapter	Candidate evidence only; manual verification required.
EVD-ce4f14e4a764	GOVERNANCE_DISCOVERY	DOCUMENTATION_ONLY	backend/architecture/reports/DEV-008E-CDS-SAFE-RUNTIME-SMOKE-20260628_064307.md	DEV-008E-CDS-SAFE-RUNTIME-SMOKE-20260628_064307.md	34	34b3ba27526aaeb732d6dfa4de7b18a805cb0c9654db597e3898e331f41be2f6	DGC-001 port=9079 file=/home/nawaf511/empire-core-new/backend/services/decision_governance_core/service.yaml	Candidate evidence only; manual verification required.
EVD-8d0f52ab8d3c	GOVERNANCE_DISCOVERY	DOCUMENTATION_ONLY	backend/architecture/reports/DEV-008E-CDS-SAFE-RUNTIME-SMOKE-20260628_064307.md	DEV-008E-CDS-SAFE-RUNTIME-SMOKE-20260628_064307.md	48	34b3ba27526aaeb732d6dfa4de7b18a805cb0c9654db597e3898e331f41be2f6	VALIDATING=/home/nawaf511/empire-core-new/backend/services/decision_governance_core	Candidate evidence only; manual verification required.
EVD-f8854d309b82	GOVERNANCE_DISCOVERY	DOCUMENTATION_ONLY	backend/architecture/reports/DEV-008E-CDS-SAFE-RUNTIME-SMOKE-20260628_064307.md	DEV-008E-CDS-SAFE-RUNTIME-SMOKE-20260628_064307.md	51	34b3ba27526aaeb732d6dfa4de7b18a805cb0c9654db597e3898e331f41be2f6	VALIDATION_PASS=REDACTED	Candidate evidence only; manual verification required.
EVD-3948c7e18b61	GOVERNANCE_DISCOVERY	DOCUMENTATION_ONLY	backend/architecture/reports/DEV-008E-CDS-SAFE-RUNTIME-SMOKE-20260628_064307.md	DEV-008E-CDS-SAFE-RUNTIME-SMOKE-20260628_064307.md	89	34b3ba27526aaeb732d6dfa4de7b18a805cb0c9654db597e3898e331f41be2f6	VERSION_CHECK=PASS	Candidate evidence only; manual verification required.
EVD-5f3e1084e044	GOVERNANCE_DISCOVERY	DOCUMENTATION_ONLY	backend/architecture/reports/DEV-008E-CDS-SAFE-RUNTIME-SMOKE-20260628_064307.md	DEV-008E-CDS-SAFE-RUNTIME-SMOKE-20260628_064307.md	96	34b3ba27526aaeb732d6dfa4de7b18a805cb0c9654db597e3898e331f41be2f6	GET /version	Candidate evidence only; manual verification required.
EVD-4174040b0c8a	GOVERNANCE_DISCOVERY	DOCUMENTATION_ONLY	backend/architecture/reports/DEV-008E-CDS-SAFE-RUNTIME-SMOKE-20260628_064307.md	DEV-008E-CDS-SAFE-RUNTIME-SMOKE-20260628_064307.md	102	34b3ba27526aaeb732d6dfa4de7b18a805cb0c9654db597e3898e331f41be2f6	decision_support_only_governance=PASS	Candidate evidence only; manual verification required.
EVD-be920ec84e46	GOVERNANCE_DISCOVERY	DOCUMENTATION_ONLY	backend/architecture/reports/DEV-008F-CDS-MIGRATION-CLOSURE-20260628_064451.md	DEV-008F-CDS-MIGRATION-CLOSURE-20260628_064451.md	34	21ade97a656e2ff88ba386c35466c9c292f5548552acfd6ed512e6261d062725	DGC-001 port=9079 file=/home/nawaf511/empire-core-new/backend/services/decision_governance_core/service.yaml	Candidate evidence only; manual verification required.
EVD-c06f256ef972	GOVERNANCE_DISCOVERY	DOCUMENTATION_ONLY	backend/architecture/reports/DEV-008F-CDS-MIGRATION-CLOSURE-20260628_064451.md	DEV-008F-CDS-MIGRATION-CLOSURE-20260628_064451.md	48	21ade97a656e2ff88ba386c35466c9c292f5548552acfd6ed512e6261d062725	VALIDATING=/home/nawaf511/empire-core-new/backend/services/decision_governance_core	Candidate evidence only; manual verification required.
EVD-c776ffebc6c1	GOVERNANCE_DISCOVERY	DOCUMENTATION_ONLY	backend/architecture/reports/DEV-008F-CDS-MIGRATION-CLOSURE-20260628_064451.md	DEV-008F-CDS-MIGRATION-CLOSURE-20260628_064451.md	51	21ade97a656e2ff88ba386c35466c9c292f5548552acfd6ed512e6261d062725	VALIDATION_PASS=REDACTED	Candidate evidence only; manual verification required.
EVD-b66fd1826e57	GOVERNANCE_DISCOVERY	DOCUMENTATION_ONLY	backend/architecture/reports/DEV-008F-CDS-MIGRATION-CLOSURE-20260628_064451.md	DEV-008F-CDS-MIGRATION-CLOSURE-20260628_064451.md	105	21ade97a656e2ff88ba386c35466c9c292f5548552acfd6ed512e6261d062725	DEV-009A — Snapshot DGC-001 Decision Governance Core before migration.	Candidate evidence only; manual verification required.
EVD-14254459184a	GOVERNANCE_DISCOVERY	DOCUMENTATION_ONLY	backend/architecture/reports/DEV-009A-DGC-SNAPSHOT-20260628_144708.md	DEV-009A-DGC-SNAPSHOT-20260628_144708.md	1	a492a95885f14c70ffcf9617dd8a624134a68b86bb9488ecca54dea5f108d1c4	# DEV-009A — DGC-001 Decision Governance Core Snapshot	Candidate evidence only; manual verification required.
EVD-b10bef943c80	GOVERNANCE_DISCOVERY	DOCUMENTATION_ONLY	backend/architecture/reports/DEV-009A-DGC-SNAPSHOT-20260628_144708.md	DEV-009A-DGC-SNAPSHOT-20260628_144708.md	14	a492a95885f14c70ffcf9617dd8a624134a68b86bb9488ecca54dea5f108d1c4	service_name: Decision Governance Core	Candidate evidence only; manual verification required.
EVD-aca9385b4395	GOVERNANCE_DISCOVERY	DOCUMENTATION_ONLY	backend/architecture/reports/DEV-009A-DGC-SNAPSHOT-20260628_144708.md	DEV-009A-DGC-SNAPSHOT-20260628_144708.md	16	a492a95885f14c70ffcf9617dd8a624134a68b86bb9488ecca54dea5f108d1c4	domain: Decision Governance	Candidate evidence only; manual verification required.
EVD-8685d94a9907	GOVERNANCE_DISCOVERY	DOCUMENTATION_ONLY	backend/architecture/reports/DEV-009A-DGC-SNAPSHOT-20260628_144708.md	DEV-009A-DGC-SNAPSHOT-20260628_144708.md	18	a492a95885f14c70ffcf9617dd8a624134a68b86bb9488ecca54dea5f108d1c4	version: 1.0.0	Candidate evidence only; manual verification required.
EVD-4edcff921f2a	GOVERNANCE_DISCOVERY	DOCUMENTATION_ONLY	backend/architecture/reports/DEV-009A-DGC-SNAPSHOT-20260628_144708.md	DEV-009A-DGC-SNAPSHOT-20260628_144708.md	29	a492a95885f14c70ffcf9617dd8a624134a68b86bb9488ecca54dea5f108d1c4	systemd: ndsp-decision_governance_core.service	Candidate evidence only; manual verification required.
EVD-1bfa9e05cfa4	GOVERNANCE_DISCOVERY	DOCUMENTATION_ONLY	backend/architecture/reports/DEV-009A-DGC-SNAPSHOT-20260628_144708.md	DEV-009A-DGC-SNAPSHOT-20260628_144708.md	34	a492a95885f14c70ffcf9617dd8a624134a68b86bb9488ecca54dea5f108d1c4	backend/services/decision_governance_core/CHANGELOG.md	Candidate evidence only; manual verification required.
EVD-4e8448a14db8	GOVERNANCE_DISCOVERY	DOCUMENTATION_ONLY	backend/architecture/reports/DEV-009A-DGC-SNAPSHOT-20260628_144708.md	DEV-009A-DGC-SNAPSHOT-20260628_144708.md	35	a492a95885f14c70ffcf9617dd8a624134a68b86bb9488ecca54dea5f108d1c4	backend/services/decision_governance_core/config/default.env	Candidate evidence only; manual verification required.
EVD-7e9f24265ea0	GOVERNANCE_DISCOVERY	DOCUMENTATION_ONLY	backend/architecture/reports/DEV-009A-DGC-SNAPSHOT-20260628_144708.md	DEV-009A-DGC-SNAPSHOT-20260628_144708.md	36	a492a95885f14c70ffcf9617dd8a624134a68b86bb9488ecca54dea5f108d1c4	backend/services/decision_governance_core/contracts/DGC-001-CONTRACT.md	Candidate evidence only; manual verification required.
EVD-59ed02ec91fb	GOVERNANCE_DISCOVERY	DOCUMENTATION_ONLY	backend/architecture/reports/DEV-009A-DGC-SNAPSHOT-20260628_144708.md	DEV-009A-DGC-SNAPSHOT-20260628_144708.md	37	a492a95885f14c70ffcf9617dd8a624134a68b86bb9488ecca54dea5f108d1c4	backend/services/decision_governance_core/docs/ARCHITECTURE.md	Candidate evidence only; manual verification required.
EVD-b82936aa3900	GOVERNANCE_DISCOVERY	DOCUMENTATION_ONLY	backend/architecture/reports/DEV-009A-DGC-SNAPSHOT-20260628_144708.md	DEV-009A-DGC-SNAPSHOT-20260628_144708.md	38	a492a95885f14c70ffcf9617dd8a624134a68b86bb9488ecca54dea5f108d1c4	backend/services/decision_governance_core/docs/README.md	Candidate evidence only; manual verification required.
EVD-043082e2daec	GOVERNANCE_DISCOVERY	DOCUMENTATION_ONLY	backend/architecture/reports/DEV-009A-DGC-SNAPSHOT-20260628_144708.md	DEV-009A-DGC-SNAPSHOT-20260628_144708.md	39	a492a95885f14c70ffcf9617dd8a624134a68b86bb9488ecca54dea5f108d1c4	backend/services/decision_governance_core/main.cjs	Candidate evidence only; manual verification required.
EVD-cb7af6f9b939	GOVERNANCE_DISCOVERY	DOCUMENTATION_ONLY	backend/architecture/reports/DEV-009A-DGC-SNAPSHOT-20260628_144708.md	DEV-009A-DGC-SNAPSHOT-20260628_144708.md	40	a492a95885f14c70ffcf9617dd8a624134a68b86bb9488ecca54dea5f108d1c4	backend/services/decision_governance_core/package.json	Candidate evidence only; manual verification required.
EVD-c279db015dff	GOVERNANCE_DISCOVERY	DOCUMENTATION_ONLY	backend/architecture/reports/DEV-009A-DGC-SNAPSHOT-20260628_144708.md	DEV-009A-DGC-SNAPSHOT-20260628_144708.md	41	a492a95885f14c70ffcf9617dd8a624134a68b86bb9488ecca54dea5f108d1c4	backend/services/decision_governance_core/README.md	Candidate evidence only; manual verification required.
EVD-c3eccf72fa90	GOVERNANCE_DISCOVERY	DOCUMENTATION_ONLY	backend/architecture/reports/DEV-009A-DGC-SNAPSHOT-20260628_144708.md	DEV-009A-DGC-SNAPSHOT-20260628_144708.md	42	a492a95885f14c70ffcf9617dd8a624134a68b86bb9488ecca54dea5f108d1c4	backend/services/decision_governance_core/service.yaml	Candidate evidence only; manual verification required.
EVD-4b3ffba7c6c4	GOVERNANCE_DISCOVERY	DOCUMENTATION_ONLY	backend/architecture/reports/DEV-009A-DGC-SNAPSHOT-20260628_144708.md	DEV-009A-DGC-SNAPSHOT-20260628_144708.md	43	a492a95885f14c70ffcf9617dd8a624134a68b86bb9488ecca54dea5f108d1c4	backend/services/decision_governance_core/systemd/ndsp-decision_governance_core.service	Candidate evidence only; manual verification required.
EVD-c489177a1505	GOVERNANCE_DISCOVERY	DOCUMENTATION_ONLY	backend/architecture/reports/DEV-009A-DGC-SNAPSHOT-20260628_144708.md	DEV-009A-DGC-SNAPSHOT-20260628_144708.md	44	a492a95885f14c70ffcf9617dd8a624134a68b86bb9488ecca54dea5f108d1c4	backend/services/decision_governance_core/tests/legacy-structure.test.sh	Candidate evidence only; manual verification required.
EVD-3726f92f78a6	GOVERNANCE_DISCOVERY	DOCUMENTATION_ONLY	backend/architecture/reports/DEV-009A-DGC-SNAPSHOT-20260628_144708.md	DEV-009A-DGC-SNAPSHOT-20260628_144708.md	49	a492a95885f14c70ffcf9617dd8a624134a68b86bb9488ecca54dea5f108d1c4	/home/nawaf511/empire-core-new/backend/services/decision_governance_core/systemd/ndsp-decision_governance_core.service:8:WorkingDirectory=/home/nawaf511/empire-core-new/backend/services/decision_governance_core	Candidate evidence only; manual verification required.
EVD-d6ebd93eac49	GOVERNANCE_DISCOVERY	DOCUMENTATION_ONLY	backend/architecture/reports/DEV-009A-DGC-SNAPSHOT-20260628_144708.md	DEV-009A-DGC-SNAPSHOT-20260628_144708.md	50	a492a95885f14c70ffcf9617dd8a624134a68b86bb9488ecca54dea5f108d1c4	/home/nawaf511/empire-core-new/backend/services/decision_governance_core/systemd/ndsp-decision_governance_core.service:12:ExecStart=/usr/bin/node /home/nawaf511/empire-core-new/backend/services/decision_governance_core/main.cjs	Candidate evidence only; manual verification required.
EVD-9a45d96ce47a	GOVERNANCE_DISCOVERY	DOCUMENTATION_ONLY	backend/architecture/reports/DEV-009A-DGC-SNAPSHOT-20260628_144708.md	DEV-009A-DGC-SNAPSHOT-20260628_144708.md	51	a492a95885f14c70ffcf9617dd8a624134a68b86bb9488ecca54dea5f108d1c4	"/home/nawaf511/empire-core-new/backend/services/decision_governance_core/package.json:2:  ""name"": ""ndsp-decision-governance-core"","	Candidate evidence only; manual verification required.
EVD-b370ea55e059	GOVERNANCE_DISCOVERY	DOCUMENTATION_ONLY	backend/architecture/reports/DEV-009A-DGC-SNAPSHOT-20260628_144708.md	DEV-009A-DGC-SNAPSHOT-20260628_144708.md	52	a492a95885f14c70ffcf9617dd8a624134a68b86bb9488ecca54dea5f108d1c4	"/home/nawaf511/empire-core-new/backend/services/decision_governance_core/package.json:3:  ""version"": ""1.0.0"","	Candidate evidence only; manual verification required.
EVD-7ef5d7c5143c	GOVERNANCE_DISCOVERY	DOCUMENTATION_ONLY	backend/architecture/reports/DEV-009A-DGC-SNAPSHOT-20260628_144937.md	DEV-009A-DGC-SNAPSHOT-20260628_144937.md	1	e7fe02564ead05f75c74cc44d78fcf812ec4a1ae6040b3c63ec75e1022a2de93	# DEV-009A — DGC-001 Decision Governance Core Snapshot	Candidate evidence only; manual verification required.
EVD-6c9237dac7b2	GOVERNANCE_DISCOVERY	DOCUMENTATION_ONLY	backend/architecture/reports/DEV-009A-DGC-SNAPSHOT-20260628_144937.md	DEV-009A-DGC-SNAPSHOT-20260628_144937.md	5	e7fe02564ead05f75c74cc44d78fcf812ec4a1ae6040b3c63ec75e1022a2de93	Head: 68d3f61 docs(DEV-009A): snapshot decision governance core	Candidate evidence only; manual verification required.
EVD-7c78d096b2cf	GOVERNANCE_DISCOVERY	DOCUMENTATION_ONLY	backend/architecture/reports/DEV-009A-DGC-SNAPSHOT-20260628_144937.md	DEV-009A-DGC-SNAPSHOT-20260628_144937.md	14	e7fe02564ead05f75c74cc44d78fcf812ec4a1ae6040b3c63ec75e1022a2de93	service_name: Decision Governance Core	Candidate evidence only; manual verification required.
EVD-61538e1d7e8f	GOVERNANCE_DISCOVERY	DOCUMENTATION_ONLY	backend/architecture/reports/DEV-009A-DGC-SNAPSHOT-20260628_144937.md	DEV-009A-DGC-SNAPSHOT-20260628_144937.md	16	e7fe02564ead05f75c74cc44d78fcf812ec4a1ae6040b3c63ec75e1022a2de93	domain: Decision Governance	Candidate evidence only; manual verification required.
EVD-1703e74ad4aa	GOVERNANCE_DISCOVERY	DOCUMENTATION_ONLY	backend/architecture/reports/DEV-009A-DGC-SNAPSHOT-20260628_144937.md	DEV-009A-DGC-SNAPSHOT-20260628_144937.md	18	e7fe02564ead05f75c74cc44d78fcf812ec4a1ae6040b3c63ec75e1022a2de93	version: 1.0.0	Candidate evidence only; manual verification required.
EVD-4f943887400a	GOVERNANCE_DISCOVERY	DOCUMENTATION_ONLY	backend/architecture/reports/DEV-009A-DGC-SNAPSHOT-20260628_144937.md	DEV-009A-DGC-SNAPSHOT-20260628_144937.md	29	e7fe02564ead05f75c74cc44d78fcf812ec4a1ae6040b3c63ec75e1022a2de93	systemd: ndsp-decision_governance_core.service	Candidate evidence only; manual verification required.
EVD-93d3066f4d46	GOVERNANCE_DISCOVERY	DOCUMENTATION_ONLY	backend/architecture/reports/DEV-009A-DGC-SNAPSHOT-20260628_144937.md	DEV-009A-DGC-SNAPSHOT-20260628_144937.md	34	e7fe02564ead05f75c74cc44d78fcf812ec4a1ae6040b3c63ec75e1022a2de93	backend/services/decision_governance_core/CHANGELOG.md	Candidate evidence only; manual verification required.
EVD-5cf695d6d3d6	GOVERNANCE_DISCOVERY	DOCUMENTATION_ONLY	backend/architecture/reports/DEV-009A-DGC-SNAPSHOT-20260628_144937.md	DEV-009A-DGC-SNAPSHOT-20260628_144937.md	35	e7fe02564ead05f75c74cc44d78fcf812ec4a1ae6040b3c63ec75e1022a2de93	backend/services/decision_governance_core/config/default.env	Candidate evidence only; manual verification required.
EVD-9ac1834610aa	GOVERNANCE_DISCOVERY	DOCUMENTATION_ONLY	backend/architecture/reports/DEV-009A-DGC-SNAPSHOT-20260628_144937.md	DEV-009A-DGC-SNAPSHOT-20260628_144937.md	36	e7fe02564ead05f75c74cc44d78fcf812ec4a1ae6040b3c63ec75e1022a2de93	backend/services/decision_governance_core/contracts/DGC-001-CONTRACT.md	Candidate evidence only; manual verification required.
EVD-5893034679d4	GOVERNANCE_DISCOVERY	DOCUMENTATION_ONLY	backend/architecture/reports/DEV-009A-DGC-SNAPSHOT-20260628_144937.md	DEV-009A-DGC-SNAPSHOT-20260628_144937.md	37	e7fe02564ead05f75c74cc44d78fcf812ec4a1ae6040b3c63ec75e1022a2de93	backend/services/decision_governance_core/docs/ARCHITECTURE.md	Candidate evidence only; manual verification required.
EVD-3ed89fe50ff0	GOVERNANCE_DISCOVERY	DOCUMENTATION_ONLY	backend/architecture/reports/DEV-009A-DGC-SNAPSHOT-20260628_144937.md	DEV-009A-DGC-SNAPSHOT-20260628_144937.md	38	e7fe02564ead05f75c74cc44d78fcf812ec4a1ae6040b3c63ec75e1022a2de93	backend/services/decision_governance_core/docs/README.md	Candidate evidence only; manual verification required.
EVD-1ba20de71fc0	GOVERNANCE_DISCOVERY	DOCUMENTATION_ONLY	backend/architecture/reports/DEV-009A-DGC-SNAPSHOT-20260628_144937.md	DEV-009A-DGC-SNAPSHOT-20260628_144937.md	39	e7fe02564ead05f75c74cc44d78fcf812ec4a1ae6040b3c63ec75e1022a2de93	backend/services/decision_governance_core/main.cjs	Candidate evidence only; manual verification required.
EVD-b5d13b020b6d	GOVERNANCE_DISCOVERY	DOCUMENTATION_ONLY	backend/architecture/reports/DEV-009A-DGC-SNAPSHOT-20260628_144937.md	DEV-009A-DGC-SNAPSHOT-20260628_144937.md	40	e7fe02564ead05f75c74cc44d78fcf812ec4a1ae6040b3c63ec75e1022a2de93	backend/services/decision_governance_core/package.json	Candidate evidence only; manual verification required.
EVD-3f3966116768	GOVERNANCE_DISCOVERY	DOCUMENTATION_ONLY	backend/architecture/reports/DEV-009A-DGC-SNAPSHOT-20260628_144937.md	DEV-009A-DGC-SNAPSHOT-20260628_144937.md	41	e7fe02564ead05f75c74cc44d78fcf812ec4a1ae6040b3c63ec75e1022a2de93	backend/services/decision_governance_core/README.md	Candidate evidence only; manual verification required.
EVD-0bf1bd0f2b00	GOVERNANCE_DISCOVERY	DOCUMENTATION_ONLY	backend/architecture/reports/DEV-009A-DGC-SNAPSHOT-20260628_144937.md	DEV-009A-DGC-SNAPSHOT-20260628_144937.md	42	e7fe02564ead05f75c74cc44d78fcf812ec4a1ae6040b3c63ec75e1022a2de93	backend/services/decision_governance_core/service.yaml	Candidate evidence only; manual verification required.
EVD-55ec3e12d80e	GOVERNANCE_DISCOVERY	DOCUMENTATION_ONLY	backend/architecture/reports/DEV-009A-DGC-SNAPSHOT-20260628_144937.md	DEV-009A-DGC-SNAPSHOT-20260628_144937.md	43	e7fe02564ead05f75c74cc44d78fcf812ec4a1ae6040b3c63ec75e1022a2de93	backend/services/decision_governance_core/systemd/ndsp-decision_governance_core.service	Candidate evidence only; manual verification required.
EVD-e66b5626cb9b	GOVERNANCE_DISCOVERY	DOCUMENTATION_ONLY	backend/architecture/reports/DEV-009A-DGC-SNAPSHOT-20260628_144937.md	DEV-009A-DGC-SNAPSHOT-20260628_144937.md	44	e7fe02564ead05f75c74cc44d78fcf812ec4a1ae6040b3c63ec75e1022a2de93	backend/services/decision_governance_core/tests/legacy-structure.test.sh	Candidate evidence only; manual verification required.
EVD-a82c9921195e	GOVERNANCE_DISCOVERY	DOCUMENTATION_ONLY	backend/architecture/reports/DEV-009A-DGC-SNAPSHOT-20260628_144937.md	DEV-009A-DGC-SNAPSHOT-20260628_144937.md	49	e7fe02564ead05f75c74cc44d78fcf812ec4a1ae6040b3c63ec75e1022a2de93	/home/nawaf511/empire-core-new/backend/services/decision_governance_core/systemd/ndsp-decision_governance_core.service:8:WorkingDirectory=/home/nawaf511/empire-core-new/backend/services/decision_governance_core	Candidate evidence only; manual verification required.
EVD-3f839a9e9a11	GOVERNANCE_DISCOVERY	DOCUMENTATION_ONLY	backend/architecture/reports/DEV-009A-DGC-SNAPSHOT-20260628_144937.md	DEV-009A-DGC-SNAPSHOT-20260628_144937.md	50	e7fe02564ead05f75c74cc44d78fcf812ec4a1ae6040b3c63ec75e1022a2de93	/home/nawaf511/empire-core-new/backend/services/decision_governance_core/systemd/ndsp-decision_governance_core.service:12:ExecStart=/usr/bin/node /home/nawaf511/empire-core-new/backend/services/decision_governance_core/main.cjs	Candidate evidence only; manual verification required.
EVD-27f98e23c352	GOVERNANCE_DISCOVERY	DOCUMENTATION_ONLY	backend/architecture/reports/DEV-009A-DGC-SNAPSHOT-20260628_144937.md	DEV-009A-DGC-SNAPSHOT-20260628_144937.md	51	e7fe02564ead05f75c74cc44d78fcf812ec4a1ae6040b3c63ec75e1022a2de93	"/home/nawaf511/empire-core-new/backend/services/decision_governance_core/package.json:2:  ""name"": ""ndsp-decision-governance-core"","	Candidate evidence only; manual verification required.
EVD-3c48dbe356d3	GOVERNANCE_DISCOVERY	DOCUMENTATION_ONLY	backend/architecture/reports/DEV-009B-DGC-ENG001-ADAPTER-20260628_145317.md	DEV-009B-DGC-ENG001-ADAPTER-20260628_145317.md	4	ff077c7b33a60abeaa63e6cf4bb5a6a77de9957df3df21e0d9d5121b22e1c844	HEAD=50388b1 docs(DEV-009A): snapshot decision governance core	Candidate evidence only; manual verification required.
EVD-39144e702d48	GOVERNANCE_DISCOVERY	DOCUMENTATION_ONLY	backend/architecture/reports/DEV-009B-DGC-ENG001-ADAPTER-20260628_145317.md	DEV-009B-DGC-ENG001-ADAPTER-20260628_145317.md	7	ff077c7b33a60abeaa63e6cf4bb5a6a77de9957df3df21e0d9d5121b22e1c844	M backend/services/decision_governance_core/main.cjs	Candidate evidence only; manual verification required.
EVD-e7f471a60786	GOVERNANCE_DISCOVERY	DOCUMENTATION_ONLY	backend/architecture/reports/DEV-009B-DGC-ENG001-ADAPTER-20260628_145317.md	DEV-009B-DGC-ENG001-ADAPTER-20260628_145317.md	8	ff077c7b33a60abeaa63e6cf4bb5a6a77de9957df3df21e0d9d5121b22e1c844	M backend/services/decision_governance_core/service.yaml	Candidate evidence only; manual verification required.
EVD-9c30efa9cd96	GOVERNANCE_DISCOVERY	DOCUMENTATION_ONLY	backend/architecture/reports/DEV-009B-DGC-ENG001-ADAPTER-20260628_145317.md	DEV-009B-DGC-ENG001-ADAPTER-20260628_145317.md	10	ff077c7b33a60abeaa63e6cf4bb5a6a77de9957df3df21e0d9d5121b22e1c844	?? backend/services/decision_governance_core/contracts/DGC-001-ENG-001-ADAPTER-CONTRACT.md	Candidate evidence only; manual verification required.
EVD-cac77e149481	GOVERNANCE_DISCOVERY	DOCUMENTATION_ONLY	backend/architecture/reports/DEV-009B-DGC-ENG001-ADAPTER-20260628_145317.md	DEV-009B-DGC-ENG001-ADAPTER-20260628_145317.md	11	ff077c7b33a60abeaa63e6cf4bb5a6a77de9957df3df21e0d9d5121b22e1c844	?? backend/services/decision_governance_core/framework-adapter.cjs	Candidate evidence only; manual verification required.
EVD-5cd67fcec9f1	GOVERNANCE_DISCOVERY	DOCUMENTATION_ONLY	backend/architecture/reports/DEV-009B-DGC-ENG001-ADAPTER-20260628_145317.md	DEV-009B-DGC-ENG001-ADAPTER-20260628_145317.md	38	ff077c7b33a60abeaa63e6cf4bb5a6a77de9957df3df21e0d9d5121b22e1c844	DGC-001 port=9079 file=/home/nawaf511/empire-core-new/backend/services/decision_governance_core/service.yaml	Candidate evidence only; manual verification required.
EVD-bbcc29c0aaa4	GOVERNANCE_DISCOVERY	DOCUMENTATION_ONLY	backend/architecture/reports/DEV-009B-DGC-ENG001-ADAPTER-20260628_145317.md	DEV-009B-DGC-ENG001-ADAPTER-20260628_145317.md	52	ff077c7b33a60abeaa63e6cf4bb5a6a77de9957df3df21e0d9d5121b22e1c844	VALIDATING=/home/nawaf511/empire-core-new/backend/services/decision_governance_core	Candidate evidence only; manual verification required.
EVD-6cb2885599f9	GOVERNANCE_DISCOVERY	DOCUMENTATION_ONLY	backend/architecture/reports/DEV-009B-DGC-ENG001-ADAPTER-20260628_145317.md	DEV-009B-DGC-ENG001-ADAPTER-20260628_145317.md	53	ff077c7b33a60abeaa63e6cf4bb5a6a77de9957df3df21e0d9d5121b22e1c844	VALIDATION_PASS=REDACTED	Candidate evidence only; manual verification required.
EVD-c9857f8c7082	GOVERNANCE_DISCOVERY	DOCUMENTATION_ONLY	backend/architecture/reports/DEV-009B-DGC-ENG001-ADAPTER-20260628_145317.md	DEV-009B-DGC-ENG001-ADAPTER-20260628_145317.md	84	ff077c7b33a60abeaa63e6cf4bb5a6a77de9957df3df21e0d9d5121b22e1c844	Head Before Commit: 50388b1 docs(DEV-009A): snapshot decision governance core	Candidate evidence only; manual verification required.
EVD-8ba147f6cdfd	GOVERNANCE_DISCOVERY	DOCUMENTATION_ONLY	backend/architecture/reports/DEV-009B-DGC-ENG001-ADAPTER-20260628_145317.md	DEV-009B-DGC-ENG001-ADAPTER-20260628_145317.md	87	ff077c7b33a60abeaa63e6cf4bb5a6a77de9957df3df21e0d9d5121b22e1c844	backend/services/decision_governance_core/main.cjs	Candidate evidence only; manual verification required.
EVD-9de1e6534b56	GOVERNANCE_DISCOVERY	DOCUMENTATION_ONLY	backend/architecture/reports/DEV-009B-DGC-ENG001-ADAPTER-20260628_145317.md	DEV-009B-DGC-ENG001-ADAPTER-20260628_145317.md	88	ff077c7b33a60abeaa63e6cf4bb5a6a77de9957df3df21e0d9d5121b22e1c844	backend/services/decision_governance_core/framework-adapter.cjs	Candidate evidence only; manual verification required.
EVD-eb22d9873af3	GOVERNANCE_DISCOVERY	DOCUMENTATION_ONLY	backend/architecture/reports/DEV-009B-DGC-ENG001-ADAPTER-20260628_145317.md	DEV-009B-DGC-ENG001-ADAPTER-20260628_145317.md	89	ff077c7b33a60abeaa63e6cf4bb5a6a77de9957df3df21e0d9d5121b22e1c844	backend/services/decision_governance_core/service.yaml	Candidate evidence only; manual verification required.
EVD-a9ed74b30126	GOVERNANCE_DISCOVERY	DOCUMENTATION_ONLY	backend/architecture/reports/DEV-009B-DGC-ENG001-ADAPTER-20260628_145317.md	DEV-009B-DGC-ENG001-ADAPTER-20260628_145317.md	90	ff077c7b33a60abeaa63e6cf4bb5a6a77de9957df3df21e0d9d5121b22e1c844	backend/services/decision_governance_core/contracts/DGC-001-ENG-001-ADAPTER-CONTRACT.md	Candidate evidence only; manual verification required.
EVD-0e8e1edf2573	GOVERNANCE_DISCOVERY	DOCUMENTATION_ONLY	backend/architecture/reports/DEV-009B-DGC-ENG001-ADAPTER-20260628_145440.md	DEV-009B-DGC-ENG001-ADAPTER-20260628_145440.md	4	746f54485b50d24297957ef2d749cd833ccf5df00242a20edd089560b819488a	HEAD=fc9c0a9 feat(DEV-009B): migrate decision governance core to ENG-001 adapter	Candidate evidence only; manual verification required.
EVD-e7a51e025988	GOVERNANCE_DISCOVERY	DOCUMENTATION_ONLY	backend/architecture/reports/DEV-009B-DGC-ENG001-ADAPTER-20260628_145440.md	DEV-009B-DGC-ENG001-ADAPTER-20260628_145440.md	7	746f54485b50d24297957ef2d749cd833ccf5df00242a20edd089560b819488a	M backend/services/decision_governance_core/contracts/DGC-001-ENG-001-ADAPTER-CONTRACT.md	Candidate evidence only; manual verification required.
EVD-5977e084ccd6	GOVERNANCE_DISCOVERY	DOCUMENTATION_ONLY	backend/architecture/reports/DEV-009B-DGC-ENG001-ADAPTER-20260628_145440.md	DEV-009B-DGC-ENG001-ADAPTER-20260628_145440.md	35	746f54485b50d24297957ef2d749cd833ccf5df00242a20edd089560b819488a	DGC-001 port=9079 file=/home/nawaf511/empire-core-new/backend/services/decision_governance_core/service.yaml	Candidate evidence only; manual verification required.
EVD-5668e841f434	GOVERNANCE_DISCOVERY	DOCUMENTATION_ONLY	backend/architecture/reports/DEV-009B-DGC-ENG001-ADAPTER-20260628_145440.md	DEV-009B-DGC-ENG001-ADAPTER-20260628_145440.md	49	746f54485b50d24297957ef2d749cd833ccf5df00242a20edd089560b819488a	VALIDATING=/home/nawaf511/empire-core-new/backend/services/decision_governance_core	Candidate evidence only; manual verification required.
EVD-20e0cfb08e99	GOVERNANCE_DISCOVERY	DOCUMENTATION_ONLY	backend/architecture/reports/DEV-009B-DGC-ENG001-ADAPTER-20260628_145440.md	DEV-009B-DGC-ENG001-ADAPTER-20260628_145440.md	50	746f54485b50d24297957ef2d749cd833ccf5df00242a20edd089560b819488a	VALIDATION_PASS=REDACTED	Candidate evidence only; manual verification required.
EVD-8c3e4fe29b1c	GOVERNANCE_DISCOVERY	DOCUMENTATION_ONLY	backend/architecture/reports/DEV-009B-DGC-ENG001-ADAPTER-20260628_145440.md	DEV-009B-DGC-ENG001-ADAPTER-20260628_145440.md	81	746f54485b50d24297957ef2d749cd833ccf5df00242a20edd089560b819488a	Head Before Commit: fc9c0a9 feat(DEV-009B): migrate decision governance core to ENG-001 adapter	Candidate evidence only; manual verification required.
EVD-ac2bd9d12c0d	GOVERNANCE_DISCOVERY	DOCUMENTATION_ONLY	backend/architecture/reports/DEV-009B-DGC-ENG001-ADAPTER-20260628_145440.md	DEV-009B-DGC-ENG001-ADAPTER-20260628_145440.md	84	746f54485b50d24297957ef2d749cd833ccf5df00242a20edd089560b819488a	backend/services/decision_governance_core/main.cjs	Candidate evidence only; manual verification required.
EVD-c03085aba713	GOVERNANCE_DISCOVERY	DOCUMENTATION_ONLY	backend/architecture/reports/DEV-009B-DGC-ENG001-ADAPTER-20260628_145440.md	DEV-009B-DGC-ENG001-ADAPTER-20260628_145440.md	85	746f54485b50d24297957ef2d749cd833ccf5df00242a20edd089560b819488a	backend/services/decision_governance_core/framework-adapter.cjs	Candidate evidence only; manual verification required.
EVD-a9bbe35903d1	GOVERNANCE_DISCOVERY	DOCUMENTATION_ONLY	backend/architecture/reports/DEV-009B-DGC-ENG001-ADAPTER-20260628_145440.md	DEV-009B-DGC-ENG001-ADAPTER-20260628_145440.md	86	746f54485b50d24297957ef2d749cd833ccf5df00242a20edd089560b819488a	backend/services/decision_governance_core/service.yaml	Candidate evidence only; manual verification required.
EVD-87e6e534cb62	GOVERNANCE_DISCOVERY	DOCUMENTATION_ONLY	backend/architecture/reports/DEV-009B-DGC-ENG001-ADAPTER-20260628_145440.md	DEV-009B-DGC-ENG001-ADAPTER-20260628_145440.md	87	746f54485b50d24297957ef2d749cd833ccf5df00242a20edd089560b819488a	backend/services/decision_governance_core/contracts/DGC-001-ENG-001-ADAPTER-CONTRACT.md	Candidate evidence only; manual verification required.
EVD-1dd6e7458eef	GOVERNANCE_DISCOVERY	DOCUMENTATION_ONLY	backend/architecture/reports/DEV-009B-DGC-ENG001-ADAPTER-20260628_145720.md	DEV-009B-DGC-ENG001-ADAPTER-20260628_145720.md	4	963c8a260586598ea15ce678b96b0295d128ca370720057c303b320373c2d010	HEAD=f1e1aad feat(DEV-009B): migrate decision governance core to ENG-001 adapter	Candidate evidence only; manual verification required.
EVD-ccdc5a6c1779	GOVERNANCE_DISCOVERY	DOCUMENTATION_ONLY	backend/architecture/reports/DEV-009B-DGC-ENG001-ADAPTER-20260628_145720.md	DEV-009B-DGC-ENG001-ADAPTER-20260628_145720.md	7	963c8a260586598ea15ce678b96b0295d128ca370720057c303b320373c2d010	M backend/services/decision_governance_core/contracts/DGC-001-ENG-001-ADAPTER-CONTRACT.md	Candidate evidence only; manual verification required.
EVD-e31eca56866b	GOVERNANCE_DISCOVERY	DOCUMENTATION_ONLY	backend/architecture/reports/DEV-009B-DGC-ENG001-ADAPTER-20260628_145720.md	DEV-009B-DGC-ENG001-ADAPTER-20260628_145720.md	35	963c8a260586598ea15ce678b96b0295d128ca370720057c303b320373c2d010	DGC-001 port=9079 file=/home/nawaf511/empire-core-new/backend/services/decision_governance_core/service.yaml	Candidate evidence only; manual verification required.
EVD-2d4960497a44	GOVERNANCE_DISCOVERY	DOCUMENTATION_ONLY	backend/architecture/reports/DEV-009B-DGC-ENG001-ADAPTER-20260628_145720.md	DEV-009B-DGC-ENG001-ADAPTER-20260628_145720.md	49	963c8a260586598ea15ce678b96b0295d128ca370720057c303b320373c2d010	VALIDATING=/home/nawaf511/empire-core-new/backend/services/decision_governance_core	Candidate evidence only; manual verification required.
EVD-8377cf10bf65	GOVERNANCE_DISCOVERY	DOCUMENTATION_ONLY	backend/architecture/reports/DEV-009B-DGC-ENG001-ADAPTER-20260628_145720.md	DEV-009B-DGC-ENG001-ADAPTER-20260628_145720.md	50	963c8a260586598ea15ce678b96b0295d128ca370720057c303b320373c2d010	VALIDATION_PASS=REDACTED	Candidate evidence only; manual verification required.
EVD-cb7927670cd0	GOVERNANCE_DISCOVERY	DOCUMENTATION_ONLY	backend/architecture/reports/DEV-009B-DGC-ENG001-ADAPTER-20260628_145720.md	DEV-009B-DGC-ENG001-ADAPTER-20260628_145720.md	81	963c8a260586598ea15ce678b96b0295d128ca370720057c303b320373c2d010	Head Before Commit: f1e1aad feat(DEV-009B): migrate decision governance core to ENG-001 adapter	Candidate evidence only; manual verification required.
EVD-c27e35c3637e	GOVERNANCE_DISCOVERY	DOCUMENTATION_ONLY	backend/architecture/reports/DEV-009B-DGC-ENG001-ADAPTER-20260628_150611.md	DEV-009B-DGC-ENG001-ADAPTER-20260628_150611.md	4	889ef26f1dad05ce7fe87247c63a5f17e030e909758d4739dbe0b5baa04ffd68	HEAD=c96b526 docs(DEV-009F): close decision governance migration	Candidate evidence only; manual verification required.
EVD-ba628fe46ab7	GOVERNANCE_DISCOVERY	DOCUMENTATION_ONLY	backend/architecture/reports/DEV-009B-DGC-ENG001-ADAPTER-20260628_150611.md	DEV-009B-DGC-ENG001-ADAPTER-20260628_150611.md	7	889ef26f1dad05ce7fe87247c63a5f17e030e909758d4739dbe0b5baa04ffd68	M backend/services/decision_governance_core/contracts/DGC-001-ENG-001-ADAPTER-CONTRACT.md	Candidate evidence only; manual verification required.
EVD-b2d8a86593a8	GOVERNANCE_DISCOVERY	DOCUMENTATION_ONLY	backend/architecture/reports/DEV-009B-DGC-ENG001-ADAPTER-20260628_150611.md	DEV-009B-DGC-ENG001-ADAPTER-20260628_150611.md	35	889ef26f1dad05ce7fe87247c63a5f17e030e909758d4739dbe0b5baa04ffd68	DGC-001 port=9079 file=/home/nawaf511/empire-core-new/backend/services/decision_governance_core/service.yaml	Candidate evidence only; manual verification required.
EVD-ff4d2ced4019	GOVERNANCE_DISCOVERY	DOCUMENTATION_ONLY	backend/architecture/reports/DEV-009B-DGC-ENG001-ADAPTER-20260628_150611.md	DEV-009B-DGC-ENG001-ADAPTER-20260628_150611.md	49	889ef26f1dad05ce7fe87247c63a5f17e030e909758d4739dbe0b5baa04ffd68	VALIDATING=/home/nawaf511/empire-core-new/backend/services/decision_governance_core	Candidate evidence only; manual verification required.
EVD-71a1e2b1c863	GOVERNANCE_DISCOVERY	DOCUMENTATION_ONLY	backend/architecture/reports/DEV-009B-DGC-ENG001-ADAPTER-20260628_150611.md	DEV-009B-DGC-ENG001-ADAPTER-20260628_150611.md	50	889ef26f1dad05ce7fe87247c63a5f17e030e909758d4739dbe0b5baa04ffd68	VALIDATION_PASS=REDACTED	Candidate evidence only; manual verification required.
EVD-74c2be394292	GOVERNANCE_DISCOVERY	DOCUMENTATION_ONLY	backend/architecture/reports/DEV-009B-DGC-ENG001-ADAPTER-20260628_150611.md	DEV-009B-DGC-ENG001-ADAPTER-20260628_150611.md	81	889ef26f1dad05ce7fe87247c63a5f17e030e909758d4739dbe0b5baa04ffd68	Head Before Commit: c96b526 docs(DEV-009F): close decision governance migration	Candidate evidence only; manual verification required.
EVD-d10ba9411e36	GOVERNANCE_DISCOVERY	DOCUMENTATION_ONLY	backend/architecture/reports/DEV-009C-DGC-ADAPTER-SMOKE-20260628_145720.md	DEV-009C-DGC-ADAPTER-SMOKE-20260628_145720.md	4	494b6423d45c73273a0a5e671d4555ddaa7b3a320f65b615c54dfd60e0a0a8a8	HEAD=9597e8c feat(DEV-009B): migrate decision governance core to ENG-001 adapter	Candidate evidence only; manual verification required.
EVD-c44149af7308	GOVERNANCE_DISCOVERY	DOCUMENTATION_ONLY	backend/architecture/reports/DEV-009C-DGC-ADAPTER-SMOKE-20260628_145720.md	DEV-009C-DGC-ADAPTER-SMOKE-20260628_145720.md	34	494b6423d45c73273a0a5e671d4555ddaa7b3a320f65b615c54dfd60e0a0a8a8	DGC-001 port=9079 file=/home/nawaf511/empire-core-new/backend/services/decision_governance_core/service.yaml	Candidate evidence only; manual verification required.
EVD-3aa4e2c7c9c0	GOVERNANCE_DISCOVERY	DOCUMENTATION_ONLY	backend/architecture/reports/DEV-009C-DGC-ADAPTER-SMOKE-20260628_145720.md	DEV-009C-DGC-ADAPTER-SMOKE-20260628_145720.md	48	494b6423d45c73273a0a5e671d4555ddaa7b3a320f65b615c54dfd60e0a0a8a8	VALIDATING=/home/nawaf511/empire-core-new/backend/services/decision_governance_core	Candidate evidence only; manual verification required.
EVD-10520fe61573	GOVERNANCE_DISCOVERY	DOCUMENTATION_ONLY	backend/architecture/reports/DEV-009C-DGC-ADAPTER-SMOKE-20260628_145720.md	DEV-009C-DGC-ADAPTER-SMOKE-20260628_145720.md	49	494b6423d45c73273a0a5e671d4555ddaa7b3a320f65b615c54dfd60e0a0a8a8	VALIDATION_PASS=REDACTED	Candidate evidence only; manual verification required.
EVD-4e63a6a11d6d	GOVERNANCE_DISCOVERY	DOCUMENTATION_ONLY	backend/architecture/reports/DEV-009C-DGC-ADAPTER-SMOKE-20260628_145720.md	DEV-009C-DGC-ADAPTER-SMOKE-20260628_145720.md	82	494b6423d45c73273a0a5e671d4555ddaa7b3a320f65b615c54dfd60e0a0a8a8	GET /version=PASS	Candidate evidence only; manual verification required.
EVD-883908fc413a	GOVERNANCE_DISCOVERY	DOCUMENTATION_ONLY	backend/architecture/reports/DEV-009C-DGC-ADAPTER-SMOKE-20260628_145720.md	DEV-009C-DGC-ADAPTER-SMOKE-20260628_145720.md	86	494b6423d45c73273a0a5e671d4555ddaa7b3a320f65b615c54dfd60e0a0a8a8	decision_support_only_governance=PASS	Candidate evidence only; manual verification required.
EVD-e03a6545c03a	GOVERNANCE_DISCOVERY	DOCUMENTATION_ONLY	backend/architecture/reports/DEV-009C-DGC-ADAPTER-SMOKE-20260628_150611.md	DEV-009C-DGC-ADAPTER-SMOKE-20260628_150611.md	4	5c0bd2659f36e7abb328d79d58041a7d94fde192b9bac842c8d4d50f1823a2b0	HEAD=96942d9 feat(DEV-009B): migrate decision governance core to ENG-001 adapter	Candidate evidence only; manual verification required.
EVD-754f379bb661	GOVERNANCE_DISCOVERY	DOCUMENTATION_ONLY	backend/architecture/reports/DEV-009C-DGC-ADAPTER-SMOKE-20260628_150611.md	DEV-009C-DGC-ADAPTER-SMOKE-20260628_150611.md	34	5c0bd2659f36e7abb328d79d58041a7d94fde192b9bac842c8d4d50f1823a2b0	DGC-001 port=9079 file=/home/nawaf511/empire-core-new/backend/services/decision_governance_core/service.yaml	Candidate evidence only; manual verification required.
EVD-94a2d577c948	GOVERNANCE_DISCOVERY	DOCUMENTATION_ONLY	backend/architecture/reports/DEV-009C-DGC-ADAPTER-SMOKE-20260628_150611.md	DEV-009C-DGC-ADAPTER-SMOKE-20260628_150611.md	48	5c0bd2659f36e7abb328d79d58041a7d94fde192b9bac842c8d4d50f1823a2b0	VALIDATING=/home/nawaf511/empire-core-new/backend/services/decision_governance_core	Candidate evidence only; manual verification required.
EVD-daa847e61653	GOVERNANCE_DISCOVERY	DOCUMENTATION_ONLY	backend/architecture/reports/DEV-009C-DGC-ADAPTER-SMOKE-20260628_150611.md	DEV-009C-DGC-ADAPTER-SMOKE-20260628_150611.md	49	5c0bd2659f36e7abb328d79d58041a7d94fde192b9bac842c8d4d50f1823a2b0	VALIDATION_PASS=REDACTED	Candidate evidence only; manual verification required.
EVD-a19356513584	GOVERNANCE_DISCOVERY	DOCUMENTATION_ONLY	backend/architecture/reports/DEV-009C-DGC-ADAPTER-SMOKE-20260628_150611.md	DEV-009C-DGC-ADAPTER-SMOKE-20260628_150611.md	82	5c0bd2659f36e7abb328d79d58041a7d94fde192b9bac842c8d4d50f1823a2b0	GET /version=PASS	Candidate evidence only; manual verification required.
EVD-ee3115a8e562	GOVERNANCE_DISCOVERY	DOCUMENTATION_ONLY	backend/architecture/reports/DEV-009C-DGC-ADAPTER-SMOKE-20260628_150611.md	DEV-009C-DGC-ADAPTER-SMOKE-20260628_150611.md	86	5c0bd2659f36e7abb328d79d58041a7d94fde192b9bac842c8d4d50f1823a2b0	decision_support_only_governance=PASS	Candidate evidence only; manual verification required.
EVD-b6e65b192922	GOVERNANCE_DISCOVERY	DOCUMENTATION_ONLY	backend/architecture/reports/DEV-009D-DGC-DEPENDENCY-CHECK-20260628_145720.md	DEV-009D-DGC-DEPENDENCY-CHECK-20260628_145720.md	4	ff1a076a277fa395a3bd531cf56f66a9c3803b7fc9b93d8a6d7bb8cb69872da3	HEAD=3d8702f test(DEV-009C): smoke test decision governance adapter	Candidate evidence only; manual verification required.
EVD-12c53db636c9	GOVERNANCE_DISCOVERY	DOCUMENTATION_ONLY	backend/architecture/reports/DEV-009D-DGC-DEPENDENCY-CHECK-20260628_145720.md	DEV-009D-DGC-DEPENDENCY-CHECK-20260628_145720.md	34	ff1a076a277fa395a3bd531cf56f66a9c3803b7fc9b93d8a6d7bb8cb69872da3	DGC-001 port=9079 file=/home/nawaf511/empire-core-new/backend/services/decision_governance_core/service.yaml	Candidate evidence only; manual verification required.
EVD-07102a1afb36	GOVERNANCE_DISCOVERY	DOCUMENTATION_ONLY	backend/architecture/reports/DEV-009D-DGC-DEPENDENCY-CHECK-20260628_145720.md	DEV-009D-DGC-DEPENDENCY-CHECK-20260628_145720.md	48	ff1a076a277fa395a3bd531cf56f66a9c3803b7fc9b93d8a6d7bb8cb69872da3	VALIDATING=/home/nawaf511/empire-core-new/backend/services/decision_governance_core	Candidate evidence only; manual verification required.
EVD-1608fdba0649	GOVERNANCE_DISCOVERY	DOCUMENTATION_ONLY	backend/architecture/reports/DEV-009D-DGC-DEPENDENCY-CHECK-20260628_145720.md	DEV-009D-DGC-DEPENDENCY-CHECK-20260628_145720.md	49	ff1a076a277fa395a3bd531cf56f66a9c3803b7fc9b93d8a6d7bb8cb69872da3	VALIDATION_PASS=REDACTED	Candidate evidence only; manual verification required.
EVD-6913b33956b7	GOVERNANCE_DISCOVERY	DOCUMENTATION_ONLY	backend/architecture/reports/DEV-009D-DGC-DEPENDENCY-CHECK-20260628_150611.md	DEV-009D-DGC-DEPENDENCY-CHECK-20260628_150611.md	4	1c3db51850a826e4984c88a8dfdfe65f9e2eeb947958c420fb9b5256b78d816f	HEAD=5565807 test(DEV-009C): smoke test decision governance adapter	Candidate evidence only; manual verification required.
EVD-44cae6b3880d	GOVERNANCE_DISCOVERY	DOCUMENTATION_ONLY	backend/architecture/reports/DEV-009D-DGC-DEPENDENCY-CHECK-20260628_150611.md	DEV-009D-DGC-DEPENDENCY-CHECK-20260628_150611.md	34	1c3db51850a826e4984c88a8dfdfe65f9e2eeb947958c420fb9b5256b78d816f	DGC-001 port=9079 file=/home/nawaf511/empire-core-new/backend/services/decision_governance_core/service.yaml	Candidate evidence only; manual verification required.
EVD-bd5b4a044892	GOVERNANCE_DISCOVERY	DOCUMENTATION_ONLY	backend/architecture/reports/DEV-009D-DGC-DEPENDENCY-CHECK-20260628_150611.md	DEV-009D-DGC-DEPENDENCY-CHECK-20260628_150611.md	48	1c3db51850a826e4984c88a8dfdfe65f9e2eeb947958c420fb9b5256b78d816f	VALIDATING=/home/nawaf511/empire-core-new/backend/services/decision_governance_core	Candidate evidence only; manual verification required.
EVD-ebb7ade62393	GOVERNANCE_DISCOVERY	DOCUMENTATION_ONLY	backend/architecture/reports/DEV-009D-DGC-DEPENDENCY-CHECK-20260628_150611.md	DEV-009D-DGC-DEPENDENCY-CHECK-20260628_150611.md	49	1c3db51850a826e4984c88a8dfdfe65f9e2eeb947958c420fb9b5256b78d816f	VALIDATION_PASS=REDACTED	Candidate evidence only; manual verification required.
EVD-15d4c6e50a00	GOVERNANCE_DISCOVERY	DOCUMENTATION_ONLY	backend/architecture/reports/DEV-009E-DGC-SAFE-RUNTIME-SMOKE-20260628_145720.md	DEV-009E-DGC-SAFE-RUNTIME-SMOKE-20260628_145720.md	4	e294f431a651247213e7f0f69d8d628417573e286dc1eae7f16da1c745005bed	HEAD=290423b test(DEV-009D): verify decision governance runtime dependencies	Candidate evidence only; manual verification required.
EVD-a1d143b2758a	GOVERNANCE_DISCOVERY	DOCUMENTATION_ONLY	backend/architecture/reports/DEV-009E-DGC-SAFE-RUNTIME-SMOKE-20260628_145720.md	DEV-009E-DGC-SAFE-RUNTIME-SMOKE-20260628_145720.md	34	e294f431a651247213e7f0f69d8d628417573e286dc1eae7f16da1c745005bed	DGC-001 port=9079 file=/home/nawaf511/empire-core-new/backend/services/decision_governance_core/service.yaml	Candidate evidence only; manual verification required.
EVD-5c4b52adf69e	GOVERNANCE_DISCOVERY	DOCUMENTATION_ONLY	backend/architecture/reports/DEV-009E-DGC-SAFE-RUNTIME-SMOKE-20260628_145720.md	DEV-009E-DGC-SAFE-RUNTIME-SMOKE-20260628_145720.md	48	e294f431a651247213e7f0f69d8d628417573e286dc1eae7f16da1c745005bed	VALIDATING=/home/nawaf511/empire-core-new/backend/services/decision_governance_core	Candidate evidence only; manual verification required.
EVD-f076ffff4035	GOVERNANCE_DISCOVERY	DOCUMENTATION_ONLY	backend/architecture/reports/DEV-009E-DGC-SAFE-RUNTIME-SMOKE-20260628_145720.md	DEV-009E-DGC-SAFE-RUNTIME-SMOKE-20260628_145720.md	49	e294f431a651247213e7f0f69d8d628417573e286dc1eae7f16da1c745005bed	VALIDATION_PASS=REDACTED	Candidate evidence only; manual verification required.
EVD-1765c0afc49f	GOVERNANCE_DISCOVERY	DOCUMENTATION_ONLY	backend/architecture/reports/DEV-009E-DGC-SAFE-RUNTIME-SMOKE-20260628_145720.md	DEV-009E-DGC-SAFE-RUNTIME-SMOKE-20260628_145720.md	86	e294f431a651247213e7f0f69d8d628417573e286dc1eae7f16da1c745005bed	DGC_VERSION_CHECK=PASS	Candidate evidence only; manual verification required.
EVD-324ed92373cf	GOVERNANCE_DISCOVERY	DOCUMENTATION_ONLY	backend/architecture/reports/DEV-009E-DGC-SAFE-RUNTIME-SMOKE-20260628_150611.md	DEV-009E-DGC-SAFE-RUNTIME-SMOKE-20260628_150611.md	4	764e56f4d7af9378971d75b8017c4cf7ebd6db289ce11b690ac5a26d118fb930	HEAD=6eea09f test(DEV-009D): verify decision governance runtime dependencies	Candidate evidence only; manual verification required.
EVD-56e103b3b3ba	GOVERNANCE_DISCOVERY	DOCUMENTATION_ONLY	backend/architecture/reports/DEV-009E-DGC-SAFE-RUNTIME-SMOKE-20260628_150611.md	DEV-009E-DGC-SAFE-RUNTIME-SMOKE-20260628_150611.md	34	764e56f4d7af9378971d75b8017c4cf7ebd6db289ce11b690ac5a26d118fb930	DGC-001 port=9079 file=/home/nawaf511/empire-core-new/backend/services/decision_governance_core/service.yaml	Candidate evidence only; manual verification required.
EVD-6dff83266f4b	GOVERNANCE_DISCOVERY	DOCUMENTATION_ONLY	backend/architecture/reports/DEV-009E-DGC-SAFE-RUNTIME-SMOKE-20260628_150611.md	DEV-009E-DGC-SAFE-RUNTIME-SMOKE-20260628_150611.md	48	764e56f4d7af9378971d75b8017c4cf7ebd6db289ce11b690ac5a26d118fb930	VALIDATING=/home/nawaf511/empire-core-new/backend/services/decision_governance_core	Candidate evidence only; manual verification required.
EVD-23719dcd83ba	GOVERNANCE_DISCOVERY	DOCUMENTATION_ONLY	backend/architecture/reports/DEV-009E-DGC-SAFE-RUNTIME-SMOKE-20260628_150611.md	DEV-009E-DGC-SAFE-RUNTIME-SMOKE-20260628_150611.md	49	764e56f4d7af9378971d75b8017c4cf7ebd6db289ce11b690ac5a26d118fb930	VALIDATION_PASS=REDACTED	Candidate evidence only; manual verification required.
EVD-e78a3c4872eb	GOVERNANCE_DISCOVERY	DOCUMENTATION_ONLY	backend/architecture/reports/DEV-009E-DGC-SAFE-RUNTIME-SMOKE-20260628_150611.md	DEV-009E-DGC-SAFE-RUNTIME-SMOKE-20260628_150611.md	86	764e56f4d7af9378971d75b8017c4cf7ebd6db289ce11b690ac5a26d118fb930	DGC_VERSION_CHECK=PASS	Candidate evidence only; manual verification required.
EVD-8a47115b2646	GOVERNANCE_DISCOVERY	DOCUMENTATION_ONLY	backend/architecture/reports/DEV-009F-DGC-MIGRATION-CLOSURE-20260628_145720.md	DEV-009F-DGC-MIGRATION-CLOSURE-20260628_145720.md	4	e93b247b655606a60834c358dead076402ffd5300a998c2bba8c371ea7e3ccae	HEAD=2303524 test(DEV-009E): run decision governance safe runtime smoke	Candidate evidence only; manual verification required.
EVD-c87544a92906	GOVERNANCE_DISCOVERY	DOCUMENTATION_ONLY	backend/architecture/reports/DEV-009F-DGC-MIGRATION-CLOSURE-20260628_145720.md	DEV-009F-DGC-MIGRATION-CLOSURE-20260628_145720.md	8	e93b247b655606a60834c358dead076402ffd5300a998c2bba8c371ea7e3ccae	?? backend/services/decision_governance_core/MIGRATION_STATUS.md	Candidate evidence only; manual verification required.
EVD-e0a07592d7e8	GOVERNANCE_DISCOVERY	DOCUMENTATION_ONLY	backend/architecture/reports/DEV-009F-DGC-MIGRATION-CLOSURE-20260628_145720.md	DEV-009F-DGC-MIGRATION-CLOSURE-20260628_145720.md	35	e93b247b655606a60834c358dead076402ffd5300a998c2bba8c371ea7e3ccae	DGC-001 port=9079 file=/home/nawaf511/empire-core-new/backend/services/decision_governance_core/service.yaml	Candidate evidence only; manual verification required.
EVD-24e1798907a4	GOVERNANCE_DISCOVERY	DOCUMENTATION_ONLY	backend/architecture/reports/DEV-009F-DGC-MIGRATION-CLOSURE-20260628_145720.md	DEV-009F-DGC-MIGRATION-CLOSURE-20260628_145720.md	49	e93b247b655606a60834c358dead076402ffd5300a998c2bba8c371ea7e3ccae	VALIDATING=/home/nawaf511/empire-core-new/backend/services/decision_governance_core	Candidate evidence only; manual verification required.
EVD-a137e05ffb53	GOVERNANCE_DISCOVERY	DOCUMENTATION_ONLY	backend/architecture/reports/DEV-009F-DGC-MIGRATION-CLOSURE-20260628_145720.md	DEV-009F-DGC-MIGRATION-CLOSURE-20260628_145720.md	50	e93b247b655606a60834c358dead076402ffd5300a998c2bba8c371ea7e3ccae	VALIDATION_PASS=REDACTED	Candidate evidence only; manual verification required.
EVD-e178801de3d2	GOVERNANCE_DISCOVERY	DOCUMENTATION_ONLY	backend/architecture/reports/DEV-009F-DGC-MIGRATION-CLOSURE-20260628_145720.md	DEV-009F-DGC-MIGRATION-CLOSURE-20260628_145720.md	81	e93b247b655606a60834c358dead076402ffd5300a998c2bba8c371ea7e3ccae	Head: 2303524 test(DEV-009E): run decision governance safe runtime smoke	Candidate evidence only; manual verification required.
EVD-e76566aaa708	GOVERNANCE_DISCOVERY	DOCUMENTATION_ONLY	backend/architecture/reports/DEV-009F-DGC-MIGRATION-CLOSURE-20260628_150611.md	DEV-009F-DGC-MIGRATION-CLOSURE-20260628_150611.md	4	dac240d8ad8f14802260903ddc081bdcf12c9d4853d6fbeb754a4eb10b384e36	HEAD=9d68940 test(DEV-009E): run decision governance safe runtime smoke	Candidate evidence only; manual verification required.
EVD-d7af7a35e4e9	GOVERNANCE_DISCOVERY	DOCUMENTATION_ONLY	backend/architecture/reports/DEV-009F-DGC-MIGRATION-CLOSURE-20260628_150611.md	DEV-009F-DGC-MIGRATION-CLOSURE-20260628_150611.md	7	dac240d8ad8f14802260903ddc081bdcf12c9d4853d6fbeb754a4eb10b384e36	M backend/services/decision_governance_core/MIGRATION_STATUS.md	Candidate evidence only; manual verification required.
EVD-5269a557ca42	GOVERNANCE_DISCOVERY	DOCUMENTATION_ONLY	backend/architecture/reports/DEV-009F-DGC-MIGRATION-CLOSURE-20260628_150611.md	DEV-009F-DGC-MIGRATION-CLOSURE-20260628_150611.md	35	dac240d8ad8f14802260903ddc081bdcf12c9d4853d6fbeb754a4eb10b384e36	DGC-001 port=9079 file=/home/nawaf511/empire-core-new/backend/services/decision_governance_core/service.yaml	Candidate evidence only; manual verification required.
EVD-5287cd9251ee	GOVERNANCE_DISCOVERY	DOCUMENTATION_ONLY	backend/architecture/reports/DEV-009F-DGC-MIGRATION-CLOSURE-20260628_150611.md	DEV-009F-DGC-MIGRATION-CLOSURE-20260628_150611.md	49	dac240d8ad8f14802260903ddc081bdcf12c9d4853d6fbeb754a4eb10b384e36	VALIDATING=/home/nawaf511/empire-core-new/backend/services/decision_governance_core	Candidate evidence only; manual verification required.
EVD-dd8ca9fbc2f4	GOVERNANCE_DISCOVERY	DOCUMENTATION_ONLY	backend/architecture/reports/DEV-009F-DGC-MIGRATION-CLOSURE-20260628_150611.md	DEV-009F-DGC-MIGRATION-CLOSURE-20260628_150611.md	50	dac240d8ad8f14802260903ddc081bdcf12c9d4853d6fbeb754a4eb10b384e36	VALIDATION_PASS=REDACTED	Candidate evidence only; manual verification required.
EVD-76432200180c	GOVERNANCE_DISCOVERY	DOCUMENTATION_ONLY	backend/architecture/reports/DEV-009F-DGC-MIGRATION-CLOSURE-20260628_150611.md	DEV-009F-DGC-MIGRATION-CLOSURE-20260628_150611.md	81	dac240d8ad8f14802260903ddc081bdcf12c9d4853d6fbeb754a4eb10b384e36	Head: 9d68940 test(DEV-009E): run decision governance safe runtime smoke	Candidate evidence only; manual verification required.
EVD-2c3548c18b87	GOVERNANCE_DISCOVERY	DOCUMENTATION_ONLY	backend/architecture/reports/DEV-010A-BOT-SNAPSHOT-20260628_150814.md	DEV-010A-BOT-SNAPSHOT-20260628_150814.md	5	6d8e6c51976e5b4e246a350ca413b8c86b24a98f37382a7d9688b3f154715588	Head: b02cab8 docs(DEV-009F): close decision governance migration	Candidate evidence only; manual verification required.
EVD-5e09018ebbcd	GOVERNANCE_DISCOVERY	DOCUMENTATION_ONLY	backend/architecture/reports/DEV-010A-BOT-SNAPSHOT-20260628_150814.md	DEV-010A-BOT-SNAPSHOT-20260628_150814.md	11	6d8e6c51976e5b4e246a350ca413b8c86b24a98f37382a7d9688b3f154715588	Safety Policy:	Candidate evidence only; manual verification required.
EVD-c0b9be40dce8	GOVERNANCE_DISCOVERY	DOCUMENTATION_ONLY	backend/architecture/reports/DEV-010A-BOT-SNAPSHOT-20260628_150814.md	DEV-010A-BOT-SNAPSHOT-20260628_150814.md	25	6d8e6c51976e5b4e246a350ca413b8c86b24a98f37382a7d9688b3f154715588	version: 1.0.0	Candidate evidence only; manual verification required.
EVD-016dfec8ea82	GOVERNANCE_DISCOVERY	DOCUMENTATION_ONLY	backend/architecture/reports/DEV-010A-BOT-SNAPSHOT-20260628_150814.md	DEV-010A-BOT-SNAPSHOT-20260628_150814.md	58	6d8e6c51976e5b4e246a350ca413b8c86b24a98f37382a7d9688b3f154715588	"""version"": ""1.0.0"","	Candidate evidence only; manual verification required.
EVD-a6e2316dbea2	GOVERNANCE_DISCOVERY	DOCUMENTATION_ONLY	backend/architecture/reports/DEV-010A-BOT-SNAPSHOT-20260628_150814.md	DEV-010A-BOT-SNAPSHOT-20260628_150814.md	86	6d8e6c51976e5b4e246a350ca413b8c86b24a98f37382a7d9688b3f154715588	app.use(helmet({ contentSecurityPolicy:false }));	Candidate evidence only; manual verification required.
EVD-e4ee7718e13a	GOVERNANCE_DISCOVERY	DOCUMENTATION_ONLY	backend/architecture/reports/DEV-010A-BOT-SNAPSHOT-20260628_150814.md	DEV-010A-BOT-SNAPSHOT-20260628_150814.md	233	6d8e6c51976e5b4e246a350ca413b8c86b24a98f37382a7d9688b3f154715588	"/home/nawaf511/empire-core-new/backend/services/bot_execution/package.json:3:  ""version"": ""1.0.0"","	Candidate evidence only; manual verification required.
EVD-811a045f4684	GOVERNANCE_DISCOVERY	DOCUMENTATION_ONLY	backend/architecture/reports/DEV-010A-BOT-SNAPSHOT-20260628_150814.md	DEV-010A-BOT-SNAPSHOT-20260628_150814.md	282	6d8e6c51976e5b4e246a350ca413b8c86b24a98f37382a7d9688b3f154715588	/home/nawaf511/empire-core-new/backend/services/bot_execution/CHANGELOG.md:5:Registered existing legacy service into DEV-001 governance without changing runtime logic.	Candidate evidence only; manual verification required.
EVD-9e3e60f1f421	GOVERNANCE_DISCOVERY	DOCUMENTATION_ONLY	backend/architecture/reports/DEV-010A-BOT-SNAPSHOT-20260628_150814.md	DEV-010A-BOT-SNAPSHOT-20260628_150814.md	283	6d8e6c51976e5b4e246a350ca413b8c86b24a98f37382a7d9688b3f154715588	/home/nawaf511/empire-core-new/backend/services/bot_execution/README.md:3:Legacy NDSP service registered into DEV-001 governance.	Candidate evidence only; manual verification required.
EVD-ffe40153ca37	GOVERNANCE_DISCOVERY	DOCUMENTATION_ONLY	backend/architecture/reports/DEV-010A-BOT-SNAPSHOT-20260628_150814.md	DEV-010A-BOT-SNAPSHOT-20260628_150814.md	284	6d8e6c51976e5b4e246a350ca413b8c86b24a98f37382a7d9688b3f154715588	/home/nawaf511/empire-core-new/backend/services/bot_execution/service.yaml:6:version: 1.0.0	Candidate evidence only; manual verification required.
EVD-6d7192b0a5e2	GOVERNANCE_DISCOVERY	DOCUMENTATION_ONLY	backend/architecture/reports/DEV-010B-BOT-ENG001-ADAPTER-20260628_151156.md	DEV-010B-BOT-ENG001-ADAPTER-20260628_151156.md	38	700f66091a484e0e70e6e72c6432e85577ebbf94eb1423ed7b89bb08ca19b539	DGC-001 port=9079 file=/home/nawaf511/empire-core-new/backend/services/decision_governance_core/service.yaml	Candidate evidence only; manual verification required.
EVD-5efd0aeaca79	GOVERNANCE_DISCOVERY	DOCUMENTATION_ONLY	backend/architecture/reports/DEV-010B-BOT-ENG001-ADAPTER-20260628_151156.md	DEV-010B-BOT-ENG001-ADAPTER-20260628_151156.md	50	700f66091a484e0e70e6e72c6432e85577ebbf94eb1423ed7b89bb08ca19b539	VALIDATING=/home/nawaf511/empire-core-new/backend/services/decision_governance_core	Candidate evidence only; manual verification required.
EVD-59306a611356	GOVERNANCE_DISCOVERY	DOCUMENTATION_ONLY	backend/architecture/reports/DEV-010B-BOT-ENG001-ADAPTER-20260628_151156.md	DEV-010B-BOT-ENG001-ADAPTER-20260628_151156.md	51	700f66091a484e0e70e6e72c6432e85577ebbf94eb1423ed7b89bb08ca19b539	VALIDATION_PASS=REDACTED	Candidate evidence only; manual verification required.
EVD-77009ae5ad30	GOVERNANCE_DISCOVERY	DOCUMENTATION_ONLY	backend/architecture/reports/DEV-010C-BOT-ADAPTER-SMOKE-20260628_151156.md	DEV-010C-BOT-ADAPTER-SMOKE-20260628_151156.md	34	717dce3998cc88cfcce678e42c6faaba850d1486f2aa45f7a6d9a3c25600ca4c	DGC-001 port=9079 file=/home/nawaf511/empire-core-new/backend/services/decision_governance_core/service.yaml	Candidate evidence only; manual verification required.
EVD-3b71466d02db	GOVERNANCE_DISCOVERY	DOCUMENTATION_ONLY	backend/architecture/reports/DEV-010C-BOT-ADAPTER-SMOKE-20260628_151156.md	DEV-010C-BOT-ADAPTER-SMOKE-20260628_151156.md	46	717dce3998cc88cfcce678e42c6faaba850d1486f2aa45f7a6d9a3c25600ca4c	VALIDATING=/home/nawaf511/empire-core-new/backend/services/decision_governance_core	Candidate evidence only; manual verification required.
EVD-6baa32405705	GOVERNANCE_DISCOVERY	DOCUMENTATION_ONLY	backend/architecture/reports/DEV-010C-BOT-ADAPTER-SMOKE-20260628_151156.md	DEV-010C-BOT-ADAPTER-SMOKE-20260628_151156.md	47	717dce3998cc88cfcce678e42c6faaba850d1486f2aa45f7a6d9a3c25600ca4c	VALIDATION_PASS=REDACTED	Candidate evidence only; manual verification required.
EVD-7007897725f5	GOVERNANCE_DISCOVERY	DOCUMENTATION_ONLY	backend/architecture/reports/DEV-010C-BOT-ADAPTER-SMOKE-20260628_151156.md	DEV-010C-BOT-ADAPTER-SMOKE-20260628_151156.md	80	717dce3998cc88cfcce678e42c6faaba850d1486f2aa45f7a6d9a3c25600ca4c	GET /version=PASS	Candidate evidence only; manual verification required.
EVD-82c8389c8e42	GOVERNANCE_DISCOVERY	DOCUMENTATION_ONLY	backend/architecture/reports/DEV-010C-BOT-ADAPTER-SMOKE-20260628_151156.md	DEV-010C-BOT-ADAPTER-SMOKE-20260628_151156.md	84	717dce3998cc88cfcce678e42c6faaba850d1486f2aa45f7a6d9a3c25600ca4c	dry_run_migration_governance=PASS	Candidate evidence only; manual verification required.
EVD-f44cad470d19	GOVERNANCE_DISCOVERY	DOCUMENTATION_ONLY	backend/architecture/reports/DEV-010D-BOT-DEPENDENCY-CHECK-20260628_151156.md	DEV-010D-BOT-DEPENDENCY-CHECK-20260628_151156.md	34	19083b13d23858b085dcdccb1ae18f0148cbb3be72fe5bd1a05e94f62ba37706	DGC-001 port=9079 file=/home/nawaf511/empire-core-new/backend/services/decision_governance_core/service.yaml	Candidate evidence only; manual verification required.
EVD-8ac3219a6acf	GOVERNANCE_DISCOVERY	DOCUMENTATION_ONLY	backend/architecture/reports/DEV-010D-BOT-DEPENDENCY-CHECK-20260628_151156.md	DEV-010D-BOT-DEPENDENCY-CHECK-20260628_151156.md	46	19083b13d23858b085dcdccb1ae18f0148cbb3be72fe5bd1a05e94f62ba37706	VALIDATING=/home/nawaf511/empire-core-new/backend/services/decision_governance_core	Candidate evidence only; manual verification required.
EVD-f032fb64468c	GOVERNANCE_DISCOVERY	DOCUMENTATION_ONLY	backend/architecture/reports/DEV-010D-BOT-DEPENDENCY-CHECK-20260628_151156.md	DEV-010D-BOT-DEPENDENCY-CHECK-20260628_151156.md	47	19083b13d23858b085dcdccb1ae18f0148cbb3be72fe5bd1a05e94f62ba37706	VALIDATION_PASS=REDACTED	Candidate evidence only; manual verification required.
EVD-93322d898cb9	GOVERNANCE_DISCOVERY	DOCUMENTATION_ONLY	backend/architecture/reports/DEV-010E-BOT-SAFE-RUNTIME-SMOKE-20260628_151156.md	DEV-010E-BOT-SAFE-RUNTIME-SMOKE-20260628_151156.md	34	6448188523d6aa32061d6ae5fedb9d173f734d9049890050bdf38ffbb9dd4e52	DGC-001 port=9079 file=/home/nawaf511/empire-core-new/backend/services/decision_governance_core/service.yaml	Candidate evidence only; manual verification required.
EVD-9fda8836365e	GOVERNANCE_DISCOVERY	DOCUMENTATION_ONLY	backend/architecture/reports/DEV-010E-BOT-SAFE-RUNTIME-SMOKE-20260628_151156.md	DEV-010E-BOT-SAFE-RUNTIME-SMOKE-20260628_151156.md	46	6448188523d6aa32061d6ae5fedb9d173f734d9049890050bdf38ffbb9dd4e52	VALIDATING=/home/nawaf511/empire-core-new/backend/services/decision_governance_core	Candidate evidence only; manual verification required.
EVD-b9381c0f50f5	GOVERNANCE_DISCOVERY	DOCUMENTATION_ONLY	backend/architecture/reports/DEV-010E-BOT-SAFE-RUNTIME-SMOKE-20260628_151156.md	DEV-010E-BOT-SAFE-RUNTIME-SMOKE-20260628_151156.md	47	6448188523d6aa32061d6ae5fedb9d173f734d9049890050bdf38ffbb9dd4e52	VALIDATION_PASS=REDACTED	Candidate evidence only; manual verification required.
EVD-dd1a7a07561e	GOVERNANCE_DISCOVERY	DOCUMENTATION_ONLY	backend/architecture/reports/DEV-010E-BOT-SAFE-RUNTIME-SMOKE-20260628_151156.md	DEV-010E-BOT-SAFE-RUNTIME-SMOKE-20260628_151156.md	84	6448188523d6aa32061d6ae5fedb9d173f734d9049890050bdf38ffbb9dd4e52	BOT_VERSION_CHECK=PASS	Candidate evidence only; manual verification required.
EVD-aa5de1016bd9	GOVERNANCE_DISCOVERY	DOCUMENTATION_ONLY	backend/architecture/reports/DEV-010E-BOT-SAFE-RUNTIME-SMOKE-20260628_151156.md	DEV-010E-BOT-SAFE-RUNTIME-SMOKE-20260628_151156.md	94	6448188523d6aa32061d6ae5fedb9d173f734d9049890050bdf38ffbb9dd4e52	MOCK_GOVERNANCE_USED=YES	Candidate evidence only; manual verification required.
EVD-475fdf6f2aae	GOVERNANCE_DISCOVERY	DOCUMENTATION_ONLY	backend/architecture/reports/DEV-010F-BOT-MIGRATION-CLOSURE-20260628_151156.md	DEV-010F-BOT-MIGRATION-CLOSURE-20260628_151156.md	35	6aecbc1af6fcdb0403b943ec17a7fa65437dd64295e7153f99c9fbe23ab56843	DGC-001 port=9079 file=/home/nawaf511/empire-core-new/backend/services/decision_governance_core/service.yaml	Candidate evidence only; manual verification required.
EVD-ea8a65c27fe7	GOVERNANCE_DISCOVERY	DOCUMENTATION_ONLY	backend/architecture/reports/DEV-010F-BOT-MIGRATION-CLOSURE-20260628_151156.md	DEV-010F-BOT-MIGRATION-CLOSURE-20260628_151156.md	47	6aecbc1af6fcdb0403b943ec17a7fa65437dd64295e7153f99c9fbe23ab56843	VALIDATING=/home/nawaf511/empire-core-new/backend/services/decision_governance_core	Candidate evidence only; manual verification required.
EVD-4e094d797e00	GOVERNANCE_DISCOVERY	DOCUMENTATION_ONLY	backend/architecture/reports/DEV-010F-BOT-MIGRATION-CLOSURE-20260628_151156.md	DEV-010F-BOT-MIGRATION-CLOSURE-20260628_151156.md	48	6aecbc1af6fcdb0403b943ec17a7fa65437dd64295e7153f99c9fbe23ab56843	VALIDATION_PASS=REDACTED	Candidate evidence only; manual verification required.
EVD-a991e9b6d19e	GOVERNANCE_DISCOVERY	DOCUMENTATION_ONLY	backend/architecture/reports/DEV-011-NDSP-CORE-SERVICES-FINAL-CLOSURE-20260628_151602.md	DEV-011-NDSP-CORE-SERVICES-FINAL-CLOSURE-20260628_151602.md	34	fac323de6a3c0ebe5d1d101e35f417486b97faad662c28b52bc3c3fd4e49cb26	DGC-001 port=9079 file=/home/nawaf511/empire-core-new/backend/services/decision_governance_core/service.yaml	Candidate evidence only; manual verification required.
EVD-f9f5364a7bc6	GOVERNANCE_DISCOVERY	DOCUMENTATION_ONLY	backend/architecture/reports/DEV-011-NDSP-CORE-SERVICES-FINAL-CLOSURE-20260628_151602.md	DEV-011-NDSP-CORE-SERVICES-FINAL-CLOSURE-20260628_151602.md	46	fac323de6a3c0ebe5d1d101e35f417486b97faad662c28b52bc3c3fd4e49cb26	VALIDATING=/home/nawaf511/empire-core-new/backend/services/decision_governance_core	Candidate evidence only; manual verification required.
EVD-b4f81f3842c7	GOVERNANCE_DISCOVERY	DOCUMENTATION_ONLY	backend/architecture/reports/DEV-011-NDSP-CORE-SERVICES-FINAL-CLOSURE-20260628_151602.md	DEV-011-NDSP-CORE-SERVICES-FINAL-CLOSURE-20260628_151602.md	47	fac323de6a3c0ebe5d1d101e35f417486b97faad662c28b52bc3c3fd4e49cb26	VALIDATION_PASS=REDACTED	Candidate evidence only; manual verification required.
EVD-0b1eca541fad	GOVERNANCE_DISCOVERY	DOCUMENTATION_ONLY	backend/architecture/reports/DEV-011-NDSP-CORE-SERVICES-FINAL-CLOSURE-20260628_151602.md	DEV-011-NDSP-CORE-SERVICES-FINAL-CLOSURE-20260628_151602.md	101	fac323de6a3c0ebe5d1d101e35f417486b97faad662c28b52bc3c3fd4e49cb26	## Governance	Candidate evidence only; manual verification required.
EVD-f4c718047490	GOVERNANCE_DISCOVERY	DOCUMENTATION_ONLY	backend/architecture/reports/DEV-012A-PRODUCTION-ROLLOUT-READINESS-CHECK-20260628_152033.md	DEV-012A-PRODUCTION-ROLLOUT-READINESS-CHECK-20260628_152033.md	73	bdd2ea5564aff9220484e02e66600a2a159386afb19ee03a4a83778f2d9b87d7	b02cab8 docs(DEV-009F): close decision governance migration	Candidate evidence only; manual verification required.
EVD-f7f2d981e5bc	GOVERNANCE_DISCOVERY	DOCUMENTATION_ONLY	backend/architecture/reports/DEV-012A-PRODUCTION-ROLLOUT-READINESS-CHECK-20260628_152033.md	DEV-012A-PRODUCTION-ROLLOUT-READINESS-CHECK-20260628_152033.md	74	bdd2ea5564aff9220484e02e66600a2a159386afb19ee03a4a83778f2d9b87d7	9d68940 test(DEV-009E): run decision governance safe runtime smoke	Candidate evidence only; manual verification required.
EVD-7f53dc13a36f	GOVERNANCE_DISCOVERY	DOCUMENTATION_ONLY	backend/architecture/reports/DEV-012A-PRODUCTION-ROLLOUT-READINESS-CHECK-20260628_152033.md	DEV-012A-PRODUCTION-ROLLOUT-READINESS-CHECK-20260628_152033.md	75	bdd2ea5564aff9220484e02e66600a2a159386afb19ee03a4a83778f2d9b87d7	6eea09f test(DEV-009D): verify decision governance runtime dependencies	Candidate evidence only; manual verification required.
EVD-b40b7c942fb7	GOVERNANCE_DISCOVERY	DOCUMENTATION_ONLY	backend/architecture/reports/DEV-012A-PRODUCTION-ROLLOUT-READINESS-CHECK-20260628_152033.md	DEV-012A-PRODUCTION-ROLLOUT-READINESS-CHECK-20260628_152033.md	76	bdd2ea5564aff9220484e02e66600a2a159386afb19ee03a4a83778f2d9b87d7	5565807 test(DEV-009C): smoke test decision governance adapter	Candidate evidence only; manual verification required.
EVD-70dfdbd3ba2a	GOVERNANCE_DISCOVERY	DOCUMENTATION_ONLY	backend/architecture/reports/DEV-012A-PRODUCTION-ROLLOUT-READINESS-CHECK-20260628_152033.md	DEV-012A-PRODUCTION-ROLLOUT-READINESS-CHECK-20260628_152033.md	77	bdd2ea5564aff9220484e02e66600a2a159386afb19ee03a4a83778f2d9b87d7	96942d9 feat(DEV-009B): migrate decision governance core to ENG-001 adapter	Candidate evidence only; manual verification required.
EVD-805de2114268	GOVERNANCE_DISCOVERY	DOCUMENTATION_ONLY	backend/architecture/reports/DEV-012A-PRODUCTION-ROLLOUT-READINESS-CHECK-20260628_152033.md	DEV-012A-PRODUCTION-ROLLOUT-READINESS-CHECK-20260628_152033.md	92	bdd2ea5564aff9220484e02e66600a2a159386afb19ee03a4a83778f2d9b87d7	DGC-001_PATH=backend/services/decision_governance_core	Candidate evidence only; manual verification required.
EVD-65c401fceb10	GOVERNANCE_DISCOVERY	DOCUMENTATION_ONLY	backend/architecture/reports/DEV-012A-PRODUCTION-ROLLOUT-READINESS-CHECK-20260628_152033.md	DEV-012A-PRODUCTION-ROLLOUT-READINESS-CHECK-20260628_152033.md	95	bdd2ea5564aff9220484e02e66600a2a159386afb19ee03a4a83778f2d9b87d7	DGC-001_SYSTEMD=ndsp-decision_governance_core.service	Candidate evidence only; manual verification required.
EVD-95914ecdf76e	GOVERNANCE_DISCOVERY	DOCUMENTATION_ONLY	backend/architecture/reports/DEV-012A-PRODUCTION-ROLLOUT-READINESS-CHECK-20260628_152033.md	DEV-012A-PRODUCTION-ROLLOUT-READINESS-CHECK-20260628_152033.md	127	bdd2ea5564aff9220484e02e66600a2a159386afb19ee03a4a83778f2d9b87d7	DGC-001 port=9079 file=/home/nawaf511/empire-core-new/backend/services/decision_governance_core/service.yaml	Candidate evidence only; manual verification required.
EVD-cea977b2ccfb	GOVERNANCE_DISCOVERY	DOCUMENTATION_ONLY	backend/architecture/reports/DEV-012A-PRODUCTION-ROLLOUT-READINESS-CHECK-20260628_152033.md	DEV-012A-PRODUCTION-ROLLOUT-READINESS-CHECK-20260628_152033.md	139	bdd2ea5564aff9220484e02e66600a2a159386afb19ee03a4a83778f2d9b87d7	VALIDATING=/home/nawaf511/empire-core-new/backend/services/decision_governance_core	Candidate evidence only; manual verification required.
EVD-f3b4be9ddefc	GOVERNANCE_DISCOVERY	DOCUMENTATION_ONLY	backend/architecture/reports/DEV-012A-PRODUCTION-ROLLOUT-READINESS-CHECK-20260628_152033.md	DEV-012A-PRODUCTION-ROLLOUT-READINESS-CHECK-20260628_152033.md	140	bdd2ea5564aff9220484e02e66600a2a159386afb19ee03a4a83778f2d9b87d7	VALIDATION_PASS=REDACTED	Candidate evidence only; manual verification required.
EVD-004c58e47d7f	GOVERNANCE_DISCOVERY	DOCUMENTATION_ONLY	backend/architecture/reports/DEV-012A-PRODUCTION-ROLLOUT-READINESS-CHECK-20260628_152033.md	DEV-012A-PRODUCTION-ROLLOUT-READINESS-CHECK-20260628_152033.md	175	bdd2ea5564aff9220484e02e66600a2a159386afb19ee03a4a83778f2d9b87d7	DGC-001 port=9079 file=/home/nawaf511/empire-core-new/backend/services/decision_governance_core/service.yaml	Candidate evidence only; manual verification required.
EVD-0fcc6a22d7fa	GOVERNANCE_DISCOVERY	DOCUMENTATION_ONLY	backend/architecture/reports/DEV-012A-PRODUCTION-ROLLOUT-READINESS-CHECK-20260628_152033.md	DEV-012A-PRODUCTION-ROLLOUT-READINESS-CHECK-20260628_152033.md	187	bdd2ea5564aff9220484e02e66600a2a159386afb19ee03a4a83778f2d9b87d7	VALIDATING=/home/nawaf511/empire-core-new/backend/services/decision_governance_core	Candidate evidence only; manual verification required.
EVD-bf446f8b2724	GOVERNANCE_DISCOVERY	DOCUMENTATION_ONLY	backend/architecture/reports/DEV-012A-PRODUCTION-ROLLOUT-READINESS-CHECK-20260628_152033.md	DEV-012A-PRODUCTION-ROLLOUT-READINESS-CHECK-20260628_152033.md	188	bdd2ea5564aff9220484e02e66600a2a159386afb19ee03a4a83778f2d9b87d7	VALIDATION_PASS=REDACTED	Candidate evidence only; manual verification required.
EVD-ce8c1d74df41	GOVERNANCE_DISCOVERY	DOCUMENTATION_ONLY	backend/architecture/reports/DEV-012A-PRODUCTION-ROLLOUT-READINESS-CHECK-20260628_152033.md	DEV-012A-PRODUCTION-ROLLOUT-READINESS-CHECK-20260628_152033.md	216	bdd2ea5564aff9220484e02e66600a2a159386afb19ee03a4a83778f2d9b87d7	DGC-001_SYSTEMD_UNIT=ndsp-decision_governance_core.service	Candidate evidence only; manual verification required.
EVD-6a07fc6595de	GOVERNANCE_DISCOVERY	DOCUMENTATION_ONLY	backend/architecture/reports/DEV-012A-PRODUCTION-ROLLOUT-READINESS-CHECK-20260628_152033.md	DEV-012A-PRODUCTION-ROLLOUT-READINESS-CHECK-20260628_152033.md	231	bdd2ea5564aff9220484e02e66600a2a159386afb19ee03a4a83778f2d9b87d7	"{""ok"":true,""service"":""CTL-001"",""service_name"":""Workspace Identity"",""product"":""SYS-001"",""domain"":""Operating System"",""version"":""1.0.0"",""release"":""REL-1.1"",""uptime_seconds"":2563,""timestamp"":""2026-06-28T13:20:39.726Z"",""status"":""UP""}"	Candidate evidence only; manual verification required.
EVD-2433ff4084c7	GOVERNANCE_DISCOVERY	DOCUMENTATION_ONLY	backend/architecture/reports/DEV-012A-PRODUCTION-ROLLOUT-READINESS-CHECK-20260628_152033.md	DEV-012A-PRODUCTION-ROLLOUT-READINESS-CHECK-20260628_152033.md	232	bdd2ea5564aff9220484e02e66600a2a159386afb19ee03a4a83778f2d9b87d7	PASS=REDACTED http://127.0.0.1:9081/version	Candidate evidence only; manual verification required.
EVD-6146d58381df	GOVERNANCE_DISCOVERY	DOCUMENTATION_ONLY	backend/architecture/reports/DEV-012A-PRODUCTION-ROLLOUT-READINESS-CHECK-20260628_152033.md	DEV-012A-PRODUCTION-ROLLOUT-READINESS-CHECK-20260628_152033.md	233	bdd2ea5564aff9220484e02e66600a2a159386afb19ee03a4a83778f2d9b87d7	"{""ok"":true,""service"":""CTL-001"",""service_name"":""Workspace Identity"",""version"":""1.0.0"",""build"":""1.0.0"",""release"":""REL-1.1"",""git_commit"":null,""timestamp"":""2026-06-28T13:20:39.778Z""}"	Candidate evidence only; manual verification required.
EVD-900a6c53fdb7	GOVERNANCE_DISCOVERY	DOCUMENTATION_ONLY	backend/architecture/reports/DEV-012A-PRODUCTION-ROLLOUT-READINESS-CHECK-20260628_152033.md	DEV-012A-PRODUCTION-ROLLOUT-READINESS-CHECK-20260628_152033.md	235	bdd2ea5564aff9220484e02e66600a2a159386afb19ee03a4a83778f2d9b87d7	"{""ok"":true,""service"":""CTL-001"",""service_name"":""Workspace Identity"",""component"":""CTL-001"",""product"":""SYS-001"",""domain"":""Operating System"",""owner"":""NDSP Engineering"",""description"":""NDSP-OS workspace identity service. Provides identity, health, version and about endpoints."",""documentation_version"":""1.0.0"",""framework"":{""id"":""ENG-001"",""name"":""NDSP Service Framework"",""version"":""1.0.0""},""timestamp"":""2026-06-28T13:20:39.806Z""}"	Candidate evidence only; manual verification required.
EVD-7bbf916582d1	GOVERNANCE_DISCOVERY	DOCUMENTATION_ONLY	backend/architecture/reports/DEV-012A-PRODUCTION-ROLLOUT-READINESS-CHECK-20260628_152033.md	DEV-012A-PRODUCTION-ROLLOUT-READINESS-CHECK-20260628_152033.md	238	bdd2ea5564aff9220484e02e66600a2a159386afb19ee03a4a83778f2d9b87d7	PASS=REDACTED http://127.0.0.1:9078/version	Candidate evidence only; manual verification required.
EVD-f43409792c61	GOVERNANCE_DISCOVERY	DOCUMENTATION_ONLY	backend/architecture/reports/DEV-012A-PRODUCTION-ROLLOUT-READINESS-CHECK-20260628_152033.md	DEV-012A-PRODUCTION-ROLLOUT-READINESS-CHECK-20260628_152033.md	239	bdd2ea5564aff9220484e02e66600a2a159386afb19ee03a4a83778f2d9b87d7	"{""ok"":true,""service"":""CDS-001"",""name"":""Completed Decision Service"",""version"":""1.0.0"",""build"":""1.0.0"",""framework"":{""id"":""ENG-001"",""factory"":""createNDSPService"",""factory_available"":true,""migration_mode"":""transitional_express_adapter"",""note"":""CDS preserves existing Express routes while exposing ENG-001 standard metadata endpoints.""}}"	Candidate evidence only; manual verification required.
EVD-c965a040d156	GOVERNANCE_DISCOVERY	DOCUMENTATION_ONLY	backend/architecture/reports/DEV-012B-CONTROLLED-PRODUCTION-ROLLOUT-PLAN-20260628_152255.md	DEV-012B-CONTROLLED-PRODUCTION-ROLLOUT-PLAN-20260628_152255.md	15	8c51621af5bf331c7d294df958330d753351be01f67480dcbd9f1182a63f9545	## Safety Policy	Candidate evidence only; manual verification required.
EVD-ec0b01d8c248	GOVERNANCE_DISCOVERY	DOCUMENTATION_ONLY	backend/architecture/reports/DEV-012B-CONTROLLED-PRODUCTION-ROLLOUT-PLAN-20260628_152255.md	DEV-012B-CONTROLLED-PRODUCTION-ROLLOUT-PLAN-20260628_152255.md	29	8c51621af5bf331c7d294df958330d753351be01f67480dcbd9f1182a63f9545	3. DGC-001 Decision Governance Core — governance layer / port 9079	Candidate evidence only; manual verification required.
EVD-d574530b81c1	GOVERNANCE_DISCOVERY	DOCUMENTATION_ONLY	backend/architecture/reports/DEV-012B-CONTROLLED-PRODUCTION-ROLLOUT-PLAN-20260628_152255.md	DEV-012B-CONTROLLED-PRODUCTION-ROLLOUT-PLAN-20260628_152255.md	39	8c51621af5bf331c7d294df958330d753351be01f67480dcbd9f1182a63f9545	- GET /version	Candidate evidence only; manual verification required.
EVD-34c8f461032c	GOVERNANCE_DISCOVERY	DOCUMENTATION_ONLY	backend/architecture/reports/DEV-012B-CONTROLLED-PRODUCTION-ROLLOUT-PLAN-20260628_152255.md	DEV-012B-CONTROLLED-PRODUCTION-ROLLOUT-PLAN-20260628_152255.md	54	8c51621af5bf331c7d294df958330d753351be01f67480dcbd9f1182a63f9545	- WARN=BOT-001_version_HTTP_NOT_READY http://127.0.0.1:9080/version	Candidate evidence only; manual verification required.
EVD-73627c88ab0a	GOVERNANCE_DISCOVERY	DOCUMENTATION_ONLY	backend/architecture/reports/DEV-012B-CONTROLLED-PRODUCTION-ROLLOUT-PLAN-20260628_152255.md	DEV-012B-CONTROLLED-PRODUCTION-ROLLOUT-PLAN-20260628_152255.md	63	8c51621af5bf331c7d294df958330d753351be01f67480dcbd9f1182a63f9545	- WARN=DGC-001_version_HTTP_NOT_READY http://127.0.0.1:9079/version	Candidate evidence only; manual verification required.
EVD-6421f03be74b	GOVERNANCE_DISCOVERY	DOCUMENTATION_ONLY	backend/architecture/reports/DEV-012C-SYSTEMD-LOCAL-ACTIVATION-READINESS-20260628_152421.md	DEV-012C-SYSTEMD-LOCAL-ACTIVATION-READINESS-20260628_152421.md	48	612edf859f1f7e15477cd832ba81a62bd82b96e55bd7b10558793f94266bee70	curl -fsS 'http://127.0.0.1:9081/version'	Candidate evidence only; manual verification required.
EVD-175dd4af68dc	GOVERNANCE_DISCOVERY	DOCUMENTATION_ONLY	backend/architecture/reports/DEV-012C-SYSTEMD-LOCAL-ACTIVATION-READINESS-20260628_152421.md	DEV-012C-SYSTEMD-LOCAL-ACTIVATION-READINESS-20260628_152421.md	63	612edf859f1f7e15477cd832ba81a62bd82b96e55bd7b10558793f94266bee70	curl -fsS 'http://127.0.0.1:9078/version'	Candidate evidence only; manual verification required.
EVD-4b7bf4380952	GOVERNANCE_DISCOVERY	DOCUMENTATION_ONLY	backend/architecture/reports/DEV-012C-SYSTEMD-LOCAL-ACTIVATION-READINESS-20260628_152421.md	DEV-012C-SYSTEMD-LOCAL-ACTIVATION-READINESS-20260628_152421.md	69	612edf859f1f7e15477cd832ba81a62bd82b96e55bd7b10558793f94266bee70	/home/nawaf511/empire-core-new/backend/services/decision_governance_core/systemd/ndsp-decision_governance_core.service	Candidate evidence only; manual verification required.
EVD-9587e6c19e3c	GOVERNANCE_DISCOVERY	DOCUMENTATION_ONLY	backend/architecture/reports/DEV-012C-SYSTEMD-LOCAL-ACTIVATION-READINESS-20260628_152421.md	DEV-012C-SYSTEMD-LOCAL-ACTIVATION-READINESS-20260628_152421.md	72	612edf859f1f7e15477cd832ba81a62bd82b96e55bd7b10558793f94266bee70	sudo cp '/home/nawaf511/empire-core-new/backend/services/decision_governance_core/systemd/ndsp-decision_governance_core.service' '/etc/systemd/system/ndsp-decision_governance_core.service'	Candidate evidence only; manual verification required.
EVD-28cc02d2325f	GOVERNANCE_DISCOVERY	DOCUMENTATION_ONLY	backend/architecture/reports/DEV-012C-SYSTEMD-LOCAL-ACTIVATION-READINESS-20260628_152421.md	DEV-012C-SYSTEMD-LOCAL-ACTIVATION-READINESS-20260628_152421.md	74	612edf859f1f7e15477cd832ba81a62bd82b96e55bd7b10558793f94266bee70	sudo systemctl enable 'ndsp-decision_governance_core.service'	Candidate evidence only; manual verification required.
EVD-f85bce263781	GOVERNANCE_DISCOVERY	DOCUMENTATION_ONLY	backend/architecture/reports/DEV-012C-SYSTEMD-LOCAL-ACTIVATION-READINESS-20260628_152421.md	DEV-012C-SYSTEMD-LOCAL-ACTIVATION-READINESS-20260628_152421.md	75	612edf859f1f7e15477cd832ba81a62bd82b96e55bd7b10558793f94266bee70	sudo systemctl restart 'ndsp-decision_governance_core.service'	Candidate evidence only; manual verification required.
EVD-e25d231dac07	GOVERNANCE_DISCOVERY	DOCUMENTATION_ONLY	backend/architecture/reports/DEV-012C-SYSTEMD-LOCAL-ACTIVATION-READINESS-20260628_152421.md	DEV-012C-SYSTEMD-LOCAL-ACTIVATION-READINESS-20260628_152421.md	76	612edf859f1f7e15477cd832ba81a62bd82b96e55bd7b10558793f94266bee70	sudo systemctl status 'ndsp-decision_governance_core.service' --no-pager -l	Candidate evidence only; manual verification required.
EVD-ae411a9ec937	GOVERNANCE_DISCOVERY	DOCUMENTATION_ONLY	backend/architecture/reports/DEV-012C-SYSTEMD-LOCAL-ACTIVATION-READINESS-20260628_152421.md	DEV-012C-SYSTEMD-LOCAL-ACTIVATION-READINESS-20260628_152421.md	78	612edf859f1f7e15477cd832ba81a62bd82b96e55bd7b10558793f94266bee70	curl -fsS 'http://127.0.0.1:9079/version'	Candidate evidence only; manual verification required.
EVD-be0192732634	GOVERNANCE_DISCOVERY	DOCUMENTATION_ONLY	backend/architecture/reports/DEV-012C-SYSTEMD-LOCAL-ACTIVATION-READINESS-20260628_152421.md	DEV-012C-SYSTEMD-LOCAL-ACTIVATION-READINESS-20260628_152421.md	93	612edf859f1f7e15477cd832ba81a62bd82b96e55bd7b10558793f94266bee70	curl -fsS 'http://127.0.0.1:9080/version'	Candidate evidence only; manual verification required.
EVD-1038d279dbbd	GOVERNANCE_DISCOVERY	DOCUMENTATION_ONLY	backend/architecture/reports/DEV-012C-SYSTEMD-LOCAL-ACTIVATION-READINESS-20260628_152421.md	DEV-012C-SYSTEMD-LOCAL-ACTIVATION-READINESS-20260628_152421.md	168	612edf859f1f7e15477cd832ba81a62bd82b96e55bd7b10558793f94266bee70	DGC-001_PATH=backend/services/decision_governance_core	Candidate evidence only; manual verification required.
EVD-921276ef70b7	GOVERNANCE_DISCOVERY	DOCUMENTATION_ONLY	backend/architecture/reports/DEV-012C-SYSTEMD-LOCAL-ACTIVATION-READINESS-20260628_152421.md	DEV-012C-SYSTEMD-LOCAL-ACTIVATION-READINESS-20260628_152421.md	169	612edf859f1f7e15477cd832ba81a62bd82b96e55bd7b10558793f94266bee70	DGC-001_UNIT=ndsp-decision_governance_core.service	Candidate evidence only; manual verification required.
EVD-217eef3735fb	GOVERNANCE_DISCOVERY	DOCUMENTATION_ONLY	backend/architecture/reports/DEV-012C-SYSTEMD-LOCAL-ACTIVATION-READINESS-20260628_152421.md	DEV-012C-SYSTEMD-LOCAL-ACTIVATION-READINESS-20260628_152421.md	173	612edf859f1f7e15477cd832ba81a62bd82b96e55bd7b10558793f94266bee70	PASS=REDACTED	Candidate evidence only; manual verification required.
EVD-672db9acd132	GOVERNANCE_DISCOVERY	DOCUMENTATION_ONLY	backend/architecture/reports/DEV-012C-SYSTEMD-LOCAL-ACTIVATION-READINESS-20260628_152421.md	DEV-012C-SYSTEMD-LOCAL-ACTIVATION-READINESS-20260628_152421.md	174	612edf859f1f7e15477cd832ba81a62bd82b96e55bd7b10558793f94266bee70	WARN=DGC-001_INSTALLED_UNIT_MISSING=/etc/systemd/system/ndsp-decision_governance_core.service	Candidate evidence only; manual verification required.
EVD-fd8996049294	GOVERNANCE_DISCOVERY	DOCUMENTATION_ONLY	backend/architecture/reports/DEV-012D-INSTALL-SYSTEMD-UNITS-NO-RESTART-20260628_152602.md	DEV-012D-INSTALL-SYSTEMD-UNITS-NO-RESTART-20260628_152602.md	85	ed40a6adda2e183f72dedbfd565cd2b32fef33b1226a1b987c6dacc30b99b8f3	DGC-001_UNIT=ndsp-decision_governance_core.service	Candidate evidence only; manual verification required.
EVD-d45882d2f3ea	GOVERNANCE_DISCOVERY	DOCUMENTATION_ONLY	backend/architecture/reports/DEV-012D-INSTALL-SYSTEMD-UNITS-NO-RESTART-20260628_152602.md	DEV-012D-INSTALL-SYSTEMD-UNITS-NO-RESTART-20260628_152602.md	86	ed40a6adda2e183f72dedbfd565cd2b32fef33b1226a1b987c6dacc30b99b8f3	DGC-001_REPO_UNIT=/home/nawaf511/empire-core-new/backend/services/decision_governance_core/systemd/ndsp-decision_governance_core.service	Candidate evidence only; manual verification required.
EVD-708f99269513	GOVERNANCE_DISCOVERY	DOCUMENTATION_ONLY	backend/architecture/reports/DEV-012D-INSTALL-SYSTEMD-UNITS-NO-RESTART-20260628_152602.md	DEV-012D-INSTALL-SYSTEMD-UNITS-NO-RESTART-20260628_152602.md	87	ed40a6adda2e183f72dedbfd565cd2b32fef33b1226a1b987c6dacc30b99b8f3	DGC-001_INSTALLED_UNIT=/etc/systemd/system/ndsp-decision_governance_core.service	Candidate evidence only; manual verification required.
EVD-5ab740364042	GOVERNANCE_DISCOVERY	DOCUMENTATION_ONLY	backend/architecture/reports/DEV-012D-INSTALL-SYSTEMD-UNITS-NO-RESTART-20260628_152602.md	DEV-012D-INSTALL-SYSTEMD-UNITS-NO-RESTART-20260628_152602.md	90	ed40a6adda2e183f72dedbfd565cd2b32fef33b1226a1b987c6dacc30b99b8f3	PASS=REDACTED	Candidate evidence only; manual verification required.
EVD-23fb23b606b0	GOVERNANCE_DISCOVERY	DOCUMENTATION_ONLY	backend/architecture/reports/DEV-012D-INSTALL-SYSTEMD-UNITS-NO-RESTART-20260628_152602.md	DEV-012D-INSTALL-SYSTEMD-UNITS-NO-RESTART-20260628_152602.md	123	ed40a6adda2e183f72dedbfd565cd2b32fef33b1226a1b987c6dacc30b99b8f3	PASS=REDACTED	Candidate evidence only; manual verification required.
EVD-f482b9888216	GOVERNANCE_DISCOVERY	DOCUMENTATION_ONLY	backend/architecture/reports/DEV-012D-INSTALL-SYSTEMD-UNITS-NO-RESTART-20260628_152602.md	DEV-012D-INSTALL-SYSTEMD-UNITS-NO-RESTART-20260628_152602.md	124	ed40a6adda2e183f72dedbfd565cd2b32fef33b1226a1b987c6dacc30b99b8f3	○ ndsp-decision_governance_core.service - NDSP DGC-001 Decision Governance Core	Candidate evidence only; manual verification required.
EVD-58c5df70e1aa	GOVERNANCE_DISCOVERY	DOCUMENTATION_ONLY	backend/architecture/reports/DEV-012D-INSTALL-SYSTEMD-UNITS-NO-RESTART-20260628_152602.md	DEV-012D-INSTALL-SYSTEMD-UNITS-NO-RESTART-20260628_152602.md	125	ed40a6adda2e183f72dedbfd565cd2b32fef33b1226a1b987c6dacc30b99b8f3	Loaded: loaded (/etc/systemd/system/ndsp-decision_governance_core.service; disabled; preset: enabled)	Candidate evidence only; manual verification required.
EVD-d048c55daa91	GOVERNANCE_DISCOVERY	DOCUMENTATION_ONLY	backend/architecture/reports/DEV-012E-LOCAL-HEALTH-PROCESS-OWNERSHIP-CHECK-20260628_152910.md	DEV-012E-LOCAL-HEALTH-PROCESS-OWNERSHIP-CHECK-20260628_152910.md	27	c6613fa76aa7d8f80fe434d94bd2fbc3bbb0a71a05e0c7ac23c786029830835e	- DGC-001 adoption required: port 9079 is listening by PID 1939 but ndsp-decision_governance_core.service is inactive.	Candidate evidence only; manual verification required.
EVD-9657ba1fe0f0	GOVERNANCE_DISCOVERY	DOCUMENTATION_ONLY	backend/architecture/reports/DEV-012E-LOCAL-HEALTH-PROCESS-OWNERSHIP-CHECK-20260628_152910.md	DEV-012E-LOCAL-HEALTH-PROCESS-OWNERSHIP-CHECK-20260628_152910.md	77	c6613fa76aa7d8f80fe434d94bd2fbc3bbb0a71a05e0c7ac23c786029830835e	"{""ok"":true,""service"":""CTL-001"",""service_name"":""Workspace Identity"",""product"":""SYS-001"",""domain"":""Operating System"",""version"":""1.0.0"",""release"":""REL-1.1"",""uptime_seconds"":3075,""timestamp"":""2026-06-28T13:29:11.403Z"",""status"":""UP""}"	Candidate evidence only; manual verification required.
EVD-4878c33871c6	GOVERNANCE_DISCOVERY	DOCUMENTATION_ONLY	backend/architecture/reports/DEV-012E-LOCAL-HEALTH-PROCESS-OWNERSHIP-CHECK-20260628_152910.md	DEV-012E-LOCAL-HEALTH-PROCESS-OWNERSHIP-CHECK-20260628_152910.md	78	c6613fa76aa7d8f80fe434d94bd2fbc3bbb0a71a05e0c7ac23c786029830835e	PASS=REDACTED	Candidate evidence only; manual verification required.
EVD-a878876a0839	GOVERNANCE_DISCOVERY	DOCUMENTATION_ONLY	backend/architecture/reports/DEV-012E-LOCAL-HEALTH-PROCESS-OWNERSHIP-CHECK-20260628_152910.md	DEV-012E-LOCAL-HEALTH-PROCESS-OWNERSHIP-CHECK-20260628_152910.md	79	c6613fa76aa7d8f80fe434d94bd2fbc3bbb0a71a05e0c7ac23c786029830835e	"{""ok"":true,""service"":""CTL-001"",""service_name"":""Workspace Identity"",""version"":""1.0.0"",""build"":""1.0.0"",""release"":""REL-1.1"",""git_commit"":null,""timestamp"":""2026-06-28T13:29:11.452Z""}"	Candidate evidence only; manual verification required.
EVD-343bb0a78bd6	GOVERNANCE_DISCOVERY	DOCUMENTATION_ONLY	backend/architecture/reports/DEV-012E-LOCAL-HEALTH-PROCESS-OWNERSHIP-CHECK-20260628_152910.md	DEV-012E-LOCAL-HEALTH-PROCESS-OWNERSHIP-CHECK-20260628_152910.md	81	c6613fa76aa7d8f80fe434d94bd2fbc3bbb0a71a05e0c7ac23c786029830835e	"{""ok"":true,""service"":""CTL-001"",""service_name"":""Workspace Identity"",""component"":""CTL-001"",""product"":""SYS-001"",""domain"":""Operating System"",""owner"":""NDSP Engineering"",""description"":""NDSP-OS workspace identity service. Provides identity, health, version and about endpoints."",""documentation_version"":""1.0.0"",""framework"":{""id"":""ENG-001"",""name"":""NDSP Service Framework"",""version"":""1.0.0""},""timestamp"":""2026-06-28T13:29:11.501Z""}"	Candidate evidence only; manual verification required.
EVD-e59d22f2eba6	GOVERNANCE_DISCOVERY	DOCUMENTATION_ONLY	backend/architecture/reports/DEV-012E-LOCAL-HEALTH-PROCESS-OWNERSHIP-CHECK-20260628_152910.md	DEV-012E-LOCAL-HEALTH-PROCESS-OWNERSHIP-CHECK-20260628_152910.md	93	c6613fa76aa7d8f80fe434d94bd2fbc3bbb0a71a05e0c7ac23c786029830835e	PASS=REDACTED	Candidate evidence only; manual verification required.
EVD-7f78e06c45e4	GOVERNANCE_DISCOVERY	DOCUMENTATION_ONLY	backend/architecture/reports/DEV-012E-LOCAL-HEALTH-PROCESS-OWNERSHIP-CHECK-20260628_152910.md	DEV-012E-LOCAL-HEALTH-PROCESS-OWNERSHIP-CHECK-20260628_152910.md	94	c6613fa76aa7d8f80fe434d94bd2fbc3bbb0a71a05e0c7ac23c786029830835e	"{""ok"":true,""service"":""CDS-001"",""name"":""Completed Decision Service"",""version"":""1.0.0"",""build"":""1.0.0"",""framework"":{""id"":""ENG-001"",""factory"":""createNDSPService"",""factory_available"":true,""migration_mode"":""transitional_express_adapter"",""note"":""CDS preserves existing Express routes while exposing ENG-001 standard metadata endpoints.""}}"	Candidate evidence only; manual verification required.
EVD-f88d7e564258	GOVERNANCE_DISCOVERY	DOCUMENTATION_ONLY	backend/architecture/reports/DEV-012E-LOCAL-HEALTH-PROCESS-OWNERSHIP-CHECK-20260628_152910.md	DEV-012E-LOCAL-HEALTH-PROCESS-OWNERSHIP-CHECK-20260628_152910.md	96	c6613fa76aa7d8f80fe434d94bd2fbc3bbb0a71a05e0c7ac23c786029830835e	"{""ok"":true,""service"":""CDS-001"",""name"":""Completed Decision Service"",""description"":""Official NDSP completed decision source of truth."",""role"":""single_source_of_truth_for_completed_decisions"",""decision_policy"":""decision_support_only"",""not_financial_advice"":true,""not_execution_instruction"":true,""framework"":{""id"":""ENG-001"",""factory"":""createNDSPService"",""factory_available"":true,""migration_mode"":""transitional_express_adapter"",""note"":""CDS preserves existing Express routes while exposing ENG-001 standard"	Candidate evidence only; manual verification required.
EVD-92acf56df64f	GOVERNANCE_DISCOVERY	DOCUMENTATION_ONLY	backend/architecture/reports/DEV-012E-LOCAL-HEALTH-PROCESS-OWNERSHIP-CHECK-20260628_152910.md	DEV-012E-LOCAL-HEALTH-PROCESS-OWNERSHIP-CHECK-20260628_152910.md	97	c6613fa76aa7d8f80fe434d94bd2fbc3bbb0a71a05e0c7ac23c786029830835e	DGC-001_UNIT=ndsp-decision_governance_core.service	Candidate evidence only; manual verification required.
EVD-f50c5ff97d44	GOVERNANCE_DISCOVERY	DOCUMENTATION_ONLY	backend/architecture/reports/DEV-012E-LOCAL-HEALTH-PROCESS-OWNERSHIP-CHECK-20260628_152910.md	DEV-012E-LOCAL-HEALTH-PROCESS-OWNERSHIP-CHECK-20260628_152910.md	107	c6613fa76aa7d8f80fe434d94bd2fbc3bbb0a71a05e0c7ac23c786029830835e	"{""ok"":true,""service"":""ndsp-decision-governance-core"",""port"":9079,""completed_decision_service"":{""ok"":true,""service"":""ndsp-completed-decision-service"",""port"":9078,""time"":""2026-06-28T13:29:12.110Z"",""database"":true}}"	Candidate evidence only; manual verification required.
EVD-235f3b6c35e0	GOVERNANCE_DISCOVERY	DOCUMENTATION_ONLY	backend/architecture/reports/DEV-012E-LOCAL-HEALTH-PROCESS-OWNERSHIP-CHECK-20260628_152910.md	DEV-012E-LOCAL-HEALTH-PROCESS-OWNERSHIP-CHECK-20260628_152910.md	108	c6613fa76aa7d8f80fe434d94bd2fbc3bbb0a71a05e0c7ac23c786029830835e	WARN=DGC-001_version_HTTP_NOT_READY=http://127.0.0.1:9079/version	Candidate evidence only; manual verification required.
EVD-54b8145bdf60	GOVERNANCE_DISCOVERY	DOCUMENTATION_ONLY	backend/architecture/reports/DEV-012E-LOCAL-HEALTH-PROCESS-OWNERSHIP-CHECK-20260628_152910.md	DEV-012E-LOCAL-HEALTH-PROCESS-OWNERSHIP-CHECK-20260628_152910.md	121	c6613fa76aa7d8f80fe434d94bd2fbc3bbb0a71a05e0c7ac23c786029830835e	WARN=BOT-001_version_HTTP_NOT_READY=http://127.0.0.1:9080/version	Candidate evidence only; manual verification required.
EVD-28f542341d74	GOVERNANCE_DISCOVERY	DOCUMENTATION_ONLY	backend/architecture/reports/DEV-012E-LOCAL-HEALTH-PROCESS-OWNERSHIP-CHECK-20260628_152910.md	DEV-012E-LOCAL-HEALTH-PROCESS-OWNERSHIP-CHECK-20260628_152910.md	127	c6613fa76aa7d8f80fe434d94bd2fbc3bbb0a71a05e0c7ac23c786029830835e	PASS=REDACTED	Candidate evidence only; manual verification required.
EVD-a137ef7aabaa	GOVERNANCE_DISCOVERY	DOCUMENTATION_ONLY	backend/architecture/reports/DEV-012E-LOCAL-HEALTH-PROCESS-OWNERSHIP-CHECK-20260628_152910.md	DEV-012E-LOCAL-HEALTH-PROCESS-OWNERSHIP-CHECK-20260628_152910.md	128	c6613fa76aa7d8f80fe434d94bd2fbc3bbb0a71a05e0c7ac23c786029830835e	"{""ok"":true,""source"":""decision_governance_core"",""validation"":{""ok"":true,""errors"":[],""warnings"":[],""symbol"":""BTCUSDT"",""quality"":85},""decision_state"":""Completed"",""publishable"":true,""rule"":""Decision is official only after Completed Decision Service accepts it.""}"	Candidate evidence only; manual verification required.
EVD-8f09c92782b8	GOVERNANCE_DISCOVERY	DOCUMENTATION_ONLY	backend/architecture/reports/DEV-012Z-FIX-CDS-ENV-AND-CLOSE-20260628_173523.md	DEV-012Z-FIX-CDS-ENV-AND-CLOSE-20260628_173523.md	47	4238098ffd069da6a26ac7c3c585fd3c958a149854af4ff28ee0645eec562840	PASS=REDACTED	Candidate evidence only; manual verification required.
EVD-3df86d426be2	GOVERNANCE_DISCOVERY	DOCUMENTATION_ONLY	backend/architecture/reports/DEV-012Z-FIX-CDS-ENV-AND-CLOSE-20260628_173523.md	DEV-012Z-FIX-CDS-ENV-AND-CLOSE-20260628_173523.md	59	4238098ffd069da6a26ac7c3c585fd3c958a149854af4ff28ee0645eec562840	PASS=REDACTED	Candidate evidence only; manual verification required.
EVD-fe394c61ef02	GOVERNANCE_DISCOVERY	DOCUMENTATION_ONLY	backend/architecture/reports/DEV-012Z-FIX-CDS-ENV-AND-CLOSE-20260628_173523.md	DEV-012Z-FIX-CDS-ENV-AND-CLOSE-20260628_173523.md	67	4238098ffd069da6a26ac7c3c585fd3c958a149854af4ff28ee0645eec562840	PASS=REDACTED	Candidate evidence only; manual verification required.
EVD-ff30045f5648	GOVERNANCE_DISCOVERY	DOCUMENTATION_ONLY	backend/architecture/reports/DEV-012Z-FIX-CDS-ENV-AND-CLOSE-20260628_173523.md	DEV-012Z-FIX-CDS-ENV-AND-CLOSE-20260628_173523.md	75	4238098ffd069da6a26ac7c3c585fd3c958a149854af4ff28ee0645eec562840	PASS=REDACTED	Candidate evidence only; manual verification required.
EVD-ac38efe24cda	GOVERNANCE_DISCOVERY	DOCUMENTATION_ONLY	backend/architecture/reports/DEV-012Z-FIX-CDS-ENV-AND-CLOSE-20260628_173523.md	DEV-012Z-FIX-CDS-ENV-AND-CLOSE-20260628_173523.md	81	4238098ffd069da6a26ac7c3c585fd3c958a149854af4ff28ee0645eec562840	PASS=REDACTED	Candidate evidence only; manual verification required.
EVD-fdf8d3b3eede	GOVERNANCE_DISCOVERY	DOCUMENTATION_ONLY	backend/architecture/reports/DEV-012Z-FIX-CDS-ENV-AND-CLOSE-20260628_173523.md	DEV-012Z-FIX-CDS-ENV-AND-CLOSE-20260628_173523.md	86	4238098ffd069da6a26ac7c3c585fd3c958a149854af4ff28ee0645eec562840	PASS=REDACTED	Candidate evidence only; manual verification required.
EVD-18ce75087fa2	GOVERNANCE_DISCOVERY	DOCUMENTATION_ONLY	backend/architecture/reports/DEV-012Z-FIX-CDS-ENV-AND-CLOSE-20260628_173523.md	DEV-012Z-FIX-CDS-ENV-AND-CLOSE-20260628_173523.md	124	4238098ffd069da6a26ac7c3c585fd3c958a149854af4ff28ee0645eec562840	M backend/services/decision_governance_core/systemd/ndsp-decision_governance_core.service	Candidate evidence only; manual verification required.
EVD-dbb12ee25863	GOVERNANCE_DISCOVERY	DOCUMENTATION_ONLY	backend/architecture/reports/DEV-012Z-FIX-CDS-ENV-AND-CLOSE-20260628_173523.md	DEV-012Z-FIX-CDS-ENV-AND-CLOSE-20260628_173523.md	153	4238098ffd069da6a26ac7c3c585fd3c958a149854af4ff28ee0645eec562840	DGC-001 port=9079 file=/home/nawaf511/empire-core-new/backend/services/decision_governance_core/service.yaml	Candidate evidence only; manual verification required.
EVD-4bf0110585ee	GOVERNANCE_DISCOVERY	DOCUMENTATION_ONLY	backend/architecture/reports/DEV-012Z-FIX-CDS-ENV-AND-CLOSE-20260628_173523.md	DEV-012Z-FIX-CDS-ENV-AND-CLOSE-20260628_173523.md	165	4238098ffd069da6a26ac7c3c585fd3c958a149854af4ff28ee0645eec562840	VALIDATING=/home/nawaf511/empire-core-new/backend/services/decision_governance_core	Candidate evidence only; manual verification required.
EVD-c87cfd27597d	GOVERNANCE_DISCOVERY	DOCUMENTATION_ONLY	backend/architecture/reports/DEV-012Z-FIX-CDS-ENV-AND-CLOSE-20260628_173523.md	DEV-012Z-FIX-CDS-ENV-AND-CLOSE-20260628_173523.md	166	4238098ffd069da6a26ac7c3c585fd3c958a149854af4ff28ee0645eec562840	VALIDATION_PASS=REDACTED	Candidate evidence only; manual verification required.
EVD-25eac5725c89	GOVERNANCE_DISCOVERY	DOCUMENTATION_ONLY	backend/architecture/reports/DEV-012Z-RECOVER-AND-CLOSE-SYSTEMD-LOCAL-20260628_172726.md	DEV-012Z-RECOVER-AND-CLOSE-SYSTEMD-LOCAL-20260628_172726.md	38	38c24cb2836413fa43f04be7bf6db93aeff740374e5447ec5c52086b58ed7693	"{""ok"":true,""service"":""CTL-001"",""service_name"":""Workspace Identity"",""product"":""SYS-001"",""domain"":""Operating System"",""version"":""1.0.0"",""release"":""REL-1.1"",""uptime_seconds"":10170,""timestamp"":""2026-06-28T15:27:26.308Z"",""status"":""UP""}"	Candidate evidence only; manual verification required.
EVD-d300198b1e0c	GOVERNANCE_DISCOVERY	DOCUMENTATION_ONLY	backend/architecture/reports/DEV-012Z-RECOVER-AND-CLOSE-SYSTEMD-LOCAL-20260628_172726.md	DEV-012Z-RECOVER-AND-CLOSE-SYSTEMD-LOCAL-20260628_172726.md	39	38c24cb2836413fa43f04be7bf6db93aeff740374e5447ec5c52086b58ed7693	PASS=REDACTED	Candidate evidence only; manual verification required.
EVD-f8a27a707c8f	GOVERNANCE_DISCOVERY	DOCUMENTATION_ONLY	backend/architecture/reports/DEV-012Z-RECOVER-AND-CLOSE-SYSTEMD-LOCAL-20260628_172726.md	DEV-012Z-RECOVER-AND-CLOSE-SYSTEMD-LOCAL-20260628_172726.md	40	38c24cb2836413fa43f04be7bf6db93aeff740374e5447ec5c52086b58ed7693	"{""ok"":true,""service"":""CTL-001"",""service_name"":""Workspace Identity"",""version"":""1.0.0"",""build"":""1.0.0"",""release"":""REL-1.1"",""git_commit"":null,""timestamp"":""2026-06-28T15:27:26.346Z""}"	Candidate evidence only; manual verification required.
EVD-35049117d6cb	GOVERNANCE_DISCOVERY	DOCUMENTATION_ONLY	backend/architecture/reports/DEV-012Z-RECOVER-AND-CLOSE-SYSTEMD-LOCAL-20260628_172726.md	DEV-012Z-RECOVER-AND-CLOSE-SYSTEMD-LOCAL-20260628_172726.md	42	38c24cb2836413fa43f04be7bf6db93aeff740374e5447ec5c52086b58ed7693	"{""ok"":true,""service"":""CTL-001"",""service_name"":""Workspace Identity"",""component"":""CTL-001"",""product"":""SYS-001"",""domain"":""Operating System"",""owner"":""NDSP Engineering"",""description"":""NDSP-OS workspace identity service. Provides identity, health, version and about endpoints."",""documentation_version"":""1.0.0"",""framework"":{""id"":""ENG-001"",""name"":""NDSP Service Framework"",""version"":""1.0.0""},""timestamp"":""2026-06-28T15:27:26.378Z""}"	Candidate evidence only; manual verification required.
EVD-aac9680f4f5f	GOVERNANCE_DISCOVERY	DOCUMENTATION_ONLY	backend/architecture/reports/DEV-012Z-RECOVER-AND-CLOSE-SYSTEMD-LOCAL-20260628_172726.md	DEV-012Z-RECOVER-AND-CLOSE-SYSTEMD-LOCAL-20260628_172726.md	186	38c24cb2836413fa43f04be7bf6db93aeff740374e5447ec5c52086b58ed7693	DGC-001_UNIT=ndsp-decision_governance_core.service	Candidate evidence only; manual verification required.
EVD-dbda5256a4f9	GOVERNANCE_DISCOVERY	DOCUMENTATION_ONLY	backend/architecture/reports/DEV-012Z-RECOVER-AND-CLOSE-SYSTEMD-LOCAL-20260628_172726.md	DEV-012Z-RECOVER-AND-CLOSE-SYSTEMD-LOCAL-20260628_172726.md	188	38c24cb2836413fa43f04be7bf6db93aeff740374e5447ec5c52086b58ed7693	DGC-001_REPO_UNIT=/home/nawaf511/empire-core-new/backend/services/decision_governance_core/systemd/ndsp-decision_governance_core.service	Candidate evidence only; manual verification required.
EVD-b4da0edcdcc8	GOVERNANCE_DISCOVERY	DOCUMENTATION_ONLY	backend/architecture/reports/DEV-012Z-RECOVER-AND-CLOSE-SYSTEMD-LOCAL-20260628_172726.md	DEV-012Z-RECOVER-AND-CLOSE-SYSTEMD-LOCAL-20260628_172726.md	189	38c24cb2836413fa43f04be7bf6db93aeff740374e5447ec5c52086b58ed7693	DGC-001_INSTALLED_UNIT=/etc/systemd/system/ndsp-decision_governance_core.service	Candidate evidence only; manual verification required.
EVD-6597f6e12011	GOVERNANCE_DISCOVERY	DOCUMENTATION_ONLY	backend/architecture/reports/DEV-012Z-RECOVER-AND-CLOSE-SYSTEMD-LOCAL-20260628_172726.md	DEV-012Z-RECOVER-AND-CLOSE-SYSTEMD-LOCAL-20260628_172726.md	191	38c24cb2836413fa43f04be7bf6db93aeff740374e5447ec5c52086b58ed7693	PASS=REDACTED	Candidate evidence only; manual verification required.
EVD-6f8988765d27	GOVERNANCE_DISCOVERY	DOCUMENTATION_ONLY	backend/architecture/reports/DEV-012Z-RECOVER-AND-CLOSE-SYSTEMD-LOCAL-20260628_172726.md	DEV-012Z-RECOVER-AND-CLOSE-SYSTEMD-LOCAL-20260628_172726.md	196	38c24cb2836413fa43f04be7bf6db93aeff740374e5447ec5c52086b58ed7693	1939 nawaf511    02:50:41 /usr/bin/node /home/nawaf511/empire-core-new/backend/services/decision_governance_core/main.cjs	Candidate evidence only; manual verification required.
EVD-13472bea5f1e	GOVERNANCE_DISCOVERY	DOCUMENTATION_ONLY	backend/architecture/reports/DEV-012Z-RECOVER-AND-CLOSE-SYSTEMD-LOCAL-20260628_172726.md	DEV-012Z-RECOVER-AND-CLOSE-SYSTEMD-LOCAL-20260628_172726.md	205	38c24cb2836413fa43f04be7bf6db93aeff740374e5447ec5c52086b58ed7693	"{""ok"":true,""service"":""ndsp-decision-governance-core"",""port"":9079,""completed_decision_service"":{""ok"":true,""service"":""ndsp-completed-decision-service"",""port"":9078,""time"":""2026-06-28T15:28:41.981Z"",""database"":true}}"	Candidate evidence only; manual verification required.
EVD-8d2417f6bf25	GOVERNANCE_DISCOVERY	DOCUMENTATION_ONLY	backend/architecture/reports/DEV-012Z-RECOVER-AND-CLOSE-SYSTEMD-LOCAL-20260628_172726.md	DEV-012Z-RECOVER-AND-CLOSE-SYSTEMD-LOCAL-20260628_172726.md	206	38c24cb2836413fa43f04be7bf6db93aeff740374e5447ec5c52086b58ed7693	PASS=REDACTED	Candidate evidence only; manual verification required.
EVD-5dffb59ee9e1	GOVERNANCE_DISCOVERY	DOCUMENTATION_ONLY	backend/architecture/reports/DEV-012Z-RECOVER-AND-CLOSE-SYSTEMD-LOCAL-20260628_172726.md	DEV-012Z-RECOVER-AND-CLOSE-SYSTEMD-LOCAL-20260628_172726.md	207	38c24cb2836413fa43f04be7bf6db93aeff740374e5447ec5c52086b58ed7693	"{""ok"":true,""service"":""DGC-001"",""name"":""Decision Governance Core"",""version"":""1.0.0"",""build"":""1.0.0"",""framework"":{""id"":""ENG-001"",""factory"":""createNDSPService"",""factory_available"":true,""migration_mode"":""transitional_express_adapter"",""note"":""DGC preserves existing Express routes while exposing ENG-001 standard metadata endpoints.""}}"	Candidate evidence only; manual verification required.
EVD-9f324cdf40b3	GOVERNANCE_DISCOVERY	DOCUMENTATION_ONLY	backend/architecture/reports/DEV-012Z-RECOVER-AND-CLOSE-SYSTEMD-LOCAL-20260628_172726.md	DEV-012Z-RECOVER-AND-CLOSE-SYSTEMD-LOCAL-20260628_172726.md	209	38c24cb2836413fa43f04be7bf6db93aeff740374e5447ec5c52086b58ed7693	"{""ok"":true,""service"":""DGC-001"",""name"":""Decision Governance Core"",""description"":""Official NDSP decision governance validation service."",""role"":""governance_validation_before_completed_decision"",""decision_policy"":""decision_support_only"",""not_financial_advice"":true,""not_buy_sell_recommendation"":true,""not_execution_instruction"":true,""framework"":{""id"":""ENG-001"",""factory"":""createNDSPService"",""factory_available"":true,""migration_mode"":""transitional_express_adapter"",""note"":""DGC preserves existing Express"	Candidate evidence only; manual verification required.
EVD-eaab4366a47f	GOVERNANCE_DISCOVERY	DOCUMENTATION_ONLY	backend/architecture/reports/DEV-012Z-RECOVER-AND-CLOSE-SYSTEMD-LOCAL-20260628_172726.md	DEV-012Z-RECOVER-AND-CLOSE-SYSTEMD-LOCAL-20260628_172726.md	233	38c24cb2836413fa43f04be7bf6db93aeff740374e5447ec5c52086b58ed7693	PASS=REDACTED	Candidate evidence only; manual verification required.
EVD-bfa996e8c793	GOVERNANCE_DISCOVERY	DOCUMENTATION_ONLY	backend/architecture/reports/DEV-012Z-RECOVER-AND-CLOSE-SYSTEMD-LOCAL-20260628_172726.md	DEV-012Z-RECOVER-AND-CLOSE-SYSTEMD-LOCAL-20260628_172726.md	234	38c24cb2836413fa43f04be7bf6db93aeff740374e5447ec5c52086b58ed7693	"{""ok"":true,""service"":""BOT-001"",""name"":""NDSP Bot Execution Service"",""version"":""1.0.0"",""build"":""1.0.0"",""framework"":{""id"":""ENG-001"",""factory"":""createNDSPService"",""factory_available"":true,""migration_mode"":""transitional_express_adapter"",""note"":""BOT preserves existing Express routes while exposing ENG-001 standard metadata endpoints.""}}"	Candidate evidence only; manual verification required.
EVD-87ba8f5e5b10	GOVERNANCE_DISCOVERY	DOCUMENTATION_ONLY	backend/architecture/reports/DEV-012Z-RECOVER-AND-CLOSE-SYSTEMD-LOCAL-20260628_172726.md	DEV-012Z-RECOVER-AND-CLOSE-SYSTEMD-LOCAL-20260628_172726.md	236	38c24cb2836413fa43f04be7bf6db93aeff740374e5447ec5c52086b58ed7693	"{""ok"":true,""service"":""BOT-001"",""name"":""NDSP Bot Execution Service"",""description"":""NDSP bot execution boundary service."",""role"":""bot_execution_boundary_after_completed_decision"",""decision_policy"":""execution_boundary_only_after_governed_completed_decision"",""not_financial_advice"":true,""not_buy_sell_recommendation"":true,""not_manual_execution_instruction"":true,""dry_run_required_during_migration"":true,""framework"":{""id"":""ENG-001"",""factory"":""createNDSPService"",""factory_available"":true,""migration_mode"":"""	Candidate evidence only; manual verification required.
EVD-d958b38acaa6	GOVERNANCE_DISCOVERY	DOCUMENTATION_ONLY	backend/architecture/reports/DEV-012Z-RECOVER-AND-CLOSE-SYSTEMD-LOCAL-20260628_172726.md	DEV-012Z-RECOVER-AND-CLOSE-SYSTEMD-LOCAL-20260628_172726.md	244	38c24cb2836413fa43f04be7bf6db93aeff740374e5447ec5c52086b58ed7693	"{""ok"":true,""service"":""CTL-001"",""service_name"":""Workspace Identity"",""product"":""SYS-001"",""domain"":""Operating System"",""version"":""1.0.0"",""release"":""REL-1.1"",""uptime_seconds"":10281,""timestamp"":""2026-06-28T15:29:17.855Z"",""status"":""UP""}"	Candidate evidence only; manual verification required.
EVD-24e8799a83fa	GOVERNANCE_DISCOVERY	DOCUMENTATION_ONLY	backend/architecture/reports/DEV-012Z-RECOVER-AND-CLOSE-SYSTEMD-LOCAL-20260628_172726.md	DEV-012Z-RECOVER-AND-CLOSE-SYSTEMD-LOCAL-20260628_172726.md	245	38c24cb2836413fa43f04be7bf6db93aeff740374e5447ec5c52086b58ed7693	PASS=REDACTED	Candidate evidence only; manual verification required.
EVD-d534e5c42706	GOVERNANCE_DISCOVERY	DOCUMENTATION_ONLY	backend/architecture/reports/DEV-012Z-RECOVER-AND-CLOSE-SYSTEMD-LOCAL-20260628_172726.md	DEV-012Z-RECOVER-AND-CLOSE-SYSTEMD-LOCAL-20260628_172726.md	246	38c24cb2836413fa43f04be7bf6db93aeff740374e5447ec5c52086b58ed7693	"{""ok"":true,""service"":""CTL-001"",""service_name"":""Workspace Identity"",""version"":""1.0.0"",""build"":""1.0.0"",""release"":""REL-1.1"",""git_commit"":null,""timestamp"":""2026-06-28T15:29:17.883Z""}"	Candidate evidence only; manual verification required.
EVD-3581f3f0d92b	GOVERNANCE_DISCOVERY	DOCUMENTATION_ONLY	backend/architecture/reports/DEV-012Z-RECOVER-AND-CLOSE-SYSTEMD-LOCAL-20260628_172726.md	DEV-012Z-RECOVER-AND-CLOSE-SYSTEMD-LOCAL-20260628_172726.md	248	38c24cb2836413fa43f04be7bf6db93aeff740374e5447ec5c52086b58ed7693	"{""ok"":true,""service"":""CTL-001"",""service_name"":""Workspace Identity"",""component"":""CTL-001"",""product"":""SYS-001"",""domain"":""Operating System"",""owner"":""NDSP Engineering"",""description"":""NDSP-OS workspace identity service. Provides identity, health, version and about endpoints."",""documentation_version"":""1.0.0"",""framework"":{""id"":""ENG-001"",""name"":""NDSP Service Framework"",""version"":""1.0.0""},""timestamp"":""2026-06-28T15:29:17.909Z""}"	Candidate evidence only; manual verification required.
EVD-40a56e467bd4	GOVERNANCE_DISCOVERY	DOCUMENTATION_ONLY	backend/architecture/reports/DEV-014-GATEWAY-READINESS-20260628_181658.md	DEV-014-GATEWAY-READINESS-20260628_181658.md	1	2932111aeadf1f05f13192a208a09dd4eda0c7f210da19cb8e1cc9aaf7fae839	# DEV-014 — Service Promotion & Public Gateway Readiness	Candidate evidence only; manual verification required.
EVD-dfa8cab50096	GOVERNANCE_DISCOVERY	DOCUMENTATION_ONLY	backend/architecture/reports/DEV-014-GATEWAY-READINESS-20260628_181658.md	DEV-014-GATEWAY-READINESS-20260628_181658.md	9	2932111aeadf1f05f13192a208a09dd4eda0c7f210da19cb8e1cc9aaf7fae839	Prepare NDSP core services for controlled public gateway promotion without applying live Nginx changes.	Candidate evidence only; manual verification required.
EVD-d5dfd1b9b1a9	GOVERNANCE_DISCOVERY	DOCUMENTATION_ONLY	backend/architecture/reports/DEV-014-GATEWAY-READINESS-20260628_181658.md	DEV-014-GATEWAY-READINESS-20260628_181658.md	28	2932111aeadf1f05f13192a208a09dd4eda0c7f210da19cb8e1cc9aaf7fae839	- GET /api/governance/health	Candidate evidence only; manual verification required.
EVD-dcec8d5cde9d	GOVERNANCE_DISCOVERY	DOCUMENTATION_ONLY	backend/architecture/reports/DEV-015-PUBLIC-GATEWAY-ACTIVATION-20260628_193248.md	DEV-015-PUBLIC-GATEWAY-ACTIVATION-20260628_193248.md	7	5ff4db3189d9ddf86983f2b29f34671c550f796fbe5226dd8439fe80137a0443	- https://api.ndsp.app/api/governance/health	Candidate evidence only; manual verification required.
EVD-79fcb47845a4	GOVERNANCE_DISCOVERY	DOCUMENTATION_ONLY	backend/architecture/reports/DEV-015-PUBLIC-GATEWAY-ACTIVATION-20260629_032831.md	DEV-015-PUBLIC-GATEWAY-ACTIVATION-20260629_032831.md	7	0ee4d59c88b1b0cce8d3d27a19943c938de9c305fd6cdf001082065514cb8eed	- https://api.ndsp.app/api/governance/health	Candidate evidence only; manual verification required.
EVD-a8e90c8abbda	GOVERNANCE_DISCOVERY	DOCUMENTATION_ONLY	backend/architecture/reports/DEV-018B-REMOVE-BOT-AND-RESET-BAD-CANARY-20260629_093055.md	DEV-018B-REMOVE-BOT-AND-RESET-BAD-CANARY-20260629_093055.md	18	a1983361fe43e15afa3d168521c4f6d569f3b04608318999e6dfbf4a2c98fed0	- Added public platform bot privacy boundary policy.	Candidate evidence only; manual verification required.
EVD-a2a42609bb86	GOVERNANCE_DISCOVERY	DOCUMENTATION_ONLY	backend/architecture/ui/NDSP_SOVEREIGN_COMMAND_INTERFACE_SPEC.md	NDSP_SOVEREIGN_COMMAND_INTERFACE_SPEC.md	25	453aac5fd652394b75775743588b6048cfbf1a1c230dc188cc8084ec6a4458a7	- Red: blocked / governance conflict / Devil's Advocate block.	Candidate evidence only; manual verification required.
EVD-fdd76b8d7e7c	GOVERNANCE_DISCOVERY	INFERRED_FROM_SOURCE	backend/architecture/ui/artifacts/NDSP_Sovereign_Command_Preview.html	NDSP_Sovereign_Command_Preview.html	15	63290abc8144f012fa04dc4b5ea98d16e5391bb33eb50c81dded4dde75d10ed4	--shadow:0 28px 90px rgba(0,0,0,.58);--radius:28px;	Candidate evidence only; manual verification required.
EVD-234b06d160e3	GOVERNANCE_DISCOVERY	INFERRED_FROM_SOURCE	backend/architecture/ui/artifacts/NDSP_Sovereign_Command_Preview.html	NDSP_Sovereign_Command_Preview.html	62	63290abc8144f012fa04dc4b5ea98d16e5391bb33eb50c81dded4dde75d10ed4	backdrop-filter:blur(18px);box-shadow:var(--shadow)	Candidate evidence only; manual verification required.
EVD-acac646237d0	GOVERNANCE_DISCOVERY	INFERRED_FROM_SOURCE	backend/architecture/ui/artifacts/NDSP_Sovereign_Command_Preview.html	NDSP_Sovereign_Command_Preview.html	71	63290abc8144f012fa04dc4b5ea98d16e5391bb33eb50c81dded4dde75d10ed4	.dot{width:9px;height:9px;border-radius:999px;background:var(--state);box-shadow:0 0 18px var(--state)}	Candidate evidence only; manual verification required.
EVD-5658aa454efd	GOVERNANCE_DISCOVERY	INFERRED_FROM_SOURCE	backend/architecture/ui/artifacts/NDSP_Sovereign_Command_Preview.html	NDSP_Sovereign_Command_Preview.html	73	63290abc8144f012fa04dc4b5ea98d16e5391bb33eb50c81dded4dde75d10ed4	.card{border:1px solid var(--line);border-radius:var(--radius);background:linear-gradient(180deg,rgba(19,19,18,.89),rgba(8,8,8,.92));box-shadow:var(--shadow);position:relative;overflow:hidden}	Candidate evidence only; manual verification required.
EVD-ddf561d4fade	GOVERNANCE_DISCOVERY	INFERRED_FROM_SOURCE	backend/architecture/ui/artifacts/NDSP_Sovereign_Command_Preview.html	NDSP_Sovereign_Command_Preview.html	95	63290abc8144f012fa04dc4b5ea98d16e5391bb33eb50c81dded4dde75d10ed4	.radar-grid-bg{position:absolute;inset:18px;border-radius:50%;border:1px solid rgba(255,255,255,.09);box-shadow:inset 0 0 0 42px rgba(255,255,255,.012),inset 0 0 0 84px rgba(255,255,255,.012)}	Candidate evidence only; manual verification required.
EVD-a76ca94848cd	GOVERNANCE_DISCOVERY	INFERRED_FROM_SOURCE	backend/architecture/ui/artifacts/NDSP_Sovereign_Command_Preview.html	NDSP_Sovereign_Command_Preview.html	98	63290abc8144f012fa04dc4b5ea98d16e5391bb33eb50c81dded4dde75d10ed4	.radar-sweep{position:absolute;width:42%;height:2px;right:50%;top:50%;transform-origin:right center;background:linear-gradient(90deg,transparent,var(--state));animation:sweep 3.8s linear infinite;box-shadow:0 0 18px var(--state)}	Candidate evidence only; manual verification required.
EVD-fe34f577e2f3	GOVERNANCE_DISCOVERY	INFERRED_FROM_SOURCE	backend/architecture/ui/artifacts/NDSP_Sovereign_Command_Preview.html	NDSP_Sovereign_Command_Preview.html	103	63290abc8144f012fa04dc4b5ea98d16e5391bb33eb50c81dded4dde75d10ed4	box-shadow:0 0 46px var(--state-glow),inset 0 0 25px rgba(255,255,255,.04);z-index:2	Candidate evidence only; manual verification required.
EVD-b27d5bff0606	GOVERNANCE_DISCOVERY	INFERRED_FROM_SOURCE	backend/architecture/ui/artifacts/NDSP_Sovereign_Command_Preview.html	NDSP_Sovereign_Command_Preview.html	179	63290abc8144f012fa04dc4b5ea98d16e5391bb33eb50c81dded4dde75d10ed4	"<div class=""message""><b id=""governanceTitle"">متابعة حذرة</b><p id=""governanceMessage"">الرادار يبدأ بحالة مراقبة حتى تصل بيانات القرار.</p></div>"	Candidate evidence only; manual verification required.
EVD-2c0906a9c6c7	GOVERNANCE_DISCOVERY	INFERRED_FROM_SOURCE	backend/architecture/ui/artifacts/NDSP_Sovereign_Command_Preview.html	NDSP_Sovereign_Command_Preview.html	236	63290abc8144f012fa04dc4b5ea98d16e5391bb33eb50c81dded4dde75d10ed4	"<div class=""kicker"">GOVERNANCE LAYERS</div>"	Candidate evidence only; manual verification required.
EVD-e71ee804874f	GOVERNANCE_DISCOVERY	INFERRED_FROM_SOURCE	backend/architecture/ui/artifacts/NDSP_Sovereign_Command_Preview.html	NDSP_Sovereign_Command_Preview.html	270	63290abc8144f012fa04dc4b5ea98d16e5391bb33eb50c81dded4dde75d10ed4	"if(/blocked|block|محجوب|ممنوع|منع|خطر|رفض|invalid/.test(t)) return {key:""red"",label:""محجوب"",title:""حالة الرادار: محجوب"",reason:""محامي الشيطان أو قواعد الحوكمة رصدت تعارضًا يمنع اعتماد القراءة الحالية."",score:Math.max(18,Math.min(q,42))};"	Candidate evidence only; manual verification required.
EVD-ec0564bb5553	GOVERNANCE_DISCOVERY	INFERRED_FROM_SOURCE	backend/architecture/ui/artifacts/NDSP_Sovereign_Command_Preview.html	NDSP_Sovereign_Command_Preview.html	274	63290abc8144f012fa04dc4b5ea98d16e5391bb33eb50c81dded4dde75d10ed4	"if(q>=45) return {key:""yellow"",label:""مراقبة"",title:""حالة الرادار: مراقبة"",reason:""القراءة لم تصل إلى درجة كافية لاعتماد حالة داعمة."",score:q};"	Candidate evidence only; manual verification required.
EVD-d7a7ab5042d7	GOVERNANCE_DISCOVERY	INFERRED_FROM_SOURCE	backend/architecture/ui/artifacts/NDSP_Sovereign_Command_Preview.html	NDSP_Sovereign_Command_Preview.html	294	63290abc8144f012fa04dc4b5ea98d16e5391bb33eb50c81dded4dde75d10ed4	"$(""governanceTitle"").textContent=c.label;"	Candidate evidence only; manual verification required.
EVD-ed4e36be8074	GOVERNANCE_DISCOVERY	INFERRED_FROM_SOURCE	backend/architecture/ui/artifacts/NDSP_Sovereign_Command_Preview.html	NDSP_Sovereign_Command_Preview.html	295	63290abc8144f012fa04dc4b5ea98d16e5391bb33eb50c81dded4dde75d10ed4	"$(""governanceMessage"").textContent=c.reason;"	Candidate evidence only; manual verification required.
EVD-8f15a7b31ac3	GOVERNANCE_DISCOVERY	INFERRED_FROM_SOURCE	backend/auth_api/ndsp_admin_actions_authoritative.cjs	ndsp_admin_actions_authoritative.cjs	188	19360fb2888de3ba91fa64f6441a10362372c79fecd85c323dbcc0078d61e405	'audit_logs'	Candidate evidence only; manual verification required.
EVD-7321d81c42c0	GOVERNANCE_DISCOVERY	INFERRED_FROM_SOURCE	backend/auth_api/ndsp_admin_actions_authoritative.cjs	ndsp_admin_actions_authoritative.cjs	249	19360fb2888de3ba91fa64f6441a10362372c79fecd85c323dbcc0078d61e405	await client.query('ROLLBACK');	Candidate evidence only; manual verification required.
EVD-fb9ecc85fa2d	GOVERNANCE_DISCOVERY	INFERRED_FROM_SOURCE	backend/auth_api/ndsp_admin_actions_authoritative.cjs	ndsp_admin_actions_authoritative.cjs	284	19360fb2888de3ba91fa64f6441a10362372c79fecd85c323dbcc0078d61e405	await client.query('ROLLBACK');	Candidate evidence only; manual verification required.
EVD-ec9b4c381515	GOVERNANCE_DISCOVERY	INFERRED_FROM_SOURCE	backend/auth_api/ndsp_admin_actions_authoritative.cjs	ndsp_admin_actions_authoritative.cjs	302	19360fb2888de3ba91fa64f6441a10362372c79fecd85c323dbcc0078d61e405	try { await client.query('ROLLBACK'); } catch (_) {}	Candidate evidence only; manual verification required.
EVD-07d85ff22508	GOVERNANCE_DISCOVERY	INFERRED_FROM_SOURCE	backend/auth_api/ndsp_admin_actions_bypass_old_middleware.cjs	ndsp_admin_actions_bypass_old_middleware.cjs	208	7ce371a43e163bbb8ee7ed8285678930dcf48ac5ed556de1870745989b4c6391	'audit_logs'	Candidate evidence only; manual verification required.
EVD-c264ad6b2523	GOVERNANCE_DISCOVERY	INFERRED_FROM_SOURCE	backend/auth_api/ndsp_admin_actions_bypass_old_middleware.cjs	ndsp_admin_actions_bypass_old_middleware.cjs	267	7ce371a43e163bbb8ee7ed8285678930dcf48ac5ed556de1870745989b4c6391	await client.query('ROLLBACK');	Candidate evidence only; manual verification required.
EVD-23f5e1c8ede7	GOVERNANCE_DISCOVERY	INFERRED_FROM_SOURCE	backend/auth_api/ndsp_admin_actions_bypass_old_middleware.cjs	ndsp_admin_actions_bypass_old_middleware.cjs	294	7ce371a43e163bbb8ee7ed8285678930dcf48ac5ed556de1870745989b4c6391	await client.query('ROLLBACK');	Candidate evidence only; manual verification required.
EVD-f65877fadd2f	GOVERNANCE_DISCOVERY	INFERRED_FROM_SOURCE	backend/auth_api/ndsp_admin_actions_bypass_old_middleware.cjs	ndsp_admin_actions_bypass_old_middleware.cjs	312	7ce371a43e163bbb8ee7ed8285678930dcf48ac5ed556de1870745989b4c6391	try { await client.query('ROLLBACK'); } catch (_) {}	Candidate evidence only; manual verification required.
EVD-14b8b22b7729	GOVERNANCE_DISCOVERY	INFERRED_FROM_SOURCE	backend/auth_api/ndsp_admin_actions_gateway.cjs	ndsp_admin_actions_gateway.cjs	219	84b80498bd731e97ddb87868f95da64e394f3b4fa22b02450fdf13fa55995f5a	'audit_logs'	Candidate evidence only; manual verification required.
EVD-48e2adf48e78	GOVERNANCE_DISCOVERY	INFERRED_FROM_SOURCE	backend/auth_api/ndsp_admin_actions_gateway.cjs	ndsp_admin_actions_gateway.cjs	364	84b80498bd731e97ddb87868f95da64e394f3b4fa22b02450fdf13fa55995f5a	await client.query('ROLLBACK');	Candidate evidence only; manual verification required.
EVD-e097ac5a533b	GOVERNANCE_DISCOVERY	INFERRED_FROM_SOURCE	backend/auth_api/ndsp_admin_actions_gateway.cjs	ndsp_admin_actions_gateway.cjs	391	84b80498bd731e97ddb87868f95da64e394f3b4fa22b02450fdf13fa55995f5a	await client.query('ROLLBACK');	Candidate evidence only; manual verification required.
EVD-ebf6ea257525	GOVERNANCE_DISCOVERY	INFERRED_FROM_SOURCE	backend/auth_api/ndsp_admin_actions_gateway.cjs	ndsp_admin_actions_gateway.cjs	406	84b80498bd731e97ddb87868f95da64e394f3b4fa22b02450fdf13fa55995f5a	await client.query('ROLLBACK');	Candidate evidence only; manual verification required.
EVD-ce4eae2adf86	GOVERNANCE_DISCOVERY	INFERRED_FROM_SOURCE	backend/auth_api/ndsp_admin_actions_gateway.cjs	ndsp_admin_actions_gateway.cjs	428	84b80498bd731e97ddb87868f95da64e394f3b4fa22b02450fdf13fa55995f5a	await client.query('ROLLBACK');	Candidate evidence only; manual verification required.
EVD-1377a94b7c1d	GOVERNANCE_DISCOVERY	INFERRED_FROM_SOURCE	backend/auth_api/ndsp_admin_actions_gateway.cjs	ndsp_admin_actions_gateway.cjs	445	84b80498bd731e97ddb87868f95da64e394f3b4fa22b02450fdf13fa55995f5a	try { await client.query('ROLLBACK'); } catch (_) {}	Candidate evidence only; manual verification required.
EVD-39debb59b50a	GOVERNANCE_DISCOVERY	INFERRED_FROM_SOURCE	backend/auth_api/ndsp_admin_ui_proxy.cjs	ndsp_admin_ui_proxy.cjs	459	73baa76f5df53e80b55839a950bef6d02eb92cf331eb5e161a4fe90eb1ffdb32	source_table:out.source_table || 'governance_policy',	Candidate evidence only; manual verification required.
EVD-2c94f46062c3	GOVERNANCE_DISCOVERY	INFERRED_FROM_SOURCE	backend/auth_api/ndsp_admin_ui_proxy.cjs	ndsp_admin_ui_proxy.cjs	669	73baa76f5df53e80b55839a950bef6d02eb92cf331eb5e161a4fe90eb1ffdb32	app.get('/api/admin-ui/governance', adminOnly, async (_req, res) => {	Candidate evidence only; manual verification required.
EVD-7a53f6acd9f5	GOVERNANCE_DISCOVERY	INFERRED_FROM_SOURCE	backend/auth_api/ndsp_admin_ui_proxy.cjs	ndsp_admin_ui_proxy.cjs	672	73baa76f5df53e80b55839a950bef6d02eb92cf331eb5e161a4fe90eb1ffdb32	governance:{	Candidate evidence only; manual verification required.
EVD-6e6f2956b7cd	GOVERNANCE_DISCOVERY	INFERRED_FROM_SOURCE	backend/auth_api/ndsp_api_compat_gateway.cjs	ndsp_api_compat_gateway.cjs	211	915359e511f0872dbdc949aab4bfc90ff4e7f44832082c8b3e2fc008d5b4b4a3	policy:'sanitized_decision_notifications_only'	Candidate evidence only; manual verification required.
EVD-87412354021e	GOVERNANCE_DISCOVERY	INFERRED_FROM_SOURCE	backend/auth_api/ndsp_layer_name_masking_policy.cjs	ndsp_layer_name_masking_policy.cjs	4	f04cadf0850af541eb7838add838ff9e207ebeb101250283070c616e7f3eb2d0	NDSP Layer Name Masking Policy Engine	Candidate evidence only; manual verification required.
EVD-1d5faec64200	GOVERNANCE_DISCOVERY	INFERRED_FROM_SOURCE	backend/auth_api/ndsp_layer_name_masking_policy.cjs	ndsp_layer_name_masking_policy.cjs	12	f04cadf0850af541eb7838add838ff9e207ebeb101250283070c616e7f3eb2d0	const POLICY = Object.freeze({	Candidate evidence only; manual verification required.
EVD-5be4431184fd	GOVERNANCE_DISCOVERY	INFERRED_FROM_SOURCE	backend/auth_api/ndsp_layer_name_masking_policy.cjs	ndsp_layer_name_masking_policy.cjs	13	f04cadf0850af541eb7838add838ff9e207ebeb101250283070c616e7f3eb2d0	policy: 'NDSP_LAYER_NAME_MASKING_POLICY',	Candidate evidence only; manual verification required.
EVD-3708d4a67c17	GOVERNANCE_DISCOVERY	INFERRED_FROM_SOURCE	backend/auth_api/ndsp_layer_name_masking_policy.cjs	ndsp_layer_name_masking_policy.cjs	43	f04cadf0850af541eb7838add838ff9e207ebeb101250283070c616e7f3eb2d0	/\b(?:14|16)[-\s]*Layer\s+(?:Map|Governance|System)\b/gi,	Candidate evidence only; manual verification required.
EVD-0fd76a0fd4c1	GOVERNANCE_DISCOVERY	INFERRED_FROM_SOURCE	backend/auth_api/ndsp_layer_name_masking_policy.cjs	ndsp_layer_name_masking_policy.cjs	54	f04cadf0850af541eb7838add838ff9e207ebeb101250283070c616e7f3eb2d0	/Final\s+Governance\s+Layer/gi	Candidate evidence only; manual verification required.
EVD-7a289117e772	GOVERNANCE_DISCOVERY	INFERRED_FROM_SOURCE	backend/auth_api/ndsp_layer_name_masking_policy.cjs	ndsp_layer_name_masking_policy.cjs	162	f04cadf0850af541eb7838add838ff9e207ebeb101250283070c616e7f3eb2d0	function attachPolicy(obj) {	Candidate evidence only; manual verification required.
EVD-57c6c9e0c92f	GOVERNANCE_DISCOVERY	INFERRED_FROM_SOURCE	backend/auth_api/ndsp_layer_name_masking_policy.cjs	ndsp_layer_name_masking_policy.cjs	165	f04cadf0850af541eb7838add838ff9e207ebeb101250283070c616e7f3eb2d0	out.layer_name_masking_policy = {	Candidate evidence only; manual verification required.
EVD-c06dd9c7b29a	GOVERNANCE_DISCOVERY	INFERRED_FROM_SOURCE	backend/auth_api/ndsp_layer_name_masking_policy.cjs	ndsp_layer_name_masking_policy.cjs	166	f04cadf0850af541eb7838add838ff9e207ebeb101250283070c616e7f3eb2d0	policy: POLICY.policy,	Candidate evidence only; manual verification required.
EVD-06d11e1cb86f	GOVERNANCE_DISCOVERY	INFERRED_FROM_SOURCE	backend/auth_api/ndsp_layer_name_masking_policy.cjs	ndsp_layer_name_masking_policy.cjs	167	f04cadf0850af541eb7838add838ff9e207ebeb101250283070c616e7f3eb2d0	total_layers: POLICY.total_layers,	Candidate evidence only; manual verification required.
EVD-6bebe3ef7f27	GOVERNANCE_DISCOVERY	INFERRED_FROM_SOURCE	backend/auth_api/ndsp_layer_name_masking_policy.cjs	ndsp_layer_name_masking_policy.cjs	168	f04cadf0850af541eb7838add838ff9e207ebeb101250283070c616e7f3eb2d0	visible_named_layers_count: POLICY.visible_named_layers_count,	Candidate evidence only; manual verification required.
EVD-4d262dcc5850	GOVERNANCE_DISCOVERY	INFERRED_FROM_SOURCE	backend/auth_api/ndsp_layer_name_masking_policy.cjs	ndsp_layer_name_masking_policy.cjs	169	f04cadf0850af541eb7838add838ff9e207ebeb101250283070c616e7f3eb2d0	hidden_named_layers_count: POLICY.hidden_named_layers_count,	Candidate evidence only; manual verification required.
EVD-2c2dcde91a25	GOVERNANCE_DISCOVERY	INFERRED_FROM_SOURCE	backend/auth_api/ndsp_layer_name_masking_policy.cjs	ndsp_layer_name_masking_policy.cjs	170	f04cadf0850af541eb7838add838ff9e207ebeb101250283070c616e7f3eb2d0	visible_named_layers: POLICY.visible_named_layers,	Candidate evidence only; manual verification required.
EVD-be61fb51d31e	GOVERNANCE_DISCOVERY	INFERRED_FROM_SOURCE	backend/auth_api/ndsp_layer_name_masking_policy.cjs	ndsp_layer_name_masking_policy.cjs	180	f04cadf0850af541eb7838add838ff9e207ebeb101250283070c616e7f3eb2d0	out.governance = Object.assign({}, out.governance || {}, {	Candidate evidence only; manual verification required.
EVD-aa7e7dc6d57c	GOVERNANCE_DISCOVERY	INFERRED_FROM_SOURCE	backend/auth_api/ndsp_layer_name_masking_policy.cjs	ndsp_layer_name_masking_policy.cjs	181	f04cadf0850af541eb7838add838ff9e207ebeb101250283070c616e7f3eb2d0	layer_name_masking_policy_active: true,	Candidate evidence only; manual verification required.
EVD-1c9d3bea384c	GOVERNANCE_DISCOVERY	INFERRED_FROM_SOURCE	backend/auth_api/ndsp_layer_name_masking_policy.cjs	ndsp_layer_name_masking_policy.cjs	195	f04cadf0850af541eb7838add838ff9e207ebeb101250283070c616e7f3eb2d0	return attachPolicy(safe);	Candidate evidence only; manual verification required.
EVD-baaf86eae8e1	GOVERNANCE_DISCOVERY	INFERRED_FROM_SOURCE	backend/auth_api/ndsp_layer_name_masking_policy.cjs	ndsp_layer_name_masking_policy.cjs	202	f04cadf0850af541eb7838add838ff9e207ebeb101250283070c616e7f3eb2d0	safe.analysis = attachPolicy(safe.analysis);	Candidate evidence only; manual verification required.
EVD-8e902ed0c182	GOVERNANCE_DISCOVERY	INFERRED_FROM_SOURCE	backend/auth_api/ndsp_layer_name_masking_policy.cjs	ndsp_layer_name_masking_policy.cjs	234	f04cadf0850af541eb7838add838ff9e207ebeb101250283070c616e7f3eb2d0	POLICY,	Candidate evidence only; manual verification required.
EVD-84e0ffdc9583	GOVERNANCE_DISCOVERY	INFERRED_FROM_SOURCE	backend/auth_api/ndsp_platform_gateway_9001.cjs	ndsp_platform_gateway_9001.cjs	22	2f7e854d3723dbc83b7ce18c1af520d31bc859a9cb6c6c4db510ade1b24f3b46	{ prefix: '/api/decision/canonical-live', target: 'http://127.0.0.1:9086' }, // NDSP_CANONICAL_V33_PUBLIC_PROMOTION_V34	Candidate evidence only; manual verification required.
EVD-64b90030432e	GOVERNANCE_DISCOVERY	INFERRED_FROM_SOURCE	backend/auth_api/ndsp_platform_gateway_9001.cjs	ndsp_platform_gateway_9001.cjs	28	2f7e854d3723dbc83b7ce18c1af520d31bc859a9cb6c6c4db510ade1b24f3b46	// NDSP_V40_FOUR_PLAN_RESPONSE_POLICY_BEGIN	Candidate evidence only; manual verification required.
EVD-bd0a7144c223	GOVERNANCE_DISCOVERY	INFERRED_FROM_SOURCE	backend/auth_api/ndsp_platform_gateway_9001.cjs	ndsp_platform_gateway_9001.cjs	73	2f7e854d3723dbc83b7ce18c1af520d31bc859a9cb6c6c4db510ade1b24f3b46	data.entitlement = { plan: String(plan || 'essential').toLowerCase(), policy: 'server-enforced-v40' };	Candidate evidence only; manual verification required.
EVD-b76d408cfc53	GOVERNANCE_DISCOVERY	INFERRED_FROM_SOURCE	backend/auth_api/ndsp_platform_gateway_9001.cjs	ndsp_platform_gateway_9001.cjs	110	2f7e854d3723dbc83b7ce18c1af520d31bc859a9cb6c6c4db510ade1b24f3b46	data.entitlement = { plan: String(plan || 'essential').toLowerCase(), history_days: days, policy: 'server-enforced-v40' };	Candidate evidence only; manual verification required.
EVD-6770772ca7f8	GOVERNANCE_DISCOVERY	INFERRED_FROM_SOURCE	backend/auth_api/ndsp_platform_gateway_9001.cjs	ndsp_platform_gateway_9001.cjs	123	2f7e854d3723dbc83b7ce18c1af520d31bc859a9cb6c6c4db510ade1b24f3b46	delete analysis.layer_visibility_policy;	Candidate evidence only; manual verification required.
EVD-e90ceb5cc54b	GOVERNANCE_DISCOVERY	INFERRED_FROM_SOURCE	backend/auth_api/ndsp_platform_gateway_9001.cjs	ndsp_platform_gateway_9001.cjs	126	2f7e854d3723dbc83b7ce18c1af520d31bc859a9cb6c6c4db510ade1b24f3b46	data.entitlement = { plan: String(plan || 'essential').toLowerCase(), policy: 'server-enforced-v40' };	Candidate evidence only; manual verification required.
EVD-1f386c899526	GOVERNANCE_DISCOVERY	INFERRED_FROM_SOURCE	backend/auth_api/ndsp_platform_gateway_9001.cjs	ndsp_platform_gateway_9001.cjs	140	2f7e854d3723dbc83b7ce18c1af520d31bc859a9cb6c6c4db510ade1b24f3b46	// NDSP_V40_FOUR_PLAN_RESPONSE_POLICY_END	Candidate evidence only; manual verification required.
EVD-226d39ffb0f6	GOVERNANCE_DISCOVERY	INFERRED_FROM_SOURCE	backend/auth_api/ndsp_platform_gateway_9001.cjs	ndsp_platform_gateway_9001.cjs	143	2f7e854d3723dbc83b7ce18c1af520d31bc859a9cb6c6c4db510ade1b24f3b46	// This changes only user-facing labels and keys after the existing V40 policy.	Candidate evidence only; manual verification required.
EVD-b2ab4b9084ef	GOVERNANCE_DISCOVERY	INFERRED_FROM_SOURCE	backend/auth_api/ndsp_platform_gateway_9001.cjs	ndsp_platform_gateway_9001.cjs	201	2f7e854d3723dbc83b7ce18c1af520d31bc859a9cb6c6c4db510ade1b24f3b46	// NDSP_V43_FREEMIUM_CONVERSION_GATES_BEGIN	Candidate evidence only; manual verification required.
EVD-a9c42bbbe14e	GOVERNANCE_DISCOVERY	INFERRED_FROM_SOURCE	backend/auth_api/ndsp_platform_gateway_9001.cjs	ndsp_platform_gateway_9001.cjs	262	2f7e854d3723dbc83b7ce18c1af520d31bc859a9cb6c6c4db510ade1b24f3b46	plan: access.plan, policy: 'server-enforced-v43', free_daily_limit: access.plan === 'essential' ? V43_FREE_DAILY_LIMIT : null,	Candidate evidence only; manual verification required.
EVD-4f369b5dfc1d	GOVERNANCE_DISCOVERY	INFERRED_FROM_SOURCE	backend/auth_api/ndsp_platform_gateway_9001.cjs	ndsp_platform_gateway_9001.cjs	271	2f7e854d3723dbc83b7ce18c1af520d31bc859a9cb6c6c4db510ade1b24f3b46	// NDSP_V43_FREEMIUM_CONVERSION_GATES_END	Candidate evidence only; manual verification required.
EVD-d8ce86078be6	GOVERNANCE_DISCOVERY	INFERRED_FROM_SOURCE	backend/auth_api/ndsp_platform_gateway_9001.cjs	ndsp_platform_gateway_9001.cjs	378	2f7e854d3723dbc83b7ce18c1af520d31bc859a9cb6c6c4db510ade1b24f3b46	contract_version: String(v46Pick(data, ['contract_version','schema_version','contract']) || 'decision-room-v31-v46'),	Candidate evidence only; manual verification required.
EVD-fc7b5061c010	GOVERNANCE_DISCOVERY	INFERRED_FROM_SOURCE	backend/auth_api/ndsp_platform_gateway_9001.cjs	ndsp_platform_gateway_9001.cjs	554	2f7e854d3723dbc83b7ce18c1af520d31bc859a9cb6c6c4db510ade1b24f3b46	if (!res.headersSent) return sendJson(res, 503, { ok: false, error: 'GOVERNED_RESPONSE_UNAVAILABLE', policy: 'fail-closed-v46' });	Candidate evidence only; manual verification required.
EVD-a7575da658d7	GOVERNANCE_DISCOVERY	INFERRED_FROM_SOURCE	backend/auth_api/ndsp_platform_gateway_9001.cjs	ndsp_platform_gateway_9001.cjs	650	2f7e854d3723dbc83b7ce18c1af520d31bc859a9cb6c6c4db510ade1b24f3b46	if (!gate.ok) return sendJson(res, gate.status, { ok: false, error: gate.error, daily_limit: gate.daily_limit, remaining: gate.remaining, upgrade_to: gate.upgrade_to, policy: 'database-enforced-v46' });	Candidate evidence only; manual verification required.
EVD-59ee371b6f5d	GOVERNANCE_DISCOVERY	INFERRED_FROM_SOURCE	backend/auth_api/ndsp_saas_packages_policy.cjs	ndsp_saas_packages_policy.cjs	132	6b2629a67147e9addba300d1aac54aebc2645b095db156b1c92a54bb7931da82	function getPackagePolicy(plan) {	Candidate evidence only; manual verification required.
EVD-fbcbe36922d6	GOVERNANCE_DISCOVERY	INFERRED_FROM_SOURCE	backend/auth_api/ndsp_saas_packages_policy.cjs	ndsp_saas_packages_policy.cjs	139	6b2629a67147e9addba300d1aac54aebc2645b095db156b1c92a54bb7931da82	policy: 'NDSP_SAAS_PACKAGES_POLICY',	Candidate evidence only; manual verification required.
EVD-47a7df06bcd8	GOVERNANCE_DISCOVERY	INFERRED_FROM_SOURCE	backend/auth_api/ndsp_saas_packages_policy.cjs	ndsp_saas_packages_policy.cjs	147	6b2629a67147e9addba300d1aac54aebc2645b095db156b1c92a54bb7931da82	const pkg = getPackagePolicy(plan);	Candidate evidence only; manual verification required.
EVD-e7dde6544d40	GOVERNANCE_DISCOVERY	INFERRED_FROM_SOURCE	backend/auth_api/ndsp_saas_packages_policy.cjs	ndsp_saas_packages_policy.cjs	164	6b2629a67147e9addba300d1aac54aebc2645b095db156b1c92a54bb7931da82	function attachSaasPackagePolicy(analysis, user, options = {}) {	Candidate evidence only; manual verification required.
EVD-d991af6eabdd	GOVERNANCE_DISCOVERY	INFERRED_FROM_SOURCE	backend/auth_api/ndsp_saas_packages_policy.cjs	ndsp_saas_packages_policy.cjs	167	6b2629a67147e9addba300d1aac54aebc2645b095db156b1c92a54bb7931da82	const pkg = getPackagePolicy(planKey);	Candidate evidence only; manual verification required.
EVD-e77f7152f25f	GOVERNANCE_DISCOVERY	INFERRED_FROM_SOURCE	backend/auth_api/ndsp_saas_packages_policy.cjs	ndsp_saas_packages_policy.cjs	169	6b2629a67147e9addba300d1aac54aebc2645b095db156b1c92a54bb7931da82	safe.saas_package_policy = {	Candidate evidence only; manual verification required.
EVD-bb773bd1d455	GOVERNANCE_DISCOVERY	INFERRED_FROM_SOURCE	backend/auth_api/ndsp_saas_packages_policy.cjs	ndsp_saas_packages_policy.cjs	170	6b2629a67147e9addba300d1aac54aebc2645b095db156b1c92a54bb7931da82	policy: 'NDSP_SAAS_PACKAGES_POLICY',	Candidate evidence only; manual verification required.
EVD-f8b35f6186d4	GOVERNANCE_DISCOVERY	INFERRED_FROM_SOURCE	backend/auth_api/ndsp_saas_packages_policy.cjs	ndsp_saas_packages_policy.cjs	189	6b2629a67147e9addba300d1aac54aebc2645b095db156b1c92a54bb7931da82	safe.governance = Object.assign({}, safe.governance || {}, {	Candidate evidence only; manual verification required.
EVD-01c61a438918	GOVERNANCE_DISCOVERY	INFERRED_FROM_SOURCE	backend/auth_api/ndsp_saas_packages_policy.cjs	ndsp_saas_packages_policy.cjs	190	6b2629a67147e9addba300d1aac54aebc2645b095db156b1c92a54bb7931da82	saas_package_policy_active: true,	Candidate evidence only; manual verification required.
EVD-7a3fda426938	GOVERNANCE_DISCOVERY	INFERRED_FROM_SOURCE	backend/auth_api/ndsp_saas_packages_policy.cjs	ndsp_saas_packages_policy.cjs	211	6b2629a67147e9addba300d1aac54aebc2645b095db156b1c92a54bb7931da82	const p = getPackagePolicy(plan);	Candidate evidence only; manual verification required.
EVD-d62806faf7fa	GOVERNANCE_DISCOVERY	INFERRED_FROM_SOURCE	backend/auth_api/ndsp_saas_packages_policy.cjs	ndsp_saas_packages_policy.cjs	234	6b2629a67147e9addba300d1aac54aebc2645b095db156b1c92a54bb7931da82	getPackagePolicy,	Candidate evidence only; manual verification required.
EVD-d133ceb26b19	GOVERNANCE_DISCOVERY	INFERRED_FROM_SOURCE	backend/auth_api/ndsp_saas_packages_policy.cjs	ndsp_saas_packages_policy.cjs	237	6b2629a67147e9addba300d1aac54aebc2645b095db156b1c92a54bb7931da82	attachSaasPackagePolicy,	Candidate evidence only; manual verification required.
EVD-878fe58f95b4	GOVERNANCE_DISCOVERY	INFERRED_FROM_SOURCE	backend/auth_api/ndsp_tdl_trade_horizon_addons.cjs	ndsp_tdl_trade_horizon_addons.cjs	15	12f1a17cd7d754049e0107f385d05df72c9216b410c2e0cdc35bb2dc8c46c036	Source Priority Policy:	Candidate evidence only; manual verification required.
EVD-56517d16bc00	GOVERNANCE_DISCOVERY	INFERRED_FROM_SOURCE	backend/auth_api/ndsp_tdl_trade_horizon_addons.cjs	ndsp_tdl_trade_horizon_addons.cjs	31	12f1a17cd7d754049e0107f385d05df72c9216b410c2e0cdc35bb2dc8c46c036	const INTERNAL_SOURCE_PRIORITY_POLICY = Object.freeze({	Candidate evidence only; manual verification required.
EVD-01e387dfed9f	GOVERNANCE_DISCOVERY	INFERRED_FROM_SOURCE	backend/auth_api/ndsp_tdl_trade_horizon_addons.cjs	ndsp_tdl_trade_horizon_addons.cjs	214	12f1a17cd7d754049e0107f385d05df72c9216b410c2e0cdc35bb2dc8c46c036	Existing TDL timing controller policy:	Candidate evidence only; manual verification required.
EVD-0b0a73dbce12	GOVERNANCE_DISCOVERY	INFERRED_FROM_SOURCE	backend/auth_api/ndsp_tdl_trade_horizon_addons.cjs	ndsp_tdl_trade_horizon_addons.cjs	331	12f1a17cd7d754049e0107f385d05df72c9216b410c2e0cdc35bb2dc8c46c036	policy_version: 'TDL_ADDONS_01_02_20260529',	Candidate evidence only; manual verification required.
EVD-b324d2335da2	GOVERNANCE_DISCOVERY	INFERRED_FROM_SOURCE	backend/auth_api/ndsp_tdl_trade_horizon_addons.cjs	ndsp_tdl_trade_horizon_addons.cjs	374	12f1a17cd7d754049e0107f385d05df72c9216b410c2e0cdc35bb2dc8c46c036	source_priority_policy_public: {	Candidate evidence only; manual verification required.
EVD-e65c29586a21	GOVERNANCE_DISCOVERY	INFERRED_FROM_SOURCE	backend/auth_api/ndsp_tdl_trade_horizon_addons.cjs	ndsp_tdl_trade_horizon_addons.cjs	375	12f1a17cd7d754049e0107f385d05df72c9216b410c2e0cdc35bb2dc8c46c036	primary_then_fallback_policy_applied: true,	Candidate evidence only; manual verification required.
EVD-d88e39e888f0	GOVERNANCE_DISCOVERY	INFERRED_FROM_SOURCE	backend/auth_api/ndsp_tdl_trade_horizon_addons.cjs	ndsp_tdl_trade_horizon_addons.cjs	411	12f1a17cd7d754049e0107f385d05df72c9216b410c2e0cdc35bb2dc8c46c036	safeAnalysis.governance = Object.assign({}, safeAnalysis.governance || {}, {	Candidate evidence only; manual verification required.
EVD-a82afc014a0d	GOVERNANCE_DISCOVERY	INFERRED_FROM_SOURCE	backend/auth_api/ndsp_tdl_trade_horizon_addons.cjs	ndsp_tdl_trade_horizon_addons.cjs	490	12f1a17cd7d754049e0107f385d05df72c9216b410c2e0cdc35bb2dc8c46c036	INTERNAL_SOURCE_PRIORITY_POLICY	Candidate evidence only; manual verification required.
EVD-4d154b1395cd	GOVERNANCE_DISCOVERY	INFERRED_FROM_SOURCE	backend/auth_api/ndsp_tdl_trade_horizon_addons.cjs	ndsp_tdl_trade_horizon_addons.cjs	712	12f1a17cd7d754049e0107f385d05df72c9216b410c2e0cdc35bb2dc8c46c036	safeAnalysis.governance = Object.assign({}, safeAnalysis.governance || {}, {	Candidate evidence only; manual verification required.
EVD-1fb3094b9a81	GOVERNANCE_DISCOVERY	INFERRED_FROM_SOURCE	backend/auth_api/ndsp_tdl_trade_horizon_addons.cjs	ndsp_tdl_trade_horizon_addons.cjs	747	12f1a17cd7d754049e0107f385d05df72c9216b410c2e0cdc35bb2dc8c46c036	'saas_package_policy',	Candidate evidence only; manual verification required.
EVD-51a8488cadc1	GOVERNANCE_DISCOVERY	INFERRED_FROM_SOURCE	backend/auth_api/ndsp_tdl_trade_horizon_addons.cjs	ndsp_tdl_trade_horizon_addons.cjs	748	12f1a17cd7d754049e0107f385d05df72c9216b410c2e0cdc35bb2dc8c46c036	'layer_name_masking_policy',	Candidate evidence only; manual verification required.
EVD-d20ff567a0ca	GOVERNANCE_DISCOVERY	INFERRED_FROM_SOURCE	backend/auth_api/ndsp_tdl_trade_horizon_addons.cjs	ndsp_tdl_trade_horizon_addons.cjs	750	12f1a17cd7d754049e0107f385d05df72c9216b410c2e0cdc35bb2dc8c46c036	'source_priority_policy_public',	Candidate evidence only; manual verification required.
EVD-c0372b58e62d	GOVERNANCE_DISCOVERY	INFERRED_FROM_SOURCE	backend/auth_api/ndsp_tdl_trade_horizon_addons.cjs	ndsp_tdl_trade_horizon_addons.cjs	776	12f1a17cd7d754049e0107f385d05df72c9216b410c2e0cdc35bb2dc8c46c036	if (key =REDACTED 'INTERNAL_SOURCE_PRIORITY_POLICY') {	Candidate evidence only; manual verification required.
EVD-369224383a6e	GOVERNANCE_DISCOVERY	INFERRED_FROM_SOURCE	backend/auth_api/ndsp_tdl_trade_horizon_addons.cjs	ndsp_tdl_trade_horizon_addons.cjs	862	12f1a17cd7d754049e0107f385d05df72c9216b410c2e0cdc35bb2dc8c46c036	/* NDSP_POLICY_METADATA_PUBLIC_OUTPUT_STRIPPER_BEGIN */	Candidate evidence only; manual verification required.
EVD-fe1576bfdbcc	GOVERNANCE_DISCOVERY	INFERRED_FROM_SOURCE	backend/auth_api/ndsp_tdl_trade_horizon_addons.cjs	ndsp_tdl_trade_horizon_addons.cjs	869	12f1a17cd7d754049e0107f385d05df72c9216b410c2e0cdc35bb2dc8c46c036	'layer_name_masking_policy',	Candidate evidence only; manual verification required.
EVD-5ca0d363603d	GOVERNANCE_DISCOVERY	INFERRED_FROM_SOURCE	backend/auth_api/ndsp_tdl_trade_horizon_addons.cjs	ndsp_tdl_trade_horizon_addons.cjs	870	12f1a17cd7d754049e0107f385d05df72c9216b410c2e0cdc35bb2dc8c46c036	'saas_package_policy',	Candidate evidence only; manual verification required.
EVD-552688374374	GOVERNANCE_DISCOVERY	INFERRED_FROM_SOURCE	backend/auth_api/ndsp_tdl_trade_horizon_addons.cjs	ndsp_tdl_trade_horizon_addons.cjs	878	12f1a17cd7d754049e0107f385d05df72c9216b410c2e0cdc35bb2dc8c46c036	'source_priority_policy_public',	Candidate evidence only; manual verification required.
EVD-604bd2bb6373	GOVERNANCE_DISCOVERY	INFERRED_FROM_SOURCE	backend/auth_api/ndsp_tdl_trade_horizon_addons.cjs	ndsp_tdl_trade_horizon_addons.cjs	907	12f1a17cd7d754049e0107f385d05df72c9216b410c2e0cdc35bb2dc8c46c036	function addSafePublicPolicy(analysis) {	Candidate evidence only; manual verification required.
EVD-b5ef6f75b4d3	GOVERNANCE_DISCOVERY	INFERRED_FROM_SOURCE	backend/auth_api/ndsp_tdl_trade_horizon_addons.cjs	ndsp_tdl_trade_horizon_addons.cjs	910	12f1a17cd7d754049e0107f385d05df72c9216b410c2e0cdc35bb2dc8c46c036	analysis.public_output_policy = {	Candidate evidence only; manual verification required.
EVD-011a8393e38b	GOVERNANCE_DISCOVERY	INFERRED_FROM_SOURCE	backend/auth_api/ndsp_tdl_trade_horizon_addons.cjs	ndsp_tdl_trade_horizon_addons.cjs	924	12f1a17cd7d754049e0107f385d05df72c9216b410c2e0cdc35bb2dc8c46c036	addSafePublicPolicy(out);	Candidate evidence only; manual verification required.
EVD-44fafb71fb7a	GOVERNANCE_DISCOVERY	INFERRED_FROM_SOURCE	backend/auth_api/ndsp_trial_register_gateway.cjs	ndsp_trial_register_gateway.cjs	576	0ae3a08d595b735644fbdb80a664629c7050a5bbca026262954ebcc48e9181fb	await client.query('ROLLBACK');	Candidate evidence only; manual verification required.
EVD-28000c1d9132	GOVERNANCE_DISCOVERY	INFERRED_FROM_SOURCE	backend/auth_api/ndsp_trial_register_gateway.cjs	ndsp_trial_register_gateway.cjs	591	0ae3a08d595b735644fbdb80a664629c7050a5bbca026262954ebcc48e9181fb	try { await client.query('ROLLBACK'); } catch (_) {}	Candidate evidence only; manual verification required.
EVD-3fbf1a228fda	GOVERNANCE_DISCOVERY	INFERRED_FROM_SOURCE	backend/auth_api/ndsp_trial_register_gateway.cjs	ndsp_trial_register_gateway.cjs	649	0ae3a08d595b735644fbdb80a664629c7050a5bbca026262954ebcc48e9181fb	await client.query('ROLLBACK');	Candidate evidence only; manual verification required.
EVD-688f52b11af9	GOVERNANCE_DISCOVERY	INFERRED_FROM_SOURCE	backend/auth_api/ndsp_trial_register_gateway.cjs	ndsp_trial_register_gateway.cjs	655	0ae3a08d595b735644fbdb80a664629c7050a5bbca026262954ebcc48e9181fb	await client.query('ROLLBACK');	Candidate evidence only; manual verification required.
EVD-b34e7d56542a	GOVERNANCE_DISCOVERY	INFERRED_FROM_SOURCE	backend/auth_api/ndsp_trial_register_gateway.cjs	ndsp_trial_register_gateway.cjs	665	0ae3a08d595b735644fbdb80a664629c7050a5bbca026262954ebcc48e9181fb	await client.query('ROLLBACK');	Candidate evidence only; manual verification required.
EVD-8ef93923979b	GOVERNANCE_DISCOVERY	INFERRED_FROM_SOURCE	backend/auth_api/ndsp_trial_register_gateway.cjs	ndsp_trial_register_gateway.cjs	694	0ae3a08d595b735644fbdb80a664629c7050a5bbca026262954ebcc48e9181fb	trial_day_1_policy: mode === 'ordinary'	Candidate evidence only; manual verification required.
EVD-756c65755bc3	GOVERNANCE_DISCOVERY	INFERRED_FROM_SOURCE	backend/auth_api/ndsp_trial_register_gateway.cjs	ndsp_trial_register_gateway.cjs	696	0ae3a08d595b735644fbdb80a664629c7050a5bbca026262954ebcc48e9181fb	: 'starts_only_after_admin_approval',	Candidate evidence only; manual verification required.
EVD-883c1d70041f	GOVERNANCE_DISCOVERY	INFERRED_FROM_SOURCE	backend/auth_api/ndsp_trial_register_gateway.cjs	ndsp_trial_register_gateway.cjs	707	0ae3a08d595b735644fbdb80a664629c7050a5bbca026262954ebcc48e9181fb	try { await client.query('ROLLBACK'); } catch (_) {}	Candidate evidence only; manual verification required.
EVD-035aed2c3a92	GOVERNANCE_DISCOVERY	INFERRED_FROM_SOURCE	backend/auth_api/ndsp_user_dashboard_gateway.cjs	ndsp_user_dashboard_gateway.cjs	5	0b7d1ba6660ec2ce8b413563443ac711816a368c2ba1c62bfc356c5205b80b15	'layer_name_masking_policy',	Candidate evidence only; manual verification required.
EVD-2eb4b8ced5db	GOVERNANCE_DISCOVERY	INFERRED_FROM_SOURCE	backend/auth_api/ndsp_user_dashboard_gateway.cjs	ndsp_user_dashboard_gateway.cjs	6	0b7d1ba6660ec2ce8b413563443ac711816a368c2ba1c62bfc356c5205b80b15	'saas_package_policy',	Candidate evidence only; manual verification required.
EVD-4a2e957cb9f7	GOVERNANCE_DISCOVERY	INFERRED_FROM_SOURCE	backend/auth_api/ndsp_user_dashboard_gateway.cjs	ndsp_user_dashboard_gateway.cjs	14	0b7d1ba6660ec2ce8b413563443ac711816a368c2ba1c62bfc356c5205b80b15	'source_priority_policy_public',	Candidate evidence only; manual verification required.
EVD-9cf78bad375d	GOVERNANCE_DISCOVERY	INFERRED_FROM_SOURCE	backend/auth_api/ndsp_user_dashboard_gateway.cjs	ndsp_user_dashboard_gateway.cjs	53	0b7d1ba6660ec2ce8b413563443ac711816a368c2ba1c62bfc356c5205b80b15	const layerNameMaskingPolicy = require('./ndsp_layer_name_masking_policy.cjs');	Candidate evidence only; manual verification required.
EVD-1c8152aac8b1	GOVERNANCE_DISCOVERY	INFERRED_FROM_SOURCE	backend/auth_api/ndsp_user_dashboard_gateway.cjs	ndsp_user_dashboard_gateway.cjs	54	0b7d1ba6660ec2ce8b413563443ac711816a368c2ba1c62bfc356c5205b80b15	const saasPackagesPolicy = require('./ndsp_saas_packages_policy.cjs');	Candidate evidence only; manual verification required.
EVD-87dfb2d9839c	GOVERNANCE_DISCOVERY	INFERRED_FROM_SOURCE	backend/auth_api/ndsp_user_dashboard_gateway.cjs	ndsp_user_dashboard_gateway.cjs	157	0b7d1ba6660ec2ce8b413563443ac711816a368c2ba1c62bfc356c5205b80b15	function finalLayerPolicy() {	Candidate evidence only; manual verification required.
EVD-eb64646e435c	GOVERNANCE_DISCOVERY	INFERRED_FROM_SOURCE	backend/auth_api/ndsp_user_dashboard_gateway.cjs	ndsp_user_dashboard_gateway.cjs	176	0b7d1ba6660ec2ce8b413563443ac711816a368c2ba1c62bfc356c5205b80b15	governance:{	Candidate evidence only; manual verification required.
EVD-39c40e7bdc89	GOVERNANCE_DISCOVERY	INFERRED_FROM_SOURCE	backend/auth_api/ndsp_user_dashboard_gateway.cjs	ndsp_user_dashboard_gateway.cjs	214	0b7d1ba6660ec2ce8b413563443ac711816a368c2ba1c62bfc356c5205b80b15	layer_visibility_policy:finalLayerPolicy(),	Candidate evidence only; manual verification required.
EVD-882f06d2acf1	GOVERNANCE_DISCOVERY	INFERRED_FROM_SOURCE	backend/auth_api/ndsp_user_dashboard_gateway.cjs	ndsp_user_dashboard_gateway.cjs	226	0b7d1ba6660ec2ce8b413563443ac711816a368c2ba1c62bfc356c5205b80b15	governance:{	Candidate evidence only; manual verification required.
EVD-75bbf73f4558	GOVERNANCE_DISCOVERY	INFERRED_FROM_SOURCE	backend/auth_api/ndsp_user_dashboard_gateway.cjs	ndsp_user_dashboard_gateway.cjs	248	0b7d1ba6660ec2ce8b413563443ac711816a368c2ba1c62bfc356c5205b80b15	policy:{	Candidate evidence only; manual verification required.
EVD-704b07be841e	GOVERNANCE_DISCOVERY	INFERRED_FROM_SOURCE	backend/auth_api/ndsp_user_dashboard_gateway.cjs	ndsp_user_dashboard_gateway.cjs	279	0b7d1ba6660ec2ce8b413563443ac711816a368c2ba1c62bfc356c5205b80b15	analysis:saasPackagesPolicy.attachSaasPackagePolicy(layerNameMaskingPolicy.sanitizeAnalysisForPublic(tdlAddons.attachTdlTradeHorizonAddons(asset, buildSafeAnalysis(asset))), (typeof req !== 'undefined' ? req.user : null), { plan: (typeof req !== 'undefined' && req.query ? req.query.plan : undefined) })	Candidate evidence only; manual verification required.
EVD-37167c12601f	GOVERNANCE_DISCOVERY	INFERRED_FROM_SOURCE	backend/auth_api/ndsp_user_dashboard_gateway.cjs	ndsp_user_dashboard_gateway.cjs	299	0b7d1ba6660ec2ce8b413563443ac711816a368c2ba1c62bfc356c5205b80b15	/* NDSP_SAAS_PACKAGES_POLICY_ENDPOINT_BEGIN */	Candidate evidence only; manual verification required.
EVD-720645b7d4ba	GOVERNANCE_DISCOVERY	INFERRED_FROM_SOURCE	backend/auth_api/ndsp_user_dashboard_gateway.cjs	ndsp_user_dashboard_gateway.cjs	302	0b7d1ba6660ec2ce8b413563443ac711816a368c2ba1c62bfc356c5205b80b15	app.get('/api/user-dashboard/saas-policy', (req, res) => {	Candidate evidence only; manual verification required.
EVD-80f19bf683b3	GOVERNANCE_DISCOVERY	INFERRED_FROM_SOURCE	backend/auth_api/ndsp_user_dashboard_gateway.cjs	ndsp_user_dashboard_gateway.cjs	307	0b7d1ba6660ec2ce8b413563443ac711816a368c2ba1c62bfc356c5205b80b15	endpoint: '/api/user-dashboard/saas-policy',	Candidate evidence only; manual verification required.
EVD-d999822ac44d	GOVERNANCE_DISCOVERY	INFERRED_FROM_SOURCE	backend/auth_api/ndsp_user_dashboard_gateway.cjs	ndsp_user_dashboard_gateway.cjs	308	0b7d1ba6660ec2ce8b413563443ac711816a368c2ba1c62bfc356c5205b80b15	active_plan: saasPackagesPolicy.normalizePlan(plan),	Candidate evidence only; manual verification required.
EVD-951294861764	GOVERNANCE_DISCOVERY	INFERRED_FROM_SOURCE	backend/auth_api/ndsp_user_dashboard_gateway.cjs	ndsp_user_dashboard_gateway.cjs	309	0b7d1ba6660ec2ce8b413563443ac711816a368c2ba1c62bfc356c5205b80b15	policy: saasPackagesPolicy.publicPackages(),	Candidate evidence only; manual verification required.
EVD-e58025b8e5fe	GOVERNANCE_DISCOVERY	INFERRED_FROM_SOURCE	backend/auth_api/ndsp_user_dashboard_gateway.cjs	ndsp_user_dashboard_gateway.cjs	310	0b7d1ba6660ec2ce8b413563443ac711816a368c2ba1c62bfc356c5205b80b15	effective_visibility: saasPackagesPolicy.layerVisibilityForPlan(plan)	Candidate evidence only; manual verification required.
EVD-68a9c2b56954	GOVERNANCE_DISCOVERY	INFERRED_FROM_SOURCE	backend/auth_api/ndsp_user_dashboard_gateway.cjs	ndsp_user_dashboard_gateway.cjs	315	0b7d1ba6660ec2ce8b413563443ac711816a368c2ba1c62bfc356c5205b80b15	/* NDSP_SAAS_PACKAGES_POLICY_ENDPOINT_END */	Candidate evidence only; manual verification required.
EVD-74e2fbca231f	GOVERNANCE_DISCOVERY	INFERRED_FROM_SOURCE	backend/auth_api/ndsp_user_login_gateway.cjs	ndsp_user_login_gateway.cjs	159	932cbbdda617f2189741843bb11d74b8218e837c61004f9e7ee07c7995854421	essential: { decision_summary: true, levels: true, nmp: true, completion_radar: true, history_days: 30, alternatives: false, alerts: false, professional_evidence: false, export: false, teams: false, audit: false, integrations: false },	Candidate evidence only; manual verification required.
EVD-42389dca7fa0	GOVERNANCE_DISCOVERY	INFERRED_FROM_SOURCE	backend/auth_api/ndsp_user_login_gateway.cjs	ndsp_user_login_gateway.cjs	160	932cbbdda617f2189741843bb11d74b8218e837c61004f9e7ee07c7995854421	advanced: { decision_summary: true, levels: true, nmp: true, completion_radar: true, history_days: 90, alternatives: true, alerts: true, professional_evidence: false, export: false, teams: false, audit: false, integrations: false },	Candidate evidence only; manual verification required.
EVD-82f052ddd026	GOVERNANCE_DISCOVERY	INFERRED_FROM_SOURCE	backend/auth_api/ndsp_user_login_gateway.cjs	ndsp_user_login_gateway.cjs	161	932cbbdda617f2189741843bb11d74b8218e837c61004f9e7ee07c7995854421	professional: { decision_summary: true, levels: true, nmp: true, completion_radar: true, history_days: 365, alternatives: true, alerts: true, professional_evidence: true, export: true, teams: false, audit: false, integrations: false },	Candidate evidence only; manual verification required.
EVD-8ddceadf5319	GOVERNANCE_DISCOVERY	INFERRED_FROM_SOURCE	backend/auth_api/ndsp_user_login_gateway.cjs	ndsp_user_login_gateway.cjs	162	932cbbdda617f2189741843bb11d74b8218e837c61004f9e7ee07c7995854421	enterprise: { decision_summary: true, levels: true, nmp: true, completion_radar: true, history_days: 365, alternatives: true, alerts: true, professional_evidence: true, export: true, teams: true, audit: true, integrations: true },	Candidate evidence only; manual verification required.
EVD-18cf0920baa6	GOVERNANCE_DISCOVERY	INFERRED_FROM_SOURCE	backend/auth_api/ndsp_user_login_gateway.cjs	ndsp_user_login_gateway.cjs	569	932cbbdda617f2189741843bb11d74b8218e837c61004f9e7ee07c7995854421	[String(user.id), usageKey, !!gate.allowed, gate.allowed ? null : 'daily_limit', requestId, JSON.stringify({ plan: access.plan, policy: 'database-v46' })],	Candidate evidence only; manual verification required.
EVD-965b0ef2ac02	GOVERNANCE_DISCOVERY	INFERRED_FROM_SOURCE	backend/auth_api/ndsp_user_login_gateway.cjs	ndsp_user_login_gateway.cjs	574	932cbbdda617f2189741843bb11d74b8218e837c61004f9e7ee07c7995854421	used_count: Number(gate.used_count), remaining: 0, upgrade_to: 'advanced', policy: 'database-enforced-v46',	Candidate evidence only; manual verification required.
EVD-ba485e177fc7	GOVERNANCE_DISCOVERY	INFERRED_FROM_SOURCE	backend/auth_api/ndsp_user_login_gateway.cjs	ndsp_user_login_gateway.cjs	579	932cbbdda617f2189741843bb11d74b8218e837c61004f9e7ee07c7995854421	policy: 'database-enforced-v46',	Candidate evidence only; manual verification required.
EVD-8d8d8388485b	GOVERNANCE_DISCOVERY	INFERRED_FROM_SOURCE	backend/auth_api/ndsp_user_login_gateway.cjs	ndsp_user_login_gateway.cjs	582	932cbbdda617f2189741843bb11d74b8218e837c61004f9e7ee07c7995854421	try { await client.query('ROLLBACK'); } catch (_) {}	Candidate evidence only; manual verification required.
EVD-a8e1918e34b2	GOVERNANCE_DISCOVERY	INFERRED_FROM_SOURCE	backend/auth_api/ndsp_user_login_gateway.cjs	ndsp_user_login_gateway.cjs	630	932cbbdda617f2189741843bb11d74b8218e837c61004f9e7ee07c7995854421	`SELECT campaign_key,campaign_version,survey_kind,trigger_policy	Candidate evidence only; manual verification required.
EVD-90eb6283a813	GOVERNANCE_DISCOVERY	INFERRED_FROM_SOURCE	backend/auth_api/ndsp_user_login_gateway.cjs	ndsp_user_login_gateway.cjs	678	932cbbdda617f2189741843bb11d74b8218e837c61004f9e7ee07c7995854421	if (!campaign) { await client.query('ROLLBACK'); return send(res, 409, { ok: false, error: 'SURVEY_NOT_ACTIVE' }); }	Candidate evidence only; manual verification required.
EVD-c41db833db40	GOVERNANCE_DISCOVERY	INFERRED_FROM_SOURCE	backend/auth_api/ndsp_user_login_gateway.cjs	ndsp_user_login_gateway.cjs	688	932cbbdda617f2189741843bb11d74b8218e837c61004f9e7ee07c7995854421	await client.query('ROLLBACK');	Candidate evidence only; manual verification required.
EVD-840d22abff2c	GOVERNANCE_DISCOVERY	INFERRED_FROM_SOURCE	backend/auth_api/ndsp_user_login_gateway.cjs	ndsp_user_login_gateway.cjs	716	932cbbdda617f2189741843bb11d74b8218e837c61004f9e7ee07c7995854421	(response_key,campaign_key,subject_key,plan_code,experience_level,use_case,interface_version,trigger_code,status,completed_at,skipped_at)	Candidate evidence only; manual verification required.
EVD-3fb4c0b49377	GOVERNANCE_DISCOVERY	INFERRED_FROM_SOURCE	backend/auth_api/ndsp_user_login_gateway.cjs	ndsp_user_login_gateway.cjs	721	932cbbdda617f2189741843bb11d74b8218e837c61004f9e7ee07c7995854421	interface_version=EXCLUDED.interface_version,trigger_code=EXCLUDED.trigger_code,status=EXCLUDED.status,	Candidate evidence only; manual verification required.
EVD-928a11d4c7c5	GOVERNANCE_DISCOVERY	INFERRED_FROM_SOURCE	backend/auth_api/ndsp_user_login_gateway.cjs	ndsp_user_login_gateway.cjs	743	932cbbdda617f2189741843bb11d74b8218e837c61004f9e7ee07c7995854421	try { await client.query('ROLLBACK'); } catch (_) {}	Candidate evidence only; manual verification required.
EVD-6a61e3538d12	GOVERNANCE_DISCOVERY	INFERRED_FROM_SOURCE	backend/auth_api/ndsp_user_login_gateway.cjs	ndsp_user_login_gateway.cjs	770	932cbbdda617f2189741843bb11d74b8218e837c61004f9e7ee07c7995854421	if (!value.request_id || !value.disclaimer_version || !value.terms_version || !value.privacy_version || !value.accepted_at || !Number.isFinite(Date.parse(value.accepted_at))) {	Candidate evidence only; manual verification required.
EVD-00c146fa0486	GOVERNANCE_DISCOVERY	INFERRED_FROM_SOURCE	backend/auth_api/ndsp_user_login_gateway.cjs	ndsp_user_login_gateway.cjs	775	932cbbdda617f2189741843bb11d74b8218e837c61004f9e7ee07c7995854421	(subject_key,email_sha256,request_id,disclaimer_version,terms_version,privacy_version,acceptance_source,upstream_status,user_agent_sha256,evidence_sha256,accepted_at,metadata)	Candidate evidence only; manual verification required.
EVD-c0c4cfdcb768	GOVERNANCE_DISCOVERY	INFERRED_FROM_SOURCE	backend/auth_api/ndsp_user_login_gateway.cjs	ndsp_user_login_gateway.cjs	779	932cbbdda617f2189741843bb11d74b8218e837c61004f9e7ee07c7995854421	[value.subject_key || null, value.email_sha256, String(value.request_id).slice(0, 200), String(value.disclaimer_version), String(value.terms_version), String(value.privacy_version), String(value.source || 'web-registration'), Number.isInteger(value.upstream_status) ? value.upstream_status : null, value.user_agent_sha256 || null, value.evidence_sha256, new Date(value.accepted_at), JSON.stringify({ runtime: 'v46' })],	Candidate evidence only; manual verification required.
EVD-7c8fa18e70aa	GOVERNANCE_DISCOVERY	INFERRED_FROM_SOURCE	backend/auth_api/ndsp_user_login_gateway.cjs	ndsp_user_login_gateway.cjs	786	932cbbdda617f2189741843bb11d74b8218e837c61004f9e7ee07c7995854421	if (!value.decision_id || !value.contract_version || !/^[0-9a-f]{64}$/.test(String(value.payload_sha256 || ''))) {	Candidate evidence only; manual verification required.
EVD-cd47f7abf187	GOVERNANCE_DISCOVERY	INFERRED_FROM_SOURCE	backend/auth_api/ndsp_user_login_gateway.cjs	ndsp_user_login_gateway.cjs	796	932cbbdda617f2189741843bb11d74b8218e837c61004f9e7ee07c7995854421	(decision_id,asset_symbol,timeframe,snapshot_kind,contract_version,source_observed_at,payload_sha256,source_manifest,governed_snapshot,visibility,verification_status)	Candidate evidence only; manual verification required.
EVD-4c8e8579d6f5	GOVERNANCE_DISCOVERY	INFERRED_FROM_SOURCE	backend/auth_api/ndsp_user_login_gateway.cjs	ndsp_user_login_gateway.cjs	798	932cbbdda617f2189741843bb11d74b8218e837c61004f9e7ee07c7995854421	ON CONFLICT (decision_id,contract_version,payload_sha256) DO UPDATE SET captured_at=public.ndsp_decision_evidence_snapshots.captured_at	Candidate evidence only; manual verification required.
EVD-f7e3b60be9f2	GOVERNANCE_DISCOVERY	INFERRED_FROM_SOURCE	backend/db/schema.sql	schema.sql	3	a393ae32977670d3b4f165992fbf1a2d8307a021aec5c2e4c5774f1f31cb4f98	-- Governance: decision_outputs / scenario_levels store ONLY sanitized public	Candidate evidence only; manual verification required.
EVD-cf981a7f3d45	GOVERNANCE_DISCOVERY	INFERRED_FROM_SOURCE	backend/db/schema.sql	schema.sql	5	a393ae32977670d3b4f165992fbf1a2d8307a021aec5c2e4c5774f1f31cb4f98	-- here and never leave the engine. audit_logs records every mutating action.	Candidate evidence only; manual verification required.
EVD-831fa78995c4	GOVERNANCE_DISCOVERY	INFERRED_FROM_SOURCE	backend/db/schema.sql	schema.sql	100	a393ae32977670d3b4f165992fbf1a2d8307a021aec5c2e4c5774f1f31cb4f98	audit_class VARCHAR(40) NOT NULL DEFAULT 'VISIBLE_BY_PACKAGE'	Candidate evidence only; manual verification required.
EVD-ccdb3f755daf	GOVERNANCE_DISCOVERY	INFERRED_FROM_SOURCE	backend/db/schema.sql	schema.sql	162	a393ae32977670d3b4f165992fbf1a2d8307a021aec5c2e4c5774f1f31cb4f98	governance_note               TEXT,	Candidate evidence only; manual verification required.
EVD-7e9ed62e8d99	GOVERNANCE_DISCOVERY	INFERRED_FROM_SOURCE	backend/db/schema.sql	schema.sql	191	a393ae32977670d3b4f165992fbf1a2d8307a021aec5c2e4c5774f1f31cb4f98	-- ---------- audit, settings, governance ----------	Candidate evidence only; manual verification required.
EVD-6802ff1eea72	GOVERNANCE_DISCOVERY	INFERRED_FROM_SOURCE	backend/db/schema.sql	schema.sql	192	a393ae32977670d3b4f165992fbf1a2d8307a021aec5c2e4c5774f1f31cb4f98	CREATE TABLE IF NOT EXISTS audit_logs (	Candidate evidence only; manual verification required.
EVD-72f6b4069040	GOVERNANCE_DISCOVERY	INFERRED_FROM_SOURCE	backend/db/schema.sql	schema.sql	202	a393ae32977670d3b4f165992fbf1a2d8307a021aec5c2e4c5774f1f31cb4f98	CREATE INDEX IF NOT EXISTS ix_audit_actor ON audit_logs(actor_id);	Candidate evidence only; manual verification required.
EVD-e0382c2a3111	GOVERNANCE_DISCOVERY	INFERRED_FROM_SOURCE	backend/db/schema.sql	schema.sql	210	a393ae32977670d3b4f165992fbf1a2d8307a021aec5c2e4c5774f1f31cb4f98	CREATE TABLE IF NOT EXISTS governance_status (	Candidate evidence only; manual verification required.
EVD-d0091947dcd5	GOVERNANCE_DISCOVERY	DOCUMENTATION_ONLY	backend/docs/API_CONTRACT.md	API_CONTRACT.md	27	1d1612a345ab947f706b1a179103ca93340e7bd913be76593349af5093d3ecce	### GET /governance	Candidate evidence only; manual verification required.
EVD-3107c94d9c99	GOVERNANCE_DISCOVERY	DOCUMENTATION_ONLY	backend/docs/API_CONTRACT.md	API_CONTRACT.md	28	1d1612a345ab947f706b1a179103ca93340e7bd913be76593349af5093d3ecce	**200** → أعلام الحوكمة (مصدر القرار، العرض فقط، لا تنفيذ، لا نصيحة، إلخ).	Candidate evidence only; manual verification required.
EVD-d02da137d9cd	GOVERNANCE_DISCOVERY	DOCUMENTATION_ONLY	backend/docs/API_CONTRACT.md	API_CONTRACT.md	79	1d1612a345ab947f706b1a179103ca93340e7bd913be76593349af5093d3ecce	"**200** → `{ ""data"": [ { ""code"": ""fx"", ""name_ar"": ""..."", ""name_en"": ""FX"", ""state"": ""live"", ""audit_class"": ""VISIBLE_BY_PACKAGE"" } ] }`"	Candidate evidence only; manual verification required.
EVD-734d11d95977	GOVERNANCE_DISCOVERY	DOCUMENTATION_ONLY	backend/docs/API_CONTRACT.md	API_CONTRACT.md	108	1d1612a345ab947f706b1a179103ca93340e7bd913be76593349af5093d3ecce	"""governance_note"": ""مراجع سياقية لدعم القرار فقط، وليست نصيحة مالية."""	Candidate evidence only; manual verification required.
EVD-a4feb962221f	GOVERNANCE_DISCOVERY	DOCUMENTATION_ONLY	backend/docs/API_CONTRACT.md	API_CONTRACT.md	167	1d1612a345ab947f706b1a179103ca93340e7bd913be76593349af5093d3ecce	اعتماد/رفض يدوي + تسجيل تدقيق.	Candidate evidence only; manual verification required.
EVD-b899b5b46baf	GOVERNANCE_DISCOVERY	DOCUMENTATION_ONLY	backend/docs/BACKEND_GUIDE.md	BACKEND_GUIDE.md	12	0ae935dbc724226cc913c8583ee3565b9734fa8234d6c625e4752920683ab3a6	├─ bootstrap.py       ← إنشاء الجداول + بيانات أولية (باقات/أسواق/أصول/أعلام حوكمة) + أول أدمن	Candidate evidence only; manual verification required.
EVD-d2d85164f578	GOVERNANCE_DISCOVERY	DOCUMENTATION_ONLY	backend/docs/BACKEND_GUIDE.md	BACKEND_GUIDE.md	134	0ae935dbc724226cc913c8583ee3565b9734fa8234d6c625e4752920683ab3a6	curl -s http://127.0.0.1:8000/governance	Candidate evidence only; manual verification required.
EVD-f9dc0e8638cb	GOVERNANCE_DISCOVERY	DOCUMENTATION_ONLY	backend/docs/BACKEND_GUIDE.md	BACKEND_GUIDE.md	141	0ae935dbc724226cc913c8583ee3565b9734fa8234d6c625e4752920683ab3a6	# دخول (بعد اعتماد الأدمن للحساب)	Candidate evidence only; manual verification required.
EVD-d74ba32654c3	GOVERNANCE_DISCOVERY	DOCUMENTATION_ONLY	backend/docs/BACKEND_GUIDE.md	BACKEND_GUIDE.md	182	0ae935dbc724226cc913c8583ee3565b9734fa8234d6c625e4752920683ab3a6	- مخرجات السيناريو المسموحة فقط: `scenario_state, scenario_directional_context, scenario_activation_level, scenario_arrival_level, scenario_invalidation_level, scenario_review_zone, scenario_time_horizon, scenario_confidence_band, scenario_risk_note, scenario_follow_up_note, scenario_last_updated, scenario_status_label, governance_note`.	Candidate evidence only; manual verification required.
EVD-995da5676eb4	GOVERNANCE_DISCOVERY	DOCUMENTATION_ONLY	backend/docs/NDSP_BACKEND_PACKAGE_README.md	NDSP_BACKEND_PACKAGE_README.md	16	f725a0ef825ce70ade9f6e563faf1aa45dfcfd20537576060b1d406afe59bb65	تطبّق قواعد الحوكمة في الكود: **Backend هو مصدر القرار، والواجهة عرض فقط**، وكل المخرجات العامة تمرّ من **المنقّح (sanitizer)** — لا تُكشف معادلات ولا أوزان ولا تسجيل داخلي ولا أسماء الطبقات المخفية ولا أسرار.	Candidate evidence only; manual verification required.
EVD-887675eea87c	GOVERNANCE_DISCOVERY	DOCUMENTATION_ONLY	backend/docs/NDSP_BACKEND_PACKAGE_README.md	NDSP_BACKEND_PACKAGE_README.md	75	f725a0ef825ce70ade9f6e563faf1aa45dfcfd20537576060b1d406afe59bb65	## الحوكمة (ملخّص)	Candidate evidence only; manual verification required.
EVD-effae8c326b3	GOVERNANCE_DISCOVERY	DOCUMENTATION_ONLY	backend/docs/SECURITY_CHECKLIST.md	SECURITY_CHECKLIST.md	3	57943a7fbc4980943950ed0c12d6605839459520a28ce200b23d4136a5ce2498	راجع هذه القائمة قبل أي إطلاق. الحوكمة والأمان فوق كل شيء.	Candidate evidence only; manual verification required.
EVD-c0bd7cbbd38e	GOVERNANCE_DISCOVERY	DOCUMENTATION_ONLY	backend/docs/SECURITY_CHECKLIST.md	SECURITY_CHECKLIST.md	33	57943a7fbc4980943950ed0c12d6605839459520a28ce200b23d4136a5ce2498	## 7) Audit logs	Candidate evidence only; manual verification required.
EVD-9a451878d15b	GOVERNANCE_DISCOVERY	DOCUMENTATION_ONLY	backend/docs/SECURITY_CHECKLIST.md	SECURITY_CHECKLIST.md	34	57943a7fbc4980943950ed0c12d6605839459520a28ce200b23d4136a5ce2498	- [ ] كل إجراء إداري/دفع/تفعيل يُسجَّل في `audit_logs` (الفاعل، الإجراء، الهدف، وقت).	Candidate evidence only; manual verification required.
EVD-72a66f6290c4	GOVERNANCE_DISCOVERY	DOCUMENTATION_ONLY	backend/docs/SECURITY_CHECKLIST.md	SECURITY_CHECKLIST.md	44	57943a7fbc4980943950ed0c12d6605839459520a28ce200b23d4136a5ce2498	- [ ] لا تفعيل اشتراك إلا بعد تحقّق ناجح أو اعتماد أدمن. **لا تفعيل تلقائي**.	Candidate evidence only; manual verification required.
EVD-c3f81977a917	GOVERNANCE_DISCOVERY	DOCUMENTATION_ONLY	backend/docs/SECURITY_CHECKLIST.md	SECURITY_CHECKLIST.md	51	57943a7fbc4980943950ed0c12d6605839459520a28ce200b23d4136a5ce2498	## 11) المنقّح والحوكمة (إلزامي)	Candidate evidence only; manual verification required.
EVD-9f2f398f8080	GOVERNANCE_DISCOVERY	DOCUMENTATION_ONLY	backend/docs/SECURITY_CHECKLIST.md	SECURITY_CHECKLIST.md	70	57943a7fbc4980943950ed0c12d6605839459520a28ce200b23d4136a5ce2498	- [ ] تحديثات الاعتماديات بانتظام.	Candidate evidence only; manual verification required.
EVD-29b7ea82b9dd	GOVERNANCE_DISCOVERY	INFERRED_FROM_SOURCE	backend/docs/openapi.yaml	openapi.yaml	4	a9e9d0b18745748974aad6e294ca3cfc289a70373e10c63843f93b84fd5ca192	version: 1.0.0	Candidate evidence only; manual verification required.
EVD-bedb1a57a5e4	GOVERNANCE_DISCOVERY	INFERRED_FROM_SOURCE	backend/docs/openapi.yaml	openapi.yaml	82	a9e9d0b18745748974aad6e294ca3cfc289a70373e10c63843f93b84fd5ca192	governance_note: { type: string }	Candidate evidence only; manual verification required.
EVD-d0a929bc56b2	GOVERNANCE_DISCOVERY	INFERRED_FROM_SOURCE	backend/docs/openapi.yaml	openapi.yaml	117	a9e9d0b18745748974aad6e294ca3cfc289a70373e10c63843f93b84fd5ca192	/governance:	Candidate evidence only; manual verification required.
EVD-9da33f433d54	GOVERNANCE_DISCOVERY	INFERRED_FROM_SOURCE	backend/docs/openapi.yaml	openapi.yaml	121	a9e9d0b18745748974aad6e294ca3cfc289a70373e10c63843f93b84fd5ca192	summary: Governance flags	Candidate evidence only; manual verification required.
EVD-8d331dfddbed	GOVERNANCE_DISCOVERY	DOCUMENTATION_ONLY	backend/framework/CHANGELOG.md	CHANGELOG.md	13	f1aaee2f33d5a4a4e29615c530d43f7d27b30707accb037c136853192b8884a7	- Version endpoint	Candidate evidence only; manual verification required.
EVD-1f8b0ceacbf0	GOVERNANCE_DISCOVERY	DOCUMENTATION_ONLY	backend/framework/README.md	README.md	15	8bbf7009a7a6c92c1b047618fe82484f0aebe05b2523aa5bfb415f55fe6ba399	- /version	Candidate evidence only; manual verification required.
EVD-79f3346de5d9	GOVERNANCE_DISCOVERY	INFERRED_FROM_SOURCE	backend/framework/about/about.cjs	about.cjs	14	b9d235f8a0fd260501e1557c431a0b63ab2eb737f47ed105ee57cdda27938bfe	documentation_version: ctx.documentationVersion || ctx.version,	Candidate evidence only; manual verification required.
EVD-ed4a175194e4	GOVERNANCE_DISCOVERY	INFERRED_FROM_SOURCE	backend/framework/about/about.cjs	about.cjs	18	b9d235f8a0fd260501e1557c431a0b63ab2eb737f47ed105ee57cdda27938bfe	version: ctx.frameworkVersion || '1.0.0'	Candidate evidence only; manual verification required.
EVD-a938322e8af6	GOVERNANCE_DISCOVERY	INFERRED_FROM_SOURCE	backend/framework/bootstrap/createNDSPService.cjs	createNDSPService.cjs	10	9783ace001b2c76cfffcabdbdccfc40e5ecebb471556d3581fcfa3b32997077e	const { registerVersion } = require('../version/version.cjs');	Candidate evidence only; manual verification required.
EVD-50c6b66864e3	GOVERNANCE_DISCOVERY	INFERRED_FROM_SOURCE	backend/framework/bootstrap/createNDSPService.cjs	createNDSPService.cjs	16	9783ace001b2c76cfffcabdbdccfc40e5ecebb471556d3581fcfa3b32997077e	const required = ['serviceId', 'serviceName', 'product', 'domain', 'version'];	Candidate evidence only; manual verification required.
EVD-a6433ff5a673	GOVERNANCE_DISCOVERY	INFERRED_FROM_SOURCE	backend/framework/bootstrap/createNDSPService.cjs	createNDSPService.cjs	28	9783ace001b2c76cfffcabdbdccfc40e5ecebb471556d3581fcfa3b32997077e	version: options.version,	Candidate evidence only; manual verification required.
EVD-321936842a65	GOVERNANCE_DISCOVERY	INFERRED_FROM_SOURCE	backend/framework/bootstrap/createNDSPService.cjs	createNDSPService.cjs	33	9783ace001b2c76cfffcabdbdccfc40e5ecebb471556d3581fcfa3b32997077e	documentationVersion: options.documentationVersion || options.version,	Candidate evidence only; manual verification required.
EVD-5a50a08f39b8	GOVERNANCE_DISCOVERY	INFERRED_FROM_SOURCE	backend/framework/bootstrap/createNDSPService.cjs	createNDSPService.cjs	34	9783ace001b2c76cfffcabdbdccfc40e5ecebb471556d3581fcfa3b32997077e	frameworkVersion: '1.0.0',	Candidate evidence only; manual verification required.
EVD-c2a2c6d79ec7	GOVERNANCE_DISCOVERY	INFERRED_FROM_SOURCE	backend/framework/bootstrap/createNDSPService.cjs	createNDSPService.cjs	35	9783ace001b2c76cfffcabdbdccfc40e5ecebb471556d3581fcfa3b32997077e	build: options.build || options.version,	Candidate evidence only; manual verification required.
EVD-1c2f487a573c	GOVERNANCE_DISCOVERY	INFERRED_FROM_SOURCE	backend/framework/bootstrap/createNDSPService.cjs	createNDSPService.cjs	43	9783ace001b2c76cfffcabdbdccfc40e5ecebb471556d3581fcfa3b32997077e	app.use(helmet({ contentSecurityPolicy: false }));	Candidate evidence only; manual verification required.
EVD-c5145b6fab01	GOVERNANCE_DISCOVERY	INFERRED_FROM_SOURCE	backend/framework/bootstrap/createNDSPService.cjs	createNDSPService.cjs	49	9783ace001b2c76cfffcabdbdccfc40e5ecebb471556d3581fcfa3b32997077e	res.setHeader('X-NDSP-Version', ctx.version);	Candidate evidence only; manual verification required.
EVD-af3acd78e0e4	GOVERNANCE_DISCOVERY	INFERRED_FROM_SOURCE	backend/framework/bootstrap/createNDSPService.cjs	createNDSPService.cjs	54	9783ace001b2c76cfffcabdbdccfc40e5ecebb471556d3581fcfa3b32997077e	registerVersion(app, ctx);	Candidate evidence only; manual verification required.
EVD-50a7c3e50db5	GOVERNANCE_DISCOVERY	INFERRED_FROM_SOURCE	backend/framework/bootstrap/createNDSPService.cjs	createNDSPService.cjs	65	9783ace001b2c76cfffcabdbdccfc40e5ecebb471556d3581fcfa3b32997077e	version: ctx.version,	Candidate evidence only; manual verification required.
EVD-d1dc92de0874	GOVERNANCE_DISCOVERY	DOCUMENTATION_ONLY	backend/framework/contracts/ENG-001-NDSP-Service-Framework.md	ENG-001-NDSP-Service-Framework.md	17	974f33e2830b19882215ed549c9106d4216e8eae3a34deb3822c1891b2e76e1b	"version: ""1.0.0"""	Candidate evidence only; manual verification required.
EVD-3719a5e12eb2	GOVERNANCE_DISCOVERY	DOCUMENTATION_ONLY	backend/framework/contracts/ENG-001-NDSP-Service-Framework.md	ENG-001-NDSP-Service-Framework.md	26	974f33e2830b19882215ed549c9106d4216e8eae3a34deb3822c1891b2e76e1b	- GET /version	Candidate evidence only; manual verification required.
EVD-48c1bfe178e3	GOVERNANCE_DISCOVERY	DOCUMENTATION_ONLY	backend/framework/contracts/ENG-001-NDSP-Service-Framework.md	ENG-001-NDSP-Service-Framework.md	36	974f33e2830b19882215ed549c9106d4216e8eae3a34deb3822c1891b2e76e1b	- Version endpoint	Candidate evidence only; manual verification required.
EVD-f5fb17bb65e4	GOVERNANCE_DISCOVERY	INFERRED_FROM_SOURCE	backend/framework/errors/errors.cjs	errors.cjs	17	8b707ddb0f2e450f12c3ace99b7b9f936c7422219a8144a7181b74442c1f862a	version: meta.version || '0.0.0',	Candidate evidence only; manual verification required.
EVD-70d332a3b21e	GOVERNANCE_DISCOVERY	INFERRED_FROM_SOURCE	backend/framework/health/health.cjs	health.cjs	11	414656f8cddb082d5ebe8961dcaae91388ddaebabffefcec248b4ede5ae2d015	version: ctx.version,	Candidate evidence only; manual verification required.
EVD-adabe24fe078	GOVERNANCE_DISCOVERY	INFERRED_FROM_SOURCE	backend/framework/package.json	package.json	3	6424bbfbb32b3cb4e2efaa263c2d2b7381d17121eec570f33bccb520c7b49232	"""version"": ""1.0.0"","	Candidate evidence only; manual verification required.
EVD-919e9c1fb3d9	GOVERNANCE_DISCOVERY	INFERRED_FROM_SOURCE	backend/framework/service.yaml	service.yaml	6	5109f0274267a5031629b46612e8ed687327aa00c14de14c4c1727562f7d0f57	version: 1.0.0	Candidate evidence only; manual verification required.
EVD-e2c062d7343a	GOVERNANCE_DISCOVERY	DOCUMENTATION_ONLY	backend/framework/standards/api-standard.md	api-standard.md	9	a0d43fea641016f7274e54fd9e941c6ed3f2406ce1e3bc0a45a763ed3935a6a8	"""version"": ""1.0.0"","	Candidate evidence only; manual verification required.
EVD-2720218021b8	GOVERNANCE_DISCOVERY	DOCUMENTATION_ONLY	backend/framework/standards/api-standard.md	api-standard.md	21	a0d43fea641016f7274e54fd9e941c6ed3f2406ce1e3bc0a45a763ed3935a6a8	"""version"": ""1.0.0"","	Candidate evidence only; manual verification required.
EVD-2c2b09bfdab6	GOVERNANCE_DISCOVERY	DOCUMENTATION_ONLY	backend/framework/standards/service-standard.md	service-standard.md	18	abec83b7292763d79b2a08cf84fdacacc619be8a98986e3fda1ea8b4354bac89	- GET /version	Candidate evidence only; manual verification required.
EVD-91fb0e55a0c2	GOVERNANCE_DISCOVERY	INFERRED_FROM_SOURCE	backend/framework/tests/framework.test.cjs	framework.test.cjs	12	edf365c3b9f9fc1d53f9812a3c427f30bd05f6072b96acbf797fb58fcab26491	version: '1.0.0',	Candidate evidence only; manual verification required.
EVD-f15f974f3658	GOVERNANCE_DISCOVERY	INFERRED_FROM_SOURCE	backend/framework/tests/framework.test.cjs	framework.test.cjs	27	edf365c3b9f9fc1d53f9812a3c427f30bd05f6072b96acbf797fb58fcab26491	const version = await fetch(`${base}/version`).then(r => r.json());	Candidate evidence only; manual verification required.
EVD-90ad1945fc42	GOVERNANCE_DISCOVERY	INFERRED_FROM_SOURCE	backend/framework/tests/framework.test.cjs	framework.test.cjs	28	edf365c3b9f9fc1d53f9812a3c427f30bd05f6072b96acbf797fb58fcab26491	assert.strictEqual(version.ok, true);	Candidate evidence only; manual verification required.
EVD-fd595c775790	GOVERNANCE_DISCOVERY	INFERRED_FROM_SOURCE	backend/framework/tests/framework.test.cjs	framework.test.cjs	29	edf365c3b9f9fc1d53f9812a3c427f30bd05f6072b96acbf797fb58fcab26491	assert.strictEqual(version.version, '1.0.0');	Candidate evidence only; manual verification required.
EVD-9a0f47732ddb	GOVERNANCE_DISCOVERY	INFERRED_FROM_SOURCE	backend/framework/version/version.cjs	version.cjs	3	af7a379b0b2dbbc1d989cd635bac1cb4efbf496fc17397b89b6539136fc62bbf	function registerVersion(app, ctx) {	Candidate evidence only; manual verification required.
EVD-88ec65d9682f	GOVERNANCE_DISCOVERY	INFERRED_FROM_SOURCE	backend/framework/version/version.cjs	version.cjs	4	af7a379b0b2dbbc1d989cd635bac1cb4efbf496fc17397b89b6539136fc62bbf	app.get('/version', (_req, res) => {	Candidate evidence only; manual verification required.
EVD-8616a33c8622	GOVERNANCE_DISCOVERY	INFERRED_FROM_SOURCE	backend/framework/version/version.cjs	version.cjs	9	af7a379b0b2dbbc1d989cd635bac1cb4efbf496fc17397b89b6539136fc62bbf	version: ctx.version,	Candidate evidence only; manual verification required.
EVD-f4010e291568	GOVERNANCE_DISCOVERY	INFERRED_FROM_SOURCE	backend/framework/version/version.cjs	version.cjs	10	af7a379b0b2dbbc1d989cd635bac1cb4efbf496fc17397b89b6539136fc62bbf	build: ctx.build || ctx.version,	Candidate evidence only; manual verification required.
EVD-ea37baf4a353	GOVERNANCE_DISCOVERY	INFERRED_FROM_SOURCE	backend/framework/version/version.cjs	version.cjs	18	af7a379b0b2dbbc1d989cd635bac1cb4efbf496fc17397b89b6539136fc62bbf	module.exports = { registerVersion };	Candidate evidence only; manual verification required.
EVD-7b5a1ffe6f5e	GOVERNANCE_DISCOVERY	DOCUMENTATION_ONLY	backend/gateway/activation/DEV015_PUBLIC_GATEWAY_ACTIVATION.md	DEV015_PUBLIC_GATEWAY_ACTIVATION.md	7	0ee4d59c88b1b0cce8d3d27a19943c938de9c305fd6cdf001082065514cb8eed	- https://api.ndsp.app/api/governance/health	Candidate evidence only; manual verification required.
EVD-441ba2276197	GOVERNANCE_DISCOVERY	DOCUMENTATION_ONLY	backend/gateway/routes/core-services.routes.md	core-services.routes.md	9	12f57b0a144f80bbeb79de85011fd39084fac4cad15b940d90f492d45df8de72	GET /api/governance/health	Candidate evidence only; manual verification required.
EVD-1cf3a0b708fb	GOVERNANCE_DISCOVERY	DOCUMENTATION_ONLY	backend/gateway/routes/core-services.routes.md	core-services.routes.md	20	12f57b0a144f80bbeb79de85011fd39084fac4cad15b940d90f492d45df8de72	## Governance	Candidate evidence only; manual verification required.
EVD-22e61dbaa2f8	GOVERNANCE_DISCOVERY	INFERRED_FROM_SOURCE	backend/layers/layer_orchestrator.py	layer_orchestrator.py	15	553792bb37f4d2ca5db6bb634c2c44c5818695d2812949c0b615c20373f9da11	"""execution/l14_risk_governance.py"",""execution/l15_final_decision.py"",""execution/l16_scenario_alerts.py"""	Candidate evidence only; manual verification required.
EVD-e7f4b5bd82f6	GOVERNANCE_DISCOVERY	INFERRED_FROM_SOURCE	backend/layers/layer_orchestrator.py	layer_orchestrator.py	46	553792bb37f4d2ca5db6bb634c2c44c5818695d2812949c0b615c20373f9da11	"ctx[""risk_governance""] = out; ctx[""risk_allowed""] = out.get(""execution_allowed"")"	Candidate evidence only; manual verification required.
EVD-6cd6bcea01e4	GOVERNANCE_DISCOVERY	INFERRED_FROM_SOURCE	backend/ndsp-access-guard-9024/package-lock.json	package-lock.json	3	43727b8dc496bb1972a99c52bccd7cbc3b31f1fb091383fbea779c336a1d87ed	"""version"": ""1.0.0"","	Candidate evidence only; manual verification required.
EVD-248ed9a95232	GOVERNANCE_DISCOVERY	INFERRED_FROM_SOURCE	backend/ndsp-access-guard-9024/package-lock.json	package-lock.json	4	43727b8dc496bb1972a99c52bccd7cbc3b31f1fb091383fbea779c336a1d87ed	"""lockfileVersion"": 3,"	Candidate evidence only; manual verification required.
EVD-711c2c5e6dee	GOVERNANCE_DISCOVERY	INFERRED_FROM_SOURCE	backend/ndsp-access-guard-9024/package-lock.json	package-lock.json	9	43727b8dc496bb1972a99c52bccd7cbc3b31f1fb091383fbea779c336a1d87ed	"""version"": ""1.0.0"","	Candidate evidence only; manual verification required.
EVD-0049de597c7a	GOVERNANCE_DISCOVERY	INFERRED_FROM_SOURCE	backend/ndsp-access-guard-9024/package-lock.json	package-lock.json	16	43727b8dc496bb1972a99c52bccd7cbc3b31f1fb091383fbea779c336a1d87ed	"""version"": ""0.6.0"","	Candidate evidence only; manual verification required.
EVD-4db9f57ca92d	GOVERNANCE_DISCOVERY	INFERRED_FROM_SOURCE	backend/ndsp-access-guard-9024/package-lock.json	package-lock.json	25	43727b8dc496bb1972a99c52bccd7cbc3b31f1fb091383fbea779c336a1d87ed	"""version"": ""8.21.0"","	Candidate evidence only; manual verification required.
EVD-6a61a60e8524	GOVERNANCE_DISCOVERY	INFERRED_FROM_SOURCE	backend/ndsp-access-guard-9024/package-lock.json	package-lock.json	52	43727b8dc496bb1972a99c52bccd7cbc3b31f1fb091383fbea779c336a1d87ed	"""version"": ""1.4.0"","	Candidate evidence only; manual verification required.
EVD-e9f9cbdece81	GOVERNANCE_DISCOVERY	INFERRED_FROM_SOURCE	backend/ndsp-access-guard-9024/package-lock.json	package-lock.json	59	43727b8dc496bb1972a99c52bccd7cbc3b31f1fb091383fbea779c336a1d87ed	"""version"": ""2.13.0"","	Candidate evidence only; manual verification required.
EVD-fbb08fc35706	GOVERNANCE_DISCOVERY	INFERRED_FROM_SOURCE	backend/ndsp-access-guard-9024/package-lock.json	package-lock.json	65	43727b8dc496bb1972a99c52bccd7cbc3b31f1fb091383fbea779c336a1d87ed	"""version"": ""1.0.1"","	Candidate evidence only; manual verification required.
EVD-0dbe477f18e9	GOVERNANCE_DISCOVERY	INFERRED_FROM_SOURCE	backend/ndsp-access-guard-9024/package-lock.json	package-lock.json	74	43727b8dc496bb1972a99c52bccd7cbc3b31f1fb091383fbea779c336a1d87ed	"""version"": ""3.14.0"","	Candidate evidence only; manual verification required.
EVD-12d2c269b107	GOVERNANCE_DISCOVERY	INFERRED_FROM_SOURCE	backend/ndsp-access-guard-9024/package-lock.json	package-lock.json	83	43727b8dc496bb1972a99c52bccd7cbc3b31f1fb091383fbea779c336a1d87ed	"""version"": ""1.14.0"","	Candidate evidence only; manual verification required.
EVD-7bcacb0be2bf	GOVERNANCE_DISCOVERY	INFERRED_FROM_SOURCE	backend/ndsp-access-guard-9024/package-lock.json	package-lock.json	89	43727b8dc496bb1972a99c52bccd7cbc3b31f1fb091383fbea779c336a1d87ed	"""version"": ""2.2.0"","	Candidate evidence only; manual verification required.
EVD-d1e61c07705a	GOVERNANCE_DISCOVERY	INFERRED_FROM_SOURCE	backend/ndsp-access-guard-9024/package-lock.json	package-lock.json	105	43727b8dc496bb1972a99c52bccd7cbc3b31f1fb091383fbea779c336a1d87ed	"""version"": ""1.0.5"","	Candidate evidence only; manual verification required.
EVD-02aad16eff8e	GOVERNANCE_DISCOVERY	INFERRED_FROM_SOURCE	backend/ndsp-access-guard-9024/package-lock.json	package-lock.json	114	43727b8dc496bb1972a99c52bccd7cbc3b31f1fb091383fbea779c336a1d87ed	"""version"": ""2.0.0"","	Candidate evidence only; manual verification required.
EVD-58444c0c9442	GOVERNANCE_DISCOVERY	INFERRED_FROM_SOURCE	backend/ndsp-access-guard-9024/package-lock.json	package-lock.json	123	43727b8dc496bb1972a99c52bccd7cbc3b31f1fb091383fbea779c336a1d87ed	"""version"": ""1.0.1"","	Candidate evidence only; manual verification required.
EVD-0189e5cd23bc	GOVERNANCE_DISCOVERY	INFERRED_FROM_SOURCE	backend/ndsp-access-guard-9024/package-lock.json	package-lock.json	132	43727b8dc496bb1972a99c52bccd7cbc3b31f1fb091383fbea779c336a1d87ed	"""version"": ""1.0.7"","	Candidate evidence only; manual verification required.
EVD-446804d7c69c	GOVERNANCE_DISCOVERY	INFERRED_FROM_SOURCE	backend/ndsp-access-guard-9024/package-lock.json	package-lock.json	141	43727b8dc496bb1972a99c52bccd7cbc3b31f1fb091383fbea779c336a1d87ed	"""version"": ""1.2.0"","	Candidate evidence only; manual verification required.
EVD-827c5b3ef0af	GOVERNANCE_DISCOVERY	INFERRED_FROM_SOURCE	backend/ndsp-access-guard-9024/package-lock.json	package-lock.json	153	43727b8dc496bb1972a99c52bccd7cbc3b31f1fb091383fbea779c336a1d87ed	"""version"": ""4.2.0"","	Candidate evidence only; manual verification required.
EVD-56a8a47bea8c	GOVERNANCE_DISCOVERY	INFERRED_FROM_SOURCE	backend/ndsp-access-guard-9024/package-lock.json	package-lock.json	162	43727b8dc496bb1972a99c52bccd7cbc3b31f1fb091383fbea779c336a1d87ed	"""version"": ""4.0.2"","	Candidate evidence only; manual verification required.
EVD-ea412ca91d25	GOVERNANCE_DISCOVERY	INFERRED_FROM_SOURCE	backend/ndsp-access-guard-9024/package.json	package.json	3	ce3ebd3bd91ec6a8bdeabfd94d63e0e906e5dccc672f356f7cc303246e4dd747	"""version"": ""1.0.0"","	Candidate evidence only; manual verification required.
EVD-ab1e827dfeea	GOVERNANCE_DISCOVERY	INFERRED_FROM_SOURCE	backend/ndsp-access-guard-final/package-lock.json	package-lock.json	3	45500b7a47bd6962184723968f3cff07ea00913e13f00e8bb9410371a172e80a	"""version"": ""1.0.0"","	Candidate evidence only; manual verification required.
EVD-58d5214afd11	GOVERNANCE_DISCOVERY	INFERRED_FROM_SOURCE	backend/ndsp-access-guard-final/package-lock.json	package-lock.json	4	45500b7a47bd6962184723968f3cff07ea00913e13f00e8bb9410371a172e80a	"""lockfileVersion"": 3,"	Candidate evidence only; manual verification required.
EVD-1c4e42f1b8b8	GOVERNANCE_DISCOVERY	INFERRED_FROM_SOURCE	backend/ndsp-access-guard-final/package-lock.json	package-lock.json	9	45500b7a47bd6962184723968f3cff07ea00913e13f00e8bb9410371a172e80a	"""version"": ""1.0.0"","	Candidate evidence only; manual verification required.
EVD-ba8b4eddd3af	GOVERNANCE_DISCOVERY	INFERRED_FROM_SOURCE	backend/ndsp-access-guard-final/package-lock.json	package-lock.json	17	45500b7a47bd6962184723968f3cff07ea00913e13f00e8bb9410371a172e80a	"""version"": ""3.0.3"","	Candidate evidence only; manual verification required.
EVD-e8492c1a4bd0	GOVERNANCE_DISCOVERY	INFERRED_FROM_SOURCE	backend/ndsp-access-guard-final/package-lock.json	package-lock.json	26	45500b7a47bd6962184723968f3cff07ea00913e13f00e8bb9410371a172e80a	"""version"": ""0.6.0"","	Candidate evidence only; manual verification required.
EVD-716fe3157fc9	GOVERNANCE_DISCOVERY	INFERRED_FROM_SOURCE	backend/ndsp-access-guard-final/package-lock.json	package-lock.json	35	45500b7a47bd6962184723968f3cff07ea00913e13f00e8bb9410371a172e80a	"""version"": ""8.21.0"","	Candidate evidence only; manual verification required.
EVD-cbc395df66d5	GOVERNANCE_DISCOVERY	INFERRED_FROM_SOURCE	backend/ndsp-access-guard-final/package-lock.json	package-lock.json	62	45500b7a47bd6962184723968f3cff07ea00913e13f00e8bb9410371a172e80a	"""version"": ""1.4.0"","	Candidate evidence only; manual verification required.
EVD-b2abd93e7e4b	GOVERNANCE_DISCOVERY	INFERRED_FROM_SOURCE	backend/ndsp-access-guard-final/package-lock.json	package-lock.json	69	45500b7a47bd6962184723968f3cff07ea00913e13f00e8bb9410371a172e80a	"""version"": ""2.13.0"","	Candidate evidence only; manual verification required.
EVD-47c68313ddaa	GOVERNANCE_DISCOVERY	INFERRED_FROM_SOURCE	backend/ndsp-access-guard-final/package-lock.json	package-lock.json	75	45500b7a47bd6962184723968f3cff07ea00913e13f00e8bb9410371a172e80a	"""version"": ""1.0.1"","	Candidate evidence only; manual verification required.
EVD-bf922405fb89	GOVERNANCE_DISCOVERY	INFERRED_FROM_SOURCE	backend/ndsp-access-guard-final/package-lock.json	package-lock.json	84	45500b7a47bd6962184723968f3cff07ea00913e13f00e8bb9410371a172e80a	"""version"": ""3.14.0"","	Candidate evidence only; manual verification required.
EVD-a6cb278301c9	GOVERNANCE_DISCOVERY	INFERRED_FROM_SOURCE	backend/ndsp-access-guard-final/package-lock.json	package-lock.json	93	45500b7a47bd6962184723968f3cff07ea00913e13f00e8bb9410371a172e80a	"""version"": ""1.14.0"","	Candidate evidence only; manual verification required.
EVD-b80d853f222e	GOVERNANCE_DISCOVERY	INFERRED_FROM_SOURCE	backend/ndsp-access-guard-final/package-lock.json	package-lock.json	99	45500b7a47bd6962184723968f3cff07ea00913e13f00e8bb9410371a172e80a	"""version"": ""2.2.0"","	Candidate evidence only; manual verification required.
EVD-c24d1fb5bade	GOVERNANCE_DISCOVERY	INFERRED_FROM_SOURCE	backend/ndsp-access-guard-final/package-lock.json	package-lock.json	115	45500b7a47bd6962184723968f3cff07ea00913e13f00e8bb9410371a172e80a	"""version"": ""1.0.5"","	Candidate evidence only; manual verification required.
EVD-6402b4168e44	GOVERNANCE_DISCOVERY	INFERRED_FROM_SOURCE	backend/ndsp-access-guard-final/package-lock.json	package-lock.json	124	45500b7a47bd6962184723968f3cff07ea00913e13f00e8bb9410371a172e80a	"""version"": ""2.0.0"","	Candidate evidence only; manual verification required.
EVD-4715e70129e8	GOVERNANCE_DISCOVERY	INFERRED_FROM_SOURCE	backend/ndsp-access-guard-final/package-lock.json	package-lock.json	133	45500b7a47bd6962184723968f3cff07ea00913e13f00e8bb9410371a172e80a	"""version"": ""1.0.1"","	Candidate evidence only; manual verification required.
EVD-694cb91db5b5	GOVERNANCE_DISCOVERY	INFERRED_FROM_SOURCE	backend/ndsp-access-guard-final/package-lock.json	package-lock.json	142	45500b7a47bd6962184723968f3cff07ea00913e13f00e8bb9410371a172e80a	"""version"": ""1.0.7"","	Candidate evidence only; manual verification required.
EVD-4d1fedae63f3	GOVERNANCE_DISCOVERY	INFERRED_FROM_SOURCE	backend/ndsp-access-guard-final/package-lock.json	package-lock.json	151	45500b7a47bd6962184723968f3cff07ea00913e13f00e8bb9410371a172e80a	"""version"": ""1.2.0"","	Candidate evidence only; manual verification required.
EVD-03408f01a297	GOVERNANCE_DISCOVERY	INFERRED_FROM_SOURCE	backend/ndsp-access-guard-final/package-lock.json	package-lock.json	163	45500b7a47bd6962184723968f3cff07ea00913e13f00e8bb9410371a172e80a	"""version"": ""4.2.0"","	Candidate evidence only; manual verification required.
EVD-aa385ac57389	GOVERNANCE_DISCOVERY	INFERRED_FROM_SOURCE	backend/ndsp-access-guard-final/package-lock.json	package-lock.json	172	45500b7a47bd6962184723968f3cff07ea00913e13f00e8bb9410371a172e80a	"""version"": ""4.0.2"","	Candidate evidence only; manual verification required.
EVD-0519265692d1	GOVERNANCE_DISCOVERY	INFERRED_FROM_SOURCE	backend/ndsp-access-guard-final/package.json	package.json	3	4a15deb738b1c733b0e86131f1450e8f64fb1ff5dc8bfb32eaaf80d5e4f0b921	"""version"": ""1.0.0"","	Candidate evidence only; manual verification required.
EVD-1613a9571d2f	GOVERNANCE_DISCOVERY	INFERRED_FROM_SOURCE	backend/ndsp-access-guard/package-lock.json	package-lock.json	3	edc146148d1c78a67d7759253e88aca254a82f2107516b0c8322abc75ce6fd64	"""version"": ""1.0.1"","	Candidate evidence only; manual verification required.
EVD-dc3bbc1c4144	GOVERNANCE_DISCOVERY	INFERRED_FROM_SOURCE	backend/ndsp-access-guard/package-lock.json	package-lock.json	4	edc146148d1c78a67d7759253e88aca254a82f2107516b0c8322abc75ce6fd64	"""lockfileVersion"": 3,"	Candidate evidence only; manual verification required.
EVD-40ffac94b500	GOVERNANCE_DISCOVERY	INFERRED_FROM_SOURCE	backend/ndsp-access-guard/package-lock.json	package-lock.json	9	edc146148d1c78a67d7759253e88aca254a82f2107516b0c8322abc75ce6fd64	"""version"": ""1.0.1"","	Candidate evidence only; manual verification required.
EVD-57ef7ab94ab7	GOVERNANCE_DISCOVERY	INFERRED_FROM_SOURCE	backend/ndsp-access-guard/package-lock.json	package-lock.json	16	edc146148d1c78a67d7759253e88aca254a82f2107516b0c8322abc75ce6fd64	"""version"": ""0.6.0"","	Candidate evidence only; manual verification required.
EVD-f3b3a3d93f8f	GOVERNANCE_DISCOVERY	INFERRED_FROM_SOURCE	backend/ndsp-access-guard/package-lock.json	package-lock.json	25	edc146148d1c78a67d7759253e88aca254a82f2107516b0c8322abc75ce6fd64	"""version"": ""8.21.0"","	Candidate evidence only; manual verification required.
EVD-b558101cb467	GOVERNANCE_DISCOVERY	INFERRED_FROM_SOURCE	backend/ndsp-access-guard/package-lock.json	package-lock.json	52	edc146148d1c78a67d7759253e88aca254a82f2107516b0c8322abc75ce6fd64	"""version"": ""1.4.0"","	Candidate evidence only; manual verification required.
EVD-1905bb1374b7	GOVERNANCE_DISCOVERY	INFERRED_FROM_SOURCE	backend/ndsp-access-guard/package-lock.json	package-lock.json	59	edc146148d1c78a67d7759253e88aca254a82f2107516b0c8322abc75ce6fd64	"""version"": ""2.13.0"","	Candidate evidence only; manual verification required.
EVD-867f7c20d2f6	GOVERNANCE_DISCOVERY	INFERRED_FROM_SOURCE	backend/ndsp-access-guard/package-lock.json	package-lock.json	65	edc146148d1c78a67d7759253e88aca254a82f2107516b0c8322abc75ce6fd64	"""version"": ""1.0.1"","	Candidate evidence only; manual verification required.
EVD-84f39ac046f2	GOVERNANCE_DISCOVERY	INFERRED_FROM_SOURCE	backend/ndsp-access-guard/package-lock.json	package-lock.json	74	edc146148d1c78a67d7759253e88aca254a82f2107516b0c8322abc75ce6fd64	"""version"": ""3.14.0"","	Candidate evidence only; manual verification required.
EVD-bdcc621322c7	GOVERNANCE_DISCOVERY	INFERRED_FROM_SOURCE	backend/ndsp-access-guard/package-lock.json	package-lock.json	83	edc146148d1c78a67d7759253e88aca254a82f2107516b0c8322abc75ce6fd64	"""version"": ""1.14.0"","	Candidate evidence only; manual verification required.
EVD-2e7404f61f3c	GOVERNANCE_DISCOVERY	INFERRED_FROM_SOURCE	backend/ndsp-access-guard/package-lock.json	package-lock.json	89	edc146148d1c78a67d7759253e88aca254a82f2107516b0c8322abc75ce6fd64	"""version"": ""2.2.0"","	Candidate evidence only; manual verification required.
EVD-e897f12b9b2d	GOVERNANCE_DISCOVERY	INFERRED_FROM_SOURCE	backend/ndsp-access-guard/package-lock.json	package-lock.json	105	edc146148d1c78a67d7759253e88aca254a82f2107516b0c8322abc75ce6fd64	"""version"": ""1.0.5"","	Candidate evidence only; manual verification required.
EVD-123868db0bf2	GOVERNANCE_DISCOVERY	INFERRED_FROM_SOURCE	backend/ndsp-access-guard/package-lock.json	package-lock.json	114	edc146148d1c78a67d7759253e88aca254a82f2107516b0c8322abc75ce6fd64	"""version"": ""2.0.0"","	Candidate evidence only; manual verification required.
EVD-4c2312974564	GOVERNANCE_DISCOVERY	INFERRED_FROM_SOURCE	backend/ndsp-access-guard/package-lock.json	package-lock.json	123	edc146148d1c78a67d7759253e88aca254a82f2107516b0c8322abc75ce6fd64	"""version"": ""1.0.1"","	Candidate evidence only; manual verification required.
EVD-da6eea876bb4	GOVERNANCE_DISCOVERY	INFERRED_FROM_SOURCE	backend/ndsp-access-guard/package-lock.json	package-lock.json	132	edc146148d1c78a67d7759253e88aca254a82f2107516b0c8322abc75ce6fd64	"""version"": ""1.0.7"","	Candidate evidence only; manual verification required.
EVD-dcc593338609	GOVERNANCE_DISCOVERY	INFERRED_FROM_SOURCE	backend/ndsp-access-guard/package-lock.json	package-lock.json	141	edc146148d1c78a67d7759253e88aca254a82f2107516b0c8322abc75ce6fd64	"""version"": ""1.2.0"","	Candidate evidence only; manual verification required.
EVD-a43cb0edd043	GOVERNANCE_DISCOVERY	INFERRED_FROM_SOURCE	backend/ndsp-access-guard/package-lock.json	package-lock.json	153	edc146148d1c78a67d7759253e88aca254a82f2107516b0c8322abc75ce6fd64	"""version"": ""4.2.0"","	Candidate evidence only; manual verification required.
EVD-ad0d6e7153c1	GOVERNANCE_DISCOVERY	INFERRED_FROM_SOURCE	backend/ndsp-access-guard/package-lock.json	package-lock.json	162	edc146148d1c78a67d7759253e88aca254a82f2107516b0c8322abc75ce6fd64	"""version"": ""4.0.2"","	Candidate evidence only; manual verification required.
EVD-49b00f22d349	GOVERNANCE_DISCOVERY	INFERRED_FROM_SOURCE	backend/ndsp-access-guard/package.json	package.json	3	8358a43dda21d5a345c953f4a1a8cb8d5f6482e3aa70f5c945a6a3b144462a17	"""version"": ""1.0.1"","	Candidate evidence only; manual verification required.
EVD-7cea454cea27	GOVERNANCE_DISCOVERY	INFERRED_FROM_SOURCE	backend/ndsp-live-decision-quality/server.py	server.py	30	0808f63ffbdd00ab71d8a60c12071bc4367632788d7afb4cf65a7c6071583c8c	"app = FastAPI(title=""NDSP Live Decision Quality Bridge"", version=""32"")"	Candidate evidence only; manual verification required.
EVD-8d020fd7e854	GOVERNANCE_DISCOVERY	INFERRED_FROM_SOURCE	backend/ndsp-live-decision-quality/server.py	server.py	1021	0808f63ffbdd00ab71d8a60c12071bc4367632788d7afb4cf65a7c6071583c8c	"""version"": ""32"","	Candidate evidence only; manual verification required.
EVD-84dffdfc880e	GOVERNANCE_DISCOVERY	INFERRED_FROM_SOURCE	backend/ndsp-live-decision-quality/server.py	server.py	1022	0808f63ffbdd00ab71d8a60c12071bc4367632788d7afb4cf65a7c6071583c8c	"""asset_registry_version"": REGISTRY_METADATA.get(""version""),"	Candidate evidence only; manual verification required.
EVD-33fc37fd48a3	GOVERNANCE_DISCOVERY	INFERRED_FROM_SOURCE	backend/ndsp-live-decision-quality/server.py	server.py	1313	0808f63ffbdd00ab71d8a60c12071bc4367632788d7afb4cf65a7c6071583c8c	"""contract_version"": ""NDSP_PUBLIC_DATA_QUALITY_V1"","	Candidate evidence only; manual verification required.
EVD-7198c58140d7	GOVERNANCE_DISCOVERY	INFERRED_FROM_SOURCE	backend/ndsp-live-decision-quality/server.py	server.py	1330	0808f63ffbdd00ab71d8a60c12071bc4367632788d7afb4cf65a7c6071583c8c	"""public_notice_ar"": ""يعرض هذا العقد حالة جودة البيانات المتاحة علنًا دون كشف المعادلات أو بيانات الاعتماد."","	Candidate evidence only; manual verification required.
EVD-360fbdb77136	GOVERNANCE_DISCOVERY	INFERRED_FROM_SOURCE	backend/ndsp-live-decision-quality/server.py	server.py	1404	0808f63ffbdd00ab71d8a60c12071bc4367632788d7afb4cf65a7c6071583c8c	"""contract_version"": ""NDSP_DUAL_SCENARIO_PUBLIC_V1"","	Candidate evidence only; manual verification required.
EVD-d491bf71c28f	GOVERNANCE_DISCOVERY	INFERRED_FROM_SOURCE	backend/ndsp-live-decision-quality/server.py	server.py	1414	0808f63ffbdd00ab71d8a60c12071bc4367632788d7afb4cf65a7c6071583c8c	"data[""dual_scenario_contract_version""] = ""NDSP_DUAL_SCENARIO_PUBLIC_V1"""	Candidate evidence only; manual verification required.
EVD-ae213e8f3845	GOVERNANCE_DISCOVERY	INFERRED_FROM_SOURCE	backend/ndsp-live-decision-quality/server.py	server.py	1415	0808f63ffbdd00ab71d8a60c12071bc4367632788d7afb4cf65a7c6071583c8c	"data[""data_quality_contract_version""] = ""NDSP_PUBLIC_DATA_QUALITY_V1"""	Candidate evidence only; manual verification required.
EVD-d48a82b69788	GOVERNANCE_DISCOVERY	INFERRED_FROM_SOURCE	backend/ndsp-live-decision-quality/server.py	server.py	1416	0808f63ffbdd00ab71d8a60c12071bc4367632788d7afb4cf65a7c6071583c8c	"data[""analytical_outputs_contract_version""] = ""NDSP_ANALYTICAL_OUTPUTS_PUBLIC_V1"""	Candidate evidence only; manual verification required.
EVD-d5e1816f3f7d	GOVERNANCE_DISCOVERY	INFERRED_FROM_SOURCE	backend/ndsp-trial-register-canonical-wrapper/package-lock.json	package-lock.json	3	b37b13456fadfdff63ca3dfb5902663c51cc2c77afa33eb1096a087f5237145b	"""version"": ""1.0.0"","	Candidate evidence only; manual verification required.
EVD-322e38213a73	GOVERNANCE_DISCOVERY	INFERRED_FROM_SOURCE	backend/ndsp-trial-register-canonical-wrapper/package-lock.json	package-lock.json	4	b37b13456fadfdff63ca3dfb5902663c51cc2c77afa33eb1096a087f5237145b	"""lockfileVersion"": 3,"	Candidate evidence only; manual verification required.
EVD-6f2d57066a6c	GOVERNANCE_DISCOVERY	INFERRED_FROM_SOURCE	backend/ndsp-trial-register-canonical-wrapper/package-lock.json	package-lock.json	9	b37b13456fadfdff63ca3dfb5902663c51cc2c77afa33eb1096a087f5237145b	"""version"": ""1.0.0"","	Candidate evidence only; manual verification required.
EVD-1ed947e9cfe6	GOVERNANCE_DISCOVERY	INFERRED_FROM_SOURCE	backend/ndsp-trial-register-canonical-wrapper/package-lock.json	package-lock.json	16	b37b13456fadfdff63ca3dfb5902663c51cc2c77afa33eb1096a087f5237145b	"""version"": ""2.4.3"","	Candidate evidence only; manual verification required.
EVD-0c52ca48615e	GOVERNANCE_DISCOVERY	INFERRED_FROM_SOURCE	backend/ndsp-trial-register-canonical-wrapper/package-lock.json	package-lock.json	22	b37b13456fadfdff63ca3dfb5902663c51cc2c77afa33eb1096a087f5237145b	"""version"": ""8.21.0"","	Candidate evidence only; manual verification required.
EVD-f295ef317e9d	GOVERNANCE_DISCOVERY	INFERRED_FROM_SOURCE	backend/ndsp-trial-register-canonical-wrapper/package-lock.json	package-lock.json	49	b37b13456fadfdff63ca3dfb5902663c51cc2c77afa33eb1096a087f5237145b	"""version"": ""1.4.0"","	Candidate evidence only; manual verification required.
EVD-b0397d50cd43	GOVERNANCE_DISCOVERY	INFERRED_FROM_SOURCE	backend/ndsp-trial-register-canonical-wrapper/package-lock.json	package-lock.json	56	b37b13456fadfdff63ca3dfb5902663c51cc2c77afa33eb1096a087f5237145b	"""version"": ""2.13.0"","	Candidate evidence only; manual verification required.
EVD-33ce2a6b665a	GOVERNANCE_DISCOVERY	INFERRED_FROM_SOURCE	backend/ndsp-trial-register-canonical-wrapper/package-lock.json	package-lock.json	62	b37b13456fadfdff63ca3dfb5902663c51cc2c77afa33eb1096a087f5237145b	"""version"": ""1.0.1"","	Candidate evidence only; manual verification required.
EVD-bb84bc32f469	GOVERNANCE_DISCOVERY	INFERRED_FROM_SOURCE	backend/ndsp-trial-register-canonical-wrapper/package-lock.json	package-lock.json	71	b37b13456fadfdff63ca3dfb5902663c51cc2c77afa33eb1096a087f5237145b	"""version"": ""3.14.0"","	Candidate evidence only; manual verification required.
EVD-4fec6b572dd0	GOVERNANCE_DISCOVERY	INFERRED_FROM_SOURCE	backend/ndsp-trial-register-canonical-wrapper/package-lock.json	package-lock.json	80	b37b13456fadfdff63ca3dfb5902663c51cc2c77afa33eb1096a087f5237145b	"""version"": ""1.14.0"","	Candidate evidence only; manual verification required.
EVD-cd56057ebea0	GOVERNANCE_DISCOVERY	INFERRED_FROM_SOURCE	backend/ndsp-trial-register-canonical-wrapper/package-lock.json	package-lock.json	86	b37b13456fadfdff63ca3dfb5902663c51cc2c77afa33eb1096a087f5237145b	"""version"": ""2.2.0"","	Candidate evidence only; manual verification required.
EVD-3f12dfe84ce9	GOVERNANCE_DISCOVERY	INFERRED_FROM_SOURCE	backend/ndsp-trial-register-canonical-wrapper/package-lock.json	package-lock.json	102	b37b13456fadfdff63ca3dfb5902663c51cc2c77afa33eb1096a087f5237145b	"""version"": ""1.0.5"","	Candidate evidence only; manual verification required.
EVD-4802f7661e37	GOVERNANCE_DISCOVERY	INFERRED_FROM_SOURCE	backend/ndsp-trial-register-canonical-wrapper/package-lock.json	package-lock.json	111	b37b13456fadfdff63ca3dfb5902663c51cc2c77afa33eb1096a087f5237145b	"""version"": ""2.0.0"","	Candidate evidence only; manual verification required.
EVD-a086eba8c664	GOVERNANCE_DISCOVERY	INFERRED_FROM_SOURCE	backend/ndsp-trial-register-canonical-wrapper/package-lock.json	package-lock.json	120	b37b13456fadfdff63ca3dfb5902663c51cc2c77afa33eb1096a087f5237145b	"""version"": ""1.0.1"","	Candidate evidence only; manual verification required.
EVD-8dcad21089ed	GOVERNANCE_DISCOVERY	INFERRED_FROM_SOURCE	backend/ndsp-trial-register-canonical-wrapper/package-lock.json	package-lock.json	129	b37b13456fadfdff63ca3dfb5902663c51cc2c77afa33eb1096a087f5237145b	"""version"": ""1.0.7"","	Candidate evidence only; manual verification required.
EVD-265592aa9f18	GOVERNANCE_DISCOVERY	INFERRED_FROM_SOURCE	backend/ndsp-trial-register-canonical-wrapper/package-lock.json	package-lock.json	138	b37b13456fadfdff63ca3dfb5902663c51cc2c77afa33eb1096a087f5237145b	"""version"": ""1.2.0"","	Candidate evidence only; manual verification required.
EVD-ec7cf7a0ad2d	GOVERNANCE_DISCOVERY	INFERRED_FROM_SOURCE	backend/ndsp-trial-register-canonical-wrapper/package-lock.json	package-lock.json	150	b37b13456fadfdff63ca3dfb5902663c51cc2c77afa33eb1096a087f5237145b	"""version"": ""4.2.0"","	Candidate evidence only; manual verification required.
EVD-f9592a2ad430	GOVERNANCE_DISCOVERY	INFERRED_FROM_SOURCE	backend/ndsp-trial-register-canonical-wrapper/package-lock.json	package-lock.json	159	b37b13456fadfdff63ca3dfb5902663c51cc2c77afa33eb1096a087f5237145b	"""version"": ""4.0.2"","	Candidate evidence only; manual verification required.
EVD-b1306c1d4ae6	GOVERNANCE_DISCOVERY	INFERRED_FROM_SOURCE	backend/ndsp-trial-register-canonical-wrapper/package.json	package.json	3	23d1aadedfe6ac2291d28dff05af08ff111be0fe3d74b67ec68e1d9e19e2e4b5	"""version"": ""1.0.0"","	Candidate evidence only; manual verification required.
EVD-a6d8c4e66b37	GOVERNANCE_DISCOVERY	INFERRED_FROM_SOURCE	backend/ndsp_admin_actions_authoritative.cjs	ndsp_admin_actions_authoritative.cjs	188	19360fb2888de3ba91fa64f6441a10362372c79fecd85c323dbcc0078d61e405	'audit_logs'	Candidate evidence only; manual verification required.
EVD-099a78b82b0d	GOVERNANCE_DISCOVERY	INFERRED_FROM_SOURCE	backend/ndsp_admin_actions_authoritative.cjs	ndsp_admin_actions_authoritative.cjs	249	19360fb2888de3ba91fa64f6441a10362372c79fecd85c323dbcc0078d61e405	await client.query('ROLLBACK');	Candidate evidence only; manual verification required.
EVD-3d22b1662884	GOVERNANCE_DISCOVERY	INFERRED_FROM_SOURCE	backend/ndsp_admin_actions_authoritative.cjs	ndsp_admin_actions_authoritative.cjs	284	19360fb2888de3ba91fa64f6441a10362372c79fecd85c323dbcc0078d61e405	await client.query('ROLLBACK');	Candidate evidence only; manual verification required.
EVD-c93eddb64ae8	GOVERNANCE_DISCOVERY	INFERRED_FROM_SOURCE	backend/ndsp_admin_actions_authoritative.cjs	ndsp_admin_actions_authoritative.cjs	302	19360fb2888de3ba91fa64f6441a10362372c79fecd85c323dbcc0078d61e405	try { await client.query('ROLLBACK'); } catch (_) {}	Candidate evidence only; manual verification required.
EVD-ca4220643f07	GOVERNANCE_DISCOVERY	INFERRED_FROM_SOURCE	backend/ndsp_admin_actions_bypass_old_middleware.cjs	ndsp_admin_actions_bypass_old_middleware.cjs	208	7ce371a43e163bbb8ee7ed8285678930dcf48ac5ed556de1870745989b4c6391	'audit_logs'	Candidate evidence only; manual verification required.
EVD-d213c6df0421	GOVERNANCE_DISCOVERY	INFERRED_FROM_SOURCE	backend/ndsp_admin_actions_bypass_old_middleware.cjs	ndsp_admin_actions_bypass_old_middleware.cjs	267	7ce371a43e163bbb8ee7ed8285678930dcf48ac5ed556de1870745989b4c6391	await client.query('ROLLBACK');	Candidate evidence only; manual verification required.
EVD-52334c6d7954	GOVERNANCE_DISCOVERY	INFERRED_FROM_SOURCE	backend/ndsp_admin_actions_bypass_old_middleware.cjs	ndsp_admin_actions_bypass_old_middleware.cjs	294	7ce371a43e163bbb8ee7ed8285678930dcf48ac5ed556de1870745989b4c6391	await client.query('ROLLBACK');	Candidate evidence only; manual verification required.
EVD-2464a3a8981b	GOVERNANCE_DISCOVERY	INFERRED_FROM_SOURCE	backend/ndsp_admin_actions_bypass_old_middleware.cjs	ndsp_admin_actions_bypass_old_middleware.cjs	312	7ce371a43e163bbb8ee7ed8285678930dcf48ac5ed556de1870745989b4c6391	try { await client.query('ROLLBACK'); } catch (_) {}	Candidate evidence only; manual verification required.
EVD-7a122080a72e	GOVERNANCE_DISCOVERY	INFERRED_FROM_SOURCE	backend/ndsp_admin_actions_gateway.cjs	ndsp_admin_actions_gateway.cjs	219	84b80498bd731e97ddb87868f95da64e394f3b4fa22b02450fdf13fa55995f5a	'audit_logs'	Candidate evidence only; manual verification required.
EVD-871fc4c1e053	GOVERNANCE_DISCOVERY	INFERRED_FROM_SOURCE	backend/ndsp_admin_actions_gateway.cjs	ndsp_admin_actions_gateway.cjs	364	84b80498bd731e97ddb87868f95da64e394f3b4fa22b02450fdf13fa55995f5a	await client.query('ROLLBACK');	Candidate evidence only; manual verification required.
EVD-c647e543ff09	GOVERNANCE_DISCOVERY	INFERRED_FROM_SOURCE	backend/ndsp_admin_actions_gateway.cjs	ndsp_admin_actions_gateway.cjs	391	84b80498bd731e97ddb87868f95da64e394f3b4fa22b02450fdf13fa55995f5a	await client.query('ROLLBACK');	Candidate evidence only; manual verification required.
EVD-e44507ee591a	GOVERNANCE_DISCOVERY	INFERRED_FROM_SOURCE	backend/ndsp_admin_actions_gateway.cjs	ndsp_admin_actions_gateway.cjs	406	84b80498bd731e97ddb87868f95da64e394f3b4fa22b02450fdf13fa55995f5a	await client.query('ROLLBACK');	Candidate evidence only; manual verification required.
EVD-6039a178d13d	GOVERNANCE_DISCOVERY	INFERRED_FROM_SOURCE	backend/ndsp_admin_actions_gateway.cjs	ndsp_admin_actions_gateway.cjs	428	84b80498bd731e97ddb87868f95da64e394f3b4fa22b02450fdf13fa55995f5a	await client.query('ROLLBACK');	Candidate evidence only; manual verification required.
EVD-7ff7080f23bf	GOVERNANCE_DISCOVERY	INFERRED_FROM_SOURCE	backend/ndsp_admin_actions_gateway.cjs	ndsp_admin_actions_gateway.cjs	445	84b80498bd731e97ddb87868f95da64e394f3b4fa22b02450fdf13fa55995f5a	try { await client.query('ROLLBACK'); } catch (_) {}	Candidate evidence only; manual verification required.
EVD-eb371ed7c77a	GOVERNANCE_DISCOVERY	INFERRED_FROM_SOURCE	backend/ndsp_admin_extension.cjs	ndsp_admin_extension.cjs	175	b40726c1784c46f55f467fbd1cf70e927c547ebdf183f22f8c7fc4f2ec84895c	async function audit(req, action, entity, entityId, beforeData, afterData) {	Candidate evidence only; manual verification required.
EVD-71d71999922f	GOVERNANCE_DISCOVERY	INFERRED_FROM_SOURCE	backend/ndsp_admin_extension.cjs	ndsp_admin_extension.cjs	178	b40726c1784c46f55f467fbd1cf70e927c547ebdf183f22f8c7fc4f2ec84895c	INSERT INTO public.ndsp_audit_log	Candidate evidence only; manual verification required.
EVD-8b033f44cdfd	GOVERNANCE_DISCOVERY	INFERRED_FROM_SOURCE	backend/ndsp_admin_extension.cjs	ndsp_admin_extension.cjs	193	b40726c1784c46f55f467fbd1cf70e927c547ebdf183f22f8c7fc4f2ec84895c	console.error('audit error:', err.message);	Candidate evidence only; manual verification required.
EVD-5ecd1d86b3a7	GOVERNANCE_DISCOVERY	INFERRED_FROM_SOURCE	backend/ndsp_admin_extension.cjs	ndsp_admin_extension.cjs	288	b40726c1784c46f55f467fbd1cf70e927c547ebdf183f22f8c7fc4f2ec84895c	await audit(req, 'update_user', 'user', req.params.id, before, rows[0]);	Candidate evidence only; manual verification required.
EVD-a8d42ca01274	GOVERNANCE_DISCOVERY	INFERRED_FROM_SOURCE	backend/ndsp_admin_extension.cjs	ndsp_admin_extension.cjs	315	b40726c1784c46f55f467fbd1cf70e927c547ebdf183f22f8c7fc4f2ec84895c	await audit(req, 'delete_user', 'user', req.params.id, before, null);	Candidate evidence only; manual verification required.
EVD-26b829727605	GOVERNANCE_DISCOVERY	INFERRED_FROM_SOURCE	backend/ndsp_admin_extension.cjs	ndsp_admin_extension.cjs	345	b40726c1784c46f55f467fbd1cf70e927c547ebdf183f22f8c7fc4f2ec84895c	await audit(req, 'create_plan', 'plan', rows[0].id, null, rows[0]);	Candidate evidence only; manual verification required.
EVD-bc786765d5d1	GOVERNANCE_DISCOVERY	INFERRED_FROM_SOURCE	backend/ndsp_admin_extension.cjs	ndsp_admin_extension.cjs	380	b40726c1784c46f55f467fbd1cf70e927c547ebdf183f22f8c7fc4f2ec84895c	await audit(req, 'update_plan', 'plan', req.params.id, before, rows[0]);	Candidate evidence only; manual verification required.
EVD-e9983015f35d	GOVERNANCE_DISCOVERY	INFERRED_FROM_SOURCE	backend/ndsp_admin_extension.cjs	ndsp_admin_extension.cjs	397	b40726c1784c46f55f467fbd1cf70e927c547ebdf183f22f8c7fc4f2ec84895c	await audit(req, 'disable_plan', 'plan', req.params.id, before, rows[0]);	Candidate evidence only; manual verification required.
EVD-def96afbc9bf	GOVERNANCE_DISCOVERY	INFERRED_FROM_SOURCE	backend/ndsp_admin_extension.cjs	ndsp_admin_extension.cjs	436	b40726c1784c46f55f467fbd1cf70e927c547ebdf183f22f8c7fc4f2ec84895c	await audit(req, 'create_layer', 'layer', rows[0].id, null, rows[0]);	Candidate evidence only; manual verification required.
EVD-f45a59a77a79	GOVERNANCE_DISCOVERY	INFERRED_FROM_SOURCE	backend/ndsp_admin_extension.cjs	ndsp_admin_extension.cjs	473	b40726c1784c46f55f467fbd1cf70e927c547ebdf183f22f8c7fc4f2ec84895c	await audit(req, 'update_layer', 'layer', req.params.id, before, rows[0]);	Candidate evidence only; manual verification required.
EVD-a3d504fafefb	GOVERNANCE_DISCOVERY	INFERRED_FROM_SOURCE	backend/ndsp_admin_extension.cjs	ndsp_admin_extension.cjs	499	b40726c1784c46f55f467fbd1cf70e927c547ebdf183f22f8c7fc4f2ec84895c	await audit(req, 'link_layer_plans', 'layer', req.params.id, layer, { plan_ids: planIds });	Candidate evidence only; manual verification required.
EVD-44de8532981b	GOVERNANCE_DISCOVERY	INFERRED_FROM_SOURCE	backend/ndsp_admin_extension.cjs	ndsp_admin_extension.cjs	502	b40726c1784c46f55f467fbd1cf70e927c547ebdf183f22f8c7fc4f2ec84895c	try { await client.query('ROLLBACK'); } catch (_) {}	Candidate evidence only; manual verification required.
EVD-71c2267dcb75	GOVERNANCE_DISCOVERY	INFERRED_FROM_SOURCE	backend/ndsp_admin_extension.cjs	ndsp_admin_extension.cjs	516	b40726c1784c46f55f467fbd1cf70e927c547ebdf183f22f8c7fc4f2ec84895c	await audit(req, 'delete_layer', 'layer', req.params.id, before, null);	Candidate evidence only; manual verification required.
EVD-14eed322fa91	GOVERNANCE_DISCOVERY	INFERRED_FROM_SOURCE	backend/ndsp_admin_extension.cjs	ndsp_admin_extension.cjs	545	b40726c1784c46f55f467fbd1cf70e927c547ebdf183f22f8c7fc4f2ec84895c	await audit(req, 'upsert_asset', 'asset', rows[0].code, null, rows[0]);	Candidate evidence only; manual verification required.
EVD-a45c2725f839	GOVERNANCE_DISCOVERY	INFERRED_FROM_SOURCE	backend/ndsp_admin_extension.cjs	ndsp_admin_extension.cjs	569	b40726c1784c46f55f467fbd1cf70e927c547ebdf183f22f8c7fc4f2ec84895c	await audit(req, 'update_asset', 'asset', req.params.code.toUpperCase(), before, rows[0]);	Candidate evidence only; manual verification required.
EVD-7cc5796f05a9	GOVERNANCE_DISCOVERY	INFERRED_FROM_SOURCE	backend/ndsp_admin_extension.cjs	ndsp_admin_extension.cjs	611	b40726c1784c46f55f467fbd1cf70e927c547ebdf183f22f8c7fc4f2ec84895c	await audit(req, 'update_settings', 'settings', 'platform', before, after);	Candidate evidence only; manual verification required.
EVD-67f2f806e0e5	GOVERNANCE_DISCOVERY	INFERRED_FROM_SOURCE	backend/ndsp_admin_extension.cjs	ndsp_admin_extension.cjs	634	b40726c1784c46f55f467fbd1cf70e927c547ebdf183f22f8c7fc4f2ec84895c	await audit(req, 'create_coupon', 'coupon', rows[0].id, null, rows[0]);	Candidate evidence only; manual verification required.
EVD-d8bd31de6859	GOVERNANCE_DISCOVERY	INFERRED_FROM_SOURCE	backend/ndsp_admin_extension.cjs	ndsp_admin_extension.cjs	661	b40726c1784c46f55f467fbd1cf70e927c547ebdf183f22f8c7fc4f2ec84895c	await audit(req, 'update_coupon', 'coupon', req.params.id, before, rows[0]);	Candidate evidence only; manual verification required.
EVD-d296519fd09e	GOVERNANCE_DISCOVERY	INFERRED_FROM_SOURCE	backend/ndsp_admin_extension.cjs	ndsp_admin_extension.cjs	674	b40726c1784c46f55f467fbd1cf70e927c547ebdf183f22f8c7fc4f2ec84895c	await audit(req, 'delete_coupon', 'coupon', req.params.id, before, null);	Candidate evidence only; manual verification required.
EVD-bc88260cb01e	GOVERNANCE_DISCOVERY	INFERRED_FROM_SOURCE	backend/ndsp_admin_extension.cjs	ndsp_admin_extension.cjs	681	b40726c1784c46f55f467fbd1cf70e927c547ebdf183f22f8c7fc4f2ec84895c	admin.get('/audit', async (req, res) => {	Candidate evidence only; manual verification required.
EVD-9be4aa93544b	GOVERNANCE_DISCOVERY	INFERRED_FROM_SOURCE	backend/ndsp_admin_migrate.cjs	ndsp_admin_migrate.cjs	75	3d30cf78ed11d0e583aa3e928b9826376f1c79b627ad458b91a3df948cded75e	CREATE TABLE IF NOT EXISTS public.ndsp_audit_log (	Candidate evidence only; manual verification required.
EVD-f41604bc1635	GOVERNANCE_DISCOVERY	INFERRED_FROM_SOURCE	backend/ndsp_admin_migrate.cjs	ndsp_admin_migrate.cjs	226	3d30cf78ed11d0e583aa3e928b9826376f1c79b627ad458b91a3df948cded75e	try { await pool.query('ROLLBACK'); } catch (_) {}	Candidate evidence only; manual verification required.
EVD-642c04aea337	GOVERNANCE_DISCOVERY	INFERRED_FROM_SOURCE	backend/ndsp_admin_ui_proxy.cjs	ndsp_admin_ui_proxy.cjs	459	73baa76f5df53e80b55839a950bef6d02eb92cf331eb5e161a4fe90eb1ffdb32	source_table:out.source_table || 'governance_policy',	Candidate evidence only; manual verification required.
EVD-8a39ac7761cd	GOVERNANCE_DISCOVERY	INFERRED_FROM_SOURCE	backend/ndsp_admin_ui_proxy.cjs	ndsp_admin_ui_proxy.cjs	669	73baa76f5df53e80b55839a950bef6d02eb92cf331eb5e161a4fe90eb1ffdb32	app.get('/api/admin-ui/governance', adminOnly, async (_req, res) => {	Candidate evidence only; manual verification required.
EVD-bd89a0c7810e	GOVERNANCE_DISCOVERY	INFERRED_FROM_SOURCE	backend/ndsp_admin_ui_proxy.cjs	ndsp_admin_ui_proxy.cjs	672	73baa76f5df53e80b55839a950bef6d02eb92cf331eb5e161a4fe90eb1ffdb32	governance:{	Candidate evidence only; manual verification required.
EVD-c90eb9c3bca2	GOVERNANCE_DISCOVERY	INFERRED_FROM_SOURCE	backend/ndsp_api_compat_gateway.cjs	ndsp_api_compat_gateway.cjs	211	915359e511f0872dbdc949aab4bfc90ff4e7f44832082c8b3e2fc008d5b4b4a3	policy:'sanitized_decision_notifications_only'	Candidate evidence only; manual verification required.
EVD-fdeb464639e9	GOVERNANCE_DISCOVERY	INFERRED_FROM_SOURCE	backend/ndsp_checkout_plans_package/database/migrations/20260524_001_checkout_plans.sql	20260524_001_checkout_plans.sql	73	8b8151f6b1776a6e604c8c4d7df212235d2038920ea7b4bb0ba832c7836d4161	CREATE TABLE IF NOT EXISTS ndsp_plan_audit_logs (	Candidate evidence only; manual verification required.
EVD-dde76cfa6dff	GOVERNANCE_DISCOVERY	INFERRED_FROM_SOURCE	backend/ndsp_checkout_plans_package/database/migrations/20260524_001_checkout_plans.sql	20260524_001_checkout_plans.sql	200	8b8151f6b1776a6e604c8c4d7df212235d2038920ea7b4bb0ba832c7836d4161	"""Governance-safe output"""	Candidate evidence only; manual verification required.
EVD-659ca47301e2	GOVERNANCE_DISCOVERY	INFERRED_FROM_SOURCE	backend/ndsp_device_guard.cjs	ndsp_device_guard.cjs	114	ab063940d52d8092c3a91de35130ec91ba05aed8044cd2f68f78622d26aea1a3	async function audit(email, action, reason, req, ipMasked) {	Candidate evidence only; manual verification required.
EVD-24922e17ba60	GOVERNANCE_DISCOVERY	INFERRED_FROM_SOURCE	backend/ndsp_device_guard.cjs	ndsp_device_guard.cjs	117	ab063940d52d8092c3a91de35130ec91ba05aed8044cd2f68f78622d26aea1a3	INSERT INTO public.ndsp_registration_guard_audit	Candidate evidence only; manual verification required.
EVD-7e169e38dc4e	GOVERNANCE_DISCOVERY	INFERRED_FROM_SOURCE	backend/ndsp_device_guard.cjs	ndsp_device_guard.cjs	129	ab063940d52d8092c3a91de35130ec91ba05aed8044cd2f68f78622d26aea1a3	console.error('registration guard audit error:', err.message);	Candidate evidence only; manual verification required.
EVD-e23a7a5af311	GOVERNANCE_DISCOVERY	INFERRED_FROM_SOURCE	backend/ndsp_device_guard.cjs	ndsp_device_guard.cjs	211	ab063940d52d8092c3a91de35130ec91ba05aed8044cd2f68f78622d26aea1a3	WHEN false THEN 'IP_ALREADY_REGISTERED' /* disabled: IP-only blocking is not allowed; IP is audit signal only */	Candidate evidence only; manual verification required.
EVD-bb99eb2b6665	GOVERNANCE_DISCOVERY	INFERRED_FROM_SOURCE	backend/ndsp_device_guard.cjs	ndsp_device_guard.cjs	224	ab063940d52d8092c3a91de35130ec91ba05aed8044cd2f68f78622d26aea1a3	await audit(email, 'blocked_register', reason, req, ipMasked);	Candidate evidence only; manual verification required.
EVD-79790cd2d93b	GOVERNANCE_DISCOVERY	INFERRED_FROM_SOURCE	backend/ndsp_device_guard.cjs	ndsp_device_guard.cjs	236	ab063940d52d8092c3a91de35130ec91ba05aed8044cd2f68f78622d26aea1a3	audit(email, 'registered_lock_created', 'REGISTER_SUCCESS', req, ipMasked);	Candidate evidence only; manual verification required.
EVD-49b7d47ebc21	GOVERNANCE_DISCOVERY	INFERRED_FROM_SOURCE	backend/ndsp_device_guard_migrate.cjs	ndsp_device_guard_migrate.cjs	40	c0321deb0541fd82e8dce77fb14bf78be2a2f6059ca4c487b8a8533118d116a7	CREATE TABLE IF NOT EXISTS public.ndsp_registration_guard_audit (	Candidate evidence only; manual verification required.
EVD-3e5f84c3bfa4	GOVERNANCE_DISCOVERY	INFERRED_FROM_SOURCE	backend/ndsp_latest_16_layers_logic_functions.py	ndsp_latest_16_layers_logic_functions.py	314	750a5d8fdd650c34a041c958c55239cb93d8451a23793eeebcc79dba951ea2d3	# NDSP TDL Governance V3	Candidate evidence only; manual verification required.
EVD-2dd88914d2c5	GOVERNANCE_DISCOVERY	INFERRED_FROM_SOURCE	backend/ndsp_latest_16_layers_logic_functions.py	ndsp_latest_16_layers_logic_functions.py	317	750a5d8fdd650c34a041c958c55239cb93d8451a23793eeebcc79dba951ea2d3	# اعتماد السكالبينق الأسبوعي = الاتجاه الأسبوعي	Candidate evidence only; manual verification required.
EVD-5788d422cadc	GOVERNANCE_DISCOVERY	INFERRED_FROM_SOURCE	backend/ndsp_latest_16_layers_logic_functions.py	ndsp_latest_16_layers_logic_functions.py	581	750a5d8fdd650c34a041c958c55239cb93d8451a23793eeebcc79dba951ea2d3	# اعتماد السكالبينق الأسبوعي يكون على الاتجاه الجزئي الأسبوعي	Candidate evidence only; manual verification required.
EVD-2ea44df6d662	GOVERNANCE_DISCOVERY	INFERRED_FROM_SOURCE	backend/ndsp_latest_16_layers_logic_functions.py	ndsp_latest_16_layers_logic_functions.py	666	750a5d8fdd650c34a041c958c55239cb93d8451a23793eeebcc79dba951ea2d3	"""اعتماد السكالبينق الأسبوعي يكون على الاتجاه الجزئي الأسبوعي."","	Candidate evidence only; manual verification required.
EVD-a1ee43c306c3	GOVERNANCE_DISCOVERY	INFERRED_FROM_SOURCE	backend/ndsp_latest_16_layers_logic_functions.py	ndsp_latest_16_layers_logic_functions.py	731	750a5d8fdd650c34a041c958c55239cb93d8451a23793eeebcc79dba951ea2d3	"""important_governance_note"": ""الاتجاه الكلي سياق للترند، أما اعتماد قرار السكالبينق الأسبوعي فهو الاتجاه الجزئي الأسبوعي."","	Candidate evidence only; manual verification required.
EVD-13981f91a69c	GOVERNANCE_DISCOVERY	INFERRED_FROM_SOURCE	backend/ndsp_latest_16_layers_logic_functions.py	ndsp_latest_16_layers_logic_functions.py	745	750a5d8fdd650c34a041c958c55239cb93d8451a23793eeebcc79dba951ea2d3	"f""اعتماد القرار الأسبوعي: {_ndsp_weekly_bias_ar_with_scope(tdl_bias, overall_direction, movement_type)}."","	Candidate evidence only; manual verification required.
EVD-1db20daf0edc	GOVERNANCE_DISCOVERY	INFERRED_FROM_SOURCE	backend/ndsp_latest_16_layers_logic_functions.py	ndsp_latest_16_layers_logic_functions.py	843	750a5d8fdd650c34a041c958c55239cb93d8451a23793eeebcc79dba951ea2d3	# NDSP Governance Rule:	Candidate evidence only; manual verification required.
EVD-fa2258b0ddb8	GOVERNANCE_DISCOVERY	INFERRED_FROM_SOURCE	backend/ndsp_latest_16_layers_logic_functions.py	ndsp_latest_16_layers_logic_functions.py	1357	750a5d8fdd650c34a041c958c55239cb93d8451a23793eeebcc79dba951ea2d3	# Layer 14 — Risk Governance	Candidate evidence only; manual verification required.
EVD-1c786ae171fc	GOVERNANCE_DISCOVERY	INFERRED_FROM_SOURCE	backend/ndsp_latest_16_layers_logic_functions.py	ndsp_latest_16_layers_logic_functions.py	1358	750a5d8fdd650c34a041c958c55239cb93d8451a23793eeebcc79dba951ea2d3	# File: backend/layers/execution/l14_risk_governance.py	Candidate evidence only; manual verification required.
EVD-4ed7980cc998	GOVERNANCE_DISCOVERY	INFERRED_FROM_SOURCE	backend/ndsp_latest_16_layers_logic_functions.py	ndsp_latest_16_layers_logic_functions.py	1361	750a5d8fdd650c34a041c958c55239cb93d8451a23793eeebcc79dba951ea2d3	def evaluate_l14_risk_governance(payload: Mapping[str, Any] | None = None) -> dict[str, Any]:	Candidate evidence only; manual verification required.
EVD-322716d6dade	GOVERNANCE_DISCOVERY	INFERRED_FROM_SOURCE	backend/ndsp_latest_16_layers_logic_functions.py	ndsp_latest_16_layers_logic_functions.py	1393	750a5d8fdd650c34a041c958c55239cb93d8451a23793eeebcc79dba951ea2d3	"""risk_governance_state"": state,"	Candidate evidence only; manual verification required.
EVD-57feeffe487f	GOVERNANCE_DISCOVERY	INFERRED_FROM_SOURCE	backend/ndsp_latest_16_layers_logic_functions.py	ndsp_latest_16_layers_logic_functions.py	1399	750a5d8fdd650c34a041c958c55239cb93d8451a23793eeebcc79dba951ea2d3	"""Risk Governance"","	Candidate evidence only; manual verification required.
EVD-0f035815fae4	GOVERNANCE_DISCOVERY	INFERRED_FROM_SOURCE	backend/ndsp_latest_16_layers_logic_functions.py	ndsp_latest_16_layers_logic_functions.py	1400	750a5d8fdd650c34a041c958c55239cb93d8451a23793eeebcc79dba951ea2d3	"""L14_RISK_GOVERNANCE"","	Candidate evidence only; manual verification required.
EVD-37d096084842	GOVERNANCE_DISCOVERY	INFERRED_FROM_SOURCE	backend/ndsp_latest_16_layers_logic_functions.py	ndsp_latest_16_layers_logic_functions.py	1401	750a5d8fdd650c34a041c958c55239cb93d8451a23793eeebcc79dba951ea2d3	"""حوكمة المخاطر"","	Candidate evidence only; manual verification required.
EVD-d89c11104877	GOVERNANCE_DISCOVERY	INFERRED_FROM_SOURCE	backend/ndsp_latest_16_layers_logic_functions.py	ndsp_latest_16_layers_logic_functions.py	1402	750a5d8fdd650c34a041c958c55239cb93d8451a23793eeebcc79dba951ea2d3	"""risk_governance_state"","	Candidate evidence only; manual verification required.
EVD-b34da0e0c862	GOVERNANCE_DISCOVERY	INFERRED_FROM_SOURCE	backend/ndsp_latest_16_layers_logic_functions.py	ndsp_latest_16_layers_logic_functions.py	1405	750a5d8fdd650c34a041c958c55239cb93d8451a23793eeebcc79dba951ea2d3	"[f""Risk governance state={state}.""],"	Candidate evidence only; manual verification required.
EVD-abfaad0fa2f3	GOVERNANCE_DISCOVERY	INFERRED_FROM_SOURCE	backend/ndsp_latest_16_layers_logic_functions.py	ndsp_latest_16_layers_logic_functions.py	1552	750a5d8fdd650c34a041c958c55239cb93d8451a23793eeebcc79dba951ea2d3	evaluate_l14_risk_governance,	Candidate evidence only; manual verification required.
EVD-54fd5d561584	GOVERNANCE_DISCOVERY	INFERRED_FROM_SOURCE	backend/ndsp_layer_name_masking_policy.cjs	ndsp_layer_name_masking_policy.cjs	4	f04cadf0850af541eb7838add838ff9e207ebeb101250283070c616e7f3eb2d0	NDSP Layer Name Masking Policy Engine	Candidate evidence only; manual verification required.
EVD-a7443c60dbfb	GOVERNANCE_DISCOVERY	INFERRED_FROM_SOURCE	backend/ndsp_layer_name_masking_policy.cjs	ndsp_layer_name_masking_policy.cjs	12	f04cadf0850af541eb7838add838ff9e207ebeb101250283070c616e7f3eb2d0	const POLICY = Object.freeze({	Candidate evidence only; manual verification required.
EVD-68ab6daa4492	GOVERNANCE_DISCOVERY	INFERRED_FROM_SOURCE	backend/ndsp_layer_name_masking_policy.cjs	ndsp_layer_name_masking_policy.cjs	13	f04cadf0850af541eb7838add838ff9e207ebeb101250283070c616e7f3eb2d0	policy: 'NDSP_LAYER_NAME_MASKING_POLICY',	Candidate evidence only; manual verification required.
EVD-98f15fa992e8	GOVERNANCE_DISCOVERY	INFERRED_FROM_SOURCE	backend/ndsp_layer_name_masking_policy.cjs	ndsp_layer_name_masking_policy.cjs	43	f04cadf0850af541eb7838add838ff9e207ebeb101250283070c616e7f3eb2d0	/\b(?:14|16)[-\s]*Layer\s+(?:Map|Governance|System)\b/gi,	Candidate evidence only; manual verification required.
EVD-8e86f1650d92	GOVERNANCE_DISCOVERY	INFERRED_FROM_SOURCE	backend/ndsp_layer_name_masking_policy.cjs	ndsp_layer_name_masking_policy.cjs	54	f04cadf0850af541eb7838add838ff9e207ebeb101250283070c616e7f3eb2d0	/Final\s+Governance\s+Layer/gi	Candidate evidence only; manual verification required.
EVD-15583bbbf946	GOVERNANCE_DISCOVERY	INFERRED_FROM_SOURCE	backend/ndsp_layer_name_masking_policy.cjs	ndsp_layer_name_masking_policy.cjs	162	f04cadf0850af541eb7838add838ff9e207ebeb101250283070c616e7f3eb2d0	function attachPolicy(obj) {	Candidate evidence only; manual verification required.
EVD-b2e6bf013b69	GOVERNANCE_DISCOVERY	INFERRED_FROM_SOURCE	backend/ndsp_layer_name_masking_policy.cjs	ndsp_layer_name_masking_policy.cjs	165	f04cadf0850af541eb7838add838ff9e207ebeb101250283070c616e7f3eb2d0	out.layer_name_masking_policy = {	Candidate evidence only; manual verification required.
EVD-f3ed27b3b00e	GOVERNANCE_DISCOVERY	INFERRED_FROM_SOURCE	backend/ndsp_layer_name_masking_policy.cjs	ndsp_layer_name_masking_policy.cjs	166	f04cadf0850af541eb7838add838ff9e207ebeb101250283070c616e7f3eb2d0	policy: POLICY.policy,	Candidate evidence only; manual verification required.
EVD-53aaba4756b7	GOVERNANCE_DISCOVERY	INFERRED_FROM_SOURCE	backend/ndsp_layer_name_masking_policy.cjs	ndsp_layer_name_masking_policy.cjs	167	f04cadf0850af541eb7838add838ff9e207ebeb101250283070c616e7f3eb2d0	total_layers: POLICY.total_layers,	Candidate evidence only; manual verification required.
EVD-ee2e21d65b3c	GOVERNANCE_DISCOVERY	INFERRED_FROM_SOURCE	backend/ndsp_layer_name_masking_policy.cjs	ndsp_layer_name_masking_policy.cjs	168	f04cadf0850af541eb7838add838ff9e207ebeb101250283070c616e7f3eb2d0	visible_named_layers_count: POLICY.visible_named_layers_count,	Candidate evidence only; manual verification required.
EVD-db1d475b6794	GOVERNANCE_DISCOVERY	INFERRED_FROM_SOURCE	backend/ndsp_layer_name_masking_policy.cjs	ndsp_layer_name_masking_policy.cjs	169	f04cadf0850af541eb7838add838ff9e207ebeb101250283070c616e7f3eb2d0	hidden_named_layers_count: POLICY.hidden_named_layers_count,	Candidate evidence only; manual verification required.
EVD-68a6a5ab9f72	GOVERNANCE_DISCOVERY	INFERRED_FROM_SOURCE	backend/ndsp_layer_name_masking_policy.cjs	ndsp_layer_name_masking_policy.cjs	170	f04cadf0850af541eb7838add838ff9e207ebeb101250283070c616e7f3eb2d0	visible_named_layers: POLICY.visible_named_layers,	Candidate evidence only; manual verification required.
EVD-99a5a2a2020b	GOVERNANCE_DISCOVERY	INFERRED_FROM_SOURCE	backend/ndsp_layer_name_masking_policy.cjs	ndsp_layer_name_masking_policy.cjs	180	f04cadf0850af541eb7838add838ff9e207ebeb101250283070c616e7f3eb2d0	out.governance = Object.assign({}, out.governance || {}, {	Candidate evidence only; manual verification required.
EVD-ce247ce798c9	GOVERNANCE_DISCOVERY	INFERRED_FROM_SOURCE	backend/ndsp_layer_name_masking_policy.cjs	ndsp_layer_name_masking_policy.cjs	181	f04cadf0850af541eb7838add838ff9e207ebeb101250283070c616e7f3eb2d0	layer_name_masking_policy_active: true,	Candidate evidence only; manual verification required.
EVD-9b4d781f9e64	GOVERNANCE_DISCOVERY	INFERRED_FROM_SOURCE	backend/ndsp_layer_name_masking_policy.cjs	ndsp_layer_name_masking_policy.cjs	195	f04cadf0850af541eb7838add838ff9e207ebeb101250283070c616e7f3eb2d0	return attachPolicy(safe);	Candidate evidence only; manual verification required.
EVD-8f4104951467	GOVERNANCE_DISCOVERY	INFERRED_FROM_SOURCE	backend/ndsp_layer_name_masking_policy.cjs	ndsp_layer_name_masking_policy.cjs	202	f04cadf0850af541eb7838add838ff9e207ebeb101250283070c616e7f3eb2d0	safe.analysis = attachPolicy(safe.analysis);	Candidate evidence only; manual verification required.
EVD-5f87894aa418	GOVERNANCE_DISCOVERY	INFERRED_FROM_SOURCE	backend/ndsp_layer_name_masking_policy.cjs	ndsp_layer_name_masking_policy.cjs	234	f04cadf0850af541eb7838add838ff9e207ebeb101250283070c616e7f3eb2d0	POLICY,	Candidate evidence only; manual verification required.
EVD-d7b67b6c503f	GOVERNANCE_DISCOVERY	INFERRED_FROM_SOURCE	backend/ndsp_live_market_adapter.cjs	ndsp_live_market_adapter.cjs	11	bf022671b92ba0903d7c05063e44309c6d603beb6152d1b90acfd67f0d23b420	"const ADAPTER_VERSION = ""ndsp-live-market-adapter-v2.0.0-full-universe-backend-cache"";"	Candidate evidence only; manual verification required.
EVD-d40b9d00d698	GOVERNANCE_DISCOVERY	INFERRED_FROM_SOURCE	backend/ndsp_live_market_adapter.cjs	ndsp_live_market_adapter.cjs	147	bf022671b92ba0903d7c05063e44309c6d603beb6152d1b90acfd67f0d23b420	adapter_version: ADAPTER_VERSION	Candidate evidence only; manual verification required.
EVD-af5b4e8153a8	GOVERNANCE_DISCOVERY	INFERRED_FROM_SOURCE	backend/ndsp_live_market_adapter.cjs	ndsp_live_market_adapter.cjs	195	bf022671b92ba0903d7c05063e44309c6d603beb6152d1b90acfd67f0d23b420	adapter_version: ADAPTER_VERSION	Candidate evidence only; manual verification required.
EVD-18d781af95fc	GOVERNANCE_DISCOVERY	INFERRED_FROM_SOURCE	backend/ndsp_live_market_adapter.cjs	ndsp_live_market_adapter.cjs	284	bf022671b92ba0903d7c05063e44309c6d603beb6152d1b90acfd67f0d23b420	adapter_version: ADAPTER_VERSION	Candidate evidence only; manual verification required.
EVD-8a21c8e64d88	GOVERNANCE_DISCOVERY	INFERRED_FROM_SOURCE	backend/ndsp_live_market_adapter.cjs	ndsp_live_market_adapter.cjs	321	bf022671b92ba0903d7c05063e44309c6d603beb6152d1b90acfd67f0d23b420	adapter_version: ADAPTER_VERSION	Candidate evidence only; manual verification required.
EVD-625a6cb73199	GOVERNANCE_DISCOVERY	INFERRED_FROM_SOURCE	backend/ndsp_live_market_adapter.cjs	ndsp_live_market_adapter.cjs	341	bf022671b92ba0903d7c05063e44309c6d603beb6152d1b90acfd67f0d23b420	adapter_version: ADAPTER_VERSION,	Candidate evidence only; manual verification required.
EVD-2e5842706c27	GOVERNANCE_DISCOVERY	INFERRED_FROM_SOURCE	backend/ndsp_live_market_adapter.cjs	ndsp_live_market_adapter.cjs	356	bf022671b92ba0903d7c05063e44309c6d603beb6152d1b90acfd67f0d23b420	adapter_version: ADAPTER_VERSION	Candidate evidence only; manual verification required.
EVD-a4f19a9b8698	GOVERNANCE_DISCOVERY	INFERRED_FROM_SOURCE	backend/ndsp_live_market_adapter.cjs	ndsp_live_market_adapter.cjs	368	bf022671b92ba0903d7c05063e44309c6d603beb6152d1b90acfd67f0d23b420	adapter_version: ADAPTER_VERSION	Candidate evidence only; manual verification required.
EVD-8efd4820150b	GOVERNANCE_DISCOVERY	INFERRED_FROM_SOURCE	backend/ndsp_live_market_adapter.cjs	ndsp_live_market_adapter.cjs	382	bf022671b92ba0903d7c05063e44309c6d603beb6152d1b90acfd67f0d23b420	adapter_version: ADAPTER_VERSION	Candidate evidence only; manual verification required.
EVD-b1cd2fb07ddc	GOVERNANCE_DISCOVERY	INFERRED_FROM_SOURCE	backend/ndsp_live_market_adapter.cjs	ndsp_live_market_adapter.cjs	389	bf022671b92ba0903d7c05063e44309c6d603beb6152d1b90acfd67f0d23b420	"console.log(""[NDSP] adapter version "" + ADAPTER_VERSION);"	Candidate evidence only; manual verification required.
EVD-f86c5f4113b0	GOVERNANCE_DISCOVERY	INFERRED_FROM_SOURCE	backend/ndsp_nowpayments.cjs	ndsp_nowpayments.cjs	303	c86c22a98ab21e9c4befc6ba3cc35f3f4336432f573dbf398ee80ab259ba08ef	INSERT INTO public.ndsp_payment_audit	Candidate evidence only; manual verification required.
EVD-49c323bb1a02	GOVERNANCE_DISCOVERY	INFERRED_FROM_SOURCE	backend/ndsp_nowpayments.cjs	ndsp_nowpayments.cjs	351	c86c22a98ab21e9c4befc6ba3cc35f3f4336432f573dbf398ee80ab259ba08ef	INSERT INTO public.ndsp_payment_audit	Candidate evidence only; manual verification required.
EVD-27418617fbb5	GOVERNANCE_DISCOVERY	INFERRED_FROM_SOURCE	backend/ndsp_nowpayments_migrate.cjs	ndsp_nowpayments_migrate.cjs	61	574137c8bbc1b5de7e6215677225b5b9be3e0b7ff875374a92927508cd454beb	CREATE TABLE IF NOT EXISTS public.ndsp_payment_audit (	Candidate evidence only; manual verification required.
EVD-67552a32dfee	GOVERNANCE_DISCOVERY	INFERRED_FROM_SOURCE	backend/ndsp_one_device_one_account.sh	ndsp_one_device_one_account.sh	69	fc09890ff2e349def4a324536c45629fcd708f40c4f4c573ee58d0204d68174b	CREATE TABLE IF NOT EXISTS public.ndsp_registration_guard_audit (	Candidate evidence only; manual verification required.
EVD-0ba3fcaff5ed	GOVERNANCE_DISCOVERY	INFERRED_FROM_SOURCE	backend/ndsp_one_device_one_account.sh	ndsp_one_device_one_account.sh	209	fc09890ff2e349def4a324536c45629fcd708f40c4f4c573ee58d0204d68174b	async function audit(email, action, reason, req, ipMasked) {	Candidate evidence only; manual verification required.
EVD-a93f5c466ac2	GOVERNANCE_DISCOVERY	INFERRED_FROM_SOURCE	backend/ndsp_one_device_one_account.sh	ndsp_one_device_one_account.sh	212	fc09890ff2e349def4a324536c45629fcd708f40c4f4c573ee58d0204d68174b	INSERT INTO public.ndsp_registration_guard_audit	Candidate evidence only; manual verification required.
EVD-9acffd74a0c0	GOVERNANCE_DISCOVERY	INFERRED_FROM_SOURCE	backend/ndsp_one_device_one_account.sh	ndsp_one_device_one_account.sh	224	fc09890ff2e349def4a324536c45629fcd708f40c4f4c573ee58d0204d68174b	console.error('registration guard audit error:', err.message);	Candidate evidence only; manual verification required.
EVD-7ff3647955bb	GOVERNANCE_DISCOVERY	INFERRED_FROM_SOURCE	backend/ndsp_one_device_one_account.sh	ndsp_one_device_one_account.sh	319	fc09890ff2e349def4a324536c45629fcd708f40c4f4c573ee58d0204d68174b	await audit(email, 'blocked_register', reason, req, ipMasked);	Candidate evidence only; manual verification required.
EVD-2a366859ddb0	GOVERNANCE_DISCOVERY	INFERRED_FROM_SOURCE	backend/ndsp_one_device_one_account.sh	ndsp_one_device_one_account.sh	331	fc09890ff2e349def4a324536c45629fcd708f40c4f4c573ee58d0204d68174b	audit(email, 'registered_lock_created', 'REGISTER_SUCCESS', req, ipMasked);	Candidate evidence only; manual verification required.
EVD-0d242956f72b	GOVERNANCE_DISCOVERY	INFERRED_FROM_SOURCE	backend/ndsp_saas_packages_policy.cjs	ndsp_saas_packages_policy.cjs	132	6b2629a67147e9addba300d1aac54aebc2645b095db156b1c92a54bb7931da82	function getPackagePolicy(plan) {	Candidate evidence only; manual verification required.
EVD-bb0755b7d576	GOVERNANCE_DISCOVERY	INFERRED_FROM_SOURCE	backend/ndsp_saas_packages_policy.cjs	ndsp_saas_packages_policy.cjs	139	6b2629a67147e9addba300d1aac54aebc2645b095db156b1c92a54bb7931da82	policy: 'NDSP_SAAS_PACKAGES_POLICY',	Candidate evidence only; manual verification required.
EVD-4121e1aae21b	GOVERNANCE_DISCOVERY	INFERRED_FROM_SOURCE	backend/ndsp_saas_packages_policy.cjs	ndsp_saas_packages_policy.cjs	147	6b2629a67147e9addba300d1aac54aebc2645b095db156b1c92a54bb7931da82	const pkg = getPackagePolicy(plan);	Candidate evidence only; manual verification required.
EVD-f8dcea253bca	GOVERNANCE_DISCOVERY	INFERRED_FROM_SOURCE	backend/ndsp_saas_packages_policy.cjs	ndsp_saas_packages_policy.cjs	164	6b2629a67147e9addba300d1aac54aebc2645b095db156b1c92a54bb7931da82	function attachSaasPackagePolicy(analysis, user, options = {}) {	Candidate evidence only; manual verification required.
EVD-ce95df0f4bcd	GOVERNANCE_DISCOVERY	INFERRED_FROM_SOURCE	backend/ndsp_saas_packages_policy.cjs	ndsp_saas_packages_policy.cjs	167	6b2629a67147e9addba300d1aac54aebc2645b095db156b1c92a54bb7931da82	const pkg = getPackagePolicy(planKey);	Candidate evidence only; manual verification required.
EVD-a81d13ec2b3d	GOVERNANCE_DISCOVERY	INFERRED_FROM_SOURCE	backend/ndsp_saas_packages_policy.cjs	ndsp_saas_packages_policy.cjs	169	6b2629a67147e9addba300d1aac54aebc2645b095db156b1c92a54bb7931da82	safe.saas_package_policy = {	Candidate evidence only; manual verification required.
EVD-1ab27a4e9710	GOVERNANCE_DISCOVERY	INFERRED_FROM_SOURCE	backend/ndsp_saas_packages_policy.cjs	ndsp_saas_packages_policy.cjs	170	6b2629a67147e9addba300d1aac54aebc2645b095db156b1c92a54bb7931da82	policy: 'NDSP_SAAS_PACKAGES_POLICY',	Candidate evidence only; manual verification required.
EVD-64dad57a4d6a	GOVERNANCE_DISCOVERY	INFERRED_FROM_SOURCE	backend/ndsp_saas_packages_policy.cjs	ndsp_saas_packages_policy.cjs	189	6b2629a67147e9addba300d1aac54aebc2645b095db156b1c92a54bb7931da82	safe.governance = Object.assign({}, safe.governance || {}, {	Candidate evidence only; manual verification required.
EVD-8b0c2616ce58	GOVERNANCE_DISCOVERY	INFERRED_FROM_SOURCE	backend/ndsp_saas_packages_policy.cjs	ndsp_saas_packages_policy.cjs	190	6b2629a67147e9addba300d1aac54aebc2645b095db156b1c92a54bb7931da82	saas_package_policy_active: true,	Candidate evidence only; manual verification required.
EVD-8b35ba2255ad	GOVERNANCE_DISCOVERY	INFERRED_FROM_SOURCE	backend/ndsp_saas_packages_policy.cjs	ndsp_saas_packages_policy.cjs	211	6b2629a67147e9addba300d1aac54aebc2645b095db156b1c92a54bb7931da82	const p = getPackagePolicy(plan);	Candidate evidence only; manual verification required.
EVD-5a90884a4405	GOVERNANCE_DISCOVERY	INFERRED_FROM_SOURCE	backend/ndsp_saas_packages_policy.cjs	ndsp_saas_packages_policy.cjs	234	6b2629a67147e9addba300d1aac54aebc2645b095db156b1c92a54bb7931da82	getPackagePolicy,	Candidate evidence only; manual verification required.
EVD-28c17067b04c	GOVERNANCE_DISCOVERY	INFERRED_FROM_SOURCE	backend/ndsp_saas_packages_policy.cjs	ndsp_saas_packages_policy.cjs	237	6b2629a67147e9addba300d1aac54aebc2645b095db156b1c92a54bb7931da82	attachSaasPackagePolicy,	Candidate evidence only; manual verification required.
EVD-d3c5e8fa269b	GOVERNANCE_DISCOVERY	INFERRED_FROM_SOURCE	backend/ndsp_scenario_levels_adapter.cjs	ndsp_scenario_levels_adapter.cjs	9	eb7f7a8dba756080c7ace4d5ec263976180ebdf54f98236df114b2dd389b2eb7	"const VERSION = ""ndsp-scenario-levels-adapter-v1.0.2-exact-symbol-no-fallback"";"	Candidate evidence only; manual verification required.
EVD-79765bc1889a	GOVERNANCE_DISCOVERY	INFERRED_FROM_SOURCE	backend/ndsp_scenario_levels_adapter.cjs	ndsp_scenario_levels_adapter.cjs	229	eb7f7a8dba756080c7ace4d5ec263976180ebdf54f98236df114b2dd389b2eb7	adapter_version: VERSION	Candidate evidence only; manual verification required.
EVD-e85daab4e28d	GOVERNANCE_DISCOVERY	INFERRED_FROM_SOURCE	backend/ndsp_scenario_levels_adapter.cjs	ndsp_scenario_levels_adapter.cjs	246	eb7f7a8dba756080c7ace4d5ec263976180ebdf54f98236df114b2dd389b2eb7	adapter_version: VERSION	Candidate evidence only; manual verification required.
EVD-a62978b8e352	GOVERNANCE_DISCOVERY	INFERRED_FROM_SOURCE	backend/ndsp_scenario_levels_adapter.cjs	ndsp_scenario_levels_adapter.cjs	270	eb7f7a8dba756080c7ace4d5ec263976180ebdf54f98236df114b2dd389b2eb7	adapter_version: VERSION	Candidate evidence only; manual verification required.
EVD-7413df36bac6	GOVERNANCE_DISCOVERY	INFERRED_FROM_SOURCE	backend/ndsp_scenario_levels_adapter.cjs	ndsp_scenario_levels_adapter.cjs	294	eb7f7a8dba756080c7ace4d5ec263976180ebdf54f98236df114b2dd389b2eb7	adapter_version: VERSION,	Candidate evidence only; manual verification required.
EVD-d9336916692b	GOVERNANCE_DISCOVERY	INFERRED_FROM_SOURCE	backend/ndsp_tdl_trade_horizon_addons.cjs	ndsp_tdl_trade_horizon_addons.cjs	15	12f1a17cd7d754049e0107f385d05df72c9216b410c2e0cdc35bb2dc8c46c036	Source Priority Policy:	Candidate evidence only; manual verification required.
EVD-51c681e3c860	GOVERNANCE_DISCOVERY	INFERRED_FROM_SOURCE	backend/ndsp_tdl_trade_horizon_addons.cjs	ndsp_tdl_trade_horizon_addons.cjs	31	12f1a17cd7d754049e0107f385d05df72c9216b410c2e0cdc35bb2dc8c46c036	const INTERNAL_SOURCE_PRIORITY_POLICY = Object.freeze({	Candidate evidence only; manual verification required.
EVD-ef123e1f4890	GOVERNANCE_DISCOVERY	INFERRED_FROM_SOURCE	backend/ndsp_tdl_trade_horizon_addons.cjs	ndsp_tdl_trade_horizon_addons.cjs	214	12f1a17cd7d754049e0107f385d05df72c9216b410c2e0cdc35bb2dc8c46c036	Existing TDL timing controller policy:	Candidate evidence only; manual verification required.
EVD-7a63ca933951	GOVERNANCE_DISCOVERY	INFERRED_FROM_SOURCE	backend/ndsp_tdl_trade_horizon_addons.cjs	ndsp_tdl_trade_horizon_addons.cjs	331	12f1a17cd7d754049e0107f385d05df72c9216b410c2e0cdc35bb2dc8c46c036	policy_version: 'TDL_ADDONS_01_02_20260529',	Candidate evidence only; manual verification required.
EVD-6dfd6eea5b15	GOVERNANCE_DISCOVERY	INFERRED_FROM_SOURCE	backend/ndsp_tdl_trade_horizon_addons.cjs	ndsp_tdl_trade_horizon_addons.cjs	374	12f1a17cd7d754049e0107f385d05df72c9216b410c2e0cdc35bb2dc8c46c036	source_priority_policy_public: {	Candidate evidence only; manual verification required.
EVD-223e2bf29a24	GOVERNANCE_DISCOVERY	INFERRED_FROM_SOURCE	backend/ndsp_tdl_trade_horizon_addons.cjs	ndsp_tdl_trade_horizon_addons.cjs	375	12f1a17cd7d754049e0107f385d05df72c9216b410c2e0cdc35bb2dc8c46c036	primary_then_fallback_policy_applied: true,	Candidate evidence only; manual verification required.
EVD-c7f5fc61df92	GOVERNANCE_DISCOVERY	INFERRED_FROM_SOURCE	backend/ndsp_tdl_trade_horizon_addons.cjs	ndsp_tdl_trade_horizon_addons.cjs	411	12f1a17cd7d754049e0107f385d05df72c9216b410c2e0cdc35bb2dc8c46c036	safeAnalysis.governance = Object.assign({}, safeAnalysis.governance || {}, {	Candidate evidence only; manual verification required.
EVD-146b25d5ab76	GOVERNANCE_DISCOVERY	INFERRED_FROM_SOURCE	backend/ndsp_tdl_trade_horizon_addons.cjs	ndsp_tdl_trade_horizon_addons.cjs	490	12f1a17cd7d754049e0107f385d05df72c9216b410c2e0cdc35bb2dc8c46c036	INTERNAL_SOURCE_PRIORITY_POLICY	Candidate evidence only; manual verification required.
EVD-40dbf931fcbf	GOVERNANCE_DISCOVERY	INFERRED_FROM_SOURCE	backend/ndsp_tdl_trade_horizon_addons.cjs	ndsp_tdl_trade_horizon_addons.cjs	712	12f1a17cd7d754049e0107f385d05df72c9216b410c2e0cdc35bb2dc8c46c036	safeAnalysis.governance = Object.assign({}, safeAnalysis.governance || {}, {	Candidate evidence only; manual verification required.
EVD-d84fbf3a6e99	GOVERNANCE_DISCOVERY	INFERRED_FROM_SOURCE	backend/ndsp_tdl_trade_horizon_addons.cjs	ndsp_tdl_trade_horizon_addons.cjs	747	12f1a17cd7d754049e0107f385d05df72c9216b410c2e0cdc35bb2dc8c46c036	'saas_package_policy',	Candidate evidence only; manual verification required.
EVD-e8c2f4e96191	GOVERNANCE_DISCOVERY	INFERRED_FROM_SOURCE	backend/ndsp_tdl_trade_horizon_addons.cjs	ndsp_tdl_trade_horizon_addons.cjs	748	12f1a17cd7d754049e0107f385d05df72c9216b410c2e0cdc35bb2dc8c46c036	'layer_name_masking_policy',	Candidate evidence only; manual verification required.
EVD-0e3f93b75a35	GOVERNANCE_DISCOVERY	INFERRED_FROM_SOURCE	backend/ndsp_tdl_trade_horizon_addons.cjs	ndsp_tdl_trade_horizon_addons.cjs	750	12f1a17cd7d754049e0107f385d05df72c9216b410c2e0cdc35bb2dc8c46c036	'source_priority_policy_public',	Candidate evidence only; manual verification required.
EVD-2895bfffc7af	GOVERNANCE_DISCOVERY	INFERRED_FROM_SOURCE	backend/ndsp_tdl_trade_horizon_addons.cjs	ndsp_tdl_trade_horizon_addons.cjs	776	12f1a17cd7d754049e0107f385d05df72c9216b410c2e0cdc35bb2dc8c46c036	if (key =REDACTED 'INTERNAL_SOURCE_PRIORITY_POLICY') {	Candidate evidence only; manual verification required.
EVD-82ea7e6eb4cd	GOVERNANCE_DISCOVERY	INFERRED_FROM_SOURCE	backend/ndsp_tdl_trade_horizon_addons.cjs	ndsp_tdl_trade_horizon_addons.cjs	862	12f1a17cd7d754049e0107f385d05df72c9216b410c2e0cdc35bb2dc8c46c036	/* NDSP_POLICY_METADATA_PUBLIC_OUTPUT_STRIPPER_BEGIN */	Candidate evidence only; manual verification required.
EVD-890648cda597	GOVERNANCE_DISCOVERY	INFERRED_FROM_SOURCE	backend/ndsp_tdl_trade_horizon_addons.cjs	ndsp_tdl_trade_horizon_addons.cjs	869	12f1a17cd7d754049e0107f385d05df72c9216b410c2e0cdc35bb2dc8c46c036	'layer_name_masking_policy',	Candidate evidence only; manual verification required.
EVD-40d8e0607d5e	GOVERNANCE_DISCOVERY	INFERRED_FROM_SOURCE	backend/ndsp_tdl_trade_horizon_addons.cjs	ndsp_tdl_trade_horizon_addons.cjs	870	12f1a17cd7d754049e0107f385d05df72c9216b410c2e0cdc35bb2dc8c46c036	'saas_package_policy',	Candidate evidence only; manual verification required.
EVD-f012c0cbc3df	GOVERNANCE_DISCOVERY	INFERRED_FROM_SOURCE	backend/ndsp_tdl_trade_horizon_addons.cjs	ndsp_tdl_trade_horizon_addons.cjs	878	12f1a17cd7d754049e0107f385d05df72c9216b410c2e0cdc35bb2dc8c46c036	'source_priority_policy_public',	Candidate evidence only; manual verification required.
EVD-3edf87e72138	GOVERNANCE_DISCOVERY	INFERRED_FROM_SOURCE	backend/ndsp_tdl_trade_horizon_addons.cjs	ndsp_tdl_trade_horizon_addons.cjs	907	12f1a17cd7d754049e0107f385d05df72c9216b410c2e0cdc35bb2dc8c46c036	function addSafePublicPolicy(analysis) {	Candidate evidence only; manual verification required.
EVD-b47040afce01	GOVERNANCE_DISCOVERY	INFERRED_FROM_SOURCE	backend/ndsp_tdl_trade_horizon_addons.cjs	ndsp_tdl_trade_horizon_addons.cjs	910	12f1a17cd7d754049e0107f385d05df72c9216b410c2e0cdc35bb2dc8c46c036	analysis.public_output_policy = {	Candidate evidence only; manual verification required.
EVD-b02616cad297	GOVERNANCE_DISCOVERY	INFERRED_FROM_SOURCE	backend/ndsp_tdl_trade_horizon_addons.cjs	ndsp_tdl_trade_horizon_addons.cjs	924	12f1a17cd7d754049e0107f385d05df72c9216b410c2e0cdc35bb2dc8c46c036	addSafePublicPolicy(out);	Candidate evidence only; manual verification required.
EVD-7a052dfaca22	GOVERNANCE_DISCOVERY	INFERRED_FROM_SOURCE	backend/ndsp_trial_register_gateway.cjs	ndsp_trial_register_gateway.cjs	540	30fca53eedd7fc4946a5e756630c5c1def5e492502e1dea333c850ba3c090cc0	await client.query('ROLLBACK');	Candidate evidence only; manual verification required.
EVD-7aff11685764	GOVERNANCE_DISCOVERY	INFERRED_FROM_SOURCE	backend/ndsp_trial_register_gateway.cjs	ndsp_trial_register_gateway.cjs	555	30fca53eedd7fc4946a5e756630c5c1def5e492502e1dea333c850ba3c090cc0	try { await client.query('ROLLBACK'); } catch (_) {}	Candidate evidence only; manual verification required.
EVD-f560c4bee205	GOVERNANCE_DISCOVERY	INFERRED_FROM_SOURCE	backend/ndsp_trial_register_gateway.cjs	ndsp_trial_register_gateway.cjs	613	30fca53eedd7fc4946a5e756630c5c1def5e492502e1dea333c850ba3c090cc0	await client.query('ROLLBACK');	Candidate evidence only; manual verification required.
EVD-b65d2669fe97	GOVERNANCE_DISCOVERY	INFERRED_FROM_SOURCE	backend/ndsp_trial_register_gateway.cjs	ndsp_trial_register_gateway.cjs	619	30fca53eedd7fc4946a5e756630c5c1def5e492502e1dea333c850ba3c090cc0	await client.query('ROLLBACK');	Candidate evidence only; manual verification required.
EVD-e03407367a9d	GOVERNANCE_DISCOVERY	INFERRED_FROM_SOURCE	backend/ndsp_trial_register_gateway.cjs	ndsp_trial_register_gateway.cjs	629	30fca53eedd7fc4946a5e756630c5c1def5e492502e1dea333c850ba3c090cc0	await client.query('ROLLBACK');	Candidate evidence only; manual verification required.
EVD-9c366ed78cf4	GOVERNANCE_DISCOVERY	INFERRED_FROM_SOURCE	backend/ndsp_trial_register_gateway.cjs	ndsp_trial_register_gateway.cjs	658	30fca53eedd7fc4946a5e756630c5c1def5e492502e1dea333c850ba3c090cc0	trial_day_1_policy: mode === 'ordinary'	Candidate evidence only; manual verification required.
EVD-20988fd81707	GOVERNANCE_DISCOVERY	INFERRED_FROM_SOURCE	backend/ndsp_trial_register_gateway.cjs	ndsp_trial_register_gateway.cjs	660	30fca53eedd7fc4946a5e756630c5c1def5e492502e1dea333c850ba3c090cc0	: 'starts_only_after_admin_approval',	Candidate evidence only; manual verification required.
EVD-1e1788d7d22b	GOVERNANCE_DISCOVERY	INFERRED_FROM_SOURCE	backend/ndsp_trial_register_gateway.cjs	ndsp_trial_register_gateway.cjs	671	30fca53eedd7fc4946a5e756630c5c1def5e492502e1dea333c850ba3c090cc0	try { await client.query('ROLLBACK'); } catch (_) {}	Candidate evidence only; manual verification required.
EVD-ae6707ae45ba	GOVERNANCE_DISCOVERY	INFERRED_FROM_SOURCE	backend/ndsp_user_dashboard_gateway.cjs	ndsp_user_dashboard_gateway.cjs	5	00df7b0f1a1ce584e6bc38e47a6bc91547c4db63824decad9327862acbf2515e	'layer_name_masking_policy',	Candidate evidence only; manual verification required.
EVD-e56f61227b2c	GOVERNANCE_DISCOVERY	INFERRED_FROM_SOURCE	backend/ndsp_user_dashboard_gateway.cjs	ndsp_user_dashboard_gateway.cjs	6	00df7b0f1a1ce584e6bc38e47a6bc91547c4db63824decad9327862acbf2515e	'saas_package_policy',	Candidate evidence only; manual verification required.
EVD-55376fcb8d76	GOVERNANCE_DISCOVERY	INFERRED_FROM_SOURCE	backend/ndsp_user_dashboard_gateway.cjs	ndsp_user_dashboard_gateway.cjs	14	00df7b0f1a1ce584e6bc38e47a6bc91547c4db63824decad9327862acbf2515e	'source_priority_policy_public',	Candidate evidence only; manual verification required.
EVD-37c3d2d9ed42	GOVERNANCE_DISCOVERY	INFERRED_FROM_SOURCE	backend/ndsp_user_dashboard_gateway.cjs	ndsp_user_dashboard_gateway.cjs	53	00df7b0f1a1ce584e6bc38e47a6bc91547c4db63824decad9327862acbf2515e	const layerNameMaskingPolicy = require('./ndsp_layer_name_masking_policy.cjs');	Candidate evidence only; manual verification required.
EVD-a8e91052838e	GOVERNANCE_DISCOVERY	INFERRED_FROM_SOURCE	backend/ndsp_user_dashboard_gateway.cjs	ndsp_user_dashboard_gateway.cjs	54	00df7b0f1a1ce584e6bc38e47a6bc91547c4db63824decad9327862acbf2515e	const saasPackagesPolicy = require('./ndsp_saas_packages_policy.cjs');	Candidate evidence only; manual verification required.
EVD-7f19f428d34d	GOVERNANCE_DISCOVERY	INFERRED_FROM_SOURCE	backend/ndsp_user_dashboard_gateway.cjs	ndsp_user_dashboard_gateway.cjs	293	00df7b0f1a1ce584e6bc38e47a6bc91547c4db63824decad9327862acbf2515e	governance:{	Candidate evidence only; manual verification required.
EVD-868a221bac81	GOVERNANCE_DISCOVERY	INFERRED_FROM_SOURCE	backend/ndsp_user_dashboard_gateway.cjs	ndsp_user_dashboard_gateway.cjs	317	00df7b0f1a1ce584e6bc38e47a6bc91547c4db63824decad9327862acbf2515e	function finalLayerPolicy() {	Candidate evidence only; manual verification required.
EVD-cfb33bed7521	GOVERNANCE_DISCOVERY	INFERRED_FROM_SOURCE	backend/ndsp_user_dashboard_gateway.cjs	ndsp_user_dashboard_gateway.cjs	336	00df7b0f1a1ce584e6bc38e47a6bc91547c4db63824decad9327862acbf2515e	governance:{	Candidate evidence only; manual verification required.
EVD-c1fa9320c81f	GOVERNANCE_DISCOVERY	INFERRED_FROM_SOURCE	backend/ndsp_user_dashboard_gateway.cjs	ndsp_user_dashboard_gateway.cjs	374	00df7b0f1a1ce584e6bc38e47a6bc91547c4db63824decad9327862acbf2515e	layer_visibility_policy:finalLayerPolicy(),	Candidate evidence only; manual verification required.
EVD-08442a73e224	GOVERNANCE_DISCOVERY	INFERRED_FROM_SOURCE	backend/ndsp_user_dashboard_gateway.cjs	ndsp_user_dashboard_gateway.cjs	386	00df7b0f1a1ce584e6bc38e47a6bc91547c4db63824decad9327862acbf2515e	governance:{	Candidate evidence only; manual verification required.
EVD-09da7b12b230	GOVERNANCE_DISCOVERY	INFERRED_FROM_SOURCE	backend/ndsp_user_dashboard_gateway.cjs	ndsp_user_dashboard_gateway.cjs	408	00df7b0f1a1ce584e6bc38e47a6bc91547c4db63824decad9327862acbf2515e	policy:{	Candidate evidence only; manual verification required.
EVD-96874828f382	GOVERNANCE_DISCOVERY	INFERRED_FROM_SOURCE	backend/ndsp_user_dashboard_gateway.cjs	ndsp_user_dashboard_gateway.cjs	439	00df7b0f1a1ce584e6bc38e47a6bc91547c4db63824decad9327862acbf2515e	analysis:saasPackagesPolicy.attachSaasPackagePolicy(layerNameMaskingPolicy.sanitizeAnalysisForPublic(tdlAddons.attachTdlTradeHorizonAddons(asset, buildSafeAnalysis(asset))), (typeof req !== 'undefined' ? req.user : null), { plan: (typeof req !== 'undefined' && req.query ? req.query.plan : undefined) })	Candidate evidence only; manual verification required.
EVD-0d11ff68ed74	GOVERNANCE_DISCOVERY	INFERRED_FROM_SOURCE	backend/ndsp_user_dashboard_gateway.cjs	ndsp_user_dashboard_gateway.cjs	459	00df7b0f1a1ce584e6bc38e47a6bc91547c4db63824decad9327862acbf2515e	/* NDSP_SAAS_PACKAGES_POLICY_ENDPOINT_BEGIN */	Candidate evidence only; manual verification required.
EVD-c12817235dcf	GOVERNANCE_DISCOVERY	INFERRED_FROM_SOURCE	backend/ndsp_user_dashboard_gateway.cjs	ndsp_user_dashboard_gateway.cjs	462	00df7b0f1a1ce584e6bc38e47a6bc91547c4db63824decad9327862acbf2515e	app.get('/api/user-dashboard/saas-policy', (req, res) => {	Candidate evidence only; manual verification required.
EVD-2e6e78739239	GOVERNANCE_DISCOVERY	INFERRED_FROM_SOURCE	backend/ndsp_user_dashboard_gateway.cjs	ndsp_user_dashboard_gateway.cjs	467	00df7b0f1a1ce584e6bc38e47a6bc91547c4db63824decad9327862acbf2515e	endpoint: '/api/user-dashboard/saas-policy',	Candidate evidence only; manual verification required.
EVD-2c3a74325e77	GOVERNANCE_DISCOVERY	INFERRED_FROM_SOURCE	backend/ndsp_user_dashboard_gateway.cjs	ndsp_user_dashboard_gateway.cjs	468	00df7b0f1a1ce584e6bc38e47a6bc91547c4db63824decad9327862acbf2515e	active_plan: saasPackagesPolicy.normalizePlan(plan),	Candidate evidence only; manual verification required.
EVD-acc73536d19f	GOVERNANCE_DISCOVERY	INFERRED_FROM_SOURCE	backend/ndsp_user_dashboard_gateway.cjs	ndsp_user_dashboard_gateway.cjs	469	00df7b0f1a1ce584e6bc38e47a6bc91547c4db63824decad9327862acbf2515e	policy: saasPackagesPolicy.publicPackages(),	Candidate evidence only; manual verification required.
EVD-267204f23c2d	GOVERNANCE_DISCOVERY	INFERRED_FROM_SOURCE	backend/ndsp_user_dashboard_gateway.cjs	ndsp_user_dashboard_gateway.cjs	470	00df7b0f1a1ce584e6bc38e47a6bc91547c4db63824decad9327862acbf2515e	effective_visibility: saasPackagesPolicy.layerVisibilityForPlan(plan)	Candidate evidence only; manual verification required.
EVD-d7897bf307cf	GOVERNANCE_DISCOVERY	INFERRED_FROM_SOURCE	backend/ndsp_user_dashboard_gateway.cjs	ndsp_user_dashboard_gateway.cjs	475	00df7b0f1a1ce584e6bc38e47a6bc91547c4db63824decad9327862acbf2515e	/* NDSP_SAAS_PACKAGES_POLICY_ENDPOINT_END */	Candidate evidence only; manual verification required.
EVD-073502b97850	GOVERNANCE_DISCOVERY	INFERRED_FROM_SOURCE	backend/package-lock.json	package-lock.json	3	13d36b65183c8756e3baf7358c31f7357094a67b700f786e2a89854118995dab	"""version"": ""1.0.0"","	Candidate evidence only; manual verification required.
EVD-58f27b0fcba9	GOVERNANCE_DISCOVERY	INFERRED_FROM_SOURCE	backend/package-lock.json	package-lock.json	4	13d36b65183c8756e3baf7358c31f7357094a67b700f786e2a89854118995dab	"""lockfileVersion"": 3,"	Candidate evidence only; manual verification required.
EVD-eb5d054b0c8a	GOVERNANCE_DISCOVERY	INFERRED_FROM_SOURCE	backend/package-lock.json	package-lock.json	9	13d36b65183c8756e3baf7358c31f7357094a67b700f786e2a89854118995dab	"""version"": ""1.0.0"","	Candidate evidence only; manual verification required.
EVD-6f718e740cbd	GOVERNANCE_DISCOVERY	INFERRED_FROM_SOURCE	backend/package-lock.json	package-lock.json	24	13d36b65183c8756e3baf7358c31f7357094a67b700f786e2a89854118995dab	"""version"": ""2.2.0"","	Candidate evidence only; manual verification required.
EVD-28782203bbbb	GOVERNANCE_DISCOVERY	INFERRED_FROM_SOURCE	backend/package-lock.json	package-lock.json	36	13d36b65183c8756e3baf7358c31f7357094a67b700f786e2a89854118995dab	"""version"": ""13.4.1"","	Candidate evidence only; manual verification required.
EVD-3d370400645a	GOVERNANCE_DISCOVERY	INFERRED_FROM_SOURCE	backend/package-lock.json	package-lock.json	42	13d36b65183c8756e3baf7358c31f7357094a67b700f786e2a89854118995dab	"""version"": ""13.4.1"","	Candidate evidence only; manual verification required.
EVD-5cb298c24e39	GOVERNANCE_DISCOVERY	INFERRED_FROM_SOURCE	backend/package-lock.json	package-lock.json	52	13d36b65183c8756e3baf7358c31f7357094a67b700f786e2a89854118995dab	"""version"": ""13.4.1"","	Candidate evidence only; manual verification required.
EVD-0996b1932868	GOVERNANCE_DISCOVERY	INFERRED_FROM_SOURCE	backend/package-lock.json	package-lock.json	62	13d36b65183c8756e3baf7358c31f7357094a67b700f786e2a89854118995dab	"""version"": ""13.4.1"","	Candidate evidence only; manual verification required.
EVD-278ad3e37280	GOVERNANCE_DISCOVERY	INFERRED_FROM_SOURCE	backend/package-lock.json	package-lock.json	72	13d36b65183c8756e3baf7358c31f7357094a67b700f786e2a89854118995dab	"""version"": ""13.4.1"","	Candidate evidence only; manual verification required.
EVD-2e14440bb091	GOVERNANCE_DISCOVERY	INFERRED_FROM_SOURCE	backend/package-lock.json	package-lock.json	83	13d36b65183c8756e3baf7358c31f7357094a67b700f786e2a89854118995dab	"""version"": ""13.4.1"","	Candidate evidence only; manual verification required.
EVD-b17dac9dc504	GOVERNANCE_DISCOVERY	INFERRED_FROM_SOURCE	backend/package-lock.json	package-lock.json	92	13d36b65183c8756e3baf7358c31f7357094a67b700f786e2a89854118995dab	"""version"": ""2.2.0"","	Candidate evidence only; manual verification required.
EVD-11ba1d2abb2d	GOVERNANCE_DISCOVERY	INFERRED_FROM_SOURCE	backend/package-lock.json	package-lock.json	101	13d36b65183c8756e3baf7358c31f7357094a67b700f786e2a89854118995dab	"""version"": ""1.3.8"","	Candidate evidence only; manual verification required.
EVD-cf8fa9c87a39	GOVERNANCE_DISCOVERY	INFERRED_FROM_SOURCE	backend/package-lock.json	package-lock.json	114	13d36b65183c8756e3baf7358c31f7357094a67b700f786e2a89854118995dab	"""version"": ""5.0.1"","	Candidate evidence only; manual verification required.
EVD-f13d9ca894e0	GOVERNANCE_DISCOVERY	INFERRED_FROM_SOURCE	backend/package-lock.json	package-lock.json	123	13d36b65183c8756e3baf7358c31f7357094a67b700f786e2a89854118995dab	"""version"": ""4.3.0"","	Candidate evidence only; manual verification required.
EVD-2982dfb0392e	GOVERNANCE_DISCOVERY	INFERRED_FROM_SOURCE	backend/package-lock.json	package-lock.json	138	13d36b65183c8756e3baf7358c31f7357094a67b700f786e2a89854118995dab	"""version"": ""1.1.1"","	Candidate evidence only; manual verification required.
EVD-35c532f97082	GOVERNANCE_DISCOVERY	INFERRED_FROM_SOURCE	backend/package-lock.json	package-lock.json	144	13d36b65183c8756e3baf7358c31f7357094a67b700f786e2a89854118995dab	"""version"": ""0.0.1"","	Candidate evidence only; manual verification required.
EVD-eb34f1fcd812	GOVERNANCE_DISCOVERY	INFERRED_FROM_SOURCE	backend/package-lock.json	package-lock.json	150	13d36b65183c8756e3baf7358c31f7357094a67b700f786e2a89854118995dab	"""version"": ""2.4.3"","	Candidate evidence only; manual verification required.
EVD-b019d25a9dc6	GOVERNANCE_DISCOVERY	INFERRED_FROM_SOURCE	backend/package-lock.json	package-lock.json	156	13d36b65183c8756e3baf7358c31f7357094a67b700f786e2a89854118995dab	"""version"": ""1.20.5"","	Candidate evidence only; manual verification required.
EVD-2f4a6d482edd	GOVERNANCE_DISCOVERY	INFERRED_FROM_SOURCE	backend/package-lock.json	package-lock.json	180	13d36b65183c8756e3baf7358c31f7357094a67b700f786e2a89854118995dab	"""version"": ""1.0.1"","	Candidate evidence only; manual verification required.
EVD-d80a7f319435	GOVERNANCE_DISCOVERY	INFERRED_FROM_SOURCE	backend/package-lock.json	package-lock.json	186	13d36b65183c8756e3baf7358c31f7357094a67b700f786e2a89854118995dab	"""version"": ""3.1.2"","	Candidate evidence only; manual verification required.
EVD-e6ca443b86d8	GOVERNANCE_DISCOVERY	INFERRED_FROM_SOURCE	backend/package.json	package.json	3	79d74b48ba4f010eaf44060ca6d7a6a174c5d8bf29ad8266b84bd966dfcf1adb	"""version"": ""1.0.0"","	Candidate evidence only; manual verification required.
EVD-8484f8ae7118	GOVERNANCE_DISCOVERY	INFERRED_FROM_SOURCE	backend/package_reference/install_ndsp_backend_NOT_RUN.sh	install_ndsp_backend_NOT_RUN.sh	99	477dff65df745c0801b80cb9c30065c956bb2860b99cf2e87e8cfb35a5799089	"if [ -z ""$(ls -A migrations/versions 2>/dev/null || true)"" ]; then"	Candidate evidence only; manual verification required.
EVD-1b6a0302f9b5	GOVERNANCE_DISCOVERY	INFERRED_FROM_SOURCE	backend/password_reset_gateway/package-lock.json	package-lock.json	3	1610394812c001834552ccbbbc76600746aade3156e316b74468b0c83fcf5fc8	"""version"": ""1.0.0"","	Candidate evidence only; manual verification required.
EVD-2444fa8cc2ca	GOVERNANCE_DISCOVERY	INFERRED_FROM_SOURCE	backend/password_reset_gateway/package-lock.json	package-lock.json	4	1610394812c001834552ccbbbc76600746aade3156e316b74468b0c83fcf5fc8	"""lockfileVersion"": 3,"	Candidate evidence only; manual verification required.
EVD-5edff02ac1c2	GOVERNANCE_DISCOVERY	INFERRED_FROM_SOURCE	backend/password_reset_gateway/package-lock.json	package-lock.json	9	1610394812c001834552ccbbbc76600746aade3156e316b74468b0c83fcf5fc8	"""version"": ""1.0.0"","	Candidate evidence only; manual verification required.
EVD-d6d96f494e6e	GOVERNANCE_DISCOVERY	INFERRED_FROM_SOURCE	backend/password_reset_gateway/package-lock.json	package-lock.json	18	1610394812c001834552ccbbbc76600746aade3156e316b74468b0c83fcf5fc8	"""version"": ""1.3.8"","	Candidate evidence only; manual verification required.
EVD-0980fd58e61e	GOVERNANCE_DISCOVERY	INFERRED_FROM_SOURCE	backend/password_reset_gateway/package-lock.json	package-lock.json	31	1610394812c001834552ccbbbc76600746aade3156e316b74468b0c83fcf5fc8	"""version"": ""1.1.1"","	Candidate evidence only; manual verification required.
EVD-37cfd8cde3cc	GOVERNANCE_DISCOVERY	INFERRED_FROM_SOURCE	backend/password_reset_gateway/package-lock.json	package-lock.json	37	1610394812c001834552ccbbbc76600746aade3156e316b74468b0c83fcf5fc8	"""version"": ""6.0.0"","	Candidate evidence only; manual verification required.
EVD-11cb6331cb98	GOVERNANCE_DISCOVERY	INFERRED_FROM_SOURCE	backend/password_reset_gateway/package-lock.json	package-lock.json	51	1610394812c001834552ccbbbc76600746aade3156e316b74468b0c83fcf5fc8	"""version"": ""1.20.6"","	Candidate evidence only; manual verification required.
EVD-b0bfcd10c9c6	GOVERNANCE_DISCOVERY	INFERRED_FROM_SOURCE	backend/password_reset_gateway/package-lock.json	package-lock.json	75	1610394812c001834552ccbbbc76600746aade3156e316b74468b0c83fcf5fc8	"""version"": ""3.1.2"","	Candidate evidence only; manual verification required.
EVD-73a347e94c25	GOVERNANCE_DISCOVERY	INFERRED_FROM_SOURCE	backend/password_reset_gateway/package-lock.json	package-lock.json	84	1610394812c001834552ccbbbc76600746aade3156e316b74468b0c83fcf5fc8	"""version"": ""1.0.2"","	Candidate evidence only; manual verification required.
EVD-adeb6d118e98	GOVERNANCE_DISCOVERY	INFERRED_FROM_SOURCE	backend/password_reset_gateway/package-lock.json	package-lock.json	97	1610394812c001834552ccbbbc76600746aade3156e316b74468b0c83fcf5fc8	"""version"": ""1.0.4"","	Candidate evidence only; manual verification required.
EVD-a31e790524a1	GOVERNANCE_DISCOVERY	INFERRED_FROM_SOURCE	backend/password_reset_gateway/package-lock.json	package-lock.json	113	1610394812c001834552ccbbbc76600746aade3156e316b74468b0c83fcf5fc8	"""version"": ""0.5.4"","	Candidate evidence only; manual verification required.
EVD-46ef0135435e	GOVERNANCE_DISCOVERY	INFERRED_FROM_SOURCE	backend/password_reset_gateway/package-lock.json	package-lock.json	125	1610394812c001834552ccbbbc76600746aade3156e316b74468b0c83fcf5fc8	"""version"": ""1.0.5"","	Candidate evidence only; manual verification required.
EVD-061f871c38b6	GOVERNANCE_DISCOVERY	INFERRED_FROM_SOURCE	backend/password_reset_gateway/package-lock.json	package-lock.json	134	1610394812c001834552ccbbbc76600746aade3156e316b74468b0c83fcf5fc8	"""version"": ""0.7.2"","	Candidate evidence only; manual verification required.
EVD-1b9d0b2d0c2d	GOVERNANCE_DISCOVERY	INFERRED_FROM_SOURCE	backend/password_reset_gateway/package-lock.json	package-lock.json	143	1610394812c001834552ccbbbc76600746aade3156e316b74468b0c83fcf5fc8	"""version"": ""1.0.7"","	Candidate evidence only; manual verification required.
EVD-f9d81046d30c	GOVERNANCE_DISCOVERY	INFERRED_FROM_SOURCE	backend/password_reset_gateway/package-lock.json	package-lock.json	149	1610394812c001834552ccbbbc76600746aade3156e316b74468b0c83fcf5fc8	"""version"": ""2.6.9"","	Candidate evidence only; manual verification required.
EVD-150911efcd35	GOVERNANCE_DISCOVERY	INFERRED_FROM_SOURCE	backend/password_reset_gateway/package-lock.json	package-lock.json	158	1610394812c001834552ccbbbc76600746aade3156e316b74468b0c83fcf5fc8	"""version"": ""2.0.0"","	Candidate evidence only; manual verification required.
EVD-32d2515b1cdc	GOVERNANCE_DISCOVERY	INFERRED_FROM_SOURCE	backend/password_reset_gateway/package-lock.json	package-lock.json	167	1610394812c001834552ccbbbc76600746aade3156e316b74468b0c83fcf5fc8	"""version"": ""1.2.0"","	Candidate evidence only; manual verification required.
EVD-992828bbb01c	GOVERNANCE_DISCOVERY	INFERRED_FROM_SOURCE	backend/password_reset_gateway/package-lock.json	package-lock.json	177	1610394812c001834552ccbbbc76600746aade3156e316b74468b0c83fcf5fc8	"""version"": ""1.0.1"","	Candidate evidence only; manual verification required.
EVD-535dd4b4ba88	GOVERNANCE_DISCOVERY	INFERRED_FROM_SOURCE	backend/password_reset_gateway/package-lock.json	package-lock.json	191	1610394812c001834552ccbbbc76600746aade3156e316b74468b0c83fcf5fc8	"""version"": ""1.1.1"","	Candidate evidence only; manual verification required.
EVD-ab67b72a1e66	GOVERNANCE_DISCOVERY	INFERRED_FROM_SOURCE	backend/password_reset_gateway/package-lock.json	package-lock.json	197	1610394812c001834552ccbbbc76600746aade3156e316b74468b0c83fcf5fc8	"""version"": ""2.0.0"","	Candidate evidence only; manual verification required.
EVD-900b925253d4	GOVERNANCE_DISCOVERY	INFERRED_FROM_SOURCE	backend/password_reset_gateway/package.json	package.json	3	97e9aafd6c087cfe7e2edbd316ea457bbe50ab8ef394b70bcd04eb9e9bc4bef4	"""version"": ""1.0.0"","	Candidate evidence only; manual verification required.
EVD-f16a21b4b205	GOVERNANCE_DISCOVERY	INFERRED_FROM_SOURCE	backend/research/tdl_lab/results/latest.json	latest.json	6	c437f336502ea44f1e3b1ec5087903d834f37a041d68b034dbfd5c7261131f22	"""day_logic_version"": ""TDL_WEEKLY_DAY_LOGIC_V2"","	Candidate evidence only; manual verification required.
EVD-6d1640d660fb	GOVERNANCE_DISCOVERY	INFERRED_FROM_SOURCE	backend/research/tdl_lab/tdl_lab_engine.py	tdl_lab_engine.py	53	cf27248d3ae16feb5efbca1df2a75cf45c9e78a876c031161b4c78457f0c13f2	"""day_logic_version"": ""TDL_WEEKLY_DAY_LOGIC_V2"","	Candidate evidence only; manual verification required.
EVD-ad66dbd23c14	GOVERNANCE_DISCOVERY	INFERRED_FROM_SOURCE	backend/scripts/verify_ndsp_backend_package.sh	verify_ndsp_backend_package.sh	70	e7e1e4d7c96a1471f081a8e66cd8fad101708071e175c9f255999ca72655fcf9	"if curl -fsS ""http://127.0.0.1:8000/governance"" >/dev/null 2>&1; then ok ""governance endpoint responding""; fi"	Candidate evidence only; manual verification required.
EVD-ee5995190982	GOVERNANCE_DISCOVERY	INFERRED_FROM_SOURCE	backend/sdk/devtoolkit/commands/create-service.sh	create-service.sh	23	4b95fdd8eabdece71cd50bded1f238f5b7c443bd61d3b4114da0d291e56f2d90	"VERSION=""1.0.0"""	Candidate evidence only; manual verification required.
EVD-59d4792fb7de	GOVERNANCE_DISCOVERY	INFERRED_FROM_SOURCE	backend/sdk/devtoolkit/commands/create-service.sh	create-service.sh	69	4b95fdd8eabdece71cd50bded1f238f5b7c443bd61d3b4114da0d291e56f2d90	"-e ""s|__VERSION__|$(sed_escape ""$VERSION"")|g"" \"	Candidate evidence only; manual verification required.
EVD-4707be8e8f20	GOVERNANCE_DISCOVERY	INFERRED_FROM_SOURCE	backend/sdk/devtoolkit/service.yaml	service.yaml	6	e811020c67090a3338c86a66b062ea84532d4e3b00c4cca0565933df476d088d	version: 1.0.0	Candidate evidence only; manual verification required.
EVD-c7d0e2d42db8	GOVERNANCE_DISCOVERY	INFERRED_FROM_SOURCE	backend/sdk/devtoolkit/tests/devtoolkit.test.sh	devtoolkit.test.sh	33	7fedf999add7d117266d9daef7b4468dea1639da9cc21e48c6c84f96533ca244	"./tools/ndsp version | grep -q ""1.0.0"""	Candidate evidence only; manual verification required.
EVD-46e4254e8837	GOVERNANCE_DISCOVERY	INFERRED_FROM_SOURCE	backend/server.js	server.js	324	5213d5c4235617ccdb778511879568779e3239a05527ea6d1bee4782da8193f2	'تم إرسال طلب الترقية',	Candidate evidence only; manual verification required.
EVD-f6d30ae2276c	GOVERNANCE_DISCOVERY	INFERRED_FROM_SOURCE	backend/server.js	server.js	325	5213d5c4235617ccdb778511879568779e3239a05527ea6d1bee4782da8193f2	'تم استلام طلب ترقية الباقة وسيتم مراجعته من الإدارة.',	Candidate evidence only; manual verification required.
EVD-9686e7e28185	GOVERNANCE_DISCOVERY	INFERRED_FROM_SOURCE	backend/server.js	server.js	398	5213d5c4235617ccdb778511879568779e3239a05527ea6d1bee4782da8193f2	status === 'approved' ? 'تمت الموافقة على الترقية' : 'تم رفض طلب الترقية',	Candidate evidence only; manual verification required.
EVD-88b76e833b73	GOVERNANCE_DISCOVERY	INFERRED_FROM_SOURCE	backend/server.js	server.js	400	5213d5c4235617ccdb778511879568779e3239a05527ea6d1bee4782da8193f2	? 'تمت الموافقة على طلب الترقية وتحديث باقتك.'	Candidate evidence only; manual verification required.
EVD-2e090b78d7b2	GOVERNANCE_DISCOVERY	INFERRED_FROM_SOURCE	backend/server.js	server.js	401	5213d5c4235617ccdb778511879568779e3239a05527ea6d1bee4782da8193f2	: 'تمت مراجعة طلب الترقية ولم تتم الموافقة عليه حالياً.',	Candidate evidence only; manual verification required.
EVD-ccf52ecc09ba	GOVERNANCE_DISCOVERY	INFERRED_FROM_SOURCE	backend/server.js	server.js	499	5213d5c4235617ccdb778511879568779e3239a05527ea6d1bee4782da8193f2	status === 'approved' ? 'تم اعتماد الخصم الحصري' : 'تمت مراجعة الخصم',	Candidate evidence only; manual verification required.
EVD-75f30a061bc9	GOVERNANCE_DISCOVERY	INFERRED_FROM_SOURCE	backend/server.js	server.js	502	5213d5c4235617ccdb778511879568779e3239a05527ea6d1bee4782da8193f2	: 'تمت مراجعة الاستبيان ولم يتم اعتماد الخصم حالياً.',	Candidate evidence only; manual verification required.
EVD-ba99c4012c54	GOVERNANCE_DISCOVERY	INFERRED_FROM_SOURCE	backend/server.js	server.js	745	5213d5c4235617ccdb778511879568779e3239a05527ea6d1bee4782da8193f2	await client.query('ROLLBACK')	Candidate evidence only; manual verification required.
EVD-8f5bf587b404	GOVERNANCE_DISCOVERY	INFERRED_FROM_SOURCE	backend/server.js	server.js	1028	5213d5c4235617ccdb778511879568779e3239a05527ea6d1bee4782da8193f2	await client.query('ROLLBACK')	Candidate evidence only; manual verification required.
EVD-0c2eb07d4cd2	GOVERNANCE_DISCOVERY	INFERRED_FROM_SOURCE	backend/server.js	server.js	1057	5213d5c4235617ccdb778511879568779e3239a05527ea6d1bee4782da8193f2	try { await client.query('ROLLBACK') } catch (_) {}	Candidate evidence only; manual verification required.
EVD-f7b98ce23f8e	GOVERNANCE_DISCOVERY	DOCUMENTATION_ONLY	backend/services/bot_execution/CHANGELOG.md	CHANGELOG.md	5	b0010c091b7d88eb89e0b23a4b50b4f2f35ccb21f04f989b893e76d16b0baabc	Registered existing legacy service into DEV-001 governance without changing runtime logic.	Candidate evidence only; manual verification required.
EVD-c0ae4c26f2a0	GOVERNANCE_DISCOVERY	DOCUMENTATION_ONLY	backend/services/bot_execution/MIGRATION_STATUS.md	MIGRATION_STATUS.md	26	aa8039a023227ea17680d816298a13938bfd3b5c476b7dedb3f3710a18667aba	GET /version=PASS	Candidate evidence only; manual verification required.
EVD-e1fb538defe5	GOVERNANCE_DISCOVERY	DOCUMENTATION_ONLY	backend/services/bot_execution/MIGRATION_STATUS.md	MIGRATION_STATUS.md	30	aa8039a023227ea17680d816298a13938bfd3b5c476b7dedb3f3710a18667aba	Safety Governance:	Candidate evidence only; manual verification required.
EVD-20b47d2c0781	GOVERNANCE_DISCOVERY	DOCUMENTATION_ONLY	backend/services/bot_execution/README.md	README.md	3	9af26913da4eda107c979366467bd1273467642ab17f628fe56354cd4e6e2c93	Legacy NDSP service registered into DEV-001 governance.	Candidate evidence only; manual verification required.
EVD-e7de247fcec1	GOVERNANCE_DISCOVERY	DOCUMENTATION_ONLY	backend/services/bot_execution/contracts/BOT-001-ENG-001-ADAPTER-CONTRACT.md	BOT-001-ENG-001-ADAPTER-CONTRACT.md	16	0b7b315644d5ec251b357d5700f82702d8483cf143771a7d4674b5a239822985	GET /version	Candidate evidence only; manual verification required.
EVD-ae5da4ee13f7	GOVERNANCE_DISCOVERY	DOCUMENTATION_ONLY	backend/services/bot_execution/contracts/BOT-001-ENG-001-ADAPTER-CONTRACT.md	BOT-001-ENG-001-ADAPTER-CONTRACT.md	19	0b7b315644d5ec251b357d5700f82702d8483cf143771a7d4674b5a239822985	Safety Governance:	Candidate evidence only; manual verification required.
EVD-c3005ec3e1bb	GOVERNANCE_DISCOVERY	INFERRED_FROM_SOURCE	backend/services/bot_execution/framework-adapter.cjs	framework-adapter.cjs	7	4719655ec3844c1d65652c5db28a8d5458e4513dacbaee2be681f415520e94e2	const SERVICE_VERSION = '1.0.0';	Candidate evidence only; manual verification required.
EVD-66e71a809c7b	GOVERNANCE_DISCOVERY	INFERRED_FROM_SOURCE	backend/services/bot_execution/framework-adapter.cjs	framework-adapter.cjs	26	4719655ec3844c1d65652c5db28a8d5458e4513dacbaee2be681f415520e94e2	const version = options.version || SERVICE_VERSION;	Candidate evidence only; manual verification required.
EVD-623aec933ed3	GOVERNANCE_DISCOVERY	INFERRED_FROM_SOURCE	backend/services/bot_execution/framework-adapter.cjs	framework-adapter.cjs	29	4719655ec3844c1d65652c5db28a8d5458e4513dacbaee2be681f415520e94e2	app.get('/version', (_req, res) => {	Candidate evidence only; manual verification required.
EVD-fa2dd062d5e7	GOVERNANCE_DISCOVERY	INFERRED_FROM_SOURCE	backend/services/bot_execution/framework-adapter.cjs	framework-adapter.cjs	34	4719655ec3844c1d65652c5db28a8d5458e4513dacbaee2be681f415520e94e2	version,	Candidate evidence only; manual verification required.
EVD-13cfafd61968	GOVERNANCE_DISCOVERY	INFERRED_FROM_SOURCE	backend/services/bot_execution/framework-adapter.cjs	framework-adapter.cjs	35	4719655ec3844c1d65652c5db28a8d5458e4513dacbaee2be681f415520e94e2	build: version,	Candidate evidence only; manual verification required.
EVD-59e729ec6aa6	GOVERNANCE_DISCOVERY	INFERRED_FROM_SOURCE	backend/services/bot_execution/framework-adapter.cjs	framework-adapter.cjs	47	4719655ec3844c1d65652c5db28a8d5458e4513dacbaee2be681f415520e94e2	decision_policy: 'execution_boundary_only_after_governed_completed_decision',	Candidate evidence only; manual verification required.
EVD-2dfd873ccec1	GOVERNANCE_DISCOVERY	INFERRED_FROM_SOURCE	backend/services/bot_execution/framework-adapter.cjs	framework-adapter.cjs	53	4719655ec3844c1d65652c5db28a8d5458e4513dacbaee2be681f415520e94e2	upstream_dependency: 'DGC-001 Decision Governance Core and CDS-001 Completed Decision Service',	Candidate evidence only; manual verification required.
EVD-ce1ae4bac321	GOVERNANCE_DISCOVERY	INFERRED_FROM_SOURCE	backend/services/bot_execution/framework-adapter.cjs	framework-adapter.cjs	56	4719655ec3844c1d65652c5db28a8d5458e4513dacbaee2be681f415520e94e2	'GET /version',	Candidate evidence only; manual verification required.
EVD-32476c1e9e99	GOVERNANCE_DISCOVERY	INFERRED_FROM_SOURCE	backend/services/bot_execution/main.cjs	main.cjs	13	b9cbc6e9ae3317f78e0478460341073afffaae77a242ff4e26cf17c000e8a920	app.use(helmet({ contentSecurityPolicy:false }));	Candidate evidence only; manual verification required.
EVD-44d1c49c88de	GOVERNANCE_DISCOVERY	INFERRED_FROM_SOURCE	backend/services/bot_execution/main.cjs	main.cjs	20	b9cbc6e9ae3317f78e0478460341073afffaae77a242ff4e26cf17c000e8a920	version: '1.0.0',	Candidate evidence only; manual verification required.
EVD-c1484c4559b4	GOVERNANCE_DISCOVERY	INFERRED_FROM_SOURCE	backend/services/bot_execution/package.json	package.json	3	60e8cede6d375f8373088864a541eea56c693ee6c3563100c27c92dd83f71ebd	"""version"": ""1.0.0"","	Candidate evidence only; manual verification required.
EVD-f6e5484f6821	GOVERNANCE_DISCOVERY	INFERRED_FROM_SOURCE	backend/services/bot_execution/service.yaml	service.yaml	6	e95fd062d61c0220163fefcf669b160df80d76b9c755e73738ddcaf4bccda0e5	version: 1.0.0	Candidate evidence only; manual verification required.
EVD-fded125b9181	GOVERNANCE_DISCOVERY	DOCUMENTATION_ONLY	backend/services/completed_decision/CHANGELOG.md	CHANGELOG.md	5	f6334f26da4f515293fc8acb446246bf92a5f034119fbcfe02387af038986bd6	Registered existing legacy service into DEV-001 governance without changing runtime logic.	Candidate evidence only; manual verification required.
EVD-712002ac4a9f	GOVERNANCE_DISCOVERY	DOCUMENTATION_ONLY	backend/services/completed_decision/MIGRATION_STATUS.md	MIGRATION_STATUS.md	28	434d3be66e897a9b0d4af0e1fa1c3f605551c49384989f58d24123cf5aa3f44b	GET /version=PASS	Candidate evidence only; manual verification required.
EVD-7d5ac1a99718	GOVERNANCE_DISCOVERY	DOCUMENTATION_ONLY	backend/services/completed_decision/MIGRATION_STATUS.md	MIGRATION_STATUS.md	33	434d3be66e897a9b0d4af0e1fa1c3f605551c49384989f58d24123cf5aa3f44b	## Governance	Candidate evidence only; manual verification required.
EVD-a1e2148dcb46	GOVERNANCE_DISCOVERY	DOCUMENTATION_ONLY	backend/services/completed_decision/MIGRATION_STATUS.md	MIGRATION_STATUS.md	42	434d3be66e897a9b0d4af0e1fa1c3f605551c49384989f58d24123cf5aa3f44b	DGC-001 Decision Governance Core	Candidate evidence only; manual verification required.
EVD-53d90b11d8c7	GOVERNANCE_DISCOVERY	DOCUMENTATION_ONLY	backend/services/completed_decision/README.md	README.md	3	c335b99abe2cf7223286b1f111ba8c36822209d0cd71efbd85dc2050fe66c0f9	Legacy NDSP service registered into DEV-001 governance.	Candidate evidence only; manual verification required.
EVD-a77b088f9e4f	GOVERNANCE_DISCOVERY	DOCUMENTATION_ONLY	backend/services/completed_decision/contracts/CDS-001-ENG-001-ADAPTER-CONTRACT.md	CDS-001-ENG-001-ADAPTER-CONTRACT.md	20	cbe925cf1c0a71c1676e132adb51a2b706dfb8d5ae31771f5528a0e7ba8ffd35	GET /version	Candidate evidence only; manual verification required.
EVD-f3edadae7525	GOVERNANCE_DISCOVERY	DOCUMENTATION_ONLY	backend/services/completed_decision/contracts/CDS-001-ENG-001-ADAPTER-CONTRACT.md	CDS-001-ENG-001-ADAPTER-CONTRACT.md	33	cbe925cf1c0a71c1676e132adb51a2b706dfb8d5ae31771f5528a0e7ba8ffd35	## Governance	Candidate evidence only; manual verification required.
EVD-6777207f917b	GOVERNANCE_DISCOVERY	INFERRED_FROM_SOURCE	backend/services/completed_decision/framework-adapter.cjs	framework-adapter.cjs	7	6783bf0a83e918a99f704e46f4088bc9fa0e672de4a092e53b246c0874e738dd	const SERVICE_VERSION = '1.0.0';	Candidate evidence only; manual verification required.
EVD-470bc53ed6ba	GOVERNANCE_DISCOVERY	INFERRED_FROM_SOURCE	backend/services/completed_decision/framework-adapter.cjs	framework-adapter.cjs	26	6783bf0a83e918a99f704e46f4088bc9fa0e672de4a092e53b246c0874e738dd	const version = options.version || SERVICE_VERSION;	Candidate evidence only; manual verification required.
EVD-5cc6bc5dc6c8	GOVERNANCE_DISCOVERY	INFERRED_FROM_SOURCE	backend/services/completed_decision/framework-adapter.cjs	framework-adapter.cjs	29	6783bf0a83e918a99f704e46f4088bc9fa0e672de4a092e53b246c0874e738dd	app.get('/version', (_req, res) => {	Candidate evidence only; manual verification required.
EVD-b04622fb7f94	GOVERNANCE_DISCOVERY	INFERRED_FROM_SOURCE	backend/services/completed_decision/framework-adapter.cjs	framework-adapter.cjs	34	6783bf0a83e918a99f704e46f4088bc9fa0e672de4a092e53b246c0874e738dd	version,	Candidate evidence only; manual verification required.
EVD-dbee7dc9fd58	GOVERNANCE_DISCOVERY	INFERRED_FROM_SOURCE	backend/services/completed_decision/framework-adapter.cjs	framework-adapter.cjs	35	6783bf0a83e918a99f704e46f4088bc9fa0e672de4a092e53b246c0874e738dd	build: version,	Candidate evidence only; manual verification required.
EVD-8252e6b90c35	GOVERNANCE_DISCOVERY	INFERRED_FROM_SOURCE	backend/services/completed_decision/framework-adapter.cjs	framework-adapter.cjs	47	6783bf0a83e918a99f704e46f4088bc9fa0e672de4a092e53b246c0874e738dd	decision_policy: 'decision_support_only',	Candidate evidence only; manual verification required.
EVD-c67ba8e946cb	GOVERNANCE_DISCOVERY	INFERRED_FROM_SOURCE	backend/services/completed_decision/framework-adapter.cjs	framework-adapter.cjs	53	6783bf0a83e918a99f704e46f4088bc9fa0e672de4a092e53b246c0874e738dd	'GET /version',	Candidate evidence only; manual verification required.
EVD-403212c24cc6	GOVERNANCE_DISCOVERY	INFERRED_FROM_SOURCE	backend/services/completed_decision/main.cjs	main.cjs	34	f140d5358d67bb8617a6c1a405dd8eee61651c18d90da4c8779b8e647cd1d5eb	version: '1.0.0',	Candidate evidence only; manual verification required.
EVD-6c0065a08cd1	GOVERNANCE_DISCOVERY	INFERRED_FROM_SOURCE	backend/services/completed_decision/main.cjs	main.cjs	37	f140d5358d67bb8617a6c1a405dd8eee61651c18d90da4c8779b8e647cd1d5eb	app.use(helmet({ contentSecurityPolicy: false }));	Candidate evidence only; manual verification required.
EVD-768de047c2b6	GOVERNANCE_DISCOVERY	INFERRED_FROM_SOURCE	backend/services/completed_decision/main.cjs	main.cjs	54	f140d5358d67bb8617a6c1a405dd8eee61651c18d90da4c8779b8e647cd1d5eb	const allowed = new Set(['Draft','Monitoring','Candidate','Governance Validation','Completed','Published','Expired','Archived']);	Candidate evidence only; manual verification required.
EVD-7b49d3bdcab0	GOVERNANCE_DISCOVERY	INFERRED_FROM_SOURCE	backend/services/completed_decision/main.cjs	main.cjs	280	f140d5358d67bb8617a6c1a405dd8eee61651c18d90da4c8779b8e647cd1d5eb	error:'GOVERNANCE_VALIDATION_FAILED',	Candidate evidence only; manual verification required.
EVD-7b8b208dfc0a	GOVERNANCE_DISCOVERY	INFERRED_FROM_SOURCE	backend/services/completed_decision/main.cjs	main.cjs	299	f140d5358d67bb8617a6c1a405dd8eee61651c18d90da4c8779b8e647cd1d5eb	governance_version: 'v1.0',	Candidate evidence only; manual verification required.
EVD-ba031ec91240	GOVERNANCE_DISCOVERY	INFERRED_FROM_SOURCE	backend/services/completed_decision/main.cjs	main.cjs	377	f140d5358d67bb8617a6c1a405dd8eee61651c18d90da4c8779b8e647cd1d5eb	await addTimeline(decisionId, 'governance', 'Governance validation passed', 'Decision passed required governance checks.', { quality: validation.quality });	Candidate evidence only; manual verification required.
EVD-d3a8d01ba22b	GOVERNANCE_DISCOVERY	INFERRED_FROM_SOURCE	backend/services/completed_decision/package.json	package.json	3	37bb33f88c2c705595452fa30833720d705ec53e12c69c0fa5c22be10d87c10b	"""version"": ""1.0.0"","	Candidate evidence only; manual verification required.
EVD-7e719894bf89	GOVERNANCE_DISCOVERY	INFERRED_FROM_SOURCE	backend/services/completed_decision/service.yaml	service.yaml	6	d4711b1c3f2b7a16423b66775ae54dd597f28315c9f4c6828ee4c54dbe926704	version: 1.0.0	Candidate evidence only; manual verification required.
EVD-d065c5064a6d	GOVERNANCE_DISCOVERY	DOCUMENTATION_ONLY	backend/services/ctl-001-workspace-identity/README.md	README.md	16	3dddda4af72b033efb76fa9c08f50c165918b447308d68fbce52056c042f9239	- GET /version	Candidate evidence only; manual verification required.
EVD-d7917d565f42	GOVERNANCE_DISCOVERY	DOCUMENTATION_ONLY	backend/services/ctl-001-workspace-identity/contracts/CTL-001-WORKSPACE-IDENTITY-CONTRACT.md	CTL-001-WORKSPACE-IDENTITY-CONTRACT.md	10	7bfdd5722ff7e50189f3df7a2ed950997e4ba3f58ab6388342fae9da93a16c1e	- GET /version	Candidate evidence only; manual verification required.
EVD-859d7881daed	GOVERNANCE_DISCOVERY	INFERRED_FROM_SOURCE	backend/services/ctl-001-workspace-identity/main.cjs	main.cjs	10	2a9e79802f76c9a9da81995e83958058f60df6cca2b20d0638fd442b03206a4f	version: '1.0.0',	Candidate evidence only; manual verification required.
EVD-5bbae3195198	GOVERNANCE_DISCOVERY	INFERRED_FROM_SOURCE	backend/services/ctl-001-workspace-identity/main.cjs	main.cjs	14	2a9e79802f76c9a9da81995e83958058f60df6cca2b20d0638fd442b03206a4f	description: 'NDSP-OS workspace identity service. Provides identity, health, version and about endpoints.',	Candidate evidence only; manual verification required.
EVD-1156fc06b717	GOVERNANCE_DISCOVERY	INFERRED_FROM_SOURCE	backend/services/ctl-001-workspace-identity/main.cjs	main.cjs	28	2a9e79802f76c9a9da81995e83958058f60df6cca2b20d0638fd442b03206a4f	version: ctx.version,	Candidate evidence only; manual verification required.
EVD-4029e17a6ca6	GOVERNANCE_DISCOVERY	INFERRED_FROM_SOURCE	backend/services/ctl-001-workspace-identity/package.json	package.json	3	1348e450919f86e004ac44e7e5351bd11870156195d3c5c73034d8dd0921f763	"""version"": ""1.0.0"","	Candidate evidence only; manual verification required.
EVD-11a670873d1b	GOVERNANCE_DISCOVERY	INFERRED_FROM_SOURCE	backend/services/ctl-001-workspace-identity/service.yaml	service.yaml	6	ff144913f2a88a9030f25cd8eef1d562698cecd675e982ab4e13f4f5a0a4a5de	version: 1.0.0	Candidate evidence only; manual verification required.
EVD-d5c5c604c491	GOVERNANCE_DISCOVERY	INFERRED_FROM_SOURCE	backend/services/ctl-001-workspace-identity/tests/ctl001.test.cjs	ctl001.test.cjs	35	553023925dd6e9579c4ea137227b9fe2fefc72731c016eab275f3f52353d51e9	const version = await fetchJson(`${base}/version`);	Candidate evidence only; manual verification required.
EVD-87e1d97f32e1	GOVERNANCE_DISCOVERY	INFERRED_FROM_SOURCE	backend/services/ctl-001-workspace-identity/tests/ctl001.test.cjs	ctl001.test.cjs	36	553023925dd6e9579c4ea137227b9fe2fefc72731c016eab275f3f52353d51e9	assert.strictEqual(version.status, 200);	Candidate evidence only; manual verification required.
EVD-f36167963c1d	GOVERNANCE_DISCOVERY	INFERRED_FROM_SOURCE	backend/services/ctl-001-workspace-identity/tests/ctl001.test.cjs	ctl001.test.cjs	37	553023925dd6e9579c4ea137227b9fe2fefc72731c016eab275f3f52353d51e9	assert.strictEqual(version.json.version, '1.0.0');	Candidate evidence only; manual verification required.
EVD-803edc3c5091	GOVERNANCE_DISCOVERY	DOCUMENTATION_ONLY	backend/services/decision_governance_core/CHANGELOG.md	CHANGELOG.md	5	642818b9fc1454e94e4218a24c4fa6879de1140fd6081ffd12b100e0d00d684f	Registered existing legacy service into DEV-001 governance without changing runtime logic.	Candidate evidence only; manual verification required.
EVD-616983b9c13a	GOVERNANCE_DISCOVERY	DOCUMENTATION_ONLY	backend/services/decision_governance_core/MIGRATION_STATUS.md	MIGRATION_STATUS.md	5	e4dc350ddbead591a5794bf5666186ab1ff307554879a4ff7637c1d972b2ea14	Service: DGC-001 Decision Governance Core	Candidate evidence only; manual verification required.
EVD-68551e100cc2	GOVERNANCE_DISCOVERY	DOCUMENTATION_ONLY	backend/services/decision_governance_core/MIGRATION_STATUS.md	MIGRATION_STATUS.md	6	e4dc350ddbead591a5794bf5666186ab1ff307554879a4ff7637c1d972b2ea14	Path: backend/services/decision_governance_core	Candidate evidence only; manual verification required.
EVD-91890f715305	GOVERNANCE_DISCOVERY	DOCUMENTATION_ONLY	backend/services/decision_governance_core/MIGRATION_STATUS.md	MIGRATION_STATUS.md	26	e4dc350ddbead591a5794bf5666186ab1ff307554879a4ff7637c1d972b2ea14	GET /version=PASS	Candidate evidence only; manual verification required.
EVD-4863e83846a2	GOVERNANCE_DISCOVERY	DOCUMENTATION_ONLY	backend/services/decision_governance_core/MIGRATION_STATUS.md	MIGRATION_STATUS.md	28	e4dc350ddbead591a5794bf5666186ab1ff307554879a4ff7637c1d972b2ea14	POST /api/governance/evaluate=PASS	Candidate evidence only; manual verification required.
EVD-4badae005de8	GOVERNANCE_DISCOVERY	DOCUMENTATION_ONLY	backend/services/decision_governance_core/MIGRATION_STATUS.md	MIGRATION_STATUS.md	29	e4dc350ddbead591a5794bf5666186ab1ff307554879a4ff7637c1d972b2ea14	POST /api/governance/submit=PASS_WITH_MOCK_CDS	Candidate evidence only; manual verification required.
EVD-fb1ede424c20	GOVERNANCE_DISCOVERY	DOCUMENTATION_ONLY	backend/services/decision_governance_core/MIGRATION_STATUS.md	MIGRATION_STATUS.md	32	e4dc350ddbead591a5794bf5666186ab1ff307554879a4ff7637c1d972b2ea14	Governance:	Candidate evidence only; manual verification required.
EVD-bf3a8930eb9b	GOVERNANCE_DISCOVERY	DOCUMENTATION_ONLY	backend/services/decision_governance_core/README.md	README.md	1	960270ae250cc634d608edbb69caff849368a93f81aaa4b0a0310e95f4e893f6	# DGC-001 — Decision Governance Core	Candidate evidence only; manual verification required.
EVD-a71190e17ea6	GOVERNANCE_DISCOVERY	DOCUMENTATION_ONLY	backend/services/decision_governance_core/README.md	README.md	3	960270ae250cc634d608edbb69caff849368a93f81aaa4b0a0310e95f4e893f6	Legacy NDSP service registered into DEV-001 governance.	Candidate evidence only; manual verification required.
EVD-57248a74edb3	GOVERNANCE_DISCOVERY	DOCUMENTATION_ONLY	backend/services/decision_governance_core/contracts/DGC-001-CONTRACT.md	DGC-001-CONTRACT.md	1	1ad9e15b36a1a85365adf149cb0ba73dad3fad0c4ece5f9c9d9ee505bdcafe37	# DGC-001 — Decision Governance Core Contract	Candidate evidence only; manual verification required.
EVD-ee4530030e10	GOVERNANCE_DISCOVERY	DOCUMENTATION_ONLY	backend/services/decision_governance_core/contracts/DGC-001-ENG-001-ADAPTER-CONTRACT.md	DGC-001-ENG-001-ADAPTER-CONTRACT.md	12	c9954844aaa9eabd508aad2445e900d6f27e8f815f9187c8c4abc2a7b34a7fa6	PRESERVE_GOVERNANCE_ENDPOINTS=YES	Candidate evidence only; manual verification required.
EVD-dfd49ed7a632	GOVERNANCE_DISCOVERY	DOCUMENTATION_ONLY	backend/services/decision_governance_core/contracts/DGC-001-ENG-001-ADAPTER-CONTRACT.md	DGC-001-ENG-001-ADAPTER-CONTRACT.md	17	c9954844aaa9eabd508aad2445e900d6f27e8f815f9187c8c4abc2a7b34a7fa6	GET /version	Candidate evidence only; manual verification required.
EVD-36f9dfe74047	GOVERNANCE_DISCOVERY	DOCUMENTATION_ONLY	backend/services/decision_governance_core/contracts/DGC-001-ENG-001-ADAPTER-CONTRACT.md	DGC-001-ENG-001-ADAPTER-CONTRACT.md	21	c9954844aaa9eabd508aad2445e900d6f27e8f815f9187c8c4abc2a7b34a7fa6	POST /api/governance/evaluate	Candidate evidence only; manual verification required.
EVD-446b7671d47e	GOVERNANCE_DISCOVERY	DOCUMENTATION_ONLY	backend/services/decision_governance_core/contracts/DGC-001-ENG-001-ADAPTER-CONTRACT.md	DGC-001-ENG-001-ADAPTER-CONTRACT.md	22	c9954844aaa9eabd508aad2445e900d6f27e8f815f9187c8c4abc2a7b34a7fa6	POST /api/governance/submit	Candidate evidence only; manual verification required.
EVD-7ad92844863f	GOVERNANCE_DISCOVERY	DOCUMENTATION_ONLY	backend/services/decision_governance_core/contracts/DGC-001-ENG-001-ADAPTER-CONTRACT.md	DGC-001-ENG-001-ADAPTER-CONTRACT.md	24	c9954844aaa9eabd508aad2445e900d6f27e8f815f9187c8c4abc2a7b34a7fa6	Governance:	Candidate evidence only; manual verification required.
EVD-4605ec33d6f8	GOVERNANCE_DISCOVERY	DOCUMENTATION_ONLY	backend/services/decision_governance_core/docs/ARCHITECTURE.md	ARCHITECTURE.md	5	e2eca3e530fc137cb8f12f0b3f051cbfc6ab088c46a36d1e22f012fc2d9a08a0	Decision Governance Core	Candidate evidence only; manual verification required.
EVD-17c215825729	GOVERNANCE_DISCOVERY	DOCUMENTATION_ONLY	backend/services/decision_governance_core/docs/README.md	README.md	1	748cbfcdb52546644388503a1ba8e3127a23fee361b66a98dfac735f27abbc00	# NDSP Decision Governance Core	Candidate evidence only; manual verification required.
EVD-06deafca7c98	GOVERNANCE_DISCOVERY	DOCUMENTATION_ONLY	backend/services/decision_governance_core/docs/README.md	README.md	14	748cbfcdb52546644388503a1ba8e3127a23fee361b66a98dfac735f27abbc00	- POST /api/governance/evaluate	Candidate evidence only; manual verification required.
EVD-6e2082d060ba	GOVERNANCE_DISCOVERY	DOCUMENTATION_ONLY	backend/services/decision_governance_core/docs/README.md	README.md	15	748cbfcdb52546644388503a1ba8e3127a23fee361b66a98dfac735f27abbc00	- POST /api/governance/submit	Candidate evidence only; manual verification required.
EVD-255463d4e843	GOVERNANCE_DISCOVERY	INFERRED_FROM_SOURCE	backend/services/decision_governance_core/framework-adapter.cjs	framework-adapter.cjs	6	e55a3f539543c0f2a76179a485e1eb6119c0c9e3e1affc1149959ee7285b53c3	const SERVICE_NAME = 'Decision Governance Core';	Candidate evidence only; manual verification required.
EVD-a268bb6ccb75	GOVERNANCE_DISCOVERY	INFERRED_FROM_SOURCE	backend/services/decision_governance_core/framework-adapter.cjs	framework-adapter.cjs	7	e55a3f539543c0f2a76179a485e1eb6119c0c9e3e1affc1149959ee7285b53c3	const SERVICE_VERSION = '1.0.0';	Candidate evidence only; manual verification required.
EVD-b754ce0219b3	GOVERNANCE_DISCOVERY	INFERRED_FROM_SOURCE	backend/services/decision_governance_core/framework-adapter.cjs	framework-adapter.cjs	26	e55a3f539543c0f2a76179a485e1eb6119c0c9e3e1affc1149959ee7285b53c3	const version = options.version || SERVICE_VERSION;	Candidate evidence only; manual verification required.
EVD-e33114182ac8	GOVERNANCE_DISCOVERY	INFERRED_FROM_SOURCE	backend/services/decision_governance_core/framework-adapter.cjs	framework-adapter.cjs	27	e55a3f539543c0f2a76179a485e1eb6119c0c9e3e1affc1149959ee7285b53c3	const description = options.description || 'Official NDSP decision governance validation service.';	Candidate evidence only; manual verification required.
EVD-37bf14f30ebc	GOVERNANCE_DISCOVERY	INFERRED_FROM_SOURCE	backend/services/decision_governance_core/framework-adapter.cjs	framework-adapter.cjs	29	e55a3f539543c0f2a76179a485e1eb6119c0c9e3e1affc1149959ee7285b53c3	app.get('/version', (_req, res) => {	Candidate evidence only; manual verification required.
EVD-4cd115a6d928	GOVERNANCE_DISCOVERY	INFERRED_FROM_SOURCE	backend/services/decision_governance_core/framework-adapter.cjs	framework-adapter.cjs	34	e55a3f539543c0f2a76179a485e1eb6119c0c9e3e1affc1149959ee7285b53c3	version,	Candidate evidence only; manual verification required.
EVD-4037f7d6bbfa	GOVERNANCE_DISCOVERY	INFERRED_FROM_SOURCE	backend/services/decision_governance_core/framework-adapter.cjs	framework-adapter.cjs	35	e55a3f539543c0f2a76179a485e1eb6119c0c9e3e1affc1149959ee7285b53c3	build: version,	Candidate evidence only; manual verification required.
EVD-dd0b3c099682	GOVERNANCE_DISCOVERY	INFERRED_FROM_SOURCE	backend/services/decision_governance_core/framework-adapter.cjs	framework-adapter.cjs	46	e55a3f539543c0f2a76179a485e1eb6119c0c9e3e1affc1149959ee7285b53c3	role: 'governance_validation_before_completed_decision',	Candidate evidence only; manual verification required.
EVD-600cd19074f7	GOVERNANCE_DISCOVERY	INFERRED_FROM_SOURCE	backend/services/decision_governance_core/framework-adapter.cjs	framework-adapter.cjs	47	e55a3f539543c0f2a76179a485e1eb6119c0c9e3e1affc1149959ee7285b53c3	decision_policy: 'decision_support_only',	Candidate evidence only; manual verification required.
EVD-a8b30eb61952	GOVERNANCE_DISCOVERY	INFERRED_FROM_SOURCE	backend/services/decision_governance_core/framework-adapter.cjs	framework-adapter.cjs	55	e55a3f539543c0f2a76179a485e1eb6119c0c9e3e1affc1149959ee7285b53c3	'GET /version',	Candidate evidence only; manual verification required.
EVD-8d67f7258be5	GOVERNANCE_DISCOVERY	INFERRED_FROM_SOURCE	backend/services/decision_governance_core/framework-adapter.cjs	framework-adapter.cjs	57	e55a3f539543c0f2a76179a485e1eb6119c0c9e3e1affc1149959ee7285b53c3	'POST /api/governance/evaluate',	Candidate evidence only; manual verification required.
EVD-cc0b15243bb9	GOVERNANCE_DISCOVERY	INFERRED_FROM_SOURCE	backend/services/decision_governance_core/framework-adapter.cjs	framework-adapter.cjs	58	e55a3f539543c0f2a76179a485e1eb6119c0c9e3e1affc1149959ee7285b53c3	'POST /api/governance/submit'	Candidate evidence only; manual verification required.
EVD-681314a2cc40	GOVERNANCE_DISCOVERY	INFERRED_FROM_SOURCE	backend/services/decision_governance_core/main.cjs	main.cjs	8	d70319d88f2309cf94a23770c2ed89d439050d153a2133e0edca5e203c166719	const PORT = Number(process.env.NDSP_GOVERNANCE_PORT || 9079);	Candidate evidence only; manual verification required.
EVD-35e31da63239	GOVERNANCE_DISCOVERY	INFERRED_FROM_SOURCE	backend/services/decision_governance_core/main.cjs	main.cjs	9	d70319d88f2309cf94a23770c2ed89d439050d153a2133e0edca5e203c166719	const HOST = process.env.NDSP_GOVERNANCE_HOST || '127.0.0.1';	Candidate evidence only; manual verification required.
EVD-aa759b3651eb	GOVERNANCE_DISCOVERY	INFERRED_FROM_SOURCE	backend/services/decision_governance_core/main.cjs	main.cjs	16	d70319d88f2309cf94a23770c2ed89d439050d153a2133e0edca5e203c166719	serviceName: 'Decision Governance Core',	Candidate evidence only; manual verification required.
EVD-5abf8c8dcfad	GOVERNANCE_DISCOVERY	INFERRED_FROM_SOURCE	backend/services/decision_governance_core/main.cjs	main.cjs	17	d70319d88f2309cf94a23770c2ed89d439050d153a2133e0edca5e203c166719	version: '1.0.0',	Candidate evidence only; manual verification required.
EVD-365fd1fac2e4	GOVERNANCE_DISCOVERY	INFERRED_FROM_SOURCE	backend/services/decision_governance_core/main.cjs	main.cjs	18	d70319d88f2309cf94a23770c2ed89d439050d153a2133e0edca5e203c166719	description: 'Official NDSP decision governance validation service.'	Candidate evidence only; manual verification required.
EVD-a4ac0a8a96ef	GOVERNANCE_DISCOVERY	INFERRED_FROM_SOURCE	backend/services/decision_governance_core/main.cjs	main.cjs	20	d70319d88f2309cf94a23770c2ed89d439050d153a2133e0edca5e203c166719	app.use(helmet({ contentSecurityPolicy:false }));	Candidate evidence only; manual verification required.
EVD-0542a276d198	GOVERNANCE_DISCOVERY	INFERRED_FROM_SOURCE	backend/services/decision_governance_core/main.cjs	main.cjs	82	d70319d88f2309cf94a23770c2ed89d439050d153a2133e0edca5e203c166719	source: input.source || 'decision_governance_core',	Candidate evidence only; manual verification required.
EVD-b4a0d7e1ec20	GOVERNANCE_DISCOVERY	INFERRED_FROM_SOURCE	backend/services/decision_governance_core/main.cjs	main.cjs	84	d70319d88f2309cf94a23770c2ed89d439050d153a2133e0edca5e203c166719	governance_core: {	Candidate evidence only; manual verification required.
EVD-a804cba58f20	GOVERNANCE_DISCOVERY	INFERRED_FROM_SOURCE	backend/services/decision_governance_core/main.cjs	main.cjs	85	d70319d88f2309cf94a23770c2ed89d439050d153a2133e0edca5e203c166719	version: 'v1.0',	Candidate evidence only; manual verification required.
EVD-50f81956acf1	GOVERNANCE_DISCOVERY	INFERRED_FROM_SOURCE	backend/services/decision_governance_core/main.cjs	main.cjs	100	d70319d88f2309cf94a23770c2ed89d439050d153a2133e0edca5e203c166719	service:'ndsp-decision-governance-core',	Candidate evidence only; manual verification required.
EVD-fadb3a06deee	GOVERNANCE_DISCOVERY	INFERRED_FROM_SOURCE	backend/services/decision_governance_core/main.cjs	main.cjs	107	d70319d88f2309cf94a23770c2ed89d439050d153a2133e0edca5e203c166719	service:'ndsp-decision-governance-core',	Candidate evidence only; manual verification required.
EVD-5cc18490ffa8	GOVERNANCE_DISCOVERY	INFERRED_FROM_SOURCE	backend/services/decision_governance_core/main.cjs	main.cjs	114	d70319d88f2309cf94a23770c2ed89d439050d153a2133e0edca5e203c166719	app.post('/api/governance/evaluate', async (req, res) => {	Candidate evidence only; manual verification required.
EVD-22fcafc654ce	GOVERNANCE_DISCOVERY	INFERRED_FROM_SOURCE	backend/services/decision_governance_core/main.cjs	main.cjs	121	d70319d88f2309cf94a23770c2ed89d439050d153a2133e0edca5e203c166719	source:'decision_governance_core',	Candidate evidence only; manual verification required.
EVD-633582c831a7	GOVERNANCE_DISCOVERY	INFERRED_FROM_SOURCE	backend/services/decision_governance_core/main.cjs	main.cjs	129	d70319d88f2309cf94a23770c2ed89d439050d153a2133e0edca5e203c166719	app.post('/api/governance/submit', async (req, res) => {	Candidate evidence only; manual verification required.
EVD-f57b69a8965c	GOVERNANCE_DISCOVERY	INFERRED_FROM_SOURCE	backend/services/decision_governance_core/main.cjs	main.cjs	138	d70319d88f2309cf94a23770c2ed89d439050d153a2133e0edca5e203c166719	source:'decision_governance_core',	Candidate evidence only; manual verification required.
EVD-f98821de57a1	GOVERNANCE_DISCOVERY	INFERRED_FROM_SOURCE	backend/services/decision_governance_core/main.cjs	main.cjs	139	d70319d88f2309cf94a23770c2ed89d439050d153a2133e0edca5e203c166719	error:'GOVERNANCE_VALIDATION_FAILED',	Candidate evidence only; manual verification required.
EVD-49cab20a29c1	GOVERNANCE_DISCOVERY	INFERRED_FROM_SOURCE	backend/services/decision_governance_core/main.cjs	main.cjs	148	d70319d88f2309cf94a23770c2ed89d439050d153a2133e0edca5e203c166719	source:'decision_governance_core',	Candidate evidence only; manual verification required.
EVD-e23fc263d96a	GOVERNANCE_DISCOVERY	INFERRED_FROM_SOURCE	backend/services/decision_governance_core/main.cjs	main.cjs	167	d70319d88f2309cf94a23770c2ed89d439050d153a2133e0edca5e203c166719	source:'decision_governance_core',	Candidate evidence only; manual verification required.
EVD-a196a7f5baca	GOVERNANCE_DISCOVERY	INFERRED_FROM_SOURCE	backend/services/decision_governance_core/main.cjs	main.cjs	175	d70319d88f2309cf94a23770c2ed89d439050d153a2133e0edca5e203c166719	source:'decision_governance_core',	Candidate evidence only; manual verification required.
EVD-e3060fac7cc5	GOVERNANCE_DISCOVERY	INFERRED_FROM_SOURCE	backend/services/decision_governance_core/main.cjs	main.cjs	176	d70319d88f2309cf94a23770c2ed89d439050d153a2133e0edca5e203c166719	error:'GOVERNANCE_SUBMIT_FAILED',	Candidate evidence only; manual verification required.
EVD-e776d6aab0a7	GOVERNANCE_DISCOVERY	INFERRED_FROM_SOURCE	backend/services/decision_governance_core/package.json	package.json	2	7d60a92c62f54ad34d012cddaf0be90ba7d003e5d896ce952311d86187798558	"""name"": ""ndsp-decision-governance-core"","	Candidate evidence only; manual verification required.
EVD-94f49cff0bac	GOVERNANCE_DISCOVERY	INFERRED_FROM_SOURCE	backend/services/decision_governance_core/package.json	package.json	3	7d60a92c62f54ad34d012cddaf0be90ba7d003e5d896ce952311d86187798558	"""version"": ""1.0.0"","	Candidate evidence only; manual verification required.
EVD-b9585075a607	GOVERNANCE_DISCOVERY	INFERRED_FROM_SOURCE	backend/services/decision_governance_core/service.yaml	service.yaml	2	91ac23a14a3b78fd57712814dd499dec15df14d640be12a2eeefae4abcf528fc	service_name: Decision Governance Core	Candidate evidence only; manual verification required.
EVD-1eedf8b57e3e	GOVERNANCE_DISCOVERY	INFERRED_FROM_SOURCE	backend/services/decision_governance_core/service.yaml	service.yaml	4	91ac23a14a3b78fd57712814dd499dec15df14d640be12a2eeefae4abcf528fc	domain: Decision Governance	Candidate evidence only; manual verification required.
EVD-bff2382baf1c	GOVERNANCE_DISCOVERY	INFERRED_FROM_SOURCE	backend/services/decision_governance_core/service.yaml	service.yaml	6	91ac23a14a3b78fd57712814dd499dec15df14d640be12a2eeefae4abcf528fc	version: 1.0.0	Candidate evidence only; manual verification required.
EVD-5d12bd52a4f5	GOVERNANCE_DISCOVERY	INFERRED_FROM_SOURCE	backend/services/decision_governance_core/service.yaml	service.yaml	17	91ac23a14a3b78fd57712814dd499dec15df14d640be12a2eeefae4abcf528fc	systemd: ndsp-decision_governance_core.service	Candidate evidence only; manual verification required.
EVD-f7f9439d0f02	GOVERNANCE_DISCOVERY	INFERRED_FROM_SOURCE	backend/services/decision_governance_core/systemd/ndsp-decision_governance_core.service	ndsp-decision_governance_core.service	2	c646983b47d765324fc93d91f1f3d7df4d5a6d484702281fffec54372597a9c5	Description=NDSP DGC-001 Decision Governance Core	Candidate evidence only; manual verification required.
EVD-1980a9539939	GOVERNANCE_DISCOVERY	INFERRED_FROM_SOURCE	backend/services/decision_governance_core/systemd/ndsp-decision_governance_core.service	ndsp-decision_governance_core.service	8	c646983b47d765324fc93d91f1f3d7df4d5a6d484702281fffec54372597a9c5	WorkingDirectory=/home/nawaf511/empire-core-new/backend/services/decision_governance_core	Candidate evidence only; manual verification required.
EVD-fad71d44332c	GOVERNANCE_DISCOVERY	INFERRED_FROM_SOURCE	backend/services/decision_governance_core/systemd/ndsp-decision_governance_core.service	ndsp-decision_governance_core.service	12	c646983b47d765324fc93d91f1f3d7df4d5a6d484702281fffec54372597a9c5	ExecStart=/usr/bin/node /home/nawaf511/empire-core-new/backend/services/decision_governance_core/main.cjs	Candidate evidence only; manual verification required.
EVD-490eccb9360c	GOVERNANCE_DISCOVERY	INFERRED_FROM_SOURCE	backend/shared/tdl_day_logic_v2.js	tdl_day_logic_v2.js	4	e3ca1dddfffe1bc360eae48edac7f7023907f91e8dd0b57f9aaea39827597e9d	version: 'TDL_WEEKLY_DAY_LOGIC_V2',	Candidate evidence only; manual verification required.
EVD-f28ff39a833a	GOVERNANCE_DISCOVERY	INFERRED_FROM_SOURCE	backend/shared/tdl_day_logic_v2.js	tdl_day_logic_v2.js	66	e3ca1dddfffe1bc360eae48edac7f7023907f91e8dd0b57f9aaea39827597e9d	version: TDL_DAY_LOGIC_V2.version	Candidate evidence only; manual verification required.
EVD-f71db2ba0740	GOVERNANCE_DISCOVERY	INFERRED_FROM_SOURCE	backend/shared/tdl_day_logic_v2.json	tdl_day_logic_v2.json	2	e2927c09efe3996621b7313016c521acab6636cc81a870da78ad543334a5992e	"""version"": ""TDL_WEEKLY_DAY_LOGIC_V2"","	Candidate evidence only; manual verification required.
EVD-81ef77def312	GOVERNANCE_DISCOVERY	INFERRED_FROM_SOURCE	backend/shared/tdl_day_logic_v2.py	tdl_day_logic_v2.py	2	809263664d52e4aeed3068bc017964c7bcada562291e255c19c72298e45b8ffc	"""version"": ""TDL_WEEKLY_DAY_LOGIC_V2"","	Candidate evidence only; manual verification required.
EVD-6531642cdc4a	GOVERNANCE_DISCOVERY	INFERRED_FROM_SOURCE	backend/shared/tdl_day_logic_v2.py	tdl_day_logic_v2.py	39	809263664d52e4aeed3068bc017964c7bcada562291e255c19c72298e45b8ffc	"return {""ok"": True, ""controller"": row[""controller""], ""mode"": row[""mode""], ""day"": day, ""asset_class"": cls, ""version"": TDL_DAY_LOGIC_V2[""version""]}"	Candidate evidence only; manual verification required.
EVD-86ed94b3576a	GOVERNANCE_DISCOVERY	INFERRED_FROM_SOURCE	backend/tools/ndsp/ndsp_gateway_readiness.sh	ndsp_gateway_readiness.sh	37	72f81f4f04c38a3e9343f7c85db022e0e6b30b493e449ef917befce106358713	"check_http ""CTL-001_version"" ""http://127.0.0.1:9081/version"""	Candidate evidence only; manual verification required.
EVD-293134b4bd4a	GOVERNANCE_DISCOVERY	INFERRED_FROM_SOURCE	backend/tools/ndsp/ndsp_gateway_readiness.sh	ndsp_gateway_readiness.sh	48	72f81f4f04c38a3e9343f7c85db022e0e6b30b493e449ef917befce106358713	"check_public_warn ""GOVERNANCE_HEALTH"" ""https://api.ndsp.app/api/governance/health"""	Candidate evidence only; manual verification required.
EVD-289eb15a853b	GOVERNANCE_DISCOVERY	INFERRED_FROM_SOURCE	backend/tools/ndsp/ndsp_systemd_guard.sh	ndsp_systemd_guard.sh	50	6222167433f434404697c23722b4d15bb8bfb760fa9d269582c54903cdde4663	for ep in health version about; do	Candidate evidence only; manual verification required.
EVD-a760786ed7df	GOVERNANCE_DISCOVERY	INFERRED_FROM_SOURCE	backend/tools/ndsp/ndsp_systemd_guard.sh	ndsp_systemd_guard.sh	61	6222167433f434404697c23722b4d15bb8bfb760fa9d269582c54903cdde4663	"check_service ""DGC-001"" ""ndsp-decision_governance_core.service"" ""9079"""	Candidate evidence only; manual verification required.
EVD-bc56b7cc1b15	GOVERNANCE_DISCOVERY	INFERRED_FROM_SOURCE	deploy_frontend_from_apps.sh	deploy_frontend_from_apps.sh	114	29e76d79e98b4db20985a7181d724f170b0eeaf663793a9bcbebe4961e34c3c5	"probe_post checkout_working ""https://my.ndsp.app/api/payments/nowpayments/subscription/create"" '{""email"":""audit-apps-deploy@example.invalid"",""plan"":""pro"",""network"":""TRC20""}'"	Candidate evidence only; manual verification required.
EVD-2e0d2f1a7015	GOVERNANCE_DISCOVERY	INFERRED_FROM_SOURCE	deploy_frontend_from_apps.sh	deploy_frontend_from_apps.sh	115	29e76d79e98b4db20985a7181d724f170b0eeaf663793a9bcbebe4961e34c3c5	"probe_post trial_working ""https://my.ndsp.app/api/trial/register"" '{""email"":""audit-apps-deploy@example.invalid"",""name"":""NDSP Audit Apps Deploy""}'"	Candidate evidence only; manual verification required.
EVD-7463040d2bf3	GOVERNANCE_DISCOVERY	DOCUMENTATION_ONLY	docs/02-architecture/core/NDSP_16_LAYER_CORE_AND_FUTURE_INTEGRATION_BLUEPRINT_AR.md	NDSP_16_LAYER_CORE_AND_FUTURE_INTEGRATION_BLUEPRINT_AR.md	6	a7a742ebba32fd093278b28dc8bbf152bcba1d96794f5a18473409ac2fbf95b5	**تاريخ الاعتماد:** `2026-07-11`	Candidate evidence only; manual verification required.
EVD-3688f2e83b66	GOVERNANCE_DISCOVERY	DOCUMENTATION_ONLY	docs/02-architecture/core/NDSP_16_LAYER_CORE_AND_FUTURE_INTEGRATION_BLUEPRINT_AR.md	NDSP_16_LAYER_CORE_AND_FUTURE_INTEGRATION_BLUEPRINT_AR.md	51	a7a742ebba32fd093278b28dc8bbf152bcba1d96794f5a18473409ac2fbf95b5	| NDSP-CORE-L13 | إشارة نواف الذهبية | CONFIRMATION_AND_CONVERGENCE | تمثيل تقارب محكوم بين الطبقات الأساسية؛ تظهر جزئيًا أو تحت المتابعة وفق الحوكمة. | لا |	Candidate evidence only; manual verification required.
EVD-ab96218e3b9a	GOVERNANCE_DISCOVERY	DOCUMENTATION_ONLY	docs/02-architecture/core/NDSP_16_LAYER_CORE_AND_FUTURE_INTEGRATION_BLUEPRINT_AR.md	NDSP_16_LAYER_CORE_AND_FUTURE_INTEGRATION_BLUEPRINT_AR.md	56	a7a742ebba32fd093278b28dc8bbf152bcba1d96794f5a18473409ac2fbf95b5	> **ملاحظة حوكمة:** الأسماء أعلاه سجل وظيفي حاكم. يجب خلال مرحلة `NDSP_CANONICAL_SOURCE_LOCK` ربط كل طبقة بمسار المصدر الحقيقي، الخدمة، العقد، الإصدار، الاختبارات، وGit commit. لا يجوز استخدام الوثيقة لتغيير الحسابات قبل هذا الربط.	Candidate evidence only; manual verification required.
EVD-81a04280144d	GOVERNANCE_DISCOVERY	DOCUMENTATION_ONLY	docs/02-architecture/core/NDSP_16_LAYER_CORE_AND_FUTURE_INTEGRATION_BLUEPRINT_AR.md	NDSP_16_LAYER_CORE_AND_FUTURE_INTEGRATION_BLUEPRINT_AR.md	167	a7a742ebba32fd093278b28dc8bbf152bcba1d96794f5a18473409ac2fbf95b5	### 5.3 فوق القلب — مستوى التنسيق والحوكمة	Candidate evidence only; manual verification required.
EVD-499a22293dde	GOVERNANCE_DISCOVERY	DOCUMENTATION_ONLY	docs/02-architecture/core/NDSP_16_LAYER_CORE_AND_FUTURE_INTEGRATION_BLUEPRINT_AR.md	NDSP_16_LAYER_CORE_AND_FUTURE_INTEGRATION_BLUEPRINT_AR.md	175	a7a742ebba32fd093278b28dc8bbf152bcba1d96794f5a18473409ac2fbf95b5	Decision Governance	Candidate evidence only; manual verification required.
EVD-0a50218925e9	GOVERNANCE_DISCOVERY	DOCUMENTATION_ONLY	docs/02-architecture/core/NDSP_16_LAYER_CORE_AND_FUTURE_INTEGRATION_BLUEPRINT_AR.md	NDSP_16_LAYER_CORE_AND_FUTURE_INTEGRATION_BLUEPRINT_AR.md	188	a7a742ebba32fd093278b28dc8bbf152bcba1d96794f5a18473409ac2fbf95b5	Audit Trail	Candidate evidence only; manual verification required.
EVD-ff1d98de632b	GOVERNANCE_DISCOVERY	DOCUMENTATION_ONLY	docs/02-architecture/core/NDSP_16_LAYER_CORE_AND_FUTURE_INTEGRATION_BLUEPRINT_AR.md	NDSP_16_LAYER_CORE_AND_FUTURE_INTEGRATION_BLUEPRINT_AR.md	225	a7a742ebba32fd093278b28dc8bbf152bcba1d96794f5a18473409ac2fbf95b5	→ Decision Governance	Candidate evidence only; manual verification required.
EVD-35bce50579df	GOVERNANCE_DISCOVERY	DOCUMENTATION_ONLY	docs/02-architecture/core/NDSP_16_LAYER_CORE_AND_FUTURE_INTEGRATION_BLUEPRINT_AR.md	NDSP_16_LAYER_CORE_AND_FUTURE_INTEGRATION_BLUEPRINT_AR.md	305	a7a742ebba32fd093278b28dc8bbf152bcba1d96794f5a18473409ac2fbf95b5	→ Shadow production	Candidate evidence only; manual verification required.
EVD-44613646570d	GOVERNANCE_DISCOVERY	DOCUMENTATION_ONLY	docs/02-architecture/core/NDSP_16_LAYER_CORE_AND_FUTURE_INTEGRATION_BLUEPRINT_AR.md	NDSP_16_LAYER_CORE_AND_FUTURE_INTEGRATION_BLUEPRINT_AR.md	308	a7a742ebba32fd093278b28dc8bbf152bcba1d96794f5a18473409ac2fbf95b5	→ Owner approval	Candidate evidence only; manual verification required.
EVD-ea9e1621054c	GOVERNANCE_DISCOVERY	DOCUMENTATION_ONLY	docs/02-architecture/core/NDSP_16_LAYER_CORE_AND_FUTURE_INTEGRATION_BLUEPRINT_AR.md	NDSP_16_LAYER_CORE_AND_FUTURE_INTEGRATION_BLUEPRINT_AR.md	310	a7a742ebba32fd093278b28dc8bbf152bcba1d96794f5a18473409ac2fbf95b5	→ Rollback readiness	Candidate evidence only; manual verification required.
EVD-4bff9b9c8241	GOVERNANCE_DISCOVERY	DOCUMENTATION_ONLY	docs/02-architecture/core/NDSP_16_LAYER_CORE_AND_FUTURE_INTEGRATION_BLUEPRINT_AR.md	NDSP_16_LAYER_CORE_AND_FUTURE_INTEGRATION_BLUEPRINT_AR.md	321	a7a742ebba32fd093278b28dc8bbf152bcba1d96794f5a18473409ac2fbf95b5	"""layer_version"": ""1.4.0"","	Candidate evidence only; manual verification required.
EVD-cbd7fcbeb8a7	GOVERNANCE_DISCOVERY	DOCUMENTATION_ONLY	docs/02-architecture/core/NDSP_16_LAYER_CORE_AND_FUTURE_INTEGRATION_BLUEPRINT_AR.md	NDSP_16_LAYER_CORE_AND_FUTURE_INTEGRATION_BLUEPRINT_AR.md	322	a7a742ebba32fd093278b28dc8bbf152bcba1d96794f5a18473409ac2fbf95b5	"""contract_version"": ""1.0.0"","	Candidate evidence only; manual verification required.
EVD-80ffb4b0946c	GOVERNANCE_DISCOVERY	DOCUMENTATION_ONLY	docs/02-architecture/core/NDSP_16_LAYER_CORE_AND_FUTURE_INTEGRATION_BLUEPRINT_AR.md	NDSP_16_LAYER_CORE_AND_FUTURE_INTEGRATION_BLUEPRINT_AR.md	355	a7a742ebba32fd093278b28dc8bbf152bcba1d96794f5a18473409ac2fbf95b5	"""contract_version"": ""1.0.0"","	Candidate evidence only; manual verification required.
EVD-123cdc1f663f	GOVERNANCE_DISCOVERY	DOCUMENTATION_ONLY	docs/02-architecture/core/NDSP_16_LAYER_CORE_AND_FUTURE_INTEGRATION_BLUEPRINT_AR.md	NDSP_16_LAYER_CORE_AND_FUTURE_INTEGRATION_BLUEPRINT_AR.md	356	a7a742ebba32fd093278b28dc8bbf152bcba1d96794f5a18473409ac2fbf95b5	"""core_registry_version"": ""1.0.0"","	Candidate evidence only; manual verification required.
EVD-b77be9eb2132	GOVERNANCE_DISCOVERY	DOCUMENTATION_ONLY	docs/02-architecture/core/NDSP_16_LAYER_CORE_AND_FUTURE_INTEGRATION_BLUEPRINT_AR.md	NDSP_16_LAYER_CORE_AND_FUTURE_INTEGRATION_BLUEPRINT_AR.md	412	a7a742ebba32fd093278b28dc8bbf152bcba1d96794f5a18473409ac2fbf95b5	engine_version	Candidate evidence only; manual verification required.
EVD-571c3a1bf104	GOVERNANCE_DISCOVERY	DOCUMENTATION_ONLY	docs/02-architecture/core/NDSP_16_LAYER_CORE_AND_FUTURE_INTEGRATION_BLUEPRINT_AR.md	NDSP_16_LAYER_CORE_AND_FUTURE_INTEGRATION_BLUEPRINT_AR.md	417	a7a742ebba32fd093278b28dc8bbf152bcba1d96794f5a18473409ac2fbf95b5	rollback_version	Candidate evidence only; manual verification required.
EVD-ca63ff63542d	GOVERNANCE_DISCOVERY	DOCUMENTATION_ONLY	docs/02-architecture/core/NDSP_16_LAYER_CORE_AND_FUTURE_INTEGRATION_BLUEPRINT_AR.md	NDSP_16_LAYER_CORE_AND_FUTURE_INTEGRATION_BLUEPRINT_AR.md	427	a7a742ebba32fd093278b28dc8bbf152bcba1d96794f5a18473409ac2fbf95b5	قبل اعتماد السجل:	Candidate evidence only; manual verification required.
EVD-4787a9e39248	GOVERNANCE_DISCOVERY	DOCUMENTATION_ONLY	docs/02-architecture/core/NDSP_16_LAYER_CORE_AND_FUTURE_INTEGRATION_BLUEPRINT_EN.md	NDSP_16_LAYER_CORE_AND_FUTURE_INTEGRATION_BLUEPRINT_EN.md	5	253da6c5cb2b471847625f5edabbab0882d66115d0638eb22aaf9440f6e7a2c2	**Version:** `1.0.0`	Candidate evidence only; manual verification required.
EVD-eb1fd6f6e56e	GOVERNANCE_DISCOVERY	DOCUMENTATION_ONLY	docs/02-architecture/core/NDSP_16_LAYER_CORE_AND_FUTURE_INTEGRATION_BLUEPRINT_EN.md	NDSP_16_LAYER_CORE_AND_FUTURE_INTEGRATION_BLUEPRINT_EN.md	40	253da6c5cb2b471847625f5edabbab0882d66115d0638eb22aaf9440f6e7a2c2	| NDSP-CORE-L02 | Temporal Decision Logic — Short & Speculative | DIRECTION_AND_TIME | Determines short/speculative direction and holding horizon under weekly-close governance. | Yes |	Candidate evidence only; manual verification required.
EVD-3f8740ff4806	GOVERNANCE_DISCOVERY	DOCUMENTATION_ONLY	docs/02-architecture/core/NDSP_16_LAYER_CORE_AND_FUTURE_INTEGRATION_BLUEPRINT_EN.md	NDSP_16_LAYER_CORE_AND_FUTURE_INTEGRATION_BLUEPRINT_EN.md	44	253da6c5cb2b471847625f5edabbab0882d66115d0638eb22aaf9440f6e7a2c2	| NDSP-CORE-L06 | Temporal and Day Logic | DIRECTION_AND_TIME | Applies Day Logic V2, timeframe governance, and decision horizon rules. | Yes |	Candidate evidence only; manual verification required.
EVD-101b38b83045	GOVERNANCE_DISCOVERY	DOCUMENTATION_ONLY	docs/02-architecture/core/NDSP_16_LAYER_CORE_AND_FUTURE_INTEGRATION_BLUEPRINT_EN.md	NDSP_16_LAYER_CORE_AND_FUTURE_INTEGRATION_BLUEPRINT_EN.md	56	253da6c5cb2b471847625f5edabbab0882d66115d0638eb22aaf9440f6e7a2c2	> **Governance note:** this is a functional governing registry. During `NDSP_CANONICAL_SOURCE_LOCK`, each layer must be mapped to its real source path, service, contract, version, tests, and Git commit. This document does not authorize calculation changes before that mapping.	Candidate evidence only; manual verification required.
EVD-39319438650a	GOVERNANCE_DISCOVERY	DOCUMENTATION_ONLY	docs/02-architecture/core/NDSP_16_LAYER_CORE_AND_FUTURE_INTEGRATION_BLUEPRINT_EN.md	NDSP_16_LAYER_CORE_AND_FUTURE_INTEGRATION_BLUEPRINT_EN.md	163	253da6c5cb2b471847625f5edabbab0882d66115d0638eb22aaf9440f6e7a2c2	### 5.3 Above the core — coordination and governance plane	Candidate evidence only; manual verification required.
EVD-e4c3f0c03edf	GOVERNANCE_DISCOVERY	DOCUMENTATION_ONLY	docs/02-architecture/core/NDSP_16_LAYER_CORE_AND_FUTURE_INTEGRATION_BLUEPRINT_EN.md	NDSP_16_LAYER_CORE_AND_FUTURE_INTEGRATION_BLUEPRINT_EN.md	171	253da6c5cb2b471847625f5edabbab0882d66115d0638eb22aaf9440f6e7a2c2	Decision Governance	Candidate evidence only; manual verification required.
EVD-d931137ad074	GOVERNANCE_DISCOVERY	DOCUMENTATION_ONLY	docs/02-architecture/core/NDSP_16_LAYER_CORE_AND_FUTURE_INTEGRATION_BLUEPRINT_EN.md	NDSP_16_LAYER_CORE_AND_FUTURE_INTEGRATION_BLUEPRINT_EN.md	184	253da6c5cb2b471847625f5edabbab0882d66115d0638eb22aaf9440f6e7a2c2	Audit Trail	Candidate evidence only; manual verification required.
EVD-71712a4bdd9b	GOVERNANCE_DISCOVERY	DOCUMENTATION_ONLY	docs/02-architecture/core/NDSP_16_LAYER_CORE_AND_FUTURE_INTEGRATION_BLUEPRINT_EN.md	NDSP_16_LAYER_CORE_AND_FUTURE_INTEGRATION_BLUEPRINT_EN.md	221	253da6c5cb2b471847625f5edabbab0882d66115d0638eb22aaf9440f6e7a2c2	→ Decision Governance	Candidate evidence only; manual verification required.
EVD-47c4a58277d4	GOVERNANCE_DISCOVERY	DOCUMENTATION_ONLY	docs/02-architecture/core/NDSP_16_LAYER_CORE_AND_FUTURE_INTEGRATION_BLUEPRINT_EN.md	NDSP_16_LAYER_CORE_AND_FUTURE_INTEGRATION_BLUEPRINT_EN.md	301	253da6c5cb2b471847625f5edabbab0882d66115d0638eb22aaf9440f6e7a2c2	→ Shadow production	Candidate evidence only; manual verification required.
EVD-86a6b8077547	GOVERNANCE_DISCOVERY	DOCUMENTATION_ONLY	docs/02-architecture/core/NDSP_16_LAYER_CORE_AND_FUTURE_INTEGRATION_BLUEPRINT_EN.md	NDSP_16_LAYER_CORE_AND_FUTURE_INTEGRATION_BLUEPRINT_EN.md	304	253da6c5cb2b471847625f5edabbab0882d66115d0638eb22aaf9440f6e7a2c2	→ Owner approval	Candidate evidence only; manual verification required.
EVD-3872665062bd	GOVERNANCE_DISCOVERY	DOCUMENTATION_ONLY	docs/02-architecture/core/NDSP_16_LAYER_CORE_AND_FUTURE_INTEGRATION_BLUEPRINT_EN.md	NDSP_16_LAYER_CORE_AND_FUTURE_INTEGRATION_BLUEPRINT_EN.md	306	253da6c5cb2b471847625f5edabbab0882d66115d0638eb22aaf9440f6e7a2c2	→ Rollback readiness	Candidate evidence only; manual verification required.
EVD-e22596a29307	GOVERNANCE_DISCOVERY	DOCUMENTATION_ONLY	docs/02-architecture/core/NDSP_16_LAYER_CORE_AND_FUTURE_INTEGRATION_BLUEPRINT_EN.md	NDSP_16_LAYER_CORE_AND_FUTURE_INTEGRATION_BLUEPRINT_EN.md	317	253da6c5cb2b471847625f5edabbab0882d66115d0638eb22aaf9440f6e7a2c2	"""layer_version"": ""1.4.0"","	Candidate evidence only; manual verification required.
EVD-41679f91e06f	GOVERNANCE_DISCOVERY	DOCUMENTATION_ONLY	docs/02-architecture/core/NDSP_16_LAYER_CORE_AND_FUTURE_INTEGRATION_BLUEPRINT_EN.md	NDSP_16_LAYER_CORE_AND_FUTURE_INTEGRATION_BLUEPRINT_EN.md	318	253da6c5cb2b471847625f5edabbab0882d66115d0638eb22aaf9440f6e7a2c2	"""contract_version"": ""1.0.0"","	Candidate evidence only; manual verification required.
EVD-c785894dd392	GOVERNANCE_DISCOVERY	DOCUMENTATION_ONLY	docs/02-architecture/core/NDSP_16_LAYER_CORE_AND_FUTURE_INTEGRATION_BLUEPRINT_EN.md	NDSP_16_LAYER_CORE_AND_FUTURE_INTEGRATION_BLUEPRINT_EN.md	337	253da6c5cb2b471847625f5edabbab0882d66115d0638eb22aaf9440f6e7a2c2	- Every layer declares its version.	Candidate evidence only; manual verification required.
EVD-c80d3c218ebd	GOVERNANCE_DISCOVERY	DOCUMENTATION_ONLY	docs/02-architecture/core/NDSP_16_LAYER_CORE_AND_FUTURE_INTEGRATION_BLUEPRINT_EN.md	NDSP_16_LAYER_CORE_AND_FUTURE_INTEGRATION_BLUEPRINT_EN.md	351	253da6c5cb2b471847625f5edabbab0882d66115d0638eb22aaf9440f6e7a2c2	"""contract_version"": ""1.0.0"","	Candidate evidence only; manual verification required.
EVD-cca7b95ac3b9	GOVERNANCE_DISCOVERY	DOCUMENTATION_ONLY	docs/02-architecture/core/NDSP_16_LAYER_CORE_AND_FUTURE_INTEGRATION_BLUEPRINT_EN.md	NDSP_16_LAYER_CORE_AND_FUTURE_INTEGRATION_BLUEPRINT_EN.md	352	253da6c5cb2b471847625f5edabbab0882d66115d0638eb22aaf9440f6e7a2c2	"""core_registry_version"": ""1.0.0"","	Candidate evidence only; manual verification required.
EVD-efdf9e37d7df	GOVERNANCE_DISCOVERY	DOCUMENTATION_ONLY	docs/02-architecture/core/NDSP_16_LAYER_CORE_AND_FUTURE_INTEGRATION_BLUEPRINT_EN.md	NDSP_16_LAYER_CORE_AND_FUTURE_INTEGRATION_BLUEPRINT_EN.md	388	253da6c5cb2b471847625f5edabbab0882d66115d0638eb22aaf9440f6e7a2c2	| Professional | Permitted 16-layer outputs, conflicts, effects, contract versions |	Candidate evidence only; manual verification required.
EVD-3dd9eff633d5	GOVERNANCE_DISCOVERY	DOCUMENTATION_ONLY	docs/02-architecture/core/NDSP_16_LAYER_CORE_AND_FUTURE_INTEGRATION_BLUEPRINT_EN.md	NDSP_16_LAYER_CORE_AND_FUTURE_INTEGRATION_BLUEPRINT_EN.md	390	253da6c5cb2b471847625f5edabbab0882d66115d0638eb22aaf9440f6e7a2c2	| Owner | Full registry, evidence, versions, and authorized manual override |	Candidate evidence only; manual verification required.
EVD-a98f16d77602	GOVERNANCE_DISCOVERY	DOCUMENTATION_ONLY	docs/02-architecture/core/NDSP_16_LAYER_CORE_AND_FUTURE_INTEGRATION_BLUEPRINT_EN.md	NDSP_16_LAYER_CORE_AND_FUTURE_INTEGRATION_BLUEPRINT_EN.md	392	253da6c5cb2b471847625f5edabbab0882d66115d0638eb22aaf9440f6e7a2c2	Public names remain governed by the visibility policy.	Candidate evidence only; manual verification required.
EVD-280120ab62d5	GOVERNANCE_DISCOVERY	DOCUMENTATION_ONLY	docs/02-architecture/core/NDSP_16_LAYER_CORE_AND_FUTURE_INTEGRATION_BLUEPRINT_EN.md	NDSP_16_LAYER_CORE_AND_FUTURE_INTEGRATION_BLUEPRINT_EN.md	408	253da6c5cb2b471847625f5edabbab0882d66115d0638eb22aaf9440f6e7a2c2	engine_version	Candidate evidence only; manual verification required.
EVD-c2d23a88484a	GOVERNANCE_DISCOVERY	DOCUMENTATION_ONLY	docs/03-contracts/NDSP_16_LAYER_CORE_REGISTRY_V1.json	NDSP_16_LAYER_CORE_REGISTRY_V1.json	3	1e82873218176c33ab67176a9ff11494ddf87a72e75ca510abf0d59bcb3d1931	"""version"": ""1.0.0"","	Candidate evidence only; manual verification required.
EVD-26cca88fbab3	GOVERNANCE_DISCOVERY	DOCUMENTATION_ONLY	docs/03-contracts/NDSP_16_LAYER_CORE_REGISTRY_V1.json	NDSP_16_LAYER_CORE_REGISTRY_V1.json	8	1e82873218176c33ab67176a9ff11494ddf87a72e75ca510abf0d59bcb3d1931	"""Source paths, runtime services, contracts, and exact versions must be populated during canonical-source lock."","	Candidate evidence only; manual verification required.
EVD-5adc8719bcf1	GOVERNANCE_DISCOVERY	DOCUMENTATION_ONLY	docs/03-contracts/NDSP_16_LAYER_CORE_REGISTRY_V1.json	NDSP_16_LAYER_CORE_REGISTRY_V1.json	40	1e82873218176c33ab67176a9ff11494ddf87a72e75ca510abf0d59bcb3d1931	"""role_en"": ""Determines short/speculative direction and holding horizon under weekly-close governance."","	Candidate evidence only; manual verification required.
EVD-dfed9c82227e	GOVERNANCE_DISCOVERY	DOCUMENTATION_ONLY	docs/03-contracts/NDSP_16_LAYER_CORE_REGISTRY_V1.json	NDSP_16_LAYER_CORE_REGISTRY_V1.json	92	1e82873218176c33ab67176a9ff11494ddf87a72e75ca510abf0d59bcb3d1931	"""role_en"": ""Applies Day Logic V2, timeframe governance, and decision horizon rules."","	Candidate evidence only; manual verification required.
EVD-141bc6a28777	GOVERNANCE_DISCOVERY	DOCUMENTATION_ONLY	docs/03-contracts/NDSP_16_LAYER_CORE_REGISTRY_V1.json	NDSP_16_LAYER_CORE_REGISTRY_V1.json	182	1e82873218176c33ab67176a9ff11494ddf87a72e75ca510abf0d59bcb3d1931	"""role_ar"": ""تمثيل تقارب محكوم بين الطبقات الأساسية؛ تظهر جزئيًا أو تحت المتابعة وفق الحوكمة."","	Candidate evidence only; manual verification required.
EVD-f9c3a58896ee	GOVERNANCE_DISCOVERY	DOCUMENTATION_ONLY	docs/99-governance/pr-002-canonical-layer-map/CANONICAL_LAYER_SOURCE_MAP.json	CANONICAL_LAYER_SOURCE_MAP.json	2	96a5a590a2fcef525b4168a0e31f4b3ebe34113792e931fe43fbf24e81cf1cf0	"""schema_version"": ""1.1.0"","	Candidate evidence only; manual verification required.
EVD-410cb9731885	GOVERNANCE_DISCOVERY	DOCUMENTATION_ONLY	docs/99-governance/pr-002-canonical-layer-map/CANONICAL_LAYER_SOURCE_MAP.json	CANONICAL_LAYER_SOURCE_MAP.json	6	96a5a590a2fcef525b4168a0e31f4b3ebe34113792e931fe43fbf24e81cf1cf0	"""write_scope"": ""governance-artifacts-only"","	Candidate evidence only; manual verification required.
EVD-6da9e49e2239	GOVERNANCE_DISCOVERY	DOCUMENTATION_ONLY	docs/99-governance/pr-002-canonical-layer-map/CANONICAL_LAYER_SOURCE_MAP.json	CANONICAL_LAYER_SOURCE_MAP.json	11	96a5a590a2fcef525b4168a0e31f4b3ebe34113792e931fe43fbf24e81cf1cf0	"""implementation_files"": ""backend/app/runtime/ndsp_public_governance_projection_v1.py; backend/app/runtime/ndsp_v200_score_inputs.py; backend/app/runtime/ndsp_v201_launch_completion.py; backend/layers/canonical_v1/direction/l01_tdl_medium_long.py; backend/layers/canonical_v1/layer_orchestrator_v2.py; backend/layers/canonical_v1/registry_lock.py; backend/platform/canonical_v1/boundary_lock.py; backend/platform/runtime/capability_runtime_controller_v1.py"","	Candidate evidence only; manual verification required.
EVD-1b8b8a215158	GOVERNANCE_DISCOVERY	DOCUMENTATION_ONLY	docs/99-governance/pr-002-canonical-layer-map/CANONICAL_LAYER_SOURCE_MAP.json	CANONICAL_LAYER_SOURCE_MAP.json	12	96a5a590a2fcef525b4168a0e31f4b3ebe34113792e931fe43fbf24e81cf1cf0	"""consumer_files"": ""frontend/ndsp-user-portal-v50/config/layers.json; frontend/ndsp-user-portal-v50/public/ndsp-timeframe-layer-contract-v121.js; frontend/user-portal-vite/public/assets/ndsp-governance-44-v26.js; frontend/user-portal-vite/src/components/CompletedDecisionsPanelV37.jsx; frontend/user-portal-vite/src/main.jsx"","	Candidate evidence only; manual verification required.
EVD-4f6a3ca02591	GOVERNANCE_DISCOVERY	DOCUMENTATION_ONLY	docs/99-governance/pr-002-canonical-layer-map/CANONICAL_LAYER_SOURCE_MAP.json	CANONICAL_LAYER_SOURCE_MAP.json	22	96a5a590a2fcef525b4168a0e31f4b3ebe34113792e931fe43fbf24e81cf1cf0	"""implementation_files"": ""backend/app/runtime/ndsp_public_governance_projection_v1.py; backend/app/runtime/ndsp_v200_score_inputs.py; backend/layers/canonical_v1/direction/l02_tdl_short_speculative.py; backend/layers/canonical_v1/layer_orchestrator_v2.py; backend/layers/canonical_v1/registry_lock.py"","	Candidate evidence only; manual verification required.
EVD-68ff4fde1da5	GOVERNANCE_DISCOVERY	DOCUMENTATION_ONLY	docs/99-governance/pr-002-canonical-layer-map/CANONICAL_LAYER_SOURCE_MAP.json	CANONICAL_LAYER_SOURCE_MAP.json	23	96a5a590a2fcef525b4168a0e31f4b3ebe34113792e931fe43fbf24e81cf1cf0	"""consumer_files"": ""frontend/ndsp-user-portal-v50/config/layers.json; frontend/ndsp-user-portal-v50/public/ndsp-timeframe-layer-contract-v121.js; frontend/user-portal-vite/public/assets/ndsp-governance-44-v26.js; frontend/user-portal-vite/src/components/CompletedDecisionsPanelV37.jsx; frontend/user-portal-vite/src/main.jsx"","	Candidate evidence only; manual verification required.
EVD-2f12736db779	GOVERNANCE_DISCOVERY	DOCUMENTATION_ONLY	docs/99-governance/pr-002-canonical-layer-map/CANONICAL_LAYER_SOURCE_MAP.json	CANONICAL_LAYER_SOURCE_MAP.json	33	96a5a590a2fcef525b4168a0e31f4b3ebe34113792e931fe43fbf24e81cf1cf0	"""implementation_files"": ""backend/app/runtime/ndsp_completed_decisions_evidence_v35.py; backend/app/runtime/ndsp_public_governance_projection_v1.py; backend/layers/canonical_v1/direction/l03_market_direction_context.py; backend/layers/canonical_v1/layer_orchestrator_v2.py; backend/layers/canonical_v1/registry_lock.py"","	Candidate evidence only; manual verification required.
EVD-06f50069336c	GOVERNANCE_DISCOVERY	DOCUMENTATION_ONLY	docs/99-governance/pr-002-canonical-layer-map/CANONICAL_LAYER_SOURCE_MAP.json	CANONICAL_LAYER_SOURCE_MAP.json	34	96a5a590a2fcef525b4168a0e31f4b3ebe34113792e931fe43fbf24e81cf1cf0	"""consumer_files"": ""frontend/ndsp-user-portal-v50/config/layers.json; frontend/ndsp-user-portal-v50/public/ndsp-timeframe-layer-contract-v121.js; frontend/user-portal-vite/public/assets/ndsp-governance-44-v26.js; frontend/user-portal-vite/src/components/CompletedDecisionsPanelV37.jsx; frontend/user-portal-vite/src/main.jsx"","	Candidate evidence only; manual verification required.
EVD-7301958eb5bd	GOVERNANCE_DISCOVERY	DOCUMENTATION_ONLY	docs/99-governance/pr-002-canonical-layer-map/CANONICAL_LAYER_SOURCE_MAP.json	CANONICAL_LAYER_SOURCE_MAP.json	44	96a5a590a2fcef525b4168a0e31f4b3ebe34113792e931fe43fbf24e81cf1cf0	"""implementation_files"": ""backend/app/runtime/ndsp_public_governance_projection_v1.py; backend/app/runtime/ndsp_v200_score_inputs.py; backend/app/runtime/ndsp_v201_launch_completion.py; backend/layers/canonical_v1/direction/l04_correction_gate.py; backend/layers/canonical_v1/layer_orchestrator_v2.py; backend/layers/canonical_v1/registry_lock.py"","	Candidate evidence only; manual verification required.
EVD-a8ea4d292c09	GOVERNANCE_DISCOVERY	DOCUMENTATION_ONLY	docs/99-governance/pr-002-canonical-layer-map/CANONICAL_LAYER_SOURCE_MAP.json	CANONICAL_LAYER_SOURCE_MAP.json	45	96a5a590a2fcef525b4168a0e31f4b3ebe34113792e931fe43fbf24e81cf1cf0	"""consumer_files"": ""frontend/ndsp-user-portal-v50/config/layers.json; frontend/ndsp-user-portal-v50/public/ndsp-timeframe-layer-contract-v121.js; frontend/user-portal-vite/public/assets/ndsp-governance-44-v26.js; frontend/user-portal-vite/src/components/CompletedDecisionsPanelV37.jsx; frontend/user-portal-vite/src/main.jsx"","	Candidate evidence only; manual verification required.
EVD-80aa80b952b8	GOVERNANCE_DISCOVERY	DOCUMENTATION_ONLY	docs/99-governance/pr-002-canonical-layer-map/CANONICAL_LAYER_SOURCE_MAP.json	CANONICAL_LAYER_SOURCE_MAP.json	55	96a5a590a2fcef525b4168a0e31f4b3ebe34113792e931fe43fbf24e81cf1cf0	"""implementation_files"": ""backend/app/runtime/ndsp_public_governance_projection_v1.py; backend/layers/canonical_v1/layer_orchestrator_v2.py; backend/layers/canonical_v1/quality/l05_divergence_engine.py; backend/layers/canonical_v1/registry_lock.py"","	Candidate evidence only; manual verification required.
EVD-bfd794f1ddaa	GOVERNANCE_DISCOVERY	DOCUMENTATION_ONLY	docs/99-governance/pr-002-canonical-layer-map/CANONICAL_LAYER_SOURCE_MAP.json	CANONICAL_LAYER_SOURCE_MAP.json	56	96a5a590a2fcef525b4168a0e31f4b3ebe34113792e931fe43fbf24e81cf1cf0	"""consumer_files"": ""frontend/ndsp-user-portal-v50/config/layers.json; frontend/ndsp-user-portal-v50/public/ndsp-timeframe-layer-contract-v121.js; frontend/user-portal-vite/public/assets/ndsp-governance-44-v26.js; frontend/user-portal-vite/src/components/CompletedDecisionsPanelV37.jsx; frontend/user-portal-vite/src/main.jsx"","	Candidate evidence only; manual verification required.
EVD-a253b9639d72	GOVERNANCE_DISCOVERY	DOCUMENTATION_ONLY	docs/99-governance/pr-002-canonical-layer-map/CANONICAL_LAYER_SOURCE_MAP.json	CANONICAL_LAYER_SOURCE_MAP.json	66	96a5a590a2fcef525b4168a0e31f4b3ebe34113792e931fe43fbf24e81cf1cf0	"""implementation_files"": ""backend/app/runtime/ndsp_public_governance_projection_v1.py; backend/layers/canonical_v1/direction/l06_temporal_day_logic.py; backend/layers/canonical_v1/layer_orchestrator_v2.py; backend/layers/canonical_v1/registry_lock.py"","	Candidate evidence only; manual verification required.
EVD-944054c772fa	GOVERNANCE_DISCOVERY	DOCUMENTATION_ONLY	docs/99-governance/pr-002-canonical-layer-map/CANONICAL_LAYER_SOURCE_MAP.json	CANONICAL_LAYER_SOURCE_MAP.json	67	96a5a590a2fcef525b4168a0e31f4b3ebe34113792e931fe43fbf24e81cf1cf0	"""consumer_files"": ""frontend/ndsp-user-portal-v50/config/layers.json; frontend/ndsp-user-portal-v50/public/ndsp-timeframe-layer-contract-v121.js; frontend/user-portal-vite/public/assets/ndsp-governance-44-v26.js; frontend/user-portal-vite/src/components/CompletedDecisionsPanelV37.jsx; frontend/user-portal-vite/src/main.jsx"","	Candidate evidence only; manual verification required.
EVD-5eb887c9e931	GOVERNANCE_DISCOVERY	DOCUMENTATION_ONLY	docs/99-governance/pr-002-canonical-layer-map/CANONICAL_LAYER_SOURCE_MAP.json	CANONICAL_LAYER_SOURCE_MAP.json	77	96a5a590a2fcef525b4168a0e31f4b3ebe34113792e931fe43fbf24e81cf1cf0	"""implementation_files"": ""backend/app/runtime/ndsp_completed_decisions_evidence_v35.py; backend/app/runtime/ndsp_public_governance_projection_v1.py; backend/layers/canonical_v1/layer_orchestrator_v2.py; backend/layers/canonical_v1/registry_lock.py; backend/layers/canonical_v1/structure/l07_scenario_levels.py"","	Candidate evidence only; manual verification required.
EVD-0c4c27419f29	GOVERNANCE_DISCOVERY	DOCUMENTATION_ONLY	docs/99-governance/pr-002-canonical-layer-map/CANONICAL_LAYER_SOURCE_MAP.json	CANONICAL_LAYER_SOURCE_MAP.json	78	96a5a590a2fcef525b4168a0e31f4b3ebe34113792e931fe43fbf24e81cf1cf0	"""consumer_files"": ""frontend/ndsp-user-portal-v50/config/layers.json; frontend/ndsp-user-portal-v50/public/ndsp-timeframe-layer-contract-v121.js; frontend/user-portal-vite/public/assets/ndsp-governance-44-v26.js; frontend/user-portal-vite/src/components/CompletedDecisionsPanelV37.jsx; frontend/user-portal-vite/src/main.jsx"","	Candidate evidence only; manual verification required.
EVD-7fa3507d7b14	GOVERNANCE_DISCOVERY	DOCUMENTATION_ONLY	docs/99-governance/pr-002-canonical-layer-map/CANONICAL_LAYER_SOURCE_MAP.json	CANONICAL_LAYER_SOURCE_MAP.json	88	96a5a590a2fcef525b4168a0e31f4b3ebe34113792e931fe43fbf24e81cf1cf0	"""implementation_files"": ""backend/app/runtime/ndsp_completed_decisions_evidence_v35.py; backend/app/runtime/ndsp_public_governance_projection_v1.py; backend/layers/canonical_v1/layer_orchestrator_v2.py; backend/layers/canonical_v1/registry_lock.py; backend/layers/canonical_v1/structure/l08_nmp_confirmation.py"","	Candidate evidence only; manual verification required.
EVD-6f556c00b02d	GOVERNANCE_DISCOVERY	DOCUMENTATION_ONLY	docs/99-governance/pr-002-canonical-layer-map/CANONICAL_LAYER_SOURCE_MAP.json	CANONICAL_LAYER_SOURCE_MAP.json	89	96a5a590a2fcef525b4168a0e31f4b3ebe34113792e931fe43fbf24e81cf1cf0	"""consumer_files"": ""frontend/ndsp-user-portal-v50/config/layers.json; frontend/ndsp-user-portal-v50/public/ndsp-timeframe-layer-contract-v121.js; frontend/user-portal-vite/public/assets/ndsp-governance-44-v26.js; frontend/user-portal-vite/src/components/CompletedDecisionsPanelV37.jsx; frontend/user-portal-vite/src/main.jsx"","	Candidate evidence only; manual verification required.
EVD-f4bbe1f44ae5	GOVERNANCE_DISCOVERY	DOCUMENTATION_ONLY	docs/99-governance/pr-002-canonical-layer-map/CANONICAL_LAYER_SOURCE_MAP.json	CANONICAL_LAYER_SOURCE_MAP.json	99	96a5a590a2fcef525b4168a0e31f4b3ebe34113792e931fe43fbf24e81cf1cf0	"""implementation_files"": ""backend/app/runtime/ndsp_public_governance_projection_v1.py; backend/layers/canonical_v1/layer_orchestrator_v2.py; backend/layers/canonical_v1/quality/l09_momentum_engine.py; backend/layers/canonical_v1/registry_lock.py"","	Candidate evidence only; manual verification required.
EVD-0f8bc889db3f	GOVERNANCE_DISCOVERY	DOCUMENTATION_ONLY	docs/99-governance/pr-002-canonical-layer-map/CANONICAL_LAYER_SOURCE_MAP.json	CANONICAL_LAYER_SOURCE_MAP.json	100	96a5a590a2fcef525b4168a0e31f4b3ebe34113792e931fe43fbf24e81cf1cf0	"""consumer_files"": ""frontend/ndsp-user-portal-v50/config/layers.json; frontend/ndsp-user-portal-v50/public/ndsp-timeframe-layer-contract-v121.js; frontend/user-portal-vite/public/assets/ndsp-governance-44-v26.js; frontend/user-portal-vite/src/components/CompletedDecisionsPanelV37.jsx; frontend/user-portal-vite/src/main.jsx"","	Candidate evidence only; manual verification required.
EVD-6d3768003db9	GOVERNANCE_DISCOVERY	DOCUMENTATION_ONLY	docs/99-governance/pr-002-canonical-layer-map/PR-002-CANONICAL-LAYER-SOURCE-MAP.md	PR-002-CANONICAL-LAYER-SOURCE-MAP.md	5	929d833ae3eae5be3a256ca9eb51ae780bb8a86adf0c846ad6bce62198a6627b	- Branch: `governance/pr-002-canonical-layer-map`	Candidate evidence only; manual verification required.
EVD-510cefc24942	GOVERNANCE_DISCOVERY	DOCUMENTATION_ONLY	docs/99-governance/pr-002-canonical-layer-map/PR-002-CANONICAL-LAYER-SOURCE-MAP.md	PR-002-CANONICAL-LAYER-SOURCE-MAP.md	40	929d833ae3eae5be3a256ca9eb51ae780bb8a86adf0c846ad6bce62198a6627b	## Approval conditions	Candidate evidence only; manual verification required.
EVD-335a57326ba0	GOVERNANCE_DISCOVERY	DOCUMENTATION_ONLY	docs/99-governance/pr-003-canonical-service-map/CANONICAL_SERVICE_MAP.json	CANONICAL_SERVICE_MAP.json	2	fe03685c4a60e5d5dbae386a44ba44b77c2007b01136c7e700e72e936bd15498	"""schema_version"": ""1.1.0"","	Candidate evidence only; manual verification required.
EVD-260ae598fd70	GOVERNANCE_DISCOVERY	DOCUMENTATION_ONLY	docs/99-governance/pr-003-canonical-service-map/CANONICAL_SERVICE_MAP.json	CANONICAL_SERVICE_MAP.json	48	fe03685c4a60e5d5dbae386a44ba44b77c2007b01136c7e700e72e936bd15498	"""service_id"": ""decision-governance-core"","	Candidate evidence only; manual verification required.
EVD-29a4253028df	GOVERNANCE_DISCOVERY	DOCUMENTATION_ONLY	docs/99-governance/pr-003-canonical-service-map/CANONICAL_SERVICE_MAP.json	CANONICAL_SERVICE_MAP.json	50	fe03685c4a60e5d5dbae386a44ba44b77c2007b01136c7e700e72e936bd15498	"""canonical_entrypoint"": ""backend/services/decision_governance_core/main.cjs"","	Candidate evidence only; manual verification required.
EVD-c97d0b84ac52	GOVERNANCE_DISCOVERY	DOCUMENTATION_ONLY	docs/99-governance/pr-003-canonical-service-map/CANONICAL_SERVICE_MAP.json	CANONICAL_SERVICE_MAP.json	51	fe03685c4a60e5d5dbae386a44ba44b77c2007b01136c7e700e72e936bd15498	"""service_name"": ""decision-governance-core"","	Candidate evidence only; manual verification required.
EVD-a837d1fea0cb	GOVERNANCE_DISCOVERY	DOCUMENTATION_ONLY	docs/99-governance/pr-003-canonical-service-map/CANONICAL_SERVICE_MAP.json	CANONICAL_SERVICE_MAP.json	58	fe03685c4a60e5d5dbae386a44ba44b77c2007b01136c7e700e72e936bd15498	"""systemd_unit"": ""backend/services/decision_governance_core/systemd/ndsp-decision_governance_core.service"","	Candidate evidence only; manual verification required.
EVD-59e545795eaf	GOVERNANCE_DISCOVERY	DOCUMENTATION_ONLY	docs/99-governance/pr-003-canonical-service-map/CANONICAL_SERVICE_MAP.json	CANONICAL_SERVICE_MAP.json	60	fe03685c4a60e5d5dbae386a44ba44b77c2007b01136c7e700e72e936bd15498	"""backend/services/decision_governance_core/main.cjs"","	Candidate evidence only; manual verification required.
EVD-ed29bef0e454	GOVERNANCE_DISCOVERY	DOCUMENTATION_ONLY	docs/99-governance/pr-003-canonical-service-map/CANONICAL_SERVICE_MAP.json	CANONICAL_SERVICE_MAP.json	61	fe03685c4a60e5d5dbae386a44ba44b77c2007b01136c7e700e72e936bd15498	"""backend/services/decision_governance_core/systemd/ndsp-decision_governance_core.service"""	Candidate evidence only; manual verification required.
EVD-81d4c901fc17	GOVERNANCE_DISCOVERY	DOCUMENTATION_ONLY	docs/99-governance/pr-003-canonical-service-map/CANONICAL_SERVICE_MAP.json	CANONICAL_SERVICE_MAP.json	66	fe03685c4a60e5d5dbae386a44ba44b77c2007b01136c7e700e72e936bd15498	"""notes"": ""Additional referenced ports are not treated as listener ports. Additional port-like environment variables require manual review: NDSP_GOVERNANCE_PORT. No direct listener expression was confirmed."""	Candidate evidence only; manual verification required.
EVD-2f7860191480	GOVERNANCE_DISCOVERY	DOCUMENTATION_ONLY	docs/99-governance/pr-003-canonical-service-map/CANONICAL_SERVICE_MAP_FINAL.json	CANONICAL_SERVICE_MAP_FINAL.json	2	624355c6970d7b8b9faded7740144e5600ce130a0ddb65eb81f7364c9abbcc64	"""schema_version"": ""1.3.0"","	Candidate evidence only; manual verification required.
EVD-915375ad0f1e	GOVERNANCE_DISCOVERY	DOCUMENTATION_ONLY	docs/99-governance/pr-003-canonical-service-map/CANONICAL_SERVICE_MAP_FINAL.json	CANONICAL_SERVICE_MAP_FINAL.json	4	624355c6970d7b8b9faded7740144e5600ce130a0ddb65eb81f7364c9abbcc64	"""governance_status"": ""PR003_READY_FOR_COMMIT"","	Candidate evidence only; manual verification required.
EVD-e5f91780f0fa	GOVERNANCE_DISCOVERY	DOCUMENTATION_ONLY	docs/99-governance/pr-003-canonical-service-map/CANONICAL_SERVICE_MAP_FINAL.json	CANONICAL_SERVICE_MAP_FINAL.json	58	624355c6970d7b8b9faded7740144e5600ce130a0ddb65eb81f7364c9abbcc64	"""service_id"": ""decision-governance-core"","	Candidate evidence only; manual verification required.
