ID	Category	Classification	SourcePath	SourceFile	SourceLines	SHA256	Snippet	Notes
EVD-71463151c8d2	LAYER_DISCOVERY	INFERRED_FROM_SOURCE	apps/admin-console/NDSP_Admin_Console.html	NDSP_Admin_Console.html	120	fc9c20b3222082bc132b6e4ab02b1305e23918b455e37b36829ec1c28b3a6c49	/* layer governance */	Candidate evidence only; manual verification required.
EVD-f29c6e73924b	LAYER_DISCOVERY	INFERRED_FROM_SOURCE	apps/admin-console/NDSP_Admin_Console.html	NDSP_Admin_Console.html	202	fc9c20b3222082bc132b6e4ab02b1305e23918b455e37b36829ec1c28b3a6c49	"<div class=""navitem"" data-v=""layers""><span class=""ic"">⬡</span><span data-i=""nLayers"">حوكمة الطبقات</span></div>"	Candidate evidence only; manual verification required.
EVD-da53c12be974	LAYER_DISCOVERY	INFERRED_FROM_SOURCE	apps/admin-console/NDSP_Admin_Console.html	NDSP_Admin_Console.html	241	fc9c20b3222082bc132b6e4ab02b1305e23918b455e37b36829ec1c28b3a6c49	"<div class=""card-h""><div class=""t""><span class=""ic"">⬡</span><span data-i=""layerStatus"">حالة حوكمة الطبقات</span></div></div>"	Candidate evidence only; manual verification required.
EVD-3a1e5793b128	LAYER_DISCOVERY	INFERRED_FROM_SOURCE	apps/admin-console/NDSP_Admin_Console.html	NDSP_Admin_Console.html	243	fc9c20b3222082bc132b6e4ab02b1305e23918b455e37b36829ec1c28b3a6c49	"<div class=""hcell""><div class=""k"" data-i=""lcTotal"">إجمالي الطبقات</div><div class=""v"">١٦</div><div class=""st""><span class=""badge b-info"" data-i=""lcActive"">كلها تشارك</span></div></div>"	Candidate evidence only; manual verification required.
EVD-905e51f780ee	LAYER_DISCOVERY	INFERRED_FROM_SOURCE	apps/admin-console/NDSP_Admin_Console.html	NDSP_Admin_Console.html	247	fc9c20b3222082bc132b6e4ab02b1305e23918b455e37b36829ec1c28b3a6c49	"<div class=""muted-note"" data-i=""layerNote""><b>قاعدة:</b> لا كشف للأسماء أو الترتيب أو طرق الحساب الداخلية أو المعاملات الداخلية. العرض = قيمة منقّحة فقط.</div>"	Candidate evidence only; manual verification required.
EVD-bc99e39d8cb0	LAYER_DISCOVERY	INFERRED_FROM_SOURCE	apps/admin-console/NDSP_Admin_Console.html	NDSP_Admin_Console.html	273	fc9c20b3222082bc132b6e4ab02b1305e23918b455e37b36829ec1c28b3a6c49	"""ENGINE & GOVERNANCE"":""المحركات والحوكمة"",""Layer Governance"":""حوكمة الطبقات"",""NMP Research Lab"":""مختبر أبحاث NMP"","	Candidate evidence only; manual verification required.
EVD-529fdb54d506	LAYER_DISCOVERY	INFERRED_FROM_SOURCE	apps/admin-console/NDSP_Admin_Console.html	NDSP_Admin_Console.html	368	fc9c20b3222082bc132b6e4ab02b1305e23918b455e37b36829ec1c28b3a6c49	"[""Overview"",""Users"",""Trials"",""Registration Review"",""Packages"",""Payments"",""Layer Governance"",""NMP Research Lab"",""Health"",""Reports"",""Backups"",""نظرة عامة"",""المستخدمون"",""التجارب"",""الباقات"",""المدفوعات""].forEach(function(x){"	Candidate evidence only; manual verification required.
EVD-1b376343bda4	LAYER_DISCOVERY	INFERRED_FROM_SOURCE	apps/admin-console/NDSP_Admin_Console.html	NDSP_Admin_Console.html	941	fc9c20b3222082bc132b6e4ab02b1305e23918b455e37b36829ec1c28b3a6c49	<!-- ===== LAYER GOVERNANCE ===== -->	Candidate evidence only; manual verification required.
EVD-b170e04d87aa	LAYER_DISCOVERY	INFERRED_FROM_SOURCE	apps/admin-console/NDSP_Admin_Console.html	NDSP_Admin_Console.html	942	fc9c20b3222082bc132b6e4ab02b1305e23918b455e37b36829ec1c28b3a6c49	"<section class=""view"" data-view=""layers"">"	Candidate evidence only; manual verification required.
EVD-333a76f049be	LAYER_DISCOVERY	INFERRED_FROM_SOURCE	apps/admin-console/NDSP_Admin_Console.html	NDSP_Admin_Console.html	945	fc9c20b3222082bc132b6e4ab02b1305e23918b455e37b36829ec1c28b3a6c49	"<div class=""card-h""><div class=""t""><span class=""ic"">⬡</span><span data-i=""visibleLayers"">الطبقات الأربع الظاهرة</span></div></div>"	Candidate evidence only; manual verification required.
EVD-274dcbb7aecd	LAYER_DISCOVERY	INFERRED_FROM_SOURCE	apps/admin-console/NDSP_Admin_Console.html	NDSP_Admin_Console.html	949	fc9c20b3222082bc132b6e4ab02b1305e23918b455e37b36829ec1c28b3a6c49	"<div class=""card-h""><div class=""t""><span class=""ic"">⛨</span><span data-i=""hiddenLayers"">الطبقات المخفية</span></div><span class=""tag"">PROTECTED</span></div>"	Candidate evidence only; manual verification required.
EVD-1f4cb800cdac	LAYER_DISCOVERY	INFERRED_FROM_SOURCE	apps/admin-console/NDSP_Admin_Console.html	NDSP_Admin_Console.html	951	fc9c20b3222082bc132b6e4ab02b1305e23918b455e37b36829ec1c28b3a6c49	"<div class=""hidden-strip"" data-i=""hiddenStrip""><b>12 LAYERS · MASKED</b><br>تشارك في كل مخرجة دون كشف الأسماء أو الترتيب أو طرق الحساب الداخلية أو المعاملات الداخلية.</div>"	Candidate evidence only; manual verification required.
EVD-61dadb181c2c	LAYER_DISCOVERY	INFERRED_FROM_SOURCE	apps/admin-console/NDSP_Admin_Console.html	NDSP_Admin_Console.html	1242	fc9c20b3222082bc132b6e4ab02b1305e23918b455e37b36829ec1c28b3a6c49	"<div class=""muted-note"" data-i=""analyticsNote"" style=""margin-top:16px""><b>الحوكمة:</b> إشارات UX آمنة فقط (مشاهدات، تنقّل، إكمال نماذج). لا كلمات مرور، لا بيانات تشغيل محمية، لا أسماء طبقات مخفية، لا بصمات خام معروضة.</div>"	Candidate evidence only; manual verification required.
EVD-17cbfea9b668	LAYER_DISCOVERY	INFERRED_FROM_SOURCE	apps/admin-console/NDSP_Admin_Console.html	NDSP_Admin_Console.html	1276	fc9c20b3222082bc132b6e4ab02b1305e23918b455e37b36829ec1c28b3a6c49	"nLayers:""حوكمة الطبقات"",nMarkets:""الأسواق والأصول"",nAlerts:""التنبيهات والإعدادات"",nHealth:""الصحة والنسخ"",nAnalytics:""تحليلات التجربة"",nSecurity:""الأمان والترجمة"","	Candidate evidence only; manual verification required.
EVD-611796a436b3	LAYER_DISCOVERY	INFERRED_FROM_SOURCE	apps/admin-console/NDSP_Admin_Console.html	NDSP_Admin_Console.html	1280	fc9c20b3222082bc132b6e4ab02b1305e23918b455e37b36829ec1c28b3a6c49	"layerStatus:""حالة حوكمة الطبقات"",lcTotal:""إجمالي الطبقات"",lcActive:""كلها تشارك"",lcVisible:""ظاهرة بالاسم"",lcGoverned:""محكومة"",lcHidden:""مخفيّة"",lcProtected:""محميّة"","	Candidate evidence only; manual verification required.
EVD-5e90a40d6a0a	LAYER_DISCOVERY	INFERRED_FROM_SOURCE	apps/admin-console/NDSP_Admin_Console.html	NDSP_Admin_Console.html	1281	fc9c20b3222082bc132b6e4ab02b1305e23918b455e37b36829ec1c28b3a6c49	"layerNote:""<b>قاعدة:</b> لا كشف للأسماء أو الترتيب أو طرق الحساب الداخلية أو المعاملات الداخلية. العرض = قيمة منقّحة فقط."","	Candidate evidence only; manual verification required.
EVD-d179f1af44a9	LAYER_DISCOVERY	INFERRED_FROM_SOURCE	apps/admin-console/NDSP_Admin_Console.html	NDSP_Admin_Console.html	1295	fc9c20b3222082bc132b6e4ab02b1305e23918b455e37b36829ec1c28b3a6c49	"visibleLayers:""الطبقات الأربع الظاهرة"",hiddenLayers:""الطبقات المخفية"","	Candidate evidence only; manual verification required.
EVD-24ff79dc9484	LAYER_DISCOVERY	INFERRED_FROM_SOURCE	apps/admin-console/NDSP_Admin_Console.html	NDSP_Admin_Console.html	1296	fc9c20b3222082bc132b6e4ab02b1305e23918b455e37b36829ec1c28b3a6c49	"hiddenStrip:""<b>12 LAYERS · MASKED</b><br>تشارك في كل مخرجة دون كشف الأسماء أو الترتيب أو طرق الحساب الداخلية أو المعاملات الداخلية."","	Candidate evidence only; manual verification required.
EVD-07ae9eb55110	LAYER_DISCOVERY	INFERRED_FROM_SOURCE	apps/admin-console/NDSP_Admin_Console.html	NDSP_Admin_Console.html	1303	fc9c20b3222082bc132b6e4ab02b1305e23918b455e37b36829ec1c28b3a6c49	"analyticsNote:""<b>الحوكمة:</b> إشارات UX آمنة فقط (مشاهدات، تنقّل، إكمال نماذج). لا كلمات مرور، لا بيانات تشغيل محمية، لا أسماء طبقات مخفية، لا بصمات خام معروضة."","	Candidate evidence only; manual verification required.
EVD-7fb75932ab4e	LAYER_DISCOVERY	INFERRED_FROM_SOURCE	apps/admin-console/NDSP_Admin_Console.html	NDSP_Admin_Console.html	1306	fc9c20b3222082bc132b6e4ab02b1305e23918b455e37b36829ec1c28b3a6c49	"titles:{overview:[""نظرة عامة"",""مركز عمليات DSP — لوحة الحوكمة والتشغيل""],users:[""المستخدمون"",""إدارة الحسابات والباقات وأوضاع اللوحة""],trials:[""التجارب"",""متابعة تجارب الـ١٦ يومًا ونية الترقية""],review:[""مراجعة التسجيل"",""قرارات مكافحة الإساءة والمراجعة اليدوية""],packages:[""الباقات"",""حدود الباقات المفروضة من الخادم""],payments:[""المدفوعات"",""حالات الاشتراك والاعتماد اليدوي""],layers:[""حوكمة الطبقات"",""١٦ طبقة · ٤ ظاهرة · ١٢ محميّة""],markets:[""الأسواق والأصول"",""حالة المحرّك ومصدر البيانات والتدقيق""],alerts:[""التنبيهات والإعدادات"",""حالة القنوات — البيانات تشغيل محمية مقنّعة دائمًا""],health:[""الصحة والن"	Candidate evidence only; manual verification required.
EVD-3a9e8f0ec3f2	LAYER_DISCOVERY	INFERRED_FROM_SOURCE	apps/admin-console/NDSP_Admin_Operations_Center.html	NDSP_Admin_Operations_Center.html	186	d75d3c39fadc28ded22dbe077fcfe7c088508b164bb851fa4fe367a5aa8a2169	"<div class=""warn"">هذه الشاشة تعرض مخرجات منقّحة فقط. لا تعرض معادلات أو أوزان أو أسماء طبقات مخفية أو منطق إشارة التوافق الذهبية.</div>"	Candidate evidence only; manual verification required.
EVD-d2886e836e7c	LAYER_DISCOVERY	INFERRED_FROM_SOURCE	apps/admin-console/NDSP_Design_System.html	NDSP_Design_System.html	295	1bb4620782bbd017e39655ed01129a2acc368e9c79addf98e42aa6e8dc2a1049	"""ENGINE & GOVERNANCE"":""المحركات والحوكمة"",""Layer Governance"":""حوكمة الطبقات"",""NMP Research Lab"":""مختبر أبحاث NMP"","	Candidate evidence only; manual verification required.
EVD-2284f308c789	LAYER_DISCOVERY	INFERRED_FROM_SOURCE	apps/admin-console/NDSP_Design_System.html	NDSP_Design_System.html	390	1bb4620782bbd017e39655ed01129a2acc368e9c79addf98e42aa6e8dc2a1049	"[""Overview"",""Users"",""Trials"",""Registration Review"",""Packages"",""Payments"",""Layer Governance"",""NMP Research Lab"",""Health"",""Reports"",""Backups"",""نظرة عامة"",""المستخدمون"",""التجارب"",""الباقات"",""المدفوعات""].forEach(function(x){"	Candidate evidence only; manual verification required.
EVD-ebf80e21d67e	LAYER_DISCOVERY	INFERRED_FROM_SOURCE	apps/admin-console/NDSP_Help_Center.html	NDSP_Help_Center.html	177	5236b64908677ab9fc750687d27660515665bad6923d38386b7f6917d10008b0	"{id:""layers"",nm:[""الطبقات والقراءة"",""Layers & reads""],ic:""⬡""},"	Candidate evidence only; manual verification required.
EVD-958025ded872	LAYER_DISCOVERY	INFERRED_FROM_SOURCE	apps/admin-console/NDSP_Help_Center.html	NDSP_Help_Center.html	201	5236b64908677ab9fc750687d27660515665bad6923d38386b7f6917d10008b0	"a:[""وصول كامل للطبقات الأربع الظاهرة وجودة القرار الكاملة طوال المدة، مع تفتّح تدريجي للطبقات على أربع مراحل عبر أيام رحلتك."","	Candidate evidence only; manual verification required.
EVD-b1f9253970ed	LAYER_DISCOVERY	INFERRED_FROM_SOURCE	apps/admin-console/NDSP_Help_Center.html	NDSP_Help_Center.html	202	5236b64908677ab9fc750687d27660515665bad6923d38386b7f6917d10008b0	"""Full access to the four visible layers and complete decision quality throughout, with a progressive unlock of the layers across four phases during your journey.""]},"	Candidate evidence only; manual verification required.
EVD-0a939fe2a90e	LAYER_DISCOVERY	INFERRED_FROM_SOURCE	apps/admin-console/NDSP_Help_Center.html	NDSP_Help_Center.html	206	5236b64908677ab9fc750687d27660515665bad6923d38386b7f6917d10008b0	"{cat:""layers"",q:[""ما هي الـ١٦ طبقة؟ ولماذا ٤ فقط ظاهرة؟"",""What are the 16 layers? Why are only 4 visible?""],"	Candidate evidence only; manual verification required.
EVD-c803df1f1144	LAYER_DISCOVERY	INFERRED_FROM_SOURCE	apps/admin-console/NDSP_Help_Center.html	NDSP_Help_Center.html	207	5236b64908677ab9fc750687d27660515665bad6923d38386b7f6917d10008b0	"a:[""١٦ طبقة تحليلية تشارك في كل قراءة. أربع ظاهرة بالاسم (<span class='gold'>منطق البُعد الزمني · نقطة التقاء نواف · محامي الشيطان · إشارة نواف الذهبية</span>)، و١٢ تعمل خلف الكواليس. إخفاؤها ليس غموضًا — بل حماية لجوهر المنصة، كما تحمي البنوك نماذجها. تحصل على القيمة، لا الوصفة."","	Candidate evidence only; manual verification required.
EVD-d7eefa38750f	LAYER_DISCOVERY	INFERRED_FROM_SOURCE	apps/admin-console/NDSP_Help_Center.html	NDSP_Help_Center.html	208	5236b64908677ab9fc750687d27660515665bad6923d38386b7f6917d10008b0	"""16 analytical layers contribute to every read. Four are named (<span class='gold'>Timed Direction Logic · Nawaf Meeting Point · Devil's Advocate · Nawaf Golden Alignment</span>), and 12 work behind the scenes. Hiding them isn't obscurity — it's protecting the platform's core, like banks protect their models. You get the value, not the recipe.""]},"	Candidate evidence only; manual verification required.
EVD-e5d7d10476d6	LAYER_DISCOVERY	INFERRED_FROM_SOURCE	apps/admin-console/NDSP_Help_Center.html	NDSP_Help_Center.html	209	5236b64908677ab9fc750687d27660515665bad6923d38386b7f6917d10008b0	"{cat:""layers"",q:[""هل تكشفون طرق الحساب الداخلية أو المعاملات الداخلية؟"",""Do you reveal the internal methods or internal parameters?""],"	Candidate evidence only; manual verification required.
EVD-408dd2477302	LAYER_DISCOVERY	INFERRED_FROM_SOURCE	apps/admin-console/NDSP_Help_Center.html	NDSP_Help_Center.html	210	5236b64908677ab9fc750687d27660515665bad6923d38386b7f6917d10008b0	"a:[""لا، أبدًا. لا تُعرض طرق الحساب الداخلية ولا المعاملات الداخلية ولا الدرجات الداخلية ولا أسماء الطبقات المخفية ولا ترتيبها. المعروض دائمًا <b>قيمة منقّحة</b> فقط."","	Candidate evidence only; manual verification required.
EVD-7535f21f17e1	LAYER_DISCOVERY	INFERRED_FROM_SOURCE	apps/admin-console/NDSP_Help_Center.html	NDSP_Help_Center.html	211	5236b64908677ab9fc750687d27660515665bad6923d38386b7f6917d10008b0	"""No, never. No internal methods, internal parameters, internal scores, hidden layer names, or their order are shown. What's displayed is always a <b>sanitized value</b> only.""]},"	Candidate evidence only; manual verification required.
EVD-0bd201b2a3fd	LAYER_DISCOVERY	INFERRED_FROM_SOURCE	apps/admin-console/NDSP_Help_Center.html	NDSP_Help_Center.html	212	5236b64908677ab9fc750687d27660515665bad6923d38386b7f6917d10008b0	"{cat:""layers"",q:[""ما معنى «جودة القرار»؟"",""What does 'decision quality' mean?""],"	Candidate evidence only; manual verification required.
EVD-ca3df078341f	LAYER_DISCOVERY	INFERRED_FROM_SOURCE	apps/admin-console/NDSP_Help_Center.html	NDSP_Help_Center.html	213	5236b64908677ab9fc750687d27660515665bad6923d38386b7f6917d10008b0	"a:[""مؤشر واحد يلخّص <b>متانة القراءة</b> بعد مرور كل الطبقات — يساعدك تعرف متى القراءة متماسكة ومتى تتحفّظ. ليس احتمال ربح ولا تنبؤًا مضمونًا."","	Candidate evidence only; manual verification required.
EVD-73bace812f15	LAYER_DISCOVERY	INFERRED_FROM_SOURCE	apps/admin-console/NDSP_Help_Center.html	NDSP_Help_Center.html	214	5236b64908677ab9fc750687d27660515665bad6923d38386b7f6917d10008b0	"""A single index summarizing the <b>robustness of a read</b> after all layers — helping you tell when a read is coherent and when to hold back. It's not a win probability or a guaranteed forecast.""]},"	Candidate evidence only; manual verification required.
EVD-c06cfc94a5d5	LAYER_DISCOVERY	INFERRED_FROM_SOURCE	apps/admin-console/NDSP_Help_Center.html	NDSP_Help_Center.html	322	5236b64908677ab9fc750687d27660515665bad6923d38386b7f6917d10008b0	"""ENGINE & GOVERNANCE"":""المحركات والحوكمة"",""Layer Governance"":""حوكمة الطبقات"",""NMP Research Lab"":""مختبر أبحاث NMP"","	Candidate evidence only; manual verification required.
EVD-6884ebf16447	LAYER_DISCOVERY	INFERRED_FROM_SOURCE	apps/admin-console/NDSP_Help_Center.html	NDSP_Help_Center.html	417	5236b64908677ab9fc750687d27660515665bad6923d38386b7f6917d10008b0	"[""Overview"",""Users"",""Trials"",""Registration Review"",""Packages"",""Payments"",""Layer Governance"",""NMP Research Lab"",""Health"",""Reports"",""Backups"",""نظرة عامة"",""المستخدمون"",""التجارب"",""الباقات"",""المدفوعات""].forEach(function(x){"	Candidate evidence only; manual verification required.
EVD-2987222fed77	LAYER_DISCOVERY	INFERRED_FROM_SOURCE	apps/admin-console/NDSP_Terms_Privacy.html	NDSP_Terms_Privacy.html	145	ee7b49a006c010a872becb3799eb7aee58229ed6c2f0a7a7717c8028f7f60ad1	"<p data-i=""privBanP"">نجمع <span class=""gold"">إشارات آمنة فقط</span> بالقدر اللازم لتشغيل المنصة وحماية المقاعد. لا نبيع بياناتك، ولا نعرض بيانات تشغيل محمية، ولا نكشف طرق الحساب الداخلية أو أسماء الطبقات أو البصمات المحمية. اعتمادات الدخول مجزّأة لا تُخزّن كنص.</p></div>"	Candidate evidence only; manual verification required.
EVD-b2073ffa2094	LAYER_DISCOVERY	INFERRED_FROM_SOURCE	apps/admin-console/NDSP_Terms_Privacy.html	NDSP_Terms_Privacy.html	184	ee7b49a006c010a872becb3799eb7aee58229ed6c2f0a7a7717c8028f7f60ad1	"[""المحرّك، الطبقات التحليلية الست عشرة، التصاميم، والعلامة (Hunter_KSA1) مملوكة لـ DSP ومحميّة. لا تُكشف طرق الحساب الداخلية أو المعاملات الداخلية أو أسماء الطبقات المخفية أو ترتيبها."",""The engine, the sixteen analytical layers, the designs, and the mark (Hunter_KSA1) are owned by DSP and protected. Internal methods, internal parameters, hidden layer names, and their order are never disclosed.""]]},"	Candidate evidence only; manual verification required.
EVD-98add7387b66	LAYER_DISCOVERY	INFERRED_FROM_SOURCE	apps/admin-console/NDSP_Terms_Privacy.html	NDSP_Terms_Privacy.html	195	ee7b49a006c010a872becb3799eb7aee58229ed6c2f0a7a7717c8028f7f60ad1	"[""لا تُعرض ولا تُسجَّل في الواجهة: <b>طرق الحساب الداخلية، المعاملات الداخلية، الدرجات الداخلية، أسماء الطبقات المخفية أو ترتيبها، والبصمات المحمية</b>."",""Never shown or logged in the frontend: <b>internal methods, internal parameters, internal scores, hidden layer names or their order, and protected fingerprints</b>.""],"	Candidate evidence only; manual verification required.
EVD-bfecfff5114c	LAYER_DISCOVERY	INFERRED_FROM_SOURCE	apps/admin-console/NDSP_Terms_Privacy.html	NDSP_Terms_Privacy.html	219	ee7b49a006c010a872becb3799eb7aee58229ed6c2f0a7a7717c8028f7f60ad1	"privBanP:""نجمع <span class='gold'>إشارات آمنة فقط</span> بالقدر اللازم لتشغيل المنصة وحماية المقاعد. لا نبيع بياناتك، ولا نعرض بيانات تشغيل محمية، ولا نكشف طرق الحساب الداخلية أو أسماء الطبقات أو البصمات المحمية. اعتمادات الدخول مجزّأة لا تُخزّن كنص."","	Candidate evidence only; manual verification required.
EVD-31ee177b7827	LAYER_DISCOVERY	INFERRED_FROM_SOURCE	apps/admin-console/NDSP_Terms_Privacy.html	NDSP_Terms_Privacy.html	230	ee7b49a006c010a872becb3799eb7aee58229ed6c2f0a7a7717c8028f7f60ad1	"privBanP:""We collect <span class='gold'>safe signals only</span>, to the extent needed to run the platform and protect seats. We don't sell your data, show any protecteds, or reveal internal methods, layer names, or protected fingerprints. Credentials are hashed, never stored as text."","	Candidate evidence only; manual verification required.
EVD-43cd18d13e6c	LAYER_DISCOVERY	INFERRED_FROM_SOURCE	apps/admin-console/NDSP_Terms_Privacy.html	NDSP_Terms_Privacy.html	287	ee7b49a006c010a872becb3799eb7aee58229ed6c2f0a7a7717c8028f7f60ad1	"""ENGINE & GOVERNANCE"":""المحركات والحوكمة"",""Layer Governance"":""حوكمة الطبقات"",""NMP Research Lab"":""مختبر أبحاث NMP"","	Candidate evidence only; manual verification required.
EVD-1d3d06a33303	LAYER_DISCOVERY	INFERRED_FROM_SOURCE	apps/admin-console/NDSP_Terms_Privacy.html	NDSP_Terms_Privacy.html	382	ee7b49a006c010a872becb3799eb7aee58229ed6c2f0a7a7717c8028f7f60ad1	"[""Overview"",""Users"",""Trials"",""Registration Review"",""Packages"",""Payments"",""Layer Governance"",""NMP Research Lab"",""Health"",""Reports"",""Backups"",""نظرة عامة"",""المستخدمون"",""التجارب"",""الباقات"",""المدفوعات""].forEach(function(x){"	Candidate evidence only; manual verification required.
EVD-80d4259780c6	LAYER_DISCOVERY	INFERRED_FROM_SOURCE	apps/admin-console/NMP_Research_Lab.html	NMP_Research_Lab.html	108	04f44c02c084e84f846e0d31a6fd51b055d8197fa3d14fe45b29a2e5d2bc802e	"""ENGINE & GOVERNANCE"":""المحركات والحوكمة"",""Layer Governance"":""حوكمة الطبقات"",""NMP Research Lab"":""مختبر أبحاث NMP"","	Candidate evidence only; manual verification required.
EVD-25b02b319d50	LAYER_DISCOVERY	INFERRED_FROM_SOURCE	apps/admin-console/NMP_Research_Lab.html	NMP_Research_Lab.html	203	04f44c02c084e84f846e0d31a6fd51b055d8197fa3d14fe45b29a2e5d2bc802e	"[""Overview"",""Users"",""Trials"",""Registration Review"",""Packages"",""Payments"",""Layer Governance"",""NMP Research Lab"",""Health"",""Reports"",""Backups"",""نظرة عامة"",""المستخدمون"",""التجارب"",""الباقات"",""المدفوعات""].forEach(function(x){"	Candidate evidence only; manual verification required.
EVD-ab27e04df923	LAYER_DISCOVERY	INFERRED_FROM_SOURCE	apps/admin-console/data/owner-layer-source-map.json	owner-layer-source-map.json	7	23577d6618e75c762e47078400fbeb8a48f0d2cea50611272cff2a18b4ad55ff	"""layers"": ["	Candidate evidence only; manual verification required.
EVD-2096a49e99d2	LAYER_DISCOVERY	INFERRED_FROM_SOURCE	apps/admin-console/data/owner-layer-source-map.json	owner-layer-source-map.json	18	23577d6618e75c762e47078400fbeb8a48f0d2cea50611272cff2a18b4ad55ff	"""file"": ""/home/nawaf511/empire-core-new/apps/ndsp-governance-bridge/layers/NDSP_OWNER_INTERNAL_16_LAYER_REGISTRY.md"","	Candidate evidence only; manual verification required.
EVD-083c75659b77	LAYER_DISCOVERY	INFERRED_FROM_SOURCE	apps/admin-console/data/owner-layer-source-map.json	owner-layer-source-map.json	21	23577d6618e75c762e47078400fbeb8a48f0d2cea50611272cff2a18b4ad55ff	"""ublic display. - Public API: sanitized unless an owner-internal route is used. ## Layers 1. Temporal Decision Logic / TDL / منطق البعد الزمني 2. Nawaf Meet Point / NMP / نقطة التقاء نواف 3. Devil's Advocate / محامي الشيطان 4. Nawaf Golden Alignment / إشارة نواف الذهبية 5. Data Freshness And Source Integrity / سلامة وحداثة البيانات 6. Live Market Feed Bridge / جسر الأسعار والب"","	Candidate evidence only; manual verification required.
EVD-6c890c0e364e	LAYER_DISCOVERY	INFERRED_FROM_SOURCE	apps/admin-console/data/owner-layer-source-map.json	owner-layer-source-map.json	22	23577d6618e75c762e47078400fbeb8a48f0d2cea50611272cff2a18b4ad55ff	"""ublic display. - Public API: sanitized unless an owner-internal route is used. ## Layers 1. Temporal Decision Logic / TDL / منطق البعد الزمني 2. Nawaf Meet Point / NMP / نقطة التقاء نواف 3. Devil's Advocate / محامي الشيطان 4. Nawaf Golden Alignment / إشارة نواف الذهبية 5. Data Freshness And Source Integrity / سلامة وحداثة البيانات 6. Live Market Feed Bridge / جسر الأسعار والب"","	Candidate evidence only; manual verification required.
EVD-43e7375cdc0e	LAYER_DISCOVERY	INFERRED_FROM_SOURCE	apps/admin-console/data/owner-layer-source-map.json	owner-layer-source-map.json	23	23577d6618e75c762e47078400fbeb8a48f0d2cea50611272cff2a18b4ad55ff	"""explicitly approved for public display. - Public API: sanitized unless an owner-internal route is used. ## Layers 1. Temporal Decision Logic / TDL / منطق البعد الزمني 2. Nawaf Meet Point / NMP / نقطة التقاء نواف 3. Devil's Advocate / محامي الشيطان 4. Nawaf Golden Alignment / إشارة نواف الذهبية 5. Data Freshness And Source Integrity / سلامة وحداثة البيانات 6. Live Market Feed"""	Candidate evidence only; manual verification required.
EVD-ddcf4faf47ef	LAYER_DISCOVERY	INFERRED_FROM_SOURCE	apps/admin-console/data/owner-layer-source-map.json	owner-layer-source-map.json	27	23577d6618e75c762e47078400fbeb8a48f0d2cea50611272cff2a18b4ad55ff	"""file"": ""/home/nawaf511/empire-core-new/apps/ndsp-governance-bridge/layers/NDSP_OWNER_INTERNAL_16_LAYER_REGISTRY.json"","	Candidate evidence only; manual verification required.
EVD-5fa8a335fca8	LAYER_DISCOVERY	INFERRED_FROM_SOURCE	apps/admin-console/data/owner-layer-source-map.json	owner-layer-source-map.json	30	23577d6618e75c762e47078400fbeb8a48f0d2cea50611272cff2a18b4ad55ff	"""y approved.\"", \""layers\"": [ { \""id\"": 1, \""internal_name\"": \""Temporal Decision Logic\"", \""short_name\"": \""TDL\"", \""arabic_name\"": \""منطق البعد الزمني\"", \""visibility\"": \""public_allowed_and_owner_internal\"", \""logic\"": \""Determines the governing temporal bias and separates short, medium, and long-horizon decision context.\"", \""primary_output\"": \""governing"","	Candidate evidence only; manual verification required.
EVD-d41ebdfe041e	LAYER_DISCOVERY	INFERRED_FROM_SOURCE	apps/admin-console/data/owner-layer-source-map.json	owner-layer-source-map.json	31	23577d6618e75c762e47078400fbeb8a48f0d2cea50611272cff2a18b4ad55ff	"""y approved.\"", \""layers\"": [ { \""id\"": 1, \""internal_name\"": \""Temporal Decision Logic\"", \""short_name\"": \""TDL\"", \""arabic_name\"": \""منطق البعد الزمني\"", \""visibility\"": \""public_allowed_and_owner_internal\"", \""logic\"": \""Determines the governing temporal bias and separates short, medium, and long-horizon decision context.\"", \""primary_output\"": \""governing"","	Candidate evidence only; manual verification required.
EVD-44d6d8fd1465	LAYER_DISCOVERY	INFERRED_FROM_SOURCE	apps/admin-console/data/owner-layer-source-map.json	owner-layer-source-map.json	32	23577d6618e75c762e47078400fbeb8a48f0d2cea50611272cff2a18b4ad55ff	"""till mask internal layer names unless explicitly approved.\"", \""layers\"": [ { \""id\"": 1, \""internal_name\"": \""Temporal Decision Logic\"", \""short_name\"": \""TDL\"", \""arabic_name\"": \""منطق البعد الزمني\"", \""visibility\"": \""public_allowed_and_owner_internal\"", \""logic\"": \""Determines the governing temporal bias and separates short, medium, and long-horizon decisio"""	Candidate evidence only; manual verification required.
EVD-242f6f5bfd7c	LAYER_DISCOVERY	INFERRED_FROM_SOURCE	apps/admin-console/data/owner-layer-source-map.json	owner-layer-source-map.json	36	23577d6618e75c762e47078400fbeb8a48f0d2cea50611272cff2a18b4ad55ff	"""file"": ""/home/nawaf511/empire-core-new/apps/ndsp-governance-bridge/NDSP_LAYER_VISIBILITY_OWNER_INTERNAL_POLICY.md"","	Candidate evidence only; manual verification required.
EVD-9976594fd8c9	LAYER_DISCOVERY	INFERRED_FROM_SOURCE	apps/admin-console/data/owner-layer-source-map.json	owner-layer-source-map.json	39	23577d6618e75c762e47078400fbeb8a48f0d2cea50611272cff2a18b4ad55ff	"""Hidden | Hidden | Hidden | ## Publicly Allowed Names These may remain visible in customer-facing UI when needed: 1. TDL / منطق البعد الزمني 2. NMP / نقطة التقاء نواف 3. Devil's Advocate / محامي الشيطان 4. Nawaf Golden Alignment / إشارة نواف الذهبية ## Owner Internal Rule All 16 internal layer names, logic descriptions, source file paths, and output mappings are allowed in"","	Candidate evidence only; manual verification required.
EVD-118ed5d7c620	LAYER_DISCOVERY	INFERRED_FROM_SOURCE	apps/admin-console/data/owner-layer-source-map.json	owner-layer-source-map.json	40	23577d6618e75c762e47078400fbeb8a48f0d2cea50611272cff2a18b4ad55ff	"""Hidden | Hidden | Hidden | ## Publicly Allowed Names These may remain visible in customer-facing UI when needed: 1. TDL / منطق البعد الزمني 2. NMP / نقطة التقاء نواف 3. Devil's Advocate / محامي الشيطان 4. Nawaf Golden Alignment / إشارة نواف الذهبية ## Owner Internal Rule All 16 internal layer names, logic descriptions, source file paths, and output mappings are allowed in"","	Candidate evidence only; manual verification required.
EVD-40792a37a805	LAYER_DISCOVERY	INFERRED_FROM_SOURCE	apps/admin-console/data/owner-layer-source-map.json	owner-layer-source-map.json	41	23577d6618e75c762e47078400fbeb8a48f0d2cea50611272cff2a18b4ad55ff	"""Hidden | ## Publicly Allowed Names These may remain visible in customer-facing UI when needed: 1. TDL / منطق البعد الزمني 2. NMP / نقطة التقاء نواف 3. Devil's Advocate / محامي الشيطان 4. Nawaf Golden Alignment / إشارة نواف الذهبية ## Owner Internal Rule All 16 internal layer names, logic descriptions, source file paths, and output mappings are allowed internally for verifi"""	Candidate evidence only; manual verification required.
EVD-f0bf39cb267c	LAYER_DISCOVERY	INFERRED_FROM_SOURCE	apps/admin-console/data/owner-layer-source-map.json	owner-layer-source-map.json	48	23577d6618e75c762e47078400fbeb8a48f0d2cea50611272cff2a18b4ad55ff	"""\"",\""5/wk\""],[\""١٥/يوم\"",\""15/day\""],[\""٢٥٠/يوم\"",\""250/day\""],[\""بالعقد\"",\""Contract\""]], [[\""الطبقات الظاهرة\"",\""Visible layers\""],\""—\"",\""TDL · NMP\"",\""×4\"",\""×4\""], [[\""تنبيهات\"",\""Alerts\""],[\""تنبيه واحد\"",\""1 alert\""],[\""أساسي\"",\""Basic\""],[\""تيليجرام\"",\""Telegram\""],[\""متعدد\"",\""Multi\""]], [[\""API\"",\""API\""],[\""لا\"",\""No\""],[\""لا\"",\""No\""],[\""لا\"",\""No\""],[\""نعم\"",\""Yes\""]], [[\""Webhooks\"",\""Webhooks\""],[\""لا\"",\""No\""],[\""لا\"",\""No\""],[\""لا\"",\""No"","	Candidate evidence only; manual verification required.
EVD-42ae92bdd7b8	LAYER_DISCOVERY	INFERRED_FROM_SOURCE	apps/admin-console/data/owner-layer-source-map.json	owner-layer-source-map.json	49	23577d6618e75c762e47078400fbeb8a48f0d2cea50611272cff2a18b4ad55ff	"""\"",\""5/wk\""],[\""١٥/يوم\"",\""15/day\""],[\""٢٥٠/يوم\"",\""250/day\""],[\""بالعقد\"",\""Contract\""]], [[\""الطبقات الظاهرة\"",\""Visible layers\""],\""—\"",\""TDL · NMP\"",\""×4\"",\""×4\""], [[\""تنبيهات\"",\""Alerts\""],[\""تنبيه واحد\"",\""1 alert\""],[\""أساسي\"",\""Basic\""],[\""تيليجرام\"",\""Telegram\""],[\""متعدد\"",\""Multi\""]], [[\""API\"",\""API\""],[\""لا\"",\""No\""],[\""لا\"",\""No\""],[\""لا\"",\""No\""],[\""نعم\"",\""Yes\""]], [[\""Webhooks\"",\""Webhooks\""],[\""لا\"",\""No\""],[\""لا\"",\""No\""],[\""لا\"",\""No"","	Candidate evidence only; manual verification required.
EVD-45fe97c4313c	LAYER_DISCOVERY	INFERRED_FROM_SOURCE	apps/admin-console/data/owner-layer-source-map.json	owner-layer-source-map.json	50	23577d6618e75c762e47078400fbeb8a48f0d2cea50611272cff2a18b4ad55ff	"""\""b-info\"",rejected:\""b-bad\"",expired:\""b-muted\"",refunded:\""b-blue\""}; const visLayers=[ {gl:\""gl-t\"",ic:\""◷\"",nm:[\""منطق البُعد الزمني\"",\""Timed Direction Logic\""],sub:\""TDL\"",st:\""b-ok\"",sl:[\""محكوم\"",\""Governed\""]}, {gl:\""gl-b\"",ic:\""⬡\"",nm:[\""نقطة التقاء نواف\"",\""Nawaf Meeting Point\""],sub:\""NMP\"",st:\""b-ok\"",sl:[\""محكوم\"",\""Governed\""]}, {gl:\""gl-r\"",ic:\""⚔\"",nm:[\""محامي الشيطان\"",\""Devil's Advocate\""],sub:\""DEVIL'S"""	Candidate evidence only; manual verification required.
EVD-2207e35fe9cf	LAYER_DISCOVERY	INFERRED_FROM_SOURCE	apps/admin-console/data/owner-layer-source-map.json	owner-layer-source-map.json	57	23577d6618e75c762e47078400fbeb8a48f0d2cea50611272cff2a18b4ad55ff	"""\"",\""5/wk\""],[\""١٥/يوم\"",\""15/day\""],[\""٢٥٠/يوم\"",\""250/day\""],[\""بالعقد\"",\""Contract\""]], [[\""الطبقات الظاهرة\"",\""Visible layers\""],\""—\"",\""TDL · NMP\"",\""×4\"",\""×4\""], [[\""تنبيهات\"",\""Alerts\""],[\""تنبيه واحد\"",\""1 alert\""],[\""أساسي\"",\""Basic\""],[\""تيليجرام\"",\""Telegram\""],[\""متعدد\"",\""Multi\""]], [[\""API\"",\""API\""],[\""لا\"",\""No\""],[\""لا\"",\""No\""],[\""لا\"",\""No\""],[\""نعم\"",\""Yes\""]], [[\""Webhooks\"",\""Webhooks\""],[\""لا\"",\""No\""],[\""لا\"",\""No\""],[\""لا\"",\""No"","	Candidate evidence only; manual verification required.
EVD-ccf16ed3f543	LAYER_DISCOVERY	INFERRED_FROM_SOURCE	apps/admin-console/data/owner-layer-source-map.json	owner-layer-source-map.json	58	23577d6618e75c762e47078400fbeb8a48f0d2cea50611272cff2a18b4ad55ff	"""\"",\""5/wk\""],[\""١٥/يوم\"",\""15/day\""],[\""٢٥٠/يوم\"",\""250/day\""],[\""بالعقد\"",\""Contract\""]], [[\""الطبقات الظاهرة\"",\""Visible layers\""],\""—\"",\""TDL · NMP\"",\""×4\"",\""×4\""], [[\""تنبيهات\"",\""Alerts\""],[\""تنبيه واحد\"",\""1 alert\""],[\""أساسي\"",\""Basic\""],[\""تيليجرام\"",\""Telegram\""],[\""متعدد\"",\""Multi\""]], [[\""API\"",\""API\""],[\""لا\"",\""No\""],[\""لا\"",\""No\""],[\""لا\"",\""No\""],[\""نعم\"",\""Yes\""]], [[\""Webhooks\"",\""Webhooks\""],[\""لا\"",\""No\""],[\""لا\"",\""No\""],[\""لا\"",\""No"","	Candidate evidence only; manual verification required.
EVD-df4a319de6a1	LAYER_DISCOVERY	INFERRED_FROM_SOURCE	apps/admin-console/data/owner-layer-source-map.json	owner-layer-source-map.json	59	23577d6618e75c762e47078400fbeb8a48f0d2cea50611272cff2a18b4ad55ff	"""\""b-info\"",rejected:\""b-bad\"",expired:\""b-muted\"",refunded:\""b-blue\""}; const visLayers=[ {gl:\""gl-t\"",ic:\""◷\"",nm:[\""منطق البُعد الزمني\"",\""Timed Direction Logic\""],sub:\""TDL\"",st:\""b-ok\"",sl:[\""محكوم\"",\""Governed\""]}, {gl:\""gl-b\"",ic:\""⬡\"",nm:[\""نقطة التقاء نواف\"",\""Nawaf Meeting Point\""],sub:\""NMP\"",st:\""b-ok\"",sl:[\""محكوم\"",\""Governed\""]}, {gl:\""gl-r\"",ic:\""⚔\"",nm:[\""محامي الشيطان\"",\""Devil's Advocate\""],sub:\""DEVIL'S"""	Candidate evidence only; manual verification required.
EVD-307b8409a821	LAYER_DISCOVERY	INFERRED_FROM_SOURCE	apps/admin-console/data/owner-layer-source-map.json	owner-layer-source-map.json	93	23577d6618e75c762e47078400fbeb8a48f0d2cea50611272cff2a18b4ad55ff	"""from pathlib import Path from typing import Any, Dict POLICY_PATH = Path(__file__).resolve().parents[2] / \""config\"" / \""tdl_v2_policy.json\"" DEFAULT_POLICY: Dict[str, Any] = { \""tdl_v2_enabled\"": True, \""timing_layer_enabled\"": True, \""timing_mode\"": \""control_days\"", \""mon_wed_controller\"": \""S\"", \""thu_fri_controller\"": \""L&M\"", \""sunday_mode\"": \""neutral_review\"", \""o"","	Candidate evidence only; manual verification required.
EVD-fcbb16d79a91	LAYER_DISCOVERY	INFERRED_FROM_SOURCE	apps/admin-console/index.html	index.html	120	29f3e8fa5505b4255196a2fc12649c895bd1d629049ee00295f4d3a4e8b88e57	/* layer governance */	Candidate evidence only; manual verification required.
EVD-b96ff2ddf421	LAYER_DISCOVERY	INFERRED_FROM_SOURCE	apps/admin-console/index.html	index.html	203	29f3e8fa5505b4255196a2fc12649c895bd1d629049ee00295f4d3a4e8b88e57	"<div class=""navitem"" data-v=""layers""><span class=""ic"">⬡</span><span data-i=""nLayers"">حوكمة الطبقات</span></div>"	Candidate evidence only; manual verification required.
EVD-34a6f50244f0	LAYER_DISCOVERY	INFERRED_FROM_SOURCE	apps/admin-console/index.html	index.html	242	29f3e8fa5505b4255196a2fc12649c895bd1d629049ee00295f4d3a4e8b88e57	"<div class=""card-h""><div class=""t""><span class=""ic"">⬡</span><span data-i=""layerStatus"">حالة حوكمة الطبقات</span></div></div>"	Candidate evidence only; manual verification required.
EVD-5d1a53335de7	LAYER_DISCOVERY	INFERRED_FROM_SOURCE	apps/admin-console/index.html	index.html	244	29f3e8fa5505b4255196a2fc12649c895bd1d629049ee00295f4d3a4e8b88e57	"<div class=""hcell""><div class=""k"" data-i=""lcTotal"">إجمالي الطبقات</div><div class=""v"">١٦</div><div class=""st""><span class=""badge b-info"" data-i=""lcActive"">كلها تشارك</span></div></div>"	Candidate evidence only; manual verification required.
EVD-7691e524da0d	LAYER_DISCOVERY	INFERRED_FROM_SOURCE	apps/admin-console/index.html	index.html	248	29f3e8fa5505b4255196a2fc12649c895bd1d629049ee00295f4d3a4e8b88e57	"<div class=""muted-note"" data-i=""layerNote""><b>قاعدة:</b> لا كشف للأسماء أو الترتيب أو طرق الحساب الداخلية أو المعاملات الداخلية. العرض = قيمة منقّحة فقط.</div>"	Candidate evidence only; manual verification required.
EVD-54327619ea39	LAYER_DISCOVERY	INFERRED_FROM_SOURCE	apps/admin-console/index.html	index.html	274	29f3e8fa5505b4255196a2fc12649c895bd1d629049ee00295f4d3a4e8b88e57	"""ENGINE & GOVERNANCE"":""المحركات والحوكمة"",""Layer Governance"":""حوكمة الطبقات"",""NMP Research Lab"":""مختبر أبحاث NMP"","	Candidate evidence only; manual verification required.
EVD-462db430673a	LAYER_DISCOVERY	INFERRED_FROM_SOURCE	apps/admin-console/index.html	index.html	369	29f3e8fa5505b4255196a2fc12649c895bd1d629049ee00295f4d3a4e8b88e57	"[""Overview"",""Users"",""Trials"",""Registration Review"",""Packages"",""Payments"",""Layer Governance"",""NMP Research Lab"",""Health"",""Reports"",""Backups"",""نظرة عامة"",""المستخدمون"",""التجارب"",""الباقات"",""المدفوعات""].forEach(function(x){"	Candidate evidence only; manual verification required.
EVD-096f61bd53d8	LAYER_DISCOVERY	INFERRED_FROM_SOURCE	apps/admin-console/index.html	index.html	935	29f3e8fa5505b4255196a2fc12649c895bd1d629049ee00295f4d3a4e8b88e57	<!-- ===== LAYER GOVERNANCE ===== -->	Candidate evidence only; manual verification required.
EVD-b7d640d7315e	LAYER_DISCOVERY	INFERRED_FROM_SOURCE	apps/admin-console/index.html	index.html	936	29f3e8fa5505b4255196a2fc12649c895bd1d629049ee00295f4d3a4e8b88e57	"<section class=""view"" data-view=""layers"">"	Candidate evidence only; manual verification required.
EVD-4bf4d007fa54	LAYER_DISCOVERY	INFERRED_FROM_SOURCE	apps/admin-console/index.html	index.html	939	29f3e8fa5505b4255196a2fc12649c895bd1d629049ee00295f4d3a4e8b88e57	"<div class=""card-h""><div class=""t""><span class=""ic"">⬡</span><span data-i=""visibleLayers"">الطبقات الأربع الظاهرة</span></div></div>"	Candidate evidence only; manual verification required.
EVD-f7ae604de4cc	LAYER_DISCOVERY	INFERRED_FROM_SOURCE	apps/admin-console/index.html	index.html	943	29f3e8fa5505b4255196a2fc12649c895bd1d629049ee00295f4d3a4e8b88e57	"<div class=""card-h""><div class=""t""><span class=""ic"">⛨</span><span data-i=""hiddenLayers"">الطبقات المخفية</span></div><span class=""tag"">PROTECTED</span></div>"	Candidate evidence only; manual verification required.
EVD-82fa984b8e54	LAYER_DISCOVERY	INFERRED_FROM_SOURCE	apps/admin-console/index.html	index.html	945	29f3e8fa5505b4255196a2fc12649c895bd1d629049ee00295f4d3a4e8b88e57	"<div class=""hidden-strip"" data-i=""hiddenStrip""><b>12 LAYERS · MASKED</b><br>تشارك في كل مخرجة دون كشف الأسماء أو الترتيب أو طرق الحساب الداخلية أو المعاملات الداخلية.</div>"	Candidate evidence only; manual verification required.
EVD-0fc5da7a429b	LAYER_DISCOVERY	INFERRED_FROM_SOURCE	apps/admin-console/index.html	index.html	1236	29f3e8fa5505b4255196a2fc12649c895bd1d629049ee00295f4d3a4e8b88e57	"<div class=""muted-note"" data-i=""analyticsNote"" style=""margin-top:16px""><b>الحوكمة:</b> إشارات UX آمنة فقط (مشاهدات، تنقّل، إكمال نماذج). لا كلمات مرور، لا بيانات تشغيل محمية، لا أسماء طبقات مخفية، لا بصمات خام معروضة.</div>"	Candidate evidence only; manual verification required.
EVD-1cc6f71c17b0	LAYER_DISCOVERY	INFERRED_FROM_SOURCE	apps/admin-console/index.html	index.html	1270	29f3e8fa5505b4255196a2fc12649c895bd1d629049ee00295f4d3a4e8b88e57	"nLayers:""حوكمة الطبقات"",nMarkets:""الأسواق والأصول"",nAlerts:""التنبيهات والإعدادات"",nHealth:""الصحة والنسخ"",nAnalytics:""تحليلات التجربة"",nSecurity:""الأمان والترجمة"","	Candidate evidence only; manual verification required.
EVD-92a9413a1cb0	LAYER_DISCOVERY	INFERRED_FROM_SOURCE	apps/admin-console/index.html	index.html	1274	29f3e8fa5505b4255196a2fc12649c895bd1d629049ee00295f4d3a4e8b88e57	"layerStatus:""حالة حوكمة الطبقات"",lcTotal:""إجمالي الطبقات"",lcActive:""كلها تشارك"",lcVisible:""ظاهرة بالاسم"",lcGoverned:""محكومة"",lcHidden:""مخفيّة"",lcProtected:""محميّة"","	Candidate evidence only; manual verification required.
EVD-a0afe74db2bb	LAYER_DISCOVERY	INFERRED_FROM_SOURCE	apps/admin-console/index.html	index.html	1275	29f3e8fa5505b4255196a2fc12649c895bd1d629049ee00295f4d3a4e8b88e57	"layerNote:""<b>قاعدة:</b> لا كشف للأسماء أو الترتيب أو طرق الحساب الداخلية أو المعاملات الداخلية. العرض = قيمة منقّحة فقط."","	Candidate evidence only; manual verification required.
EVD-f99cd6597535	LAYER_DISCOVERY	INFERRED_FROM_SOURCE	apps/admin-console/index.html	index.html	1289	29f3e8fa5505b4255196a2fc12649c895bd1d629049ee00295f4d3a4e8b88e57	"visibleLayers:""الطبقات الأربع الظاهرة"",hiddenLayers:""الطبقات المخفية"","	Candidate evidence only; manual verification required.
EVD-6b1216b6328e	LAYER_DISCOVERY	INFERRED_FROM_SOURCE	apps/admin-console/index.html	index.html	1290	29f3e8fa5505b4255196a2fc12649c895bd1d629049ee00295f4d3a4e8b88e57	"hiddenStrip:""<b>12 LAYERS · MASKED</b><br>تشارك في كل مخرجة دون كشف الأسماء أو الترتيب أو طرق الحساب الداخلية أو المعاملات الداخلية."","	Candidate evidence only; manual verification required.
EVD-a469dccdcb2e	LAYER_DISCOVERY	INFERRED_FROM_SOURCE	apps/admin-console/index.html	index.html	1297	29f3e8fa5505b4255196a2fc12649c895bd1d629049ee00295f4d3a4e8b88e57	"analyticsNote:""<b>الحوكمة:</b> إشارات UX آمنة فقط (مشاهدات، تنقّل، إكمال نماذج). لا كلمات مرور، لا بيانات تشغيل محمية، لا أسماء طبقات مخفية، لا بصمات خام معروضة."","	Candidate evidence only; manual verification required.
EVD-e5cd522781a7	LAYER_DISCOVERY	INFERRED_FROM_SOURCE	apps/admin-console/index.html	index.html	1300	29f3e8fa5505b4255196a2fc12649c895bd1d629049ee00295f4d3a4e8b88e57	"titles:{overview:[""نظرة عامة"",""مركز عمليات DSP — لوحة الحوكمة والتشغيل""],users:[""المستخدمون"",""إدارة الحسابات والباقات وأوضاع اللوحة""],trials:[""التجارب"",""متابعة تجارب الـ١٦ يومًا ونية الترقية""],review:[""مراجعة التسجيل"",""قرارات مكافحة الإساءة والمراجعة اليدوية""],packages:[""الباقات"",""حدود الباقات المفروضة من الخادم""],payments:[""المدفوعات"",""حالات الاشتراك والاعتماد اليدوي""],layers:[""حوكمة الطبقات"",""١٦ طبقة · ٤ ظاهرة · ١٢ محميّة""],markets:[""الأسواق والأصول"",""حالة المحرّك ومصدر البيانات والتدقيق""],alerts:[""التنبيهات والإعدادات"",""حالة القنوات — البيانات تشغيل محمية مقنّعة دائمًا""],health:[""الصحة والن"	Candidate evidence only; manual verification required.
EVD-48085ed3b070	LAYER_DISCOVERY	INFERRED_FROM_SOURCE	apps/admin-console/ndsp-hud-theme.js	ndsp-hud-theme.js	8	6f98b256a1e8662315d26a844b7915bee6b898ead4fa6067d799337647f3b776	"s.innerHTML='<div class=""in""><span class=""it""><span class=""dot""></span>'+(isAR?""الشبكة متصلة"":""GRID ONLINE"")+'</span><span class=""sep"">/</span><span class=""it"">'+(isAR?""الطبقات 16/16"":""LAYERS 16/16"")+'</span><span class=""sep hide-m"">/</span><span class=""it hide-m"">'+(isAR?""مخرجات محكومة"":""GOVERNED OUTPUT"")+'</span><span class=""it clock"" id=""ndspHudClock""></span></div>';"	Candidate evidence only; manual verification required.
EVD-650b2060758d	LAYER_DISCOVERY	INFERRED_FROM_SOURCE	apps/admin-console/ndsp-hud-theme.js	ndsp-hud-theme.js	14	6f98b256a1e8662315d26a844b7915bee6b898ead4fa6067d799337647f3b776	"var ns=document.querySelectorAll("".pkg,.seat-card,.prop,.card,.panel,.layer,.step,.opt,[data-hud]"");"	Candidate evidence only; manual verification required.
EVD-4bc062ff4c58	LAYER_DISCOVERY	INFERRED_FROM_SOURCE	apps/admin-console/owner-layers.html	owner-layers.html	6	d798d7b634e3726e01b50e9633af1213d4aa26ad7b005ca238d7aaa2e339a653	<title>طبقات NDSP الداخلية | Owner</title>	Candidate evidence only; manual verification required.
EVD-d20976921945	LAYER_DISCOVERY	INFERRED_FROM_SOURCE	apps/admin-console/owner-layers.html	owner-layers.html	43	d798d7b634e3726e01b50e9633af1213d4aa26ad7b005ca238d7aaa2e339a653	.metric,.layer{	Candidate evidence only; manual verification required.
EVD-418f291d5b0d	LAYER_DISCOVERY	INFERRED_FROM_SOURCE	apps/admin-console/owner-layers.html	owner-layers.html	53	d798d7b634e3726e01b50e9633af1213d4aa26ad7b005ca238d7aaa2e339a653	.layer{overflow:hidden}	Candidate evidence only; manual verification required.
EVD-b78f3b21814f	LAYER_DISCOVERY	INFERRED_FROM_SOURCE	apps/admin-console/owner-layers.html	owner-layers.html	99	d798d7b634e3726e01b50e9633af1213d4aa26ad7b005ca238d7aaa2e339a653	<h1>طبقات NDSP الداخلية — عرض المالك</h1>	Candidate evidence only; manual verification required.
EVD-3d46e401cc06	LAYER_DISCOVERY	INFERRED_FROM_SOURCE	apps/admin-console/owner-layers.html	owner-layers.html	100	d798d7b634e3726e01b50e9633af1213d4aa26ad7b005ca238d7aaa2e339a653	<p>هذه الصفحة تكشف أسماء الطبقات ومنطقها ومواقع الكود للمالك فقط. واجهة المستخدم العامة تبقى محجوبة الأسماء.</p>	Candidate evidence only; manual verification required.
EVD-a9e7c1ada202	LAYER_DISCOVERY	INFERRED_FROM_SOURCE	apps/admin-console/owner-layers.html	owner-layers.html	110	d798d7b634e3726e01b50e9633af1213d4aa26ad7b005ca238d7aaa2e339a653	"<div class=""metric""><div class=""label"">إجمالي الطبقات</div><div class=""value"" id=""total"">—</div></div>"	Candidate evidence only; manual verification required.
EVD-cd8406376e96	LAYER_DISCOVERY	INFERRED_FROM_SOURCE	apps/admin-console/owner-layers.html	owner-layers.html	115	d798d7b634e3726e01b50e9633af1213d4aa26ad7b005ca238d7aaa2e339a653	"<section class=""grid"" id=""layers""></section>"	Candidate evidence only; manual verification required.
EVD-4e86736bcdd3	LAYER_DISCOVERY	INFERRED_FROM_SOURCE	apps/admin-console/owner-layers.html	owner-layers.html	120	d798d7b634e3726e01b50e9633af1213d4aa26ad7b005ca238d7aaa2e339a653	const res = await fetch('/data/owner-layer-source-map.json?v=' + Date.now(), {cache:'no-store'});	Candidate evidence only; manual verification required.
EVD-eb95160cf90d	LAYER_DISCOVERY	INFERRED_FROM_SOURCE	apps/admin-console/owner-layers.html	owner-layers.html	123	d798d7b634e3726e01b50e9633af1213d4aa26ad7b005ca238d7aaa2e339a653	document.getElementById('total').textContent = data.summary.total_layers;	Candidate evidence only; manual verification required.
EVD-396d6343c607	LAYER_DISCOVERY	INFERRED_FROM_SOURCE	apps/admin-console/owner-layers.html	owner-layers.html	134	d798d7b634e3726e01b50e9633af1213d4aa26ad7b005ca238d7aaa2e339a653	document.getElementById('layers').innerHTML = data.layers.map(function(x){	Candidate evidence only; manual verification required.
EVD-f06514c50611	LAYER_DISCOVERY	INFERRED_FROM_SOURCE	apps/admin-console/owner-layers.html	owner-layers.html	149	d798d7b634e3726e01b50e9633af1213d4aa26ad7b005ca238d7aaa2e339a653	"<article class=""layer"">"	Candidate evidence only; manual verification required.
EVD-67bfec1cac72	LAYER_DISCOVERY	INFERRED_FROM_SOURCE	apps/admin-console/owner-layers.html	owner-layers.html	165	d798d7b634e3726e01b50e9633af1213d4aa26ad7b005ca238d7aaa2e339a653	<strong>منطق الطبقة</strong>	Candidate evidence only; manual verification required.
EVD-d01789c7bdd7	LAYER_DISCOVERY	INFERRED_FROM_SOURCE	apps/admin-console/owner-layers.html	owner-layers.html	176	d798d7b634e3726e01b50e9633af1213d4aa26ad7b005ca238d7aaa2e339a653	${files || '<span>لا يوجد ملف مطابق بالكلمات المفتاحية الحالية. يجب ربط هذه الطبقة صراحة في مجلد الطبقات.</span>'}	Candidate evidence only; manual verification required.
EVD-8ac201d82b04	LAYER_DISCOVERY	INFERRED_FROM_SOURCE	apps/admin-console/research/NMP_Research_Level.html	NMP_Research_Level.html	37	b03a1938c3c26221d448485f128ca2f86c57e0fbac2934f6d537dddd3c617d14	"""ENGINE & GOVERNANCE"":""المحركات والحوكمة"",""Layer Governance"":""حوكمة الطبقات"",""NMP Research Lab"":""مختبر أبحاث NMP"","	Candidate evidence only; manual verification required.
EVD-64291018e7d0	LAYER_DISCOVERY	INFERRED_FROM_SOURCE	apps/admin-console/research/NMP_Research_Level.html	NMP_Research_Level.html	132	b03a1938c3c26221d448485f128ca2f86c57e0fbac2934f6d537dddd3c617d14	"[""Overview"",""Users"",""Trials"",""Registration Review"",""Packages"",""Payments"",""Layer Governance"",""NMP Research Lab"",""Health"",""Reports"",""Backups"",""نظرة عامة"",""المستخدمون"",""التجارب"",""الباقات"",""المدفوعات""].forEach(function(x){"	Candidate evidence only; manual verification required.
EVD-0e93ca096a20	LAYER_DISCOVERY	INFERRED_FROM_SOURCE	apps/admin-console/research/TDL_Research_Lab.html	TDL_Research_Lab.html	53	caa934c838d7c24cee25584d69caef0543a3e7601a22b15165904c7f9c0ec2ff	"""ENGINE & GOVERNANCE"":""المحركات والحوكمة"",""Layer Governance"":""حوكمة الطبقات"",""NMP Research Lab"":""مختبر أبحاث NMP"","	Candidate evidence only; manual verification required.
EVD-c7f03d95c909	LAYER_DISCOVERY	INFERRED_FROM_SOURCE	apps/admin-console/research/TDL_Research_Lab.html	TDL_Research_Lab.html	148	caa934c838d7c24cee25584d69caef0543a3e7601a22b15165904c7f9c0ec2ff	"[""Overview"",""Users"",""Trials"",""Registration Review"",""Packages"",""Payments"",""Layer Governance"",""NMP Research Lab"",""Health"",""Reports"",""Backups"",""نظرة عامة"",""المستخدمون"",""التجارب"",""الباقات"",""المدفوعات""].forEach(function(x){"	Candidate evidence only; manual verification required.
EVD-493766202336	LAYER_DISCOVERY	INFERRED_FROM_SOURCE	apps/ndsp-governance-bridge/NDSP_LAYER_VISIBILITY_OWNER_INTERNAL_POLICY.json	NDSP_LAYER_VISIBILITY_OWNER_INTERNAL_POLICY.json	2	cf30d026fab41f2ed9fca85bb7364968e33eb446f4b2aa7b78a9166f3d4edf53	"""policy"": ""NDSP_LAYER_VISIBILITY_OWNER_INTERNAL_POLICY"","	Candidate evidence only; manual verification required.
EVD-b1ab0bc2f1d8	LAYER_DISCOVERY	INFERRED_FROM_SOURCE	apps/ndsp-governance-bridge/NDSP_LAYER_VISIBILITY_OWNER_INTERNAL_POLICY.json	NDSP_LAYER_VISIBILITY_OWNER_INTERNAL_POLICY.json	4	cf30d026fab41f2ed9fca85bb7364968e33eb446f4b2aa7b78a9166f3d4edf53	"""replaces"": ""NDSP_LAYER_NAME_MASKING_POLICY"","	Candidate evidence only; manual verification required.
EVD-749ecb966295	LAYER_DISCOVERY	INFERRED_FROM_SOURCE	apps/ndsp-governance-bridge/NDSP_LAYER_VISIBILITY_OWNER_INTERNAL_POLICY.json	NDSP_LAYER_VISIBILITY_OWNER_INTERNAL_POLICY.json	8	cf30d026fab41f2ed9fca85bb7364968e33eb446f4b2aa7b78a9166f3d4edf53	"""layers_folder_unmasked"": true,"	Candidate evidence only; manual verification required.
EVD-e2cc1c36983c	LAYER_DISCOVERY	INFERRED_FROM_SOURCE	apps/ndsp-governance-bridge/NDSP_LAYER_VISIBILITY_OWNER_INTERNAL_POLICY.json	NDSP_LAYER_VISIBILITY_OWNER_INTERNAL_POLICY.json	11	cf30d026fab41f2ed9fca85bb7364968e33eb446f4b2aa7b78a9166f3d4edf53	"""final_rule"": ""Layer names, logic, code paths, and raw mapping are visible internally to the owner. Public UI remains masked unless explicitly approved."""	Candidate evidence only; manual verification required.
EVD-94ad924dad8a	LAYER_DISCOVERY	DOCUMENTATION_ONLY	apps/ndsp-governance-bridge/NDSP_LAYER_VISIBILITY_OWNER_INTERNAL_POLICY.md	NDSP_LAYER_VISIBILITY_OWNER_INTERNAL_POLICY.md	1	20dd515b66b6c01913aefc2c0cc9722c9c1c04fcc3eb83f65245949b71c0397f	# NDSP Layer Visibility Policy — Owner Internal Unmasked / Public UI Masked	Candidate evidence only; manual verification required.
EVD-ed855e87607e	LAYER_DISCOVERY	DOCUMENTATION_ONLY	apps/ndsp-governance-bridge/NDSP_LAYER_VISIBILITY_OWNER_INTERNAL_POLICY.md	NDSP_LAYER_VISIBILITY_OWNER_INTERNAL_POLICY.md	5	20dd515b66b6c01913aefc2c0cc9722c9c1c04fcc3eb83f65245949b71c0397f	Authoritative replacement for the old global layer-name masking policy.	Candidate evidence only; manual verification required.
EVD-a52ebed0907b	LAYER_DISCOVERY	DOCUMENTATION_ONLY	apps/ndsp-governance-bridge/NDSP_LAYER_VISIBILITY_OWNER_INTERNAL_POLICY.md	NDSP_LAYER_VISIBILITY_OWNER_INTERNAL_POLICY.md	9	20dd515b66b6c01913aefc2c0cc9722c9c1c04fcc3eb83f65245949b71c0397f	Layer-name masking is no longer applied inside backend, layer folders, governance bridge, owner audit files, or admin/internal pages.	Candidate evidence only; manual verification required.
EVD-cc4961cc1d0f	LAYER_DISCOVERY	DOCUMENTATION_ONLY	apps/ndsp-governance-bridge/NDSP_LAYER_VISIBILITY_OWNER_INTERNAL_POLICY.md	NDSP_LAYER_VISIBILITY_OWNER_INTERNAL_POLICY.md	15	20dd515b66b6c01913aefc2c0cc9722c9c1c04fcc3eb83f65245949b71c0397f	| Surface | Layer Names | Layer Logic | Code Paths | Raw Mapping |	Candidate evidence only; manual verification required.
EVD-625c69b3087e	LAYER_DISCOVERY	DOCUMENTATION_ONLY	apps/ndsp-governance-bridge/NDSP_LAYER_VISIBILITY_OWNER_INTERNAL_POLICY.md	NDSP_LAYER_VISIBILITY_OWNER_INTERNAL_POLICY.md	18	20dd515b66b6c01913aefc2c0cc9722c9c1c04fcc3eb83f65245949b71c0397f	| Layer source folder | Visible | Visible | Visible | Visible |	Candidate evidence only; manual verification required.
EVD-c58e1a4f011f	LAYER_DISCOVERY	DOCUMENTATION_ONLY	apps/ndsp-governance-bridge/NDSP_LAYER_VISIBILITY_OWNER_INTERNAL_POLICY.md	NDSP_LAYER_VISIBILITY_OWNER_INTERNAL_POLICY.md	35	20dd515b66b6c01913aefc2c0cc9722c9c1c04fcc3eb83f65245949b71c0397f	All 16 internal layer names, logic descriptions, source file paths, and output mappings are allowed internally for verification and development.	Candidate evidence only; manual verification required.
EVD-575e9b7d45c0	LAYER_DISCOVERY	DOCUMENTATION_ONLY	apps/ndsp-governance-bridge/NDSP_LAYER_VISIBILITY_OWNER_INTERNAL_POLICY.md	NDSP_LAYER_VISIBILITY_OWNER_INTERNAL_POLICY.md	39	20dd515b66b6c01913aefc2c0cc9722c9c1c04fcc3eb83f65245949b71c0397f	Public UI may show rich outputs without exposing all internal layer names.	Candidate evidence only; manual verification required.
EVD-c3d0daeb7b5c	LAYER_DISCOVERY	DOCUMENTATION_ONLY	apps/ndsp-governance-bridge/NDSP_LAYER_VISIBILITY_OWNER_INTERNAL_POLICY.md	NDSP_LAYER_VISIBILITY_OWNER_INTERNAL_POLICY.md	43	20dd515b66b6c01913aefc2c0cc9722c9c1c04fcc3eb83f65245949b71c0397f	No backend censorship of layer names.	Candidate evidence only; manual verification required.
EVD-abcb35798e24	LAYER_DISCOVERY	DOCUMENTATION_ONLY	apps/ndsp-governance-bridge/NDSP_LAYER_VISIBILITY_OWNER_INTERNAL_POLICY.md	NDSP_LAYER_VISIBILITY_OWNER_INTERNAL_POLICY.md	44	20dd515b66b6c01913aefc2c0cc9722c9c1c04fcc3eb83f65245949b71c0397f	No layer-folder censorship.	Candidate evidence only; manual verification required.
EVD-efe3fe3f0c6d	LAYER_DISCOVERY	INFERRED_FROM_SOURCE	apps/ndsp-governance-bridge/layers/NDSP_OWNER_INTERNAL_16_LAYER_REGISTRY.json	NDSP_OWNER_INTERNAL_16_LAYER_REGISTRY.json	2	90a4f3c76f35e74ad3cc4df86088e58b17e70590d3617fbe6fe7c2230202eb3a	"""policy"": ""NDSP_OWNER_INTERNAL_16_LAYER_REGISTRY"","	Candidate evidence only; manual verification required.
EVD-b3a68520944f	LAYER_DISCOVERY	INFERRED_FROM_SOURCE	apps/ndsp-governance-bridge/layers/NDSP_OWNER_INTERNAL_16_LAYER_REGISTRY.json	NDSP_OWNER_INTERNAL_16_LAYER_REGISTRY.json	5	90a4f3c76f35e74ad3cc4df86088e58b17e70590d3617fbe6fe7c2230202eb3a	"""owner_backend_layers"": ""unmasked"","	Candidate evidence only; manual verification required.
EVD-e81300b78ff2	LAYER_DISCOVERY	INFERRED_FROM_SOURCE	apps/ndsp-governance-bridge/layers/NDSP_OWNER_INTERNAL_16_LAYER_REGISTRY.json	NDSP_OWNER_INTERNAL_16_LAYER_REGISTRY.json	8	90a4f3c76f35e74ad3cc4df86088e58b17e70590d3617fbe6fe7c2230202eb3a	"""layers_folder"": ""unmasked"","	Candidate evidence only; manual verification required.
EVD-5a11b4f2bf2b	LAYER_DISCOVERY	INFERRED_FROM_SOURCE	apps/ndsp-governance-bridge/layers/NDSP_OWNER_INTERNAL_16_LAYER_REGISTRY.json	NDSP_OWNER_INTERNAL_16_LAYER_REGISTRY.json	12	90a4f3c76f35e74ad3cc4df86088e58b17e70590d3617fbe6fe7c2230202eb3a	"""rule"": ""Layer names, logic, file paths, and source mapping are visible internally to the owner and admin audit. Public UI must still mask internal layer names unless explicitly approved."","	Candidate evidence only; manual verification required.
EVD-040689186241	LAYER_DISCOVERY	INFERRED_FROM_SOURCE	apps/ndsp-governance-bridge/layers/NDSP_OWNER_INTERNAL_16_LAYER_REGISTRY.json	NDSP_OWNER_INTERNAL_16_LAYER_REGISTRY.json	13	90a4f3c76f35e74ad3cc4df86088e58b17e70590d3617fbe6fe7c2230202eb3a	"""layers"": ["	Candidate evidence only; manual verification required.
EVD-2450c5270902	LAYER_DISCOVERY	INFERRED_FROM_SOURCE	apps/ndsp-governance-bridge/layers/NDSP_OWNER_INTERNAL_16_LAYER_REGISTRY.json	NDSP_OWNER_INTERNAL_16_LAYER_REGISTRY.json	47	90a4f3c76f35e74ad3cc4df86088e58b17e70590d3617fbe6fe7c2230202eb3a	"""logic"": ""Detects multi-layer agreement and publishes the golden alignment state when internal coherence is high."","	Candidate evidence only; manual verification required.
EVD-86f5a9d4b649	LAYER_DISCOVERY	DOCUMENTATION_ONLY	apps/ndsp-governance-bridge/layers/NDSP_OWNER_INTERNAL_16_LAYER_REGISTRY.md	NDSP_OWNER_INTERNAL_16_LAYER_REGISTRY.md	1	52648037362397556a800886514ced1585ac571eca21a820c61d745f75c9b386	# NDSP Owner Internal 16-Layer Registry	Candidate evidence only; manual verification required.
EVD-fd0cfae8a6c1	LAYER_DISCOVERY	DOCUMENTATION_ONLY	apps/ndsp-governance-bridge/layers/NDSP_OWNER_INTERNAL_16_LAYER_REGISTRY.md	NDSP_OWNER_INTERNAL_16_LAYER_REGISTRY.md	10	52648037362397556a800886514ced1585ac571eca21a820c61d745f75c9b386	- Layers folder: unmasked.	Candidate evidence only; manual verification required.
EVD-fcb97ce32a68	LAYER_DISCOVERY	DOCUMENTATION_ONLY	apps/ndsp-governance-bridge/layers/NDSP_OWNER_INTERNAL_16_LAYER_REGISTRY.md	NDSP_OWNER_INTERNAL_16_LAYER_REGISTRY.md	12	52648037362397556a800886514ced1585ac571eca21a820c61d745f75c9b386	- Public frontend: masked unless a layer is explicitly approved for public display.	Candidate evidence only; manual verification required.
EVD-b2fa6a734b63	LAYER_DISCOVERY	DOCUMENTATION_ONLY	apps/ndsp-governance-bridge/layers/NDSP_OWNER_INTERNAL_16_LAYER_REGISTRY.md	NDSP_OWNER_INTERNAL_16_LAYER_REGISTRY.md	15	52648037362397556a800886514ced1585ac571eca21a820c61d745f75c9b386	## Layers	Candidate evidence only; manual verification required.
EVD-67c3c29719ac	LAYER_DISCOVERY	DOCUMENTATION_ONLY	apps/ndsp-governance-bridge/layers/NDSP_OWNER_INTERNAL_16_LAYER_REGISTRY.md	NDSP_OWNER_INTERNAL_16_LAYER_REGISTRY.md	36	52648037362397556a800886514ced1585ac571eca21a820c61d745f75c9b386	The owner may see layer names, logic, code paths, source mapping, and outputs internally.	Candidate evidence only; manual verification required.
EVD-c46cd28207a1	LAYER_DISCOVERY	INFERRED_FROM_SOURCE	apps/ndsp-governance-bridge/policies/admin_snapshot/tdl_v2_policy_admin.py	tdl_v2_policy_admin.py	16	bd044be248c4958803b6612b4e8819226b38ef874255e02f56f132e1820eb380	timing_layer_enabled: Optional[bool] = None	Candidate evidence only; manual verification required.
EVD-a5cb11956829	LAYER_DISCOVERY	INFERRED_FROM_SOURCE	apps/ndsp-governance-bridge/policies/admin_snapshot/tdl_v2_policy_admin.py	tdl_v2_policy_admin.py	132	bd044be248c4958803b6612b4e8819226b38ef874255e02f56f132e1820eb380	def enable_timing_layer(	Candidate evidence only; manual verification required.
EVD-7acdc9f09a06	LAYER_DISCOVERY	INFERRED_FROM_SOURCE	apps/ndsp-governance-bridge/policies/admin_snapshot/tdl_v2_policy_admin.py	tdl_v2_policy_admin.py	141	bd044be248c4958803b6612b4e8819226b38ef874255e02f56f132e1820eb380	"{""timing_layer_enabled"": True, ""timing_mode"": ""control_days""},"	Candidate evidence only; manual verification required.
EVD-240e006c51cb	LAYER_DISCOVERY	INFERRED_FROM_SOURCE	apps/ndsp-governance-bridge/policies/admin_snapshot/tdl_v2_policy_admin.py	tdl_v2_policy_admin.py	148	bd044be248c4958803b6612b4e8819226b38ef874255e02f56f132e1820eb380	def disable_timing_layer(	Candidate evidence only; manual verification required.
EVD-2afb5440a6f2	LAYER_DISCOVERY	INFERRED_FROM_SOURCE	apps/ndsp-governance-bridge/policies/admin_snapshot/tdl_v2_policy_admin.py	tdl_v2_policy_admin.py	157	bd044be248c4958803b6612b4e8819226b38ef874255e02f56f132e1820eb380	"{""timing_layer_enabled"": False, ""timing_mode"": ""bypassed""},"	Candidate evidence only; manual verification required.
EVD-2d33f1baa95b	LAYER_DISCOVERY	INFERRED_FROM_SOURCE	apps/ndsp-governance-bridge/policies/governance_runtime.py	governance_runtime.py	28	6d0cf1c41dafa065f37d345f19c3808e316a5f4ebe6f6bb33a49547c6d524fa8	- Do not remove the evaluated layers.	Candidate evidence only; manual verification required.
EVD-bac1290e415b	LAYER_DISCOVERY	INFERRED_FROM_SOURCE	apps/ndsp-governance-bridge/policies/governance_runtime.py	governance_runtime.py	74	6d0cf1c41dafa065f37d345f19c3808e316a5f4ebe6f6bb33a49547c6d524fa8	"""all_layers_participating"": True,"	Candidate evidence only; manual verification required.
EVD-e958ae260e88	LAYER_DISCOVERY	INFERRED_FROM_SOURCE	apps/ndsp-governance-bridge/policies/governance_runtime.py	governance_runtime.py	84	6d0cf1c41dafa065f37d345f19c3808e316a5f4ebe6f6bb33a49547c6d524fa8	The goal is not to invent secret internals, but to preserve safe layer visibility.	Candidate evidence only; manual verification required.
EVD-bd0445584db8	LAYER_DISCOVERY	INFERRED_FROM_SOURCE	apps/ndsp-governance-bridge/policies/governance_runtime.py	governance_runtime.py	97	6d0cf1c41dafa065f37d345f19c3808e316a5f4ebe6f6bb33a49547c6d524fa8	"if not isinstance(intelligence.get(""black_layer""), dict):"	Candidate evidence only; manual verification required.
EVD-b391841ac1b1	LAYER_DISCOVERY	INFERRED_FROM_SOURCE	apps/ndsp-governance-bridge/policies/governance_runtime.py	governance_runtime.py	98	6d0cf1c41dafa065f37d345f19c3808e316a5f4ebe6f6bb33a49547c6d524fa8	"intelligence[""black_layer""] = {"	Candidate evidence only; manual verification required.
EVD-4b0120738dae	LAYER_DISCOVERY	INFERRED_FROM_SOURCE	apps/ndsp-governance-bridge/policies/governance_runtime.py	governance_runtime.py	137	6d0cf1c41dafa065f37d345f19c3808e316a5f4ebe6f6bb33a49547c6d524fa8	"risk[""reason""] = ""Execution wording sanitized; decision layers remain active."""	Candidate evidence only; manual verification required.
EVD-f84fe5e432cd	LAYER_DISCOVERY	INFERRED_FROM_SOURCE	apps/ndsp-governance-bridge/policies/governance_runtime.py	governance_runtime.py	157	6d0cf1c41dafa065f37d345f19c3808e316a5f4ebe6f6bb33a49547c6d524fa8	"risk.setdefault(""black_layer_role"", ""PROTECTIVE_CONTEXT_ONLY"")"	Candidate evidence only; manual verification required.
EVD-52dbf84822ff	LAYER_DISCOVERY	INFERRED_FROM_SOURCE	apps/ndsp-governance-bridge/policies/governance_runtime.py	governance_runtime.py	163	6d0cf1c41dafa065f37d345f19c3808e316a5f4ebe6f6bb33a49547c6d524fa8	def _restore_decision_from_layers_if_false_neutral(payload: Dict[str, Any]) -> Dict[str, Any]:	Candidate evidence only; manual verification required.
EVD-68880e6545df	LAYER_DISCOVERY	INFERRED_FROM_SOURCE	apps/ndsp-governance-bridge/policies/governance_runtime.py	governance_runtime.py	232	6d0cf1c41dafa065f37d345f19c3808e316a5f4ebe6f6bb33a49547c6d524fa8	No other layer may override the directional authority.	Candidate evidence only; manual verification required.
EVD-608fcc6b866d	LAYER_DISCOVERY	INFERRED_FROM_SOURCE	apps/ndsp-governance-bridge/policies/governance_runtime.py	governance_runtime.py	233	6d0cf1c41dafa065f37d345f19c3808e316a5f4ebe6f6bb33a49547c6d524fa8	Other layers may only affect confidence, risk, quality, and scenario.	Candidate evidence only; manual verification required.
EVD-fafd58b3e526	LAYER_DISCOVERY	INFERRED_FROM_SOURCE	apps/ndsp-governance-bridge/policies/governance_runtime.py	governance_runtime.py	303	6d0cf1c41dafa065f37d345f19c3808e316a5f4ebe6f6bb33a49547c6d524fa8	- All decision layers remain active and participating.	Candidate evidence only; manual verification required.
EVD-b29e92820287	LAYER_DISCOVERY	INFERRED_FROM_SOURCE	apps/ndsp-governance-bridge/policies/governance_runtime.py	governance_runtime.py	316	6d0cf1c41dafa065f37d345f19c3808e316a5f4ebe6f6bb33a49547c6d524fa8	payload = _restore_decision_from_layers_if_false_neutral(payload)	Candidate evidence only; manual verification required.
EVD-801d3952ebbb	LAYER_DISCOVERY	INFERRED_FROM_SOURCE	apps/ndsp-governance-bridge/policies/governance_runtime.py	governance_runtime.py	324	6d0cf1c41dafa065f37d345f19c3808e316a5f4ebe6f6bb33a49547c6d524fa8	"""all_layers_participating"": True,"	Candidate evidence only; manual verification required.
EVD-7c893b230db1	LAYER_DISCOVERY	INFERRED_FROM_SOURCE	apps/ndsp-governance-bridge/policies/governance_runtime.py	governance_runtime.py	340	6d0cf1c41dafa065f37d345f19c3808e316a5f4ebe6f6bb33a49547c6d524fa8	"explainability.setdefault(""summary"", ""NDSP evaluated the decision through governed layers."")"	Candidate evidence only; manual verification required.
EVD-2676bf48892f	LAYER_DISCOVERY	INFERRED_FROM_SOURCE	apps/ndsp-governance-bridge/policies/governance_runtime.py	governance_runtime.py	342	6d0cf1c41dafa065f37d345f19c3808e316a5f4ebe6f6bb33a49547c6d524fa8	"""All decision layers remain active; direct execution wording is sanitized for public output."""	Candidate evidence only; manual verification required.
EVD-5a9369bca409	LAYER_DISCOVERY	INFERRED_FROM_SOURCE	apps/ndsp-governance-bridge/policies/ndsp_governance_mode.py	ndsp_governance_mode.py	26	ba9d8ed21861a0f09c7666050fe99263af5edbd0b5ca8c61997d79bc80dfb3e3	"""all_layers_participate"": True,"	Candidate evidence only; manual verification required.
EVD-bdc708eadea0	LAYER_DISCOVERY	INFERRED_FROM_SOURCE	apps/ndsp-governance-bridge/policies/ndsp_governance_mode.py	ndsp_governance_mode.py	27	ba9d8ed21861a0f09c7666050fe99263af5edbd0b5ca8c61997d79bc80dfb3e3	"""no_layer_disabled"": True,"	Candidate evidence only; manual verification required.
EVD-9ff5aa14ac45	LAYER_DISCOVERY	INFERRED_FROM_SOURCE	apps/ndsp-governance-bridge/policies/ndsp_governance_mode.py	ndsp_governance_mode.py	29	ba9d8ed21861a0f09c7666050fe99263af5edbd0b5ca8c61997d79bc80dfb3e3	"""timing_layer_enabled"": True,"	Candidate evidence only; manual verification required.
EVD-8107b2fb8ff5	LAYER_DISCOVERY	INFERRED_FROM_SOURCE	apps/ndsp-governance-bridge/policies/ndsp_governance_mode.py	ndsp_governance_mode.py	76	ba9d8ed21861a0f09c7666050fe99263af5edbd0b5ca8c61997d79bc80dfb3e3	"""all_layers_participate"","	Candidate evidence only; manual verification required.
EVD-1353534f14d1	LAYER_DISCOVERY	INFERRED_FROM_SOURCE	apps/ndsp-governance-bridge/policies/ndsp_governance_mode.py	ndsp_governance_mode.py	77	ba9d8ed21861a0f09c7666050fe99263af5edbd0b5ca8c61997d79bc80dfb3e3	"""no_layer_disabled"","	Candidate evidence only; manual verification required.
EVD-43476863ac57	LAYER_DISCOVERY	INFERRED_FROM_SOURCE	apps/ndsp-governance-bridge/policies/ndsp_governance_mode.py	ndsp_governance_mode.py	79	ba9d8ed21861a0f09c7666050fe99263af5edbd0b5ca8c61997d79bc80dfb3e3	"""timing_layer_enabled"","	Candidate evidence only; manual verification required.
EVD-8011c3235445	LAYER_DISCOVERY	INFERRED_FROM_SOURCE	apps/ndsp-governance-bridge/policies/ndsp_governance_mode.py	ndsp_governance_mode.py	96	ba9d8ed21861a0f09c7666050fe99263af5edbd0b5ca8c61997d79bc80dfb3e3	"current[""all_layers_participate""] = True"	Candidate evidence only; manual verification required.
EVD-fb20bbe5d929	LAYER_DISCOVERY	INFERRED_FROM_SOURCE	apps/ndsp-governance-bridge/policies/ndsp_governance_mode.py	ndsp_governance_mode.py	97	ba9d8ed21861a0f09c7666050fe99263af5edbd0b5ca8c61997d79bc80dfb3e3	"current[""no_layer_disabled""] = True"	Candidate evidence only; manual verification required.
EVD-87f8e7d15d59	LAYER_DISCOVERY	INFERRED_FROM_SOURCE	apps/ndsp-governance-bridge/policies/ndsp_governance_mode.py	ndsp_governance_mode.py	113	ba9d8ed21861a0f09c7666050fe99263af5edbd0b5ca8c61997d79bc80dfb3e3	def set_timing_layer_enabled(enabled: bool) -> Dict[str, Any]:	Candidate evidence only; manual verification required.
EVD-0619fd390a13	LAYER_DISCOVERY	INFERRED_FROM_SOURCE	apps/ndsp-governance-bridge/policies/ndsp_governance_mode.py	ndsp_governance_mode.py	115	ba9d8ed21861a0f09c7666050fe99263af5edbd0b5ca8c61997d79bc80dfb3e3	"current[""timing_layer_enabled""] = bool(enabled)"	Candidate evidence only; manual verification required.
EVD-25394f021457	LAYER_DISCOVERY	INFERRED_FROM_SOURCE	apps/ndsp-governance-bridge/policies/ndsp_governance_mode.py	ndsp_governance_mode.py	128	ba9d8ed21861a0f09c7666050fe99263af5edbd0b5ca8c61997d79bc80dfb3e3	"""all_layers_participate"": True,"	Candidate evidence only; manual verification required.
EVD-2b8e0bcf23d9	LAYER_DISCOVERY	INFERRED_FROM_SOURCE	apps/ndsp-governance-bridge/policies/ndsp_governance_mode.py	ndsp_governance_mode.py	129	ba9d8ed21861a0f09c7666050fe99263af5edbd0b5ca8c61997d79bc80dfb3e3	"""no_layer_disabled"": True,"	Candidate evidence only; manual verification required.
EVD-5f677f635574	LAYER_DISCOVERY	INFERRED_FROM_SOURCE	apps/ndsp-governance-bridge/policies/ndsp_governance_mode.py	ndsp_governance_mode.py	131	ba9d8ed21861a0f09c7666050fe99263af5edbd0b5ca8c61997d79bc80dfb3e3	"""timing_layer_enabled"": bool(current.get(""timing_layer_enabled"", True)),"	Candidate evidence only; manual verification required.
EVD-faa27e366cee	LAYER_DISCOVERY	INFERRED_FROM_SOURCE	apps/ndsp-governance-bridge/policies/tdl_v2_policy.py	tdl_v2_policy.py	12	916fd5074c00ea149e418166b0700ca188d68f5f404bd18b839a63a2324aa3a7	"""timing_layer_enabled"": True,"	Candidate evidence only; manual verification required.
EVD-dbd893528c6c	LAYER_DISCOVERY	INFERRED_FROM_SOURCE	apps/ndsp-governance-bridge/policies/tdl_v2_policy.py	tdl_v2_policy.py	44	916fd5074c00ea149e418166b0700ca188d68f5f404bd18b839a63a2324aa3a7	"""timing_layer_enabled"","	Candidate evidence only; manual verification required.
EVD-a939793b5b80	LAYER_DISCOVERY	INFERRED_FROM_SOURCE	apps/ndsp-governance-bridge/policies/tdl_v2_policy.py	tdl_v2_policy.py	67	916fd5074c00ea149e418166b0700ca188d68f5f404bd18b839a63a2324aa3a7	"enabled = bool(policy.get(""timing_layer_enabled"", True))"	Candidate evidence only; manual verification required.
EVD-da140673e4eb	LAYER_DISCOVERY	INFERRED_FROM_SOURCE	apps/ndsp-governance-bridge/policies/tdl_v2_policy.py	tdl_v2_policy.py	73	916fd5074c00ea149e418166b0700ca188d68f5f404bd18b839a63a2324aa3a7	"""public_note"": ""Timing Control Layer is disabled by admin policy."""	Candidate evidence only; manual verification required.
EVD-66563970f060	LAYER_DISCOVERY	INFERRED_FROM_SOURCE	apps/ndsp-governance-bridge/policies/tdl_v2_policy.py	tdl_v2_policy.py	120	916fd5074c00ea149e418166b0700ca188d68f5f404bd18b839a63a2324aa3a7	Timing Authority Layer.	Candidate evidence only; manual verification required.
EVD-4dd6a0eb8e16	LAYER_DISCOVERY	INFERRED_FROM_SOURCE	apps/ndsp-governance-bridge/policies/tdl_v2_policy.py	tdl_v2_policy.py	145	916fd5074c00ea149e418166b0700ca188d68f5f404bd18b839a63a2324aa3a7	This layer determines directional authority only.	Candidate evidence only; manual verification required.
EVD-20058768f154	LAYER_DISCOVERY	INFERRED_FROM_SOURCE	apps/ndsp-governance-bridge/policies/tdl_v2_policy.py	tdl_v2_policy.py	150	916fd5074c00ea149e418166b0700ca188d68f5f404bd18b839a63a2324aa3a7	"enabled = bool(policy.get(""timing_layer_enabled"", True))"	Candidate evidence only; manual verification required.
EVD-c847cf2082fe	LAYER_DISCOVERY	INFERRED_FROM_SOURCE	apps/ndsp-governance-bridge/server.mjs	server.mjs	134	041d9658b559a57e3b337785eaab9a0c7f1ece280a37da8f3bd9fd61ec4abc1a	ALL_LAYERS_PARTICIPATE: true,	Candidate evidence only; manual verification required.
EVD-dfe13ae42144	LAYER_DISCOVERY	INFERRED_FROM_SOURCE	apps/ndsp-governance-bridge/server.mjs	server.mjs	135	041d9658b559a57e3b337785eaab9a0c7f1ece280a37da8f3bd9fd61ec4abc1a	NO_LAYER_DISABLED: true,	Candidate evidence only; manual verification required.
EVD-d69fd9596fa0	LAYER_DISCOVERY	INFERRED_FROM_SOURCE	apps/ndsp-governance-bridge/server.mjs	server.mjs	146	041d9658b559a57e3b337785eaab9a0c7f1ece280a37da8f3bd9fd61ec4abc1a	HIDDEN_LAYER_NAMES_EXPOSED: false	Candidate evidence only; manual verification required.
EVD-01bc27bea961	LAYER_DISCOVERY	INFERRED_FROM_SOURCE	apps/ndsp-governance-bridge/server.mjs	server.mjs	199	041d9658b559a57e3b337785eaab9a0c7f1ece280a37da8f3bd9fd61ec4abc1a	all_layers_participate: data.all_layers_participate !== false,	Candidate evidence only; manual verification required.
EVD-c5b096d7ea0e	LAYER_DISCOVERY	INFERRED_FROM_SOURCE	apps/ndsp-governance-bridge/server.mjs	server.mjs	200	041d9658b559a57e3b337785eaab9a0c7f1ece280a37da8f3bd9fd61ec4abc1a	no_layer_disabled: data.no_layer_disabled !== false,	Candidate evidence only; manual verification required.
EVD-947844ce86e3	LAYER_DISCOVERY	INFERRED_FROM_SOURCE	apps/ndsp-layers-api/app.py	app.py	14	d7f05bb3b4e23505240c66794b71ed8a93a7198d5e30baf0ee6d49011a537e69	"LAYERS_ROOT = Path(""/home/nawaf511/empire-core-new/backend/layers"")"	Candidate evidence only; manual verification required.
EVD-6958ad6acd5c	LAYER_DISCOVERY	INFERRED_FROM_SOURCE	apps/ndsp-layers-api/app.py	app.py	15	d7f05bb3b4e23505240c66794b71ed8a93a7198d5e30baf0ee6d49011a537e69	"ORCHESTRATOR = LAYERS_ROOT / ""layer_orchestrator.py"""	Candidate evidence only; manual verification required.
EVD-45aa4e214c46	LAYER_DISCOVERY	INFERRED_FROM_SOURCE	apps/ndsp-layers-api/app.py	app.py	26	d7f05bb3b4e23505240c66794b71ed8a93a7198d5e30baf0ee6d49011a537e69	"app = FastAPI(title=""NDSP Layers API"", version=""1.1.0-live-context"")"	Candidate evidence only; manual verification required.
EVD-195d80042b2c	LAYER_DISCOVERY	INFERRED_FROM_SOURCE	apps/ndsp-layers-api/app.py	app.py	37	d7f05bb3b4e23505240c66794b71ed8a93a7198d5e30baf0ee6d49011a537e69	class LayerPayload(BaseModel):	Candidate evidence only; manual verification required.
EVD-9c2ec09af2c7	LAYER_DISCOVERY	INFERRED_FROM_SOURCE	apps/ndsp-layers-api/app.py	app.py	74	d7f05bb3b4e23505240c66794b71ed8a93a7198d5e30baf0ee6d49011a537e69	"spec = importlib.util.spec_from_file_location(""ndsp_layer_orchestrator_api_runtime"", ORCHESTRATOR)"	Candidate evidence only; manual verification required.
EVD-80fb9e27dbe4	LAYER_DISCOVERY	INFERRED_FROM_SOURCE	apps/ndsp-layers-api/app.py	app.py	84	d7f05bb3b4e23505240c66794b71ed8a93a7198d5e30baf0ee6d49011a537e69	"req = urllib.request.Request(url, headers={""User-Agent"": ""NDSP-Layers-API/1.1""})"	Candidate evidence only; manual verification required.
EVD-a1690a5e5fff	LAYER_DISCOVERY	INFERRED_FROM_SOURCE	apps/ndsp-layers-api/app.py	app.py	269	d7f05bb3b4e23505240c66794b71ed8a93a7198d5e30baf0ee6d49011a537e69	# This does NOT claim raw COT exists; it only allows layers to reflect the governed live decision context.	Candidate evidence only; manual verification required.
EVD-c3efc325abf6	LAYER_DISCOVERY	INFERRED_FROM_SOURCE	apps/ndsp-layers-api/app.py	app.py	405	d7f05bb3b4e23505240c66794b71ed8a93a7198d5e30baf0ee6d49011a537e69	"@app.get(""/api/admin/layers/health"")"	Candidate evidence only; manual verification required.
EVD-bd5f37bb515e	LAYER_DISCOVERY	INFERRED_FROM_SOURCE	apps/ndsp-layers-api/app.py	app.py	409	d7f05bb3b4e23505240c66794b71ed8a93a7198d5e30baf0ee6d49011a537e69	"""service"": ""ndsp-layers-api"","	Candidate evidence only; manual verification required.
EVD-5375ac80af74	LAYER_DISCOVERY	INFERRED_FROM_SOURCE	apps/ndsp-layers-api/app.py	app.py	411	d7f05bb3b4e23505240c66794b71ed8a93a7198d5e30baf0ee6d49011a537e69	"""layers_root"": str(LAYERS_ROOT),"	Candidate evidence only; manual verification required.
EVD-3e9d28b5b04c	LAYER_DISCOVERY	INFERRED_FROM_SOURCE	apps/ndsp-layers-api/app.py	app.py	417	d7f05bb3b4e23505240c66794b71ed8a93a7198d5e30baf0ee6d49011a537e69	"@app.get(""/api/admin/layers/context"")"	Candidate evidence only; manual verification required.
EVD-e798a260c7d9	LAYER_DISCOVERY	INFERRED_FROM_SOURCE	apps/ndsp-layers-api/app.py	app.py	425	d7f05bb3b4e23505240c66794b71ed8a93a7198d5e30baf0ee6d49011a537e69	"@app.get(""/api/admin/layers/run"")"	Candidate evidence only; manual verification required.
EVD-b32031b809ff	LAYER_DISCOVERY	INFERRED_FROM_SOURCE	apps/ndsp-layers-api/app.py	app.py	426	d7f05bb3b4e23505240c66794b71ed8a93a7198d5e30baf0ee6d49011a537e69	"def run_layers_default(asset: str = Query(""GOLD"")) -> dict[str, Any]:"	Candidate evidence only; manual verification required.
EVD-6a7301d85eff	LAYER_DISCOVERY	INFERRED_FROM_SOURCE	apps/ndsp-layers-api/app.py	app.py	429	d7f05bb3b4e23505240c66794b71ed8a93a7198d5e30baf0ee6d49011a537e69	result = module.run_all_layers(payload)	Candidate evidence only; manual verification required.
EVD-8e819c41bf31	LAYER_DISCOVERY	INFERRED_FROM_SOURCE	apps/ndsp-layers-api/app.py	app.py	434	d7f05bb3b4e23505240c66794b71ed8a93a7198d5e30baf0ee6d49011a537e69	"@app.post(""/api/admin/layers/run"")"	Candidate evidence only; manual verification required.
EVD-0e5a364dd366	LAYER_DISCOVERY	INFERRED_FROM_SOURCE	apps/ndsp-layers-api/app.py	app.py	435	d7f05bb3b4e23505240c66794b71ed8a93a7198d5e30baf0ee6d49011a537e69	def run_layers(payload: LayerPayload) -> dict[str, Any]:	Candidate evidence only; manual verification required.
EVD-a037724773c5	LAYER_DISCOVERY	INFERRED_FROM_SOURCE	apps/ndsp-layers-api/app.py	app.py	440	d7f05bb3b4e23505240c66794b71ed8a93a7198d5e30baf0ee6d49011a537e69	result = module.run_all_layers(base)	Candidate evidence only; manual verification required.
EVD-232b0473bdc4	LAYER_DISCOVERY	INFERRED_FROM_SOURCE	apps/public-landing/ndsp-public-landing-remove-devil-only.css	ndsp-public-landing-remove-devil-only.css	1	f4c2c3179192c91d260f8ecc3d6061915ebe4698dabdf3e98200d48e0687dff0	/* Public landing only: remove Devil Advocate layer from ndsp.app landing. */	Candidate evidence only; manual verification required.
EVD-9bb964c06970	LAYER_DISCOVERY	INFERRED_FROM_SOURCE	apps/public-landing/ndsp-public-landing-remove-devil-only.css	ndsp-public-landing-remove-devil-only.css	4	f4c2c3179192c91d260f8ecc3d6061915ebe4698dabdf3e98200d48e0687dff0	"[data-ndsp-layer=""devil-advocate""] {"	Candidate evidence only; manual verification required.
EVD-720791e9135a	LAYER_DISCOVERY	INFERRED_FROM_SOURCE	apps/public-landing/ndsp-public-landing-remove-devil-only.js	ndsp-public-landing-remove-devil-only.js	8	26467e63a42f9e19615ac3e110b7c6971ab3fc8d1217e248e94cbd6f863470eb	"""[data-ndsp-layer='devil-advocate']"""	Candidate evidence only; manual verification required.
EVD-32454798b610	LAYER_DISCOVERY	INFERRED_FROM_SOURCE	backend/.env.example	.env.example	60	b3568d9f0d5500e6da46b044553b5827508c9a90fdfda670264c7862cf2a140c	ALL_LAYERS_PARTICIPATE=true	Candidate evidence only; manual verification required.
EVD-fd24b1a0cb25	LAYER_DISCOVERY	INFERRED_FROM_SOURCE	backend/.env.example	.env.example	61	b3568d9f0d5500e6da46b044553b5827508c9a90fdfda670264c7862cf2a140c	NO_LAYER_DISABLED=true	Candidate evidence only; manual verification required.
EVD-f13f248ab703	LAYER_DISCOVERY	INFERRED_FROM_SOURCE	backend/app/api/decision_quality_public.py	decision_quality_public.py	79	6378d022a9f9a4eec00c835b6f6998762d9838831f19d1b0872c610aa9a11006	r = compute_decision_quality(p, black_layer_penalty=0)	Candidate evidence only; manual verification required.
EVD-9da280c06cfc	LAYER_DISCOVERY	INFERRED_FROM_SOURCE	backend/app/api/decision_quality_public.py	decision_quality_public.py	131	6378d022a9f9a4eec00c835b6f6998762d9838831f19d1b0872c610aa9a11006	"""raw_layers_exposed"": False,"	Candidate evidence only; manual verification required.
EVD-2a323ea1814d	LAYER_DISCOVERY	INFERRED_FROM_SOURCE	backend/app/api/decision_quality_public.py	decision_quality_public.py	144	6378d022a9f9a4eec00c835b6f6998762d9838831f19d1b0872c610aa9a11006	"""raw_layers_exposed"": False,"	Candidate evidence only; manual verification required.
EVD-97d899f24c86	LAYER_DISCOVERY	INFERRED_FROM_SOURCE	backend/app/api/ndsp_public_quality_unique.py	ndsp_public_quality_unique.py	81	cbba098bb12a62bfb615523738f853d290a4fb58cab84225f090913b4474ccd9	result = compute_decision_quality(payload, black_layer_penalty=0)	Candidate evidence only; manual verification required.
EVD-c0d71d5e9755	LAYER_DISCOVERY	INFERRED_FROM_SOURCE	backend/app/api/ndsp_public_quality_unique.py	ndsp_public_quality_unique.py	112	cbba098bb12a62bfb615523738f853d290a4fb58cab84225f090913b4474ccd9	# هذا لا يكشف طبقات ولا أوزان، ويمنع سقوط العداد.	Candidate evidence only; manual verification required.
EVD-125c50a30a23	LAYER_DISCOVERY	INFERRED_FROM_SOURCE	backend/app/api/ndsp_public_quality_unique.py	ndsp_public_quality_unique.py	137	cbba098bb12a62bfb615523738f853d290a4fb58cab84225f090913b4474ccd9	"""raw_layers_exposed"": False,"	Candidate evidence only; manual verification required.
EVD-f1ad81a36b63	LAYER_DISCOVERY	INFERRED_FROM_SOURCE	backend/app/api/v1/frontend_contract.py	frontend_contract.py	180	d4d2bde00b9b1fbae357bfe6d7a05b2e10c79ef52f73e4180646a0581cbf71c9	"""named_layers"": [],"	Candidate evidence only; manual verification required.
EVD-3040954f5a4c	LAYER_DISCOVERY	INFERRED_FROM_SOURCE	backend/app/api/v1/frontend_contract.py	frontend_contract.py	189	d4d2bde00b9b1fbae357bfe6d7a05b2e10c79ef52f73e4180646a0581cbf71c9	"""named_layers"": [""TDL"", ""NMP""],"	Candidate evidence only; manual verification required.
EVD-75d345547ba0	LAYER_DISCOVERY	INFERRED_FROM_SOURCE	backend/app/api/v1/frontend_contract.py	frontend_contract.py	197	d4d2bde00b9b1fbae357bfe6d7a05b2e10c79ef52f73e4180646a0581cbf71c9	"""named_layers"": [""TDL"", ""NMP"", ""Devil's Advocate"", ""Nawaf Golden Alignment""],"	Candidate evidence only; manual verification required.
EVD-bc4ab7e243b6	LAYER_DISCOVERY	INFERRED_FROM_SOURCE	backend/app/api/v1/frontend_contract.py	frontend_contract.py	205	d4d2bde00b9b1fbae357bfe6d7a05b2e10c79ef52f73e4180646a0581cbf71c9	"""named_layers"": [""TDL"", ""NMP"", ""Devil's Advocate"", ""Nawaf Golden Alignment""],"	Candidate evidence only; manual verification required.
EVD-6742a15d6634	LAYER_DISCOVERY	INFERRED_FROM_SOURCE	backend/app/api/v1/frontend_contract.py	frontend_contract.py	220	d4d2bde00b9b1fbae357bfe6d7a05b2e10c79ef52f73e4180646a0581cbf71c9	"""named_layers"": [""TDL"", ""NMP"", ""Devil's Advocate"", ""Nawaf Golden Alignment""],"	Candidate evidence only; manual verification required.
EVD-615dab5c9b16	LAYER_DISCOVERY	INFERRED_FROM_SOURCE	backend/app/api/v1/frontend_contract.py	frontend_contract.py	459	d4d2bde00b9b1fbae357bfe6d7a05b2e10c79ef52f73e4180646a0581cbf71c9	"@router.get(""/admin/layers"")"	Candidate evidence only; manual verification required.
EVD-be652a25ef22	LAYER_DISCOVERY	INFERRED_FROM_SOURCE	backend/app/api/v1/frontend_contract.py	frontend_contract.py	460	d4d2bde00b9b1fbae357bfe6d7a05b2e10c79ef52f73e4180646a0581cbf71c9	async def admin_layers():	Candidate evidence only; manual verification required.
EVD-ceb0c3d1c191	LAYER_DISCOVERY	INFERRED_FROM_SOURCE	backend/app/core/market_positioning.py	market_positioning.py	5	1a45f9f3ae7c0902e94f0498ee2e96fd13f2ac45a1f8612011034750e8c559cf	- Keeps legacy/support imports working after moving layer logic.	Candidate evidence only; manual verification required.
EVD-14fcf50beabd	LAYER_DISCOVERY	INFERRED_FROM_SOURCE	backend/app/ndsp_governance/decision_output_policy.py	decision_output_policy.py	90	221137c80f8cdd1cab56c3c764b2af4ead978dc36d91b89bf8c21a6619f52b71	"re.compile(r""layer_sequence"", re.I),"	Candidate evidence only; manual verification required.
EVD-4e595646be83	LAYER_DISCOVERY	INFERRED_FROM_SOURCE	backend/app/ndsp_governance/decision_output_policy.py	decision_output_policy.py	124	221137c80f8cdd1cab56c3c764b2af4ead978dc36d91b89bf8c21a6619f52b71	def visible_layer_names(package: Any) -> List[str]:	Candidate evidence only; manual verification required.
EVD-b9180554d4c7	LAYER_DISCOVERY	INFERRED_FROM_SOURCE	backend/app/ndsp_governance/decision_output_policy.py	decision_output_policy.py	437	221137c80f8cdd1cab56c3c764b2af4ead978dc36d91b89bf8c21a6619f52b71	visible_names = visible_layer_names(plan)	Candidate evidence only; manual verification required.
EVD-ad6a3c9ef4b9	LAYER_DISCOVERY	INFERRED_FROM_SOURCE	backend/app/ndsp_governance/decision_output_policy.py	decision_output_policy.py	445	221137c80f8cdd1cab56c3c764b2af4ead978dc36d91b89bf8c21a6619f52b71	"""layer_name_visible"": tdl_name_visible,"	Candidate evidence only; manual verification required.
EVD-360ae4418366	LAYER_DISCOVERY	INFERRED_FROM_SOURCE	backend/app/ndsp_governance/decision_output_policy.py	decision_output_policy.py	446	221137c80f8cdd1cab56c3c764b2af4ead978dc36d91b89bf8c21a6619f52b71	"""layer_name"": ""TDL"" if tdl_name_visible else None,"	Candidate evidence only; manual verification required.
EVD-e935249d1092	LAYER_DISCOVERY	INFERRED_FROM_SOURCE	backend/app/ndsp_governance/decision_output_policy.py	decision_output_policy.py	447	221137c80f8cdd1cab56c3c764b2af4ead978dc36d91b89bf8c21a6619f52b71	"""layer_label"": ""TDL — منطق البعد الزمني"" if tdl_name_visible else None,"	Candidate evidence only; manual verification required.
EVD-1f6e1303edf9	LAYER_DISCOVERY	INFERRED_FROM_SOURCE	backend/app/ndsp_governance/decision_output_policy.py	decision_output_policy.py	507	221137c80f8cdd1cab56c3c764b2af4ead978dc36d91b89bf8c21a6619f52b71	def build_layer_outputs(data: Dict[str, Any], package: str) -> List[Dict[str, Any]]:	Candidate evidence only; manual verification required.
EVD-64a65050b705	LAYER_DISCOVERY	INFERRED_FROM_SOURCE	backend/app/ndsp_governance/decision_output_policy.py	decision_output_policy.py	508	221137c80f8cdd1cab56c3c764b2af4ead978dc36d91b89bf8c21a6619f52b71	visible = visible_layer_names(package)	Candidate evidence only; manual verification required.
EVD-182981fbf225	LAYER_DISCOVERY	INFERRED_FROM_SOURCE	backend/app/ndsp_governance/decision_output_policy.py	decision_output_policy.py	576	221137c80f8cdd1cab56c3c764b2af4ead978dc36d91b89bf8c21a6619f52b71	"""public_value"": sanitize_public_text(first_present(data, [""golden_alignment_summary"", ""alignment_quality""], ""حالة توافق سياقي داعمة دون كشف اسم الطبقة."")),"	Candidate evidence only; manual verification required.
EVD-00b9d7b18a6e	LAYER_DISCOVERY	INFERRED_FROM_SOURCE	backend/app/ndsp_governance/decision_output_policy.py	decision_output_policy.py	595	221137c80f8cdd1cab56c3c764b2af4ead978dc36d91b89bf8c21a6619f52b71	layer_outputs = build_layer_outputs(original, plan)	Candidate evidence only; manual verification required.
EVD-9b26e2ae38a6	LAYER_DISCOVERY	INFERRED_FROM_SOURCE	backend/app/ndsp_governance/decision_output_policy.py	decision_output_policy.py	629	221137c80f8cdd1cab56c3c764b2af4ead978dc36d91b89bf8c21a6619f52b71	"""layer_outputs"": layer_outputs,"	Candidate evidence only; manual verification required.
EVD-081a76a08e50	LAYER_DISCOVERY	INFERRED_FROM_SOURCE	backend/app/ndsp_governance/decision_output_policy.py	decision_output_policy.py	634	221137c80f8cdd1cab56c3c764b2af4ead978dc36d91b89bf8c21a6619f52b71	"""ALL_LAYERS_PARTICIPATE"": True,"	Candidate evidence only; manual verification required.
EVD-43410e9fee08	LAYER_DISCOVERY	INFERRED_FROM_SOURCE	backend/app/ndsp_governance/decision_output_policy.py	decision_output_policy.py	635	221137c80f8cdd1cab56c3c764b2af4ead978dc36d91b89bf8c21a6619f52b71	"""NO_LAYER_DISABLED"": True,"	Candidate evidence only; manual verification required.
EVD-732c43bcfa12	LAYER_DISCOVERY	INFERRED_FROM_SOURCE	backend/app/ndsp_governance/decision_output_policy.py	decision_output_policy.py	646	221137c80f8cdd1cab56c3c764b2af4ead978dc36d91b89bf8c21a6619f52b71	"""HIDDEN_LAYER_NAMES_EXPOSED"": False,"	Candidate evidence only; manual verification required.
EVD-825917a47c71	LAYER_DISCOVERY	INFERRED_FROM_SOURCE	backend/app/ndsp_governance/decision_output_policy.py	decision_output_policy.py	780	221137c80f8cdd1cab56c3c764b2af4ead978dc36d91b89bf8c21a6619f52b71	"""ALL_LAYERS_PARTICIPATE"","	Candidate evidence only; manual verification required.
EVD-9b61a4a343c5	LAYER_DISCOVERY	INFERRED_FROM_SOURCE	backend/app/ndsp_governance/decision_output_policy.py	decision_output_policy.py	781	221137c80f8cdd1cab56c3c764b2af4ead978dc36d91b89bf8c21a6619f52b71	"""NO_LAYER_DISABLED"","	Candidate evidence only; manual verification required.
EVD-7ebaa80164bb	LAYER_DISCOVERY	INFERRED_FROM_SOURCE	backend/app/ndsp_governance/decision_output_policy.py	decision_output_policy.py	792	221137c80f8cdd1cab56c3c764b2af4ead978dc36d91b89bf8c21a6619f52b71	"""HIDDEN_LAYER_NAMES_EXPOSED"","	Candidate evidence only; manual verification required.
EVD-5c06373e8639	LAYER_DISCOVERY	INFERRED_FROM_SOURCE	backend/app/ndsp_governance/decision_output_policy.py	decision_output_policy.py	800	221137c80f8cdd1cab56c3c764b2af4ead978dc36d91b89bf8c21a6619f52b71	"""layer_outputs"","	Candidate evidence only; manual verification required.
EVD-8be10362a274	LAYER_DISCOVERY	INFERRED_FROM_SOURCE	backend/app/ndsp_governance/decision_output_policy.py	decision_output_policy.py	826	221137c80f8cdd1cab56c3c764b2af4ead978dc36d91b89bf8c21a6619f52b71	"g[""ALL_LAYERS_PARTICIPATE""] = True"	Candidate evidence only; manual verification required.
EVD-96dde0db28b6	LAYER_DISCOVERY	INFERRED_FROM_SOURCE	backend/app/ndsp_governance/decision_output_policy.py	decision_output_policy.py	827	221137c80f8cdd1cab56c3c764b2af4ead978dc36d91b89bf8c21a6619f52b71	"g[""NO_LAYER_DISABLED""] = True"	Candidate evidence only; manual verification required.
EVD-25ec23f797e8	LAYER_DISCOVERY	INFERRED_FROM_SOURCE	backend/app/runtime/ndsp_quality_live_golden_wrapper.py	ndsp_quality_live_golden_wrapper.py	2	2e0333d65d952f96b67f5d331cfa566ff9289697c45e6e2050ffe49ab6cc0b79	from backend.layers.canonical_v1.runtime_bridge import run_canonical_layers, canonical_nmp_from_legacy, apply_canonical_golden	Candidate evidence only; manual verification required.
EVD-dbe7b56e2a37	LAYER_DISCOVERY	INFERRED_FROM_SOURCE	backend/app/runtime/ndsp_quality_live_golden_wrapper.py	ndsp_quality_live_golden_wrapper.py	197	2e0333d65d952f96b67f5d331cfa566ff9289697c45e6e2050ffe49ab6cc0b79	"""protected_layers_masked"": True,"	Candidate evidence only; manual verification required.
EVD-5ff9537487c4	LAYER_DISCOVERY	INFERRED_FROM_SOURCE	backend/app/runtime/ndsp_quality_live_golden_wrapper.py	ndsp_quality_live_golden_wrapper.py	229	2e0333d65d952f96b67f5d331cfa566ff9289697c45e6e2050ffe49ab6cc0b79	"explain[""protected_layers_masked""] = True"	Candidate evidence only; manual verification required.
EVD-6184776252b6	LAYER_DISCOVERY	INFERRED_FROM_SOURCE	backend/app/services/execution_webhook_bridge.py	execution_webhook_bridge.py	114	ee901b9efc467ec6666185c38132a8b5da7ed89670eea05027ef4e5d6fac4cf4	"""ndsp_layer"": ""layer-15-final-decision"","	Candidate evidence only; manual verification required.
EVD-9c5ad38531a9	LAYER_DISCOVERY	INFERRED_FROM_SOURCE	backend/app/support_layers/backtest/backtest_engine.py	backtest_engine.py	20	c7720804dc604851f92c042943493f005511aa49cd28e7d450835c5a8b6890df	from app.support_layers.quality.decision_quality_stack import DQSInput, DecisionQualityStack	Candidate evidence only; manual verification required.
EVD-02a6ec107cc6	LAYER_DISCOVERY	INFERRED_FROM_SOURCE	backend/app/support_layers/backtest/backtest_engine.py	backtest_engine.py	21	c7720804dc604851f92c042943493f005511aa49cd28e7d450835c5a8b6890df	from app.support_layers.scenario.scenario_engine import ScenarioEngine, ScenarioInput	Candidate evidence only; manual verification required.
EVD-c1a2f8172ab2	LAYER_DISCOVERY	INFERRED_FROM_SOURCE	backend/app/support_layers/backtest/backtest_engine.py	backtest_engine.py	79	c7720804dc604851f92c042943493f005511aa49cd28e7d450835c5a8b6890df	black_layer_penalty: float = 0.0,	Candidate evidence only; manual verification required.
EVD-ffa5a46d5a10	LAYER_DISCOVERY	INFERRED_FROM_SOURCE	backend/app/support_layers/backtest/backtest_engine.py	backtest_engine.py	103	c7720804dc604851f92c042943493f005511aa49cd28e7d450835c5a8b6890df	black_layer_penalty=black_layer_penalty,	Candidate evidence only; manual verification required.
EVD-c5bcb761c22e	LAYER_DISCOVERY	INFERRED_FROM_SOURCE	backend/app/support_layers/black_layer/__init__.py	__init__.py	2	bc34ed9a2af469e2c529e4f01b8eb32855826870fe9ab7faf51f91f359a0d383	NDSP Layer 12: risk shield	Candidate evidence only; manual verification required.
EVD-579c849ce8e6	LAYER_DISCOVERY	INFERRED_FROM_SOURCE	backend/app/support_layers/black_layer/__init__.py	__init__.py	24	bc34ed9a2af469e2c529e4f01b8eb32855826870fe9ab7faf51f91f359a0d383	class BlackLayerEvaluator:	Candidate evidence only; manual verification required.
EVD-91e8618f7a51	LAYER_DISCOVERY	INFERRED_FROM_SOURCE	backend/app/support_layers/black_layer/__init__.py	__init__.py	26	bc34ed9a2af469e2c529e4f01b8eb32855826870fe9ab7faf51f91f359a0d383	Layer 12: Risk escalation and protective blocking.	Candidate evidence only; manual verification required.
EVD-bf91fb4bdea1	LAYER_DISCOVERY	INFERRED_FROM_SOURCE	backend/app/support_layers/black_layer/__init__.py	__init__.py	107	bc34ed9a2af469e2c529e4f01b8eb32855826870fe9ab7faf51f91f359a0d383	"""black_layer_state"": ladder[""state""],"	Candidate evidence only; manual verification required.
EVD-68dadc83d55e	LAYER_DISCOVERY	INFERRED_FROM_SOURCE	backend/app/support_layers/black_layer/__init__.py	__init__.py	111	bc34ed9a2af469e2c529e4f01b8eb32855826870fe9ab7faf51f91f359a0d383	"""black_layer_penalty"": ladder[""confidence_penalty""],"	Candidate evidence only; manual verification required.
EVD-8538e527ec81	LAYER_DISCOVERY	INFERRED_FROM_SOURCE	backend/app/support_layers/black_layer/__init__.py	__init__.py	184	bc34ed9a2af469e2c529e4f01b8eb32855826870fe9ab7faf51f91f359a0d383	def evaluate_black_layer(*args: Any, **kwargs: Any) -> Dict[str, Any]:	Candidate evidence only; manual verification required.
EVD-d2264a87eef9	LAYER_DISCOVERY	INFERRED_FROM_SOURCE	backend/app/support_layers/black_layer/__init__.py	__init__.py	189	bc34ed9a2af469e2c529e4f01b8eb32855826870fe9ab7faf51f91f359a0d383	"- evaluate_black_layer([""flash_crash_signature""])"	Candidate evidence only; manual verification required.
EVD-3ee354374222	LAYER_DISCOVERY	INFERRED_FROM_SOURCE	backend/app/support_layers/black_layer/__init__.py	__init__.py	190	bc34ed9a2af469e2c529e4f01b8eb32855826870fe9ab7faf51f91f359a0d383	- evaluate_black_layer(momentum={...}, liquidity={...}, volatility={...}, zones={...})	Candidate evidence only; manual verification required.
EVD-03ccfe963cd1	LAYER_DISCOVERY	INFERRED_FROM_SOURCE	backend/app/support_layers/black_layer/__init__.py	__init__.py	191	bc34ed9a2af469e2c529e4f01b8eb32855826870fe9ab7faf51f91f359a0d383	- evaluate_black_layer(momentum, liquidity, volatility, zones)	Candidate evidence only; manual verification required.
EVD-519b9965ff27	LAYER_DISCOVERY	INFERRED_FROM_SOURCE	backend/app/support_layers/black_layer/__init__.py	__init__.py	194	bc34ed9a2af469e2c529e4f01b8eb32855826870fe9ab7faf51f91f359a0d383	return BlackLayerEvaluator.evaluate_by_triggers(args[0])	Candidate evidence only; manual verification required.
EVD-b4878ec5b05d	LAYER_DISCOVERY	INFERRED_FROM_SOURCE	backend/app/support_layers/black_layer/__init__.py	__init__.py	197	bc34ed9a2af469e2c529e4f01b8eb32855826870fe9ab7faf51f91f359a0d383	return BlackLayerEvaluator.evaluate_context(	Candidate evidence only; manual verification required.
EVD-fb85c1bfded6	LAYER_DISCOVERY	INFERRED_FROM_SOURCE	backend/app/support_layers/black_layer/__init__.py	__init__.py	206	bc34ed9a2af469e2c529e4f01b8eb32855826870fe9ab7faf51f91f359a0d383	"return BlackLayerEvaluator.evaluate_by_triggers(kwargs.get(""detected_anomalies""))"	Candidate evidence only; manual verification required.
EVD-8723d1f8784d	LAYER_DISCOVERY	INFERRED_FROM_SOURCE	backend/app/support_layers/black_layer/__init__.py	__init__.py	208	bc34ed9a2af469e2c529e4f01b8eb32855826870fe9ab7faf51f91f359a0d383	return BlackLayerEvaluator.evaluate_context(**kwargs)	Candidate evidence only; manual verification required.
EVD-7eddb27fdd45	LAYER_DISCOVERY	INFERRED_FROM_SOURCE	backend/app/support_layers/black_layer/__init__.py	__init__.py	212	bc34ed9a2af469e2c529e4f01b8eb32855826870fe9ab7faf51f91f359a0d383	"""BlackLayerEvaluator"","	Candidate evidence only; manual verification required.
EVD-fa599aa8175b	LAYER_DISCOVERY	INFERRED_FROM_SOURCE	backend/app/support_layers/black_layer/__init__.py	__init__.py	213	bc34ed9a2af469e2c529e4f01b8eb32855826870fe9ab7faf51f91f359a0d383	"""evaluate_black_layer"","	Candidate evidence only; manual verification required.
EVD-0362d75d85ce	LAYER_DISCOVERY	INFERRED_FROM_SOURCE	backend/app/support_layers/black_layer/black_layer_engine.py	black_layer_engine.py	10	5f723e269c04140b6f53897adef3b1a79366a69ec82355c62e38757fcb494893	- This package exists at app.core.black_layer.black_layer_engine.	Candidate evidence only; manual verification required.
EVD-5362b80cf677	LAYER_DISCOVERY	INFERRED_FROM_SOURCE	backend/app/support_layers/black_layer/black_layer_engine.py	black_layer_engine.py	11	5f723e269c04140b6f53897adef3b1a79366a69ec82355c62e38757fcb494893	- It is intentionally simple and can coexist with app.core.black_layer_engine.	Candidate evidence only; manual verification required.
EVD-5df8dd558c3a	LAYER_DISCOVERY	INFERRED_FROM_SOURCE	backend/app/support_layers/black_layer/black_layer_engine.py	black_layer_engine.py	48	5f723e269c04140b6f53897adef3b1a79366a69ec82355c62e38757fcb494893	class BlackLayerEngine:	Candidate evidence only; manual verification required.
EVD-58961cd850c1	LAYER_DISCOVERY	INFERRED_FROM_SOURCE	backend/app/support_layers/black_layer/black_layer_engine.py	black_layer_engine.py	242	5f723e269c04140b6f53897adef3b1a79366a69ec82355c62e38757fcb494893	def black_layer_quality_effect_from_state(state: dict[str, Any]) -> dict[str, float]:	Candidate evidence only; manual verification required.
EVD-7fba956338cc	LAYER_DISCOVERY	INFERRED_FROM_SOURCE	backend/app/support_layers/black_layer/black_layer_engine.py	black_layer_engine.py	255	5f723e269c04140b6f53897adef3b1a79366a69ec82355c62e38757fcb494893	"return {""black_layer_penalty"": 0.0}"	Candidate evidence only; manual verification required.
EVD-c83b64d648ca	LAYER_DISCOVERY	INFERRED_FROM_SOURCE	backend/app/support_layers/black_layer/black_layer_engine.py	black_layer_engine.py	258	5f723e269c04140b6f53897adef3b1a79366a69ec82355c62e38757fcb494893	"return {""black_layer_penalty"": 0.35}"	Candidate evidence only; manual verification required.
EVD-3d3460ec370c	LAYER_DISCOVERY	INFERRED_FROM_SOURCE	backend/app/support_layers/black_layer/black_layer_engine.py	black_layer_engine.py	260	5f723e269c04140b6f53897adef3b1a79366a69ec82355c62e38757fcb494893	"return {""black_layer_penalty"": 1.0}"	Candidate evidence only; manual verification required.
EVD-235ca144998c	LAYER_DISCOVERY	INFERRED_FROM_SOURCE	backend/app/support_layers/black_layer/test_black_layer.py	test_black_layer.py	3	3acccef0ac5ab537d65aa42d77fbf7ac3ca7634e793ef359a15acd0944d6fa0a	from app.support_layers.black_layer.black_layer_engine import (	Candidate evidence only; manual verification required.
EVD-fabf94865359	LAYER_DISCOVERY	INFERRED_FROM_SOURCE	backend/app/support_layers/black_layer/test_black_layer.py	test_black_layer.py	4	3acccef0ac5ab537d65aa42d77fbf7ac3ca7634e793ef359a15acd0944d6fa0a	BlackLayerEngine,	Candidate evidence only; manual verification required.
EVD-214ac799d1a0	LAYER_DISCOVERY	INFERRED_FROM_SOURCE	backend/app/support_layers/black_layer/test_black_layer.py	test_black_layer.py	7	3acccef0ac5ab537d65aa42d77fbf7ac3ca7634e793ef359a15acd0944d6fa0a	black_layer_quality_effect_from_state,	Candidate evidence only; manual verification required.
EVD-1f23912d9a7a	LAYER_DISCOVERY	INFERRED_FROM_SOURCE	backend/app/support_layers/black_layer/test_black_layer.py	test_black_layer.py	11	3acccef0ac5ab537d65aa42d77fbf7ac3ca7634e793ef359a15acd0944d6fa0a	class TestBlackLayer(unittest.TestCase):	Candidate evidence only; manual verification required.
EVD-1514b8e6bcbf	LAYER_DISCOVERY	INFERRED_FROM_SOURCE	backend/app/support_layers/black_layer/test_black_layer.py	test_black_layer.py	13	3acccef0ac5ab537d65aa42d77fbf7ac3ca7634e793ef359a15acd0944d6fa0a	self.engine = BlackLayerEngine()	Candidate evidence only; manual verification required.
EVD-ef3cd4f84f24	LAYER_DISCOVERY	INFERRED_FROM_SOURCE	backend/app/support_layers/black_layer/test_black_layer.py	test_black_layer.py	88	3acccef0ac5ab537d65aa42d77fbf7ac3ca7634e793ef359a15acd0944d6fa0a	"self.assertEqual(black_layer_quality_effect_from_state(clear), {""black_layer_penalty"": 0.0})"	Candidate evidence only; manual verification required.
EVD-983771ee9a10	LAYER_DISCOVERY	INFERRED_FROM_SOURCE	backend/app/support_layers/black_layer/test_black_layer.py	test_black_layer.py	89	3acccef0ac5ab537d65aa42d77fbf7ac3ca7634e793ef359a15acd0944d6fa0a	"self.assertEqual(black_layer_quality_effect_from_state(caution), {""black_layer_penalty"": 0.35})"	Candidate evidence only; manual verification required.
EVD-220666b12cdd	LAYER_DISCOVERY	INFERRED_FROM_SOURCE	backend/app/support_layers/black_layer/test_black_layer.py	test_black_layer.py	90	3acccef0ac5ab537d65aa42d77fbf7ac3ca7634e793ef359a15acd0944d6fa0a	"self.assertEqual(black_layer_quality_effect_from_state(block), {""black_layer_penalty"": 1.0})"	Candidate evidence only; manual verification required.
EVD-bdf35c2a13fe	LAYER_DISCOVERY	INFERRED_FROM_SOURCE	backend/app/support_layers/black_layer/test_black_layer.py	test_black_layer.py	91	3acccef0ac5ab537d65aa42d77fbf7ac3ca7634e793ef359a15acd0944d6fa0a	"self.assertEqual(black_layer_quality_effect_from_state(kill), {""black_layer_penalty"": 1.0})"	Candidate evidence only; manual verification required.
EVD-e0fb67971a86	LAYER_DISCOVERY	INFERRED_FROM_SOURCE	backend/app/support_layers/cot/cftc_auto_provider.py	cftc_auto_provider.py	15	6a4740c2939dced4c1484d288105365b1a486a02a2d1c27c67dcb5537ba98da3	from app.support_layers.cot.cot_storage import CotStorage	Candidate evidence only; manual verification required.
EVD-eb3be62f353f	LAYER_DISCOVERY	INFERRED_FROM_SOURCE	backend/app/support_layers/cot/cot_asset_mapper.py	cot_asset_mapper.py	3	f2bb86e2c3a29db77585a49bae5b880b3a7e0965c2d70a7c95955a84f0cc30db	from app.support_layers.cot.cot_contracts import CotAssetClass, CotAssetMapping, CotReportFamily	Candidate evidence only; manual verification required.
EVD-6d48e60d8577	LAYER_DISCOVERY	INFERRED_FROM_SOURCE	backend/app/support_layers/cot/cot_engine.py	cot_engine.py	3	2daad9ef23b669af23e08be9058465f8b5176c4cd27d625361db11eca6a5c7dd	from app.support_layers.cot.cot_asset_mapper import resolve_cot_asset_mapping	Candidate evidence only; manual verification required.
EVD-00581678352f	LAYER_DISCOVERY	INFERRED_FROM_SOURCE	backend/app/support_layers/cot/cot_engine.py	cot_engine.py	4	2daad9ef23b669af23e08be9058465f8b5176c4cd27d625361db11eca6a5c7dd	from app.support_layers.cot.cot_contracts import (	Candidate evidence only; manual verification required.
EVD-462329e1248c	LAYER_DISCOVERY	INFERRED_FROM_SOURCE	backend/app/support_layers/cot/cot_storage.py	cot_storage.py	18	7dd89dc532adb630bf9f791e52e49d22b70ce6f3e63128b238c37524342c7d30	from app.support_layers.cot.cot_asset_mapper import normalize_symbol, resolve_cot_asset_mapping	Candidate evidence only; manual verification required.
EVD-87980560f512	LAYER_DISCOVERY	INFERRED_FROM_SOURCE	backend/app/support_layers/cot/cot_storage.py	cot_storage.py	19	7dd89dc532adb630bf9f791e52e49d22b70ce6f3e63128b238c37524342c7d30	from app.support_layers.cot.cot_contracts import CotCategoryPosition, CotSnapshot	Candidate evidence only; manual verification required.
EVD-5bcf12f2e863	LAYER_DISCOVERY	INFERRED_FROM_SOURCE	backend/app/support_layers/cot/manual_cot_provider.py	manual_cot_provider.py	3	33ba87c07c87cf0e3943b16f8347eac61ba51b420bb6d13c33bc1a7bed05445c	from app.support_layers.cot.cot_asset_mapper import normalize_symbol, resolve_cot_asset_mapping	Candidate evidence only; manual verification required.
EVD-5ccd6f736450	LAYER_DISCOVERY	INFERRED_FROM_SOURCE	backend/app/support_layers/cot/manual_cot_provider.py	manual_cot_provider.py	4	33ba87c07c87cf0e3943b16f8347eac61ba51b420bb6d13c33bc1a7bed05445c	from app.support_layers.cot.cot_contracts import CotCategoryPosition, CotSnapshot	Candidate evidence only; manual verification required.
EVD-a1e115aa23ca	LAYER_DISCOVERY	INFERRED_FROM_SOURCE	backend/app/support_layers/cot/test_cot_spine.py	test_cot_spine.py	3	28047cc729a68fbd716532d34d254fb0c4337498134322642fe47cafacaf36c0	from app.support_layers.cot.cot_asset_mapper import resolve_cot_asset_mapping	Candidate evidence only; manual verification required.
EVD-387a2aa0bf65	LAYER_DISCOVERY	INFERRED_FROM_SOURCE	backend/app/support_layers/cot/test_cot_spine.py	test_cot_spine.py	4	28047cc729a68fbd716532d34d254fb0c4337498134322642fe47cafacaf36c0	from app.support_layers.cot.cot_contracts import CotReportFamily, CotDirection	Candidate evidence only; manual verification required.
EVD-ebacfbf5de7b	LAYER_DISCOVERY	INFERRED_FROM_SOURCE	backend/app/support_layers/cot/test_cot_spine.py	test_cot_spine.py	5	28047cc729a68fbd716532d34d254fb0c4337498134322642fe47cafacaf36c0	from app.support_layers.cot.cot_engine import CotIntelligenceEngine	Candidate evidence only; manual verification required.
EVD-21e677a84400	LAYER_DISCOVERY	INFERRED_FROM_SOURCE	backend/app/support_layers/cot/test_cot_spine.py	test_cot_spine.py	6	28047cc729a68fbd716532d34d254fb0c4337498134322642fe47cafacaf36c0	from app.support_layers.cot.manual_cot_provider import seed_demo_provider	Candidate evidence only; manual verification required.
EVD-2f9b4a33ed36	LAYER_DISCOVERY	INFERRED_FROM_SOURCE	backend/app/support_layers/cot/test_cot_v6_1_storage.py	test_cot_v6_1_storage.py	5	6156af5143e16eebf49df509fd95c9ca3c8db341d36484c89d72b6b9c9d8f02d	from app.support_layers.cot.cftc_auto_provider import CftcAutoProvider	Candidate evidence only; manual verification required.
EVD-49e4c7c4ebfe	LAYER_DISCOVERY	INFERRED_FROM_SOURCE	backend/app/support_layers/cot/test_cot_v6_1_storage.py	test_cot_v6_1_storage.py	6	6156af5143e16eebf49df509fd95c9ca3c8db341d36484c89d72b6b9c9d8f02d	from app.support_layers.cot.cot_engine import CotIntelligenceEngine	Candidate evidence only; manual verification required.
EVD-6d5ab25e4359	LAYER_DISCOVERY	INFERRED_FROM_SOURCE	backend/app/support_layers/cot/test_cot_v6_1_storage.py	test_cot_v6_1_storage.py	7	6156af5143e16eebf49df509fd95c9ca3c8db341d36484c89d72b6b9c9d8f02d	from app.support_layers.cot.cot_storage import CotStorage	Candidate evidence only; manual verification required.
EVD-8eb1c482010f	LAYER_DISCOVERY	INFERRED_FROM_SOURCE	backend/app/support_layers/delivery/ndsp_delivery_interfaces.py	ndsp_delivery_interfaces.py	12	d0c154ed308dda8cb09876dccb5b78752441629e62ad063c08779714cab00c7a	from app.support_layers.delivery.ndsp_env_compat import (	Candidate evidence only; manual verification required.
EVD-90122e730b13	LAYER_DISCOVERY	INFERRED_FROM_SOURCE	backend/app/support_layers/delivery/ndsp_delivery_interfaces.py	ndsp_delivery_interfaces.py	25	d0c154ed308dda8cb09876dccb5b78752441629e62ad063c08779714cab00c7a	from app.support_layers.delivery.ndsp_delivery_settings import get_channel_enabled	Candidate evidence only; manual verification required.
EVD-3d3c932dbbe9	LAYER_DISCOVERY	INFERRED_FROM_SOURCE	backend/app/support_layers/macro/macro_logic.py	macro_logic.py	22	81992f04f63b8ee9bc30ecce5d3b7717866b8309663d35e12156596a54cf3048	from app.support_layers.macro.consensus_provider import MacroConsensus, MacroEventType	Candidate evidence only; manual verification required.
EVD-3dce67e26d9b	LAYER_DISCOVERY	INFERRED_FROM_SOURCE	backend/app/support_layers/macro/test_macro_logic.py	test_macro_logic.py	3	bef5559fec3185f7218176b2efd24035549fae40e390a9365a4e94e896fb01d7	from app.support_layers.macro.consensus_provider import (	Candidate evidence only; manual verification required.
EVD-f0c5b5aaddd0	LAYER_DISCOVERY	INFERRED_FROM_SOURCE	backend/app/support_layers/macro/test_macro_logic.py	test_macro_logic.py	8	bef5559fec3185f7218176b2efd24035549fae40e390a9365a4e94e896fb01d7	from app.support_layers.macro.macro_logic import (	Candidate evidence only; manual verification required.
EVD-0f48bf798291	LAYER_DISCOVERY	INFERRED_FROM_SOURCE	backend/app/support_layers/quality/decision_quality_stack.py	decision_quality_stack.py	50	bf173d2931da605f001d11284a180d820891f26369bfd1bb3c67ae24728564ff	black_layer_penalty: float = 0.0	Candidate evidence only; manual verification required.
EVD-1a677c5003a2	LAYER_DISCOVERY	INFERRED_FROM_SOURCE	backend/app/support_layers/quality/decision_quality_stack.py	decision_quality_stack.py	79	bf173d2931da605f001d11284a180d820891f26369bfd1bb3c67ae24728564ff	- black_layer_penalty is normalized 0.0..1.0 and subtracts up to 30	Candidate evidence only; manual verification required.
EVD-7ff37dd49ed1	LAYER_DISCOVERY	INFERRED_FROM_SOURCE	backend/app/support_layers/quality/decision_quality_stack.py	decision_quality_stack.py	84	bf173d2931da605f001d11284a180d820891f26369bfd1bb3c67ae24728564ff	BLACK_LAYER_WEIGHT = 30.0	Candidate evidence only; manual verification required.
EVD-8c9373de8418	LAYER_DISCOVERY	INFERRED_FROM_SOURCE	backend/app/support_layers/quality/decision_quality_stack.py	decision_quality_stack.py	114	bf173d2931da605f001d11284a180d820891f26369bfd1bb3c67ae24728564ff	black_penalty = self._clamp_penalty(inp.black_layer_penalty)	Candidate evidence only; manual verification required.
EVD-824218254e4b	LAYER_DISCOVERY	INFERRED_FROM_SOURCE	backend/app/support_layers/quality/decision_quality_stack.py	decision_quality_stack.py	119	bf173d2931da605f001d11284a180d820891f26369bfd1bb3c67ae24728564ff	black_contribution = -(black_penalty * self.BLACK_LAYER_WEIGHT)	Candidate evidence only; manual verification required.
EVD-83dcd83b2485	LAYER_DISCOVERY	INFERRED_FROM_SOURCE	backend/app/support_layers/quality/decision_quality_stack.py	decision_quality_stack.py	161	bf173d2931da605f001d11284a180d820891f26369bfd1bb3c67ae24728564ff	"""black_layer_penalty"": black_penalty,"	Candidate evidence only; manual verification required.
EVD-bcee80d12ec2	LAYER_DISCOVERY	INFERRED_FROM_SOURCE	backend/app/support_layers/quality/decision_quality_stack.py	decision_quality_stack.py	162	bf173d2931da605f001d11284a180d820891f26369bfd1bb3c67ae24728564ff	"""black_layer_weight"": self.BLACK_LAYER_WEIGHT,"	Candidate evidence only; manual verification required.
EVD-24076c450768	LAYER_DISCOVERY	INFERRED_FROM_SOURCE	backend/app/support_layers/quality/decision_quality_stack.py	decision_quality_stack.py	163	bf173d2931da605f001d11284a180d820891f26369bfd1bb3c67ae24728564ff	"""black_layer_contribution"": round(black_contribution, 4),"	Candidate evidence only; manual verification required.
EVD-45193953f272	LAYER_DISCOVERY	INFERRED_FROM_SOURCE	backend/app/support_layers/quality/decision_quality_stack.py	decision_quality_stack.py	190	bf173d2931da605f001d11284a180d820891f26369bfd1bb3c67ae24728564ff	black_layer_penalty: float = 0.0,	Candidate evidence only; manual verification required.
EVD-8df3d6d8a96a	LAYER_DISCOVERY	INFERRED_FROM_SOURCE	backend/app/support_layers/quality/decision_quality_stack.py	decision_quality_stack.py	202	bf173d2931da605f001d11284a180d820891f26369bfd1bb3c67ae24728564ff	black_layer_penalty=black_layer_penalty,	Candidate evidence only; manual verification required.
EVD-711e1c8e6442	LAYER_DISCOVERY	INFERRED_FROM_SOURCE	backend/app/support_layers/quality/test_integration_dqs.py	test_integration_dqs.py	3	3fae7507c101ee91af50d55d4c3c217b29b22d56b929747f742e79bc1eef7cef	from app.support_layers.quality.decision_quality_stack import (	Candidate evidence only; manual verification required.
EVD-01501c7f01ed	LAYER_DISCOVERY	INFERRED_FROM_SOURCE	backend/app/support_layers/quality/test_integration_dqs.py	test_integration_dqs.py	19	3fae7507c101ee91af50d55d4c3c217b29b22d56b929747f742e79bc1eef7cef	black_layer_penalty=0.0,	Candidate evidence only; manual verification required.
EVD-c48f5b1d7aae	LAYER_DISCOVERY	INFERRED_FROM_SOURCE	backend/app/support_layers/quality/test_integration_dqs.py	test_integration_dqs.py	36	3fae7507c101ee91af50d55d4c3c217b29b22d56b929747f742e79bc1eef7cef	black_layer_penalty=1.0,	Candidate evidence only; manual verification required.
EVD-7d395807e346	LAYER_DISCOVERY	INFERRED_FROM_SOURCE	backend/app/support_layers/quality/test_integration_dqs.py	test_integration_dqs.py	53	3fae7507c101ee91af50d55d4c3c217b29b22d56b929747f742e79bc1eef7cef	black_layer_penalty=1.0,	Candidate evidence only; manual verification required.
EVD-891ad543d65f	LAYER_DISCOVERY	INFERRED_FROM_SOURCE	backend/app/support_layers/quality/test_integration_dqs.py	test_integration_dqs.py	68	3fae7507c101ee91af50d55d4c3c217b29b22d56b929747f742e79bc1eef7cef	black_layer_penalty=0.35,	Candidate evidence only; manual verification required.
EVD-ae4fe10508f0	LAYER_DISCOVERY	INFERRED_FROM_SOURCE	backend/app/support_layers/quality/test_integration_dqs.py	test_integration_dqs.py	84	3fae7507c101ee91af50d55d4c3c217b29b22d56b929747f742e79bc1eef7cef	black_layer_penalty=0,	Candidate evidence only; manual verification required.
EVD-579db1d2f0a8	LAYER_DISCOVERY	INFERRED_FROM_SOURCE	backend/app/support_layers/quality/test_integration_dqs.py	test_integration_dqs.py	90	3fae7507c101ee91af50d55d4c3c217b29b22d56b929747f742e79bc1eef7cef	black_layer_penalty=0,	Candidate evidence only; manual verification required.
EVD-360e06162bf3	LAYER_DISCOVERY	INFERRED_FROM_SOURCE	backend/app/support_layers/quality/test_integration_dqs.py	test_integration_dqs.py	100	3fae7507c101ee91af50d55d4c3c217b29b22d56b929747f742e79bc1eef7cef	black_layer_penalty=0,	Candidate evidence only; manual verification required.
EVD-667f594bdeb8	LAYER_DISCOVERY	INFERRED_FROM_SOURCE	backend/app/support_layers/quality/test_integration_dqs.py	test_integration_dqs.py	110	3fae7507c101ee91af50d55d4c3c217b29b22d56b929747f742e79bc1eef7cef	black_layer_penalty=1.0,	Candidate evidence only; manual verification required.
EVD-bc5b9bdc16ca	LAYER_DISCOVERY	INFERRED_FROM_SOURCE	backend/app/support_layers/quality/test_integration_dqs.py	test_integration_dqs.py	120	3fae7507c101ee91af50d55d4c3c217b29b22d56b929747f742e79bc1eef7cef	black_layer_penalty=0,	Candidate evidence only; manual verification required.
EVD-ab27bdbbff9b	LAYER_DISCOVERY	INFERRED_FROM_SOURCE	backend/app/support_layers/scenario/scenario_engine.py	scenario_engine.py	2	8ef29aa4f4b074a36d50665196b30feaa6fd7e89203cb6be5b57457da049c88c	NDSP Layer 16: Scenario & Explainability Engine	Candidate evidence only; manual verification required.
EVD-ac47d78cbec3	LAYER_DISCOVERY	INFERRED_FROM_SOURCE	backend/app/support_layers/scenario/scenario_engine.py	scenario_engine.py	17	8ef29aa4f4b074a36d50665196b30feaa6fd7e89203cb6be5b57457da049c88c	- Does not expose internal sensitive layer logic to public/user outputs.	Candidate evidence only; manual verification required.
EVD-d39832986ce1	LAYER_DISCOVERY	INFERRED_FROM_SOURCE	backend/app/support_layers/scenario/scenario_engine.py	scenario_engine.py	19	8ef29aa4f4b074a36d50665196b30feaa6fd7e89203cb6be5b57457da049c88c	This layer is a post-decision consumer. It must never become a source for	Candidate evidence only; manual verification required.
EVD-3fc809e141af	LAYER_DISCOVERY	INFERRED_FROM_SOURCE	backend/app/support_layers/scenario/scenario_engine.py	scenario_engine.py	60	8ef29aa4f4b074a36d50665196b30feaa6fd7e89203cb6be5b57457da049c88c	Layer 16 Narrative Engine.	Candidate evidence only; manual verification required.
EVD-7e2bc3459e1d	LAYER_DISCOVERY	INFERRED_FROM_SOURCE	backend/app/support_layers/scenario/scenario_engine.py	scenario_engine.py	169	8ef29aa4f4b074a36d50665196b30feaa6fd7e89203cb6be5b57457da049c88c	"cloned[""scenario_layer_contract""] = {"	Candidate evidence only; manual verification required.
EVD-8d71360792f8	LAYER_DISCOVERY	INFERRED_FROM_SOURCE	backend/app/support_layers/scenario/scenario_engine.py	scenario_engine.py	170	8ef29aa4f4b074a36d50665196b30feaa6fd7e89203cb6be5b57457da049c88c	"""layer"": ""scenario_explainability"","	Candidate evidence only; manual verification required.
EVD-fa41e002aad1	LAYER_DISCOVERY	INFERRED_FROM_SOURCE	backend/app/support_layers/scenario/scenario_engine.py	scenario_engine.py	186	8ef29aa4f4b074a36d50665196b30feaa6fd7e89203cb6be5b57457da049c88c	Verify that Layer 16 did not mutate the decision contract.	Candidate evidence only; manual verification required.
EVD-495fa85cd022	LAYER_DISCOVERY	DOCUMENTATION_ONLY	backend/architecture/NDSP_CORE_SERVICES_RELEASE_STATUS.md	NDSP_CORE_SERVICES_RELEASE_STATUS.md	55	a26b4055b58620363caddf3ef4e41fa0cb6f333949bb3535483ad9c45e327254	The core service layer is now ready for the next phase: production rollout checks, CI review, and controlled deployment.	Candidate evidence only; manual verification required.
EVD-b104fa89e054	LAYER_DISCOVERY	DOCUMENTATION_ONLY	backend/architecture/SECURITY_MODEL.md	SECURITY_MODEL.md	7	3eeab89dc246b698524f2b81dca64ec2f7a2bd62176b5fb078e4a52bceed78a9	- Only approved public layer names may appear.	Candidate evidence only; manual verification required.
EVD-d2cb0d367ce3	LAYER_DISCOVERY	DOCUMENTATION_ONLY	backend/architecture/SYSTEM_ARCHITECTURE.md	SYSTEM_ARCHITECTURE.md	5	ad56a736ae9b1448d40f1e3b73b34cdd6e0a8ab5332c3fff41a4f804dd62b23f	## Architectural Layers	Candidate evidence only; manual verification required.
EVD-1f83527a38f7	LAYER_DISCOVERY	DOCUMENTATION_ONLY	backend/architecture/contracts/ENG-001-FRAMEWORK-CONTRACT.md	ENG-001-FRAMEWORK-CONTRACT.md	5	974f33e2830b19882215ed549c9106d4216e8eae3a34deb3822c1891b2e76e1b	Provide a shared service bootstrap layer for all NDSP services.	Candidate evidence only; manual verification required.
EVD-7f4e948877bf	LAYER_DISCOVERY	DOCUMENTATION_ONLY	backend/architecture/contracts/NDSP_PUBLIC_PLATFORM_BOT_PRIVACY_BOUNDARY.md	NDSP_PUBLIC_PLATFORM_BOT_PRIVACY_BOUNDARY.md	28	a97f05aece97de38d313821736690edc999d95ac90ccf4e293372e4f91f7c74d	- Execution-layer wording	Candidate evidence only; manual verification required.
EVD-65c0a132d2bb	LAYER_DISCOVERY	DOCUMENTATION_ONLY	backend/architecture/contracts/PUBLIC_GATEWAY_CONTRACT.md	PUBLIC_GATEWAY_CONTRACT.md	23	d50fdb49e63de84ffec1e7fd38a27bcb29f49bed35be281c3cd86cf1c1a56ece	| BOT-001 Execution Service | Execution layer must never be public |	Candidate evidence only; manual verification required.
EVD-c238f6b54048	LAYER_DISCOVERY	DOCUMENTATION_ONLY	backend/architecture/reports/DEV-002B-SOURCE-CLASSIFICATION-20260628_001339.md	DEV-002B-SOURCE-CLASSIFICATION-20260628_001339.md	39	f8ecf7cce0484628a5b40adbcc30103a693267d8627d9e264f183fd7f0e61382	?? backend/layers/	Candidate evidence only; manual verification required.
EVD-0717a7a13aa8	LAYER_DISCOVERY	DOCUMENTATION_ONLY	backend/architecture/reports/DEV-002B-SOURCE-CLASSIFICATION-20260628_001339.md	DEV-002B-SOURCE-CLASSIFICATION-20260628_001339.md	51	f8ecf7cce0484628a5b40adbcc30103a693267d8627d9e264f183fd7f0e61382	?? backend/ndsp_latest_16_layers_logic_functions.py	Candidate evidence only; manual verification required.
EVD-e332030aeeb4	LAYER_DISCOVERY	DOCUMENTATION_ONLY	backend/architecture/reports/DEV-002B-SOURCE-CLASSIFICATION-20260628_001339.md	DEV-002B-SOURCE-CLASSIFICATION-20260628_001339.md	105	f8ecf7cce0484628a5b40adbcc30103a693267d8627d9e264f183fd7f0e61382	| `??` | `BACKEND_SOURCE_REVIEW` | `backend/layers/` |	Candidate evidence only; manual verification required.
EVD-086e97337438	LAYER_DISCOVERY	DOCUMENTATION_ONLY	backend/architecture/reports/DEV-002B-SOURCE-CLASSIFICATION-20260628_001339.md	DEV-002B-SOURCE-CLASSIFICATION-20260628_001339.md	117	f8ecf7cce0484628a5b40adbcc30103a693267d8627d9e264f183fd7f0e61382	| `??` | `BACKEND_TOOLING_REVIEW` | `backend/ndsp_latest_16_layers_logic_functions.py` |	Candidate evidence only; manual verification required.
EVD-d6eeee960958	LAYER_DISCOVERY	DOCUMENTATION_ONLY	backend/architecture/reports/DEV-002B-SOURCE-CLASSIFICATION-20260628_001339.md	DEV-002B-SOURCE-CLASSIFICATION-20260628_001339.md	179	f8ecf7cce0484628a5b40adbcc30103a693267d8627d9e264f183fd7f0e61382	?? backend/layers/	Candidate evidence only; manual verification required.
EVD-296c826bc29e	LAYER_DISCOVERY	DOCUMENTATION_ONLY	backend/architecture/reports/DEV-002C-FRONTEND-SOURCE-INTAKE-20260628_001739.md	DEV-002C-FRONTEND-SOURCE-INTAKE-20260628_001739.md	46	d168b9f877b8c37ca59113b098a0086ed3909245de4e0f092d31a1543cdd3653	frontend/user-portal-vite/src/main.jsx.before_visible_layers_v2_20260627_201907	Candidate evidence only; manual verification required.
EVD-387086d9a6a5	LAYER_DISCOVERY	HISTORICAL_REFERENCE	backend/architecture/reports/DEV-002G-LEGACY-BACKEND-MODULES-INTAKE-20260628_003623.md	DEV-002G-LEGACY-BACKEND-MODULES-INTAKE-20260628_003623.md	23	04c4c637a573a048023ea114e742f30f63674bd2b83ce1dd44adc9222fcc2070	backend/ndsp_latest_16_layers_logic_functions.py	Candidate evidence only; manual verification required.
EVD-cb1ac6adc584	LAYER_DISCOVERY	HISTORICAL_REFERENCE	backend/architecture/reports/DEV-002G-LEGACY-BACKEND-MODULES-INTAKE-20260628_003623.md	DEV-002G-LEGACY-BACKEND-MODULES-INTAKE-20260628_003623.md	65	04c4c637a573a048023ea114e742f30f63674bd2b83ce1dd44adc9222fcc2070	?? backend/ndsp_latest_16_layers_logic_functions.py	Candidate evidence only; manual verification required.
EVD-5d281aa6922c	LAYER_DISCOVERY	HISTORICAL_REFERENCE	backend/architecture/reports/DEV-002G-LEGACY-BACKEND-MODULES-INTAKE-20260628_003623.md	DEV-002G-LEGACY-BACKEND-MODULES-INTAKE-20260628_003623.md	84	04c4c637a573a048023ea114e742f30f63674bd2b83ce1dd44adc9222fcc2070	backend/ndsp_latest_16_layers_logic_functions.py	Candidate evidence only; manual verification required.
EVD-1a606658172f	LAYER_DISCOVERY	DOCUMENTATION_ONLY	backend/architecture/reports/DEV-002H-APPS-SHARED-TESTS-INTAKE-20260628_004224.md	DEV-002H-APPS-SHARED-TESTS-INTAKE-20260628_004224.md	51	be49252d8aa799b8949f055e61f126908f2b55d267ff17e06bc3ca7245c5c4b5	apps/admin-console/data/owner-layer-source-map.json	Candidate evidence only; manual verification required.
EVD-d7605dca2a9d	LAYER_DISCOVERY	DOCUMENTATION_ONLY	backend/architecture/reports/DEV-002H-APPS-SHARED-TESTS-INTAKE-20260628_004224.md	DEV-002H-APPS-SHARED-TESTS-INTAKE-20260628_004224.md	72	be49252d8aa799b8949f055e61f126908f2b55d267ff17e06bc3ca7245c5c4b5	apps/admin-console/owner-layers.html	Candidate evidence only; manual verification required.
EVD-299dc5f66f2b	LAYER_DISCOVERY	DOCUMENTATION_ONLY	backend/architecture/reports/DEV-002H-APPS-SHARED-TESTS-INTAKE-20260628_004224.md	DEV-002H-APPS-SHARED-TESTS-INTAKE-20260628_004224.md	81	be49252d8aa799b8949f055e61f126908f2b55d267ff17e06bc3ca7245c5c4b5	apps/ndsp-governance-bridge/layers/NDSP_OWNER_INTERNAL_16_LAYER_REGISTRY.json	Candidate evidence only; manual verification required.
EVD-cc42cac17e45	LAYER_DISCOVERY	DOCUMENTATION_ONLY	backend/architecture/reports/DEV-002H-APPS-SHARED-TESTS-INTAKE-20260628_004224.md	DEV-002H-APPS-SHARED-TESTS-INTAKE-20260628_004224.md	82	be49252d8aa799b8949f055e61f126908f2b55d267ff17e06bc3ca7245c5c4b5	apps/ndsp-governance-bridge/layers/NDSP_OWNER_INTERNAL_16_LAYER_REGISTRY.md	Candidate evidence only; manual verification required.
EVD-348adcd72f8d	LAYER_DISCOVERY	DOCUMENTATION_ONLY	backend/architecture/reports/DEV-002H-APPS-SHARED-TESTS-INTAKE-20260628_004224.md	DEV-002H-APPS-SHARED-TESTS-INTAKE-20260628_004224.md	83	be49252d8aa799b8949f055e61f126908f2b55d267ff17e06bc3ca7245c5c4b5	apps/ndsp-governance-bridge/NDSP_LAYER_VISIBILITY_OWNER_INTERNAL_POLICY.json	Candidate evidence only; manual verification required.
EVD-5e3b2cd9c0fc	LAYER_DISCOVERY	DOCUMENTATION_ONLY	backend/architecture/reports/DEV-002H-APPS-SHARED-TESTS-INTAKE-20260628_004224.md	DEV-002H-APPS-SHARED-TESTS-INTAKE-20260628_004224.md	84	be49252d8aa799b8949f055e61f126908f2b55d267ff17e06bc3ca7245c5c4b5	apps/ndsp-governance-bridge/NDSP_LAYER_VISIBILITY_OWNER_INTERNAL_POLICY.md	Candidate evidence only; manual verification required.
EVD-c6150777fef5	LAYER_DISCOVERY	DOCUMENTATION_ONLY	backend/architecture/reports/DEV-002H-APPS-SHARED-TESTS-INTAKE-20260628_004224.md	DEV-002H-APPS-SHARED-TESTS-INTAKE-20260628_004224.md	96	be49252d8aa799b8949f055e61f126908f2b55d267ff17e06bc3ca7245c5c4b5	apps/ndsp-layers-api/app.py	Candidate evidence only; manual verification required.
EVD-6c39753b9e71	LAYER_DISCOVERY	DOCUMENTATION_ONLY	backend/architecture/reports/DEV-002H-APPS-SHARED-TESTS-INTAKE-20260628_004224.md	DEV-002H-APPS-SHARED-TESTS-INTAKE-20260628_004224.md	97	be49252d8aa799b8949f055e61f126908f2b55d267ff17e06bc3ca7245c5c4b5	apps/ndsp-layers-api/requirements.txt	Candidate evidence only; manual verification required.
EVD-0a85be192c3b	LAYER_DISCOVERY	DOCUMENTATION_ONLY	backend/architecture/reports/DEV-012B-CONTROLLED-PRODUCTION-ROLLOUT-PLAN-20260628_152255.md	DEV-012B-CONTROLLED-PRODUCTION-ROLLOUT-PLAN-20260628_152255.md	29	8c51621af5bf331c7d294df958330d753351be01f67480dcbd9f1182a63f9545	3. DGC-001 Decision Governance Core — governance layer / port 9079	Candidate evidence only; manual verification required.
EVD-3ea0e8ed87bb	LAYER_DISCOVERY	DOCUMENTATION_ONLY	backend/architecture/reports/DEV-019-SOVEREIGN-COMMAND-PREVIEW-20260629_095927.md	DEV-019-SOVEREIGN-COMMAND-PREVIEW-20260629_095927.md	20	ee4b9543bd47e91fe0710511df162ed7f8726e5832e24e3beac85fd004ac62d7	- Public allowed layers only.	Candidate evidence only; manual verification required.
EVD-9e2fc9554330	LAYER_DISCOVERY	INFERRED_FROM_SOURCE	backend/architecture/ui/artifacts/NDSP_Sovereign_Command_Preview.html	NDSP_Sovereign_Command_Preview.html	119	63290abc8144f012fa04dc4b5ea98d16e5391bb33eb50c81dded4dde75d10ed4	.layers{display:grid;gap:11px;margin-top:16px}	Candidate evidence only; manual verification required.
EVD-6ab13288efed	LAYER_DISCOVERY	INFERRED_FROM_SOURCE	backend/architecture/ui/artifacts/NDSP_Sovereign_Command_Preview.html	NDSP_Sovereign_Command_Preview.html	120	63290abc8144f012fa04dc4b5ea98d16e5391bb33eb50c81dded4dde75d10ed4	.layer{border:1px solid var(--line);border-radius:18px;padding:14px 15px;background:rgba(255,255,255,.026);display:grid;grid-template-columns:1fr auto;gap:12px;align-items:center}	Candidate evidence only; manual verification required.
EVD-f2a44d42679c	LAYER_DISCOVERY	INFERRED_FROM_SOURCE	backend/architecture/ui/artifacts/NDSP_Sovereign_Command_Preview.html	NDSP_Sovereign_Command_Preview.html	121	63290abc8144f012fa04dc4b5ea98d16e5391bb33eb50c81dded4dde75d10ed4	.layer b{font-size:14px}.layer span{display:block;color:var(--muted);font-size:12px;margin-top:4px}.tag{border:1px solid var(--line);border-radius:999px;padding:7px 10px;color:var(--gold2);background:rgba(212,175,55,.06);font-weight:900;font-size:11px}	Candidate evidence only; manual verification required.
EVD-4db49e4a4a96	LAYER_DISCOVERY	INFERRED_FROM_SOURCE	backend/architecture/ui/artifacts/NDSP_Sovereign_Command_Preview.html	NDSP_Sovereign_Command_Preview.html	236	63290abc8144f012fa04dc4b5ea98d16e5391bb33eb50c81dded4dde75d10ed4	"<div class=""kicker"">GOVERNANCE LAYERS</div>"	Candidate evidence only; manual verification required.
EVD-c716526be9fe	LAYER_DISCOVERY	INFERRED_FROM_SOURCE	backend/architecture/ui/artifacts/NDSP_Sovereign_Command_Preview.html	NDSP_Sovereign_Command_Preview.html	237	63290abc8144f012fa04dc4b5ea98d16e5391bb33eb50c81dded4dde75d10ed4	<h3>الطبقات المعلنة</h3>	Candidate evidence only; manual verification required.
EVD-8308819de9dd	LAYER_DISCOVERY	INFERRED_FROM_SOURCE	backend/architecture/ui/artifacts/NDSP_Sovereign_Command_Preview.html	NDSP_Sovereign_Command_Preview.html	238	63290abc8144f012fa04dc4b5ea98d16e5391bb33eb50c81dded4dde75d10ed4	<p>يتم عرض الطبقات المسموح بها فقط. بقية الطبقات تبقى محمية وغير معلنة.</p>	Candidate evidence only; manual verification required.
EVD-ced85debae9d	LAYER_DISCOVERY	INFERRED_FROM_SOURCE	backend/architecture/ui/artifacts/NDSP_Sovereign_Command_Preview.html	NDSP_Sovereign_Command_Preview.html	239	63290abc8144f012fa04dc4b5ea98d16e5391bb33eb50c81dded4dde75d10ed4	"<div class=""layers"">"	Candidate evidence only; manual verification required.
EVD-ccb84853c8f1	LAYER_DISCOVERY	INFERRED_FROM_SOURCE	backend/architecture/ui/artifacts/NDSP_Sovereign_Command_Preview.html	NDSP_Sovereign_Command_Preview.html	240	63290abc8144f012fa04dc4b5ea98d16e5391bb33eb50c81dded4dde75d10ed4	"<div class=""layer""><div><b>TDL</b><span>النمط الحاكم للقرار</span></div><div class=""tag"">معلن</div></div>"	Candidate evidence only; manual verification required.
EVD-75963d26b22d	LAYER_DISCOVERY	INFERRED_FROM_SOURCE	backend/architecture/ui/artifacts/NDSP_Sovereign_Command_Preview.html	NDSP_Sovereign_Command_Preview.html	241	63290abc8144f012fa04dc4b5ea98d16e5391bb33eb50c81dded4dde75d10ed4	"<div class=""layer""><div><b>NMP</b><span>منطقة التقاء مرجعية</span></div><div class=""tag"">معلن</div></div>"	Candidate evidence only; manual verification required.
EVD-1320e35e1e0c	LAYER_DISCOVERY	INFERRED_FROM_SOURCE	backend/architecture/ui/artifacts/NDSP_Sovereign_Command_Preview.html	NDSP_Sovereign_Command_Preview.html	242	63290abc8144f012fa04dc4b5ea98d16e5391bb33eb50c81dded4dde75d10ed4	"<div class=""layer""><div><b>إشارة نواف الذهبية</b><span>ختم توافق داخلي</span></div><div class=""tag"">معلن</div></div>"	Candidate evidence only; manual verification required.
EVD-7d960bdf7875	LAYER_DISCOVERY	INFERRED_FROM_SOURCE	backend/architecture/ui/artifacts/NDSP_Sovereign_Command_Preview.html	NDSP_Sovereign_Command_Preview.html	243	63290abc8144f012fa04dc4b5ea98d16e5391bb33eb50c81dded4dde75d10ed4	"<div class=""layer""><div><b>إشارة نواف الذهبية المعززة</b><span>تأكيد حوكمي إضافي</span></div><div class=""tag"">معلن</div></div>"	Candidate evidence only; manual verification required.
EVD-3745b051970b	LAYER_DISCOVERY	INFERRED_FROM_SOURCE	backend/architecture/ui/artifacts/NDSP_Sovereign_Command_Preview.html	NDSP_Sovereign_Command_Preview.html	244	63290abc8144f012fa04dc4b5ea98d16e5391bb33eb50c81dded4dde75d10ed4	"<div class=""layer""><div><b>محامي الشيطان</b><span>آخر بوابة منع وحماية</span></div><div class=""tag"">معلن</div></div>"	Candidate evidence only; manual verification required.
EVD-3c4e886edaf8	LAYER_DISCOVERY	INFERRED_FROM_SOURCE	backend/architecture/ui/artifacts/NDSP_Sovereign_Command_Preview.html	NDSP_Sovereign_Command_Preview.html	249	63290abc8144f012fa04dc4b5ea98d16e5391bb33eb50c81dded4dde75d10ed4	"<div class=""footer-note"">منصة نواف لدعم القرار — واجهة Preview فقط. لا توجد توصية، ولا أوامر، ولا كشف للطبقات المحمية.</div>"	Candidate evidence only; manual verification required.
EVD-28546382dc3e	LAYER_DISCOVERY	INFERRED_FROM_SOURCE	backend/auth_api/ndsp_admin_ui_proxy.cjs	ndsp_admin_ui_proxy.cjs	676	73baa76f5df53e80b55839a950bef6d02eb92cf331eb5e161a4fe90eb1ffdb32	"visible_layers:['TDL','NMP',""Devil's Advocate"",'Nawaf Golden Alignment'],"	Candidate evidence only; manual verification required.
EVD-924e9d053956	LAYER_DISCOVERY	INFERRED_FROM_SOURCE	backend/auth_api/ndsp_admin_ui_proxy.cjs	ndsp_admin_ui_proxy.cjs	677	73baa76f5df53e80b55839a950bef6d02eb92cf331eb5e161a4fe90eb1ffdb32	protected_layers_count:12,	Candidate evidence only; manual verification required.
EVD-f40b8ac7c2d9	LAYER_DISCOVERY	INFERRED_FROM_SOURCE	backend/auth_api/ndsp_layer_name_masking_policy.cjs	ndsp_layer_name_masking_policy.cjs	4	f04cadf0850af541eb7838add838ff9e207ebeb101250283070c616e7f3eb2d0	NDSP Layer Name Masking Policy Engine	Candidate evidence only; manual verification required.
EVD-bdb34f585daf	LAYER_DISCOVERY	INFERRED_FROM_SOURCE	backend/auth_api/ndsp_layer_name_masking_policy.cjs	ndsp_layer_name_masking_policy.cjs	6	f04cadf0850af541eb7838add838ff9e207ebeb101250283070c616e7f3eb2d0	- 4 layer names may appear:	Candidate evidence only; manual verification required.
EVD-e54445f80c0d	LAYER_DISCOVERY	INFERRED_FROM_SOURCE	backend/auth_api/ndsp_layer_name_masking_policy.cjs	ndsp_layer_name_masking_policy.cjs	8	f04cadf0850af541eb7838add838ff9e207ebeb101250283070c616e7f3eb2d0	- The other 12 layer names and internal IDs are hidden.	Candidate evidence only; manual verification required.
EVD-a3fa8c5eff60	LAYER_DISCOVERY	INFERRED_FROM_SOURCE	backend/auth_api/ndsp_layer_name_masking_policy.cjs	ndsp_layer_name_masking_policy.cjs	13	f04cadf0850af541eb7838add838ff9e207ebeb101250283070c616e7f3eb2d0	policy: 'NDSP_LAYER_NAME_MASKING_POLICY',	Candidate evidence only; manual verification required.
EVD-fd4aa44b1eda	LAYER_DISCOVERY	INFERRED_FROM_SOURCE	backend/auth_api/ndsp_layer_name_masking_policy.cjs	ndsp_layer_name_masking_policy.cjs	14	f04cadf0850af541eb7838add838ff9e207ebeb101250283070c616e7f3eb2d0	total_layers: 16,	Candidate evidence only; manual verification required.
EVD-21bbe68047a9	LAYER_DISCOVERY	INFERRED_FROM_SOURCE	backend/auth_api/ndsp_layer_name_masking_policy.cjs	ndsp_layer_name_masking_policy.cjs	15	f04cadf0850af541eb7838add838ff9e207ebeb101250283070c616e7f3eb2d0	visible_named_layers_count: 4,	Candidate evidence only; manual verification required.
EVD-933bf848dcc2	LAYER_DISCOVERY	INFERRED_FROM_SOURCE	backend/auth_api/ndsp_layer_name_masking_policy.cjs	ndsp_layer_name_masking_policy.cjs	16	f04cadf0850af541eb7838add838ff9e207ebeb101250283070c616e7f3eb2d0	hidden_named_layers_count: 12,	Candidate evidence only; manual verification required.
EVD-092308d743b8	LAYER_DISCOVERY	INFERRED_FROM_SOURCE	backend/auth_api/ndsp_layer_name_masking_policy.cjs	ndsp_layer_name_masking_policy.cjs	17	f04cadf0850af541eb7838add838ff9e207ebeb101250283070c616e7f3eb2d0	visible_named_layers: [	Candidate evidence only; manual verification required.
EVD-f69dc0cffa2e	LAYER_DISCOVERY	INFERRED_FROM_SOURCE	backend/auth_api/ndsp_layer_name_masking_policy.cjs	ndsp_layer_name_masking_policy.cjs	41	f04cadf0850af541eb7838add838ff9e207ebeb101250283070c616e7f3eb2d0	/\bLayer\s*(?:1|2|3|4|5|6|7|8|9|10|11|12|13|14|15|16)\b/gi,	Candidate evidence only; manual verification required.
EVD-e395dc4678a5	LAYER_DISCOVERY	INFERRED_FROM_SOURCE	backend/auth_api/ndsp_layer_name_masking_policy.cjs	ndsp_layer_name_masking_policy.cjs	42	f04cadf0850af541eb7838add838ff9e207ebeb101250283070c616e7f3eb2d0	/\bProtected\s+Layers?\b/gi,	Candidate evidence only; manual verification required.
EVD-64c52a8debfc	LAYER_DISCOVERY	INFERRED_FROM_SOURCE	backend/auth_api/ndsp_layer_name_masking_policy.cjs	ndsp_layer_name_masking_policy.cjs	43	f04cadf0850af541eb7838add838ff9e207ebeb101250283070c616e7f3eb2d0	/\b(?:14|16)[-\s]*Layer\s+(?:Map|Governance|System)\b/gi,	Candidate evidence only; manual verification required.
EVD-0ad3817d1110	LAYER_DISCOVERY	INFERRED_FROM_SOURCE	backend/auth_api/ndsp_layer_name_masking_policy.cjs	ndsp_layer_name_masking_policy.cjs	45	f04cadf0850af541eb7838add838ff9e207ebeb101250283070c616e7f3eb2d0	/طبقة\s*(?:1|2|3|4|5|6|7|8|9|10|11|12|13|14|15|16)/g,	Candidate evidence only; manual verification required.
EVD-a6e555b60c1c	LAYER_DISCOVERY	INFERRED_FROM_SOURCE	backend/auth_api/ndsp_layer_name_masking_policy.cjs	ndsp_layer_name_masking_policy.cjs	46	f04cadf0850af541eb7838add838ff9e207ebeb101250283070c616e7f3eb2d0	/الطبقات\s+المحمية\s*(?:8|9|10|11|12|16|[0-9\s·و]+)/g,	Candidate evidence only; manual verification required.
EVD-f9aa1a3b5557	LAYER_DISCOVERY	INFERRED_FROM_SOURCE	backend/auth_api/ndsp_layer_name_masking_policy.cjs	ndsp_layer_name_masking_policy.cjs	47	f04cadf0850af541eb7838add838ff9e207ebeb101250283070c616e7f3eb2d0	/Protected\s+Internal\s+Layer/gi,	Candidate evidence only; manual verification required.
EVD-cb7b86fcef78	LAYER_DISCOVERY	INFERRED_FROM_SOURCE	backend/auth_api/ndsp_layer_name_masking_policy.cjs	ndsp_layer_name_masking_policy.cjs	48	f04cadf0850af541eb7838add838ff9e207ebeb101250283070c616e7f3eb2d0	/Activation\s+Layer/gi,	Candidate evidence only; manual verification required.
EVD-2962bf987bd8	LAYER_DISCOVERY	INFERRED_FROM_SOURCE	backend/auth_api/ndsp_layer_name_masking_policy.cjs	ndsp_layer_name_masking_policy.cjs	49	f04cadf0850af541eb7838add838ff9e207ebeb101250283070c616e7f3eb2d0	/Market\s+Context\s+Layer/gi,	Candidate evidence only; manual verification required.
EVD-c99fa986ece3	LAYER_DISCOVERY	INFERRED_FROM_SOURCE	backend/auth_api/ndsp_layer_name_masking_policy.cjs	ndsp_layer_name_masking_policy.cjs	50	f04cadf0850af541eb7838add838ff9e207ebeb101250283070c616e7f3eb2d0	/Liquidity\s+Mapping\s+Layer/gi,	Candidate evidence only; manual verification required.
EVD-ddf9609dc27e	LAYER_DISCOVERY	INFERRED_FROM_SOURCE	backend/auth_api/ndsp_layer_name_masking_policy.cjs	ndsp_layer_name_masking_policy.cjs	51	f04cadf0850af541eb7838add838ff9e207ebeb101250283070c616e7f3eb2d0	/Structure\s+Reading\s+Layer/gi,	Candidate evidence only; manual verification required.
EVD-c2ec82f859b7	LAYER_DISCOVERY	INFERRED_FROM_SOURCE	backend/auth_api/ndsp_layer_name_masking_policy.cjs	ndsp_layer_name_masking_policy.cjs	52	f04cadf0850af541eb7838add838ff9e207ebeb101250283070c616e7f3eb2d0	/Risk\s*&?\s*Volatility\s+Envelope\s+Layer/gi,	Candidate evidence only; manual verification required.
EVD-ff056a18f0b6	LAYER_DISCOVERY	INFERRED_FROM_SOURCE	backend/auth_api/ndsp_layer_name_masking_policy.cjs	ndsp_layer_name_masking_policy.cjs	53	f04cadf0850af541eb7838add838ff9e207ebeb101250283070c616e7f3eb2d0	/Public\s+Decision\s+Narrative\s+Layer/gi,	Candidate evidence only; manual verification required.
EVD-e0726232706f	LAYER_DISCOVERY	INFERRED_FROM_SOURCE	backend/auth_api/ndsp_platform_gateway_9001.cjs	ndsp_platform_gateway_9001.cjs	37	2f7e854d3723dbc83b7ce18c1af520d31bc859a9cb6c6c4db510ade1b24f3b46	const V40_PROFESSIONAL_LAYER_NAMES = new Set([	Candidate evidence only; manual verification required.
EVD-f3872500c812	LAYER_DISCOVERY	INFERRED_FROM_SOURCE	backend/auth_api/ndsp_platform_gateway_9001.cjs	ndsp_platform_gateway_9001.cjs	57	2f7e854d3723dbc83b7ce18c1af520d31bc859a9cb6c6c4db510ade1b24f3b46	function v40RedactedLayer(layer) {	Candidate evidence only; manual verification required.
EVD-79208456ecb5	LAYER_DISCOVERY	INFERRED_FROM_SOURCE	backend/auth_api/ndsp_platform_gateway_9001.cjs	ndsp_platform_gateway_9001.cjs	59	2f7e854d3723dbc83b7ce18c1af520d31bc859a9cb6c6c4db510ade1b24f3b46	id: layer && layer.id ? layer.id : '',	Candidate evidence only; manual verification required.
EVD-d3f7f0732e55	LAYER_DISCOVERY	INFERRED_FROM_SOURCE	backend/auth_api/ndsp_platform_gateway_9001.cjs	ndsp_platform_gateway_9001.cjs	60	2f7e854d3723dbc83b7ce18c1af520d31bc859a9cb6c6c4db510ade1b24f3b46	canonical_name: layer && layer.canonical_name ? layer.canonical_name : '',	Candidate evidence only; manual verification required.
EVD-8c2831f06a4e	LAYER_DISCOVERY	INFERRED_FROM_SOURCE	backend/auth_api/ndsp_platform_gateway_9001.cjs	ndsp_platform_gateway_9001.cjs	76	2f7e854d3723dbc83b7ce18c1af520d31bc859a9cb6c6c4db510ade1b24f3b46	if (Array.isArray(data.decision_layers)) {	Candidate evidence only; manual verification required.
EVD-62c89415d0fd	LAYER_DISCOVERY	INFERRED_FROM_SOURCE	backend/auth_api/ndsp_platform_gateway_9001.cjs	ndsp_platform_gateway_9001.cjs	77	2f7e854d3723dbc83b7ce18c1af520d31bc859a9cb6c6c4db510ade1b24f3b46	data.decision_layers = data.decision_layers.map(layer =>	Candidate evidence only; manual verification required.
EVD-607ac3df83a0	LAYER_DISCOVERY	INFERRED_FROM_SOURCE	backend/auth_api/ndsp_platform_gateway_9001.cjs	ndsp_platform_gateway_9001.cjs	78	2f7e854d3723dbc83b7ce18c1af520d31bc859a9cb6c6c4db510ade1b24f3b46	V40_PROFESSIONAL_LAYER_NAMES.has(String(layer && layer.canonical_name || ''))	Candidate evidence only; manual verification required.
EVD-232accb37b16	LAYER_DISCOVERY	INFERRED_FROM_SOURCE	backend/auth_api/ndsp_platform_gateway_9001.cjs	ndsp_platform_gateway_9001.cjs	79	2f7e854d3723dbc83b7ce18c1af520d31bc859a9cb6c6c4db510ade1b24f3b46	? v40RedactedLayer(layer)	Candidate evidence only; manual verification required.
EVD-0b9d4fd28911	LAYER_DISCOVERY	INFERRED_FROM_SOURCE	backend/auth_api/ndsp_platform_gateway_9001.cjs	ndsp_platform_gateway_9001.cjs	80	2f7e854d3723dbc83b7ce18c1af520d31bc859a9cb6c6c4db510ade1b24f3b46	: layer	Candidate evidence only; manual verification required.
EVD-f14aa320256c	LAYER_DISCOVERY	INFERRED_FROM_SOURCE	backend/auth_api/ndsp_platform_gateway_9001.cjs	ndsp_platform_gateway_9001.cjs	123	2f7e854d3723dbc83b7ce18c1af520d31bc859a9cb6c6c4db510ade1b24f3b46	delete analysis.layer_visibility_policy;	Candidate evidence only; manual verification required.
EVD-a9e33a3fa437	LAYER_DISCOVERY	INFERRED_FROM_SOURCE	backend/auth_api/ndsp_platform_gateway_9001.cjs	ndsp_platform_gateway_9001.cjs	124	2f7e854d3723dbc83b7ce18c1af520d31bc859a9cb6c6c4db510ade1b24f3b46	delete analysis.protected_layers;	Candidate evidence only; manual verification required.
EVD-da58864044d5	LAYER_DISCOVERY	INFERRED_FROM_SOURCE	backend/auth_api/ndsp_platform_gateway_9001.cjs	ndsp_platform_gateway_9001.cjs	250	2f7e854d3723dbc83b7ce18c1af520d31bc859a9cb6c6c4db510ade1b24f3b46	data.decision_layers = [];	Candidate evidence only; manual verification required.
EVD-461d9a95a06d	LAYER_DISCOVERY	INFERRED_FROM_SOURCE	backend/auth_api/ndsp_saas_packages_policy.cjs	ndsp_saas_packages_policy.cjs	3	6b2629a67147e9addba300d1aac54aebc2645b095db156b1c92a54bb7931da82	const APPROVED_LAYER_NAMES = Object.freeze([	Candidate evidence only; manual verification required.
EVD-cf3035969ce8	LAYER_DISCOVERY	INFERRED_FROM_SOURCE	backend/auth_api/ndsp_saas_packages_policy.cjs	ndsp_saas_packages_policy.cjs	17	6b2629a67147e9addba300d1aac54aebc2645b095db156b1c92a54bb7931da82	visible_named_layers: [],	Candidate evidence only; manual verification required.
EVD-9b16b63e88e1	LAYER_DISCOVERY	INFERRED_FROM_SOURCE	backend/auth_api/ndsp_saas_packages_policy.cjs	ndsp_saas_packages_policy.cjs	18	6b2629a67147e9addba300d1aac54aebc2645b095db156b1c92a54bb7931da82	hidden_named_layers_count: 16,	Candidate evidence only; manual verification required.
EVD-8bd36fec5fc7	LAYER_DISCOVERY	INFERRED_FROM_SOURCE	backend/auth_api/ndsp_saas_packages_policy.cjs	ndsp_saas_packages_policy.cjs	32	6b2629a67147e9addba300d1aac54aebc2645b095db156b1c92a54bb7931da82	visible_named_layers: ['TDL', 'NMP'],	Candidate evidence only; manual verification required.
EVD-d877b251fb03	LAYER_DISCOVERY	INFERRED_FROM_SOURCE	backend/auth_api/ndsp_saas_packages_policy.cjs	ndsp_saas_packages_policy.cjs	34	6b2629a67147e9addba300d1aac54aebc2645b095db156b1c92a54bb7931da82	hidden_named_layers_count: 14,	Candidate evidence only; manual verification required.
EVD-90778b487ec0	LAYER_DISCOVERY	INFERRED_FROM_SOURCE	backend/auth_api/ndsp_saas_packages_policy.cjs	ndsp_saas_packages_policy.cjs	48	6b2629a67147e9addba300d1aac54aebc2645b095db156b1c92a54bb7931da82	"visible_named_layers: ['TDL', 'NMP', ""Devil's Advocate"", 'Nawaf Golden Alignment'],"	Candidate evidence only; manual verification required.
EVD-026fe7fc2857	LAYER_DISCOVERY	INFERRED_FROM_SOURCE	backend/auth_api/ndsp_saas_packages_policy.cjs	ndsp_saas_packages_policy.cjs	49	6b2629a67147e9addba300d1aac54aebc2645b095db156b1c92a54bb7931da82	hidden_named_layers_count: 12,	Candidate evidence only; manual verification required.
EVD-16a4fd593b3a	LAYER_DISCOVERY	INFERRED_FROM_SOURCE	backend/auth_api/ndsp_saas_packages_policy.cjs	ndsp_saas_packages_policy.cjs	66	6b2629a67147e9addba300d1aac54aebc2645b095db156b1c92a54bb7931da82	"visible_named_layers: ['TDL', 'NMP', ""Devil's Advocate"", 'Nawaf Golden Alignment'],"	Candidate evidence only; manual verification required.
EVD-0b2aded5f1af	LAYER_DISCOVERY	INFERRED_FROM_SOURCE	backend/auth_api/ndsp_saas_packages_policy.cjs	ndsp_saas_packages_policy.cjs	67	6b2629a67147e9addba300d1aac54aebc2645b095db156b1c92a54bb7931da82	hidden_named_layers_count: 12,	Candidate evidence only; manual verification required.
EVD-ca8d4086ee8c	LAYER_DISCOVERY	INFERRED_FROM_SOURCE	backend/auth_api/ndsp_saas_packages_policy.cjs	ndsp_saas_packages_policy.cjs	80	6b2629a67147e9addba300d1aac54aebc2645b095db156b1c92a54bb7931da82	total_internal_layers: 16,	Candidate evidence only; manual verification required.
EVD-c4860596c713	LAYER_DISCOVERY	INFERRED_FROM_SOURCE	backend/auth_api/ndsp_saas_packages_policy.cjs	ndsp_saas_packages_policy.cjs	81	6b2629a67147e9addba300d1aac54aebc2645b095db156b1c92a54bb7931da82	approved_named_layers: APPROVED_LAYER_NAMES,	Candidate evidence only; manual verification required.
EVD-59b77fbc3671	LAYER_DISCOVERY	INFERRED_FROM_SOURCE	backend/auth_api/ndsp_saas_packages_policy.cjs	ndsp_saas_packages_policy.cjs	82	6b2629a67147e9addba300d1aac54aebc2645b095db156b1c92a54bb7931da82	hidden_internal_layer_names_always_hidden: true,	Candidate evidence only; manual verification required.
EVD-c4220a310280	LAYER_DISCOVERY	INFERRED_FROM_SOURCE	backend/auth_api/ndsp_saas_packages_policy.cjs	ndsp_saas_packages_policy.cjs	83	6b2629a67147e9addba300d1aac54aebc2645b095db156b1c92a54bb7931da82	hidden_layer_outputs_allowed: true,	Candidate evidence only; manual verification required.
EVD-70007c62dc4f	LAYER_DISCOVERY	INFERRED_FROM_SOURCE	backend/auth_api/ndsp_saas_packages_policy.cjs	ndsp_saas_packages_policy.cjs	146	6b2629a67147e9addba300d1aac54aebc2645b095db156b1c92a54bb7931da82	function layerVisibilityForPlan(plan) {	Candidate evidence only; manual verification required.
EVD-db3e9ee08708	LAYER_DISCOVERY	INFERRED_FROM_SOURCE	backend/auth_api/ndsp_saas_packages_policy.cjs	ndsp_saas_packages_policy.cjs	152	6b2629a67147e9addba300d1aac54aebc2645b095db156b1c92a54bb7931da82	total_internal_layers: 16,	Candidate evidence only; manual verification required.
EVD-e99d2af5b9a6	LAYER_DISCOVERY	INFERRED_FROM_SOURCE	backend/auth_api/ndsp_saas_packages_policy.cjs	ndsp_saas_packages_policy.cjs	153	6b2629a67147e9addba300d1aac54aebc2645b095db156b1c92a54bb7931da82	visible_named_layers: pkg.visible_named_layers,	Candidate evidence only; manual verification required.
EVD-b52092d099cd	LAYER_DISCOVERY	INFERRED_FROM_SOURCE	backend/auth_api/ndsp_saas_packages_policy.cjs	ndsp_saas_packages_policy.cjs	154	6b2629a67147e9addba300d1aac54aebc2645b095db156b1c92a54bb7931da82	visible_named_layers_count: pkg.visible_named_layers.length,	Candidate evidence only; manual verification required.
EVD-27f61a312fcb	LAYER_DISCOVERY	INFERRED_FROM_SOURCE	backend/auth_api/ndsp_saas_packages_policy.cjs	ndsp_saas_packages_policy.cjs	155	6b2629a67147e9addba300d1aac54aebc2645b095db156b1c92a54bb7931da82	hidden_named_layers_count: pkg.hidden_named_layers_count,	Candidate evidence only; manual verification required.
EVD-35e62e8ac7f8	LAYER_DISCOVERY	INFERRED_FROM_SOURCE	backend/auth_api/ndsp_saas_packages_policy.cjs	ndsp_saas_packages_policy.cjs	156	6b2629a67147e9addba300d1aac54aebc2645b095db156b1c92a54bb7931da82	hidden_layer_outputs_allowed: true,	Candidate evidence only; manual verification required.
EVD-6a9fe9e253c4	LAYER_DISCOVERY	INFERRED_FROM_SOURCE	backend/auth_api/ndsp_saas_packages_policy.cjs	ndsp_saas_packages_policy.cjs	176	6b2629a67147e9addba300d1aac54aebc2645b095db156b1c92a54bb7931da82	visible_named_layers: pkg.visible_named_layers,	Candidate evidence only; manual verification required.
EVD-d1f96dc7b77f	LAYER_DISCOVERY	INFERRED_FROM_SOURCE	backend/auth_api/ndsp_tdl_trade_horizon_addons.cjs	ndsp_tdl_trade_horizon_addons.cjs	746	12f1a17cd7d754049e0107f385d05df72c9216b410c2e0cdc35bb2dc8c46c036	'hidden_layer_names_exposed',	Candidate evidence only; manual verification required.
EVD-c7984e651486	LAYER_DISCOVERY	INFERRED_FROM_SOURCE	backend/auth_api/ndsp_tdl_trade_horizon_addons.cjs	ndsp_tdl_trade_horizon_addons.cjs	748	12f1a17cd7d754049e0107f385d05df72c9216b410c2e0cdc35bb2dc8c46c036	'layer_name_masking_policy',	Candidate evidence only; manual verification required.
EVD-c9675f3d05ba	LAYER_DISCOVERY	INFERRED_FROM_SOURCE	backend/auth_api/ndsp_tdl_trade_horizon_addons.cjs	ndsp_tdl_trade_horizon_addons.cjs	869	12f1a17cd7d754049e0107f385d05df72c9216b410c2e0cdc35bb2dc8c46c036	'layer_name_masking_policy',	Candidate evidence only; manual verification required.
EVD-49c3c411c07f	LAYER_DISCOVERY	INFERRED_FROM_SOURCE	backend/auth_api/ndsp_tdl_trade_horizon_addons.cjs	ndsp_tdl_trade_horizon_addons.cjs	873	12f1a17cd7d754049e0107f385d05df72c9216b410c2e0cdc35bb2dc8c46c036	'hidden_layer_names_exposed',	Candidate evidence only; manual verification required.
EVD-67e1799db972	LAYER_DISCOVERY	INFERRED_FROM_SOURCE	backend/auth_api/ndsp_tdl_trade_horizon_addons.cjs	ndsp_tdl_trade_horizon_addons.cjs	913	12f1a17cd7d754049e0107f385d05df72c9216b410c2e0cdc35bb2dc8c46c036	hidden_layer_names_protected: true,	Candidate evidence only; manual verification required.
EVD-cac1eeee7ba3	LAYER_DISCOVERY	INFERRED_FROM_SOURCE	backend/auth_api/ndsp_user_dashboard_gateway.cjs	ndsp_user_dashboard_gateway.cjs	5	0b7d1ba6660ec2ce8b413563443ac711816a368c2ba1c62bfc356c5205b80b15	'layer_name_masking_policy',	Candidate evidence only; manual verification required.
EVD-cf127ac46d2c	LAYER_DISCOVERY	INFERRED_FROM_SOURCE	backend/auth_api/ndsp_user_dashboard_gateway.cjs	ndsp_user_dashboard_gateway.cjs	9	0b7d1ba6660ec2ce8b413563443ac711816a368c2ba1c62bfc356c5205b80b15	'hidden_layer_names_exposed',	Candidate evidence only; manual verification required.
EVD-9cf974f5d043	LAYER_DISCOVERY	INFERRED_FROM_SOURCE	backend/auth_api/ndsp_user_dashboard_gateway.cjs	ndsp_user_dashboard_gateway.cjs	53	0b7d1ba6660ec2ce8b413563443ac711816a368c2ba1c62bfc356c5205b80b15	const layerNameMaskingPolicy = require('./ndsp_layer_name_masking_policy.cjs');	Candidate evidence only; manual verification required.
EVD-d5e71eaebd3c	LAYER_DISCOVERY	INFERRED_FROM_SOURCE	backend/auth_api/ndsp_user_dashboard_gateway.cjs	ndsp_user_dashboard_gateway.cjs	157	0b7d1ba6660ec2ce8b413563443ac711816a368c2ba1c62bfc356c5205b80b15	function finalLayerPolicy() {	Candidate evidence only; manual verification required.
EVD-eff6ce47921c	LAYER_DISCOVERY	INFERRED_FROM_SOURCE	backend/auth_api/ndsp_user_dashboard_gateway.cjs	ndsp_user_dashboard_gateway.cjs	159	0b7d1ba6660ec2ce8b413563443ac711816a368c2ba1c62bfc356c5205b80b15	hidden_layers:{	Candidate evidence only; manual verification required.
EVD-324149f4daee	LAYER_DISCOVERY	INFERRED_FROM_SOURCE	backend/auth_api/ndsp_user_dashboard_gateway.cjs	ndsp_user_dashboard_gateway.cjs	160	0b7d1ba6660ec2ce8b413563443ac711816a368c2ba1c62bfc356c5205b80b15	layer_numbers:[8,9,10,11,12,16],	Candidate evidence only; manual verification required.
EVD-f51767a72af6	LAYER_DISCOVERY	INFERRED_FROM_SOURCE	backend/auth_api/ndsp_user_dashboard_gateway.cjs	ndsp_user_dashboard_gateway.cjs	170	0b7d1ba6660ec2ce8b413563443ac711816a368c2ba1c62bfc356c5205b80b15	visible_layers:[	Candidate evidence only; manual verification required.
EVD-f6a89710da28	LAYER_DISCOVERY	INFERRED_FROM_SOURCE	backend/auth_api/ndsp_user_dashboard_gateway.cjs	ndsp_user_dashboard_gateway.cjs	214	0b7d1ba6660ec2ce8b413563443ac711816a368c2ba1c62bfc356c5205b80b15	layer_visibility_policy:finalLayerPolicy(),	Candidate evidence only; manual verification required.
EVD-68e872e3e52a	LAYER_DISCOVERY	INFERRED_FROM_SOURCE	backend/auth_api/ndsp_user_dashboard_gateway.cjs	ndsp_user_dashboard_gateway.cjs	215	0b7d1ba6660ec2ce8b413563443ac711816a368c2ba1c62bfc356c5205b80b15	protected_layers:{	Candidate evidence only; manual verification required.
EVD-a287befb5395	LAYER_DISCOVERY	INFERRED_FROM_SOURCE	backend/auth_api/ndsp_user_dashboard_gateway.cjs	ndsp_user_dashboard_gateway.cjs	216	0b7d1ba6660ec2ce8b413563443ac711816a368c2ba1c62bfc356c5205b80b15	hidden_layer_numbers:[8,9,10,11,12,16],	Candidate evidence only; manual verification required.
EVD-d1a3af02d0aa	LAYER_DISCOVERY	INFERRED_FROM_SOURCE	backend/auth_api/ndsp_user_dashboard_gateway.cjs	ndsp_user_dashboard_gateway.cjs	279	0b7d1ba6660ec2ce8b413563443ac711816a368c2ba1c62bfc356c5205b80b15	analysis:saasPackagesPolicy.attachSaasPackagePolicy(layerNameMaskingPolicy.sanitizeAnalysisForPublic(tdlAddons.attachTdlTradeHorizonAddons(asset, buildSafeAnalysis(asset))), (typeof req !== 'undefined' ? req.user : null), { plan: (typeof req !== 'undefined' && req.query ? req.query.plan : undefined) })	Candidate evidence only; manual verification required.
EVD-f428744cd693	LAYER_DISCOVERY	INFERRED_FROM_SOURCE	backend/auth_api/ndsp_user_dashboard_gateway.cjs	ndsp_user_dashboard_gateway.cjs	310	0b7d1ba6660ec2ce8b413563443ac711816a368c2ba1c62bfc356c5205b80b15	effective_visibility: saasPackagesPolicy.layerVisibilityForPlan(plan)	Candidate evidence only; manual verification required.
EVD-6c2a1e3b87ba	LAYER_DISCOVERY	INFERRED_FROM_SOURCE	backend/db/schema.sql	schema.sql	4	a393ae32977670d3b4f165992fbf1a2d8307a021aec5c2e4c5774f1f31cb4f98	-- fields. Internal engine scores, weights and hidden-layer data are NOT stored	Candidate evidence only; manual verification required.
EVD-c6346f5b857d	LAYER_DISCOVERY	DOCUMENTATION_ONLY	backend/docs/API_CONTRACT.md	API_CONTRACT.md	92	1d1612a345ab947f706b1a179103ca93340e7bd913be76593349af5093d3ecce	"""named_layers"": [""TDL"",""NMP"",""Devil's Advocate"",""Nawaf Golden Alignment""],"	Candidate evidence only; manual verification required.
EVD-82dcfd948f0d	LAYER_DISCOVERY	DOCUMENTATION_ONLY	backend/docs/API_CONTRACT.md	API_CONTRACT.md	113	1d1612a345ab947f706b1a179103ca93340e7bd913be76593349af5093d3ecce	`named_layers` تُفلتر حسب الباقة (Free: لا شيء · Pro: TDL, NMP · Elite/Institutional: الأربعة).	Candidate evidence only; manual verification required.
EVD-9fedfbf1223e	LAYER_DISCOVERY	DOCUMENTATION_ONLY	backend/docs/API_CONTRACT.md	API_CONTRACT.md	172	1d1612a345ab947f706b1a179103ca93340e7bd913be76593349af5093d3ecce	### GET /admin/layers	Candidate evidence only; manual verification required.
EVD-ea71c0f9f3df	LAYER_DISCOVERY	DOCUMENTATION_ONLY	backend/docs/BACKEND_GUIDE.md	BACKEND_GUIDE.md	177	0ae935dbc724226cc913c8583ee3565b9734fa8234d6c625e4752920683ab3a6	## 8) الباقات والطبقات والسيناريو (مرجع سريع)	Candidate evidence only; manual verification required.
EVD-aec49f7402bb	LAYER_DISCOVERY	DOCUMENTATION_ONLY	backend/docs/BACKEND_GUIDE.md	BACKEND_GUIDE.md	181	0ae935dbc724226cc913c8583ee3565b9734fa8234d6c625e4752920683ab3a6	- الطبقات الظاهرة بالاسم (حسب الباقة): TDL · NMP · Devil's Advocate · Nawaf Golden Alignment. ما عداها مخفي.	Candidate evidence only; manual verification required.
EVD-0397ebc935e6	LAYER_DISCOVERY	DOCUMENTATION_ONLY	backend/docs/NDSP_BACKEND_PACKAGE_README.md	NDSP_BACKEND_PACKAGE_README.md	16	f725a0ef825ce70ade9f6e563faf1aa45dfcfd20537576060b1d406afe59bb65	تطبّق قواعد الحوكمة في الكود: **Backend هو مصدر القرار، والواجهة عرض فقط**، وكل المخرجات العامة تمرّ من **المنقّح (sanitizer)** — لا تُكشف معادلات ولا أوزان ولا تسجيل داخلي ولا أسماء الطبقات المخفية ولا أسرار.	Candidate evidence only; manual verification required.
EVD-7b2d91d82963	LAYER_DISCOVERY	DOCUMENTATION_ONLY	backend/docs/NDSP_BACKEND_PACKAGE_README.md	NDSP_BACKEND_PACKAGE_README.md	78	f725a0ef825ce70ade9f6e563faf1aa45dfcfd20537576060b1d406afe59bb65	- الطبقات المسموح ظهور اسمها (حسب الباقة): **TDL · NMP · Devil's Advocate · Nawaf Golden Alignment**. ما عداها مخفي الاسم والمنطق.	Candidate evidence only; manual verification required.
EVD-dd70702e9c98	LAYER_DISCOVERY	DOCUMENTATION_ONLY	backend/docs/SECURITY_CHECKLIST.md	SECURITY_CHECKLIST.md	53	57943a7fbc4980943950ed0c12d6605839459520a28ce200b23d4136a5ce2498	- [ ] القائمة السوداء تمنع: معادلات/أوزان/تسجيل داخلي/أسماء طبقات مخفية/ترتيبها/بصمات خام/شراء/بيع/الآن/دخول/جني/وقف/تنفيذ/هدف مضمون/«نصيحة مالية».	Candidate evidence only; manual verification required.
EVD-fe65eaba6df2	LAYER_DISCOVERY	DOCUMENTATION_ONLY	backend/docs/SECURITY_CHECKLIST.md	SECURITY_CHECKLIST.md	54	57943a7fbc4980943950ed0c12d6605839459520a28ce200b23d4136a5ce2498	- [ ] `/admin/layers` يعيد فقط الأسماء الأربعة + `hidden_count` — لا أكثر.	Candidate evidence only; manual verification required.
EVD-8f5a7b564124	LAYER_DISCOVERY	INFERRED_FROM_SOURCE	backend/docs/openapi.yaml	openapi.yaml	9	a9e9d0b18745748974aad6e294ca3cfc289a70373e10c63843f93b84fd5ca192	guaranteed results, no secret/formula/weight/hidden-layer exposure.	Candidate evidence only; manual verification required.
EVD-39145fc315fa	LAYER_DISCOVERY	INFERRED_FROM_SOURCE	backend/docs/openapi.yaml	openapi.yaml	98	a9e9d0b18745748974aad6e294ca3cfc289a70373e10c63843f93b84fd5ca192	named_layers:	Candidate evidence only; manual verification required.
EVD-ad752262352c	LAYER_DISCOVERY	INFERRED_FROM_SOURCE	backend/docs/openapi.yaml	openapi.yaml	257	a9e9d0b18745748974aad6e294ca3cfc289a70373e10c63843f93b84fd5ca192	/admin/layers:	Candidate evidence only; manual verification required.
EVD-19a8c0b83ab8	LAYER_DISCOVERY	INFERRED_FROM_SOURCE	backend/docs/openapi.yaml	openapi.yaml	258	a9e9d0b18745748974aad6e294ca3cfc289a70373e10c63843f93b84fd5ca192	get: { tags: [admin], responses: { '200': { description: visible layer names + hidden_count only } } }	Candidate evidence only; manual verification required.
EVD-51493615b9f7	LAYER_DISCOVERY	DOCUMENTATION_ONLY	backend/framework/contracts/ENG-001-NDSP-Service-Framework.md	ENG-001-NDSP-Service-Framework.md	5	974f33e2830b19882215ed549c9106d4216e8eae3a34deb3822c1891b2e76e1b	Provide a shared service bootstrap layer for all NDSP services.	Candidate evidence only; manual verification required.
EVD-98b3e9d28c33	LAYER_DISCOVERY	INFERRED_FROM_SOURCE	backend/layers/direction/l6_direction_authority.py	l6_direction_authority.py	1	a7d3371bb3c65271d79253522bdf7c941ab88c65d70f662ef900e50dd706b4a5	LAYER_ID = 6	Candidate evidence only; manual verification required.
EVD-221e05296f8e	LAYER_DISCOVERY	INFERRED_FROM_SOURCE	backend/layers/direction/l6_direction_authority.py	l6_direction_authority.py	2	a7d3371bb3c65271d79253522bdf7c941ab88c65d70f662ef900e50dd706b4a5	"LAYER_NAME = ""Direction Day Authority"""	Candidate evidence only; manual verification required.
EVD-d34dc0102a6d	LAYER_DISCOVERY	INFERRED_FROM_SOURCE	backend/layers/direction/l6_direction_authority.py	l6_direction_authority.py	3	a7d3371bb3c65271d79253522bdf7c941ab88c65d70f662ef900e50dd706b4a5	"LAYER_NAME_AR = ""سلطة الاتجاه حسب يوم السيطرة"""	Candidate evidence only; manual verification required.
EVD-628c6746b497	LAYER_DISCOVERY	INFERRED_FROM_SOURCE	backend/layers/direction/l6_direction_authority.py	l6_direction_authority.py	78	a7d3371bb3c65271d79253522bdf7c941ab88c65d70f662ef900e50dd706b4a5	"""layer_id"": LAYER_ID,"	Candidate evidence only; manual verification required.
EVD-c926ae975968	LAYER_DISCOVERY	INFERRED_FROM_SOURCE	backend/layers/direction/l6_direction_authority.py	l6_direction_authority.py	79	a7d3371bb3c65271d79253522bdf7c941ab88c65d70f662ef900e50dd706b4a5	"""layer_name"": LAYER_NAME,"	Candidate evidence only; manual verification required.
EVD-74dfdbf2ea36	LAYER_DISCOVERY	INFERRED_FROM_SOURCE	backend/layers/layer_orchestrator.py	layer_orchestrator.py	2	553792bb37f4d2ca5db6bb634c2c44c5818695d2812949c0b615c20373f9da11	from backend.layers.canonical_v1.runtime_bridge import run_canonical_layers, canonical_nmp_from_legacy, apply_canonical_golden	Candidate evidence only; manual verification required.
EVD-e044e2d413c1	LAYER_DISCOVERY	INFERRED_FROM_SOURCE	backend/layers/layer_orchestrator.py	layer_orchestrator.py	14	553792bb37f4d2ca5db6bb634c2c44c5818695d2812949c0b615c20373f9da11	"""quality/l11_divergence.py"",""execution/l12_black_layer.py"",""quality/l13_quality_stack.py"","	Candidate evidence only; manual verification required.
EVD-71525a0051e0	LAYER_DISCOVERY	INFERRED_FROM_SOURCE	backend/layers/layer_orchestrator.py	layer_orchestrator.py	19	553792bb37f4d2ca5db6bb634c2c44c5818695d2812949c0b615c20373f9da11	"name = ""ndsp_layer_"" + ""_"".join(path.with_suffix("""").parts[-5:])"	Candidate evidence only; manual verification required.
EVD-108240818c9c	LAYER_DISCOVERY	INFERRED_FROM_SOURCE	backend/layers/layer_orchestrator.py	layer_orchestrator.py	32	553792bb37f4d2ca5db6bb634c2c44c5818695d2812949c0b615c20373f9da11	"lid = res.get(""layer_id"")"	Candidate evidence only; manual verification required.
EVD-69527f4cce30	LAYER_DISCOVERY	INFERRED_FROM_SOURCE	backend/layers/layer_orchestrator.py	layer_orchestrator.py	42	553792bb37f4d2ca5db6bb634c2c44c5818695d2812949c0b615c20373f9da11	"ctx[""black_layer""] = out; ctx[""black_blocked""] = out.get(""blocked"")"	Candidate evidence only; manual verification required.
EVD-81dad00db4b0	LAYER_DISCOVERY	INFERRED_FROM_SOURCE	backend/layers/layer_orchestrator.py	layer_orchestrator.py	50	553792bb37f4d2ca5db6bb634c2c44c5818695d2812949c0b615c20373f9da11	def run_all_layers(payload=None):	Candidate evidence only; manual verification required.
EVD-78d137f0018a	LAYER_DISCOVERY	INFERRED_FROM_SOURCE	backend/layers/layer_orchestrator.py	layer_orchestrator.py	52	553792bb37f4d2ca5db6bb634c2c44c5818695d2812949c0b615c20373f9da11	layers, errors = [], []	Candidate evidence only; manual verification required.
EVD-a79e1c196e36	LAYER_DISCOVERY	INFERRED_FROM_SOURCE	backend/layers/layer_orchestrator.py	layer_orchestrator.py	57	553792bb37f4d2ca5db6bb634c2c44c5818695d2812949c0b615c20373f9da11	layers.append(res)	Candidate evidence only; manual verification required.
EVD-a81ef073eda5	LAYER_DISCOVERY	INFERRED_FROM_SOURCE	backend/layers/layer_orchestrator.py	layer_orchestrator.py	62	553792bb37f4d2ca5db6bb634c2c44c5818695d2812949c0b615c20373f9da11	for x in layers:	Candidate evidence only; manual verification required.
EVD-04d528379ef0	LAYER_DISCOVERY	INFERRED_FROM_SOURCE	backend/layers/layer_orchestrator.py	layer_orchestrator.py	68	553792bb37f4d2ca5db6bb634c2c44c5818695d2812949c0b615c20373f9da11	"""total_layers_expected"": 16,"	Candidate evidence only; manual verification required.
EVD-2b920019a6d0	LAYER_DISCOVERY	INFERRED_FROM_SOURCE	backend/layers/layer_orchestrator.py	layer_orchestrator.py	69	553792bb37f4d2ca5db6bb634c2c44c5818695d2812949c0b615c20373f9da11	"""total_layers_executed"": len(layers),"	Candidate evidence only; manual verification required.
EVD-c63302a11178	LAYER_DISCOVERY	INFERRED_FROM_SOURCE	backend/layers/layer_orchestrator.py	layer_orchestrator.py	72	553792bb37f4d2ca5db6bb634c2c44c5818695d2812949c0b615c20373f9da11	"""layers"": layers,"	Candidate evidence only; manual verification required.
EVD-b16963888ed0	LAYER_DISCOVERY	INFERRED_FROM_SOURCE	backend/layers/layer_orchestrator.py	layer_orchestrator.py	74	553792bb37f4d2ca5db6bb634c2c44c5818695d2812949c0b615c20373f9da11	"""context_after_layers"": ctx"	Candidate evidence only; manual verification required.
EVD-668d59e11308	LAYER_DISCOVERY	INFERRED_FROM_SOURCE	backend/layers/layer_orchestrator.py	layer_orchestrator.py	77	553792bb37f4d2ca5db6bb634c2c44c5818695d2812949c0b615c20373f9da11	def evaluate(payload=None): return run_all_layers(payload)	Candidate evidence only; manual verification required.
EVD-bbe66b213080	LAYER_DISCOVERY	INFERRED_FROM_SOURCE	backend/layers/layer_orchestrator.py	layer_orchestrator.py	78	553792bb37f4d2ca5db6bb634c2c44c5818695d2812949c0b615c20373f9da11	def run(payload=None): return run_all_layers(payload)	Candidate evidence only; manual verification required.
EVD-0a41c37c3fa6	LAYER_DISCOVERY	INFERRED_FROM_SOURCE	backend/layers/layer_orchestrator.py	layer_orchestrator.py	83	553792bb37f4d2ca5db6bb634c2c44c5818695d2812949c0b615c20373f9da11	print(json.dumps(run_all_layers(payload), ensure_ascii=False, indent=2))	Candidate evidence only; manual verification required.
EVD-74d5045742f3	LAYER_DISCOVERY	INFERRED_FROM_SOURCE	backend/layers/layer_orchestrator.py	layer_orchestrator.py	85	553792bb37f4d2ca5db6bb634c2c44c5818695d2812949c0b615c20373f9da11	# NDSP_CANONICAL_RUN_ALL_LAYERS_OVERRIDE_V5	Candidate evidence only; manual verification required.
EVD-aaeafd53a3e4	LAYER_DISCOVERY	INFERRED_FROM_SOURCE	backend/layers/layer_orchestrator.py	layer_orchestrator.py	86	553792bb37f4d2ca5db6bb634c2c44c5818695d2812949c0b615c20373f9da11	_legacy_run_all_layers_reference = run_all_layers	Candidate evidence only; manual verification required.
EVD-af96ca3734f2	LAYER_DISCOVERY	INFERRED_FROM_SOURCE	backend/layers/layer_orchestrator.py	layer_orchestrator.py	87	553792bb37f4d2ca5db6bb634c2c44c5818695d2812949c0b615c20373f9da11	def run_all_layers(payload=None, *args, **kwargs):	Candidate evidence only; manual verification required.
EVD-4d97cc7058bb	LAYER_DISCOVERY	INFERRED_FROM_SOURCE	backend/layers/layer_orchestrator.py	layer_orchestrator.py	93	553792bb37f4d2ca5db6bb634c2c44c5818695d2812949c0b615c20373f9da11	return run_canonical_layers(candidate)	Candidate evidence only; manual verification required.
EVD-dd638e744e62	LAYER_DISCOVERY	INFERRED_FROM_SOURCE	backend/layers/quality/l9_horizon_structure.py	l9_horizon_structure.py	6	4e27e1941112079ac4a10884fd898b8bbd83c9cad9dc4549d209e8341da6735f	LAYER_ID=9	Candidate evidence only; manual verification required.
EVD-5a7c56cd1423	LAYER_DISCOVERY	INFERRED_FROM_SOURCE	backend/layers/quality/l9_horizon_structure.py	l9_horizon_structure.py	7	4e27e1941112079ac4a10884fd898b8bbd83c9cad9dc4549d209e8341da6735f	LAYER_NAME='Horizon Structure'	Candidate evidence only; manual verification required.
EVD-e17de56d8aea	LAYER_DISCOVERY	INFERRED_FROM_SOURCE	backend/layers/quality/l9_horizon_structure.py	l9_horizon_structure.py	8	4e27e1941112079ac4a10884fd898b8bbd83c9cad9dc4549d209e8341da6735f	LAYER_SHORT_NAME='L9_HORIZON_STRUCTURE'	Candidate evidence only; manual verification required.
EVD-4947e92dcf23	LAYER_DISCOVERY	INFERRED_FROM_SOURCE	backend/layers/quality/l9_horizon_structure.py	l9_horizon_structure.py	9	4e27e1941112079ac4a10884fd898b8bbd83c9cad9dc4549d209e8341da6735f	LAYER_ARABIC_NAME='هيكل الأفق الزمني'	Candidate evidence only; manual verification required.
EVD-01557b07f9b0	LAYER_DISCOVERY	INFERRED_FROM_SOURCE	backend/layers/quality/l9_horizon_structure.py	l9_horizon_structure.py	10	4e27e1941112079ac4a10884fd898b8bbd83c9cad9dc4549d209e8341da6735f	"_SHARED_FILE = Path(__file__).resolve().parents[2] / ""ndsp_latest_16_layers_logic_functions.py"""	Candidate evidence only; manual verification required.
EVD-1c51f9bcc936	LAYER_DISCOVERY	INFERRED_FROM_SOURCE	backend/layers/quality/l9_horizon_structure.py	l9_horizon_structure.py	13	4e27e1941112079ac4a10884fd898b8bbd83c9cad9dc4549d209e8341da6735f	"module_name=""ndsp_latest_16_layers_logic_functions"""	Candidate evidence only; manual verification required.
EVD-a3e4679da932	LAYER_DISCOVERY	INFERRED_FROM_SOURCE	backend/layers/quality/l9_horizon_structure.py	l9_horizon_structure.py	27	4e27e1941112079ac4a10884fd898b8bbd83c9cad9dc4549d209e8341da6735f	"result.setdefault(""layer_id"", LAYER_ID)"	Candidate evidence only; manual verification required.
EVD-890609eb9de5	LAYER_DISCOVERY	INFERRED_FROM_SOURCE	backend/layers/quality/l9_horizon_structure.py	l9_horizon_structure.py	28	4e27e1941112079ac4a10884fd898b8bbd83c9cad9dc4549d209e8341da6735f	"result.setdefault(""layer_name"", LAYER_NAME)"	Candidate evidence only; manual verification required.
EVD-23cb463ca3dc	LAYER_DISCOVERY	INFERRED_FROM_SOURCE	backend/layers/quality/l9_horizon_structure.py	l9_horizon_structure.py	29	4e27e1941112079ac4a10884fd898b8bbd83c9cad9dc4549d209e8341da6735f	"result.setdefault(""short_name"", LAYER_SHORT_NAME)"	Candidate evidence only; manual verification required.
EVD-b6ef9669b151	LAYER_DISCOVERY	INFERRED_FROM_SOURCE	backend/layers/quality/l9_horizon_structure.py	l9_horizon_structure.py	30	4e27e1941112079ac4a10884fd898b8bbd83c9cad9dc4549d209e8341da6735f	"result.setdefault(""arabic_name"", LAYER_ARABIC_NAME)"	Candidate evidence only; manual verification required.
EVD-38cce4b00d00	LAYER_DISCOVERY	INFERRED_FROM_SOURCE	backend/layers/quality/l9_horizon_structure.py	l9_horizon_structure.py	36	4e27e1941112079ac4a10884fd898b8bbd83c9cad9dc4549d209e8341da6735f	def compute_layer(payload=None): return evaluate(payload)	Candidate evidence only; manual verification required.
EVD-af20fe897c92	LAYER_DISCOVERY	INFERRED_FROM_SOURCE	backend/ndsp_admin_extension.cjs	ndsp_admin_extension.cjs	404	b40726c1784c46f55f467fbd1cf70e927c547ebdf183f22f8c7fc4f2ec84895c	admin.get('/layers', async (_req, res) => {	Candidate evidence only; manual verification required.
EVD-40b231ea4f29	LAYER_DISCOVERY	INFERRED_FROM_SOURCE	backend/ndsp_admin_extension.cjs	ndsp_admin_extension.cjs	412	b40726c1784c46f55f467fbd1cf70e927c547ebdf183f22f8c7fc4f2ec84895c	FROM public.ndsp_layers l	Candidate evidence only; manual verification required.
EVD-fe7f87ce49d0	LAYER_DISCOVERY	INFERRED_FROM_SOURCE	backend/ndsp_admin_extension.cjs	ndsp_admin_extension.cjs	413	b40726c1784c46f55f467fbd1cf70e927c547ebdf183f22f8c7fc4f2ec84895c	LEFT JOIN public.ndsp_plan_layers pl ON pl.layer_id = l.id	Candidate evidence only; manual verification required.
EVD-003c7086155b	LAYER_DISCOVERY	INFERRED_FROM_SOURCE	backend/ndsp_admin_extension.cjs	ndsp_admin_extension.cjs	417	b40726c1784c46f55f467fbd1cf70e927c547ebdf183f22f8c7fc4f2ec84895c	res.json({ layers: rows });	Candidate evidence only; manual verification required.
EVD-d81353e09a70	LAYER_DISCOVERY	INFERRED_FROM_SOURCE	backend/ndsp_admin_extension.cjs	ndsp_admin_extension.cjs	420	b40726c1784c46f55f467fbd1cf70e927c547ebdf183f22f8c7fc4f2ec84895c	admin.post('/layers', async (req, res) => {	Candidate evidence only; manual verification required.
EVD-bca8352f8c57	LAYER_DISCOVERY	INFERRED_FROM_SOURCE	backend/ndsp_admin_extension.cjs	ndsp_admin_extension.cjs	424	b40726c1784c46f55f467fbd1cf70e927c547ebdf183f22f8c7fc4f2ec84895c	INSERT INTO public.ndsp_layers	Candidate evidence only; manual verification required.
EVD-08d308edfb75	LAYER_DISCOVERY	INFERRED_FROM_SOURCE	backend/ndsp_admin_extension.cjs	ndsp_admin_extension.cjs	436	b40726c1784c46f55f467fbd1cf70e927c547ebdf183f22f8c7fc4f2ec84895c	await audit(req, 'create_layer', 'layer', rows[0].id, null, rows[0]);	Candidate evidence only; manual verification required.
EVD-dade54ba6f67	LAYER_DISCOVERY	INFERRED_FROM_SOURCE	backend/ndsp_admin_extension.cjs	ndsp_admin_extension.cjs	437	b40726c1784c46f55f467fbd1cf70e927c547ebdf183f22f8c7fc4f2ec84895c	res.json({ layer: rows[0] });	Candidate evidence only; manual verification required.
EVD-dff6b6ff8819	LAYER_DISCOVERY	INFERRED_FROM_SOURCE	backend/ndsp_admin_extension.cjs	ndsp_admin_extension.cjs	443	b40726c1784c46f55f467fbd1cf70e927c547ebdf183f22f8c7fc4f2ec84895c	admin.patch('/layers/:id', async (req, res) => {	Candidate evidence only; manual verification required.
EVD-3e925a93f6b6	LAYER_DISCOVERY	INFERRED_FROM_SOURCE	backend/ndsp_admin_extension.cjs	ndsp_admin_extension.cjs	445	b40726c1784c46f55f467fbd1cf70e927c547ebdf183f22f8c7fc4f2ec84895c	const before = (await pool.query(`SELECT * FROM public.ndsp_layers WHERE id=$1`, [req.params.id])).rows[0];	Candidate evidence only; manual verification required.
EVD-70817b71ffb4	LAYER_DISCOVERY	INFERRED_FROM_SOURCE	backend/ndsp_admin_extension.cjs	ndsp_admin_extension.cjs	446	b40726c1784c46f55f467fbd1cf70e927c547ebdf183f22f8c7fc4f2ec84895c	if (!before) return res.status(404).json({ error: 'Layer not found' });	Candidate evidence only; manual verification required.
EVD-c390d72b7314	LAYER_DISCOVERY	INFERRED_FROM_SOURCE	backend/ndsp_admin_extension.cjs	ndsp_admin_extension.cjs	449	b40726c1784c46f55f467fbd1cf70e927c547ebdf183f22f8c7fc4f2ec84895c	return res.status(409).json({ error: 'Sovereign layer cannot be downgraded' });	Candidate evidence only; manual verification required.
EVD-01f80243c7d4	LAYER_DISCOVERY	INFERRED_FROM_SOURCE	backend/ndsp_admin_extension.cjs	ndsp_admin_extension.cjs	463	b40726c1784c46f55f467fbd1cf70e927c547ebdf183f22f8c7fc4f2ec84895c	UPDATE public.ndsp_layers	Candidate evidence only; manual verification required.
EVD-1376200d9147	LAYER_DISCOVERY	INFERRED_FROM_SOURCE	backend/ndsp_admin_extension.cjs	ndsp_admin_extension.cjs	473	b40726c1784c46f55f467fbd1cf70e927c547ebdf183f22f8c7fc4f2ec84895c	await audit(req, 'update_layer', 'layer', req.params.id, before, rows[0]);	Candidate evidence only; manual verification required.
EVD-374c692eadf7	LAYER_DISCOVERY	INFERRED_FROM_SOURCE	backend/ndsp_admin_extension.cjs	ndsp_admin_extension.cjs	474	b40726c1784c46f55f467fbd1cf70e927c547ebdf183f22f8c7fc4f2ec84895c	res.json({ layer: rows[0] });	Candidate evidence only; manual verification required.
EVD-bab68b8cf09f	LAYER_DISCOVERY	INFERRED_FROM_SOURCE	backend/ndsp_admin_extension.cjs	ndsp_admin_extension.cjs	480	b40726c1784c46f55f467fbd1cf70e927c547ebdf183f22f8c7fc4f2ec84895c	admin.put('/layers/:id/plans', async (req, res) => {	Candidate evidence only; manual verification required.
EVD-0bdab51b2faf	LAYER_DISCOVERY	INFERRED_FROM_SOURCE	backend/ndsp_admin_extension.cjs	ndsp_admin_extension.cjs	483	b40726c1784c46f55f467fbd1cf70e927c547ebdf183f22f8c7fc4f2ec84895c	const layer = (await client.query(`SELECT * FROM public.ndsp_layers WHERE id=$1`, [req.params.id])).rows[0];	Candidate evidence only; manual verification required.
EVD-0f55ef6c73e9	LAYER_DISCOVERY	INFERRED_FROM_SOURCE	backend/ndsp_admin_extension.cjs	ndsp_admin_extension.cjs	484	b40726c1784c46f55f467fbd1cf70e927c547ebdf183f22f8c7fc4f2ec84895c	if (!layer) return res.status(404).json({ error: 'Layer not found' });	Candidate evidence only; manual verification required.
EVD-9fb948205955	LAYER_DISCOVERY	INFERRED_FROM_SOURCE	backend/ndsp_admin_extension.cjs	ndsp_admin_extension.cjs	489	b40726c1784c46f55f467fbd1cf70e927c547ebdf183f22f8c7fc4f2ec84895c	await client.query(`DELETE FROM public.ndsp_plan_layers WHERE layer_id=$1`, [req.params.id]);	Candidate evidence only; manual verification required.
EVD-13a837596e7f	LAYER_DISCOVERY	INFERRED_FROM_SOURCE	backend/ndsp_admin_extension.cjs	ndsp_admin_extension.cjs	492	b40726c1784c46f55f467fbd1cf70e927c547ebdf183f22f8c7fc4f2ec84895c	INSERT INTO public.ndsp_plan_layers (plan_id, layer_id)	Candidate evidence only; manual verification required.
EVD-261d62b27e4e	LAYER_DISCOVERY	INFERRED_FROM_SOURCE	backend/ndsp_admin_migrate.cjs	ndsp_admin_migrate.cjs	31	3d30cf78ed11d0e583aa3e928b9826376f1c79b627ad458b91a3df948cded75e	CREATE TABLE IF NOT EXISTS public.ndsp_layers (	Candidate evidence only; manual verification required.
EVD-338c6d425d6c	LAYER_DISCOVERY	INFERRED_FROM_SOURCE	backend/ndsp_admin_migrate.cjs	ndsp_admin_migrate.cjs	43	3d30cf78ed11d0e583aa3e928b9826376f1c79b627ad458b91a3df948cded75e	CREATE TABLE IF NOT EXISTS public.ndsp_plan_layers (	Candidate evidence only; manual verification required.
EVD-772102966089	LAYER_DISCOVERY	INFERRED_FROM_SOURCE	backend/ndsp_admin_migrate.cjs	ndsp_admin_migrate.cjs	45	3d30cf78ed11d0e583aa3e928b9826376f1c79b627ad458b91a3df948cded75e	layer_id INTEGER NOT NULL REFERENCES public.ndsp_layers(id) ON DELETE CASCADE,	Candidate evidence only; manual verification required.
EVD-a52820e05fe5	LAYER_DISCOVERY	INFERRED_FROM_SOURCE	backend/ndsp_admin_migrate.cjs	ndsp_admin_migrate.cjs	47	3d30cf78ed11d0e583aa3e928b9826376f1c79b627ad458b91a3df948cded75e	PRIMARY KEY (plan_id, layer_id)	Candidate evidence only; manual verification required.
EVD-72c84976b2fa	LAYER_DISCOVERY	INFERRED_FROM_SOURCE	backend/ndsp_admin_migrate.cjs	ndsp_admin_migrate.cjs	94	3d30cf78ed11d0e583aa3e928b9826376f1c79b627ad458b91a3df948cded75e	"('trial', 'التجربة', 0, 'تجربة مجانية لمدة 16 يوم', 16, '[""دخول أساسي"", ""استبيان نهاية التجربة""]', '{""assets"":3,""layers"":""basic""}', TRUE),"	Candidate evidence only; manual verification required.
EVD-970cfbf8b320	LAYER_DISCOVERY	INFERRED_FROM_SOURCE	backend/ndsp_admin_migrate.cjs	ndsp_admin_migrate.cjs	95	3d30cf78ed11d0e583aa3e928b9826376f1c79b627ad458b91a3df948cded75e	"('basic', 'Basic', 19, 'باقة أساسية للمستخدمين الجدد', 16, '[""BTC"", ""ETH"", ""GOLD"", ""طبقات أساسية""]', '{""assets"":3,""layers"":""basic""}', TRUE),"	Candidate evidence only; manual verification required.
EVD-eff2d071d298	LAYER_DISCOVERY	INFERRED_FROM_SOURCE	backend/ndsp_admin_migrate.cjs	ndsp_admin_migrate.cjs	96	3d30cf78ed11d0e583aa3e928b9826376f1c79b627ad458b91a3df948cded75e	"('pro', 'Pro', 49, 'باقة احترافية تشمل معظم الطبقات والأصول', 16, '[""BTC"", ""ETH"", ""XRP"", ""SOL"", ""GOLD"", ""NASDAQ"", ""طبقات متقدمة""]', '{""assets"":6,""layers"":""advanced""}', TRUE),"	Candidate evidence only; manual verification required.
EVD-65ae0d3f21c1	LAYER_DISCOVERY	INFERRED_FROM_SOURCE	backend/ndsp_admin_migrate.cjs	ndsp_admin_migrate.cjs	97	3d30cf78ed11d0e583aa3e928b9826376f1c79b627ad458b91a3df948cded75e	"('sovereign', 'Sovereign', 149, 'باقة سيادية للطبقات الحساسة', 16, '[""كل الأصول"", ""كل الطبقات"", ""صلاحيات سيادية""]', '{""assets"":""all"",""layers"":""all""}', TRUE)"	Candidate evidence only; manual verification required.
EVD-51b938703a3b	LAYER_DISCOVERY	INFERRED_FROM_SOURCE	backend/ndsp_admin_migrate.cjs	ndsp_admin_migrate.cjs	103	3d30cf78ed11d0e583aa3e928b9826376f1c79b627ad458b91a3df948cded75e	INSERT INTO public.ndsp_layers	Candidate evidence only; manual verification required.
EVD-aadd27ea9725	LAYER_DISCOVERY	INFERRED_FROM_SOURCE	backend/ndsp_admin_migrate.cjs	ndsp_admin_migrate.cjs	106	3d30cf78ed11d0e583aa3e928b9826376f1c79b627ad458b91a3df948cded75e	('market_pulse', 'Market Pulse', 'طبقة قراءة نبض السوق', TRUE, FALSE, 10),	Candidate evidence only; manual verification required.
EVD-c9522b73cc7d	LAYER_DISCOVERY	INFERRED_FROM_SOURCE	backend/ndsp_admin_migrate.cjs	ndsp_admin_migrate.cjs	107	3d30cf78ed11d0e583aa3e928b9826376f1c79b627ad458b91a3df948cded75e	('liquidity', 'Liquidity', 'طبقة السيولة ومناطق التجميع', TRUE, FALSE, 20),	Candidate evidence only; manual verification required.
EVD-f2bd64531117	LAYER_DISCOVERY	INFERRED_FROM_SOURCE	backend/ndsp_admin_migrate.cjs	ndsp_admin_migrate.cjs	108	3d30cf78ed11d0e583aa3e928b9826376f1c79b627ad458b91a3df948cded75e	('risk', 'Risk Engine', 'طبقة إدارة المخاطر', TRUE, FALSE, 30),	Candidate evidence only; manual verification required.
EVD-a9777a914830	LAYER_DISCOVERY	INFERRED_FROM_SOURCE	backend/ndsp_admin_migrate.cjs	ndsp_admin_migrate.cjs	109	3d30cf78ed11d0e583aa3e928b9826376f1c79b627ad458b91a3df948cded75e	('macro', 'Macro View', 'طبقة الرؤية الاقتصادية الكلية', TRUE, FALSE, 40),	Candidate evidence only; manual verification required.
EVD-6b0cca1a9b55	LAYER_DISCOVERY	INFERRED_FROM_SOURCE	backend/ndsp_admin_migrate.cjs	ndsp_admin_migrate.cjs	110	3d30cf78ed11d0e583aa3e928b9826376f1c79b627ad458b91a3df948cded75e	('sovereign_core', 'Sovereign Core', 'طبقة سيادية محمية', FALSE, TRUE, 100),	Candidate evidence only; manual verification required.
EVD-ef5b0793c5e3	LAYER_DISCOVERY	INFERRED_FROM_SOURCE	backend/ndsp_admin_migrate.cjs	ndsp_admin_migrate.cjs	111	3d30cf78ed11d0e583aa3e928b9826376f1c79b627ad458b91a3df948cded75e	('admin_intel', 'Admin Intelligence', 'طبقة إدارية داخلية', FALSE, TRUE, 110)	Candidate evidence only; manual verification required.
EVD-0af2d8a0014a	LAYER_DISCOVERY	INFERRED_FROM_SOURCE	backend/ndsp_admin_migrate.cjs	ndsp_admin_migrate.cjs	132	3d30cf78ed11d0e583aa3e928b9826376f1c79b627ad458b91a3df948cded75e	INSERT INTO public.ndsp_plan_layers (plan_id, layer_id)	Candidate evidence only; manual verification required.
EVD-006d793b3d69	LAYER_DISCOVERY	INFERRED_FROM_SOURCE	backend/ndsp_admin_migrate.cjs	ndsp_admin_migrate.cjs	135	3d30cf78ed11d0e583aa3e928b9826376f1c79b627ad458b91a3df948cded75e	JOIN public.ndsp_layers l ON (	Candidate evidence only; manual verification required.
EVD-a0e7ed17069c	LAYER_DISCOVERY	INFERRED_FROM_SOURCE	backend/ndsp_admin_ui_proxy.cjs	ndsp_admin_ui_proxy.cjs	676	73baa76f5df53e80b55839a950bef6d02eb92cf331eb5e161a4fe90eb1ffdb32	"visible_layers:['TDL','NMP',""Devil's Advocate"",'Nawaf Golden Alignment'],"	Candidate evidence only; manual verification required.
EVD-e3e4c08ea49a	LAYER_DISCOVERY	INFERRED_FROM_SOURCE	backend/ndsp_admin_ui_proxy.cjs	ndsp_admin_ui_proxy.cjs	677	73baa76f5df53e80b55839a950bef6d02eb92cf331eb5e161a4fe90eb1ffdb32	protected_layers_count:12,	Candidate evidence only; manual verification required.
EVD-7b03ff5387c6	LAYER_DISCOVERY	INFERRED_FROM_SOURCE	backend/ndsp_checkout_plans_package/database/migrations/20260524_001_checkout_plans.sql	20260524_001_checkout_plans.sql	153	8b8151f6b1776a6e604c8c4d7df212235d2038920ea7b4bb0ba832c7836d4161	'وصول موسع لطبقات التحليل المؤسسية مع شرح أعمق للحالة.',	Candidate evidence only; manual verification required.
EVD-d0ed793729bd	LAYER_DISCOVERY	INFERRED_FROM_SOURCE	backend/ndsp_checkout_plans_package/database/migrations/20260524_001_checkout_plans.sql	20260524_001_checkout_plans.sql	154	8b8151f6b1776a6e604c8c4d7df212235d2038920ea7b4bb0ba832c7836d4161	'Expanded access to institutional analytical layers with deeper scenario explanation.',	Candidate evidence only; manual verification required.
EVD-4848f53a279b	LAYER_DISCOVERY	INFERRED_FROM_SOURCE	backend/ndsp_checkout_plans_package/database/migrations/20260524_001_checkout_plans.sql	20260524_001_checkout_plans.sql	167	8b8151f6b1776a6e604c8c4d7df212235d2038920ea7b4bb0ba832c7836d4161	"""Sanitized multi-layer output"""	Candidate evidence only; manual verification required.
EVD-6885e1254156	LAYER_DISCOVERY	INFERRED_FROM_SOURCE	backend/ndsp_latest_16_layers_logic_functions.py	ndsp_latest_16_layers_logic_functions.py	7	750a5d8fdd650c34a041c958c55239cb93d8451a23793eeebcc79dba951ea2d3	# NDSP runtime compatibility helper - required by Layer 8 NMP	Candidate evidence only; manual verification required.
EVD-970ce84de1ae	LAYER_DISCOVERY	INFERRED_FROM_SOURCE	backend/ndsp_latest_16_layers_logic_functions.py	ndsp_latest_16_layers_logic_functions.py	16	750a5d8fdd650c34a041c958c55239cb93d8451a23793eeebcc79dba951ea2d3	NDSP — Latest 16 Backend Layer Logic Functions	Candidate evidence only; manual verification required.
EVD-7ababddd4ab0	LAYER_DISCOVERY	INFERRED_FROM_SOURCE	backend/ndsp_latest_16_layers_logic_functions.py	ndsp_latest_16_layers_logic_functions.py	17	750a5d8fdd650c34a041c958c55239cb93d8451a23793eeebcc79dba951ea2d3	نسخة دوال المنطق المحدثة للطبقات الـ16	Candidate evidence only; manual verification required.
EVD-275e3ad6d623	LAYER_DISCOVERY	INFERRED_FROM_SOURCE	backend/ndsp_latest_16_layers_logic_functions.py	ndsp_latest_16_layers_logic_functions.py	20	750a5d8fdd650c34a041c958c55239cb93d8451a23793eeebcc79dba951ea2d3	- يحتوي دوال منطق قابلة للنسخ داخل ملفات الطبقات.	Candidate evidence only; manual verification required.
EVD-4cce4e317875	LAYER_DISCOVERY	INFERRED_FROM_SOURCE	backend/ndsp_latest_16_layers_logic_functions.py	ndsp_latest_16_layers_logic_functions.py	21	750a5d8fdd650c34a041c958c55239cb93d8451a23793eeebcc79dba951ea2d3	- كل دالة ترجع dict موحد جاهز للربط مع الواجهة أو layer_orchestrator.	Candidate evidence only; manual verification required.
EVD-82572579f504	LAYER_DISCOVERY	INFERRED_FROM_SOURCE	backend/ndsp_latest_16_layers_logic_functions.py	ndsp_latest_16_layers_logic_functions.py	25	750a5d8fdd650c34a041c958c55239cb93d8451a23793eeebcc79dba951ea2d3	- يمكن استخدامها كمرجع أو استيرادها من ملفات الطبقات.	Candidate evidence only; manual verification required.
EVD-4e4eea23f285	LAYER_DISCOVERY	INFERRED_FROM_SOURCE	backend/ndsp_latest_16_layers_logic_functions.py	ndsp_latest_16_layers_logic_functions.py	105	750a5d8fdd650c34a041c958c55239cb93d8451a23793eeebcc79dba951ea2d3	def _layer_result(	Candidate evidence only; manual verification required.
EVD-c750e9d7526d	LAYER_DISCOVERY	INFERRED_FROM_SOURCE	backend/ndsp_latest_16_layers_logic_functions.py	ndsp_latest_16_layers_logic_functions.py	106	750a5d8fdd650c34a041c958c55239cb93d8451a23793eeebcc79dba951ea2d3	layer_id: int,	Candidate evidence only; manual verification required.
EVD-c88aaafcd66a	LAYER_DISCOVERY	INFERRED_FROM_SOURCE	backend/ndsp_latest_16_layers_logic_functions.py	ndsp_latest_16_layers_logic_functions.py	107	750a5d8fdd650c34a041c958c55239cb93d8451a23793eeebcc79dba951ea2d3	layer_name: str,	Candidate evidence only; manual verification required.
EVD-395b1a7bff96	LAYER_DISCOVERY	INFERRED_FROM_SOURCE	backend/ndsp_latest_16_layers_logic_functions.py	ndsp_latest_16_layers_logic_functions.py	119	750a5d8fdd650c34a041c958c55239cb93d8451a23793eeebcc79dba951ea2d3	"""layer_id"": layer_id,"	Candidate evidence only; manual verification required.
EVD-f80415f8edf0	LAYER_DISCOVERY	INFERRED_FROM_SOURCE	backend/ndsp_latest_16_layers_logic_functions.py	ndsp_latest_16_layers_logic_functions.py	120	750a5d8fdd650c34a041c958c55239cb93d8451a23793eeebcc79dba951ea2d3	"""layer_name"": layer_name,"	Candidate evidence only; manual verification required.
EVD-6cebe1d6dfe8	LAYER_DISCOVERY	INFERRED_FROM_SOURCE	backend/ndsp_latest_16_layers_logic_functions.py	ndsp_latest_16_layers_logic_functions.py	136	750a5d8fdd650c34a041c958c55239cb93d8451a23793eeebcc79dba951ea2d3	# Layer 1 — Source Authority / Data Source Integrity	Candidate evidence only; manual verification required.
EVD-5d3ebe2a5b23	LAYER_DISCOVERY	INFERRED_FROM_SOURCE	backend/ndsp_latest_16_layers_logic_functions.py	ndsp_latest_16_layers_logic_functions.py	137	750a5d8fdd650c34a041c958c55239cb93d8451a23793eeebcc79dba951ea2d3	# File: backend/layers/data/l1_source.py	Candidate evidence only; manual verification required.
EVD-fe524cdd263d	LAYER_DISCOVERY	INFERRED_FROM_SOURCE	backend/ndsp_latest_16_layers_logic_functions.py	ndsp_latest_16_layers_logic_functions.py	178	750a5d8fdd650c34a041c958c55239cb93d8451a23793eeebcc79dba951ea2d3	return _layer_result(	Candidate evidence only; manual verification required.
EVD-77a993fbf75f	LAYER_DISCOVERY	INFERRED_FROM_SOURCE	backend/ndsp_latest_16_layers_logic_functions.py	ndsp_latest_16_layers_logic_functions.py	193	750a5d8fdd650c34a041c958c55239cb93d8451a23793eeebcc79dba951ea2d3	# Layer 2 — Session Authority	Candidate evidence only; manual verification required.
EVD-9f6feb54abd4	LAYER_DISCOVERY	INFERRED_FROM_SOURCE	backend/ndsp_latest_16_layers_logic_functions.py	ndsp_latest_16_layers_logic_functions.py	194	750a5d8fdd650c34a041c958c55239cb93d8451a23793eeebcc79dba951ea2d3	# File: backend/layers/data/l2_session.py	Candidate evidence only; manual verification required.
EVD-5bfb92c7b5c1	LAYER_DISCOVERY	INFERRED_FROM_SOURCE	backend/ndsp_latest_16_layers_logic_functions.py	ndsp_latest_16_layers_logic_functions.py	237	750a5d8fdd650c34a041c958c55239cb93d8451a23793eeebcc79dba951ea2d3	return _layer_result(	Candidate evidence only; manual verification required.
EVD-91b170f8b648	LAYER_DISCOVERY	INFERRED_FROM_SOURCE	backend/ndsp_latest_16_layers_logic_functions.py	ndsp_latest_16_layers_logic_functions.py	251	750a5d8fdd650c34a041c958c55239cb93d8451a23793eeebcc79dba951ea2d3	# Layer 3 — Timing Authority	Candidate evidence only; manual verification required.
EVD-5713e44dd37b	LAYER_DISCOVERY	INFERRED_FROM_SOURCE	backend/ndsp_latest_16_layers_logic_functions.py	ndsp_latest_16_layers_logic_functions.py	252	750a5d8fdd650c34a041c958c55239cb93d8451a23793eeebcc79dba951ea2d3	# File: backend/layers/direction/l3_timing.py	Candidate evidence only; manual verification required.
EVD-520c8314c77f	LAYER_DISCOVERY	INFERRED_FROM_SOURCE	backend/ndsp_latest_16_layers_logic_functions.py	ndsp_latest_16_layers_logic_functions.py	299	750a5d8fdd650c34a041c958c55239cb93d8451a23793eeebcc79dba951ea2d3	return _layer_result(	Candidate evidence only; manual verification required.
EVD-9ac42ca1c462	LAYER_DISCOVERY	INFERRED_FROM_SOURCE	backend/ndsp_layer_name_masking_policy.cjs	ndsp_layer_name_masking_policy.cjs	4	f04cadf0850af541eb7838add838ff9e207ebeb101250283070c616e7f3eb2d0	NDSP Layer Name Masking Policy Engine	Candidate evidence only; manual verification required.
EVD-71122a121a63	LAYER_DISCOVERY	INFERRED_FROM_SOURCE	backend/ndsp_layer_name_masking_policy.cjs	ndsp_layer_name_masking_policy.cjs	6	f04cadf0850af541eb7838add838ff9e207ebeb101250283070c616e7f3eb2d0	- 4 layer names may appear:	Candidate evidence only; manual verification required.
EVD-3589ef6824f0	LAYER_DISCOVERY	INFERRED_FROM_SOURCE	backend/ndsp_layer_name_masking_policy.cjs	ndsp_layer_name_masking_policy.cjs	8	f04cadf0850af541eb7838add838ff9e207ebeb101250283070c616e7f3eb2d0	- The other 12 layer names and internal IDs are hidden.	Candidate evidence only; manual verification required.
EVD-35a0bfe5b0fa	LAYER_DISCOVERY	INFERRED_FROM_SOURCE	backend/ndsp_layer_name_masking_policy.cjs	ndsp_layer_name_masking_policy.cjs	13	f04cadf0850af541eb7838add838ff9e207ebeb101250283070c616e7f3eb2d0	policy: 'NDSP_LAYER_NAME_MASKING_POLICY',	Candidate evidence only; manual verification required.
EVD-850e8af358b7	LAYER_DISCOVERY	INFERRED_FROM_SOURCE	backend/ndsp_layer_name_masking_policy.cjs	ndsp_layer_name_masking_policy.cjs	14	f04cadf0850af541eb7838add838ff9e207ebeb101250283070c616e7f3eb2d0	total_layers: 16,	Candidate evidence only; manual verification required.
EVD-5a1f25686753	LAYER_DISCOVERY	INFERRED_FROM_SOURCE	backend/ndsp_layer_name_masking_policy.cjs	ndsp_layer_name_masking_policy.cjs	15	f04cadf0850af541eb7838add838ff9e207ebeb101250283070c616e7f3eb2d0	visible_named_layers_count: 4,	Candidate evidence only; manual verification required.
EVD-3e865109b9db	LAYER_DISCOVERY	INFERRED_FROM_SOURCE	backend/ndsp_layer_name_masking_policy.cjs	ndsp_layer_name_masking_policy.cjs	16	f04cadf0850af541eb7838add838ff9e207ebeb101250283070c616e7f3eb2d0	hidden_named_layers_count: 12,	Candidate evidence only; manual verification required.
EVD-9e4a89a9587a	LAYER_DISCOVERY	INFERRED_FROM_SOURCE	backend/ndsp_layer_name_masking_policy.cjs	ndsp_layer_name_masking_policy.cjs	17	f04cadf0850af541eb7838add838ff9e207ebeb101250283070c616e7f3eb2d0	visible_named_layers: [	Candidate evidence only; manual verification required.
EVD-27a3ad1fdf77	LAYER_DISCOVERY	INFERRED_FROM_SOURCE	backend/ndsp_layer_name_masking_policy.cjs	ndsp_layer_name_masking_policy.cjs	41	f04cadf0850af541eb7838add838ff9e207ebeb101250283070c616e7f3eb2d0	/\bLayer\s*(?:1|2|3|4|5|6|7|8|9|10|11|12|13|14|15|16)\b/gi,	Candidate evidence only; manual verification required.
EVD-c049d20dbf4e	LAYER_DISCOVERY	INFERRED_FROM_SOURCE	backend/ndsp_layer_name_masking_policy.cjs	ndsp_layer_name_masking_policy.cjs	42	f04cadf0850af541eb7838add838ff9e207ebeb101250283070c616e7f3eb2d0	/\bProtected\s+Layers?\b/gi,	Candidate evidence only; manual verification required.
EVD-013eedc1a125	LAYER_DISCOVERY	INFERRED_FROM_SOURCE	backend/ndsp_layer_name_masking_policy.cjs	ndsp_layer_name_masking_policy.cjs	43	f04cadf0850af541eb7838add838ff9e207ebeb101250283070c616e7f3eb2d0	/\b(?:14|16)[-\s]*Layer\s+(?:Map|Governance|System)\b/gi,	Candidate evidence only; manual verification required.
EVD-b6a84ad45196	LAYER_DISCOVERY	INFERRED_FROM_SOURCE	backend/ndsp_layer_name_masking_policy.cjs	ndsp_layer_name_masking_policy.cjs	45	f04cadf0850af541eb7838add838ff9e207ebeb101250283070c616e7f3eb2d0	/طبقة\s*(?:1|2|3|4|5|6|7|8|9|10|11|12|13|14|15|16)/g,	Candidate evidence only; manual verification required.
EVD-d53bc7631043	LAYER_DISCOVERY	INFERRED_FROM_SOURCE	backend/ndsp_layer_name_masking_policy.cjs	ndsp_layer_name_masking_policy.cjs	46	f04cadf0850af541eb7838add838ff9e207ebeb101250283070c616e7f3eb2d0	/الطبقات\s+المحمية\s*(?:8|9|10|11|12|16|[0-9\s·و]+)/g,	Candidate evidence only; manual verification required.
EVD-9d557fb2defa	LAYER_DISCOVERY	INFERRED_FROM_SOURCE	backend/ndsp_layer_name_masking_policy.cjs	ndsp_layer_name_masking_policy.cjs	47	f04cadf0850af541eb7838add838ff9e207ebeb101250283070c616e7f3eb2d0	/Protected\s+Internal\s+Layer/gi,	Candidate evidence only; manual verification required.
EVD-a460242832d9	LAYER_DISCOVERY	INFERRED_FROM_SOURCE	backend/ndsp_layer_name_masking_policy.cjs	ndsp_layer_name_masking_policy.cjs	48	f04cadf0850af541eb7838add838ff9e207ebeb101250283070c616e7f3eb2d0	/Activation\s+Layer/gi,	Candidate evidence only; manual verification required.
EVD-8725cf965fec	LAYER_DISCOVERY	INFERRED_FROM_SOURCE	backend/ndsp_layer_name_masking_policy.cjs	ndsp_layer_name_masking_policy.cjs	49	f04cadf0850af541eb7838add838ff9e207ebeb101250283070c616e7f3eb2d0	/Market\s+Context\s+Layer/gi,	Candidate evidence only; manual verification required.
EVD-63ae577319d3	LAYER_DISCOVERY	INFERRED_FROM_SOURCE	backend/ndsp_layer_name_masking_policy.cjs	ndsp_layer_name_masking_policy.cjs	50	f04cadf0850af541eb7838add838ff9e207ebeb101250283070c616e7f3eb2d0	/Liquidity\s+Mapping\s+Layer/gi,	Candidate evidence only; manual verification required.
EVD-1f67d07a1b5d	LAYER_DISCOVERY	INFERRED_FROM_SOURCE	backend/ndsp_layer_name_masking_policy.cjs	ndsp_layer_name_masking_policy.cjs	51	f04cadf0850af541eb7838add838ff9e207ebeb101250283070c616e7f3eb2d0	/Structure\s+Reading\s+Layer/gi,	Candidate evidence only; manual verification required.
EVD-201ddaf62a13	LAYER_DISCOVERY	INFERRED_FROM_SOURCE	backend/ndsp_layer_name_masking_policy.cjs	ndsp_layer_name_masking_policy.cjs	52	f04cadf0850af541eb7838add838ff9e207ebeb101250283070c616e7f3eb2d0	/Risk\s*&?\s*Volatility\s+Envelope\s+Layer/gi,	Candidate evidence only; manual verification required.
EVD-10ef3e2fa199	LAYER_DISCOVERY	INFERRED_FROM_SOURCE	backend/ndsp_layer_name_masking_policy.cjs	ndsp_layer_name_masking_policy.cjs	53	f04cadf0850af541eb7838add838ff9e207ebeb101250283070c616e7f3eb2d0	/Public\s+Decision\s+Narrative\s+Layer/gi,	Candidate evidence only; manual verification required.
EVD-0d77547fec87	LAYER_DISCOVERY	INFERRED_FROM_SOURCE	backend/ndsp_saas_packages_policy.cjs	ndsp_saas_packages_policy.cjs	3	6b2629a67147e9addba300d1aac54aebc2645b095db156b1c92a54bb7931da82	const APPROVED_LAYER_NAMES = Object.freeze([	Candidate evidence only; manual verification required.
EVD-4f10b711a9fa	LAYER_DISCOVERY	INFERRED_FROM_SOURCE	backend/ndsp_saas_packages_policy.cjs	ndsp_saas_packages_policy.cjs	17	6b2629a67147e9addba300d1aac54aebc2645b095db156b1c92a54bb7931da82	visible_named_layers: [],	Candidate evidence only; manual verification required.
EVD-46dcee42637b	LAYER_DISCOVERY	INFERRED_FROM_SOURCE	backend/ndsp_saas_packages_policy.cjs	ndsp_saas_packages_policy.cjs	18	6b2629a67147e9addba300d1aac54aebc2645b095db156b1c92a54bb7931da82	hidden_named_layers_count: 16,	Candidate evidence only; manual verification required.
EVD-55dbc1145777	LAYER_DISCOVERY	INFERRED_FROM_SOURCE	backend/ndsp_saas_packages_policy.cjs	ndsp_saas_packages_policy.cjs	32	6b2629a67147e9addba300d1aac54aebc2645b095db156b1c92a54bb7931da82	visible_named_layers: ['TDL', 'NMP'],	Candidate evidence only; manual verification required.
EVD-d2abb7ecbfa4	LAYER_DISCOVERY	INFERRED_FROM_SOURCE	backend/ndsp_saas_packages_policy.cjs	ndsp_saas_packages_policy.cjs	34	6b2629a67147e9addba300d1aac54aebc2645b095db156b1c92a54bb7931da82	hidden_named_layers_count: 14,	Candidate evidence only; manual verification required.
EVD-4004eff5a2f7	LAYER_DISCOVERY	INFERRED_FROM_SOURCE	backend/ndsp_saas_packages_policy.cjs	ndsp_saas_packages_policy.cjs	48	6b2629a67147e9addba300d1aac54aebc2645b095db156b1c92a54bb7931da82	"visible_named_layers: ['TDL', 'NMP', ""Devil's Advocate"", 'Nawaf Golden Alignment'],"	Candidate evidence only; manual verification required.
EVD-a655aea9942d	LAYER_DISCOVERY	INFERRED_FROM_SOURCE	backend/ndsp_saas_packages_policy.cjs	ndsp_saas_packages_policy.cjs	49	6b2629a67147e9addba300d1aac54aebc2645b095db156b1c92a54bb7931da82	hidden_named_layers_count: 12,	Candidate evidence only; manual verification required.
EVD-241bf3e492bd	LAYER_DISCOVERY	INFERRED_FROM_SOURCE	backend/ndsp_saas_packages_policy.cjs	ndsp_saas_packages_policy.cjs	66	6b2629a67147e9addba300d1aac54aebc2645b095db156b1c92a54bb7931da82	"visible_named_layers: ['TDL', 'NMP', ""Devil's Advocate"", 'Nawaf Golden Alignment'],"	Candidate evidence only; manual verification required.
EVD-30ed14c1098f	LAYER_DISCOVERY	INFERRED_FROM_SOURCE	backend/ndsp_saas_packages_policy.cjs	ndsp_saas_packages_policy.cjs	67	6b2629a67147e9addba300d1aac54aebc2645b095db156b1c92a54bb7931da82	hidden_named_layers_count: 12,	Candidate evidence only; manual verification required.
EVD-2789b4edf538	LAYER_DISCOVERY	INFERRED_FROM_SOURCE	backend/ndsp_saas_packages_policy.cjs	ndsp_saas_packages_policy.cjs	80	6b2629a67147e9addba300d1aac54aebc2645b095db156b1c92a54bb7931da82	total_internal_layers: 16,	Candidate evidence only; manual verification required.
EVD-c12e976bb4d7	LAYER_DISCOVERY	INFERRED_FROM_SOURCE	backend/ndsp_saas_packages_policy.cjs	ndsp_saas_packages_policy.cjs	81	6b2629a67147e9addba300d1aac54aebc2645b095db156b1c92a54bb7931da82	approved_named_layers: APPROVED_LAYER_NAMES,	Candidate evidence only; manual verification required.
EVD-2e5f2f5b54f9	LAYER_DISCOVERY	INFERRED_FROM_SOURCE	backend/ndsp_saas_packages_policy.cjs	ndsp_saas_packages_policy.cjs	82	6b2629a67147e9addba300d1aac54aebc2645b095db156b1c92a54bb7931da82	hidden_internal_layer_names_always_hidden: true,	Candidate evidence only; manual verification required.
EVD-08b79429e786	LAYER_DISCOVERY	INFERRED_FROM_SOURCE	backend/ndsp_saas_packages_policy.cjs	ndsp_saas_packages_policy.cjs	83	6b2629a67147e9addba300d1aac54aebc2645b095db156b1c92a54bb7931da82	hidden_layer_outputs_allowed: true,	Candidate evidence only; manual verification required.
EVD-312025202c0c	LAYER_DISCOVERY	INFERRED_FROM_SOURCE	backend/ndsp_saas_packages_policy.cjs	ndsp_saas_packages_policy.cjs	146	6b2629a67147e9addba300d1aac54aebc2645b095db156b1c92a54bb7931da82	function layerVisibilityForPlan(plan) {	Candidate evidence only; manual verification required.
EVD-ee419e58eef6	LAYER_DISCOVERY	INFERRED_FROM_SOURCE	backend/ndsp_saas_packages_policy.cjs	ndsp_saas_packages_policy.cjs	152	6b2629a67147e9addba300d1aac54aebc2645b095db156b1c92a54bb7931da82	total_internal_layers: 16,	Candidate evidence only; manual verification required.
EVD-9f0618e647c2	LAYER_DISCOVERY	INFERRED_FROM_SOURCE	backend/ndsp_saas_packages_policy.cjs	ndsp_saas_packages_policy.cjs	153	6b2629a67147e9addba300d1aac54aebc2645b095db156b1c92a54bb7931da82	visible_named_layers: pkg.visible_named_layers,	Candidate evidence only; manual verification required.
EVD-4871520f458c	LAYER_DISCOVERY	INFERRED_FROM_SOURCE	backend/ndsp_saas_packages_policy.cjs	ndsp_saas_packages_policy.cjs	154	6b2629a67147e9addba300d1aac54aebc2645b095db156b1c92a54bb7931da82	visible_named_layers_count: pkg.visible_named_layers.length,	Candidate evidence only; manual verification required.
EVD-0f2376497d97	LAYER_DISCOVERY	INFERRED_FROM_SOURCE	backend/ndsp_saas_packages_policy.cjs	ndsp_saas_packages_policy.cjs	155	6b2629a67147e9addba300d1aac54aebc2645b095db156b1c92a54bb7931da82	hidden_named_layers_count: pkg.hidden_named_layers_count,	Candidate evidence only; manual verification required.
EVD-abc7a26b7073	LAYER_DISCOVERY	INFERRED_FROM_SOURCE	backend/ndsp_saas_packages_policy.cjs	ndsp_saas_packages_policy.cjs	156	6b2629a67147e9addba300d1aac54aebc2645b095db156b1c92a54bb7931da82	hidden_layer_outputs_allowed: true,	Candidate evidence only; manual verification required.
EVD-17272ccbd820	LAYER_DISCOVERY	INFERRED_FROM_SOURCE	backend/ndsp_saas_packages_policy.cjs	ndsp_saas_packages_policy.cjs	176	6b2629a67147e9addba300d1aac54aebc2645b095db156b1c92a54bb7931da82	visible_named_layers: pkg.visible_named_layers,	Candidate evidence only; manual verification required.
EVD-dfab95899a18	LAYER_DISCOVERY	INFERRED_FROM_SOURCE	backend/ndsp_tdl_trade_horizon_addons.cjs	ndsp_tdl_trade_horizon_addons.cjs	746	12f1a17cd7d754049e0107f385d05df72c9216b410c2e0cdc35bb2dc8c46c036	'hidden_layer_names_exposed',	Candidate evidence only; manual verification required.
EVD-c75c5e2807c6	LAYER_DISCOVERY	INFERRED_FROM_SOURCE	backend/ndsp_tdl_trade_horizon_addons.cjs	ndsp_tdl_trade_horizon_addons.cjs	748	12f1a17cd7d754049e0107f385d05df72c9216b410c2e0cdc35bb2dc8c46c036	'layer_name_masking_policy',	Candidate evidence only; manual verification required.
EVD-4a74d25082a7	LAYER_DISCOVERY	INFERRED_FROM_SOURCE	backend/ndsp_tdl_trade_horizon_addons.cjs	ndsp_tdl_trade_horizon_addons.cjs	869	12f1a17cd7d754049e0107f385d05df72c9216b410c2e0cdc35bb2dc8c46c036	'layer_name_masking_policy',	Candidate evidence only; manual verification required.
EVD-97e295406fd8	LAYER_DISCOVERY	INFERRED_FROM_SOURCE	backend/ndsp_tdl_trade_horizon_addons.cjs	ndsp_tdl_trade_horizon_addons.cjs	873	12f1a17cd7d754049e0107f385d05df72c9216b410c2e0cdc35bb2dc8c46c036	'hidden_layer_names_exposed',	Candidate evidence only; manual verification required.
EVD-0a66deda6f64	LAYER_DISCOVERY	INFERRED_FROM_SOURCE	backend/ndsp_tdl_trade_horizon_addons.cjs	ndsp_tdl_trade_horizon_addons.cjs	913	12f1a17cd7d754049e0107f385d05df72c9216b410c2e0cdc35bb2dc8c46c036	hidden_layer_names_protected: true,	Candidate evidence only; manual verification required.
EVD-f89992414b2e	LAYER_DISCOVERY	INFERRED_FROM_SOURCE	backend/ndsp_trial_info.cjs	ndsp_trial_info.cjs	65	19ec66fd3067ebbd440a4dd90ac1d9bf8334f840df3389c7ca4093fe9c6e0dbb	limits: { assets: 3, layers: 'basic' },	Candidate evidence only; manual verification required.
EVD-df27f0c830a5	LAYER_DISCOVERY	INFERRED_FROM_SOURCE	backend/ndsp_user_dashboard_gateway.cjs	ndsp_user_dashboard_gateway.cjs	5	00df7b0f1a1ce584e6bc38e47a6bc91547c4db63824decad9327862acbf2515e	'layer_name_masking_policy',	Candidate evidence only; manual verification required.
EVD-c6d0e978e643	LAYER_DISCOVERY	INFERRED_FROM_SOURCE	backend/ndsp_user_dashboard_gateway.cjs	ndsp_user_dashboard_gateway.cjs	9	00df7b0f1a1ce584e6bc38e47a6bc91547c4db63824decad9327862acbf2515e	'hidden_layer_names_exposed',	Candidate evidence only; manual verification required.
EVD-dcdff4e7f431	LAYER_DISCOVERY	INFERRED_FROM_SOURCE	backend/ndsp_user_dashboard_gateway.cjs	ndsp_user_dashboard_gateway.cjs	53	00df7b0f1a1ce584e6bc38e47a6bc91547c4db63824decad9327862acbf2515e	const layerNameMaskingPolicy = require('./ndsp_layer_name_masking_policy.cjs');	Candidate evidence only; manual verification required.
EVD-94f9dde69b3f	LAYER_DISCOVERY	INFERRED_FROM_SOURCE	backend/ndsp_user_dashboard_gateway.cjs	ndsp_user_dashboard_gateway.cjs	317	00df7b0f1a1ce584e6bc38e47a6bc91547c4db63824decad9327862acbf2515e	function finalLayerPolicy() {	Candidate evidence only; manual verification required.
EVD-7446f0a36192	LAYER_DISCOVERY	INFERRED_FROM_SOURCE	backend/ndsp_user_dashboard_gateway.cjs	ndsp_user_dashboard_gateway.cjs	319	00df7b0f1a1ce584e6bc38e47a6bc91547c4db63824decad9327862acbf2515e	hidden_layers:{	Candidate evidence only; manual verification required.
EVD-e09c6d081651	LAYER_DISCOVERY	INFERRED_FROM_SOURCE	backend/ndsp_user_dashboard_gateway.cjs	ndsp_user_dashboard_gateway.cjs	320	00df7b0f1a1ce584e6bc38e47a6bc91547c4db63824decad9327862acbf2515e	layer_numbers:[8,9,10,11,12,16],	Candidate evidence only; manual verification required.
EVD-c10ccc22fe66	LAYER_DISCOVERY	INFERRED_FROM_SOURCE	backend/ndsp_user_dashboard_gateway.cjs	ndsp_user_dashboard_gateway.cjs	330	00df7b0f1a1ce584e6bc38e47a6bc91547c4db63824decad9327862acbf2515e	visible_layers:[	Candidate evidence only; manual verification required.
EVD-c439967b61b2	LAYER_DISCOVERY	INFERRED_FROM_SOURCE	backend/ndsp_user_dashboard_gateway.cjs	ndsp_user_dashboard_gateway.cjs	374	00df7b0f1a1ce584e6bc38e47a6bc91547c4db63824decad9327862acbf2515e	layer_visibility_policy:finalLayerPolicy(),	Candidate evidence only; manual verification required.
EVD-9a29aa2f93d2	LAYER_DISCOVERY	INFERRED_FROM_SOURCE	backend/ndsp_user_dashboard_gateway.cjs	ndsp_user_dashboard_gateway.cjs	375	00df7b0f1a1ce584e6bc38e47a6bc91547c4db63824decad9327862acbf2515e	protected_layers:{	Candidate evidence only; manual verification required.
EVD-708c3b28b813	LAYER_DISCOVERY	INFERRED_FROM_SOURCE	backend/ndsp_user_dashboard_gateway.cjs	ndsp_user_dashboard_gateway.cjs	376	00df7b0f1a1ce584e6bc38e47a6bc91547c4db63824decad9327862acbf2515e	hidden_layer_numbers:[8,9,10,11,12,16],	Candidate evidence only; manual verification required.
EVD-e17e890fa15b	LAYER_DISCOVERY	INFERRED_FROM_SOURCE	backend/ndsp_user_dashboard_gateway.cjs	ndsp_user_dashboard_gateway.cjs	439	00df7b0f1a1ce584e6bc38e47a6bc91547c4db63824decad9327862acbf2515e	analysis:saasPackagesPolicy.attachSaasPackagePolicy(layerNameMaskingPolicy.sanitizeAnalysisForPublic(tdlAddons.attachTdlTradeHorizonAddons(asset, buildSafeAnalysis(asset))), (typeof req !== 'undefined' ? req.user : null), { plan: (typeof req !== 'undefined' && req.query ? req.query.plan : undefined) })	Candidate evidence only; manual verification required.
EVD-675766406ab1	LAYER_DISCOVERY	INFERRED_FROM_SOURCE	backend/ndsp_user_dashboard_gateway.cjs	ndsp_user_dashboard_gateway.cjs	470	00df7b0f1a1ce584e6bc38e47a6bc91547c4db63824decad9327862acbf2515e	effective_visibility: saasPackagesPolicy.layerVisibilityForPlan(plan)	Candidate evidence only; manual verification required.
EVD-2b41ba261cbc	LAYER_DISCOVERY	INFERRED_FROM_SOURCE	backend/server.js	server.js	596	5213d5c4235617ccdb778511879568779e3239a05527ea6d1bee4782da8193f2	const layers = await pool.query(	Candidate evidence only; manual verification required.
EVD-04f0dea37efa	LAYER_DISCOVERY	INFERRED_FROM_SOURCE	backend/server.js	server.js	597	5213d5c4235617ccdb778511879568779e3239a05527ea6d1bee4782da8193f2	`SELECT plan_id, layer_key, visible	Candidate evidence only; manual verification required.
EVD-bd98aeeedff2	LAYER_DISCOVERY	INFERRED_FROM_SOURCE	backend/server.js	server.js	598	5213d5c4235617ccdb778511879568779e3239a05527ea6d1bee4782da8193f2	FROM plan_layer_access`	Candidate evidence only; manual verification required.
EVD-2a14226d4fcd	LAYER_DISCOVERY	INFERRED_FROM_SOURCE	backend/server.js	server.js	607	5213d5c4235617ccdb778511879568779e3239a05527ea6d1bee4782da8193f2	layers: layers.rows.filter(l => l.plan_id === plan.id && l.visible).map(l => l.layer_key)	Candidate evidence only; manual verification required.
EVD-5fed16051d4c	LAYER_DISCOVERY	INFERRED_FROM_SOURCE	backend/server.js	server.js	615	5213d5c4235617ccdb778511879568779e3239a05527ea6d1bee4782da8193f2	const layers = await pool.query(`SELECT * FROM plan_layer_access ORDER BY plan_id, layer_key`)	Candidate evidence only; manual verification required.
EVD-3ec02645e9e3	LAYER_DISCOVERY	INFERRED_FROM_SOURCE	backend/server.js	server.js	621	5213d5c4235617ccdb778511879568779e3239a05527ea6d1bee4782da8193f2	layers: layers.rows	Candidate evidence only; manual verification required.
EVD-bb7ca711d64a	LAYER_DISCOVERY	INFERRED_FROM_SOURCE	backend/server.js	server.js	667	5213d5c4235617ccdb778511879568779e3239a05527ea6d1bee4782da8193f2	app.put('/admin/plans/:id/layers/:layerKey', auth, adminOnly, async (req, res) => {	Candidate evidence only; manual verification required.
EVD-6a31af1e5b1d	LAYER_DISCOVERY	INFERRED_FROM_SOURCE	backend/server.js	server.js	668	5213d5c4235617ccdb778511879568779e3239a05527ea6d1bee4782da8193f2	const { id, layerKey } = req.params	Candidate evidence only; manual verification required.
EVD-f3885b4692d1	LAYER_DISCOVERY	INFERRED_FROM_SOURCE	backend/server.js	server.js	672	5213d5c4235617ccdb778511879568779e3239a05527ea6d1bee4782da8193f2	`INSERT INTO plan_layer_access (plan_id, layer_key, visible)	Candidate evidence only; manual verification required.
EVD-2767ab5e2c55	LAYER_DISCOVERY	INFERRED_FROM_SOURCE	backend/server.js	server.js	674	5213d5c4235617ccdb778511879568779e3239a05527ea6d1bee4782da8193f2	ON CONFLICT (plan_id, layer_key)	Candidate evidence only; manual verification required.
EVD-cfc115c67ba9	LAYER_DISCOVERY	INFERRED_FROM_SOURCE	backend/server.js	server.js	677	5213d5c4235617ccdb778511879568779e3239a05527ea6d1bee4782da8193f2	[id, layerKey, visible]	Candidate evidence only; manual verification required.
EVD-ccbbb09e51a0	LAYER_DISCOVERY	INFERRED_FROM_SOURCE	backend/server.js	server.js	680	5213d5c4235617ccdb778511879568779e3239a05527ea6d1bee4782da8193f2	res.json({ ok: true, layer: result.rows[0] })	Candidate evidence only; manual verification required.
EVD-a9cdb4950e0d	LAYER_DISCOVERY	DOCUMENTATION_ONLY	docs/02-architecture/core/NDSP_16_LAYER_CORE_AND_FUTURE_INTEGRATION_BLUEPRINT_AR.md	NDSP_16_LAYER_CORE_AND_FUTURE_INTEGRATION_BLUEPRINT_AR.md	1	a7a742ebba32fd093278b28dc8bbf152bcba1d96794f5a18473409ac2fbf95b5	# مخطط دمج قلب NDSP المكوّن من 16 طبقة مع الطبقات المستقبلية	Candidate evidence only; manual verification required.
EVD-1fd5b32dce29	LAYER_DISCOVERY	DOCUMENTATION_ONLY	docs/02-architecture/core/NDSP_16_LAYER_CORE_AND_FUTURE_INTEGRATION_BLUEPRINT_AR.md	NDSP_16_LAYER_CORE_AND_FUTURE_INTEGRATION_BLUEPRINT_AR.md	14	a7a742ebba32fd093278b28dc8bbf152bcba1d96794f5a18473409ac2fbf95b5	تحدد هذه الوثيقة موقع الطبقات الـ16 الحالية داخل المعمارية المستقبلية لـNDSP، وتمنع التعامل معها كـ16 خدمة منفصلة أو دمجها حسابيًا بصورة عشوائية.	Candidate evidence only; manual verification required.
EVD-6f11e53fb64f	LAYER_DISCOVERY	DOCUMENTATION_ONLY	docs/02-architecture/core/NDSP_16_LAYER_CORE_AND_FUTURE_INTEGRATION_BLUEPRINT_AR.md	NDSP_16_LAYER_CORE_AND_FUTURE_INTEGRATION_BLUEPRINT_AR.md	18	a7a742ebba32fd093278b28dc8bbf152bcba1d96794f5a18473409ac2fbf95b5	> **الـ16 طبقة الحالية هي قلب القرار. الطبقات المستقبلية توضع قبلها لحماية البيانات، وحولها لتنسيق السياق، وبعدها لإثبات القرار وتفسيره وتقييمه.**	Candidate evidence only; manual verification required.
EVD-dc9ff148c6d6	LAYER_DISCOVERY	DOCUMENTATION_ONLY	docs/02-architecture/core/NDSP_16_LAYER_CORE_AND_FUTURE_INTEGRATION_BLUEPRINT_AR.md	NDSP_16_LAYER_CORE_AND_FUTURE_INTEGRATION_BLUEPRINT_AR.md	25	a7a742ebba32fd093278b28dc8bbf152bcba1d96794f5a18473409ac2fbf95b5	- لا تعني تحويل كل طبقة إلى Microservice.	Candidate evidence only; manual verification required.
EVD-12aa8f4196ac	LAYER_DISCOVERY	DOCUMENTATION_ONLY	docs/02-architecture/core/NDSP_16_LAYER_CORE_AND_FUTURE_INTEGRATION_BLUEPRINT_AR.md	NDSP_16_LAYER_CORE_AND_FUTURE_INTEGRATION_BLUEPRINT_AR.md	29	a7a742ebba32fd093278b28dc8bbf152bcba1d96794f5a18473409ac2fbf95b5	- لا تبدأ طبقة مستقبلية قبل نجاح النسخة والاستعادة وقفل المصدر وإغلاق P0.	Candidate evidence only; manual verification required.
EVD-f6e977d330c4	LAYER_DISCOVERY	DOCUMENTATION_ONLY	docs/02-architecture/core/NDSP_16_LAYER_CORE_AND_FUTURE_INTEGRATION_BLUEPRINT_AR.md	NDSP_16_LAYER_CORE_AND_FUTURE_INTEGRATION_BLUEPRINT_AR.md	33	a7a742ebba32fd093278b28dc8bbf152bcba1d96794f5a18473409ac2fbf95b5	## 3. السجل الحاكم للطبقات الـ16	Candidate evidence only; manual verification required.
EVD-7ee253f8904a	LAYER_DISCOVERY	DOCUMENTATION_ONLY	docs/02-architecture/core/NDSP_16_LAYER_CORE_AND_FUTURE_INTEGRATION_BLUEPRINT_AR.md	NDSP_16_LAYER_CORE_AND_FUTURE_INTEGRATION_BLUEPRINT_AR.md	35	a7a742ebba32fd093278b28dc8bbf152bcba1d96794f5a18473409ac2fbf95b5	المعرفات `NDSP-CORE-L01` إلى `NDSP-CORE-L16` ثابتة. تبقى ثابتة حتى لو تغير الاسم الظاهر أو انتقلت الطبقة بين الخدمات.	Candidate evidence only; manual verification required.
EVD-c9a96a15c573	LAYER_DISCOVERY	DOCUMENTATION_ONLY	docs/02-architecture/core/NDSP_16_LAYER_CORE_AND_FUTURE_INTEGRATION_BLUEPRINT_AR.md	NDSP_16_LAYER_CORE_AND_FUTURE_INTEGRATION_BLUEPRINT_AR.md	41	a7a742ebba32fd093278b28dc8bbf152bcba1d96794f5a18473409ac2fbf95b5	| NDSP-CORE-L03 | اتجاه السوق الحاكم | DIRECTION_AND_TIME | توحيد مخرجات الاتجاه في سياق واحد قابل للاستهلاك من بقية الطبقات. | نعم |	Candidate evidence only; manual verification required.
EVD-ec813d31f96d	LAYER_DISCOVERY	DOCUMENTATION_ONLY	docs/02-architecture/core/NDSP_16_LAYER_CORE_AND_FUTURE_INTEGRATION_BLUEPRINT_AR.md	NDSP_16_LAYER_CORE_AND_FUTURE_INTEGRATION_BLUEPRINT_AR.md	51	a7a742ebba32fd093278b28dc8bbf152bcba1d96794f5a18473409ac2fbf95b5	| NDSP-CORE-L13 | إشارة نواف الذهبية | CONFIRMATION_AND_CONVERGENCE | تمثيل تقارب محكوم بين الطبقات الأساسية؛ تظهر جزئيًا أو تحت المتابعة وفق الحوكمة. | لا |	Candidate evidence only; manual verification required.
EVD-125483245acc	LAYER_DISCOVERY	DOCUMENTATION_ONLY	docs/02-architecture/core/NDSP_16_LAYER_CORE_AND_FUTURE_INTEGRATION_BLUEPRINT_AR.md	NDSP_16_LAYER_CORE_AND_FUTURE_INTEGRATION_BLUEPRINT_AR.md	56	a7a742ebba32fd093278b28dc8bbf152bcba1d96794f5a18473409ac2fbf95b5	> **ملاحظة حوكمة:** الأسماء أعلاه سجل وظيفي حاكم. يجب خلال مرحلة `NDSP_CANONICAL_SOURCE_LOCK` ربط كل طبقة بمسار المصدر الحقيقي، الخدمة، العقد، الإصدار، الاختبارات، وGit commit. لا يجوز استخدام الوثيقة لتغيير الحسابات قبل هذا الربط.	Candidate evidence only; manual verification required.
EVD-4e261d8a7278	LAYER_DISCOVERY	DOCUMENTATION_ONLY	docs/02-architecture/core/NDSP_16_LAYER_CORE_AND_FUTURE_INTEGRATION_BLUEPRINT_AR.md	NDSP_16_LAYER_CORE_AND_FUTURE_INTEGRATION_BLUEPRINT_AR.md	71	a7a742ebba32fd093278b28dc8bbf152bcba1d96794f5a18473409ac2fbf95b5	- هل قواعد اليوم والفريم مطبقة؟	Candidate evidence only; manual verification required.
EVD-cc4da87ed1d3	LAYER_DISCOVERY	DOCUMENTATION_ONLY	docs/02-architecture/core/NDSP_16_LAYER_CORE_AND_FUTURE_INTEGRATION_BLUEPRINT_AR.md	NDSP_16_LAYER_CORE_AND_FUTURE_INTEGRATION_BLUEPRINT_AR.md	110	a7a742ebba32fd093278b28dc8bbf152bcba1d96794f5a18473409ac2fbf95b5	تضم `L16` وتجمع المخرجات من دون إعادة حساب الطبقات.	Candidate evidence only; manual verification required.
EVD-297b5adf08b8	LAYER_DISCOVERY	DOCUMENTATION_ONLY	docs/02-architecture/core/NDSP_16_LAYER_CORE_AND_FUTURE_INTEGRATION_BLUEPRINT_AR.md	NDSP_16_LAYER_CORE_AND_FUTURE_INTEGRATION_BLUEPRINT_AR.md	122	a7a742ebba32fd093278b28dc8bbf152bcba1d96794f5a18473409ac2fbf95b5	## 5. موقع الطبقات المستقبلية	Candidate evidence only; manual verification required.
EVD-5a5ea8ed33ef	LAYER_DISCOVERY	DOCUMENTATION_ONLY	docs/02-architecture/core/NDSP_16_LAYER_CORE_AND_FUTURE_INTEGRATION_BLUEPRINT_AR.md	NDSP_16_LAYER_CORE_AND_FUTURE_INTEGRATION_BLUEPRINT_AR.md	139	a7a742ebba32fd093278b28dc8bbf152bcba1d96794f5a18473409ac2fbf95b5	هذه الطبقات لا تنتج قرارًا. وظيفتها ضمان أن مدخلات القلب صحيحة ومعروفة المصدر.	Candidate evidence only; manual verification required.
EVD-408dbcf611c3	LAYER_DISCOVERY	DOCUMENTATION_ONLY	docs/02-architecture/core/NDSP_16_LAYER_CORE_AND_FUTURE_INTEGRATION_BLUEPRINT_AR.md	NDSP_16_LAYER_CORE_AND_FUTURE_INTEGRATION_BLUEPRINT_AR.md	150	a7a742ebba32fd093278b28dc8bbf152bcba1d96794f5a18473409ac2fbf95b5	Economic Event Layer	Candidate evidence only; manual verification required.
EVD-dff7af72502e	LAYER_DISCOVERY	DOCUMENTATION_ONLY	docs/02-architecture/core/NDSP_16_LAYER_CORE_AND_FUTURE_INTEGRATION_BLUEPRINT_AR.md	NDSP_16_LAYER_CORE_AND_FUTURE_INTEGRATION_BLUEPRINT_AR.md	170	a7a742ebba32fd093278b28dc8bbf152bcba1d96794f5a18473409ac2fbf95b5	Cross-Layer Conflict Engine	Candidate evidence only; manual verification required.
EVD-040ecffc85ad	LAYER_DISCOVERY	DOCUMENTATION_ONLY	docs/02-architecture/core/NDSP_16_LAYER_CORE_AND_FUTURE_INTEGRATION_BLUEPRINT_AR.md	NDSP_16_LAYER_CORE_AND_FUTURE_INTEGRATION_BLUEPRINT_AR.md	191	a7a742ebba32fd093278b28dc8bbf152bcba1d96794f5a18473409ac2fbf95b5	هذه الطبقات تحفظ وتعيد وتقيّم القرار، ولا تؤثر رجعيًا على الحقيقة التاريخية.	Candidate evidence only; manual verification required.
EVD-3994495f1803	LAYER_DISCOVERY	DOCUMENTATION_ONLY	docs/02-architecture/core/NDSP_16_LAYER_CORE_AND_FUTURE_INTEGRATION_BLUEPRINT_AR.md	NDSP_16_LAYER_CORE_AND_FUTURE_INTEGRATION_BLUEPRINT_AR.md	224	a7a742ebba32fd093278b28dc8bbf152bcba1d96794f5a18473409ac2fbf95b5	16-Layer Core	Candidate evidence only; manual verification required.
EVD-6c4199d7dd6c	LAYER_DISCOVERY	DOCUMENTATION_ONLY	docs/02-architecture/core/NDSP_16_LAYER_CORE_AND_FUTURE_INTEGRATION_BLUEPRINT_AR.md	NDSP_16_LAYER_CORE_AND_FUTURE_INTEGRATION_BLUEPRINT_AR.md	270	a7a742ebba32fd093278b28dc8bbf152bcba1d96794f5a18473409ac2fbf95b5	لا يعني هذا دمج الطبقات حسابيًا.	Candidate evidence only; manual verification required.
EVD-2c17b07b03f9	LAYER_DISCOVERY	DOCUMENTATION_ONLY	docs/02-architecture/core/NDSP_16_LAYER_CORE_AND_FUTURE_INTEGRATION_BLUEPRINT_AR.md	NDSP_16_LAYER_CORE_AND_FUTURE_INTEGRATION_BLUEPRINT_AR.md	274	a7a742ebba32fd093278b28dc8bbf152bcba1d96794f5a18473409ac2fbf95b5	يمكن أن تعمل طبقات متعددة داخل Runtime واحد مع بقاء مخرجاتها منفصلة.	Candidate evidence only; manual verification required.
EVD-eb0bdd1f92c1	LAYER_DISCOVERY	DOCUMENTATION_ONLY	docs/02-architecture/core/NDSP_16_LAYER_CORE_AND_FUTURE_INTEGRATION_BLUEPRINT_EN.md	NDSP_16_LAYER_CORE_AND_FUTURE_INTEGRATION_BLUEPRINT_EN.md	1	253da6c5cb2b471847625f5edabbab0882d66115d0638eb22aaf9440f6e7a2c2	# NDSP 16-Layer Decision Core and Future-Layer Integration Blueprint	Candidate evidence only; manual verification required.
EVD-9e7cd2803a4a	LAYER_DISCOVERY	DOCUMENTATION_ONLY	docs/02-architecture/core/NDSP_16_LAYER_CORE_AND_FUTURE_INTEGRATION_BLUEPRINT_EN.md	NDSP_16_LAYER_CORE_AND_FUTURE_INTEGRATION_BLUEPRINT_EN.md	14	253da6c5cb2b471847625f5edabbab0882d66115d0638eb22aaf9440f6e7a2c2	This document defines the position of the current 16 layers inside NDSP’s future architecture and prevents treating them as 16 mandatory microservices or merging them arbitrarily.	Candidate evidence only; manual verification required.
EVD-7da20e9e30ac	LAYER_DISCOVERY	DOCUMENTATION_ONLY	docs/02-architecture/core/NDSP_16_LAYER_CORE_AND_FUTURE_INTEGRATION_BLUEPRINT_EN.md	NDSP_16_LAYER_CORE_AND_FUTURE_INTEGRATION_BLUEPRINT_EN.md	18	253da6c5cb2b471847625f5edabbab0882d66115d0638eb22aaf9440f6e7a2c2	> **The current 16 layers are the decision core. Future layers protect their inputs, coordinate context around them, and prove, explain, and evaluate their outputs.**	Candidate evidence only; manual verification required.
EVD-86573d704527	LAYER_DISCOVERY	DOCUMENTATION_ONLY	docs/02-architecture/core/NDSP_16_LAYER_CORE_AND_FUTURE_INTEGRATION_BLUEPRINT_EN.md	NDSP_16_LAYER_CORE_AND_FUTURE_INTEGRATION_BLUEPRINT_EN.md	25	253da6c5cb2b471847625f5edabbab0882d66115d0638eb22aaf9440f6e7a2c2	- It does not make every layer a microservice.	Candidate evidence only; manual verification required.
EVD-c40b82a29d59	LAYER_DISCOVERY	DOCUMENTATION_ONLY	docs/02-architecture/core/NDSP_16_LAYER_CORE_AND_FUTURE_INTEGRATION_BLUEPRINT_EN.md	NDSP_16_LAYER_CORE_AND_FUTURE_INTEGRATION_BLUEPRINT_EN.md	29	253da6c5cb2b471847625f5edabbab0882d66115d0638eb22aaf9440f6e7a2c2	- It does not authorize future-layer development before backup, restore, source lock, and P0 closure.	Candidate evidence only; manual verification required.
EVD-f00881d291cb	LAYER_DISCOVERY	DOCUMENTATION_ONLY	docs/02-architecture/core/NDSP_16_LAYER_CORE_AND_FUTURE_INTEGRATION_BLUEPRINT_EN.md	NDSP_16_LAYER_CORE_AND_FUTURE_INTEGRATION_BLUEPRINT_EN.md	33	253da6c5cb2b471847625f5edabbab0882d66115d0638eb22aaf9440f6e7a2c2	## 3. Governing registry of the 16 current layers	Candidate evidence only; manual verification required.
EVD-99e86933bb22	LAYER_DISCOVERY	DOCUMENTATION_ONLY	docs/02-architecture/core/NDSP_16_LAYER_CORE_AND_FUTURE_INTEGRATION_BLUEPRINT_EN.md	NDSP_16_LAYER_CORE_AND_FUTURE_INTEGRATION_BLUEPRINT_EN.md	41	253da6c5cb2b471847625f5edabbab0882d66115d0638eb22aaf9440f6e7a2c2	| NDSP-CORE-L03 | Governing Market Direction | DIRECTION_AND_TIME | Normalizes directional outputs into one governed context consumed by downstream layers. | Yes |	Candidate evidence only; manual verification required.
EVD-4750994c9e2b	LAYER_DISCOVERY	DOCUMENTATION_ONLY	docs/02-architecture/core/NDSP_16_LAYER_CORE_AND_FUTURE_INTEGRATION_BLUEPRINT_EN.md	NDSP_16_LAYER_CORE_AND_FUTURE_INTEGRATION_BLUEPRINT_EN.md	51	253da6c5cb2b471847625f5edabbab0882d66115d0638eb22aaf9440f6e7a2c2	| NDSP-CORE-L13 | Nawaf Golden Signal | CONFIRMATION_AND_CONVERGENCE | Represents governed convergence across core layers; exposed only as partial or under monitoring when appropriate. | No |	Candidate evidence only; manual verification required.
EVD-82c9fa4797b5	LAYER_DISCOVERY	DOCUMENTATION_ONLY	docs/02-architecture/core/NDSP_16_LAYER_CORE_AND_FUTURE_INTEGRATION_BLUEPRINT_EN.md	NDSP_16_LAYER_CORE_AND_FUTURE_INTEGRATION_BLUEPRINT_EN.md	56	253da6c5cb2b471847625f5edabbab0882d66115d0638eb22aaf9440f6e7a2c2	> **Governance note:** this is a functional governing registry. During `NDSP_CANONICAL_SOURCE_LOCK`, each layer must be mapped to its real source path, service, contract, version, tests, and Git commit. This document does not authorize calculation changes before that mapping.	Candidate evidence only; manual verification required.
EVD-8d3ae4cfd575	LAYER_DISCOVERY	DOCUMENTATION_ONLY	docs/02-architecture/core/NDSP_16_LAYER_CORE_AND_FUTURE_INTEGRATION_BLUEPRINT_EN.md	NDSP_16_LAYER_CORE_AND_FUTURE_INTEGRATION_BLUEPRINT_EN.md	120	253da6c5cb2b471847625f5edabbab0882d66115d0638eb22aaf9440f6e7a2c2	## 5. Position of future layers	Candidate evidence only; manual verification required.
EVD-011ccf6f9ea8	LAYER_DISCOVERY	DOCUMENTATION_ONLY	docs/02-architecture/core/NDSP_16_LAYER_CORE_AND_FUTURE_INTEGRATION_BLUEPRINT_EN.md	NDSP_16_LAYER_CORE_AND_FUTURE_INTEGRATION_BLUEPRINT_EN.md	137	253da6c5cb2b471847625f5edabbab0882d66115d0638eb22aaf9440f6e7a2c2	These layers never create a decision. They ensure that core inputs are trusted and traceable.	Candidate evidence only; manual verification required.
EVD-57f9ec673c28	LAYER_DISCOVERY	DOCUMENTATION_ONLY	docs/02-architecture/core/NDSP_16_LAYER_CORE_AND_FUTURE_INTEGRATION_BLUEPRINT_EN.md	NDSP_16_LAYER_CORE_AND_FUTURE_INTEGRATION_BLUEPRINT_EN.md	146	253da6c5cb2b471847625f5edabbab0882d66115d0638eb22aaf9440f6e7a2c2	Economic Event Layer	Candidate evidence only; manual verification required.
EVD-a16ac812d370	LAYER_DISCOVERY	DOCUMENTATION_ONLY	docs/02-architecture/core/NDSP_16_LAYER_CORE_AND_FUTURE_INTEGRATION_BLUEPRINT_EN.md	NDSP_16_LAYER_CORE_AND_FUTURE_INTEGRATION_BLUEPRINT_EN.md	166	253da6c5cb2b471847625f5edabbab0882d66115d0638eb22aaf9440f6e7a2c2	Cross-Layer Conflict Engine	Candidate evidence only; manual verification required.
EVD-0fe2d233662f	LAYER_DISCOVERY	DOCUMENTATION_ONLY	docs/02-architecture/core/NDSP_16_LAYER_CORE_AND_FUTURE_INTEGRATION_BLUEPRINT_EN.md	NDSP_16_LAYER_CORE_AND_FUTURE_INTEGRATION_BLUEPRINT_EN.md	220	253da6c5cb2b471847625f5edabbab0882d66115d0638eb22aaf9440f6e7a2c2	16-Layer Core	Candidate evidence only; manual verification required.
EVD-9aefcba1b1dd	LAYER_DISCOVERY	DOCUMENTATION_ONLY	docs/02-architecture/core/NDSP_16_LAYER_CORE_AND_FUTURE_INTEGRATION_BLUEPRINT_EN.md	NDSP_16_LAYER_CORE_AND_FUTURE_INTEGRATION_BLUEPRINT_EN.md	270	253da6c5cb2b471847625f5edabbab0882d66115d0638eb22aaf9440f6e7a2c2	Multiple layers may run in one runtime while preserving separate outputs.	Candidate evidence only; manual verification required.
EVD-355f83321e8f	LAYER_DISCOVERY	DOCUMENTATION_ONLY	docs/02-architecture/core/NDSP_16_LAYER_CORE_AND_FUTURE_INTEGRATION_BLUEPRINT_EN.md	NDSP_16_LAYER_CORE_AND_FUTURE_INTEGRATION_BLUEPRINT_EN.md	273	253da6c5cb2b471847625f5edabbab0882d66115d0638eb22aaf9440f6e7a2c2	One Service ≠ One Layer	Candidate evidence only; manual verification required.
EVD-16167ba27e39	LAYER_DISCOVERY	DOCUMENTATION_ONLY	docs/02-architecture/core/NDSP_16_LAYER_CORE_AND_FUTURE_INTEGRATION_BLUEPRINT_EN.md	NDSP_16_LAYER_CORE_AND_FUTURE_INTEGRATION_BLUEPRINT_EN.md	274	253da6c5cb2b471847625f5edabbab0882d66115d0638eb22aaf9440f6e7a2c2	One Layer ≠ One Microservice	Candidate evidence only; manual verification required.
EVD-597e14bede7c	LAYER_DISCOVERY	DOCUMENTATION_ONLY	docs/02-architecture/core/NDSP_16_LAYER_CORE_AND_FUTURE_INTEGRATION_BLUEPRINT_EN.md	NDSP_16_LAYER_CORE_AND_FUTURE_INTEGRATION_BLUEPRINT_EN.md	292	253da6c5cb2b471847625f5edabbab0882d66115d0638eb22aaf9440f6e7a2c2	## 8. When may two calculation layers be merged?	Candidate evidence only; manual verification required.
EVD-c034fb88a9f5	LAYER_DISCOVERY	DOCUMENTATION_ONLY	docs/02-architecture/core/NDSP_16_LAYER_CORE_AND_FUTURE_INTEGRATION_BLUEPRINT_EN.md	NDSP_16_LAYER_CORE_AND_FUTURE_INTEGRATION_BLUEPRINT_EN.md	311	253da6c5cb2b471847625f5edabbab0882d66115d0638eb22aaf9440f6e7a2c2	## 9. Standard layer contract	Candidate evidence only; manual verification required.
EVD-81b2b2c23bf9	LAYER_DISCOVERY	DOCUMENTATION_ONLY	docs/02-architecture/core/NDSP_16_LAYER_CORE_AND_FUTURE_INTEGRATION_BLUEPRINT_EN.md	NDSP_16_LAYER_CORE_AND_FUTURE_INTEGRATION_BLUEPRINT_EN.md	315	253da6c5cb2b471847625f5edabbab0882d66115d0638eb22aaf9440f6e7a2c2	"""layer_id"": ""NDSP-CORE-L08"","	Candidate evidence only; manual verification required.
EVD-0b6c7d486b57	LAYER_DISCOVERY	DOCUMENTATION_ONLY	docs/03-contracts/NDSP_16_LAYER_CORE_REGISTRY_V1.json	NDSP_16_LAYER_CORE_REGISTRY_V1.json	10	1e82873218176c33ab67176a9ff11494ddf87a72e75ca510abf0d59bcb3d1931	"""A layer is not necessarily a microservice."""	Candidate evidence only; manual verification required.
EVD-f547efccd2ee	LAYER_DISCOVERY	DOCUMENTATION_ONLY	docs/03-contracts/NDSP_16_LAYER_CORE_REGISTRY_V1.json	NDSP_16_LAYER_CORE_REGISTRY_V1.json	19	1e82873218176c33ab67176a9ff11494ddf87a72e75ca510abf0d59bcb3d1931	"""layers"": ["	Candidate evidence only; manual verification required.
EVD-32980877d7c6	LAYER_DISCOVERY	DOCUMENTATION_ONLY	docs/03-contracts/NDSP_16_LAYER_CORE_REGISTRY_V1.json	NDSP_16_LAYER_CORE_REGISTRY_V1.json	52	1e82873218176c33ab67176a9ff11494ddf87a72e75ca510abf0d59bcb3d1931	"""role_ar"": ""توحيد مخرجات الاتجاه في سياق واحد قابل للاستهلاك من بقية الطبقات."","	Candidate evidence only; manual verification required.
EVD-52c7966f2a43	LAYER_DISCOVERY	DOCUMENTATION_ONLY	docs/03-contracts/NDSP_16_LAYER_CORE_REGISTRY_V1.json	NDSP_16_LAYER_CORE_REGISTRY_V1.json	53	1e82873218176c33ab67176a9ff11494ddf87a72e75ca510abf0d59bcb3d1931	"""role_en"": ""Normalizes directional outputs into one governed context consumed by downstream layers."","	Candidate evidence only; manual verification required.
EVD-e48a3d5658e2	LAYER_DISCOVERY	DOCUMENTATION_ONLY	docs/03-contracts/NDSP_16_LAYER_CORE_REGISTRY_V1.json	NDSP_16_LAYER_CORE_REGISTRY_V1.json	182	1e82873218176c33ab67176a9ff11494ddf87a72e75ca510abf0d59bcb3d1931	"""role_ar"": ""تمثيل تقارب محكوم بين الطبقات الأساسية؛ تظهر جزئيًا أو تحت المتابعة وفق الحوكمة."","	Candidate evidence only; manual verification required.
EVD-a3c6ce281587	LAYER_DISCOVERY	DOCUMENTATION_ONLY	docs/03-contracts/NDSP_16_LAYER_CORE_REGISTRY_V1.json	NDSP_16_LAYER_CORE_REGISTRY_V1.json	183	1e82873218176c33ab67176a9ff11494ddf87a72e75ca510abf0d59bcb3d1931	"""role_en"": ""Represents governed convergence across core layers; exposed only as partial or under monitoring when appropriate."","	Candidate evidence only; manual verification required.
EVD-44f2958049f3	LAYER_DISCOVERY	DOCUMENTATION_ONLY	docs/99-governance/pr-002-canonical-layer-map/CANONICAL_LAYER_SOURCE_MAP.json	CANONICAL_LAYER_SOURCE_MAP.json	7	96a5a590a2fcef525b4168a0e31f4b3ebe34113792e931fe43fbf24e81cf1cf0	"""layers"": ["	Candidate evidence only; manual verification required.
EVD-64994418f608	LAYER_DISCOVERY	DOCUMENTATION_ONLY	docs/99-governance/pr-002-canonical-layer-map/CANONICAL_LAYER_SOURCE_MAP.json	CANONICAL_LAYER_SOURCE_MAP.json	9	96a5a590a2fcef525b4168a0e31f4b3ebe34113792e931fe43fbf24e81cf1cf0	"""layer_id"": ""L01"","	Candidate evidence only; manual verification required.
EVD-c3d3b24081b4	LAYER_DISCOVERY	DOCUMENTATION_ONLY	docs/99-governance/pr-002-canonical-layer-map/CANONICAL_LAYER_SOURCE_MAP.json	CANONICAL_LAYER_SOURCE_MAP.json	10	96a5a590a2fcef525b4168a0e31f4b3ebe34113792e931fe43fbf24e81cf1cf0	"""canonical_source"": ""backend/layers/canonical_v1/direction/l01_tdl_medium_long.py"","	Candidate evidence only; manual verification required.
EVD-8781ca470925	LAYER_DISCOVERY	DOCUMENTATION_ONLY	docs/99-governance/pr-002-canonical-layer-map/CANONICAL_LAYER_SOURCE_MAP.json	CANONICAL_LAYER_SOURCE_MAP.json	11	96a5a590a2fcef525b4168a0e31f4b3ebe34113792e931fe43fbf24e81cf1cf0	"""implementation_files"": ""backend/app/runtime/ndsp_public_governance_projection_v1.py; backend/app/runtime/ndsp_v200_score_inputs.py; backend/app/runtime/ndsp_v201_launch_completion.py; backend/layers/canonical_v1/direction/l01_tdl_medium_long.py; backend/layers/canonical_v1/layer_orchestrator_v2.py; backend/layers/canonical_v1/registry_lock.py; backend/platform/canonical_v1/boundary_lock.py; backend/platform/runtime/capability_runtime_controller_v1.py"","	Candidate evidence only; manual verification required.
EVD-6d07588cb6c8	LAYER_DISCOVERY	DOCUMENTATION_ONLY	docs/99-governance/pr-002-canonical-layer-map/CANONICAL_LAYER_SOURCE_MAP.json	CANONICAL_LAYER_SOURCE_MAP.json	12	96a5a590a2fcef525b4168a0e31f4b3ebe34113792e931fe43fbf24e81cf1cf0	"""consumer_files"": ""frontend/ndsp-user-portal-v50/config/layers.json; frontend/ndsp-user-portal-v50/public/ndsp-timeframe-layer-contract-v121.js; frontend/user-portal-vite/public/assets/ndsp-governance-44-v26.js; frontend/user-portal-vite/src/components/CompletedDecisionsPanelV37.jsx; frontend/user-portal-vite/src/main.jsx"","	Candidate evidence only; manual verification required.
EVD-86494ba9a408	LAYER_DISCOVERY	DOCUMENTATION_ONLY	docs/99-governance/pr-002-canonical-layer-map/CANONICAL_LAYER_SOURCE_MAP.json	CANONICAL_LAYER_SOURCE_MAP.json	17	96a5a590a2fcef525b4168a0e31f4b3ebe34113792e931fe43fbf24e81cf1cf0	"""notes"": ""Verified in layer_orchestrator_v2.py and registry_lock.py."""	Candidate evidence only; manual verification required.
EVD-474f3a9468c4	LAYER_DISCOVERY	DOCUMENTATION_ONLY	docs/99-governance/pr-002-canonical-layer-map/CANONICAL_LAYER_SOURCE_MAP.json	CANONICAL_LAYER_SOURCE_MAP.json	20	96a5a590a2fcef525b4168a0e31f4b3ebe34113792e931fe43fbf24e81cf1cf0	"""layer_id"": ""L02"","	Candidate evidence only; manual verification required.
EVD-850dd106b801	LAYER_DISCOVERY	DOCUMENTATION_ONLY	docs/99-governance/pr-002-canonical-layer-map/CANONICAL_LAYER_SOURCE_MAP.json	CANONICAL_LAYER_SOURCE_MAP.json	21	96a5a590a2fcef525b4168a0e31f4b3ebe34113792e931fe43fbf24e81cf1cf0	"""canonical_source"": ""backend/layers/canonical_v1/direction/l02_tdl_short_speculative.py"","	Candidate evidence only; manual verification required.
EVD-00f490318dc4	LAYER_DISCOVERY	DOCUMENTATION_ONLY	docs/99-governance/pr-002-canonical-layer-map/CANONICAL_LAYER_SOURCE_MAP.json	CANONICAL_LAYER_SOURCE_MAP.json	22	96a5a590a2fcef525b4168a0e31f4b3ebe34113792e931fe43fbf24e81cf1cf0	"""implementation_files"": ""backend/app/runtime/ndsp_public_governance_projection_v1.py; backend/app/runtime/ndsp_v200_score_inputs.py; backend/layers/canonical_v1/direction/l02_tdl_short_speculative.py; backend/layers/canonical_v1/layer_orchestrator_v2.py; backend/layers/canonical_v1/registry_lock.py"","	Candidate evidence only; manual verification required.
EVD-854d2b1e6355	LAYER_DISCOVERY	DOCUMENTATION_ONLY	docs/99-governance/pr-002-canonical-layer-map/CANONICAL_LAYER_SOURCE_MAP.json	CANONICAL_LAYER_SOURCE_MAP.json	23	96a5a590a2fcef525b4168a0e31f4b3ebe34113792e931fe43fbf24e81cf1cf0	"""consumer_files"": ""frontend/ndsp-user-portal-v50/config/layers.json; frontend/ndsp-user-portal-v50/public/ndsp-timeframe-layer-contract-v121.js; frontend/user-portal-vite/public/assets/ndsp-governance-44-v26.js; frontend/user-portal-vite/src/components/CompletedDecisionsPanelV37.jsx; frontend/user-portal-vite/src/main.jsx"","	Candidate evidence only; manual verification required.
EVD-8d9f035dbc44	LAYER_DISCOVERY	DOCUMENTATION_ONLY	docs/99-governance/pr-002-canonical-layer-map/CANONICAL_LAYER_SOURCE_MAP.json	CANONICAL_LAYER_SOURCE_MAP.json	28	96a5a590a2fcef525b4168a0e31f4b3ebe34113792e931fe43fbf24e81cf1cf0	"""notes"": ""Verified in layer_orchestrator_v2.py and registry_lock.py."""	Candidate evidence only; manual verification required.
EVD-92cb4459652e	LAYER_DISCOVERY	DOCUMENTATION_ONLY	docs/99-governance/pr-002-canonical-layer-map/CANONICAL_LAYER_SOURCE_MAP.json	CANONICAL_LAYER_SOURCE_MAP.json	31	96a5a590a2fcef525b4168a0e31f4b3ebe34113792e931fe43fbf24e81cf1cf0	"""layer_id"": ""L03"","	Candidate evidence only; manual verification required.
EVD-44fa89c5aa8d	LAYER_DISCOVERY	DOCUMENTATION_ONLY	docs/99-governance/pr-002-canonical-layer-map/CANONICAL_LAYER_SOURCE_MAP.json	CANONICAL_LAYER_SOURCE_MAP.json	32	96a5a590a2fcef525b4168a0e31f4b3ebe34113792e931fe43fbf24e81cf1cf0	"""canonical_source"": ""backend/layers/canonical_v1/direction/l03_market_direction_context.py"","	Candidate evidence only; manual verification required.
EVD-7909d8b23451	LAYER_DISCOVERY	DOCUMENTATION_ONLY	docs/99-governance/pr-002-canonical-layer-map/CANONICAL_LAYER_SOURCE_MAP.json	CANONICAL_LAYER_SOURCE_MAP.json	33	96a5a590a2fcef525b4168a0e31f4b3ebe34113792e931fe43fbf24e81cf1cf0	"""implementation_files"": ""backend/app/runtime/ndsp_completed_decisions_evidence_v35.py; backend/app/runtime/ndsp_public_governance_projection_v1.py; backend/layers/canonical_v1/direction/l03_market_direction_context.py; backend/layers/canonical_v1/layer_orchestrator_v2.py; backend/layers/canonical_v1/registry_lock.py"","	Candidate evidence only; manual verification required.
EVD-aad38ec5468e	LAYER_DISCOVERY	DOCUMENTATION_ONLY	docs/99-governance/pr-002-canonical-layer-map/CANONICAL_LAYER_SOURCE_MAP.json	CANONICAL_LAYER_SOURCE_MAP.json	34	96a5a590a2fcef525b4168a0e31f4b3ebe34113792e931fe43fbf24e81cf1cf0	"""consumer_files"": ""frontend/ndsp-user-portal-v50/config/layers.json; frontend/ndsp-user-portal-v50/public/ndsp-timeframe-layer-contract-v121.js; frontend/user-portal-vite/public/assets/ndsp-governance-44-v26.js; frontend/user-portal-vite/src/components/CompletedDecisionsPanelV37.jsx; frontend/user-portal-vite/src/main.jsx"","	Candidate evidence only; manual verification required.
EVD-3f6bfa26119c	LAYER_DISCOVERY	DOCUMENTATION_ONLY	docs/99-governance/pr-002-canonical-layer-map/CANONICAL_LAYER_SOURCE_MAP.json	CANONICAL_LAYER_SOURCE_MAP.json	39	96a5a590a2fcef525b4168a0e31f4b3ebe34113792e931fe43fbf24e81cf1cf0	"""notes"": ""Verified in layer_orchestrator_v2.py and registry_lock.py."""	Candidate evidence only; manual verification required.
EVD-25632dfdbd6c	LAYER_DISCOVERY	DOCUMENTATION_ONLY	docs/99-governance/pr-002-canonical-layer-map/CANONICAL_LAYER_SOURCE_MAP.json	CANONICAL_LAYER_SOURCE_MAP.json	42	96a5a590a2fcef525b4168a0e31f4b3ebe34113792e931fe43fbf24e81cf1cf0	"""layer_id"": ""L04"","	Candidate evidence only; manual verification required.
EVD-815c10c825b4	LAYER_DISCOVERY	DOCUMENTATION_ONLY	docs/99-governance/pr-002-canonical-layer-map/CANONICAL_LAYER_SOURCE_MAP.json	CANONICAL_LAYER_SOURCE_MAP.json	43	96a5a590a2fcef525b4168a0e31f4b3ebe34113792e931fe43fbf24e81cf1cf0	"""canonical_source"": ""backend/layers/canonical_v1/direction/l04_correction_gate.py"","	Candidate evidence only; manual verification required.
EVD-e3eb632880f4	LAYER_DISCOVERY	DOCUMENTATION_ONLY	docs/99-governance/pr-002-canonical-layer-map/CANONICAL_LAYER_SOURCE_MAP.json	CANONICAL_LAYER_SOURCE_MAP.json	44	96a5a590a2fcef525b4168a0e31f4b3ebe34113792e931fe43fbf24e81cf1cf0	"""implementation_files"": ""backend/app/runtime/ndsp_public_governance_projection_v1.py; backend/app/runtime/ndsp_v200_score_inputs.py; backend/app/runtime/ndsp_v201_launch_completion.py; backend/layers/canonical_v1/direction/l04_correction_gate.py; backend/layers/canonical_v1/layer_orchestrator_v2.py; backend/layers/canonical_v1/registry_lock.py"","	Candidate evidence only; manual verification required.
EVD-7d4f927ffbfd	LAYER_DISCOVERY	DOCUMENTATION_ONLY	docs/99-governance/pr-002-canonical-layer-map/CANONICAL_LAYER_SOURCE_MAP.json	CANONICAL_LAYER_SOURCE_MAP.json	45	96a5a590a2fcef525b4168a0e31f4b3ebe34113792e931fe43fbf24e81cf1cf0	"""consumer_files"": ""frontend/ndsp-user-portal-v50/config/layers.json; frontend/ndsp-user-portal-v50/public/ndsp-timeframe-layer-contract-v121.js; frontend/user-portal-vite/public/assets/ndsp-governance-44-v26.js; frontend/user-portal-vite/src/components/CompletedDecisionsPanelV37.jsx; frontend/user-portal-vite/src/main.jsx"","	Candidate evidence only; manual verification required.
EVD-43a9ab53cfc0	LAYER_DISCOVERY	DOCUMENTATION_ONLY	docs/99-governance/pr-002-canonical-layer-map/PR-002-CANONICAL-LAYER-SOURCE-MAP.md	PR-002-CANONICAL-LAYER-SOURCE-MAP.md	1	929d833ae3eae5be3a256ca9eb51ae780bb8a86adf0c846ad6bce62198a6627b	# PR-002 — Canonical Layer / Source Map	Candidate evidence only; manual verification required.
EVD-7659fd01fa75	LAYER_DISCOVERY	DOCUMENTATION_ONLY	docs/99-governance/pr-002-canonical-layer-map/PR-002-CANONICAL-LAYER-SOURCE-MAP.md	PR-002-CANONICAL-LAYER-SOURCE-MAP.md	5	929d833ae3eae5be3a256ca9eb51ae780bb8a86adf0c846ad6bce62198a6627b	- Branch: `governance/pr-002-canonical-layer-map`	Candidate evidence only; manual verification required.
EVD-83f311082e56	LAYER_DISCOVERY	DOCUMENTATION_ONLY	docs/99-governance/pr-002-canonical-layer-map/PR-002-CANONICAL-LAYER-SOURCE-MAP.md	PR-002-CANONICAL-LAYER-SOURCE-MAP.md	21	929d833ae3eae5be3a256ca9eb51ae780bb8a86adf0c846ad6bce62198a6627b	| Layer | Canonical source | Owner | Runtime owner | Status | Evidence |	Candidate evidence only; manual verification required.
EVD-76ff0a13449a	LAYER_DISCOVERY	DOCUMENTATION_ONLY	docs/99-governance/pr-002-canonical-layer-map/PR-002-CANONICAL-LAYER-SOURCE-MAP.md	PR-002-CANONICAL-LAYER-SOURCE-MAP.md	23	929d833ae3eae5be3a256ca9eb51ae780bb8a86adf0c846ad6bce62198a6627b	| L01 | backend/layers/canonical_v1/direction/l01_tdl_medium_long.py | nawaf511 | nawaf511 | CONFIRMED | implementation=8, consumers=5, tests=0, docs=19, total=32 |	Candidate evidence only; manual verification required.
EVD-938bf28e1132	LAYER_DISCOVERY	DOCUMENTATION_ONLY	docs/99-governance/pr-002-canonical-layer-map/PR-002-CANONICAL-LAYER-SOURCE-MAP.md	PR-002-CANONICAL-LAYER-SOURCE-MAP.md	24	929d833ae3eae5be3a256ca9eb51ae780bb8a86adf0c846ad6bce62198a6627b	| L02 | backend/layers/canonical_v1/direction/l02_tdl_short_speculative.py | nawaf511 | nawaf511 | CONFIRMED | implementation=5, consumers=5, tests=0, docs=13, total=23 |	Candidate evidence only; manual verification required.
EVD-355b51998e92	LAYER_DISCOVERY	DOCUMENTATION_ONLY	docs/99-governance/pr-002-canonical-layer-map/PR-002-CANONICAL-LAYER-SOURCE-MAP.md	PR-002-CANONICAL-LAYER-SOURCE-MAP.md	25	929d833ae3eae5be3a256ca9eb51ae780bb8a86adf0c846ad6bce62198a6627b	| L03 | backend/layers/canonical_v1/direction/l03_market_direction_context.py | nawaf511 | nawaf511 | CONFIRMED | implementation=5, consumers=5, tests=0, docs=13, total=23 |	Candidate evidence only; manual verification required.
EVD-ba8924a55035	LAYER_DISCOVERY	DOCUMENTATION_ONLY	docs/99-governance/pr-002-canonical-layer-map/PR-002-CANONICAL-LAYER-SOURCE-MAP.md	PR-002-CANONICAL-LAYER-SOURCE-MAP.md	26	929d833ae3eae5be3a256ca9eb51ae780bb8a86adf0c846ad6bce62198a6627b	| L04 | backend/layers/canonical_v1/direction/l04_correction_gate.py | nawaf511 | nawaf511 | CONFIRMED | implementation=6, consumers=5, tests=0, docs=13, total=24 |	Candidate evidence only; manual verification required.
EVD-ec1fc321a849	LAYER_DISCOVERY	DOCUMENTATION_ONLY	docs/99-governance/pr-002-canonical-layer-map/PR-002-CANONICAL-LAYER-SOURCE-MAP.md	PR-002-CANONICAL-LAYER-SOURCE-MAP.md	27	929d833ae3eae5be3a256ca9eb51ae780bb8a86adf0c846ad6bce62198a6627b	| L05 | backend/layers/canonical_v1/quality/l05_divergence_engine.py | nawaf511 | nawaf511 | CONFIRMED | implementation=4, consumers=5, tests=0, docs=13, total=22 |	Candidate evidence only; manual verification required.
EVD-76f1b7666057	LAYER_DISCOVERY	DOCUMENTATION_ONLY	docs/99-governance/pr-002-canonical-layer-map/PR-002-CANONICAL-LAYER-SOURCE-MAP.md	PR-002-CANONICAL-LAYER-SOURCE-MAP.md	28	929d833ae3eae5be3a256ca9eb51ae780bb8a86adf0c846ad6bce62198a6627b	| L06 | backend/layers/canonical_v1/direction/l06_temporal_day_logic.py | nawaf511 | nawaf511 | CONFIRMED | implementation=4, consumers=5, tests=0, docs=13, total=22 |	Candidate evidence only; manual verification required.
EVD-2492adc0c840	LAYER_DISCOVERY	DOCUMENTATION_ONLY	docs/99-governance/pr-002-canonical-layer-map/PR-002-CANONICAL-LAYER-SOURCE-MAP.md	PR-002-CANONICAL-LAYER-SOURCE-MAP.md	29	929d833ae3eae5be3a256ca9eb51ae780bb8a86adf0c846ad6bce62198a6627b	| L07 | backend/layers/canonical_v1/structure/l07_scenario_levels.py | nawaf511 | nawaf511 | CONFIRMED | implementation=5, consumers=5, tests=1, docs=13, total=24 |	Candidate evidence only; manual verification required.
EVD-f5ea71ac5548	LAYER_DISCOVERY	DOCUMENTATION_ONLY	docs/99-governance/pr-002-canonical-layer-map/PR-002-CANONICAL-LAYER-SOURCE-MAP.md	PR-002-CANONICAL-LAYER-SOURCE-MAP.md	30	929d833ae3eae5be3a256ca9eb51ae780bb8a86adf0c846ad6bce62198a6627b	| L08 | backend/layers/canonical_v1/structure/l08_nmp_confirmation.py | nawaf511 | nawaf511 | CONFIRMED | implementation=5, consumers=5, tests=0, docs=13, total=23 |	Candidate evidence only; manual verification required.
EVD-d0194f4b7444	LAYER_DISCOVERY	DOCUMENTATION_ONLY	docs/99-governance/pr-002-canonical-layer-map/PR-002-CANONICAL-LAYER-SOURCE-MAP.md	PR-002-CANONICAL-LAYER-SOURCE-MAP.md	31	929d833ae3eae5be3a256ca9eb51ae780bb8a86adf0c846ad6bce62198a6627b	| L09 | backend/layers/canonical_v1/quality/l09_momentum_engine.py | nawaf511 | nawaf511 | CONFIRMED | implementation=4, consumers=5, tests=0, docs=13, total=22 |	Candidate evidence only; manual verification required.
EVD-32c9beede4e5	LAYER_DISCOVERY	DOCUMENTATION_ONLY	docs/99-governance/pr-002-canonical-layer-map/PR-002-CANONICAL-LAYER-SOURCE-MAP.md	PR-002-CANONICAL-LAYER-SOURCE-MAP.md	32	929d833ae3eae5be3a256ca9eb51ae780bb8a86adf0c846ad6bce62198a6627b	| L10 | backend/layers/canonical_v1/quality/l10_liquidity_structure_confirmation.py | nawaf511 | nawaf511 | CONFIRMED | implementation=4, consumers=5, tests=0, docs=13, total=22 |	Candidate evidence only; manual verification required.
EVD-4daafed92ab6	LAYER_DISCOVERY	DOCUMENTATION_ONLY	docs/99-governance/pr-002-canonical-layer-map/PR-002-CANONICAL-LAYER-SOURCE-MAP.md	PR-002-CANONICAL-LAYER-SOURCE-MAP.md	33	929d833ae3eae5be3a256ca9eb51ae780bb8a86adf0c846ad6bce62198a6627b	| L11 | backend/layers/canonical_v1/risk/l11_usd_macro_filter.py | nawaf511 | nawaf511 | CONFIRMED | implementation=4, consumers=5, tests=0, docs=13, total=22 |	Candidate evidence only; manual verification required.
EVD-d0669cceb428	LAYER_DISCOVERY	DOCUMENTATION_ONLY	docs/99-governance/pr-002-canonical-layer-map/PR-002-CANONICAL-LAYER-SOURCE-MAP.md	PR-002-CANONICAL-LAYER-SOURCE-MAP.md	34	929d833ae3eae5be3a256ca9eb51ae780bb8a86adf0c846ad6bce62198a6627b	| L12 | backend/layers/canonical_v1/risk/l12_risk_engine.py | nawaf511 | nawaf511 | CONFIRMED | implementation=5, consumers=5, tests=0, docs=13, total=23 |	Candidate evidence only; manual verification required.
EVD-984a67c3be05	LAYER_DISCOVERY	DOCUMENTATION_ONLY	docs/99-governance/pr-002-canonical-layer-map/PR-002-CANONICAL-LAYER-SOURCE-MAP.md	PR-002-CANONICAL-LAYER-SOURCE-MAP.md	35	929d833ae3eae5be3a256ca9eb51ae780bb8a86adf0c846ad6bce62198a6627b	| L13 | backend/layers/canonical_v1/quality/l13_nawaf_golden_signal.py | nawaf511 | nawaf511 | CONFIRMED | implementation=5, consumers=5, tests=0, docs=13, total=23 |	Candidate evidence only; manual verification required.
EVD-ff1d364750a7	LAYER_DISCOVERY	DOCUMENTATION_ONLY	docs/99-governance/pr-002-canonical-layer-map/PR-002-CANONICAL-LAYER-SOURCE-MAP.md	PR-002-CANONICAL-LAYER-SOURCE-MAP.md	36	929d833ae3eae5be3a256ca9eb51ae780bb8a86adf0c846ad6bce62198a6627b	| L14 | backend/layers/canonical_v1/quality/l14_nawaf_enhanced_golden_signal.py | nawaf511 | nawaf511 | CONFIRMED | implementation=7, consumers=5, tests=0, docs=13, total=25 |	Candidate evidence only; manual verification required.
EVD-6734db9e8adb	LAYER_DISCOVERY	DOCUMENTATION_ONLY	docs/99-governance/pr-002-canonical-layer-map/PR-002-CANONICAL-LAYER-SOURCE-MAP.md	PR-002-CANONICAL-LAYER-SOURCE-MAP.md	37	929d833ae3eae5be3a256ca9eb51ae780bb8a86adf0c846ad6bce62198a6627b	| L15 | backend/layers/canonical_v1/risk/l15_devils_advocate.py | nawaf511 | nawaf511 | CONFIRMED | implementation=6, consumers=5, tests=0, docs=13, total=24 |	Candidate evidence only; manual verification required.
EVD-6dee1681312a	LAYER_DISCOVERY	DOCUMENTATION_ONLY	docs/99-governance/pr-002-canonical-layer-map/PR-002-CANONICAL-LAYER-SOURCE-MAP.md	PR-002-CANONICAL-LAYER-SOURCE-MAP.md	38	929d833ae3eae5be3a256ca9eb51ae780bb8a86adf0c846ad6bce62198a6627b	| L16 | backend/layers/canonical_v1/final/l16_decision_readiness_state_machine.py | nawaf511 | nawaf511 | CONFIRMED | implementation=6, consumers=5, tests=0, docs=17, total=28 |	Candidate evidence only; manual verification required.
EVD-defd945e59c5	LAYER_DISCOVERY	DOCUMENTATION_ONLY	docs/99-governance/pr-002-canonical-layer-map/PR-002-CANONICAL-LAYER-SOURCE-MAP.md	PR-002-CANONICAL-LAYER-SOURCE-MAP.md	42	929d833ae3eae5be3a256ca9eb51ae780bb8a86adf0c846ad6bce62198a6627b	1. Every layer L01-L16 has one canonical source.	Candidate evidence only; manual verification required.
EVD-4c7034bc0572	LAYER_DISCOVERY	DOCUMENTATION_ONLY	docs/99-governance/pr-002-canonical-layer-map/SHA256SUMS.txt	SHA256SUMS.txt	1	b716bb1990b2e1574167808f2acc4348c10a51a1583b5fedf12716c8c1e0b84e	c69cefd983ea938d906ca3b4240d3d918e757c93122aa9d458d5ea69f6c2e793  CANONICAL_LAYER_SOURCE_MAP.csv	Candidate evidence only; manual verification required.
EVD-99cd5affb110	LAYER_DISCOVERY	DOCUMENTATION_ONLY	docs/99-governance/pr-002-canonical-layer-map/SHA256SUMS.txt	SHA256SUMS.txt	2	b716bb1990b2e1574167808f2acc4348c10a51a1583b5fedf12716c8c1e0b84e	96a5a590a2fcef525b4168a0e31f4b3ebe34113792e931fe43fbf24e81cf1cf0  CANONICAL_LAYER_SOURCE_MAP.json	Candidate evidence only; manual verification required.
EVD-7971e933690b	LAYER_DISCOVERY	DOCUMENTATION_ONLY	docs/99-governance/pr-002-canonical-layer-map/SHA256SUMS.txt	SHA256SUMS.txt	3	b716bb1990b2e1574167808f2acc4348c10a51a1583b5fedf12716c8c1e0b84e	929d833ae3eae5be3a256ca9eb51ae780bb8a86adf0c846ad6bce62198a6627b  PR-002-CANONICAL-LAYER-SOURCE-MAP.md	Candidate evidence only; manual verification required.
EVD-67b5cbecb8d6	LAYER_DISCOVERY	DOCUMENTATION_ONLY	docs/99-governance/pr-002-canonical-layer-map/owners.json	owners.json	3	7c70f114baf42779ec1f7274229f6e7d5fee59f2db700a92a6b111593f23ce25	"""canonical_source"": ""backend/layers/canonical_v1/direction/l01_tdl_medium_long.py"","	Candidate evidence only; manual verification required.
EVD-05f4a1a548bb	LAYER_DISCOVERY	DOCUMENTATION_ONLY	docs/99-governance/pr-002-canonical-layer-map/owners.json	owners.json	6	7c70f114baf42779ec1f7274229f6e7d5fee59f2db700a92a6b111593f23ce25	"""notes"": ""Verified in layer_orchestrator_v2.py and registry_lock.py."""	Candidate evidence only; manual verification required.
EVD-465a4e8ec22c	LAYER_DISCOVERY	DOCUMENTATION_ONLY	docs/99-governance/pr-002-canonical-layer-map/owners.json	owners.json	9	7c70f114baf42779ec1f7274229f6e7d5fee59f2db700a92a6b111593f23ce25	"""canonical_source"": ""backend/layers/canonical_v1/direction/l02_tdl_short_speculative.py"","	Candidate evidence only; manual verification required.
EVD-2d3fe27e4882	LAYER_DISCOVERY	DOCUMENTATION_ONLY	docs/99-governance/pr-002-canonical-layer-map/owners.json	owners.json	12	7c70f114baf42779ec1f7274229f6e7d5fee59f2db700a92a6b111593f23ce25	"""notes"": ""Verified in layer_orchestrator_v2.py and registry_lock.py."""	Candidate evidence only; manual verification required.
EVD-bdd15b3623d7	LAYER_DISCOVERY	DOCUMENTATION_ONLY	docs/99-governance/pr-002-canonical-layer-map/owners.json	owners.json	15	7c70f114baf42779ec1f7274229f6e7d5fee59f2db700a92a6b111593f23ce25	"""canonical_source"": ""backend/layers/canonical_v1/direction/l03_market_direction_context.py"","	Candidate evidence only; manual verification required.
EVD-66a0e04b412e	LAYER_DISCOVERY	DOCUMENTATION_ONLY	docs/99-governance/pr-002-canonical-layer-map/owners.json	owners.json	18	7c70f114baf42779ec1f7274229f6e7d5fee59f2db700a92a6b111593f23ce25	"""notes"": ""Verified in layer_orchestrator_v2.py and registry_lock.py."""	Candidate evidence only; manual verification required.
EVD-8b161db961de	LAYER_DISCOVERY	DOCUMENTATION_ONLY	docs/99-governance/pr-002-canonical-layer-map/owners.json	owners.json	21	7c70f114baf42779ec1f7274229f6e7d5fee59f2db700a92a6b111593f23ce25	"""canonical_source"": ""backend/layers/canonical_v1/direction/l04_correction_gate.py"","	Candidate evidence only; manual verification required.
EVD-b8ff66e4058f	LAYER_DISCOVERY	DOCUMENTATION_ONLY	docs/99-governance/pr-002-canonical-layer-map/owners.json	owners.json	24	7c70f114baf42779ec1f7274229f6e7d5fee59f2db700a92a6b111593f23ce25	"""notes"": ""Verified in layer_orchestrator_v2.py and registry_lock.py."""	Candidate evidence only; manual verification required.
EVD-ff974ba6c544	LAYER_DISCOVERY	DOCUMENTATION_ONLY	docs/99-governance/pr-002-canonical-layer-map/owners.json	owners.json	27	7c70f114baf42779ec1f7274229f6e7d5fee59f2db700a92a6b111593f23ce25	"""canonical_source"": ""backend/layers/canonical_v1/quality/l05_divergence_engine.py"","	Candidate evidence only; manual verification required.
EVD-7656d57696d5	LAYER_DISCOVERY	DOCUMENTATION_ONLY	docs/99-governance/pr-002-canonical-layer-map/owners.json	owners.json	30	7c70f114baf42779ec1f7274229f6e7d5fee59f2db700a92a6b111593f23ce25	"""notes"": ""Verified in layer_orchestrator_v2.py and registry_lock.py."""	Candidate evidence only; manual verification required.
EVD-171b2d2cca08	LAYER_DISCOVERY	DOCUMENTATION_ONLY	docs/99-governance/pr-002-canonical-layer-map/owners.json	owners.json	33	7c70f114baf42779ec1f7274229f6e7d5fee59f2db700a92a6b111593f23ce25	"""canonical_source"": ""backend/layers/canonical_v1/direction/l06_temporal_day_logic.py"","	Candidate evidence only; manual verification required.
EVD-4cd1c66c7503	LAYER_DISCOVERY	DOCUMENTATION_ONLY	docs/99-governance/pr-002-canonical-layer-map/owners.json	owners.json	36	7c70f114baf42779ec1f7274229f6e7d5fee59f2db700a92a6b111593f23ce25	"""notes"": ""Verified in layer_orchestrator_v2.py and registry_lock.py."""	Candidate evidence only; manual verification required.
EVD-68b5908739d2	LAYER_DISCOVERY	DOCUMENTATION_ONLY	docs/99-governance/pr-002-canonical-layer-map/owners.json	owners.json	39	7c70f114baf42779ec1f7274229f6e7d5fee59f2db700a92a6b111593f23ce25	"""canonical_source"": ""backend/layers/canonical_v1/structure/l07_scenario_levels.py"","	Candidate evidence only; manual verification required.
EVD-aa2e66692f64	LAYER_DISCOVERY	DOCUMENTATION_ONLY	docs/99-governance/pr-002-canonical-layer-map/owners.json	owners.json	42	7c70f114baf42779ec1f7274229f6e7d5fee59f2db700a92a6b111593f23ce25	"""notes"": ""Verified in layer_orchestrator_v2.py and registry_lock.py."""	Candidate evidence only; manual verification required.
EVD-74ff83f69b1c	LAYER_DISCOVERY	DOCUMENTATION_ONLY	docs/99-governance/pr-002-canonical-layer-map/owners.json	owners.json	45	7c70f114baf42779ec1f7274229f6e7d5fee59f2db700a92a6b111593f23ce25	"""canonical_source"": ""backend/layers/canonical_v1/structure/l08_nmp_confirmation.py"","	Candidate evidence only; manual verification required.
EVD-bab9f8435fe2	LAYER_DISCOVERY	DOCUMENTATION_ONLY	docs/99-governance/pr-002-canonical-layer-map/owners.json	owners.json	48	7c70f114baf42779ec1f7274229f6e7d5fee59f2db700a92a6b111593f23ce25	"""notes"": ""Verified in layer_orchestrator_v2.py and registry_lock.py."""	Candidate evidence only; manual verification required.
EVD-c005200a698f	LAYER_DISCOVERY	DOCUMENTATION_ONLY	docs/99-governance/pr-002-canonical-layer-map/owners.json	owners.json	51	7c70f114baf42779ec1f7274229f6e7d5fee59f2db700a92a6b111593f23ce25	"""canonical_source"": ""backend/layers/canonical_v1/quality/l09_momentum_engine.py"","	Candidate evidence only; manual verification required.
EVD-34b9344c91ac	LAYER_DISCOVERY	DOCUMENTATION_ONLY	docs/99-governance/pr-002-canonical-layer-map/owners.json	owners.json	54	7c70f114baf42779ec1f7274229f6e7d5fee59f2db700a92a6b111593f23ce25	"""notes"": ""Verified in layer_orchestrator_v2.py and registry_lock.py."""	Candidate evidence only; manual verification required.
EVD-e6a112c76700	LAYER_DISCOVERY	DOCUMENTATION_ONLY	docs/99-governance/pr-002-canonical-layer-map/owners.json	owners.json	57	7c70f114baf42779ec1f7274229f6e7d5fee59f2db700a92a6b111593f23ce25	"""canonical_source"": ""backend/layers/canonical_v1/quality/l10_liquidity_structure_confirmation.py"","	Candidate evidence only; manual verification required.
EVD-4576cd0053b8	LAYER_DISCOVERY	DOCUMENTATION_ONLY	docs/99-governance/pr-002-canonical-layer-map/owners.json	owners.json	60	7c70f114baf42779ec1f7274229f6e7d5fee59f2db700a92a6b111593f23ce25	"""notes"": ""Verified in layer_orchestrator_v2.py and registry_lock.py."""	Candidate evidence only; manual verification required.
EVD-a90e586902de	LAYER_DISCOVERY	DOCUMENTATION_ONLY	docs/99-governance/pr-003-canonical-service-map/CANONICAL_SERVICE_MAP.json	CANONICAL_SERVICE_MAP.json	91	fe03685c4a60e5d5dbae386a44ba44b77c2007b01136c7e700e72e936bd15498	"""service_id"": ""ndsp-layers-api"","	Candidate evidence only; manual verification required.
EVD-ba5e95d50b0f	LAYER_DISCOVERY	DOCUMENTATION_ONLY	docs/99-governance/pr-003-canonical-service-map/CANONICAL_SERVICE_MAP.json	CANONICAL_SERVICE_MAP.json	93	fe03685c4a60e5d5dbae386a44ba44b77c2007b01136c7e700e72e936bd15498	"""canonical_entrypoint"": ""apps/ndsp-layers-api/app.py"","	Candidate evidence only; manual verification required.
EVD-1206244aca47	LAYER_DISCOVERY	DOCUMENTATION_ONLY	docs/99-governance/pr-003-canonical-service-map/CANONICAL_SERVICE_MAP.json	CANONICAL_SERVICE_MAP.json	94	fe03685c4a60e5d5dbae386a44ba44b77c2007b01136c7e700e72e936bd15498	"""service_name"": ""ndsp-layers-api"","	Candidate evidence only; manual verification required.
EVD-6fa5155c51dc	LAYER_DISCOVERY	DOCUMENTATION_ONLY	docs/99-governance/pr-003-canonical-service-map/CANONICAL_SERVICE_MAP.json	CANONICAL_SERVICE_MAP.json	104	fe03685c4a60e5d5dbae386a44ba44b77c2007b01136c7e700e72e936bd15498	"""apps/ndsp-layers-api/app.py"""	Candidate evidence only; manual verification required.
EVD-934221a9c9a7	LAYER_DISCOVERY	DOCUMENTATION_ONLY	docs/99-governance/pr-003-canonical-service-map/CANONICAL_SERVICE_MAP_FINAL.json	CANONICAL_SERVICE_MAP_FINAL.json	100	624355c6970d7b8b9faded7740144e5600ce130a0ddb65eb81f7364c9abbcc64	"""service_id"": ""ndsp-layers-api"","	Candidate evidence only; manual verification required.
EVD-3176861330fe	LAYER_DISCOVERY	DOCUMENTATION_ONLY	docs/99-governance/pr-003-canonical-service-map/CANONICAL_SERVICE_MAP_FINAL.json	CANONICAL_SERVICE_MAP_FINAL.json	101	624355c6970d7b8b9faded7740144e5600ce130a0ddb65eb81f7364c9abbcc64	"""canonical_entrypoint"": ""apps/ndsp-layers-api/app.py"","	Candidate evidence only; manual verification required.
EVD-c447d7dcb478	LAYER_DISCOVERY	DOCUMENTATION_ONLY	docs/99-governance/pr-003-canonical-service-map/PR-003-CANONICAL-SERVICE-MAP-FINAL.md	PR-003-CANONICAL-SERVICE-MAP-FINAL.md	27	95b6b71f82a25a738abbe7ddefe6c8a3515853bac2eba1919f35568b97cb2df3	| `ndsp-layers-api` | `SOURCE_ONLY` | `apps/ndsp-layers-api/app.py` | — | `—` | `—` | `NONE` |	Candidate evidence only; manual verification required.
EVD-8f0f103b0e6a	LAYER_DISCOVERY	DOCUMENTATION_ONLY	docs/99-governance/pr-003-canonical-service-map/PR-003-CANONICAL-SERVICE-MAP-FINAL.md	PR-003-CANONICAL-SERVICE-MAP-FINAL.md	45	95b6b71f82a25a738abbe7ddefe6c8a3515853bac2eba1919f35568b97cb2df3	- `ndsp-layers-api` — `apps/ndsp-layers-api/app.py`	Candidate evidence only; manual verification required.
EVD-4ffad958ffdf	LAYER_DISCOVERY	DOCUMENTATION_ONLY	docs/99-governance/pr-003-canonical-service-map/PR-003-CANONICAL-SERVICE-MAP.md	PR-003-CANONICAL-SERVICE-MAP.md	28	9f1292181182ae91d5fd3c0fdd91233b44c7499555534015a9a2d04098f486f9	| `ndsp-layers-api` | `apps/ndsp-layers-api/app.py` | TBD | — | 9057, 9076 | `—` | `PORT_VERIFICATION_REQUIRED` |	Candidate evidence only; manual verification required.
EVD-ca5788117c13	LAYER_DISCOVERY	DOCUMENTATION_ONLY	docs/99-governance/pr-004-runtime-dependency-map/FINAL_RUNTIME_DEPENDENCY_MAP.json	FINAL_RUNTIME_DEPENDENCY_MAP.json	79	579336a09ee02b81a26ee6070decff87f83c96e9e6735c09e23ab670f5d84464	"""source_service"": ""ndsp-layers-api"","	Candidate evidence only; manual verification required.
EVD-8df5f9a3d2bf	LAYER_DISCOVERY	DOCUMENTATION_ONLY	docs/99-governance/pr-004-runtime-dependency-map/FINAL_RUNTIME_DEPENDENCY_MAP.json	FINAL_RUNTIME_DEPENDENCY_MAP.json	89	579336a09ee02b81a26ee6070decff87f83c96e9e6735c09e23ab670f5d84464	"""evidence_locations"": ""apps/ndsp-layers-api/app.py:18;apps/ndsp-layers-api/app.py:19"","	Candidate evidence only; manual verification required.
EVD-bd4498edc8aa	LAYER_DISCOVERY	DOCUMENTATION_ONLY	docs/99-governance/pr-004-runtime-dependency-map/PR-004-CONFIGURATION-EVIDENCE-APPENDIX.md	PR-004-CONFIGURATION-EVIDENCE-APPENDIX.md	23	7ed45e294f88da84da1b6dc88c059a98bb8e1dda598a5ff05c9e28b66533903f	| `ndsp-layers-api` | 1 |	Candidate evidence only; manual verification required.
EVD-783d19891115	LAYER_DISCOVERY	DOCUMENTATION_ONLY	docs/99-governance/pr-004-runtime-dependency-map/PR-004-FINAL-RUNTIME-DEPENDENCY-MAP.md	PR-004-FINAL-RUNTIME-DEPENDENCY-MAP.md	36	615c6306ecd526ebc235964f8dfa6d4c40c29c3589b5a234bc85940c526ced22	| `ndsp-layers-api` | `LOCAL_SERVICE` | `ndsp-live-decision-quality` | `CANONICAL_SERVICE` | `HTTP` | `9057` | `ACCEPTED` |	Candidate evidence only; manual verification required.
EVD-5bb529e90fd6	LAYER_DISCOVERY	DOCUMENTATION_ONLY	docs/99-governance/pr-004-runtime-dependency-map/PR-004-NON-CANONICAL-COMPONENT-EDGES.md	PR-004-NON-CANONICAL-COMPONENT-EDGES.md	12	54b9afba7decaab9c32e08a927f5caa4c5726bfdb75c5009ee8b33ef656ab475	| `ndsp-layers-api` | `raw-cot-service` | `9076` | `HIGH` | `apps/ndsp-layers-api/app.py:289` |	Candidate evidence only; manual verification required.
EVD-1f5406244708	LAYER_DISCOVERY	DOCUMENTATION_ONLY	docs/99-governance/pr-005-runtime-ownership-map/FINAL_RUNTIME_OWNERSHIP_MAP.json	FINAL_RUNTIME_OWNERSHIP_MAP.json	78	11009cf78d6ce22629098db8f172beed92647dc6eaf24cd120350c6a6fca44cb	"""service"": ""ndsp-layers-api"","	Candidate evidence only; manual verification required.
EVD-fe75937e746b	LAYER_DISCOVERY	DOCUMENTATION_ONLY	docs/99-governance/pr-005-runtime-ownership-map/PR-005-FINAL-RUNTIME-OWNERSHIP-MAP.md	PR-005-FINAL-RUNTIME-OWNERSHIP-MAP.md	31	4cc1e61d8abe0cbd6d1a41fdfb17a56dd052132e2724b259cd51281f3a6e95d3	| `ndsp-layers-api` | `-` | `NONE` | `-` | `SOURCE_ONLY` | `ACCEPTED` |	Candidate evidence only; manual verification required.
EVD-4ac99f1eb975	LAYER_DISCOVERY	DOCUMENTATION_ONLY	docs/99-governance/pr-006-network-exposure-map/FINAL_NETWORK_EXPOSURE_MAP.json	FINAL_NETWORK_EXPOSURE_MAP.json	967	4d672f5fd5313bc9ca3ab5cda21f0a89934b81ab6ecbb3cdd6ea620cae90fdc9	"""systemd_unit"": ""ndsp-layers-api.service"","	Candidate evidence only; manual verification required.
EVD-14ba4bd637fb	LAYER_DISCOVERY	DOCUMENTATION_ONLY	docs/99-governance/pr-006-network-exposure-map/FINAL_NETWORK_EXPOSURE_MAP.json	FINAL_NETWORK_EXPOSURE_MAP.json	1119	4d672f5fd5313bc9ca3ab5cda21f0a89934b81ab6ecbb3cdd6ea620cae90fdc9	"""systemd_unit"": ""ndsp-16-layers.service"","	Candidate evidence only; manual verification required.
EVD-9cae4e48316d	LAYER_DISCOVERY	DOCUMENTATION_ONLY	docs/99-governance/pr-006-network-exposure-map/PR-006-FINAL-NETWORK-EXPOSURE-MAP.md	PR-006-FINAL-NETWORK-EXPOSURE-MAP.md	97	1cc5348d68c32f4d0d332a2ddd966bf13805bf3e52bfcdca4692a5035b8f0de9	| `tcp` | `127.0.0.1` | `9065` | `uvicorn` | `ndsp-layers-api.service` | `-` | `NON_CANONICAL_APPLICATION` | `ACCEPTED_WITH_OWNERSHIP_WARNING` |	Candidate evidence only; manual verification required.
EVD-986e79722989	LAYER_DISCOVERY	DOCUMENTATION_ONLY	docs/99-governance/pr-006-network-exposure-map/PR-006-FINAL-NETWORK-EXPOSURE-MAP.md	PR-006-FINAL-NETWORK-EXPOSURE-MAP.md	105	1cc5348d68c32f4d0d332a2ddd966bf13805bf3e52bfcdca4692a5035b8f0de9	| `tcp` | `127.0.0.1` | `9077` | `node` | `ndsp-16-layers.service` | `-` | `NON_CANONICAL_APPLICATION` | `ACCEPTED_WITH_OWNERSHIP_WARNING` |	Candidate evidence only; manual verification required.
EVD-361d528589dd	LAYER_DISCOVERY	DOCUMENTATION_ONLY	docs/99-governance/pr-007-noncanonical-ownership/FINAL_NONCANONICAL_OWNERSHIP_MAP.json	FINAL_NONCANONICAL_OWNERSHIP_MAP.json	472	5239677f1cdf01ad470167a5b0865378ae4d36e70ccc2aabe194d4b478a35b15	"""command_line"": ""/home/nawaf511/empire-core-new/apps/ndsp-layers-api/.venv/bin/python3 /home/nawaf511/empire-core-new/apps/ndsp-layers-api/.venv/bin/uvicorn app:app --host 127.0.0.1 --port 9065"","	Candidate evidence only; manual verification required.
EVD-ac0785260085	LAYER_DISCOVERY	DOCUMENTATION_ONLY	docs/99-governance/pr-007-noncanonical-ownership/FINAL_NONCANONICAL_OWNERSHIP_MAP.json	FINAL_NONCANONICAL_OWNERSHIP_MAP.json	473	5239677f1cdf01ad470167a5b0865378ae4d36e70ccc2aabe194d4b478a35b15	"""working_directory"": ""/home/nawaf511/empire-core-new/apps/ndsp-layers-api"","	Candidate evidence only; manual verification required.
EVD-df48cd3bb52c	LAYER_DISCOVERY	DOCUMENTATION_ONLY	docs/99-governance/pr-007-noncanonical-ownership/FINAL_NONCANONICAL_OWNERSHIP_MAP.json	FINAL_NONCANONICAL_OWNERSHIP_MAP.json	474	5239677f1cdf01ad470167a5b0865378ae4d36e70ccc2aabe194d4b478a35b15	"""systemd_unit"": ""ndsp-layers-api.service"","	Candidate evidence only; manual verification required.
EVD-5bb478109f2c	LAYER_DISCOVERY	DOCUMENTATION_ONLY	docs/99-governance/pr-007-noncanonical-ownership/FINAL_NONCANONICAL_OWNERSHIP_MAP.json	FINAL_NONCANONICAL_OWNERSHIP_MAP.json	475	5239677f1cdf01ad470167a5b0865378ae4d36e70ccc2aabe194d4b478a35b15	"""observed_component"": ""ndsp-layers-api"","	Candidate evidence only; manual verification required.
EVD-ce74bd717b51	LAYER_DISCOVERY	DOCUMENTATION_ONLY	docs/99-governance/pr-007-noncanonical-ownership/FINAL_NONCANONICAL_OWNERSHIP_MAP.json	FINAL_NONCANONICAL_OWNERSHIP_MAP.json	503	5239677f1cdf01ad470167a5b0865378ae4d36e70ccc2aabe194d4b478a35b15	"""decision_reason"": ""UI bridge provides shared integration between presentation and API layers."","	Candidate evidence only; manual verification required.
EVD-c72aa6b92ee6	LAYER_DISCOVERY	DOCUMENTATION_ONLY	docs/99-governance/pr-007-noncanonical-ownership/FINAL_NONCANONICAL_OWNERSHIP_MAP.json	FINAL_NONCANONICAL_OWNERSHIP_MAP.json	658	5239677f1cdf01ad470167a5b0865378ae4d36e70ccc2aabe194d4b478a35b15	"""systemd_unit"": ""ndsp-16-layers.service"","	Candidate evidence only; manual verification required.
EVD-c065f377d0f7	LAYER_DISCOVERY	DOCUMENTATION_ONLY	docs/99-governance/pr-007-noncanonical-ownership/FINAL_NONCANONICAL_OWNERSHIP_MAP.json	FINAL_NONCANONICAL_OWNERSHIP_MAP.json	659	5239677f1cdf01ad470167a5b0865378ae4d36e70ccc2aabe194d4b478a35b15	"""observed_component"": ""ndsp-16-layers"","	Candidate evidence only; manual verification required.
EVD-ae12f791ceab	LAYER_DISCOVERY	DOCUMENTATION_ONLY	docs/99-governance/pr-007-noncanonical-ownership/PR-007-NONCANONICAL-OWNERSHIP.md	PR-007-NONCANONICAL-OWNERSHIP.md	43	b5a7503aec83afd11812a1ae4495f7b392a7761c2e46891a3bfdbb520427a6e1	| `PR007-020` | `ndsp-layers-api` | `9065` | `ndsp-layers-api.service` | `nawaf511` | `PROMOTE_TO_CANONICAL` | `MEDIUM` |	Candidate evidence only; manual verification required.
EVD-4d39bbb33d2f	LAYER_DISCOVERY	DOCUMENTATION_ONLY	docs/99-governance/pr-007-noncanonical-ownership/PR-007-NONCANONICAL-OWNERSHIP.md	PR-007-NONCANONICAL-OWNERSHIP.md	46	b5a7503aec83afd11812a1ae4495f7b392a7761c2e46891a3bfdbb520427a6e1	| `PR007-028` | `ndsp-16-layers` | `9077` | `ndsp-16-layers.service` | `NDSP platform` | `PROMOTE_TO_CANONICAL` | `MEDIUM` |	Candidate evidence only; manual verification required.
EVD-2d6233c9de27	LAYER_DISCOVERY	DOCUMENTATION_ONLY	docs/99-governance/pr-007-noncanonical-ownership/PR-007-NONCANONICAL-OWNERSHIP.md	PR-007-NONCANONICAL-OWNERSHIP.md	118	b5a7503aec83afd11812a1ae4495f7b392a7761c2e46891a3bfdbb520427a6e1	| `PR007-020` | `ndsp-layers-api` | `9065` | `ndsp-layers-api.service` | `nawaf511` | `PROMOTE_TO_CANONICAL` | `MEDIUM` |	Candidate evidence only; manual verification required.
EVD-bd5aab937f35	LAYER_DISCOVERY	DOCUMENTATION_ONLY	docs/99-governance/pr-007-noncanonical-ownership/PR-007-NONCANONICAL-OWNERSHIP.md	PR-007-NONCANONICAL-OWNERSHIP.md	126	b5a7503aec83afd11812a1ae4495f7b392a7761c2e46891a3bfdbb520427a6e1	| `PR007-028` | `ndsp-16-layers` | `9077` | `ndsp-16-layers.service` | `NDSP platform` | `PROMOTE_TO_CANONICAL` | `MEDIUM` |	Candidate evidence only; manual verification required.
EVD-52de5d573d49	LAYER_DISCOVERY	DOCUMENTATION_ONLY	docs/99-governance/pr-007-noncanonical-ownership/PR-007-REVIEW-NOTES.md	PR-007-REVIEW-NOTES.md	22	b8f29c1e74a1bb41137bc6d22f51b741154eb14e422e9adbd7cd156b74946c26	| `PR007-021` | `ndsp-ui-bridge-api` | `9066` | `SHARED_INFRASTRUCTURE` | UI bridge provides shared integration between presentation and API layers. |	Candidate evidence only; manual verification required.
EVD-d19c099b24ec	LAYER_DISCOVERY	DOCUMENTATION_ONLY	docs/NDSP_GOVERNANCE_DOCUMENTATION.md	NDSP_GOVERNANCE_DOCUMENTATION.md	15	65cc703603cda47ae7e30c28141fc46fe37a8ea0cf536ad3ba56e8b1cb167f7f	- تحليل منهجي للطبقات المؤثرة	Candidate evidence only; manual verification required.
EVD-6649c641c9ca	LAYER_DISCOVERY	DOCUMENTATION_ONLY	docs/NDSP_GOVERNANCE_DOCUMENTATION.md	NDSP_GOVERNANCE_DOCUMENTATION.md	167	65cc703603cda47ae7e30c28141fc46fe37a8ea0cf536ad3ba56e8b1cb167f7f	## 📚 الطبقات التحليلية الـ 10	Candidate evidence only; manual verification required.
EVD-1bdd044cfcf6	LAYER_DISCOVERY	DOCUMENTATION_ONLY	docs/NDSP_GOVERNANCE_DOCUMENTATION.md	NDSP_GOVERNANCE_DOCUMENTATION.md	169	65cc703603cda47ae7e30c28141fc46fe37a8ea0cf536ad3ba56e8b1cb167f7f	### الطبقة 1: TDL - تحليل الاتجاه اليومي	Candidate evidence only; manual verification required.
EVD-695d88fff9c9	LAYER_DISCOVERY	DOCUMENTATION_ONLY	docs/NDSP_GOVERNANCE_DOCUMENTATION.md	NDSP_GOVERNANCE_DOCUMENTATION.md	185	65cc703603cda47ae7e30c28141fc46fe37a8ea0cf536ad3ba56e8b1cb167f7f	### الطبقة 2: NMP - نقاط التحول الهامة	Candidate evidence only; manual verification required.
EVD-06459ee4d220	LAYER_DISCOVERY	DOCUMENTATION_ONLY	docs/NDSP_GOVERNANCE_DOCUMENTATION.md	NDSP_GOVERNANCE_DOCUMENTATION.md	200	65cc703603cda47ae7e30c28141fc46fe37a8ea0cf536ad3ba56e8b1cb167f7f	### الطبقة 3: Macro Layer - الطبقة الكلية	Candidate evidence only; manual verification required.
EVD-5bbd2909949a	LAYER_DISCOVERY	DOCUMENTATION_ONLY	docs/NDSP_GOVERNANCE_DOCUMENTATION.md	NDSP_GOVERNANCE_DOCUMENTATION.md	216	65cc703603cda47ae7e30c28141fc46fe37a8ea0cf536ad3ba56e8b1cb167f7f	### الطبقة 4: Day Logic - منطق اليوم	Candidate evidence only; manual verification required.
EVD-1115fcb6cd7c	LAYER_DISCOVERY	DOCUMENTATION_ONLY	docs/NDSP_GOVERNANCE_DOCUMENTATION.md	NDSP_GOVERNANCE_DOCUMENTATION.md	232	65cc703603cda47ae7e30c28141fc46fe37a8ea0cf536ad3ba56e8b1cb167f7f	### الطبقة 5: Scenario Levels - مستويات السيناريو المرجعية	Candidate evidence only; manual verification required.
EVD-29a467a34e0d	LAYER_DISCOVERY	DOCUMENTATION_ONLY	docs/NDSP_GOVERNANCE_DOCUMENTATION.md	NDSP_GOVERNANCE_DOCUMENTATION.md	249	65cc703603cda47ae7e30c28141fc46fe37a8ea0cf536ad3ba56e8b1cb167f7f	### الطبقة 6: Decision State - حالة القرار	Candidate evidence only; manual verification required.
EVD-11cae147fa32	LAYER_DISCOVERY	DOCUMENTATION_ONLY	docs/NDSP_GOVERNANCE_DOCUMENTATION.md	NDSP_GOVERNANCE_DOCUMENTATION.md	266	65cc703603cda47ae7e30c28141fc46fe37a8ea0cf536ad3ba56e8b1cb167f7f	### الطبقة 7: Quality Decision - جودة القرار	Candidate evidence only; manual verification required.
EVD-3965902c0dc6	LAYER_DISCOVERY	DOCUMENTATION_ONLY	docs/NDSP_GOVERNANCE_DOCUMENTATION.md	NDSP_GOVERNANCE_DOCUMENTATION.md	283	65cc703603cda47ae7e30c28141fc46fe37a8ea0cf536ad3ba56e8b1cb167f7f	### الطبقة 8: Market Reading - قراءة السوق	Candidate evidence only; manual verification required.
EVD-cf965b1c14b9	LAYER_DISCOVERY	DOCUMENTATION_ONLY	docs/NDSP_GOVERNANCE_DOCUMENTATION.md	NDSP_GOVERNANCE_DOCUMENTATION.md	301	65cc703603cda47ae7e30c28141fc46fe37a8ea0cf536ad3ba56e8b1cb167f7f	### الطبقة 9: Risk Notes - ملاحظات المخاطر	Candidate evidence only; manual verification required.
EVD-275caaa9843d	LAYER_DISCOVERY	DOCUMENTATION_ONLY	docs/NDSP_GOVERNANCE_DOCUMENTATION.md	NDSP_GOVERNANCE_DOCUMENTATION.md	319	65cc703603cda47ae7e30c28141fc46fe37a8ea0cf536ad3ba56e8b1cb167f7f	### الطبقة 10: Live Price Bridge - جسر السعر الحي	Candidate evidence only; manual verification required.
EVD-b2a9913e97ca	LAYER_DISCOVERY	DOCUMENTATION_ONLY	docs/NDSP_GOVERNANCE_DOCUMENTATION.md	NDSP_GOVERNANCE_DOCUMENTATION.md	492	65cc703603cda47ae7e30c28141fc46fe37a8ea0cf536ad3ba56e8b1cb167f7f	اقرأ جميع الطبقات التحليلية الـ 10	Candidate evidence only; manual verification required.
EVD-70b78a88b3ea	LAYER_DISCOVERY	INFERRED_FROM_SOURCE	frontend/admin-console/NDSP_Admin_Console.html	NDSP_Admin_Console.html	120	ec2f74577258a70331e0996cd849caa228df6b264f0c0c4ee2a6472ef41f32ef	/* layer governance */	Candidate evidence only; manual verification required.
EVD-58d09492c7ba	LAYER_DISCOVERY	INFERRED_FROM_SOURCE	frontend/admin-console/NDSP_Admin_Console.html	NDSP_Admin_Console.html	201	ec2f74577258a70331e0996cd849caa228df6b264f0c0c4ee2a6472ef41f32ef	"<div class=""navitem"" data-v=""layers""><span class=""ic"">⬡</span><span data-i=""nLayers"">حوكمة الطبقات</span></div>"	Candidate evidence only; manual verification required.
EVD-5507d6bf191b	LAYER_DISCOVERY	INFERRED_FROM_SOURCE	frontend/admin-console/NDSP_Admin_Console.html	NDSP_Admin_Console.html	240	ec2f74577258a70331e0996cd849caa228df6b264f0c0c4ee2a6472ef41f32ef	"<div class=""card-h""><div class=""t""><span class=""ic"">⬡</span><span data-i=""layerStatus"">حالة حوكمة الطبقات</span></div></div>"	Candidate evidence only; manual verification required.
EVD-58bf90330952	LAYER_DISCOVERY	INFERRED_FROM_SOURCE	frontend/admin-console/NDSP_Admin_Console.html	NDSP_Admin_Console.html	242	ec2f74577258a70331e0996cd849caa228df6b264f0c0c4ee2a6472ef41f32ef	"<div class=""hcell""><div class=""k"" data-i=""lcTotal"">إجمالي الطبقات</div><div class=""v"">١٦</div><div class=""st""><span class=""badge b-info"" data-i=""lcActive"">كلها تشارك</span></div></div>"	Candidate evidence only; manual verification required.
EVD-bfdfe944f306	LAYER_DISCOVERY	INFERRED_FROM_SOURCE	frontend/admin-console/NDSP_Admin_Console.html	NDSP_Admin_Console.html	246	ec2f74577258a70331e0996cd849caa228df6b264f0c0c4ee2a6472ef41f32ef	"<div class=""muted-note"" data-i=""layerNote""><b>قاعدة:</b> لا كشف للأسماء أو الترتيب أو طرق الحساب الداخلية أو المعاملات الداخلية. العرض = قيمة منقّحة فقط.</div>"	Candidate evidence only; manual verification required.
EVD-56c987715ca1	LAYER_DISCOVERY	INFERRED_FROM_SOURCE	frontend/admin-console/NDSP_Admin_Console.html	NDSP_Admin_Console.html	272	ec2f74577258a70331e0996cd849caa228df6b264f0c0c4ee2a6472ef41f32ef	"""ENGINE & GOVERNANCE"":""المحركات والحوكمة"",""Layer Governance"":""حوكمة الطبقات"",""NMP Research Lab"":""مختبر أبحاث NMP"","	Candidate evidence only; manual verification required.
EVD-f37b50f6735f	LAYER_DISCOVERY	INFERRED_FROM_SOURCE	frontend/admin-console/NDSP_Admin_Console.html	NDSP_Admin_Console.html	367	ec2f74577258a70331e0996cd849caa228df6b264f0c0c4ee2a6472ef41f32ef	"[""Overview"",""Users"",""Trials"",""Registration Review"",""Packages"",""Payments"",""Layer Governance"",""NMP Research Lab"",""Health"",""Reports"",""Backups"",""نظرة عامة"",""المستخدمون"",""التجارب"",""الباقات"",""المدفوعات""].forEach(function(x){"	Candidate evidence only; manual verification required.
EVD-61d670a638eb	LAYER_DISCOVERY	INFERRED_FROM_SOURCE	frontend/admin-console/NDSP_Admin_Console.html	NDSP_Admin_Console.html	543	ec2f74577258a70331e0996cd849caa228df6b264f0c0c4ee2a6472ef41f32ef	<!-- ===== LAYER GOVERNANCE ===== -->	Candidate evidence only; manual verification required.
EVD-2fac5e63255a	LAYER_DISCOVERY	INFERRED_FROM_SOURCE	frontend/admin-console/NDSP_Admin_Console.html	NDSP_Admin_Console.html	544	ec2f74577258a70331e0996cd849caa228df6b264f0c0c4ee2a6472ef41f32ef	"<section class=""view"" data-view=""layers"">"	Candidate evidence only; manual verification required.
EVD-b393a63c3201	LAYER_DISCOVERY	INFERRED_FROM_SOURCE	frontend/admin-console/NDSP_Admin_Console.html	NDSP_Admin_Console.html	547	ec2f74577258a70331e0996cd849caa228df6b264f0c0c4ee2a6472ef41f32ef	"<div class=""card-h""><div class=""t""><span class=""ic"">⬡</span><span data-i=""visibleLayers"">الطبقات الأربع الظاهرة</span></div></div>"	Candidate evidence only; manual verification required.
EVD-55d20387e273	LAYER_DISCOVERY	INFERRED_FROM_SOURCE	frontend/admin-console/NDSP_Admin_Console.html	NDSP_Admin_Console.html	551	ec2f74577258a70331e0996cd849caa228df6b264f0c0c4ee2a6472ef41f32ef	"<div class=""card-h""><div class=""t""><span class=""ic"">⛨</span><span data-i=""hiddenLayers"">الطبقات المخفية</span></div><span class=""tag"">PROTECTED</span></div>"	Candidate evidence only; manual verification required.
EVD-77f50ec816a8	LAYER_DISCOVERY	INFERRED_FROM_SOURCE	frontend/admin-console/NDSP_Admin_Console.html	NDSP_Admin_Console.html	553	ec2f74577258a70331e0996cd849caa228df6b264f0c0c4ee2a6472ef41f32ef	"<div class=""hidden-strip"" data-i=""hiddenStrip""><b>12 LAYERS · MASKED</b><br>تشارك في كل مخرجة دون كشف الأسماء أو الترتيب أو طرق الحساب الداخلية أو المعاملات الداخلية.</div>"	Candidate evidence only; manual verification required.
EVD-5690822f68c4	LAYER_DISCOVERY	INFERRED_FROM_SOURCE	frontend/admin-console/NDSP_Admin_Console.html	NDSP_Admin_Console.html	646	ec2f74577258a70331e0996cd849caa228df6b264f0c0c4ee2a6472ef41f32ef	"<div class=""muted-note"" data-i=""analyticsNote"" style=""margin-top:16px""><b>الحوكمة:</b> إشارات UX آمنة فقط (مشاهدات، تنقّل، إكمال نماذج). لا كلمات مرور، لا بيانات تشغيل محمية، لا أسماء طبقات مخفية، لا بصمات خام معروضة.</div>"	Candidate evidence only; manual verification required.
EVD-bce714f10a70	LAYER_DISCOVERY	INFERRED_FROM_SOURCE	frontend/admin-console/NDSP_Admin_Console.html	NDSP_Admin_Console.html	680	ec2f74577258a70331e0996cd849caa228df6b264f0c0c4ee2a6472ef41f32ef	"nLayers:""حوكمة الطبقات"",nMarkets:""الأسواق والأصول"",nAlerts:""التنبيهات والإعدادات"",nHealth:""الصحة والنسخ"",nAnalytics:""تحليلات التجربة"",nSecurity:""الأمان والترجمة"","	Candidate evidence only; manual verification required.
EVD-1e8bfce49437	LAYER_DISCOVERY	INFERRED_FROM_SOURCE	frontend/admin-console/NDSP_Admin_Console.html	NDSP_Admin_Console.html	684	ec2f74577258a70331e0996cd849caa228df6b264f0c0c4ee2a6472ef41f32ef	"layerStatus:""حالة حوكمة الطبقات"",lcTotal:""إجمالي الطبقات"",lcActive:""كلها تشارك"",lcVisible:""ظاهرة بالاسم"",lcGoverned:""محكومة"",lcHidden:""مخفيّة"",lcProtected:""محميّة"","	Candidate evidence only; manual verification required.
EVD-1d8738d6a3cf	LAYER_DISCOVERY	INFERRED_FROM_SOURCE	frontend/admin-console/NDSP_Admin_Console.html	NDSP_Admin_Console.html	685	ec2f74577258a70331e0996cd849caa228df6b264f0c0c4ee2a6472ef41f32ef	"layerNote:""<b>قاعدة:</b> لا كشف للأسماء أو الترتيب أو طرق الحساب الداخلية أو المعاملات الداخلية. العرض = قيمة منقّحة فقط."","	Candidate evidence only; manual verification required.
EVD-f4206f1c2301	LAYER_DISCOVERY	INFERRED_FROM_SOURCE	frontend/admin-console/NDSP_Admin_Console.html	NDSP_Admin_Console.html	699	ec2f74577258a70331e0996cd849caa228df6b264f0c0c4ee2a6472ef41f32ef	"visibleLayers:""الطبقات الأربع الظاهرة"",hiddenLayers:""الطبقات المخفية"","	Candidate evidence only; manual verification required.
EVD-c1bfa5570294	LAYER_DISCOVERY	INFERRED_FROM_SOURCE	frontend/admin-console/NDSP_Admin_Console.html	NDSP_Admin_Console.html	700	ec2f74577258a70331e0996cd849caa228df6b264f0c0c4ee2a6472ef41f32ef	"hiddenStrip:""<b>12 LAYERS · MASKED</b><br>تشارك في كل مخرجة دون كشف الأسماء أو الترتيب أو طرق الحساب الداخلية أو المعاملات الداخلية."","	Candidate evidence only; manual verification required.
EVD-56c1cceb1083	LAYER_DISCOVERY	INFERRED_FROM_SOURCE	frontend/admin-console/NDSP_Admin_Console.html	NDSP_Admin_Console.html	707	ec2f74577258a70331e0996cd849caa228df6b264f0c0c4ee2a6472ef41f32ef	"analyticsNote:""<b>الحوكمة:</b> إشارات UX آمنة فقط (مشاهدات، تنقّل، إكمال نماذج). لا كلمات مرور، لا بيانات تشغيل محمية، لا أسماء طبقات مخفية، لا بصمات خام معروضة."","	Candidate evidence only; manual verification required.
EVD-7109312df824	LAYER_DISCOVERY	INFERRED_FROM_SOURCE	frontend/admin-console/NDSP_Admin_Console.html	NDSP_Admin_Console.html	710	ec2f74577258a70331e0996cd849caa228df6b264f0c0c4ee2a6472ef41f32ef	"titles:{overview:[""نظرة عامة"",""مركز عمليات DSP — لوحة الحوكمة والتشغيل""],users:[""المستخدمون"",""إدارة الحسابات والباقات وأوضاع اللوحة""],trials:[""التجارب"",""متابعة تجارب الـ١٦ يومًا ونية الترقية""],review:[""مراجعة التسجيل"",""قرارات مكافحة الإساءة والمراجعة اليدوية""],packages:[""الباقات"",""حدود الباقات المفروضة من الخادم""],payments:[""المدفوعات"",""حالات الاشتراك والاعتماد اليدوي""],layers:[""حوكمة الطبقات"",""١٦ طبقة · ٤ ظاهرة · ١٢ محميّة""],markets:[""الأسواق والأصول"",""حالة المحرّك ومصدر البيانات والتدقيق""],alerts:[""التنبيهات والإعدادات"",""حالة القنوات — البيانات تشغيل محمية مقنّعة دائمًا""],health:[""الصحة والن"	Candidate evidence only; manual verification required.
EVD-0244a8c5a5f1	LAYER_DISCOVERY	INFERRED_FROM_SOURCE	frontend/admin-console/NDSP_Design_System.html	NDSP_Design_System.html	294	b0d7dc48142b1fbc4fb3a4b4b918eadb4e546f4579e004837ce5b3db2253fc52	"""ENGINE & GOVERNANCE"":""المحركات والحوكمة"",""Layer Governance"":""حوكمة الطبقات"",""NMP Research Lab"":""مختبر أبحاث NMP"","	Candidate evidence only; manual verification required.
EVD-d3ed93ce168f	LAYER_DISCOVERY	INFERRED_FROM_SOURCE	frontend/admin-console/NDSP_Design_System.html	NDSP_Design_System.html	389	b0d7dc48142b1fbc4fb3a4b4b918eadb4e546f4579e004837ce5b3db2253fc52	"[""Overview"",""Users"",""Trials"",""Registration Review"",""Packages"",""Payments"",""Layer Governance"",""NMP Research Lab"",""Health"",""Reports"",""Backups"",""نظرة عامة"",""المستخدمون"",""التجارب"",""الباقات"",""المدفوعات""].forEach(function(x){"	Candidate evidence only; manual verification required.
EVD-203695075b22	LAYER_DISCOVERY	INFERRED_FROM_SOURCE	frontend/admin-console/NDSP_Help_Center.html	NDSP_Help_Center.html	176	9bc811f106be3310eaafca37812d4b1ef5c689d474113c6563e75ccedd59c403	"{id:""layers"",nm:[""الطبقات والقراءة"",""Layers & reads""],ic:""⬡""},"	Candidate evidence only; manual verification required.
EVD-27e113bb49a2	LAYER_DISCOVERY	INFERRED_FROM_SOURCE	frontend/admin-console/NDSP_Help_Center.html	NDSP_Help_Center.html	200	9bc811f106be3310eaafca37812d4b1ef5c689d474113c6563e75ccedd59c403	"a:[""وصول كامل للطبقات الأربع الظاهرة وجودة القرار الكاملة طوال المدة، مع تفتّح تدريجي للطبقات على أربع مراحل عبر أيام رحلتك."","	Candidate evidence only; manual verification required.
EVD-39b7bd771228	LAYER_DISCOVERY	INFERRED_FROM_SOURCE	frontend/admin-console/NDSP_Help_Center.html	NDSP_Help_Center.html	201	9bc811f106be3310eaafca37812d4b1ef5c689d474113c6563e75ccedd59c403	"""Full access to the four visible layers and complete decision quality throughout, with a progressive unlock of the layers across four phases during your journey.""]},"	Candidate evidence only; manual verification required.
EVD-9a22468d397f	LAYER_DISCOVERY	INFERRED_FROM_SOURCE	frontend/admin-console/NDSP_Help_Center.html	NDSP_Help_Center.html	205	9bc811f106be3310eaafca37812d4b1ef5c689d474113c6563e75ccedd59c403	"{cat:""layers"",q:[""ما هي الـ١٦ طبقة؟ ولماذا ٤ فقط ظاهرة؟"",""What are the 16 layers? Why are only 4 visible?""],"	Candidate evidence only; manual verification required.
EVD-b9e0b1a2e977	LAYER_DISCOVERY	INFERRED_FROM_SOURCE	frontend/admin-console/NDSP_Help_Center.html	NDSP_Help_Center.html	206	9bc811f106be3310eaafca37812d4b1ef5c689d474113c6563e75ccedd59c403	"a:[""١٦ طبقة تحليلية تشارك في كل قراءة. أربع ظاهرة بالاسم (<span class='gold'>منطق البُعد الزمني · نقطة التقاء نواف · محامي الشيطان · إشارة نواف الذهبية</span>)، و١٢ تعمل خلف الكواليس. إخفاؤها ليس غموضًا — بل حماية لجوهر المنصة، كما تحمي البنوك نماذجها. تحصل على القيمة، لا الوصفة."","	Candidate evidence only; manual verification required.
EVD-24b84f695609	LAYER_DISCOVERY	INFERRED_FROM_SOURCE	frontend/admin-console/NDSP_Help_Center.html	NDSP_Help_Center.html	207	9bc811f106be3310eaafca37812d4b1ef5c689d474113c6563e75ccedd59c403	"""16 analytical layers contribute to every read. Four are named (<span class='gold'>Timed Direction Logic · Nawaf Meeting Point · Devil's Advocate · Nawaf Golden Alignment</span>), and 12 work behind the scenes. Hiding them isn't obscurity — it's protecting the platform's core, like banks protect their models. You get the value, not the recipe.""]},"	Candidate evidence only; manual verification required.
EVD-164338156e17	LAYER_DISCOVERY	INFERRED_FROM_SOURCE	frontend/admin-console/NDSP_Help_Center.html	NDSP_Help_Center.html	208	9bc811f106be3310eaafca37812d4b1ef5c689d474113c6563e75ccedd59c403	"{cat:""layers"",q:[""هل تكشفون طرق الحساب الداخلية أو المعاملات الداخلية؟"",""Do you reveal the internal methods or internal parameters?""],"	Candidate evidence only; manual verification required.
EVD-ca8f1ae899e9	LAYER_DISCOVERY	INFERRED_FROM_SOURCE	frontend/admin-console/NDSP_Help_Center.html	NDSP_Help_Center.html	209	9bc811f106be3310eaafca37812d4b1ef5c689d474113c6563e75ccedd59c403	"a:[""لا، أبدًا. لا تُعرض طرق الحساب الداخلية ولا المعاملات الداخلية ولا الدرجات الداخلية ولا أسماء الطبقات المخفية ولا ترتيبها. المعروض دائمًا <b>قيمة منقّحة</b> فقط."","	Candidate evidence only; manual verification required.
EVD-37d2f8510564	LAYER_DISCOVERY	INFERRED_FROM_SOURCE	frontend/admin-console/NDSP_Help_Center.html	NDSP_Help_Center.html	210	9bc811f106be3310eaafca37812d4b1ef5c689d474113c6563e75ccedd59c403	"""No, never. No internal methods, internal parameters, internal scores, hidden layer names, or their order are shown. What's displayed is always a <b>sanitized value</b> only.""]},"	Candidate evidence only; manual verification required.
EVD-18303f0c699c	LAYER_DISCOVERY	INFERRED_FROM_SOURCE	frontend/admin-console/NDSP_Help_Center.html	NDSP_Help_Center.html	211	9bc811f106be3310eaafca37812d4b1ef5c689d474113c6563e75ccedd59c403	"{cat:""layers"",q:[""ما معنى «جودة القرار»؟"",""What does 'decision quality' mean?""],"	Candidate evidence only; manual verification required.
EVD-efb6966873c3	LAYER_DISCOVERY	INFERRED_FROM_SOURCE	frontend/admin-console/NDSP_Help_Center.html	NDSP_Help_Center.html	212	9bc811f106be3310eaafca37812d4b1ef5c689d474113c6563e75ccedd59c403	"a:[""مؤشر واحد يلخّص <b>متانة القراءة</b> بعد مرور كل الطبقات — يساعدك تعرف متى القراءة متماسكة ومتى تتحفّظ. ليس احتمال ربح ولا تنبؤًا مضمونًا."","	Candidate evidence only; manual verification required.
EVD-c8dc74e86ae2	LAYER_DISCOVERY	INFERRED_FROM_SOURCE	frontend/admin-console/NDSP_Help_Center.html	NDSP_Help_Center.html	213	9bc811f106be3310eaafca37812d4b1ef5c689d474113c6563e75ccedd59c403	"""A single index summarizing the <b>robustness of a read</b> after all layers — helping you tell when a read is coherent and when to hold back. It's not a win probability or a guaranteed forecast.""]},"	Candidate evidence only; manual verification required.
EVD-09e5c240a6ac	LAYER_DISCOVERY	INFERRED_FROM_SOURCE	frontend/admin-console/NDSP_Help_Center.html	NDSP_Help_Center.html	327	9bc811f106be3310eaafca37812d4b1ef5c689d474113c6563e75ccedd59c403	"""ENGINE & GOVERNANCE"":""المحركات والحوكمة"",""Layer Governance"":""حوكمة الطبقات"",""NMP Research Lab"":""مختبر أبحاث NMP"","	Candidate evidence only; manual verification required.
EVD-03af5c78c406	LAYER_DISCOVERY	INFERRED_FROM_SOURCE	frontend/admin-console/NDSP_Help_Center.html	NDSP_Help_Center.html	422	9bc811f106be3310eaafca37812d4b1ef5c689d474113c6563e75ccedd59c403	"[""Overview"",""Users"",""Trials"",""Registration Review"",""Packages"",""Payments"",""Layer Governance"",""NMP Research Lab"",""Health"",""Reports"",""Backups"",""نظرة عامة"",""المستخدمون"",""التجارب"",""الباقات"",""المدفوعات""].forEach(function(x){"	Candidate evidence only; manual verification required.
EVD-84f61c6a06a6	LAYER_DISCOVERY	INFERRED_FROM_SOURCE	frontend/admin-console/NDSP_Terms_Privacy.html	NDSP_Terms_Privacy.html	144	3f5969be3b5c2549c00a4ccb20b85bd0fa72732fbae6a21fffe2ad104f9be76b	"<p data-i=""privBanP"">نجمع <span class=""gold"">إشارات آمنة فقط</span> بالقدر اللازم لتشغيل المنصة وحماية المقاعد. لا نبيع بياناتك، ولا نعرض بيانات تشغيل محمية، ولا نكشف طرق الحساب الداخلية أو أسماء الطبقات أو البصمات المحمية. اعتمادات الدخول مجزّأة لا تُخزّن كنص.</p></div>"	Candidate evidence only; manual verification required.
EVD-ec76957ea4f3	LAYER_DISCOVERY	INFERRED_FROM_SOURCE	frontend/admin-console/NDSP_Terms_Privacy.html	NDSP_Terms_Privacy.html	183	3f5969be3b5c2549c00a4ccb20b85bd0fa72732fbae6a21fffe2ad104f9be76b	"[""المحرّك، الطبقات التحليلية الست عشرة، التصاميم، والعلامة (Hunter_KSA1) مملوكة لـ DSP ومحميّة. لا تُكشف طرق الحساب الداخلية أو المعاملات الداخلية أو أسماء الطبقات المخفية أو ترتيبها."",""The engine, the sixteen analytical layers, the designs, and the mark (Hunter_KSA1) are owned by DSP and protected. Internal methods, internal parameters, hidden layer names, and their order are never disclosed.""]]},"	Candidate evidence only; manual verification required.
EVD-e31995cc3086	LAYER_DISCOVERY	INFERRED_FROM_SOURCE	frontend/admin-console/NDSP_Terms_Privacy.html	NDSP_Terms_Privacy.html	194	3f5969be3b5c2549c00a4ccb20b85bd0fa72732fbae6a21fffe2ad104f9be76b	"[""لا تُعرض ولا تُسجَّل في الواجهة: <b>طرق الحساب الداخلية، المعاملات الداخلية، الدرجات الداخلية، أسماء الطبقات المخفية أو ترتيبها، والبصمات المحمية</b>."",""Never shown or logged in the frontend: <b>internal methods, internal parameters, internal scores, hidden layer names or their order, and protected fingerprints</b>.""],"	Candidate evidence only; manual verification required.
EVD-f3d80ec0af45	LAYER_DISCOVERY	INFERRED_FROM_SOURCE	frontend/admin-console/NDSP_Terms_Privacy.html	NDSP_Terms_Privacy.html	218	3f5969be3b5c2549c00a4ccb20b85bd0fa72732fbae6a21fffe2ad104f9be76b	"privBanP:""نجمع <span class='gold'>إشارات آمنة فقط</span> بالقدر اللازم لتشغيل المنصة وحماية المقاعد. لا نبيع بياناتك، ولا نعرض بيانات تشغيل محمية، ولا نكشف طرق الحساب الداخلية أو أسماء الطبقات أو البصمات المحمية. اعتمادات الدخول مجزّأة لا تُخزّن كنص."","	Candidate evidence only; manual verification required.
EVD-c4f76d3df3c7	LAYER_DISCOVERY	INFERRED_FROM_SOURCE	frontend/admin-console/NDSP_Terms_Privacy.html	NDSP_Terms_Privacy.html	229	3f5969be3b5c2549c00a4ccb20b85bd0fa72732fbae6a21fffe2ad104f9be76b	"privBanP:""We collect <span class='gold'>safe signals only</span>, to the extent needed to run the platform and protect seats. We don't sell your data, show any protecteds, or reveal internal methods, layer names, or protected fingerprints. Credentials are hashed, never stored as text."","	Candidate evidence only; manual verification required.
EVD-ef3a12ac07c3	LAYER_DISCOVERY	INFERRED_FROM_SOURCE	frontend/admin-console/NDSP_Terms_Privacy.html	NDSP_Terms_Privacy.html	286	3f5969be3b5c2549c00a4ccb20b85bd0fa72732fbae6a21fffe2ad104f9be76b	"""ENGINE & GOVERNANCE"":""المحركات والحوكمة"",""Layer Governance"":""حوكمة الطبقات"",""NMP Research Lab"":""مختبر أبحاث NMP"","	Candidate evidence only; manual verification required.
EVD-559c8f172279	LAYER_DISCOVERY	INFERRED_FROM_SOURCE	frontend/admin-console/NDSP_Terms_Privacy.html	NDSP_Terms_Privacy.html	381	3f5969be3b5c2549c00a4ccb20b85bd0fa72732fbae6a21fffe2ad104f9be76b	"[""Overview"",""Users"",""Trials"",""Registration Review"",""Packages"",""Payments"",""Layer Governance"",""NMP Research Lab"",""Health"",""Reports"",""Backups"",""نظرة عامة"",""المستخدمون"",""التجارب"",""الباقات"",""المدفوعات""].forEach(function(x){"	Candidate evidence only; manual verification required.
EVD-42d9b9b74d0f	LAYER_DISCOVERY	INFERRED_FROM_SOURCE	frontend/admin-console/NMP_Research_Lab.html	NMP_Research_Lab.html	107	8fd60d44ec74d62337abb50c4118abd1df41556025b47a463a2048259571aa69	"""ENGINE & GOVERNANCE"":""المحركات والحوكمة"",""Layer Governance"":""حوكمة الطبقات"",""NMP Research Lab"":""مختبر أبحاث NMP"","	Candidate evidence only; manual verification required.
EVD-196d08dfb59e	LAYER_DISCOVERY	INFERRED_FROM_SOURCE	frontend/admin-console/NMP_Research_Lab.html	NMP_Research_Lab.html	202	8fd60d44ec74d62337abb50c4118abd1df41556025b47a463a2048259571aa69	"[""Overview"",""Users"",""Trials"",""Registration Review"",""Packages"",""Payments"",""Layer Governance"",""NMP Research Lab"",""Health"",""Reports"",""Backups"",""نظرة عامة"",""المستخدمون"",""التجارب"",""الباقات"",""المدفوعات""].forEach(function(x){"	Candidate evidence only; manual verification required.
EVD-1b589e798254	LAYER_DISCOVERY	INFERRED_FROM_SOURCE	frontend/admin-console/index.html	index.html	120	544e7a521ed09764543971e7a37ba00ac1f6fc9a5de72b183ef60957670afcf8	/* layer governance */	Candidate evidence only; manual verification required.
EVD-cf4128dc614f	LAYER_DISCOVERY	INFERRED_FROM_SOURCE	frontend/admin-console/index.html	index.html	202	544e7a521ed09764543971e7a37ba00ac1f6fc9a5de72b183ef60957670afcf8	"<div class=""navitem"" data-v=""layers""><span class=""ic"">⬡</span><span data-i=""nLayers"">حوكمة الطبقات</span></div>"	Candidate evidence only; manual verification required.
EVD-5aaa4bdedfe6	LAYER_DISCOVERY	INFERRED_FROM_SOURCE	frontend/admin-console/index.html	index.html	241	544e7a521ed09764543971e7a37ba00ac1f6fc9a5de72b183ef60957670afcf8	"<div class=""card-h""><div class=""t""><span class=""ic"">⬡</span><span data-i=""layerStatus"">حالة حوكمة الطبقات</span></div></div>"	Candidate evidence only; manual verification required.
EVD-6a5ea26e8d84	LAYER_DISCOVERY	INFERRED_FROM_SOURCE	frontend/admin-console/index.html	index.html	243	544e7a521ed09764543971e7a37ba00ac1f6fc9a5de72b183ef60957670afcf8	"<div class=""hcell""><div class=""k"" data-i=""lcTotal"">إجمالي الطبقات</div><div class=""v"">١٦</div><div class=""st""><span class=""badge b-info"" data-i=""lcActive"">كلها تشارك</span></div></div>"	Candidate evidence only; manual verification required.
EVD-22786e3026b4	LAYER_DISCOVERY	INFERRED_FROM_SOURCE	frontend/admin-console/index.html	index.html	247	544e7a521ed09764543971e7a37ba00ac1f6fc9a5de72b183ef60957670afcf8	"<div class=""muted-note"" data-i=""layerNote""><b>قاعدة:</b> لا كشف للأسماء أو الترتيب أو طرق الحساب الداخلية أو المعاملات الداخلية. العرض = قيمة منقّحة فقط.</div>"	Candidate evidence only; manual verification required.
EVD-96350fab4ea6	LAYER_DISCOVERY	INFERRED_FROM_SOURCE	frontend/admin-console/index.html	index.html	273	544e7a521ed09764543971e7a37ba00ac1f6fc9a5de72b183ef60957670afcf8	"""ENGINE & GOVERNANCE"":""المحركات والحوكمة"",""Layer Governance"":""حوكمة الطبقات"",""NMP Research Lab"":""مختبر أبحاث NMP"","	Candidate evidence only; manual verification required.
EVD-acc98c630e14	LAYER_DISCOVERY	INFERRED_FROM_SOURCE	frontend/admin-console/index.html	index.html	368	544e7a521ed09764543971e7a37ba00ac1f6fc9a5de72b183ef60957670afcf8	"[""Overview"",""Users"",""Trials"",""Registration Review"",""Packages"",""Payments"",""Layer Governance"",""NMP Research Lab"",""Health"",""Reports"",""Backups"",""نظرة عامة"",""المستخدمون"",""التجارب"",""الباقات"",""المدفوعات""].forEach(function(x){"	Candidate evidence only; manual verification required.
EVD-d1ec027425ba	LAYER_DISCOVERY	INFERRED_FROM_SOURCE	frontend/admin-console/index.html	index.html	537	544e7a521ed09764543971e7a37ba00ac1f6fc9a5de72b183ef60957670afcf8	<!-- ===== LAYER GOVERNANCE ===== -->	Candidate evidence only; manual verification required.
EVD-6e1942cd12d1	LAYER_DISCOVERY	INFERRED_FROM_SOURCE	frontend/admin-console/index.html	index.html	538	544e7a521ed09764543971e7a37ba00ac1f6fc9a5de72b183ef60957670afcf8	"<section class=""view"" data-view=""layers"">"	Candidate evidence only; manual verification required.
EVD-2c3f48d5c352	LAYER_DISCOVERY	INFERRED_FROM_SOURCE	frontend/admin-console/index.html	index.html	541	544e7a521ed09764543971e7a37ba00ac1f6fc9a5de72b183ef60957670afcf8	"<div class=""card-h""><div class=""t""><span class=""ic"">⬡</span><span data-i=""visibleLayers"">الطبقات الأربع الظاهرة</span></div></div>"	Candidate evidence only; manual verification required.
EVD-90648f221834	LAYER_DISCOVERY	INFERRED_FROM_SOURCE	frontend/admin-console/index.html	index.html	545	544e7a521ed09764543971e7a37ba00ac1f6fc9a5de72b183ef60957670afcf8	"<div class=""card-h""><div class=""t""><span class=""ic"">⛨</span><span data-i=""hiddenLayers"">الطبقات المخفية</span></div><span class=""tag"">PROTECTED</span></div>"	Candidate evidence only; manual verification required.
EVD-1d6ce744b49c	LAYER_DISCOVERY	INFERRED_FROM_SOURCE	frontend/admin-console/index.html	index.html	547	544e7a521ed09764543971e7a37ba00ac1f6fc9a5de72b183ef60957670afcf8	"<div class=""hidden-strip"" data-i=""hiddenStrip""><b>12 LAYERS · MASKED</b><br>تشارك في كل مخرجة دون كشف الأسماء أو الترتيب أو طرق الحساب الداخلية أو المعاملات الداخلية.</div>"	Candidate evidence only; manual verification required.
EVD-f05aa20ce556	LAYER_DISCOVERY	INFERRED_FROM_SOURCE	frontend/admin-console/index.html	index.html	640	544e7a521ed09764543971e7a37ba00ac1f6fc9a5de72b183ef60957670afcf8	"<div class=""muted-note"" data-i=""analyticsNote"" style=""margin-top:16px""><b>الحوكمة:</b> إشارات UX آمنة فقط (مشاهدات، تنقّل، إكمال نماذج). لا كلمات مرور، لا بيانات تشغيل محمية، لا أسماء طبقات مخفية، لا بصمات خام معروضة.</div>"	Candidate evidence only; manual verification required.
EVD-cdf2691ccd26	LAYER_DISCOVERY	INFERRED_FROM_SOURCE	frontend/admin-console/index.html	index.html	674	544e7a521ed09764543971e7a37ba00ac1f6fc9a5de72b183ef60957670afcf8	"nLayers:""حوكمة الطبقات"",nMarkets:""الأسواق والأصول"",nAlerts:""التنبيهات والإعدادات"",nHealth:""الصحة والنسخ"",nAnalytics:""تحليلات التجربة"",nSecurity:""الأمان والترجمة"","	Candidate evidence only; manual verification required.
EVD-6c26a838cb03	LAYER_DISCOVERY	INFERRED_FROM_SOURCE	frontend/admin-console/index.html	index.html	678	544e7a521ed09764543971e7a37ba00ac1f6fc9a5de72b183ef60957670afcf8	"layerStatus:""حالة حوكمة الطبقات"",lcTotal:""إجمالي الطبقات"",lcActive:""كلها تشارك"",lcVisible:""ظاهرة بالاسم"",lcGoverned:""محكومة"",lcHidden:""مخفيّة"",lcProtected:""محميّة"","	Candidate evidence only; manual verification required.
EVD-bb9d14066d79	LAYER_DISCOVERY	INFERRED_FROM_SOURCE	frontend/admin-console/index.html	index.html	679	544e7a521ed09764543971e7a37ba00ac1f6fc9a5de72b183ef60957670afcf8	"layerNote:""<b>قاعدة:</b> لا كشف للأسماء أو الترتيب أو طرق الحساب الداخلية أو المعاملات الداخلية. العرض = قيمة منقّحة فقط."","	Candidate evidence only; manual verification required.
EVD-ca0396762675	LAYER_DISCOVERY	INFERRED_FROM_SOURCE	frontend/admin-console/index.html	index.html	693	544e7a521ed09764543971e7a37ba00ac1f6fc9a5de72b183ef60957670afcf8	"visibleLayers:""الطبقات الأربع الظاهرة"",hiddenLayers:""الطبقات المخفية"","	Candidate evidence only; manual verification required.
EVD-1f5956855385	LAYER_DISCOVERY	INFERRED_FROM_SOURCE	frontend/admin-console/index.html	index.html	694	544e7a521ed09764543971e7a37ba00ac1f6fc9a5de72b183ef60957670afcf8	"hiddenStrip:""<b>12 LAYERS · MASKED</b><br>تشارك في كل مخرجة دون كشف الأسماء أو الترتيب أو طرق الحساب الداخلية أو المعاملات الداخلية."","	Candidate evidence only; manual verification required.
EVD-335185259665	LAYER_DISCOVERY	INFERRED_FROM_SOURCE	frontend/admin-console/index.html	index.html	701	544e7a521ed09764543971e7a37ba00ac1f6fc9a5de72b183ef60957670afcf8	"analyticsNote:""<b>الحوكمة:</b> إشارات UX آمنة فقط (مشاهدات، تنقّل، إكمال نماذج). لا كلمات مرور، لا بيانات تشغيل محمية، لا أسماء طبقات مخفية، لا بصمات خام معروضة."","	Candidate evidence only; manual verification required.
EVD-ebbddc18a20d	LAYER_DISCOVERY	INFERRED_FROM_SOURCE	frontend/admin-console/index.html	index.html	704	544e7a521ed09764543971e7a37ba00ac1f6fc9a5de72b183ef60957670afcf8	"titles:{overview:[""نظرة عامة"",""مركز عمليات DSP — لوحة الحوكمة والتشغيل""],users:[""المستخدمون"",""إدارة الحسابات والباقات وأوضاع اللوحة""],trials:[""التجارب"",""متابعة تجارب الـ١٦ يومًا ونية الترقية""],review:[""مراجعة التسجيل"",""قرارات مكافحة الإساءة والمراجعة اليدوية""],packages:[""الباقات"",""حدود الباقات المفروضة من الخادم""],payments:[""المدفوعات"",""حالات الاشتراك والاعتماد اليدوي""],layers:[""حوكمة الطبقات"",""١٦ طبقة · ٤ ظاهرة · ١٢ محميّة""],markets:[""الأسواق والأصول"",""حالة المحرّك ومصدر البيانات والتدقيق""],alerts:[""التنبيهات والإعدادات"",""حالة القنوات — البيانات تشغيل محمية مقنّعة دائمًا""],health:[""الصحة والن"	Candidate evidence only; manual verification required.
EVD-5cfd9f087e18	LAYER_DISCOVERY	INFERRED_FROM_SOURCE	frontend/admin-console/research/NMP_Research_Level.html	NMP_Research_Level.html	37	b5f4a2150dac9186e587df8e81c882cf0245c2f6ac181c485dee484f547051a5	"""ENGINE & GOVERNANCE"":""المحركات والحوكمة"",""Layer Governance"":""حوكمة الطبقات"",""NMP Research Lab"":""مختبر أبحاث NMP"","	Candidate evidence only; manual verification required.
EVD-4a20799ba70b	LAYER_DISCOVERY	INFERRED_FROM_SOURCE	frontend/admin-console/research/NMP_Research_Level.html	NMP_Research_Level.html	132	b5f4a2150dac9186e587df8e81c882cf0245c2f6ac181c485dee484f547051a5	"[""Overview"",""Users"",""Trials"",""Registration Review"",""Packages"",""Payments"",""Layer Governance"",""NMP Research Lab"",""Health"",""Reports"",""Backups"",""نظرة عامة"",""المستخدمون"",""التجارب"",""الباقات"",""المدفوعات""].forEach(function(x){"	Candidate evidence only; manual verification required.
EVD-ab854dae56c8	LAYER_DISCOVERY	INFERRED_FROM_SOURCE	frontend/admin-console/research/TDL_Research_Lab.html	TDL_Research_Lab.html	53	bb3c74d7f443409ffbff8cfe1c74e4454357da1abc6baaa4a186a18ecf658a23	"""ENGINE & GOVERNANCE"":""المحركات والحوكمة"",""Layer Governance"":""حوكمة الطبقات"",""NMP Research Lab"":""مختبر أبحاث NMP"","	Candidate evidence only; manual verification required.
EVD-d6f1e68010e7	LAYER_DISCOVERY	INFERRED_FROM_SOURCE	frontend/admin-console/research/TDL_Research_Lab.html	TDL_Research_Lab.html	148	bb3c74d7f443409ffbff8cfe1c74e4454357da1abc6baaa4a186a18ecf658a23	"[""Overview"",""Users"",""Trials"",""Registration Review"",""Packages"",""Payments"",""Layer Governance"",""NMP Research Lab"",""Health"",""Reports"",""Backups"",""نظرة عامة"",""المستخدمون"",""التجارب"",""الباقات"",""المدفوعات""].forEach(function(x){"	Candidate evidence only; manual verification required.
EVD-1298e5df8f31	LAYER_DISCOVERY	INFERRED_FROM_SOURCE	frontend/public-landing/NDSP_Activation.html	NDSP_Activation.html	172	f8fc3b0e2f1b8b85ff2d9a91b78404124e4c2cd9f3b3366e6066ac4b505de0d0	"<div class=""bf""><div class=""n"">◈</div><div data-i=""bf1""><b>وصول كامل بمستوى باقة Elite</b> — كل الطبقات الأربع وجودة القرار طوال الـ١٦ يومًا كأنك مشترك بها.</div></div>"	Candidate evidence only; manual verification required.
EVD-20cb5f94f774	LAYER_DISCOVERY	INFERRED_FROM_SOURCE	frontend/public-landing/NDSP_Activation.html	NDSP_Activation.html	173	f8fc3b0e2f1b8b85ff2d9a91b78404124e4c2cd9f3b3366e6066ac4b505de0d0	"<div class=""bf""><div class=""n"">⬡</div><div data-i=""bf2""><b>تفتّح تدريجي</b> للطبقات على أربع مراحل عبر أيام رحلتك.</div></div>"	Candidate evidence only; manual verification required.
EVD-7bd6ef78c922	LAYER_DISCOVERY	INFERRED_FROM_SOURCE	frontend/public-landing/NDSP_Activation.html	NDSP_Activation.html	248	f8fc3b0e2f1b8b85ff2d9a91b78404124e4c2cd9f3b3366e6066ac4b505de0d0	"bf1:""<b>وصول كامل بمستوى باقة Elite</b> — كل الطبقات الأربع وجودة القرار طوال الـ١٦ يومًا كأنك مشترك بها."","	Candidate evidence only; manual verification required.
EVD-1333c759e8bc	LAYER_DISCOVERY	INFERRED_FROM_SOURCE	frontend/public-landing/NDSP_Activation.html	NDSP_Activation.html	249	f8fc3b0e2f1b8b85ff2d9a91b78404124e4c2cd9f3b3366e6066ac4b505de0d0	"bf2:""<b>تفتّح تدريجي</b> للطبقات على أربع مراحل عبر أيام رحلتك."","	Candidate evidence only; manual verification required.
EVD-529c171332a1	LAYER_DISCOVERY	INFERRED_FROM_SOURCE	frontend/public-landing/NDSP_Activation.html	NDSP_Activation.html	275	f8fc3b0e2f1b8b85ff2d9a91b78404124e4c2cd9f3b3366e6066ac4b505de0d0	"bf1:""<b>Full Elite-package access</b> — all four layers and decision quality for the whole 16 days, as if subscribed."","	Candidate evidence only; manual verification required.
EVD-9cd50c8e818f	LAYER_DISCOVERY	INFERRED_FROM_SOURCE	frontend/public-landing/NDSP_Activation.html	NDSP_Activation.html	276	f8fc3b0e2f1b8b85ff2d9a91b78404124e4c2cd9f3b3366e6066ac4b505de0d0	"bf2:""<b>Progressive unlock</b> of the layers across four phases through your journey."","	Candidate evidence only; manual verification required.
EVD-e9b58c0017cc	LAYER_DISCOVERY	INFERRED_FROM_SOURCE	frontend/public-landing/NDSP_Help_Center.html	NDSP_Help_Center.html	175	9f8b6856d18b6bd64c8213fbb68023ccd0fb60afaa2d427b3538c9e79f706b23	"{id:""layers"",nm:[""الطبقات والقراءة"",""Layers & reads""],ic:""⬡""},"	Candidate evidence only; manual verification required.
EVD-c5fe3d89dd22	LAYER_DISCOVERY	INFERRED_FROM_SOURCE	frontend/public-landing/NDSP_Help_Center.html	NDSP_Help_Center.html	199	9f8b6856d18b6bd64c8213fbb68023ccd0fb60afaa2d427b3538c9e79f706b23	"a:[""وصول كامل للطبقات الأربع الظاهرة وجودة القرار الكاملة طوال المدة، مع تفتّح تدريجي للطبقات على أربع مراحل عبر أيام رحلتك."","	Candidate evidence only; manual verification required.
EVD-1c23f5c11734	LAYER_DISCOVERY	INFERRED_FROM_SOURCE	frontend/public-landing/NDSP_Help_Center.html	NDSP_Help_Center.html	200	9f8b6856d18b6bd64c8213fbb68023ccd0fb60afaa2d427b3538c9e79f706b23	"""Full access to the four visible layers and complete decision quality throughout, with a progressive unlock of the layers across four phases during your journey.""]},"	Candidate evidence only; manual verification required.
EVD-0dfe09f8b375	LAYER_DISCOVERY	INFERRED_FROM_SOURCE	frontend/public-landing/NDSP_Help_Center.html	NDSP_Help_Center.html	204	9f8b6856d18b6bd64c8213fbb68023ccd0fb60afaa2d427b3538c9e79f706b23	"{cat:""layers"",q:[""ما هي الـ١٦ طبقة؟ ولماذا ٤ فقط ظاهرة؟"",""What are the 16 layers? Why are only 4 visible?""],"	Candidate evidence only; manual verification required.
EVD-72960390123d	LAYER_DISCOVERY	INFERRED_FROM_SOURCE	frontend/public-landing/NDSP_Help_Center.html	NDSP_Help_Center.html	205	9f8b6856d18b6bd64c8213fbb68023ccd0fb60afaa2d427b3538c9e79f706b23	"a:[""١٦ طبقة تحليلية تشارك في كل قراءة. أربع ظاهرة بالاسم (<span class='gold'>منطق البُعد الزمني · نقطة التقاء نواف · محامي الشيطان · إشارة نواف الذهبية</span>)، و١٢ تعمل خلف الكواليس. إخفاؤها ليس غموضًا — بل حماية لجوهر المنصة، كما تحمي البنوك نماذجها. تحصل على القيمة، لا الوصفة."","	Candidate evidence only; manual verification required.
EVD-452d783ce175	LAYER_DISCOVERY	INFERRED_FROM_SOURCE	frontend/public-landing/NDSP_Help_Center.html	NDSP_Help_Center.html	206	9f8b6856d18b6bd64c8213fbb68023ccd0fb60afaa2d427b3538c9e79f706b23	"""16 analytical layers contribute to every read. Four are named (<span class='gold'>Timed Direction Logic · Nawaf Meeting Point · Devil's Advocate · Nawaf Golden Alignment</span>), and 12 work behind the scenes. Hiding them isn't obscurity — it's protecting the platform's core, like banks protect their models. You get the value, not the recipe.""]},"	Candidate evidence only; manual verification required.
EVD-f08760ebcf60	LAYER_DISCOVERY	INFERRED_FROM_SOURCE	frontend/public-landing/NDSP_Help_Center.html	NDSP_Help_Center.html	207	9f8b6856d18b6bd64c8213fbb68023ccd0fb60afaa2d427b3538c9e79f706b23	"{cat:""layers"",q:[""هل تكشفون طرق الحساب الداخلية أو المعاملات الداخلية؟"",""Do you reveal the internal methods or internal parameters?""],"	Candidate evidence only; manual verification required.
EVD-c7e734509652	LAYER_DISCOVERY	INFERRED_FROM_SOURCE	frontend/public-landing/NDSP_Help_Center.html	NDSP_Help_Center.html	208	9f8b6856d18b6bd64c8213fbb68023ccd0fb60afaa2d427b3538c9e79f706b23	"a:[""لا، أبدًا. لا تُعرض طرق الحساب الداخلية ولا المعاملات الداخلية ولا الدرجات الداخلية ولا أسماء الطبقات المخفية ولا ترتيبها. المعروض دائمًا <b>قيمة منقّحة</b> فقط."","	Candidate evidence only; manual verification required.
EVD-b484b0f0ef70	LAYER_DISCOVERY	INFERRED_FROM_SOURCE	frontend/public-landing/NDSP_Help_Center.html	NDSP_Help_Center.html	209	9f8b6856d18b6bd64c8213fbb68023ccd0fb60afaa2d427b3538c9e79f706b23	"""No, never. No internal methods, internal parameters, internal scores, hidden layer names, or their order are shown. What's displayed is always a <b>sanitized value</b> only.""]},"	Candidate evidence only; manual verification required.
EVD-daaf04399480	LAYER_DISCOVERY	INFERRED_FROM_SOURCE	frontend/public-landing/NDSP_Help_Center.html	NDSP_Help_Center.html	210	9f8b6856d18b6bd64c8213fbb68023ccd0fb60afaa2d427b3538c9e79f706b23	"{cat:""layers"",q:[""ما معنى «جودة القرار»؟"",""What does 'decision quality' mean?""],"	Candidate evidence only; manual verification required.
EVD-73931202a651	LAYER_DISCOVERY	INFERRED_FROM_SOURCE	frontend/public-landing/NDSP_Help_Center.html	NDSP_Help_Center.html	211	9f8b6856d18b6bd64c8213fbb68023ccd0fb60afaa2d427b3538c9e79f706b23	"a:[""مؤشر واحد يلخّص <b>متانة القراءة</b> بعد مرور كل الطبقات — يساعدك تعرف متى القراءة متماسكة ومتى تتحفّظ. ليس احتمال ربح ولا تنبؤًا مضمونًا."","	Candidate evidence only; manual verification required.
EVD-bddf4a2a94b2	LAYER_DISCOVERY	INFERRED_FROM_SOURCE	frontend/public-landing/NDSP_Help_Center.html	NDSP_Help_Center.html	212	9f8b6856d18b6bd64c8213fbb68023ccd0fb60afaa2d427b3538c9e79f706b23	"""A single index summarizing the <b>robustness of a read</b> after all layers — helping you tell when a read is coherent and when to hold back. It's not a win probability or a guaranteed forecast.""]},"	Candidate evidence only; manual verification required.
EVD-f8cdb3a7ab4c	LAYER_DISCOVERY	INFERRED_FROM_SOURCE	frontend/public-landing/NDSP_Landing.html	NDSP_Landing.html	296	f7279895aa4d0f27dbe7c9af9d7f7984cdab8d70cb4777378753f8139228a299	"<a href=""#features"">الطبقات</a>"	Candidate evidence only; manual verification required.
EVD-04bd490983db	LAYER_DISCOVERY	INFERRED_FROM_SOURCE	frontend/public-landing/NDSP_Landing.html	NDSP_Landing.html	319	f7279895aa4d0f27dbe7c9af9d7f7984cdab8d70cb4777378753f8139228a299	منصة نواف لدعم القرار تجمع طبقات تحليلية متعددة لتقديم قراءة واضحة:	Candidate evidence only; manual verification required.
EVD-99fd77d313ba	LAYER_DISCOVERY	INFERRED_FROM_SOURCE	frontend/public-landing/NDSP_Landing.html	NDSP_Landing.html	325	f7279895aa4d0f27dbe7c9af9d7f7984cdab8d70cb4777378753f8139228a299	"<a class=""btn"" href=""#features"">اكتشف الطبقات</a>"	Candidate evidence only; manual verification required.
EVD-6a0088502ac3	LAYER_DISCOVERY	INFERRED_FROM_SOURCE	frontend/public-landing/NDSP_Landing.html	NDSP_Landing.html	328	f7279895aa4d0f27dbe7c9af9d7f7984cdab8d70cb4777378753f8139228a299	"<div class=""small-note"">16 يوم · 16 طبقة · بدون بطاقة دفع · إخلاء مسؤولية كامل</div>"	Candidate evidence only; manual verification required.
EVD-5ed877bd6e06	LAYER_DISCOVERY	INFERRED_FROM_SOURCE	frontend/public-landing/NDSP_Landing.html	NDSP_Landing.html	344	f7279895aa4d0f27dbe7c9af9d7f7984cdab8d70cb4777378753f8139228a299	<p>مؤشر واحد يختصر متانة القراءة بعد مرور الطبقات، لتعرف متى تثق ومتى تتحفظ.</p>	Candidate evidence only; manual verification required.
EVD-f39d5d98b053	LAYER_DISCOVERY	INFERRED_FROM_SOURCE	frontend/public-landing/NDSP_Landing.html	NDSP_Landing.html	370	f7279895aa4d0f27dbe7c9af9d7f7984cdab8d70cb4777378753f8139228a299	<p>لا تظهر الطبقات الداخلية الحساسة ولا المعاملات الداخلية ولا المنطق الداخلي في الواجهة العامة.</p>	Candidate evidence only; manual verification required.
EVD-78a332eb32bc	LAYER_DISCOVERY	INFERRED_FROM_SOURCE	frontend/public-landing/NDSP_Landing.html	NDSP_Landing.html	474	f7279895aa4d0f27dbe7c9af9d7f7984cdab8d70cb4777378753f8139228a299	"""الطبقات"":""Layers"","	Candidate evidence only; manual verification required.
EVD-a31afe3ac682	LAYER_DISCOVERY	INFERRED_FROM_SOURCE	frontend/public-landing/NDSP_Landing.html	NDSP_Landing.html	482	f7279895aa4d0f27dbe7c9af9d7f7984cdab8d70cb4777378753f8139228a299	"""منصة نواف لدعم القرار تجمع طبقات تحليلية متعددة لتقديم قراءة واضحة: اتجاه سياقي، أفق متابعة، وجودة قرار — بدون أوامر تنفيذ ولا وعود مضمونة."":""Nawaf Decision Support Platform combines multiple analytical layers to provide a clearer reading: contextual direction, follow-up horizon, and decision quality — without execution orders or guaranteed promises."","	Candidate evidence only; manual verification required.
EVD-0a254e50a958	LAYER_DISCOVERY	INFERRED_FROM_SOURCE	frontend/public-landing/NDSP_Landing.html	NDSP_Landing.html	484	f7279895aa4d0f27dbe7c9af9d7f7984cdab8d70cb4777378753f8139228a299	"""اكتشف الطبقات"":""Explore layers"","	Candidate evidence only; manual verification required.
EVD-16665580c361	LAYER_DISCOVERY	INFERRED_FROM_SOURCE	frontend/public-landing/NDSP_Landing.html	NDSP_Landing.html	488	f7279895aa4d0f27dbe7c9af9d7f7984cdab8d70cb4777378753f8139228a299	"""Layers"":""الطبقات"","	Candidate evidence only; manual verification required.
EVD-1d3be2ebf341	LAYER_DISCOVERY	INFERRED_FROM_SOURCE	frontend/public-landing/NDSP_Landing.html	NDSP_Landing.html	496	f7279895aa4d0f27dbe7c9af9d7f7984cdab8d70cb4777378753f8139228a299	"""Nawaf Decision Support Platform combines multiple analytical layers to provide a clearer reading: contextual direction, follow-up horizon, and decision quality — without execution orders or guaranteed promises."":""منصة نواف لدعم القرار تجمع طبقات تحليلية متعددة لتقديم قراءة واضحة: اتجاه سياقي، أفق متابعة، وجودة قرار — بدون أوامر تنفيذ ولا وعود مضمونة."","	Candidate evidence only; manual verification required.
EVD-fa4d65ffcb18	LAYER_DISCOVERY	INFERRED_FROM_SOURCE	frontend/public-landing/NDSP_Landing.html	NDSP_Landing.html	498	f7279895aa4d0f27dbe7c9af9d7f7984cdab8d70cb4777378753f8139228a299	"""Explore layers"":""اكتشف الطبقات"","	Candidate evidence only; manual verification required.
EVD-1454a85b7393	LAYER_DISCOVERY	INFERRED_FROM_SOURCE	frontend/public-landing/NDSP_Packages_Compare.html	NDSP_Packages_Compare.html	135	5c363b0d6c0af4fcbb3b8f3723e9b31a6032c8396a24e366cee233d9ee1fb4dc	"<p data-i=""subt"">كل الباقات تشترك في نفس المحرّك المحكوم. الفرق في الاتساع: عدد الأسواق والأصول والتحليلات والطبقات الظاهرة وقنوات التنبيه.</p>"	Candidate evidence only; manual verification required.
EVD-f2699ff542bb	LAYER_DISCOVERY	INFERRED_FROM_SOURCE	frontend/public-landing/NDSP_Packages_Compare.html	NDSP_Packages_Compare.html	181	5c363b0d6c0af4fcbb3b8f3723e9b31a6032c8396a24e366cee233d9ee1fb4dc	"{grp:[""القرار والطبقات"",""Decision & layers""],rows:["	Candidate evidence only; manual verification required.
EVD-0fc130271267	LAYER_DISCOVERY	INFERRED_FROM_SOURCE	frontend/public-landing/NDSP_Packages_Compare.html	NDSP_Packages_Compare.html	182	5c363b0d6c0af4fcbb3b8f3723e9b31a6032c8396a24e366cee233d9ee1fb4dc	"{f:[""الطبقات الظاهرة"",""Visible layers""],v:[[""—"",""—""],""TDL · NMP"",""×4"",""×4""]},"	Candidate evidence only; manual verification required.
EVD-a0b358761d7d	LAYER_DISCOVERY	INFERRED_FROM_SOURCE	frontend/public-landing/NDSP_Packages_Compare.html	NDSP_Packages_Compare.html	208	5c363b0d6c0af4fcbb3b8f3723e9b31a6032c8396a24e366cee233d9ee1fb4dc	"subt:""كل الباقات تشترك في نفس المحرّك المحكوم. الفرق في الاتساع: عدد الأسواق والأصول والتحليلات والطبقات الظاهرة وقنوات التنبيه."","	Candidate evidence only; manual verification required.
EVD-583df4e892d9	LAYER_DISCOVERY	INFERRED_FROM_SOURCE	frontend/public-landing/NDSP_Packages_Compare.html	NDSP_Packages_Compare.html	218	5c363b0d6c0af4fcbb3b8f3723e9b31a6032c8396a24e366cee233d9ee1fb4dc	"subt:""All packages share the same governed engine. The difference is breadth: markets, assets, analyses, visible layers, and alert channels."","	Candidate evidence only; manual verification required.
EVD-a34d5523fb0f	LAYER_DISCOVERY	INFERRED_FROM_SOURCE	frontend/public-landing/NDSP_Terms_Privacy.html	NDSP_Terms_Privacy.html	143	5c41615a40cfe879c61c14c6495fe9b6e50577d73807b28e2b8c26cbc1f9a0c0	"<p data-i=""privBanP"">نجمع <span class=""gold"">إشارات آمنة فقط</span> بالقدر اللازم لتشغيل المنصة وحماية المقاعد. لا نبيع بياناتك، ولا نعرض بيانات تشغيل محمية، ولا نكشف طرق الحساب الداخلية أو أسماء الطبقات أو البصمات المحمية. اعتمادات الدخول مجزّأة لا تُخزّن كنص.</p></div>"	Candidate evidence only; manual verification required.
EVD-563dca7fa6fa	LAYER_DISCOVERY	INFERRED_FROM_SOURCE	frontend/public-landing/NDSP_Terms_Privacy.html	NDSP_Terms_Privacy.html	182	5c41615a40cfe879c61c14c6495fe9b6e50577d73807b28e2b8c26cbc1f9a0c0	"[""المحرّك، الطبقات التحليلية الست عشرة، التصاميم، والعلامة (Hunter_KSA1) مملوكة لـ DSP ومحميّة. لا تُكشف طرق الحساب الداخلية أو المعاملات الداخلية أو أسماء الطبقات المخفية أو ترتيبها."",""The engine, the sixteen analytical layers, the designs, and the mark (Hunter_KSA1) are owned by DSP and protected. Internal methods, internal parameters, hidden layer names, and their order are never disclosed.""]]},"	Candidate evidence only; manual verification required.
EVD-2ae887349501	LAYER_DISCOVERY	INFERRED_FROM_SOURCE	frontend/public-landing/NDSP_Terms_Privacy.html	NDSP_Terms_Privacy.html	193	5c41615a40cfe879c61c14c6495fe9b6e50577d73807b28e2b8c26cbc1f9a0c0	"[""لا تُعرض ولا تُسجَّل في الواجهة: <b>طرق الحساب الداخلية، المعاملات الداخلية، الدرجات الداخلية، أسماء الطبقات المخفية أو ترتيبها، والبصمات المحمية</b>."",""Never shown or logged in the frontend: <b>internal methods, internal parameters, internal scores, hidden layer names or their order, and protected fingerprints</b>.""],"	Candidate evidence only; manual verification required.
EVD-7852ffe6b780	LAYER_DISCOVERY	INFERRED_FROM_SOURCE	frontend/public-landing/NDSP_Terms_Privacy.html	NDSP_Terms_Privacy.html	217	5c41615a40cfe879c61c14c6495fe9b6e50577d73807b28e2b8c26cbc1f9a0c0	"privBanP:""نجمع <span class='gold'>إشارات آمنة فقط</span> بالقدر اللازم لتشغيل المنصة وحماية المقاعد. لا نبيع بياناتك، ولا نعرض بيانات تشغيل محمية، ولا نكشف طرق الحساب الداخلية أو أسماء الطبقات أو البصمات المحمية. اعتمادات الدخول مجزّأة لا تُخزّن كنص."","	Candidate evidence only; manual verification required.
EVD-eb5aecab5d32	LAYER_DISCOVERY	INFERRED_FROM_SOURCE	frontend/public-landing/NDSP_Terms_Privacy.html	NDSP_Terms_Privacy.html	228	5c41615a40cfe879c61c14c6495fe9b6e50577d73807b28e2b8c26cbc1f9a0c0	"privBanP:""We collect <span class='gold'>safe signals only</span>, to the extent needed to run the platform and protect seats. We don't sell your data, show any protecteds, or reveal internal methods, layer names, or protected fingerprints. Credentials are hashed, never stored as text."","	Candidate evidence only; manual verification required.
EVD-7c023aa7454a	LAYER_DISCOVERY	INFERRED_FROM_SOURCE	frontend/public-landing/index.html	index.html	115	43b64d35d11b6065de8f1357004995c6b9aab84150f701a702282137f74721aa	/* layers grid */	Candidate evidence only; manual verification required.
EVD-f7ec4af08327	LAYER_DISCOVERY	INFERRED_FROM_SOURCE	frontend/public-landing/index.html	index.html	116	43b64d35d11b6065de8f1357004995c6b9aab84150f701a702282137f74721aa	.layers{display:grid;grid-template-columns:repeat(2,1fr);gap:16px}	Candidate evidence only; manual verification required.
EVD-a14cd52696d7	LAYER_DISCOVERY	INFERRED_FROM_SOURCE	frontend/public-landing/index.html	index.html	117	43b64d35d11b6065de8f1357004995c6b9aab84150f701a702282137f74721aa	@media(max-width:760px){.layers{grid-template-columns:1fr}}	Candidate evidence only; manual verification required.
EVD-8eb009834ee0	LAYER_DISCOVERY	INFERRED_FROM_SOURCE	frontend/public-landing/index.html	index.html	118	43b64d35d11b6065de8f1357004995c6b9aab84150f701a702282137f74721aa	.layer{background:var(--panel);border:1px solid var(--line-soft);border-radius:18px;padding:24px;position:relative;overflow:hidden;	Candidate evidence only; manual verification required.
EVD-079a9bdfc2bc	LAYER_DISCOVERY	INFERRED_FROM_SOURCE	frontend/public-landing/index.html	index.html	120	43b64d35d11b6065de8f1357004995c6b9aab84150f701a702282137f74721aa	.layer:hover{transform:translateY(-4px);border-color:var(--line)}	Candidate evidence only; manual verification required.
EVD-833aa362e684	LAYER_DISCOVERY	INFERRED_FROM_SOURCE	frontend/public-landing/index.html	index.html	121	43b64d35d11b6065de8f1357004995c6b9aab84150f701a702282137f74721aa	.layer .ic{width:50px;height:50px;border-radius:14px;display:grid;place-items:center;font-size:22px;margin-bottom:16px}	Candidate evidence only; manual verification required.
EVD-5cbd19637525	LAYER_DISCOVERY	INFERRED_FROM_SOURCE	frontend/public-landing/index.html	index.html	122	43b64d35d11b6065de8f1357004995c6b9aab84150f701a702282137f74721aa	.layer h3{font-size:19px;margin:0 0 4px}	Candidate evidence only; manual verification required.
EVD-22f4789d0d9d	LAYER_DISCOVERY	INFERRED_FROM_SOURCE	frontend/public-landing/index.html	index.html	123	43b64d35d11b6065de8f1357004995c6b9aab84150f701a702282137f74721aa	".layer .sub{font-family:""IBM Plex Mono"";font-size:11px;color:var(--txt-3);letter-spacing:1px;margin-bottom:12px}"	Candidate evidence only; manual verification required.
EVD-3ff441c45123	LAYER_DISCOVERY	INFERRED_FROM_SOURCE	frontend/public-landing/index.html	index.html	124	43b64d35d11b6065de8f1357004995c6b9aab84150f701a702282137f74721aa	.layer p{color:var(--txt-2);font-size:13.5px;line-height:1.8;margin:0}	Candidate evidence only; manual verification required.
EVD-546126c634d9	LAYER_DISCOVERY	INFERRED_FROM_SOURCE	frontend/public-landing/index.html	index.html	243	43b64d35d11b6065de8f1357004995c6b9aab84150f701a702282137f74721aa	"<a href=""#layers"" data-i=""navLayers"">الطبقات</a>"	Candidate evidence only; manual verification required.
EVD-0b7d4fd9a4fe	LAYER_DISCOVERY	INFERRED_FROM_SOURCE	frontend/public-landing/index.html	index.html	272	43b64d35d11b6065de8f1357004995c6b9aab84150f701a702282137f74721aa	"<p class=""lead"" data-i=""lead"">منصة نواف لدعم القرار تجمع ١٦ طبقة تحليلية تشارك في كل قراءة لتمنحك قيمة قرار منقّحة — اتجاه سياقي، أفق متابعة، وجودة قرار — بدون أوامر تنفيذ ولا وعود مضمونة. أنت تقرر، ونحن ندعم القرار.</p>"	Candidate evidence only; manual verification required.
EVD-b6b7d6ec5dba	LAYER_DISCOVERY	INFERRED_FROM_SOURCE	frontend/public-landing/index.html	index.html	275	43b64d35d11b6065de8f1357004995c6b9aab84150f701a702282137f74721aa	"<a href=""#layers"" class=""btn btn-ghost"" data-i=""ctaSec"">اكتشف الطبقات</a>"	Candidate evidence only; manual verification required.
EVD-c27284d750b9	LAYER_DISCOVERY	INFERRED_FROM_SOURCE	frontend/public-landing/index.html	index.html	277	43b64d35d11b6065de8f1357004995c6b9aab84150f701a702282137f74721aa	"<div class=""micro"" data-i=""micro"">١٦ يوم · ١٦ طبقة · بدون بطاقة دفع · إلغاء مسؤولية كامل</div>"	Candidate evidence only; manual verification required.
EVD-fdf55d8a4e7e	LAYER_DISCOVERY	INFERRED_FROM_SOURCE	frontend/public-landing/index.html	index.html	303	43b64d35d11b6065de8f1357004995c6b9aab84150f701a702282137f74721aa	<!-- LAYERS -->	Candidate evidence only; manual verification required.
EVD-12862dd9941f	LAYER_DISCOVERY	INFERRED_FROM_SOURCE	frontend/public-landing/index.html	index.html	304	43b64d35d11b6065de8f1357004995c6b9aab84150f701a702282137f74721aa	"<section id=""layers"">"	Candidate evidence only; manual verification required.
EVD-72ebe99dc61c	LAYER_DISCOVERY	INFERRED_FROM_SOURCE	frontend/public-landing/index.html	index.html	306	43b64d35d11b6065de8f1357004995c6b9aab84150f701a702282137f74721aa	"<div class=""tag"">DECISION LAYERS</div>"	Candidate evidence only; manual verification required.
EVD-23d26c59e4e2	LAYER_DISCOVERY	INFERRED_FROM_SOURCE	frontend/public-landing/index.html	index.html	307	43b64d35d11b6065de8f1357004995c6b9aab84150f701a702282137f74721aa	"<h2 data-i=""layersH"">أربع طبقات ظاهرة بالاسم</h2>"	Candidate evidence only; manual verification required.
EVD-3f776326e3d7	LAYER_DISCOVERY	INFERRED_FROM_SOURCE	frontend/public-landing/index.html	index.html	308	43b64d35d11b6065de8f1357004995c6b9aab84150f701a702282137f74721aa	"<p data-i=""layersP"">من أصل ١٦ طبقة تشارك في كل قرار، نكشف لك أربعًا بأسمائها الصريحة. الباقي يعمل خلف الكواليس — تحصل على القيمة، لا الوصفة.</p>"	Candidate evidence only; manual verification required.
EVD-4211bad87a4d	LAYER_DISCOVERY	INFERRED_FROM_SOURCE	frontend/public-landing/index.html	index.html	310	43b64d35d11b6065de8f1357004995c6b9aab84150f701a702282137f74721aa	"<div class=""layers"">"	Candidate evidence only; manual verification required.
EVD-8ecc1808554d	LAYER_DISCOVERY	INFERRED_FROM_SOURCE	frontend/public-landing/index.html	index.html	311	43b64d35d11b6065de8f1357004995c6b9aab84150f701a702282137f74721aa	"<div class=""layer l1 fade""><div class=""ic"">◷</div><h3 data-i=""tdlN"">منطق البُعد الزمني</h3><div class=""sub"">TDL — TIMED DIRECTION LOGIC</div><p data-i=""tdlP"">يحدّد أفق المتابعة — ممتد أو قصير — بمواءمة القراءة الأسبوعية مع القصيرة، ويترجمها إلى قوة أفق واضحة بدون كشف المعادلة.</p></div>"	Candidate evidence only; manual verification required.
EVD-67abf2241e0b	LAYER_DISCOVERY	INFERRED_FROM_SOURCE	frontend/public-site/src/i18n/locales/ar.ts	ar.ts	60	7f1bb30f61ddf8b08687ec570be0b08979164363ca42fe5f0cae07cf72c7a26e	"hidden: [""TDL التفصيلية"", ""Meeting point التفصيلية"", ""Meeting point The golden signal"", ""Black Layer"", ""API / Webhooks"", ""لوحة الإدارة""],"	Candidate evidence only; manual verification required.
EVD-39d9db675a76	LAYER_DISCOVERY	INFERRED_FROM_SOURCE	frontend/public-site/src/i18n/locales/ar.ts	ar.ts	67	7f1bb30f61ddf8b08687ec570be0b08979164363ca42fe5f0cae07cf72c7a26e	"hidden: [""Black Layer الكامل"", ""خمس طبقات سيادية محمية"", ""API / Webhooks"", ""صلاحيات الإدارة"", ""المنطق الخام""],"	Candidate evidence only; manual verification required.
EVD-74c842f91677	LAYER_DISCOVERY	INFERRED_FROM_SOURCE	frontend/public-site/src/i18n/locales/ar.ts	ar.ts	73	7f1bb30f61ddf8b08687ec570be0b08979164363ca42fe5f0cae07cf72c7a26e	"features: [""وصول أوسع لمنطق الـ 16 طبقة"", ""Black Layer — محامي الشيطان"", ""Explainability موسعة"", ""تحليل مخاطر وسياق متقدم"", ""أولوية في الخصومات والعروض"", ""أولوية في تحديثات المنظومة""],"	Candidate evidence only; manual verification required.
EVD-04853e726cef	LAYER_DISCOVERY	INFERRED_FROM_SOURCE	frontend/public-site/src/i18n/locales/ar.ts	ar.ts	74	7f1bb30f61ddf8b08687ec570be0b08979164363ca42fe5f0cae07cf72c7a26e	"hidden: [""خمس طبقات سيادية محمية في واجهة المستخدم"", ""المنطق الخام"", ""صلاحيات الإدارة"", ""مفاتيح API المؤسسية""],"	Candidate evidence only; manual verification required.
EVD-b7a5c6ecd98d	LAYER_DISCOVERY	INFERRED_FROM_SOURCE	frontend/public-site/src/i18n/locales/ar.ts	ar.ts	81	7f1bb30f61ddf8b08687ec570be0b08979164363ca42fe5f0cae07cf72c7a26e	"hidden: [""الخوارزميات الخام"", ""الطبقات المحمية بالكامل"", ""أسرار الترجيح الداخلي"", ""صلاحيات مالك النظام""],"	Candidate evidence only; manual verification required.
EVD-650bba818adb	LAYER_DISCOVERY	INFERRED_FROM_SOURCE	frontend/public-site/src/i18n/locales/bn.ts	bn.ts	10	374ad4af8c6bd73d64ffa4a58fe92cb498b20d4e8195dd9e7c4388664f33934b	"insight: { name: ""Insight"", price: ""বিনামূল্যে"", desc: ""নতুন ব্যবহারকারীদের জন্য যারা সিস্টেমটি পরীক্ষা করতে এবং সাধারণ ধারণা বুঝতে চান।"", features: [""বাজারের সাধারণ অবস্থার দৃশ্য"", ""১৬ দিনের যাত্রা"", ""১৬ তম দিনের জরিপ"", ""FAQ, নিরাপত্তা ও গোপনীয়তা"", ""স্পষ্ট আইনি নোটিশ""], hidden: [""বিস্তারিত TDL"", ""বিস্তারিত Meeting point"", ""Meeting point The golden signal"", ""Black Layer"", ""API / Webhooks"", ""অ্যাডমিন প্যানেল""] },"	Candidate evidence only; manual verification required.
EVD-38f6150e6637	LAYER_DISCOVERY	INFERRED_FROM_SOURCE	frontend/public-site/src/i18n/locales/bn.ts	bn.ts	11	374ad4af8c6bd73d64ffa4a58fe92cb498b20d4e8195dd9e7c4388664f33934b	"nmpPro: { name: ""Meeting point Pro"", price: ""$49"", desc: ""গুরুতর ব্যবহারকারীদের জন্য যারা প্রসঙ্গ, তরলতা এবং সংযোজনের গভীর বোঝাপড়া চান।"", features: [""TDL — টেম্পোরাল ডাইমেনশন লজিক"", ""Meeting point — নাওয়াফ মিটিং পয়েন্ট"", ""Meeting point The golden signal"", ""আরও স্পষ্ট ব্যাখ্যামূলক রিপোর্ট"", ""ঝুঁকির মাত্রা এবং বিস্তৃত প্রসঙ্গ"", ""সম্পূর্ণ ১৬ দিনের ট্রায়াল""], hidden: [""সম্পূর্ণ Black Layer"", ""পাঁচটি সংরক্ষিত সার্বভৌম স্তর"", ""API / Webhooks"", ""অ্যাডমিন অনুমতি"", ""কাঁচা যুক্তি""] },"	Candidate evidence only; manual verification required.
EVD-2d718d353adc	LAYER_DISCOVERY	INFERRED_FROM_SOURCE	frontend/public-site/src/i18n/locales/bn.ts	bn.ts	12	374ad4af8c6bd73d64ffa4a58fe92cb498b20d4e8195dd9e7c4388664f33934b	"elite16: { name: ""Elite 16"", price: ""$149"", desc: ""উন্নত ব্যবহারকারীদের জন্য যারা সিস্টেমের মধ্যে সর্বাধিক বিশ্লেষণমূলক অভিজ্ঞতা চান।"", features: [""১৬-স্তর লজিকে বিস্তৃততর অ্যাক্সেস"", ""Black Layer — শয়তানের উকিল"", ""বিস্তারিত ব্যাখ্যাযোগ্যতা"", ""উন্নত ঝুঁকি বিশ্লেষণ এবং প্রসঙ্গ"", ""ছাড় ও অফারে অগ্রাধিকার"", ""সিস্টেম আপডেটে অগ্রাধিকার""], hidden: [""UI তে পাঁচটি সার্বভৌম স্তর সংরক্ষিত"", ""কাঁচা যুক্তি"", ""অ্যাডমিন অনুমতি"", ""প্রাতিষ্ঠানিক API কী""] },"	Candidate evidence only; manual verification required.
EVD-e2ebb9421a60	LAYER_DISCOVERY	INFERRED_FROM_SOURCE	frontend/public-site/src/i18n/locales/cs.ts	cs.ts	10	6dfd485837fe8b7c14984f984b34f1351437d243629df0759b92cceef22d8575	"insight: { name: ""Insight"", price: ""Zdarma"", desc: ""Pro nové uživatele, kteří chtějí vyzkoušet systém a pochopit obecný koncept."", features: [""Obecný přehled stavu trhu"", ""16denní cesta"", ""Průzkum dne 16"", ""Časté otázky, bezpečnost a soukromí"", ""Jasné právní upozornění""], hidden: [""Podrobné TDL"", ""Podrobné Meeting point"", ""Meeting point The golden signal"", ""Black Layer"", ""API / Webhooks"", ""Panel správce""] },"	Candidate evidence only; manual verification required.
EVD-e6a6daf5dce1	LAYER_DISCOVERY	INFERRED_FROM_SOURCE	frontend/public-site/src/i18n/locales/cs.ts	cs.ts	11	6dfd485837fe8b7c14984f984b34f1351437d243629df0759b92cceef22d8575	"nmpPro: { name: ""Meeting point Pro"", price: ""$49"", desc: ""Pro vážné uživatele, kteří chtějí hlubší pochopení kontextu, likvidity a zarovnání."", features: [""TDL — Logika časové dimenze"", ""Meeting point — Nawafův setkávací bod"", ""Meeting point The golden signal"", ""Jasnější interpretační zprávy"", ""Úrovně rizika a širší kontext"", ""Úplná 16denní zkušební verze""], hidden: [""Úplná vrstva Black Layer"", ""Pět chráněných suverénních vrstev"", ""API / Webhooks"", ""Administrátorská oprávnění"", ""Surová logika""] },"	Candidate evidence only; manual verification required.
EVD-c491dac58583	LAYER_DISCOVERY	INFERRED_FROM_SOURCE	frontend/public-site/src/i18n/locales/cs.ts	cs.ts	12	6dfd485837fe8b7c14984f984b34f1351437d243629df0759b92cceef22d8575	"elite16: { name: ""Elite 16"", price: ""$149"", desc: ""Pro pokročilé uživatele, kteří chtějí nejširší analytický zážitek v systému."", features: [""Širší přístup k logice 16 vrstev"", ""Black Layer — Ďáblův advokát"", ""Rozšířená vysvětlitelnost"", ""Pokročilá analýza rizik a kontext"", ""Priorita na slevy a nabídky"", ""Priorita na aktualizace systému""], hidden: [""Pět suverénních vrstev chráněných v UI"", ""Surová logika"", ""Administrátorská oprávnění"", ""Institucionální klíče API""] },"	Candidate evidence only; manual verification required.
EVD-2e5a953b3938	LAYER_DISCOVERY	INFERRED_FROM_SOURCE	frontend/public-site/src/i18n/locales/de.ts	de.ts	36	f643606d6613772103161683be26e61492ee08a3830c3cb2ad0a0b1c0e53c446	"insight: { name: ""Insight"", price: ""Kostenlos"", desc: ""Für neue Benutzer, die das System ausprobieren und das allgemeine Konzept verstehen möchten."", features: [""Allgemeine Marktstatusansicht"", ""16-Tage-Reise"", ""Tag-16-Umfrage"", ""FAQ, Sicherheit und Datenschutz"", ""Klarer rechtlicher Hinweis""], hidden: [""Detailliertes TDL"", ""Detailliertes Meeting point"", ""Meeting point The golden signal"", ""Black Layer"", ""API / Webhooks"", ""Admin-Panel""] },"	Candidate evidence only; manual verification required.
EVD-5e51ecaf2b48	LAYER_DISCOVERY	INFERRED_FROM_SOURCE	frontend/public-site/src/i18n/locales/de.ts	de.ts	37	f643606d6613772103161683be26e61492ee08a3830c3cb2ad0a0b1c0e53c446	"nmpPro: { name: ""Meeting point Pro"", price: ""49$"", desc: ""Für ernsthafte Benutzer, die ein tieferes Verständnis von Kontext, Liquidität und Ausrichtung wünschen."", features: [""TDL — Temporale Dimensionslogik"", ""Meeting point — Nawaf-Treffpunkt"", ""Meeting point The golden signal"", ""Klarere interpretive Berichte"", ""Risikoniveaus und erweiterter Kontext"", ""Vollständiger 16-Tage-Test""], hidden: [""Vollständiger Black Layer"", ""Fünf geschützte souveräne Schichten"", ""API / Webhooks"", ""Adminberechtigungen"", ""Rohe Logik""] },"	Candidate evidence only; manual verification required.
EVD-c58228147322	LAYER_DISCOVERY	INFERRED_FROM_SOURCE	frontend/public-site/src/i18n/locales/de.ts	de.ts	38	f643606d6613772103161683be26e61492ee08a3830c3cb2ad0a0b1c0e53c446	"elite16: { name: ""Elite 16"", price: ""149$"", desc: ""Für fortgeschrittene Benutzer, die die breiteste Analyseerfahrung im System wünschen."", features: [""Erweiterter Zugang zur 16-Schicht-Logik"", ""Black Layer — Advocatus Diaboli"", ""Erweiterte Erklärbarkeit"", ""Erweiterte Risikoanalyse und Kontext"", ""Priorität bei Rabatten und Angeboten"", ""Priorität bei System-Updates""], hidden: [""Fünf souveräne Schichten in der UI geschützt"", ""Rohe Logik"", ""Adminberechtigungen"", ""Institutionelle API-Schlüssel""] },"	Candidate evidence only; manual verification required.
EVD-29dcf2cdac50	LAYER_DISCOVERY	INFERRED_FROM_SOURCE	frontend/public-site/src/i18n/locales/el.ts	el.ts	10	29b57982b91de1523cca759c488574c3449554344a1e83544ba712e14c33378d	"insight: { name: ""Insight"", price: ""Δωρεάν"", desc: ""Για νέους χρήστες που θέλουν να δοκιμάσουν το σύστημα και να κατανοήσουν τη γενική έννοια."", features: [""Γενική εικόνα κατάστασης αγοράς"", ""16ήμερο ταξίδι"", ""Έρευνα ημέρας 16"", ""Συχνές Ερωτήσεις, ασφάλεια και απόρρητο"", ""Σαφής νομική ειδοποίηση""], hidden: [""Λεπτομερές TDL"", ""Λεπτομερές Meeting point"", ""Meeting point The golden signal"", ""Black Layer"", ""API / Webhooks"", ""Πίνακας διαχείρισης""] },"	Candidate evidence only; manual verification required.
EVD-a8b208a66251	LAYER_DISCOVERY	INFERRED_FROM_SOURCE	frontend/public-site/src/i18n/locales/el.ts	el.ts	11	29b57982b91de1523cca759c488574c3449554344a1e83544ba712e14c33378d	"nmpPro: { name: ""Meeting point Pro"", price: ""$49"", desc: ""Για σοβαρούς χρήστες που θέλουν βαθύτερη κατανόηση του πλαισίου, ρευστότητας και ευθυγράμμισης."", features: [""TDL — Λογική χρονικής διάστασης"", ""Meeting point — Σημείο συνάντησης Nawaf"", ""Meeting point The golden signal"", ""Σαφέστερες ερμηνευτικές αναφορές"", ""Επίπεδα κινδύνου και ευρύτερο πλαίσιο"", ""Πλήρης δοκιμή 16 ημερών""], hidden: [""Πλήρες Black Layer"", ""Πέντε προστατευμένα κυρίαρχα στρώματα"", ""API / Webhooks"", ""Δικαιώματα διαχειριστή"", ""Ακατέργαστη λογική""] },"	Candidate evidence only; manual verification required.
EVD-94cb77c6793f	LAYER_DISCOVERY	INFERRED_FROM_SOURCE	frontend/public-site/src/i18n/locales/el.ts	el.ts	12	29b57982b91de1523cca759c488574c3449554344a1e83544ba712e14c33378d	"elite16: { name: ""Elite 16"", price: ""$149"", desc: ""Για προχωρημένους χρήστες που θέλουν την ευρύτερη αναλυτική εμπειρία εντός του συστήματος."", features: [""Ευρύτερη πρόσβαση στη λογική 16 στρωμάτων"", ""Black Layer — Συνήγορος του διαβόλου"", ""Εκτεταμένη εξηγησιμότητα"", ""Προηγμένη ανάλυση κινδύνου και πλαίσιο"", ""Προτεραιότητα σε εκπτώσεις και προσφορές"", ""Προτεραιότητα σε ενημερώσεις συστήματος""], hidden: [""Πέντε κυρίαρχα στρώματα προστατευμένα στο UI"", ""Ακατέργαστη λογική"", ""Δικαιώματα διαχειριστή"", ""Θεσμικά κλειδιά API""] },"	Candidate evidence only; manual verification required.
EVD-a89f29b43c68	LAYER_DISCOVERY	INFERRED_FROM_SOURCE	frontend/public-site/src/i18n/locales/en.ts	en.ts	60	45e0809461b930d9a085e5fd051d8488f1cd0ed86e09636fe236129b2647d5d4	"hidden: [""Detailed TDL"", ""Detailed Meeting point"", ""Meeting point The golden signal"", ""Black Layer"", ""API / Webhooks"", ""Admin panel""],"	Candidate evidence only; manual verification required.
EVD-5de5015f31cd	LAYER_DISCOVERY	INFERRED_FROM_SOURCE	frontend/public-site/src/i18n/locales/en.ts	en.ts	67	45e0809461b930d9a085e5fd051d8488f1cd0ed86e09636fe236129b2647d5d4	"hidden: [""Full Black Layer"", ""Five protected sovereign layers"", ""API / Webhooks"", ""Admin permissions"", ""Raw logic""],"	Candidate evidence only; manual verification required.
EVD-bb883cebc079	LAYER_DISCOVERY	INFERRED_FROM_SOURCE	frontend/public-site/src/i18n/locales/en.ts	en.ts	73	45e0809461b930d9a085e5fd051d8488f1cd0ed86e09636fe236129b2647d5d4	"features: [""Wider access to 16-layer logic"", ""Black Layer — Devil's Advocate"", ""Extended Explainability"", ""Advanced risk analysis and context"", ""Priority on discounts and offers"", ""Priority on system updates""],"	Candidate evidence only; manual verification required.
EVD-cdf64b36db86	LAYER_DISCOVERY	INFERRED_FROM_SOURCE	frontend/public-site/src/i18n/locales/en.ts	en.ts	74	45e0809461b930d9a085e5fd051d8488f1cd0ed86e09636fe236129b2647d5d4	"hidden: [""Five sovereign layers protected in UI"", ""Raw logic"", ""Admin permissions"", ""Institutional API keys""],"	Candidate evidence only; manual verification required.
EVD-a9a83edc81bb	LAYER_DISCOVERY	INFERRED_FROM_SOURCE	frontend/public-site/src/i18n/locales/en.ts	en.ts	81	45e0809461b930d9a085e5fd051d8488f1cd0ed86e09636fe236129b2647d5d4	"hidden: [""Raw algorithms"", ""Fully protected layers"", ""Internal weighting secrets"", ""System owner permissions""],"	Candidate evidence only; manual verification required.
EVD-c08b603c5a16	LAYER_DISCOVERY	INFERRED_FROM_SOURCE	frontend/public-site/src/i18n/locales/es.ts	es.ts	36	f922d1218013d6263f55fde6aadfa1563df2b18281b526e91bded6d2d187c898	"insight: { name: ""Insight"", price: ""Gratis"", desc: ""Para nuevos usuarios que quieren experimentar el sistema y entender el concepto general."", features: [""Vista general del estado del mercado"", ""Viaje de 16 días"", ""Encuesta del día 16"", ""FAQ, seguridad y privacidad"", ""Aviso legal claro""], hidden: [""TDL detallado"", ""Meeting point detallado"", ""Meeting point The golden signal"", ""Black Layer"", ""API / Webhooks"", ""Panel de administración""] },"	Candidate evidence only; manual verification required.
EVD-866b9164ae86	LAYER_DISCOVERY	INFERRED_FROM_SOURCE	frontend/public-site/src/i18n/locales/es.ts	es.ts	37	f922d1218013d6263f55fde6aadfa1563df2b18281b526e91bded6d2d187c898	"nmpPro: { name: ""Meeting point Pro"", price: ""$49"", desc: ""Para usuarios serios que quieren una comprensión más profunda del contexto, liquidez y alineación."", features: [""TDL — Lógica de Dimensión Temporal"", ""Meeting point — Punto de Encuentro Nawaf"", ""Meeting point The golden signal"", ""Informes interpretativos más claros"", ""Niveles de riesgo y contexto más amplio"", ""Prueba completa de 16 días""], hidden: [""Black Layer completo"", ""Cinco capas soberanas protegidas"", ""API / Webhooks"", ""Permisos de administración"", ""Lógica en bruto""] },"	Candidate evidence only; manual verification required.
EVD-3b18ad44a8a8	LAYER_DISCOVERY	INFERRED_FROM_SOURCE	frontend/public-site/src/i18n/locales/es.ts	es.ts	38	f922d1218013d6263f55fde6aadfa1563df2b18281b526e91bded6d2d187c898	"elite16: { name: ""Elite 16"", price: ""$149"", desc: ""Para usuarios avanzados que quieren la experiencia analítica más amplia dentro del sistema."", features: [""Acceso más amplio a la lógica de 16 capas"", ""Black Layer — Abogado del Diablo"", ""Explicabilidad extendida"", ""Análisis de riesgos y contexto avanzado"", ""Prioridad en descuentos y ofertas"", ""Prioridad en actualizaciones del sistema""], hidden: [""Cinco capas soberanas protegidas en UI"", ""Lógica en bruto"", ""Permisos de administración"", ""Claves API institucionales""] },"	Candidate evidence only; manual verification required.
EVD-e43cd91a3c1e	LAYER_DISCOVERY	INFERRED_FROM_SOURCE	frontend/public-site/src/i18n/locales/fa.ts	fa.ts	10	3bb04677781fa698a04597bd328baff40f01d49af4bbc8d7f4b79320d92571d9	"insight: { name: ""Insight"", price: ""رایگان"", desc: ""برای کاربران جدیدی که می‌خواهند سیستم را امتحان کنند و مفهوم کلی را درک کنند."", features: [""نمای کلی وضعیت بازار"", ""سفر ۱۶ روزه"", ""نظرسنجی روز ۱۶"", ""سوالات متداول، امنیت و حریم خصوصی"", ""اعلامیه قانونی واضح""], hidden: [""TDL دقیق"", ""Meeting point دقیق"", ""Meeting point The golden signal"", ""Black Layer"", ""API / Webhooks"", ""پنل مدیر""] },"	Candidate evidence only; manual verification required.
EVD-88cf20464ef2	LAYER_DISCOVERY	INFERRED_FROM_SOURCE	frontend/public-site/src/i18n/locales/fa.ts	fa.ts	11	3bb04677781fa698a04597bd328baff40f01d49af4bbc8d7f4b79320d92571d9	"nmpPro: { name: ""Meeting point Pro"", price: ""$49"", desc: ""برای کاربران جدی که می‌خواهند درک عمیق‌تری از زمینه، نقدینگی و همسویی داشته باشند."", features: [""TDL — منطق بعد زمانی"", ""Meeting point — نقطه ملاقات نواف"", ""Meeting point The golden signal"", ""گزارش‌های تفسیری واضح‌تر"", ""سطوح ریسک و زمینه گسترده‌تر"", ""آزمایش کامل ۱۶ روزه""], hidden: [""Black Layer کامل"", ""پنج لایه حاکمیتی محافظت‌شده"", ""API / Webhooks"", ""مجوزهای مدیر"", ""منطق خام""] },"	Candidate evidence only; manual verification required.
EVD-e18153723991	LAYER_DISCOVERY	INFERRED_FROM_SOURCE	frontend/public-site/src/i18n/locales/fa.ts	fa.ts	12	3bb04677781fa698a04597bd328baff40f01d49af4bbc8d7f4b79320d92571d9	"elite16: { name: ""Elite 16"", price: ""$149"", desc: ""برای کاربران پیشرفته که می‌خواهند گسترده‌ترین تجربه تحلیلی در سیستم را داشته باشند."", features: [""دسترسی گسترده‌تر به منطق ۱۶ لایه"", ""Black Layer — وکیل مدافع شیطان"", ""قابلیت توضیح گسترش‌یافته"", ""تحلیل ریسک پیشرفته و زمینه"", ""اولویت در تخفیف‌ها و پیشنهادها"", ""اولویت در به‌روزرسانی‌های سیستم""], hidden: [""پنج لایه حاکمیتی در UI محافظت‌شده"", ""منطق خام"", ""مجوزهای مدیر"", ""کلیدهای API سازمانی""] },"	Candidate evidence only; manual verification required.
EVD-dacfeaea32b2	LAYER_DISCOVERY	INFERRED_FROM_SOURCE	frontend/public-site/src/i18n/locales/fr.ts	fr.ts	60	64cc081acfd6ac93173b44b0c7cdf5b56157228375d9dd8fc01a84da4a887418	"hidden: [""TDL détaillé"", ""Meeting point détaillé"", ""Meeting point The golden signal"", ""Black Layer"", ""API / Webhooks"", ""Panneau d'administration""],"	Candidate evidence only; manual verification required.
EVD-6ad51d7d489e	LAYER_DISCOVERY	INFERRED_FROM_SOURCE	frontend/public-site/src/i18n/locales/fr.ts	fr.ts	67	64cc081acfd6ac93173b44b0c7cdf5b56157228375d9dd8fc01a84da4a887418	"hidden: [""Black Layer complet"", ""Cinq couches souveraines protégées"", ""API / Webhooks"", ""Permissions d'administration"", ""Logique brute""],"	Candidate evidence only; manual verification required.
EVD-7a9547cd151e	LAYER_DISCOVERY	INFERRED_FROM_SOURCE	frontend/public-site/src/i18n/locales/fr.ts	fr.ts	73	64cc081acfd6ac93173b44b0c7cdf5b56157228375d9dd8fc01a84da4a887418	"features: [""Accès élargi à la logique à 16 couches"", ""Black Layer — Avocat du diable"", ""Explicabilité étendue"", ""Analyse des risques et contexte avancé"", ""Priorité sur les remises et offres"", ""Priorité sur les mises à jour du système""],"	Candidate evidence only; manual verification required.
EVD-a83fb96ea106	LAYER_DISCOVERY	INFERRED_FROM_SOURCE	frontend/public-site/src/i18n/locales/hi.ts	hi.ts	36	162b4a1d4e37c2a064f9a46149d2be1bb224d0e5a7b4185e9545affe29d6dbf8	"insight: { name: ""Insight"", price: ""मुफ्त"", desc: ""नए उपयोगकर्ताओं के लिए जो सिस्टम का अनुभव करना और सामान्य अवधारणा को समझना चाहते हैं।"", features: [""बाजार स्थिति का सामान्य दृश्य"", ""16-दिन की यात्रा"", ""दिन 16 सर्वेक्षण"", ""FAQ, सुरक्षा और गोपनीयता"", ""स्पष्ट कानूनी नोटिस""], hidden: [""विस्तृत TDL"", ""विस्तृत Meeting point"", ""Meeting point The golden signal"", ""Black Layer"", ""API / Webhooks"", ""व्यवस्थापक पैनल""] },"	Candidate evidence only; manual verification required.
EVD-b8a66c13d035	LAYER_DISCOVERY	INFERRED_FROM_SOURCE	frontend/public-site/src/i18n/locales/hi.ts	hi.ts	37	162b4a1d4e37c2a064f9a46149d2be1bb224d0e5a7b4185e9545affe29d6dbf8	"nmpPro: { name: ""Meeting point Pro"", price: ""$49"", desc: ""गंभीर उपयोगकर्ताओं के लिए जो संदर्भ, तरलता और संरेखण की गहरी समझ चाहते हैं।"", features: [""TDL — टेम्पोरल डाइमेंशन लॉजिक"", ""Meeting point — नवाफ मीटिंग पॉइंट"", ""Meeting point The golden signal"", ""स्पष्ट व्याख्यात्मक रिपोर्ट"", ""जोखिम स्तर और व्यापक संदर्भ"", ""पूर्ण 16-दिन परीक्षण""], hidden: [""पूर्ण Black Layer"", ""पांच संरक्षित संप्रभु परतें"", ""API / Webhooks"", ""व्यवस्थापक अनुमतियां"", ""कच्चा तर्क""] },"	Candidate evidence only; manual verification required.
EVD-0b257507a847	LAYER_DISCOVERY	INFERRED_FROM_SOURCE	frontend/public-site/src/i18n/locales/hi.ts	hi.ts	38	162b4a1d4e37c2a064f9a46149d2be1bb224d0e5a7b4185e9545affe29d6dbf8	"elite16: { name: ""Elite 16"", price: ""$149"", desc: ""उन्नत उपयोगकर्ताओं के लिए जो सिस्टम में सबसे व्यापक विश्लेषणात्मक अनुभव चाहते हैं।"", features: [""16-परत तर्क तक व्यापक पहुंच"", ""Black Layer — शैतान का वकील"", ""विस्तारित व्याख्यात्मकता"", ""उन्नत जोखिम विश्लेषण और संदर्भ"", ""छूट और ऑफर में प्राथमिकता"", ""सिस्टम अपडेट में प्राथमिकता""], hidden: [""UI में पांच संप्रभु परतें संरक्षित"", ""कच्चा तर्क"", ""व्यवस्थापक अनुमतियां"", ""संस्थागत API कुंजियां""] },"	Candidate evidence only; manual verification required.
EVD-7df7dac2f76c	LAYER_DISCOVERY	INFERRED_FROM_SOURCE	frontend/public-site/src/i18n/locales/hu.ts	hu.ts	10	bef1bfce84140d54e69d3deb3940bad023c0f2a991487a6edab21a47dd4a4c48	"insight: { name: ""Insight"", price: ""Ingyenes"", desc: ""Új felhasználók számára, akik ki akarják próbálni a rendszert és megérteni az általános koncepciót."", features: [""Általános piaci állapotáttekintés"", ""16 napos utazás"", ""16. napi felmérés"", ""GYIK, biztonság és adatvédelem"", ""Egyértelmű jogi értesítés""], hidden: [""Részletes TDL"", ""Részletes Meeting point"", ""Meeting point The golden signal"", ""Black Layer"", ""API / Webhooks"", ""Admin panel""] },"	Candidate evidence only; manual verification required.
EVD-8a8e8cfedf0c	LAYER_DISCOVERY	INFERRED_FROM_SOURCE	frontend/public-site/src/i18n/locales/hu.ts	hu.ts	11	bef1bfce84140d54e69d3deb3940bad023c0f2a991487a6edab21a47dd4a4c48	"nmpPro: { name: ""Meeting point Pro"", price: ""$49"", desc: ""Komoly felhasználók számára, akik mélyebb megértést akarnak a kontextusról, likviditásról és összehangolásról."", features: [""TDL — Időbeli dimenziós logika"", ""Meeting point — Nawaf találkozópontja"", ""Meeting point The golden signal"", ""Egyértelmébb értelmező jelentések"", ""Kockázati szintek és szélesebb kontextus"", ""Teljes 16 napos próba""], hidden: [""Teljes Black Layer"", ""Öt védett szuverén réteg"", ""API / Webhooks"", ""Admin jogosultságok"", ""Nyers logika""] },"	Candidate evidence only; manual verification required.
EVD-2b80e348a324	LAYER_DISCOVERY	INFERRED_FROM_SOURCE	frontend/public-site/src/i18n/locales/hu.ts	hu.ts	12	bef1bfce84140d54e69d3deb3940bad023c0f2a991487a6edab21a47dd4a4c48	"elite16: { name: ""Elite 16"", price: ""$149"", desc: ""Fejlett felhasználók számára, akik a rendszeren belül a legszélesebb analitikai élményt akarják."", features: [""Szélesebb hozzáférés a 16 rétegű logikához"", ""Black Layer — Az ördög ügyvédje"", ""Kiterjesztett magyarázhatóság"", ""Fejlett kockázatelemzés és kontextus"", ""Elsőbbség kedvezményeken és ajánlatokon"", ""Elsőbbség rendszerfrissítéseknél""], hidden: [""Öt szuverén réteg védve a UI-ban"", ""Nyers logika"", ""Admin jogosultságok"", ""Intézményi API kulcsok""] },"	Candidate evidence only; manual verification required.
EVD-88dc9ce411d7	LAYER_DISCOVERY	INFERRED_FROM_SOURCE	frontend/public-site/src/i18n/locales/id.ts	id.ts	10	299ce4ac912c1e357f1d637505ce95605478ed81a9affeffe9f96a2147e1ee0a	"insight: { name: ""Insight"", price: ""Gratis"", desc: ""Untuk pengguna baru yang ingin mencoba sistem dan memahami konsep umum."", features: [""Tampilan umum status pasar"", ""Perjalanan 16 hari"", ""Survei hari ke-16"", ""FAQ, keamanan, dan privasi"", ""Pemberitahuan hukum yang jelas""], hidden: [""TDL terperinci"", ""Meeting point terperinci"", ""Meeting point The golden signal"", ""Black Layer"", ""API / Webhooks"", ""Panel admin""] },"	Candidate evidence only; manual verification required.
EVD-a17efdf1ac0a	LAYER_DISCOVERY	INFERRED_FROM_SOURCE	frontend/public-site/src/i18n/locales/id.ts	id.ts	11	299ce4ac912c1e357f1d637505ce95605478ed81a9affeffe9f96a2147e1ee0a	"nmpPro: { name: ""Meeting point Pro"", price: ""$49"", desc: ""Untuk pengguna serius yang menginginkan pemahaman lebih dalam tentang konteks, likuiditas, dan keselarasan."", features: [""TDL — Logika Dimensi Temporal"", ""Meeting point — Titik Pertemuan Nawaf"", ""Meeting point The golden signal"", ""Laporan interpretatif yang lebih jelas"", ""Tingkat risiko dan konteks lebih luas"", ""Uji coba 16 hari penuh""], hidden: [""Black Layer penuh"", ""Lima lapisan berdaulat yang dilindungi"", ""API / Webhooks"", ""Izin admin"", ""Logika mentah""] },"	Candidate evidence only; manual verification required.
EVD-63b48b38a96d	LAYER_DISCOVERY	INFERRED_FROM_SOURCE	frontend/public-site/src/i18n/locales/id.ts	id.ts	12	299ce4ac912c1e357f1d637505ce95605478ed81a9affeffe9f96a2147e1ee0a	"elite16: { name: ""Elite 16"", price: ""$149"", desc: ""Untuk pengguna tingkat lanjut yang menginginkan pengalaman analitis terluas dalam sistem."", features: [""Akses lebih luas ke logika 16 lapisan"", ""Black Layer — Advokat Iblis"", ""Kemampuan penjelasan yang diperluas"", ""Analisis risiko lanjutan dan konteks"", ""Prioritas pada diskon dan penawaran"", ""Prioritas pada pembaruan sistem""], hidden: [""Lima lapisan berdaulat dilindungi di UI"", ""Logika mentah"", ""Izin admin"", ""Kunci API institusional""] },"	Candidate evidence only; manual verification required.
EVD-5fdd3b2c534d	LAYER_DISCOVERY	INFERRED_FROM_SOURCE	frontend/public-site/src/i18n/locales/it.ts	it.ts	10	c9cdf610bfb95c80be134ff2bae210267e1a5e92078e8ba6db3ef770ea46dc34	"insight: { name: ""Insight"", price: ""Gratuito"", desc: ""Per nuovi utenti che vogliono sperimentare il sistema e comprendere il concetto generale."", features: [""Panoramica generale dello stato del mercato"", ""Percorso di 16 giorni"", ""Sondaggio del giorno 16"", ""FAQ, sicurezza e privacy"", ""Avviso legale chiaro""], hidden: [""TDL dettagliato"", ""Meeting point dettagliato"", ""Meeting point The golden signal"", ""Black Layer"", ""API / Webhooks"", ""Pannello di amministrazione""] },"	Candidate evidence only; manual verification required.
EVD-f6ea16dd35d1	LAYER_DISCOVERY	INFERRED_FROM_SOURCE	frontend/public-site/src/i18n/locales/it.ts	it.ts	11	c9cdf610bfb95c80be134ff2bae210267e1a5e92078e8ba6db3ef770ea46dc34	"nmpPro: { name: ""Meeting point Pro"", price: ""$49"", desc: ""Per utenti seri che vogliono una comprensione più profonda del contesto, della liquidità e dell'allineamento."", features: [""TDL — Logica della Dimensione Temporale"", ""Meeting point — Punto di incontro Nawaf"", ""Meeting point The golden signal"", ""Rapporti interpretativi più chiari"", ""Livelli di rischio e contesto più ampio"", ""Prova completa di 16 giorni""], hidden: [""Black Layer completo"", ""Cinque livelli sovrani protetti"", ""API / Webhooks"", ""Autorizzazioni di amministrazione"", ""Logica grezza""] },"	Candidate evidence only; manual verification required.
EVD-48424cce6f73	LAYER_DISCOVERY	INFERRED_FROM_SOURCE	frontend/public-site/src/i18n/locales/it.ts	it.ts	12	c9cdf610bfb95c80be134ff2bae210267e1a5e92078e8ba6db3ef770ea46dc34	"elite16: { name: ""Elite 16"", price: ""$149"", desc: ""Per utenti avanzati che vogliono l'esperienza analitica più ampia all'interno del sistema."", features: [""Accesso più ampio alla logica a 16 livelli"", ""Black Layer — Avvocato del diavolo"", ""Spiegabilità estesa"", ""Analisi del rischio avanzata e contesto"", ""Priorità su sconti e offerte"", ""Priorità sugli aggiornamenti del sistema""], hidden: [""Cinque livelli sovrani protetti nell'UI"", ""Logica grezza"", ""Autorizzazioni di amministrazione"", ""Chiavi API istituzionali""] },"	Candidate evidence only; manual verification required.
EVD-f4e02e9be825	LAYER_DISCOVERY	INFERRED_FROM_SOURCE	frontend/public-site/src/i18n/locales/ja.ts	ja.ts	36	a194c6712ce98164242fa94040063312b5b39f40534907ae41a3f361b9ba3018	"insight: { name: ""Insight"", price: ""無料"", desc: ""システムを体験し、一般的な概念を理解したい新しいユーザー向け。"", features: [""市場状況の概要"", ""16日間の旅"", ""16日目のアンケート"", ""FAQ、セキュリティ、プライバシー"", ""明確な法的通知""], hidden: [""詳細TDL"", ""詳細Meeting point"", ""Meeting point The golden signal"", ""Black Layer"", ""API / Webhooks"", ""管理パネル""] },"	Candidate evidence only; manual verification required.
EVD-1b081bf83971	LAYER_DISCOVERY	INFERRED_FROM_SOURCE	frontend/public-site/src/i18n/locales/ja.ts	ja.ts	37	a194c6712ce98164242fa94040063312b5b39f40534907ae41a3f361b9ba3018	"nmpPro: { name: ""Meeting point Pro"", price: ""$49"", desc: ""コンテキスト、流動性、アライメントをより深く理解したい真剣なユーザー向け。"", features: [""TDL — 時間的次元論理"", ""Meeting point — ナワフミーティングポイント"", ""Meeting point The golden signal"", ""より明確な解釈レポート"", ""リスクレベルとより広いコンテキスト"", ""完全な16日間トライアル""], hidden: [""完全なBlack Layer"", ""5つの保護された主権層"", ""API / Webhooks"", ""管理権限"", ""生のロジック""] },"	Candidate evidence only; manual verification required.
EVD-fa518211e0bd	LAYER_DISCOVERY	INFERRED_FROM_SOURCE	frontend/public-site/src/i18n/locales/ja.ts	ja.ts	38	a194c6712ce98164242fa94040063312b5b39f40534907ae41a3f361b9ba3018	"elite16: { name: ""Elite 16"", price: ""$149"", desc: ""システム内で最も広い分析体験を望む上級ユーザー向け。"", features: [""16層ロジックへのより広いアクセス"", ""Black Layer — 悪魔の代弁者"", ""拡張された説明可能性"", ""高度なリスク分析とコンテキスト"", ""割引とオファーの優先"", ""システム更新の優先""], hidden: [""UIで5つの主権層が保護"", ""生のロジック"", ""管理権限"", ""機関APIキー""] },"	Candidate evidence only; manual verification required.
EVD-e2a34ce3e1fb	LAYER_DISCOVERY	INFERRED_FROM_SOURCE	frontend/public-site/src/i18n/locales/ko.ts	ko.ts	36	cb5daf8d8c44bc3e9f6dc0d70c9f5631a3c50abb21819129108a66b14bd27716	"insight: { name: ""Insight"", price: ""무료"", desc: ""시스템을 경험하고 일반적인 개념을 이해하려는 신규 사용자를 위한."", features: [""시장 상태 일반 보기"", ""16일 여정"", ""16일차 설문조사"", ""FAQ, 보안 및 개인정보"", ""명확한 법적 고지""], hidden: [""상세 TDL"", ""상세 Meeting point"", ""Meeting point The golden signal"", ""Black Layer"", ""API / Webhooks"", ""관리자 패널""] },"	Candidate evidence only; manual verification required.
EVD-6ac4e863002a	LAYER_DISCOVERY	INFERRED_FROM_SOURCE	frontend/public-site/src/i18n/locales/ko.ts	ko.ts	37	cb5daf8d8c44bc3e9f6dc0d70c9f5631a3c50abb21819129108a66b14bd27716	"nmpPro: { name: ""Meeting point Pro"", price: ""$49"", desc: ""맥락, 유동성, 정렬에 대한 더 깊은 이해를 원하는 진지한 사용자를 위한."", features: [""TDL — 시간적 차원 논리"", ""Meeting point — Nawaf 만남 지점"", ""Meeting point The golden signal"", ""더 명확한 해석 보고서"", ""위험 수준 및 더 넓은 맥락"", ""전체 16일 체험판""], hidden: [""전체 Black Layer"", ""5개의 보호된 주권 레이어"", ""API / Webhooks"", ""관리자 권한"", ""원시 논리""] },"	Candidate evidence only; manual verification required.
EVD-b3ab9964a432	LAYER_DISCOVERY	INFERRED_FROM_SOURCE	frontend/public-site/src/i18n/locales/ko.ts	ko.ts	38	cb5daf8d8c44bc3e9f6dc0d70c9f5631a3c50abb21819129108a66b14bd27716	"elite16: { name: ""Elite 16"", price: ""$149"", desc: ""시스템 내에서 가장 광범위한 분석 경험을 원하는 고급 사용자를 위한."", features: [""16레이어 논리에 더 넓은 접근"", ""Black Layer — 악마의 변호인"", ""확장된 설명 가능성"", ""고급 위험 분석 및 맥락"", ""할인 및 제안 우선권"", ""시스템 업데이트 우선권""], hidden: [""UI에서 5개 주권 레이어 보호됨"", ""원시 논리"", ""관리자 권한"", ""기관 API 키""] },"	Candidate evidence only; manual verification required.
EVD-4bb70afa8098	LAYER_DISCOVERY	INFERRED_FROM_SOURCE	frontend/public-site/src/i18n/locales/ms.ts	ms.ts	10	c1cd455de0361277379ccce538cb8184a7f764876013db84d528bad95333ac3f	"insight: { name: ""Insight"", price: ""Percuma"", desc: ""Untuk pengguna baharu yang ingin mencuba sistem dan memahami konsep umum."", features: [""Pandangan umum status pasaran"", ""Perjalanan 16 hari"", ""Tinjauan hari ke-16"", ""Soalan Lazim, keselamatan dan privasi"", ""Notis undang-undang yang jelas""], hidden: [""TDL terperinci"", ""Meeting point terperinci"", ""Meeting point The golden signal"", ""Black Layer"", ""API / Webhooks"", ""Panel pentadbir""] },"	Candidate evidence only; manual verification required.
EVD-c5d95a7776df	LAYER_DISCOVERY	INFERRED_FROM_SOURCE	frontend/public-site/src/i18n/locales/ms.ts	ms.ts	11	c1cd455de0361277379ccce538cb8184a7f764876013db84d528bad95333ac3f	"nmpPro: { name: ""Meeting point Pro"", price: ""$49"", desc: ""Untuk pengguna serius yang mahukan pemahaman lebih mendalam tentang konteks, kecairan dan penjajaran."", features: [""TDL — Logik Dimensi Temporal"", ""Meeting point — Titik Pertemuan Nawaf"", ""Meeting point The golden signal"", ""Laporan interpretatif yang lebih jelas"", ""Tahap risiko dan konteks lebih luas"", ""Percubaan penuh 16 hari""], hidden: [""Black Layer penuh"", ""Lima lapisan berdaulat dilindungi"", ""API / Webhooks"", ""Kebenaran pentadbir"", ""Logik mentah""] },"	Candidate evidence only; manual verification required.
EVD-92358774c1e9	LAYER_DISCOVERY	INFERRED_FROM_SOURCE	frontend/public-site/src/i18n/locales/ms.ts	ms.ts	12	c1cd455de0361277379ccce538cb8184a7f764876013db84d528bad95333ac3f	"elite16: { name: ""Elite 16"", price: ""$149"", desc: ""Untuk pengguna lanjutan yang mahukan pengalaman analitis paling luas dalam sistem."", features: [""Akses lebih luas kepada logik 16 lapisan"", ""Black Layer — Peguam Bela Syaitan"", ""Kebolehjelasan diperluas"", ""Analisis risiko lanjutan dan konteks"", ""Keutamaan pada diskaun dan tawaran"", ""Keutamaan pada kemas kini sistem""], hidden: [""Lima lapisan berdaulat dilindungi dalam UI"", ""Logik mentah"", ""Kebenaran pentadbir"", ""Kunci API institusi""] },"	Candidate evidence only; manual verification required.
EVD-8bbfc45f4d95	LAYER_DISCOVERY	INFERRED_FROM_SOURCE	frontend/public-site/src/i18n/locales/nl.ts	nl.ts	10	09426a95ab11c94b23365b17461e4e94f72de459daf281ed237322c1a897df1d	"insight: { name: ""Insight"", price: ""Gratis"", desc: ""Voor nieuwe gebruikers die het systeem willen ervaren en het algemene concept willen begrijpen."", features: [""Algemeen overzicht marktstatus"", ""16-dagenreis"", ""Dag 16 enquête"", ""FAQ, veiligheid en privacy"", ""Duidelijke juridische kennisgeving""], hidden: [""Gedetailleerde TDL"", ""Gedetailleerde Meeting point"", ""Meeting point The golden signal"", ""Black Layer"", ""API / Webhooks"", ""Beheerspaneel""] },"	Candidate evidence only; manual verification required.
EVD-6bc57822f88a	LAYER_DISCOVERY	INFERRED_FROM_SOURCE	frontend/public-site/src/i18n/locales/nl.ts	nl.ts	11	09426a95ab11c94b23365b17461e4e94f72de459daf281ed237322c1a897df1d	"nmpPro: { name: ""Meeting point Pro"", price: ""$49"", desc: ""Voor serieuze gebruikers die een dieper inzicht willen in context, liquiditeit en afstemming."", features: [""TDL — Temporele dimensielogica"", ""Meeting point — Nawaf-ontmoetingspunt"", ""Meeting point The golden signal"", ""Duidelijkere interpretatieve rapporten"", ""Risiconiveaus en bredere context"", ""Volledige proef van 16 dagen""], hidden: [""Volledige Black Layer"", ""Vijf beschermde soevereine lagen"", ""API / Webhooks"", ""Beheerdersrechten"", ""Ruwe logica""] },"	Candidate evidence only; manual verification required.
EVD-8e50e8167bdd	LAYER_DISCOVERY	INFERRED_FROM_SOURCE	frontend/public-site/src/i18n/locales/nl.ts	nl.ts	12	09426a95ab11c94b23365b17461e4e94f72de459daf281ed237322c1a897df1d	"elite16: { name: ""Elite 16"", price: ""$149"", desc: ""Voor geavanceerde gebruikers die de breedste analytische ervaring binnen het systeem willen."", features: [""Bredere toegang tot 16-lagenlogica"", ""Black Layer — Advocaat van de duivel"", ""Uitgebreide uitlegbaarheid"", ""Geavanceerde risicoanalyse en context"", ""Prioriteit bij kortingen en aanbiedingen"", ""Prioriteit bij systeemupdates""], hidden: [""Vijf soevereine lagen beschermd in UI"", ""Ruwe logica"", ""Beheerdersrechten"", ""Institutionele API-sleutels""] },"	Candidate evidence only; manual verification required.
EVD-0902fa671eb4	LAYER_DISCOVERY	INFERRED_FROM_SOURCE	frontend/public-site/src/i18n/locales/pl.ts	pl.ts	10	d98ef6ab607c03dc13fc9b2da8b37b49f1f06330bf93f19292458fce404aa99d	"insight: { name: ""Insight"", price: ""Bezpłatny"", desc: ""Dla nowych użytkowników, którzy chcą wypróbować system i zrozumieć ogólną koncepcję."", features: [""Ogólny widok stanu rynku"", ""16-dniowa podróż"", ""Ankieta dnia 16"", ""FAQ, bezpieczeństwo i prywatność"", ""Wyraźna informacja prawna""], hidden: [""Szczegółowy TDL"", ""Szczegółowy Meeting point"", ""Meeting point The golden signal"", ""Black Layer"", ""API / Webhooks"", ""Panel administratora""] },"	Candidate evidence only; manual verification required.
EVD-4181b77c055a	LAYER_DISCOVERY	INFERRED_FROM_SOURCE	frontend/public-site/src/i18n/locales/pl.ts	pl.ts	11	d98ef6ab607c03dc13fc9b2da8b37b49f1f06330bf93f19292458fce404aa99d	"nmpPro: { name: ""Meeting point Pro"", price: ""$49"", desc: ""Dla poważnych użytkowników, którzy chcą głębszego zrozumienia kontekstu, płynności i wyrównania."", features: [""TDL — Logika wymiaru czasowego"", ""Meeting point — Punkt spotkania Nawaf"", ""Meeting point The golden signal"", ""Wyraźniejsze raporty interpretacyjne"", ""Poziomy ryzyka i szerszy kontekst"", ""Pełny 16-dniowy okres próbny""], hidden: [""Pełna warstwa Black Layer"", ""Pięć chronionych warstw suwerennych"", ""API / Webhooks"", ""Uprawnienia administratora"", ""Surowa logika""] },"	Candidate evidence only; manual verification required.
EVD-e0222bea4564	LAYER_DISCOVERY	INFERRED_FROM_SOURCE	frontend/public-site/src/i18n/locales/pl.ts	pl.ts	12	d98ef6ab607c03dc13fc9b2da8b37b49f1f06330bf93f19292458fce404aa99d	"elite16: { name: ""Elite 16"", price: ""$149"", desc: ""Dla zaawansowanych użytkowników, którzy chcą najszerszego doświadczenia analitycznego w systemie."", features: [""Szerszy dostęp do logiki 16 warstw"", ""Black Layer — Adwokat diabła"", ""Rozszerzona wyjaśnialność"", ""Zaawansowana analiza ryzyka i kontekst"", ""Pierwszeństwo w rabatach i ofertach"", ""Pierwszeństwo w aktualizacjach systemu""], hidden: [""Pięć warstw suwerennych chronionych w UI"", ""Surowa logika"", ""Uprawnienia administratora"", ""Instytucjonalne klucze API""] },"	Candidate evidence only; manual verification required.
EVD-987ba0cb19fa	LAYER_DISCOVERY	INFERRED_FROM_SOURCE	frontend/public-site/src/i18n/locales/pt.ts	pt.ts	36	cd2de9bdf042774479dc108c8336a82d72b89f5a3d9066ebede815cc492339c0	"insight: { name: ""Insight"", price: ""Grátis"", desc: ""Para novos usuários que querem experimentar o sistema e entender o conceito geral."", features: [""Visão geral do status do mercado"", ""Jornada de 16 dias"", ""Pesquisa do dia 16"", ""FAQ, segurança e privacidade"", ""Aviso legal claro""], hidden: [""TDL detalhado"", ""Meeting point detalhado"", ""Meeting point The golden signal"", ""Black Layer"", ""API / Webhooks"", ""Painel de administração""] },"	Candidate evidence only; manual verification required.
EVD-9fe9d7a882e9	LAYER_DISCOVERY	INFERRED_FROM_SOURCE	frontend/public-site/src/i18n/locales/pt.ts	pt.ts	37	cd2de9bdf042774479dc108c8336a82d72b89f5a3d9066ebede815cc492339c0	"nmpPro: { name: ""Meeting point Pro"", price: ""$49"", desc: ""Para usuários sérios que querem uma compreensão mais profunda do contexto, liquidez e alinhamento."", features: [""TDL — Lógica de Dimensão Temporal"", ""Meeting point — Ponto de Encontro Nawaf"", ""Meeting point The golden signal"", ""Relatórios interpretativos mais claros"", ""Níveis de risco e contexto mais amplo"", ""Teste completo de 16 dias""], hidden: [""Black Layer completo"", ""Cinco camadas soberanas protegidas"", ""API / Webhooks"", ""Permissões de administração"", ""Lógica bruta""] },"	Candidate evidence only; manual verification required.
EVD-5b9d2621899d	LAYER_DISCOVERY	INFERRED_FROM_SOURCE	frontend/public-site/src/i18n/locales/pt.ts	pt.ts	38	cd2de9bdf042774479dc108c8336a82d72b89f5a3d9066ebede815cc492339c0	"elite16: { name: ""Elite 16"", price: ""$149"", desc: ""Para usuários avançados que querem a mais ampla experiência analítica dentro do sistema."", features: [""Acesso mais amplo à lógica de 16 camadas"", ""Black Layer — Advogado do Diabo"", ""Explicabilidade estendida"", ""Análise de risco avançada e contexto"", ""Prioridade em descontos e ofertas"", ""Prioridade em atualizações do sistema""], hidden: [""Cinco camadas soberanas protegidas na UI"", ""Lógica bruta"", ""Permissões de administração"", ""Chaves API institucionais""] },"	Candidate evidence only; manual verification required.
EVD-b51753fd111a	LAYER_DISCOVERY	INFERRED_FROM_SOURCE	frontend/public-site/src/i18n/locales/ro.ts	ro.ts	10	c4080fa568394031da9d1784b1ce227bae2fbc3f12c2a4235618a832770e0f25	"insight: { name: ""Insight"", price: ""Gratuit"", desc: ""Pentru utilizatori noi care doresc să experimenteze sistemul și să înțeleagă conceptul general."", features: [""Vedere generală a stării pieței"", ""Călătorie de 16 zile"", ""Sondaj de ziua 16"", ""Întrebări frecvente, securitate și confidențialitate"", ""Notificare juridică clară""], hidden: [""TDL detaliat"", ""Meeting point detaliat"", ""Meeting point The golden signal"", ""Black Layer"", ""API / Webhooks"", ""Panou de administrare""] },"	Candidate evidence only; manual verification required.
EVD-1744e74dfa51	LAYER_DISCOVERY	INFERRED_FROM_SOURCE	frontend/public-site/src/i18n/locales/ro.ts	ro.ts	11	c4080fa568394031da9d1784b1ce227bae2fbc3f12c2a4235618a832770e0f25	"nmpPro: { name: ""Meeting point Pro"", price: ""$49"", desc: ""Pentru utilizatori serioși care doresc o înțelegere mai profundă a contextului, lichidității și aliniamentului."", features: [""TDL — Logica dimensiunii temporale"", ""Meeting point — Punctul de întâlnire Nawaf"", ""Meeting point The golden signal"", ""Rapoarte interpretive mai clare"", ""Niveluri de risc și context mai larg"", ""Perioadă de probă completă de 16 zile""], hidden: [""Black Layer complet"", ""Cinci straturi suverane protejate"", ""API / Webhooks"", ""Permisiuni de administrator"", ""Logică brută""] },"	Candidate evidence only; manual verification required.
EVD-91560d1106a3	LAYER_DISCOVERY	INFERRED_FROM_SOURCE	frontend/public-site/src/i18n/locales/ro.ts	ro.ts	12	c4080fa568394031da9d1784b1ce227bae2fbc3f12c2a4235618a832770e0f25	"elite16: { name: ""Elite 16"", price: ""$149"", desc: ""Pentru utilizatori avansați care doresc cea mai largă experiență analitică din sistem."", features: [""Acces mai larg la logica cu 16 straturi"", ""Black Layer — Avocatul diavolului"", ""Explicabilitate extinsă"", ""Analiză avansată a riscurilor și context"", ""Prioritate la reduceri și oferte"", ""Prioritate la actualizările sistemului""], hidden: [""Cinci straturi suverane protejate în UI"", ""Logică brută"", ""Permisiuni de administrator"", ""Chei API instituționale""] },"	Candidate evidence only; manual verification required.
EVD-312cf6df2d6c	LAYER_DISCOVERY	INFERRED_FROM_SOURCE	frontend/public-site/src/i18n/locales/ru.ts	ru.ts	36	799b5b70c7df595781dec070fc2c779392b77b70af6ff028749b845333d76332	"insight: { name: ""Insight"", price: ""Бесплатно"", desc: ""Для новых пользователей, желающих попробовать систему и понять общую концепцию."", features: [""Общий обзор состояния рынка"", ""16-дневный путь"", ""Опрос на 16-й день"", ""FAQ, безопасность и конфиденциальность"", ""Чёткое юридическое уведомление""], hidden: [""Детальный TDL"", ""Детальный Meeting point"", ""Meeting point The golden signal"", ""Black Layer"", ""API / Webhooks"", ""Панель администратора""] },"	Candidate evidence only; manual verification required.
EVD-739112088648	LAYER_DISCOVERY	INFERRED_FROM_SOURCE	frontend/public-site/src/i18n/locales/ru.ts	ru.ts	37	799b5b70c7df595781dec070fc2c779392b77b70af6ff028749b845333d76332	"nmpPro: { name: ""Meeting point Pro"", price: ""$49"", desc: ""Для серьёзных пользователей, желающих более глубокого понимания контекста, ликвидности и выравнивания."", features: [""TDL — Логика временного измерения"", ""Meeting point — Точка встречи Навафа"", ""Meeting point The golden signal"", ""Более чёткие интерпретационные отчёты"", ""Уровни риска и более широкий контекст"", ""Полный 16-дневный пробный период""], hidden: [""Полный Black Layer"", ""Пять защищённых суверенных уровней"", ""API / Webhooks"", ""Права администратора"", ""Сырая логика""] },"	Candidate evidence only; manual verification required.
EVD-7bbe5fa16802	LAYER_DISCOVERY	INFERRED_FROM_SOURCE	frontend/public-site/src/i18n/locales/ru.ts	ru.ts	38	799b5b70c7df595781dec070fc2c779392b77b70af6ff028749b845333d76332	"elite16: { name: ""Elite 16"", price: ""$149"", desc: ""Для продвинутых пользователей, желающих наиболее широкого аналитического опыта в системе."", features: [""Более широкий доступ к логике 16 уровней"", ""Black Layer — Адвокат дьявола"", ""Расширенная объяснимость"", ""Продвинутый анализ рисков и контекст"", ""Приоритет на скидки и предложения"", ""Приоритет на обновления системы""], hidden: [""Пять суверенных уровней защищены в UI"", ""Сырая логика"", ""Права администратора"", ""Институциональные ключи API""] },"	Candidate evidence only; manual verification required.
EVD-8cfa99f802d8	LAYER_DISCOVERY	INFERRED_FROM_SOURCE	frontend/public-site/src/i18n/locales/sv.ts	sv.ts	10	c229a8e2c76b045d3ea820cbf756338bb4c5ff6fcb6777c9d9c9e108640c56cf	"insight: { name: ""Insight"", price: ""Gratis"", desc: ""För nya användare som vill prova systemet och förstå det allmänna konceptet."", features: [""Allmän marknadsstatusöversikt"", ""16-dagarsresa"", ""Dag 16-enkät"", ""FAQ, säkerhet och integritet"", ""Tydligt juridiskt meddelande""], hidden: [""Detaljerad TDL"", ""Detaljerad Meeting point"", ""Meeting point The golden signal"", ""Black Layer"", ""API / Webhooks"", ""Administrationspanel""] },"	Candidate evidence only; manual verification required.
EVD-2268143e2e7a	LAYER_DISCOVERY	INFERRED_FROM_SOURCE	frontend/public-site/src/i18n/locales/sv.ts	sv.ts	11	c229a8e2c76b045d3ea820cbf756338bb4c5ff6fcb6777c9d9c9e108640c56cf	"nmpPro: { name: ""Meeting point Pro"", price: ""$49"", desc: ""För seriösa användare som vill ha djupare förståelse för kontext, likviditet och anpassning."", features: [""TDL — Temporal dimensionslogik"", ""Meeting point — Nawaf mötespunkt"", ""Meeting point The golden signal"", ""Tydligare tolkningsrapporter"", ""Risknivåer och bredare kontext"", ""Fullständig 16-dagars provperiod""], hidden: [""Fullständigt Black Layer"", ""Fem skyddade suveräna lager"", ""API / Webhooks"", ""Administratörsbehörigheter"", ""Rå logik""] },"	Candidate evidence only; manual verification required.
EVD-63f8106a5c8e	LAYER_DISCOVERY	INFERRED_FROM_SOURCE	frontend/public-site/src/i18n/locales/sv.ts	sv.ts	12	c229a8e2c76b045d3ea820cbf756338bb4c5ff6fcb6777c9d9c9e108640c56cf	"elite16: { name: ""Elite 16"", price: ""$149"", desc: ""För avancerade användare som vill ha den bredaste analytiska upplevelsen inom systemet."", features: [""Bredare tillgång till 16-lagers logik"", ""Black Layer — Djävulens advokat"", ""Utökad förklarbarhet"", ""Avancerad riskanalys och kontext"", ""Prioritet på rabatter och erbjudanden"", ""Prioritet på systemuppdateringar""], hidden: [""Fem suveräna lager skyddade i UI"", ""Rå logik"", ""Administratörsbehörigheter"", ""Institutionella API-nycklar""] },"	Candidate evidence only; manual verification required.
EVD-007d482def4a	LAYER_DISCOVERY	INFERRED_FROM_SOURCE	frontend/public-site/src/i18n/locales/sw.ts	sw.ts	10	2ca9ce928758e9d408dc5fff5a2be44ca1eab8578ce76031cc71e039d8fd6ca7	"insight: { name: ""Insight"", price: ""Bila Malipo"", desc: ""Kwa watumiaji wapya wanaotaka kujaribu mfumo na kuelewa dhana ya jumla."", features: [""Muhtasari wa jumla wa hali ya soko"", ""Safari ya siku 16"", ""Uchunguzi wa siku ya 16"", ""Maswali Yanayoulizwa Mara kwa Mara, usalama na faragha"", ""Arifa wazi ya kisheria""], hidden: [""TDL ya kina"", ""Meeting point ya kina"", ""Meeting point The golden signal"", ""Black Layer"", ""API / Webhooks"", ""Paneli ya msimamizi""] },"	Candidate evidence only; manual verification required.
EVD-5dbc077035a3	LAYER_DISCOVERY	INFERRED_FROM_SOURCE	frontend/public-site/src/i18n/locales/sw.ts	sw.ts	11	2ca9ce928758e9d408dc5fff5a2be44ca1eab8578ce76031cc71e039d8fd6ca7	"nmpPro: { name: ""Meeting point Pro"", price: ""$49"", desc: ""Kwa watumiaji wanaojali wanaotaka uelewa wa kina zaidi wa muktadha, ukwasi na usanidi."", features: [""TDL — Mantiki ya Muda wa Kipimo"", ""Meeting point — Nukta ya Mkutano wa Nawaf"", ""Meeting point The golden signal"", ""Ripoti za tafsiri wazi zaidi"", ""Viwango vya hatari na muktadha mpana zaidi"", ""Majaribio kamili ya siku 16""], hidden: [""Black Layer kamili"", ""Tabaka tano za msingi zilindwa"", ""API / Webhooks"", ""Ruhusa za msimamizi"", ""Mantiki ghafi""] },"	Candidate evidence only; manual verification required.
EVD-9b271cd9b1ed	LAYER_DISCOVERY	INFERRED_FROM_SOURCE	frontend/public-site/src/i18n/locales/sw.ts	sw.ts	12	2ca9ce928758e9d408dc5fff5a2be44ca1eab8578ce76031cc71e039d8fd6ca7	"elite16: { name: ""Elite 16"", price: ""$149"", desc: ""Kwa watumiaji wa hali ya juu wanaotaka uzoefu mpana zaidi wa uchanganuzi ndani ya mfumo."", features: [""Ufikiaji mpana zaidi wa mantiki ya tabaka 16"", ""Black Layer — Mtetezi wa Shetani"", ""Uelezaji wa upanuzi"", ""Uchambuzi wa hatari wa hali ya juu na muktadha"", ""Kipaumbele katika punguzo na ofa"", ""Kipaumbele katika masasisho ya mfumo""], hidden: [""Tabaka tano za msingi zilindwa katika UI"", ""Mantiki ghafi"", ""Ruhusa za msimamizi"", ""Funguo za API za taasisi""] },"	Candidate evidence only; manual verification required.
EVD-2c2ac8cd5746	LAYER_DISCOVERY	INFERRED_FROM_SOURCE	frontend/public-site/src/i18n/locales/th.ts	th.ts	10	bd10b9b2c0db6cfd96f38ba1459cc8e2973071dba9136bf8c87fb934dd44e31a	"insight: { name: ""Insight"", price: ""ฟรี"", desc: ""สำหรับผู้ใช้ใหม่ที่ต้องการทดลองใช้ระบบและเข้าใจแนวคิดทั่วไป"", features: [""มุมมองทั่วไปของสถานะตลาด"", ""การเดินทาง 16 วัน"", ""แบบสำรวจวันที่ 16"", ""คำถามที่พบบ่อย ความปลอดภัย และความเป็นส่วนตัว"", ""การแจ้งเตือนทางกฎหมายที่ชัดเจน""], hidden: [""TDL โดยละเอียด"", ""Meeting point โดยละเอียด"", ""Meeting point The golden signal"", ""Black Layer"", ""API / Webhooks"", ""แผงผู้ดูแลระบบ""] },"	Candidate evidence only; manual verification required.
EVD-63b47c8a0be9	LAYER_DISCOVERY	INFERRED_FROM_SOURCE	frontend/public-site/src/i18n/locales/th.ts	th.ts	11	bd10b9b2c0db6cfd96f38ba1459cc8e2973071dba9136bf8c87fb934dd44e31a	"nmpPro: { name: ""Meeting point Pro"", price: ""$49"", desc: ""สำหรับผู้ใช้ที่จริงจังที่ต้องการความเข้าใจลึกขึ้นเกี่ยวกับบริบท สภาพคล่อง และการจัดตำแหน่ง"", features: [""TDL — ตรรกะมิติเวลา"", ""Meeting point — จุดนัดพบ Nawaf"", ""Meeting point The golden signal"", ""รายงานเชิงตีความที่ชัดเจนกว่า"", ""ระดับความเสี่ยงและบริบทที่กว้างกว่า"", ""การทดลองใช้เต็มรูปแบบ 16 วัน""], hidden: [""Black Layer เต็มรูปแบบ"", ""ห้าชั้นอธิปไตยที่ได้รับการป้องกัน"", ""API / Webhooks"", ""สิทธิ์ผู้ดูแลระบบ"", ""ตรรกะดิบ""] },"	Candidate evidence only; manual verification required.
EVD-daa8058797d1	LAYER_DISCOVERY	INFERRED_FROM_SOURCE	frontend/public-site/src/i18n/locales/th.ts	th.ts	12	bd10b9b2c0db6cfd96f38ba1459cc8e2973071dba9136bf8c87fb934dd44e31a	"elite16: { name: ""Elite 16"", price: ""$149"", desc: ""สำหรับผู้ใช้ขั้นสูงที่ต้องการประสบการณ์การวิเคราะห์ที่กว้างที่สุดในระบบ"", features: [""การเข้าถึงตรรกะ 16 ชั้นที่กว้างกว่า"", ""Black Layer — ทนายจำเลย"", ""ความสามารถในการอธิบายที่ขยาย"", ""การวิเคราะห์ความเสี่ยงขั้นสูงและบริบท"", ""ลำดับความสำคัญในส่วนลดและข้อเสนอ"", ""ลำดับความสำคัญในการอัปเดตระบบ""], hidden: [""ห้าชั้นอธิปไตยได้รับการป้องกันใน UI"", ""ตรรกะดิบ"", ""สิทธิ์ผู้ดูแลระบบ"", ""คีย์ API สถาบัน""] },"	Candidate evidence only; manual verification required.
EVD-24abfe59842a	LAYER_DISCOVERY	INFERRED_FROM_SOURCE	frontend/public-site/src/i18n/locales/tr.ts	tr.ts	10	a85789532e058ef9b432f0da166fa5476156d13199da44c8b6529c6081ced466	"insight: { name: ""Insight"", price: ""Ücretsiz"", desc: ""Sistemi denemek ve genel kavramı anlamak isteyen yeni kullanıcılar için."", features: [""Piyasa durumuna genel bakış"", ""16 günlük yolculuk"", ""16. gün anketi"", ""SSS, güvenlik ve gizlilik"", ""Net yasal uyarı""], hidden: [""Detaylı TDL"", ""Detaylı Meeting point"", ""Meeting point The golden signal"", ""Black Layer"", ""API / Webhooks"", ""Yönetici paneli""] },"	Candidate evidence only; manual verification required.
EVD-424f9c3fa8e0	LAYER_DISCOVERY	INFERRED_FROM_SOURCE	frontend/public-site/src/i18n/locales/tr.ts	tr.ts	11	a85789532e058ef9b432f0da166fa5476156d13199da44c8b6529c6081ced466	"nmpPro: { name: ""Meeting point Pro"", price: ""$49"", desc: ""Bağlam, likidite ve hizalama hakkında daha derin anlayış isteyen ciddi kullanıcılar için."", features: [""TDL — Zamansal Boyut Mantığı"", ""Meeting point — Nawaf Buluşma Noktası"", ""Meeting point The golden signal"", ""Daha net yorumlayıcı raporlar"", ""Risk seviyeleri ve daha geniş bağlam"", ""Tam 16 günlük deneme""], hidden: [""Tam Black Layer"", ""Beş korumalı egemenlik katmanı"", ""API / Webhooks"", ""Yönetici izinleri"", ""Ham mantık""] },"	Candidate evidence only; manual verification required.
EVD-ef114de144fa	LAYER_DISCOVERY	INFERRED_FROM_SOURCE	frontend/public-site/src/i18n/locales/tr.ts	tr.ts	12	a85789532e058ef9b432f0da166fa5476156d13199da44c8b6529c6081ced466	"elite16: { name: ""Elite 16"", price: ""$149"", desc: ""Sistem içinde en geniş analitik deneyimi isteyen ileri düzey kullanıcılar için."", features: [""16 katmanlı mantığa daha geniş erişim"", ""Black Layer — Şeytan'ın Avukatı"", ""Genişletilmiş Açıklanabilirlik"", ""Gelişmiş risk analizi ve bağlam"", ""İndirim ve tekliflerde öncelik"", ""Sistem güncellemelerinde öncelik""], hidden: [""UI'da beş egemenlik katmanı korumalı"", ""Ham mantık"", ""Yönetici izinleri"", ""Kurumsal API anahtarları""] },"	Candidate evidence only; manual verification required.
EVD-5220eb88a584	LAYER_DISCOVERY	INFERRED_FROM_SOURCE	frontend/public-site/src/i18n/locales/uk.ts	uk.ts	10	9f408832e5408fe9e52af9190681e5f91ca5b9690c350a414579bec44bfcab71	"insight: { name: ""Insight"", price: ""Безкоштовно"", desc: ""Для нових користувачів, які хочуть спробувати систему та зрозуміти загальну концепцію."", features: [""Загальний огляд стану ринку"", ""16-денний шлях"", ""Опитування на 16-й день"", ""FAQ, безпека та конфіденційність"", ""Чітке юридичне повідомлення""], hidden: [""Детальний TDL"", ""Детальний Meeting point"", ""Meeting point The golden signal"", ""Black Layer"", ""API / Webhooks"", ""Панель адміністратора""] },"	Candidate evidence only; manual verification required.
EVD-14625bfb3502	LAYER_DISCOVERY	INFERRED_FROM_SOURCE	frontend/public-site/src/i18n/locales/uk.ts	uk.ts	11	9f408832e5408fe9e52af9190681e5f91ca5b9690c350a414579bec44bfcab71	"nmpPro: { name: ""Meeting point Pro"", price: ""$49"", desc: ""Для серйозних користувачів, які хочуть глибшого розуміння контексту, ліквідності та вирівнювання."", features: [""TDL — Логіка часового виміру"", ""Meeting point — Точка зустрічі Навафа"", ""Meeting point The golden signal"", ""Чіткіші інтерпретаційні звіти"", ""Рівні ризику та ширший контекст"", ""Повний 16-денний пробний період""], hidden: [""Повний Black Layer"", ""П'ять захищених суверенних шарів"", ""API / Webhooks"", ""Права адміністратора"", ""Сира логіка""] },"	Candidate evidence only; manual verification required.
EVD-6d60174fe531	LAYER_DISCOVERY	INFERRED_FROM_SOURCE	frontend/public-site/src/i18n/locales/uk.ts	uk.ts	12	9f408832e5408fe9e52af9190681e5f91ca5b9690c350a414579bec44bfcab71	"elite16: { name: ""Elite 16"", price: ""$149"", desc: ""Для досвідчених користувачів, які хочуть найширшого аналітичного досвіду в системі."", features: [""Ширший доступ до логіки 16 шарів"", ""Black Layer — Адвокат диявола"", ""Розширена пояснюваність"", ""Розширений аналіз ризиків і контекст"", ""Пріоритет на знижки та пропозиції"", ""Пріоритет на оновлення системи""], hidden: [""П'ять суверенних шарів захищено в UI"", ""Сира логіка"", ""Права адміністратора"", ""Інституційні ключі API""] },"	Candidate evidence only; manual verification required.
EVD-4a86a7400390	LAYER_DISCOVERY	INFERRED_FROM_SOURCE	frontend/public-site/src/i18n/locales/ur.ts	ur.ts	10	3517f695395a0b95c3933aec3cff66e4778e582e654451f330b8b831a30ba1a9	"insight: { name: ""Insight"", price: ""مفت"", desc: ""نئے صارفین کے لیے جو نظام کو آزمانا اور عمومی تصور کو سمجھنا چاہتے ہیں۔"", features: [""مارکیٹ کی حیثیت کا عمومی منظر"", ""16 دن کا سفر"", ""16 ویں دن کا سروے"", ""سوالات، سلامتی اور رازداری"", ""واضح قانونی نوٹس""], hidden: [""تفصیلی TDL"", ""تفصیلی Meeting point"", ""Meeting point The golden signal"", ""Black Layer"", ""API / Webhooks"", ""منتظم پینل""] },"	Candidate evidence only; manual verification required.
EVD-4163debfc05c	LAYER_DISCOVERY	INFERRED_FROM_SOURCE	frontend/public-site/src/i18n/locales/ur.ts	ur.ts	11	3517f695395a0b95c3933aec3cff66e4778e582e654451f330b8b831a30ba1a9	"nmpPro: { name: ""Meeting point Pro"", price: ""$49"", desc: ""سنجیدہ صارفین کے لیے جو سیاق و سباق، لیکویڈیٹی اور صف بندی کی گہری سمجھ چاہتے ہیں۔"", features: [""TDL — عارضی جہت منطق"", ""Meeting point — نواف ملاقات کا نقطہ"", ""Meeting point The golden signal"", ""زیادہ واضح تفسیری رپورٹیں"", ""خطرات کی سطحیں اور وسیع تر سیاق و سباق"", ""مکمل 16 دن کی آزمائش""], hidden: [""مکمل Black Layer"", ""پانچ محفوظ خودمختار پرتیں"", ""API / Webhooks"", ""منتظم اجازتیں"", ""خام منطق""] },"	Candidate evidence only; manual verification required.
EVD-e963cc5ed33f	LAYER_DISCOVERY	INFERRED_FROM_SOURCE	frontend/public-site/src/i18n/locales/ur.ts	ur.ts	12	3517f695395a0b95c3933aec3cff66e4778e582e654451f330b8b831a30ba1a9	"elite16: { name: ""Elite 16"", price: ""$149"", desc: ""جدید صارفین کے لیے جو نظام کے اندر وسیع ترین تجزیاتی تجربہ چاہتے ہیں۔"", features: [""16 پرت کی منطق تک وسیع تر رسائی"", ""Black Layer — شیطان کا وکیل"", ""توسیعی وضاحت پذیری"", ""جدید خطرات کا تجزیہ اور سیاق و سباق"", ""چھوٹ اور پیشکشوں میں ترجیح"", ""نظام کی تازہ کاریوں میں ترجیح""], hidden: [""UI میں پانچ خودمختار پرتیں محفوظ"", ""خام منطق"", ""منتظم اجازتیں"", ""ادارہ جاتی API چابیاں""] },"	Candidate evidence only; manual verification required.
EVD-ffd954cfc339	LAYER_DISCOVERY	INFERRED_FROM_SOURCE	frontend/public-site/src/i18n/locales/vi.ts	vi.ts	10	0387ad92a4010228f8c4429a8b40004280244e7e8deb4f9717a278d9d674d8d9	"insight: { name: ""Insight"", price: ""Miễn phí"", desc: ""Cho người dùng mới muốn trải nghiệm hệ thống và hiểu khái niệm chung."", features: [""Tổng quan chung về trạng thái thị trường"", ""Hành trình 16 ngày"", ""Khảo sát ngày 16"", ""Câu hỏi thường gặp, bảo mật và quyền riêng tư"", ""Thông báo pháp lý rõ ràng""], hidden: [""TDL chi tiết"", ""Meeting point chi tiết"", ""Meeting point The golden signal"", ""Black Layer"", ""API / Webhooks"", ""Bảng điều khiển quản trị""] },"	Candidate evidence only; manual verification required.
EVD-872c5a025554	LAYER_DISCOVERY	INFERRED_FROM_SOURCE	frontend/public-site/src/i18n/locales/vi.ts	vi.ts	11	0387ad92a4010228f8c4429a8b40004280244e7e8deb4f9717a278d9d674d8d9	"nmpPro: { name: ""Meeting point Pro"", price: ""$49"", desc: ""Cho người dùng nghiêm túc muốn hiểu sâu hơn về bối cảnh, thanh khoản và sự liên kết."", features: [""TDL — Logic Chiều Thời Gian"", ""Meeting point — Điểm Gặp Gỡ Nawaf"", ""Meeting point The golden signal"", ""Báo cáo giải thích rõ ràng hơn"", ""Mức độ rủi ro và bối cảnh rộng hơn"", ""Dùng thử đầy đủ 16 ngày""], hidden: [""Black Layer đầy đủ"", ""Năm lớp chủ quyền được bảo vệ"", ""API / Webhooks"", ""Quyền quản trị"", ""Logic thô""] },"	Candidate evidence only; manual verification required.
EVD-a7150b5ef132	LAYER_DISCOVERY	INFERRED_FROM_SOURCE	frontend/public-site/src/i18n/locales/vi.ts	vi.ts	12	0387ad92a4010228f8c4429a8b40004280244e7e8deb4f9717a278d9d674d8d9	"elite16: { name: ""Elite 16"", price: ""$149"", desc: ""Cho người dùng nâng cao muốn trải nghiệm phân tích rộng nhất trong hệ thống."", features: [""Truy cập rộng hơn vào logic 16 lớp"", ""Black Layer — Luật sư Quỷ"", ""Khả năng giải thích mở rộng"", ""Phân tích rủi ro nâng cao và bối cảnh"", ""Ưu tiên giảm giá và ưu đãi"", ""Ưu tiên cập nhật hệ thống""], hidden: [""Năm lớp chủ quyền được bảo vệ trong UI"", ""Logic thô"", ""Quyền quản trị"", ""Khóa API tổ chức""] },"	Candidate evidence only; manual verification required.
EVD-f7d3eda5867d	LAYER_DISCOVERY	INFERRED_FROM_SOURCE	frontend/public-site/src/i18n/locales/zh.ts	zh.ts	36	9e299416f5130764cd5a27da80afea2d301e8f93eebec6bacdd1100628a63e4b	"insight: { name: ""Insight"", price: ""免费"", desc: ""适合想要体验系统并了解总体概念的新用户。"", features: [""市场状态总览"", ""16天旅程"", ""第16天调查"", ""常见问题、安全和隐私"", ""明确的法律声明""], hidden: [""详细TDL"", ""详细Meeting point"", ""Meeting point The golden signal"", ""Black Layer"", ""API / Webhooks"", ""管理面板""] },"	Candidate evidence only; manual verification required.
EVD-668d7a2849d1	LAYER_DISCOVERY	INFERRED_FROM_SOURCE	frontend/public-site/src/i18n/locales/zh.ts	zh.ts	37	9e299416f5130764cd5a27da80afea2d301e8f93eebec6bacdd1100628a63e4b	"nmpPro: { name: ""Meeting point Pro"", price: ""$49"", desc: ""适合希望深入了解背景、流动性和对齐的认真用户。"", features: [""TDL — 时间维度逻辑"", ""Meeting point — Nawaf会合点"", ""Meeting point The golden signal"", ""更清晰的解释性报告"", ""风险级别和更广泛的背景"", ""完整16天试用""], hidden: [""完整Black Layer"", ""五个受保护的主权层"", ""API / Webhooks"", ""管理权限"", ""原始逻辑""] },"	Candidate evidence only; manual verification required.
EVD-c60f9c6fcced	LAYER_DISCOVERY	INFERRED_FROM_SOURCE	frontend/public-site/src/i18n/locales/zh.ts	zh.ts	38	9e299416f5130764cd5a27da80afea2d301e8f93eebec6bacdd1100628a63e4b	"elite16: { name: ""Elite 16"", price: ""$149"", desc: ""适合希望在系统内获得最广泛分析体验的高级用户。"", features: [""更广泛访问16层逻辑"", ""Black Layer — 魔鬼代言人"", ""扩展可解释性"", ""高级风险分析和背景"", ""折扣和优惠优先权"", ""系统更新优先权""], hidden: [""UI中五个主权层受保护"", ""原始逻辑"", ""管理权限"", ""机构API密钥""] },"	Candidate evidence only; manual verification required.
EVD-b38c84e56710	LAYER_DISCOVERY	INFERRED_FROM_SOURCE	frontend/public-site/src/index.css	index.css	57	449fd122fa04fc9266fa9ea21982e98cbe6fded15fa04c9b2e1b3fb021df23f7	@layer base {	Candidate evidence only; manual verification required.
EVD-8e8459b45fe8	LAYER_DISCOVERY	INFERRED_FROM_SOURCE	frontend/user-portal-vite/src/main.jsx	main.jsx	48	3891f7ace73028f3b1465412bcace830af65921693bd827740c99ded8304bfde	"visibility: { ar: ""ضمن الحوكمة"", en: ""Governed layer"" }"	Candidate evidence only; manual verification required.
EVD-73b3d4b4eb8b	LAYER_DISCOVERY	INFERRED_FROM_SOURCE	frontend/user-portal-vite/src/main.jsx	main.jsx	52	3891f7ace73028f3b1465412bcace830af65921693bd827740c99ded8304bfde	"visibility: { ar: ""ضمن الحوكمة"", en: ""Governed layer"" }"	Candidate evidence only; manual verification required.
EVD-83ca371e7e4e	LAYER_DISCOVERY	INFERRED_FROM_SOURCE	frontend/user-portal-vite/src/main.jsx	main.jsx	56	3891f7ace73028f3b1465412bcace830af65921693bd827740c99ded8304bfde	"visibility: { ar: ""ضمن الحوكمة"", en: ""Governed layer"" }"	Candidate evidence only; manual verification required.
EVD-2fcc57b8b8da	LAYER_DISCOVERY	INFERRED_FROM_SOURCE	frontend/user-portal-vite/src/main.jsx	main.jsx	60	3891f7ace73028f3b1465412bcace830af65921693bd827740c99ded8304bfde	"visibility: { ar: ""ضمن الحوكمة"", en: ""Governed layer"" }"	Candidate evidence only; manual verification required.
EVD-bcbc76f27531	LAYER_DISCOVERY	INFERRED_FROM_SOURCE	frontend/user-portal-vite/src/main.jsx	main.jsx	67	3891f7ace73028f3b1465412bcace830af65921693bd827740c99ded8304bfde	const CANONICAL_LAYER_LABELS = {	Candidate evidence only; manual verification required.
EVD-898401f62d02	LAYER_DISCOVERY	INFERRED_FROM_SOURCE	frontend/user-portal-vite/src/main.jsx	main.jsx	104	3891f7ace73028f3b1465412bcace830af65921693bd827740c99ded8304bfde	function canonicalLayerLabel(layer, lang) {	Candidate evidence only; manual verification required.
EVD-a844e03cd281	LAYER_DISCOVERY	INFERRED_FROM_SOURCE	frontend/user-portal-vite/src/main.jsx	main.jsx	105	3891f7ace73028f3b1465412bcace830af65921693bd827740c99ded8304bfde	const id = layer?.id;	Candidate evidence only; manual verification required.
EVD-f2dccaf42608	LAYER_DISCOVERY	INFERRED_FROM_SOURCE	frontend/user-portal-vite/src/main.jsx	main.jsx	106	3891f7ace73028f3b1465412bcace830af65921693bd827740c99ded8304bfde	"return CANONICAL_LAYER_LABELS[id]?.[lang] || layer?.canonical_name || id || ""—"";"	Candidate evidence only; manual verification required.
EVD-4026e2cfa2e3	LAYER_DISCOVERY	INFERRED_FROM_SOURCE	frontend/user-portal-vite/src/main.jsx	main.jsx	109	3891f7ace73028f3b1465412bcace830af65921693bd827740c99ded8304bfde	function canonicalAverageConfidence(layers) {	Candidate evidence only; manual verification required.
EVD-fb8f62e6fa94	LAYER_DISCOVERY	INFERRED_FROM_SOURCE	frontend/user-portal-vite/src/main.jsx	main.jsx	110	3891f7ace73028f3b1465412bcace830af65921693bd827740c99ded8304bfde	if (!Array.isArray(layers) || !layers.length) return 0;	Candidate evidence only; manual verification required.
EVD-141bd9615dca	LAYER_DISCOVERY	INFERRED_FROM_SOURCE	frontend/user-portal-vite/src/main.jsx	main.jsx	111	3891f7ace73028f3b1465412bcace830af65921693bd827740c99ded8304bfde	const values = layers.map((layer) => Number(layer?.confidence)).filter(Number.isFinite);	Candidate evidence only; manual verification required.
EVD-c5b9d7031524	LAYER_DISCOVERY	INFERRED_FROM_SOURCE	frontend/user-portal-vite/src/main.jsx	main.jsx	116	3891f7ace73028f3b1465412bcace830af65921693bd827740c99ded8304bfde	function canonicalReadinessPercent(layers) {	Candidate evidence only; manual verification required.
EVD-bf979dcd751d	LAYER_DISCOVERY	INFERRED_FROM_SOURCE	frontend/user-portal-vite/src/main.jsx	main.jsx	117	3891f7ace73028f3b1465412bcace830af65921693bd827740c99ded8304bfde	if (!Array.isArray(layers) || !layers.length) return 0;	Candidate evidence only; manual verification required.
EVD-ed5b11b45023	LAYER_DISCOVERY	INFERRED_FROM_SOURCE	frontend/user-portal-vite/src/main.jsx	main.jsx	118	3891f7ace73028f3b1465412bcace830af65921693bd827740c99ded8304bfde	const ready = layers.filter((layer) => {	Candidate evidence only; manual verification required.
EVD-da7b30b28a3d	LAYER_DISCOVERY	INFERRED_FROM_SOURCE	frontend/user-portal-vite/src/main.jsx	main.jsx	119	3891f7ace73028f3b1465412bcace830af65921693bd827740c99ded8304bfde	"const state = String(layer?.state || """").toUpperCase();"	Candidate evidence only; manual verification required.
EVD-b03e42c6156e	LAYER_DISCOVERY	INFERRED_FROM_SOURCE	frontend/user-portal-vite/src/main.jsx	main.jsx	120	3891f7ace73028f3b1465412bcace830af65921693bd827740c99ded8304bfde	"return !layer?.blocking && ![""NOT_EVALUATED"", ""INPUTS_INCOMPLETE"", ""BLOCKED""].includes(state);"	Candidate evidence only; manual verification required.
EVD-8bbd7106a6dd	LAYER_DISCOVERY	INFERRED_FROM_SOURCE	frontend/user-portal-vite/src/main.jsx	main.jsx	125	3891f7ace73028f3b1465412bcace830af65921693bd827740c99ded8304bfde	function canonicalLayerById(layers, id) {	Candidate evidence only; manual verification required.
EVD-cbe44209d120	LAYER_DISCOVERY	INFERRED_FROM_SOURCE	frontend/user-portal-vite/src/main.jsx	main.jsx	126	3891f7ace73028f3b1465412bcace830af65921693bd827740c99ded8304bfde	return (Array.isArray(layers) ? layers : []).find((layer) => layer?.id === id) || null;	Candidate evidence only; manual verification required.
EVD-7d42b6f432dd	LAYER_DISCOVERY	INFERRED_FROM_SOURCE	frontend/user-portal-vite/src/main.jsx	main.jsx	129	3891f7ace73028f3b1465412bcace830af65921693bd827740c99ded8304bfde	function canonicalLayerNarrative(layer, lang, fallback) {	Candidate evidence only; manual verification required.
EVD-696a05aaf7f0	LAYER_DISCOVERY	INFERRED_FROM_SOURCE	frontend/user-portal-vite/src/main.jsx	main.jsx	130	3891f7ace73028f3b1465412bcace830af65921693bd827740c99ded8304bfde	if (!layer) return fallback;	Candidate evidence only; manual verification required.
EVD-c41b7eca3fb4	LAYER_DISCOVERY	INFERRED_FROM_SOURCE	frontend/user-portal-vite/src/styles.css	styles.css	699	7a507ff48933510fdd368e2be0c151a31ba7941bc7ab67c744053682d8269c65	.layerOutput{	Candidate evidence only; manual verification required.
EVD-28e17011ee14	LAYER_DISCOVERY	INFERRED_FROM_SOURCE	frontend/user-portal-vite/src/styles.css	styles.css	704	7a507ff48933510fdd368e2be0c151a31ba7941bc7ab67c744053682d8269c65	.layerOutput summary{	Candidate evidence only; manual verification required.
EVD-4024c07731e7	LAYER_DISCOVERY	INFERRED_FROM_SOURCE	frontend/user-portal-vite/src/styles.css	styles.css	709	7a507ff48933510fdd368e2be0c151a31ba7941bc7ab67c744053682d8269c65	.layerReasons{	Candidate evidence only; manual verification required.
EVD-15d156eea10b	LAYER_DISCOVERY	INFERRED_FROM_SOURCE	frontend/user-portal-vite/src/styles.css	styles.css	716	7a507ff48933510fdd368e2be0c151a31ba7941bc7ab67c744053682d8269c65	.layerOutput pre{	Candidate evidence only; manual verification required.
EVD-bd167bd9f607	LAYER_DISCOVERY	INFERRED_FROM_SOURCE	frontend/user-portal-vite/src/styles.css	styles.css	784	7a507ff48933510fdd368e2be0c151a31ba7941bc7ab67c744053682d8269c65	.v37LayerHead{display:flex;justify-content:space-between;align-items:center;gap:12px;margin-top:16px}	Candidate evidence only; manual verification required.
EVD-d17f663021ab	LAYER_DISCOVERY	INFERRED_FROM_SOURCE	frontend/user-portal-vite/src/styles.css	styles.css	785	7a507ff48933510fdd368e2be0c151a31ba7941bc7ab67c744053682d8269c65	.v37LayerHead h3{margin:0}	Candidate evidence only; manual verification required.
EVD-7c286b9daa0a	LAYER_DISCOVERY	INFERRED_FROM_SOURCE	frontend/user-portal-vite/src/styles.css	styles.css	786	7a507ff48933510fdd368e2be0c151a31ba7941bc7ab67c744053682d8269c65	.v37LayerHead span{color:var(--gold2)}	Candidate evidence only; manual verification required.
EVD-32a8193dc651	LAYER_DISCOVERY	INFERRED_FROM_SOURCE	frontend/user-portal-vite/src/styles.css	styles.css	787	7a507ff48933510fdd368e2be0c151a31ba7941bc7ab67c744053682d8269c65	.v37LayerTableWrap{overflow:auto;border:1px solid var(--line);border-radius:14px;margin-top:10px}	Candidate evidence only; manual verification required.
EVD-d74224ded5ce	LAYER_DISCOVERY	INFERRED_FROM_SOURCE	frontend/user-portal-vite/src/styles.css	styles.css	788	7a507ff48933510fdd368e2be0c151a31ba7941bc7ab67c744053682d8269c65	.v37LayerTable{min-width:760px;margin:0}	Candidate evidence only; manual verification required.
EVD-cc5bda625728	LAYER_DISCOVERY	INFERRED_FROM_SOURCE	frontend/user-portal-vite/src/styles.css	styles.css	789	7a507ff48933510fdd368e2be0c151a31ba7941bc7ab67c744053682d8269c65	.v37LayerTable th,.v37LayerTable td{font-size:12px}	Candidate evidence only; manual verification required.
EVD-0e32160d1241	LAYER_DISCOVERY	DOCUMENTATION_ONLY	governance/NDSP_FINAL_GOVERNANCE_ALL_POLICIES_LOCKED.json	NDSP_FINAL_GOVERNANCE_ALL_POLICIES_LOCKED.json	9	c6f4ac60dc56a68aedbb2f6e3a99ceedf8c42bb5205d6d2a932169b4a9aea57b	"""ALL_LAYERS_PARTICIPATE"": true,"	Candidate evidence only; manual verification required.
EVD-4678a7f4e739	LAYER_DISCOVERY	DOCUMENTATION_ONLY	governance/NDSP_FINAL_GOVERNANCE_ALL_POLICIES_LOCKED.json	NDSP_FINAL_GOVERNANCE_ALL_POLICIES_LOCKED.json	10	c6f4ac60dc56a68aedbb2f6e3a99ceedf8c42bb5205d6d2a932169b4a9aea57b	"""NO_LAYER_DISABLED"": true,"	Candidate evidence only; manual verification required.
EVD-0cbf061eb149	LAYER_DISCOVERY	DOCUMENTATION_ONLY	governance/NDSP_FINAL_GOVERNANCE_ALL_POLICIES_LOCKED.json	NDSP_FINAL_GOVERNANCE_ALL_POLICIES_LOCKED.json	64	c6f4ac60dc56a68aedbb2f6e3a99ceedf8c42bb5205d6d2a932169b4a9aea57b	"""visible_named_layers"": [],"	Candidate evidence only; manual verification required.
EVD-8da7bb35cc80	LAYER_DISCOVERY	DOCUMENTATION_ONLY	governance/NDSP_FINAL_GOVERNANCE_ALL_POLICIES_LOCKED.json	NDSP_FINAL_GOVERNANCE_ALL_POLICIES_LOCKED.json	73	c6f4ac60dc56a68aedbb2f6e3a99ceedf8c42bb5205d6d2a932169b4a9aea57b	"""visible_named_layers"": ["	Candidate evidence only; manual verification required.
EVD-5797e3c25b0e	LAYER_DISCOVERY	DOCUMENTATION_ONLY	governance/NDSP_FINAL_GOVERNANCE_ALL_POLICIES_LOCKED.json	NDSP_FINAL_GOVERNANCE_ALL_POLICIES_LOCKED.json	89	c6f4ac60dc56a68aedbb2f6e3a99ceedf8c42bb5205d6d2a932169b4a9aea57b	"""visible_named_layers"": ["	Candidate evidence only; manual verification required.
EVD-decbe55f0514	LAYER_DISCOVERY	DOCUMENTATION_ONLY	governance/NDSP_FINAL_GOVERNANCE_ALL_POLICIES_LOCKED.json	NDSP_FINAL_GOVERNANCE_ALL_POLICIES_LOCKED.json	104	c6f4ac60dc56a68aedbb2f6e3a99ceedf8c42bb5205d6d2a932169b4a9aea57b	"""visible_named_layers"": ["	Candidate evidence only; manual verification required.
EVD-cec1748c6659	LAYER_DISCOVERY	DOCUMENTATION_ONLY	governance/NDSP_FINAL_GOVERNANCE_ALL_POLICIES_LOCKED.json	NDSP_FINAL_GOVERNANCE_ALL_POLICIES_LOCKED.json	117	c6f4ac60dc56a68aedbb2f6e3a99ceedf8c42bb5205d6d2a932169b4a9aea57b	"""layers"": {"	Candidate evidence only; manual verification required.
EVD-864a84822293	LAYER_DISCOVERY	DOCUMENTATION_ONLY	governance/NDSP_FINAL_GOVERNANCE_ALL_POLICIES_LOCKED.json	NDSP_FINAL_GOVERNANCE_ALL_POLICIES_LOCKED.json	118	c6f4ac60dc56a68aedbb2f6e3a99ceedf8c42bb5205d6d2a932169b4a9aea57b	"""total_internal_layers"": 16,"	Candidate evidence only; manual verification required.
EVD-cc1fee356a89	LAYER_DISCOVERY	DOCUMENTATION_ONLY	governance/NDSP_FINAL_GOVERNANCE_ALL_POLICIES_LOCKED.json	NDSP_FINAL_GOVERNANCE_ALL_POLICIES_LOCKED.json	119	c6f4ac60dc56a68aedbb2f6e3a99ceedf8c42bb5205d6d2a932169b4a9aea57b	"""visible_named_layers"": ["	Candidate evidence only; manual verification required.
EVD-b5f0d8faf1a6	LAYER_DISCOVERY	DOCUMENTATION_ONLY	governance/NDSP_FINAL_GOVERNANCE_ALL_POLICIES_LOCKED.json	NDSP_FINAL_GOVERNANCE_ALL_POLICIES_LOCKED.json	137	c6f4ac60dc56a68aedbb2f6e3a99ceedf8c42bb5205d6d2a932169b4a9aea57b	"""hidden_named_layers_count"": 12,"	Candidate evidence only; manual verification required.
EVD-1fd16eee6a71	LAYER_DISCOVERY	DOCUMENTATION_ONLY	governance/NDSP_FINAL_GOVERNANCE_ALL_POLICIES_LOCKED.md	NDSP_FINAL_GOVERNANCE_ALL_POLICIES_LOCKED.md	19	ede08ab6cc71b6053d8b2bc128eb800c424c3a54e28e23e29e42ce976cf84c40	- ALL_LAYERS_PARTICIPATE=True	Candidate evidence only; manual verification required.
EVD-36a4a00e1d0d	LAYER_DISCOVERY	DOCUMENTATION_ONLY	governance/NDSP_FINAL_GOVERNANCE_ALL_POLICIES_LOCKED.md	NDSP_FINAL_GOVERNANCE_ALL_POLICIES_LOCKED.md	20	ede08ab6cc71b6053d8b2bc128eb800c424c3a54e28e23e29e42ce976cf84c40	- NO_LAYER_DISABLED=True	Candidate evidence only; manual verification required.
EVD-dd4696908991	LAYER_DISCOVERY	DOCUMENTATION_ONLY	governance/NDSP_FINAL_GOVERNANCE_ALL_POLICIES_LOCKED.md	NDSP_FINAL_GOVERNANCE_ALL_POLICIES_LOCKED.md	150	ede08ab6cc71b6053d8b2bc128eb800c424c3a54e28e23e29e42ce976cf84c40	- Visible named layers: none	Candidate evidence only; manual verification required.
EVD-cf7f066e0320	LAYER_DISCOVERY	DOCUMENTATION_ONLY	governance/NDSP_FINAL_GOVERNANCE_ALL_POLICIES_LOCKED.md	NDSP_FINAL_GOVERNANCE_ALL_POLICIES_LOCKED.md	162	ede08ab6cc71b6053d8b2bc128eb800c424c3a54e28e23e29e42ce976cf84c40	- Visible named layers:	Candidate evidence only; manual verification required.
EVD-87f001a19260	LAYER_DISCOVERY	DOCUMENTATION_ONLY	governance/NDSP_FINAL_GOVERNANCE_ALL_POLICIES_LOCKED.md	NDSP_FINAL_GOVERNANCE_ALL_POLICIES_LOCKED.md	176	ede08ab6cc71b6053d8b2bc128eb800c424c3a54e28e23e29e42ce976cf84c40	- Visible named layers:	Candidate evidence only; manual verification required.
EVD-9f27e72abe00	LAYER_DISCOVERY	DOCUMENTATION_ONLY	governance/NDSP_FINAL_GOVERNANCE_ALL_POLICIES_LOCKED.md	NDSP_FINAL_GOVERNANCE_ALL_POLICIES_LOCKED.md	191	ede08ab6cc71b6053d8b2bc128eb800c424c3a54e28e23e29e42ce976cf84c40	- Visible named layers:	Candidate evidence only; manual verification required.
EVD-6cbca328ea69	LAYER_DISCOVERY	DOCUMENTATION_ONLY	governance/NDSP_FINAL_GOVERNANCE_ALL_POLICIES_LOCKED.md	NDSP_FINAL_GOVERNANCE_ALL_POLICIES_LOCKED.md	205	ede08ab6cc71b6053d8b2bc128eb800c424c3a54e28e23e29e42ce976cf84c40	## 6) Layer Name Masking	Candidate evidence only; manual verification required.
EVD-9459e8b09ae9	LAYER_DISCOVERY	DOCUMENTATION_ONLY	governance/NDSP_FINAL_GOVERNANCE_ALL_POLICIES_LOCKED.md	NDSP_FINAL_GOVERNANCE_ALL_POLICIES_LOCKED.md	207	ede08ab6cc71b6053d8b2bc128eb800c424c3a54e28e23e29e42ce976cf84c40	Total internal layers: 16	Candidate evidence only; manual verification required.
EVD-a91e7bd9f492	LAYER_DISCOVERY	DOCUMENTATION_ONLY	governance/NDSP_FINAL_GOVERNANCE_ALL_POLICIES_LOCKED.md	NDSP_FINAL_GOVERNANCE_ALL_POLICIES_LOCKED.md	208	ede08ab6cc71b6053d8b2bc128eb800c424c3a54e28e23e29e42ce976cf84c40	Visible named layers: 4	Candidate evidence only; manual verification required.
EVD-674739af17f0	LAYER_DISCOVERY	DOCUMENTATION_ONLY	governance/NDSP_FINAL_GOVERNANCE_ALL_POLICIES_LOCKED.md	NDSP_FINAL_GOVERNANCE_ALL_POLICIES_LOCKED.md	209	ede08ab6cc71b6053d8b2bc128eb800c424c3a54e28e23e29e42ce976cf84c40	Hidden named layers: 12	Candidate evidence only; manual verification required.
EVD-fd0d1cd9676f	LAYER_DISCOVERY	DOCUMENTATION_ONLY	governance/NDSP_FINAL_GOVERNANCE_ALL_POLICIES_LOCKED.md	NDSP_FINAL_GOVERNANCE_ALL_POLICIES_LOCKED.md	218	ede08ab6cc71b6053d8b2bc128eb800c424c3a54e28e23e29e42ce976cf84c40	The other 12 layer names are always hidden.	Candidate evidence only; manual verification required.
EVD-edc0548771ff	LAYER_DISCOVERY	DOCUMENTATION_ONLY	governance/NDSP_FINAL_GOVERNANCE_ALL_POLICIES_LOCKED.md	NDSP_FINAL_GOVERNANCE_ALL_POLICIES_LOCKED.md	220	ede08ab6cc71b6053d8b2bc128eb800c424c3a54e28e23e29e42ce976cf84c40	Hidden layers may participate in outputs, but must not expose:	Candidate evidence only; manual verification required.
EVD-e861c2941e00	LAYER_DISCOVERY	DOCUMENTATION_ONLY	governance/NDSP_FINAL_GOVERNANCE_ALL_POLICIES_LOCKED.md	NDSP_FINAL_GOVERNANCE_ALL_POLICIES_LOCKED.md	259	ede08ab6cc71b6053d8b2bc128eb800c424c3a54e28e23e29e42ce976cf84c40	TDL is one of the four approved visible named layers.	Candidate evidence only; manual verification required.
EVD-b12f6f4df2b6	LAYER_DISCOVERY	DOCUMENTATION_ONLY	governance/NDSP_FINAL_GOVERNANCE_ALL_POLICIES_LOCKED.md	NDSP_FINAL_GOVERNANCE_ALL_POLICIES_LOCKED.md	405	ede08ab6cc71b6053d8b2bc128eb800c424c3a54e28e23e29e42ce976cf84c40	- hidden layer mapping	Candidate evidence only; manual verification required.
EVD-bfad69f302c1	LAYER_DISCOVERY	DOCUMENTATION_ONLY	governance/NDSP_FINAL_GOVERNANCE_ALL_POLICIES_LOCKED.md	NDSP_FINAL_GOVERNANCE_ALL_POLICIES_LOCKED.md	588	ede08ab6cc71b6053d8b2bc128eb800c424c3a54e28e23e29e42ce976cf84c40	- Layer output processors	Candidate evidence only; manual verification required.
EVD-81fafbd7b5b7	LAYER_DISCOVERY	DOCUMENTATION_ONLY	governance/NDSP_FINAL_GOVERNANCE_ALL_POLICIES_LOCKED.md	NDSP_FINAL_GOVERNANCE_ALL_POLICIES_LOCKED.md	656	ede08ab6cc71b6053d8b2bc128eb800c424c3a54e28e23e29e42ce976cf84c40	- layer governance status	Candidate evidence only; manual verification required.
EVD-ece0dfa76c17	LAYER_DISCOVERY	DOCUMENTATION_ONLY	governance/NDSP_FINAL_GOVERNANCE_ALL_POLICIES_LOCKED.md	NDSP_FINAL_GOVERNANCE_ALL_POLICIES_LOCKED.md	677	ede08ab6cc71b6053d8b2bc128eb800c424c3a54e28e23e29e42ce976cf84c40	- hidden layer internals	Candidate evidence only; manual verification required.
EVD-08bc34a23956	LAYER_DISCOVERY	DOCUMENTATION_ONLY	governance/NDSP_FINAL_GOVERNANCE_ALL_POLICIES_LOCKED.md	NDSP_FINAL_GOVERNANCE_ALL_POLICIES_LOCKED.md	773	ede08ab6cc71b6053d8b2bc128eb800c424c3a54e28e23e29e42ce976cf84c40	- hidden layer name enforcement	Candidate evidence only; manual verification required.
EVD-762b07f11e9a	LAYER_DISCOVERY	DOCUMENTATION_ONLY	governance/NDSP_FINAL_GOVERNANCE_ALL_POLICIES_LOCKED.md	NDSP_FINAL_GOVERNANCE_ALL_POLICIES_LOCKED.md	873	ede08ab6cc71b6053d8b2bc128eb800c424c3a54e28e23e29e42ce976cf84c40	- layer weights	Candidate evidence only; manual verification required.
EVD-5f0db33e2eec	LAYER_DISCOVERY	DOCUMENTATION_ONLY	governance/NDSP_FINAL_GOVERNANCE_ALL_POLICIES_LOCKED.md	NDSP_FINAL_GOVERNANCE_ALL_POLICIES_LOCKED.md	878	ede08ab6cc71b6053d8b2bc128eb800c424c3a54e28e23e29e42ce976cf84c40	- hidden layer names	Candidate evidence only; manual verification required.
EVD-c878d559ee5b	LAYER_DISCOVERY	DOCUMENTATION_ONLY	governance/NDSP_FINAL_GOVERNANCE_EXCLUSIONS_AND_ADOPTIONS.md	NDSP_FINAL_GOVERNANCE_EXCLUSIONS_AND_ADOPTIONS.md	70	54c41c2ae34bf35bba1f43bfe68fd7b2ed6a6018b582bb01e2851025ec862758	- 16 internal layers	Candidate evidence only; manual verification required.
EVD-d9487b331738	LAYER_DISCOVERY	DOCUMENTATION_ONLY	governance/NDSP_FINAL_GOVERNANCE_EXCLUSIONS_AND_ADOPTIONS.md	NDSP_FINAL_GOVERNANCE_EXCLUSIONS_AND_ADOPTIONS.md	71	54c41c2ae34bf35bba1f43bfe68fd7b2ed6a6018b582bb01e2851025ec862758	- 4 approved visible named layers	Candidate evidence only; manual verification required.
EVD-5ad552f5d38c	LAYER_DISCOVERY	DOCUMENTATION_ONLY	governance/NDSP_FINAL_GOVERNANCE_EXCLUSIONS_AND_ADOPTIONS.md	NDSP_FINAL_GOVERNANCE_EXCLUSIONS_AND_ADOPTIONS.md	72	54c41c2ae34bf35bba1f43bfe68fd7b2ed6a6018b582bb01e2851025ec862758	- 12 hidden layer names	Candidate evidence only; manual verification required.
EVD-3cd968bb0514	LAYER_DISCOVERY	DOCUMENTATION_ONLY	governance/canonical-v1/NDSP_CANONICAL_GOVERNANCE_V1_AR.md	NDSP_CANONICAL_GOVERNANCE_V1_AR.md	28	bf02709b58a0905b05f7507163e64bc511df41434f5511d96c3410db98c5181f	- الـ16 طبقة هي قلب القرار؛ ليست 16 microservices إلزامية.	Candidate evidence only; manual verification required.
EVD-fa10ed7246ce	LAYER_DISCOVERY	DOCUMENTATION_ONLY	governance/canonical-v1/NDSP_GAPS_MASTER_REPORT_V1_AR.md	NDSP_GAPS_MASTER_REPORT_V1_AR.md	191	682cd05db0651b5c616a879e59a4ecfca91bdb6d94c4931347a973a2a3d5ace4	- أسماء طبقات داخلية غير مسموح بها.	Candidate evidence only; manual verification required.
EVD-993f4116822f	LAYER_DISCOVERY	DOCUMENTATION_ONLY	governance/canonical-v1/NDSP_GAPS_MASTER_REPORT_V1_AR.md	NDSP_GAPS_MASTER_REPORT_V1_AR.md	368	682cd05db0651b5c616a879e59a4ecfca91bdb6d94c4931347a973a2a3d5ace4	## 16. P1-05: محرك التعارض بين الطبقات	Candidate evidence only; manual verification required.
EVD-15951df52076	LAYER_DISCOVERY	DOCUMENTATION_ONLY	governance/canonical-v1/NDSP_GAPS_MASTER_REPORT_V1_AR.md	NDSP_GAPS_MASTER_REPORT_V1_AR.md	378	682cd05db0651b5c616a879e59a4ecfca91bdb6d94c4931347a973a2a3d5ace4	- عدم إعادة حساب الطبقات.	Candidate evidence only; manual verification required.
EVD-9b3c6d6457f0	LAYER_DISCOVERY	DOCUMENTATION_ONLY	governance/canonical-v1/NDSP_GAPS_MASTER_REPORT_V1_AR.md	NDSP_GAPS_MASTER_REPORT_V1_AR.md	638	682cd05db0651b5c616a879e59a4ecfca91bdb6d94c4931347a973a2a3d5ace4	## 33. P0-14: قفل المصدر للطبقات الـ16 غير مكتمل	Candidate evidence only; manual verification required.
EVD-9a9dc0d41fee	LAYER_DISCOVERY	DOCUMENTATION_ONLY	governance/canonical-v1/NDSP_GAPS_MASTER_REPORT_V1_AR.md	NDSP_GAPS_MASTER_REPORT_V1_AR.md	640	682cd05db0651b5c616a879e59a4ecfca91bdb6d94c4931347a973a2a3d5ace4	لكل طبقة يجب ملء:	Candidate evidence only; manual verification required.
EVD-fb4f864682b1	LAYER_DISCOVERY	DOCUMENTATION_ONLY	governance/canonical-v1/NDSP_GAPS_MASTER_REPORT_V1_AR.md	NDSP_GAPS_MASTER_REPORT_V1_AR.md	659	682cd05db0651b5c616a879e59a4ecfca91bdb6d94c4931347a973a2a3d5ace4	المسار الذي تم تثبيته جيدًا حتى الآن هو `quality-live`، وليس كل الطبقات.	Candidate evidence only; manual verification required.
EVD-b31027efe2ae	LAYER_DISCOVERY	DOCUMENTATION_ONLY	governance/canonical-v1/NDSP_GAPS_REGISTER_V1.json	NDSP_GAPS_REGISTER_V1.json	172	8adec2fd81f979b14f4e7a88a72fa206bfd2e9df2297f198175d1cb9279e9277	"""title"": ""قفل المصدر للطبقات 16 غير مكتمل"","	Candidate evidence only; manual verification required.
EVD-697213abd717	LAYER_DISCOVERY	DOCUMENTATION_ONLY	governance/canonical-v1/NDSP_GAPS_REGISTER_V1.json	NDSP_GAPS_REGISTER_V1.json	176	8adec2fd81f979b14f4e7a88a72fa206bfd2e9df2297f198175d1cb9279e9277	"""source/service/contracts/tests/commit per layer"""	Candidate evidence only; manual verification required.
EVD-8182f525e39d	LAYER_DISCOVERY	DOCUMENTATION_ONLY	governance/supersession/NDSP_GOVERNANCE_SUPERSESSION_V1_1.json	NDSP_GOVERNANCE_SUPERSESSION_V1_1.json	14	1c554808d1fbd296f5b29a95a7aa5f270cba560dd956bcac0891be07b0c3369f	"""path"": ""docs/02-architecture/core/NDSP_16_LAYER_CORE_AND_FUTURE_INTEGRATION_BLUEPRINT_AR.md"","	Candidate evidence only; manual verification required.
EVD-34ddf3df389c	LAYER_DISCOVERY	DOCUMENTATION_ONLY	governance/supersession/NDSP_GOVERNANCE_SUPERSESSION_V1_1.json	NDSP_GOVERNANCE_SUPERSESSION_V1_1.json	18	1c554808d1fbd296f5b29a95a7aa5f270cba560dd956bcac0891be07b0c3369f	"""path"": ""docs/02-architecture/core/NDSP_16_LAYER_CORE_AND_FUTURE_INTEGRATION_BLUEPRINT_EN.md"","	Candidate evidence only; manual verification required.
EVD-6485460368dd	LAYER_DISCOVERY	DOCUMENTATION_ONLY	governance/supersession/NDSP_GOVERNANCE_SUPERSESSION_V1_1.json	NDSP_GOVERNANCE_SUPERSESSION_V1_1.json	22	1c554808d1fbd296f5b29a95a7aa5f270cba560dd956bcac0891be07b0c3369f	"""path"": ""docs/03-contracts/NDSP_16_LAYER_CORE_REGISTRY_V1.json"","	Candidate evidence only; manual verification required.
EVD-0b9ce1dd0554	LAYER_DISCOVERY	DOCUMENTATION_ONLY	governance/supersession/NDSP_GOVERNANCE_SUPERSESSION_V1_1.json	NDSP_GOVERNANCE_SUPERSESSION_V1_1.json	26	1c554808d1fbd296f5b29a95a7aa5f270cba560dd956bcac0891be07b0c3369f	"""path"": ""NDSP_16_LAYER_CORE_INTEGRATION_PIN.md"","	Candidate evidence only; manual verification required.
EVD-af5ba18958d1	LAYER_DISCOVERY	INFERRED_FROM_SOURCE	hud/ndsp-hud-theme.js	ndsp-hud-theme.js	8	6f98b256a1e8662315d26a844b7915bee6b898ead4fa6067d799337647f3b776	"s.innerHTML='<div class=""in""><span class=""it""><span class=""dot""></span>'+(isAR?""الشبكة متصلة"":""GRID ONLINE"")+'</span><span class=""sep"">/</span><span class=""it"">'+(isAR?""الطبقات 16/16"":""LAYERS 16/16"")+'</span><span class=""sep hide-m"">/</span><span class=""it hide-m"">'+(isAR?""مخرجات محكومة"":""GOVERNED OUTPUT"")+'</span><span class=""it clock"" id=""ndspHudClock""></span></div>';"	Candidate evidence only; manual verification required.
EVD-ceacca9123a5	LAYER_DISCOVERY	INFERRED_FROM_SOURCE	hud/ndsp-hud-theme.js	ndsp-hud-theme.js	14	6f98b256a1e8662315d26a844b7915bee6b898ead4fa6067d799337647f3b776	"var ns=document.querySelectorAll("".pkg,.seat-card,.prop,.card,.panel,.layer,.step,.opt,[data-hud]"");"	Candidate evidence only; manual verification required.
EVD-d9a1f02af549	LAYER_DISCOVERY	DOCUMENTATION_ONLY	ndsp_governance/NDSP_CURRENT_ADOPTIONS_MASTER.md	NDSP_CURRENT_ADOPTIONS_MASTER.md	3	97ed5fecaba8a53907a33718b7b8515f9a929fe727591c4480b5b9842957e298	<!-- NDSP_LAYER_NAME_MASKING_POLICY_BEGIN -->	Candidate evidence only; manual verification required.
EVD-42c9e838221e	LAYER_DISCOVERY	DOCUMENTATION_ONLY	ndsp_governance/NDSP_CURRENT_ADOPTIONS_MASTER.md	NDSP_CURRENT_ADOPTIONS_MASTER.md	4	97ed5fecaba8a53907a33718b7b8515f9a929fe727591c4480b5b9842957e298	## NDSP Layer Name Masking Policy — Active	Candidate evidence only; manual verification required.
EVD-f6d6ff516b9d	LAYER_DISCOVERY	DOCUMENTATION_ONLY	ndsp_governance/NDSP_CURRENT_ADOPTIONS_MASTER.md	NDSP_CURRENT_ADOPTIONS_MASTER.md	6	97ed5fecaba8a53907a33718b7b8515f9a929fe727591c4480b5b9842957e298	This policy supersedes any previous rule that exposed or referenced hidden layer identities.	Candidate evidence only; manual verification required.
EVD-6d87570e96e8	LAYER_DISCOVERY	DOCUMENTATION_ONLY	ndsp_governance/NDSP_CURRENT_ADOPTIONS_MASTER.md	NDSP_CURRENT_ADOPTIONS_MASTER.md	8	97ed5fecaba8a53907a33718b7b8515f9a929fe727591c4480b5b9842957e298	- Total internal layers: 16	Candidate evidence only; manual verification required.
EVD-05b8b4a3cb0a	LAYER_DISCOVERY	DOCUMENTATION_ONLY	ndsp_governance/NDSP_CURRENT_ADOPTIONS_MASTER.md	NDSP_CURRENT_ADOPTIONS_MASTER.md	9	97ed5fecaba8a53907a33718b7b8515f9a929fe727591c4480b5b9842957e298	- Visible named layers: 4	Candidate evidence only; manual verification required.
EVD-1756f5598bb9	LAYER_DISCOVERY	DOCUMENTATION_ONLY	ndsp_governance/NDSP_CURRENT_ADOPTIONS_MASTER.md	NDSP_CURRENT_ADOPTIONS_MASTER.md	10	97ed5fecaba8a53907a33718b7b8515f9a929fe727591c4480b5b9842957e298	- Hidden named layers: 12	Candidate evidence only; manual verification required.
EVD-0fb7bdafa4f5	LAYER_DISCOVERY	DOCUMENTATION_ONLY	ndsp_governance/NDSP_CURRENT_ADOPTIONS_MASTER.md	NDSP_CURRENT_ADOPTIONS_MASTER.md	12	97ed5fecaba8a53907a33718b7b8515f9a929fe727591c4480b5b9842957e298	Visible named layers only:	Candidate evidence only; manual verification required.
EVD-281edba73c45	LAYER_DISCOVERY	DOCUMENTATION_ONLY	ndsp_governance/NDSP_CURRENT_ADOPTIONS_MASTER.md	NDSP_CURRENT_ADOPTIONS_MASTER.md	19	97ed5fecaba8a53907a33718b7b8515f9a929fe727591c4480b5b9842957e298	- Hide the names and internal identities of the other 12 layers.	Candidate evidence only; manual verification required.
EVD-4013977e4340	LAYER_DISCOVERY	DOCUMENTATION_ONLY	ndsp_governance/NDSP_CURRENT_ADOPTIONS_MASTER.md	NDSP_CURRENT_ADOPTIONS_MASTER.md	27	97ed5fecaba8a53907a33718b7b8515f9a929fe727591c4480b5b9842957e298	<!-- NDSP_LAYER_NAME_MASKING_POLICY_END -->	Candidate evidence only; manual verification required.
EVD-33a194898193	LAYER_DISCOVERY	DOCUMENTATION_ONLY	ndsp_governance/NDSP_CURRENT_ADOPTIONS_MASTER.md	NDSP_CURRENT_ADOPTIONS_MASTER.md	41	97ed5fecaba8a53907a33718b7b8515f9a929fe727591c4480b5b9842957e298	- Free: 1 market, 2 assets, 1 daily analysis, no visible named layers.	Candidate evidence only; manual verification required.
EVD-2b5352b7b51b	LAYER_DISCOVERY	DOCUMENTATION_ONLY	ndsp_governance/NDSP_CURRENT_ADOPTIONS_MASTER.md	NDSP_CURRENT_ADOPTIONS_MASTER.md	43	97ed5fecaba8a53907a33718b7b8515f9a929fe727591c4480b5b9842957e298	- Elite: all markets, 100 assets, 250 daily analyses, all four approved named layers visible.	Candidate evidence only; manual verification required.
EVD-ae120bef38f6	LAYER_DISCOVERY	DOCUMENTATION_ONLY	ndsp_governance/NDSP_CURRENT_ADOPTIONS_MASTER.md	NDSP_CURRENT_ADOPTIONS_MASTER.md	46	97ed5fecaba8a53907a33718b7b8515f9a929fe727591c4480b5b9842957e298	Layer-name visibility:	Candidate evidence only; manual verification required.
EVD-b4e029b0184e	LAYER_DISCOVERY	DOCUMENTATION_ONLY	ndsp_governance/NDSP_CURRENT_ADOPTIONS_MASTER.md	NDSP_CURRENT_ADOPTIONS_MASTER.md	47	97ed5fecaba8a53907a33718b7b8515f9a929fe727591c4480b5b9842957e298	- 12 internal layer names remain hidden in all packages.	Candidate evidence only; manual verification required.
EVD-a318dfc8b88d	LAYER_DISCOVERY	DOCUMENTATION_ONLY	ndsp_governance/NDSP_CURRENT_ADOPTIONS_MASTER.md	NDSP_CURRENT_ADOPTIONS_MASTER.md	48	97ed5fecaba8a53907a33718b7b8515f9a929fe727591c4480b5b9842957e298	- The four approved named layers appear by package:	Candidate evidence only; manual verification required.
EVD-1650d032657e	LAYER_DISCOVERY	DOCUMENTATION_ONLY	ndsp_governance/NDSP_CURRENT_ADOPTIONS_MASTER.md	NDSP_CURRENT_ADOPTIONS_MASTER.md	55	97ed5fecaba8a53907a33718b7b8515f9a929fe727591c4480b5b9842957e298	Decision outputs remain valuable and rich, but raw logic, weights, formulas, internal scoring, source logic, and hidden layer names must never be exposed.	Candidate evidence only; manual verification required.
EVD-79adbcf2ab5b	LAYER_DISCOVERY	INFERRED_FROM_SOURCE	ndsp_governance/NDSP_LAYER_NAME_MASKING_POLICY.json	NDSP_LAYER_NAME_MASKING_POLICY.json	2	9a9d322428586ebb096267cedb89de029e76115c94aefdc3c53652e3d5b022f1	"""policy"": ""NDSP_LAYER_NAME_MASKING_POLICY"","	Candidate evidence only; manual verification required.
EVD-95ef4727edcd	LAYER_DISCOVERY	INFERRED_FROM_SOURCE	ndsp_governance/NDSP_LAYER_NAME_MASKING_POLICY.json	NDSP_LAYER_NAME_MASKING_POLICY.json	4	9a9d322428586ebb096267cedb89de029e76115c94aefdc3c53652e3d5b022f1	"""replaced_by"": ""NDSP_LAYER_VISIBILITY_OWNER_INTERNAL_POLICY"","	Candidate evidence only; manual verification required.
EVD-9d40f9bd2c91	LAYER_DISCOVERY	INFERRED_FROM_SOURCE	ndsp_governance/NDSP_LAYER_NAME_MASKING_POLICY.json	NDSP_LAYER_NAME_MASKING_POLICY.json	6	9a9d322428586ebb096267cedb89de029e76115c94aefdc3c53652e3d5b022f1	"""layers_folder_masking_cancelled"": true,"	Candidate evidence only; manual verification required.
EVD-436b2a8d937a	LAYER_DISCOVERY	DOCUMENTATION_ONLY	ndsp_governance/NDSP_LAYER_NAME_MASKING_POLICY.md	NDSP_LAYER_NAME_MASKING_POLICY.md	1	645d389d704e37cc8da86f1f43d263a96236065aa018086c4a5f67924ee55b84	# NDSP Layer Name Masking Policy	Candidate evidence only; manual verification required.
EVD-57cc635bdd6b	LAYER_DISCOVERY	DOCUMENTATION_ONLY	ndsp_governance/NDSP_LAYER_NAME_MASKING_POLICY.md	NDSP_LAYER_NAME_MASKING_POLICY.md	9	645d389d704e37cc8da86f1f43d263a96236065aa018086c4a5f67924ee55b84	`NDSP_LAYER_VISIBILITY_OWNER_INTERNAL_POLICY`	Candidate evidence only; manual verification required.
EVD-3d951785ca0b	LAYER_DISCOVERY	DOCUMENTATION_ONLY	ndsp_governance/NDSP_LAYER_NAME_MASKING_POLICY.md	NDSP_LAYER_NAME_MASKING_POLICY.md	13	645d389d704e37cc8da86f1f43d263a96236065aa018086c4a5f67924ee55b84	- Backend: layer names are visible.	Candidate evidence only; manual verification required.
EVD-871cc4a4d3bd	LAYER_DISCOVERY	DOCUMENTATION_ONLY	ndsp_governance/NDSP_LAYER_NAME_MASKING_POLICY.md	NDSP_LAYER_NAME_MASKING_POLICY.md	14	645d389d704e37cc8da86f1f43d263a96236065aa018086c4a5f67924ee55b84	- Layer folders: layer names are visible.	Candidate evidence only; manual verification required.
EVD-83a4f4c68cd5	LAYER_DISCOVERY	DOCUMENTATION_ONLY	ndsp_governance/NDSP_LAYER_NAME_MASKING_POLICY.md	NDSP_LAYER_NAME_MASKING_POLICY.md	15	645d389d704e37cc8da86f1f43d263a96236065aa018086c4a5f67924ee55b84	- Owner/admin audit: layer names are visible.	Candidate evidence only; manual verification required.
EVD-12e0bb608a8a	LAYER_DISCOVERY	DOCUMENTATION_ONLY	ndsp_governance/NDSP_LAYER_NAME_MASKING_POLICY.md	NDSP_LAYER_NAME_MASKING_POLICY.md	16	645d389d704e37cc8da86f1f43d263a96236065aa018086c4a5f67924ee55b84	- Public UI: internal layer names remain masked unless explicitly approved.	Candidate evidence only; manual verification required.
EVD-0a2072bf09c2	LAYER_DISCOVERY	INFERRED_FROM_SOURCE	ndsp_governance/NDSP_SAAS_PACKAGES_POLICY.json	NDSP_SAAS_PACKAGES_POLICY.json	10	347c74908f68087a46f88b8a23e5c6cd8fac4b3348a4f1f9daabb9c907de592a	"""visible_named_layers"": [],"	Candidate evidence only; manual verification required.
EVD-59b9c53ad4b3	LAYER_DISCOVERY	INFERRED_FROM_SOURCE	ndsp_governance/NDSP_SAAS_PACKAGES_POLICY.json	NDSP_SAAS_PACKAGES_POLICY.json	11	347c74908f68087a46f88b8a23e5c6cd8fac4b3348a4f1f9daabb9c907de592a	"""hidden_named_layers_count"": 16,"	Candidate evidence only; manual verification required.
EVD-68654101a1d0	LAYER_DISCOVERY	INFERRED_FROM_SOURCE	ndsp_governance/NDSP_SAAS_PACKAGES_POLICY.json	NDSP_SAAS_PACKAGES_POLICY.json	23	347c74908f68087a46f88b8a23e5c6cd8fac4b3348a4f1f9daabb9c907de592a	"""visible_named_layers"": [""TDL"", ""NMP""],"	Candidate evidence only; manual verification required.
EVD-6e4fd21a1a51	LAYER_DISCOVERY	INFERRED_FROM_SOURCE	ndsp_governance/NDSP_SAAS_PACKAGES_POLICY.json	NDSP_SAAS_PACKAGES_POLICY.json	36	347c74908f68087a46f88b8a23e5c6cd8fac4b3348a4f1f9daabb9c907de592a	"""visible_named_layers"": [""TDL"", ""NMP"", ""Devil's Advocate"", ""Nawaf Golden Alignment""],"	Candidate evidence only; manual verification required.
EVD-85c6ab5ec037	LAYER_DISCOVERY	INFERRED_FROM_SOURCE	ndsp_governance/NDSP_SAAS_PACKAGES_POLICY.json	NDSP_SAAS_PACKAGES_POLICY.json	51	347c74908f68087a46f88b8a23e5c6cd8fac4b3348a4f1f9daabb9c907de592a	"""visible_named_layers"": [""TDL"", ""NMP"", ""Devil's Advocate"", ""Nawaf Golden Alignment""],"	Candidate evidence only; manual verification required.
EVD-7e70415fd0b5	LAYER_DISCOVERY	INFERRED_FROM_SOURCE	ndsp_governance/NDSP_SAAS_PACKAGES_POLICY.json	NDSP_SAAS_PACKAGES_POLICY.json	62	347c74908f68087a46f88b8a23e5c6cd8fac4b3348a4f1f9daabb9c907de592a	"""hidden_internal_layer_names_always_hidden"": true,"	Candidate evidence only; manual verification required.
EVD-2ceddda7d9c5	LAYER_DISCOVERY	INFERRED_FROM_SOURCE	ndsp_governance/NDSP_SAAS_PACKAGES_POLICY.json	NDSP_SAAS_PACKAGES_POLICY.json	63	347c74908f68087a46f88b8a23e5c6cd8fac4b3348a4f1f9daabb9c907de592a	"""hidden_layer_outputs_allowed"": true,"	Candidate evidence only; manual verification required.
EVD-e529154473b0	LAYER_DISCOVERY	DOCUMENTATION_ONLY	ndsp_governance/NDSP_SAAS_PACKAGES_POLICY.md	NDSP_SAAS_PACKAGES_POLICY.md	25	dd86f8dda8833132ca2199743e74e770eab7dadfe137c9ed561d6a9152ffc7c6	- Visible named layers: none	Candidate evidence only; manual verification required.
EVD-7e49245839b2	LAYER_DISCOVERY	DOCUMENTATION_ONLY	ndsp_governance/NDSP_SAAS_PACKAGES_POLICY.md	NDSP_SAAS_PACKAGES_POLICY.md	40	dd86f8dda8833132ca2199743e74e770eab7dadfe137c9ed561d6a9152ffc7c6	- Visible named layers:	Candidate evidence only; manual verification required.
EVD-ad74ce3142ec	LAYER_DISCOVERY	DOCUMENTATION_ONLY	ndsp_governance/NDSP_SAAS_PACKAGES_POLICY.md	NDSP_SAAS_PACKAGES_POLICY.md	60	dd86f8dda8833132ca2199743e74e770eab7dadfe137c9ed561d6a9152ffc7c6	- Visible named layers:	Candidate evidence only; manual verification required.
EVD-ffe20ac3e00b	LAYER_DISCOVERY	DOCUMENTATION_ONLY	ndsp_governance/NDSP_SAAS_PACKAGES_POLICY.md	NDSP_SAAS_PACKAGES_POLICY.md	79	dd86f8dda8833132ca2199743e74e770eab7dadfe137c9ed561d6a9152ffc7c6	- Visible named layers:	Candidate evidence only; manual verification required.
EVD-c29157debce8	LAYER_DISCOVERY	DOCUMENTATION_ONLY	ndsp_governance/NDSP_SAAS_PACKAGES_POLICY.md	NDSP_SAAS_PACKAGES_POLICY.md	91	dd86f8dda8833132ca2199743e74e770eab7dadfe137c9ed561d6a9152ffc7c6	## Layer Visibility Rule	Candidate evidence only; manual verification required.
EVD-dc9bbcb05652	LAYER_DISCOVERY	DOCUMENTATION_ONLY	ndsp_governance/NDSP_SAAS_PACKAGES_POLICY.md	NDSP_SAAS_PACKAGES_POLICY.md	93	dd86f8dda8833132ca2199743e74e770eab7dadfe137c9ed561d6a9152ffc7c6	The 12 hidden internal layer names remain hidden in every package.	Candidate evidence only; manual verification required.
EVD-513a10f77dc5	LAYER_DISCOVERY	DOCUMENTATION_ONLY	ndsp_governance/NDSP_SAAS_PACKAGES_POLICY.md	NDSP_SAAS_PACKAGES_POLICY.md	95	dd86f8dda8833132ca2199743e74e770eab7dadfe137c9ed561d6a9152ffc7c6	The four approved named layers appear depending on package:	Candidate evidence only; manual verification required.
EVD-c214d7a30583	LAYER_DISCOVERY	DOCUMENTATION_ONLY	ndsp_governance/NDSP_SAAS_PACKAGES_POLICY.md	NDSP_SAAS_PACKAGES_POLICY.md	114	dd86f8dda8833132ca2199743e74e770eab7dadfe137c9ed561d6a9152ffc7c6	Elite unlocks the full named-layer experience for serious individuals.	Candidate evidence only; manual verification required.
EVD-04da9ba2f162	LAYER_DISCOVERY	DOCUMENTATION_ONLY	ndsp_governance/NDSP_SAAS_PACKAGES_POLICY.md	NDSP_SAAS_PACKAGES_POLICY.md	129	dd86f8dda8833132ca2199743e74e770eab7dadfe137c9ed561d6a9152ffc7c6	- Free: 1 market, 2 assets, 1 daily analysis, no visible named layers.	Candidate evidence only; manual verification required.
EVD-14d8610a5b21	LAYER_DISCOVERY	DOCUMENTATION_ONLY	ndsp_governance/NDSP_SAAS_PACKAGES_POLICY.md	NDSP_SAAS_PACKAGES_POLICY.md	131	dd86f8dda8833132ca2199743e74e770eab7dadfe137c9ed561d6a9152ffc7c6	- Elite: all markets, 100 assets, 250 daily analyses, all four approved named layers visible.	Candidate evidence only; manual verification required.
EVD-1a007bf7180a	LAYER_DISCOVERY	DOCUMENTATION_ONLY	ndsp_governance/NDSP_SAAS_PACKAGES_POLICY.md	NDSP_SAAS_PACKAGES_POLICY.md	134	dd86f8dda8833132ca2199743e74e770eab7dadfe137c9ed561d6a9152ffc7c6	Layer-name visibility:	Candidate evidence only; manual verification required.
EVD-7f32618e7db0	LAYER_DISCOVERY	DOCUMENTATION_ONLY	ndsp_governance/NDSP_SAAS_PACKAGES_POLICY.md	NDSP_SAAS_PACKAGES_POLICY.md	135	dd86f8dda8833132ca2199743e74e770eab7dadfe137c9ed561d6a9152ffc7c6	- 12 internal layer names remain hidden in all packages.	Candidate evidence only; manual verification required.
EVD-56a2dbdefbba	LAYER_DISCOVERY	DOCUMENTATION_ONLY	ndsp_governance/NDSP_SAAS_PACKAGES_POLICY.md	NDSP_SAAS_PACKAGES_POLICY.md	136	dd86f8dda8833132ca2199743e74e770eab7dadfe137c9ed561d6a9152ffc7c6	- The four approved named layers appear by package:	Candidate evidence only; manual verification required.
EVD-4649f66bbd8f	LAYER_DISCOVERY	DOCUMENTATION_ONLY	ndsp_governance/NDSP_SAAS_PACKAGES_POLICY.md	NDSP_SAAS_PACKAGES_POLICY.md	143	dd86f8dda8833132ca2199743e74e770eab7dadfe137c9ed561d6a9152ffc7c6	Decision outputs remain valuable and rich, but raw logic, weights, formulas, internal scoring, source logic, and hidden layer names must never be exposed.	Candidate evidence only; manual verification required.
EVD-e792205ab03b	LAYER_DISCOVERY	INFERRED_FROM_SOURCE	tests/test_ndsp_fix_direct_trade_execution_key_tdl_v2.py	test_ndsp_fix_direct_trade_execution_key_tdl_v2.py	43	0aeb90ceffcd0e0df58c94ec0421b775a1263a5048ab7f0737ac34fcc259fe7f	"assert out[""governance""][""ALL_LAYERS_PARTICIPATE""] is True"	Candidate evidence only; manual verification required.
EVD-74bfb4f0562d	LAYER_DISCOVERY	INFERRED_FROM_SOURCE	tests/test_ndsp_fix_direct_trade_execution_key_tdl_v2.py	test_ndsp_fix_direct_trade_execution_key_tdl_v2.py	44	0aeb90ceffcd0e0df58c94ec0421b775a1263a5048ab7f0737ac34fcc259fe7f	"assert out[""governance""][""NO_LAYER_DISABLED""] is True"	Candidate evidence only; manual verification required.
EVD-2485b006d3a6	LAYER_DISCOVERY	INFERRED_FROM_SOURCE	tests/test_ndsp_fix_direct_trade_execution_key_tdl_v2.py	test_ndsp_fix_direct_trade_execution_key_tdl_v2.py	55	0aeb90ceffcd0e0df58c94ec0421b775a1263a5048ab7f0737ac34fcc259fe7f	"assert out[""governance""][""HIDDEN_LAYER_NAMES_EXPOSED""] is False"	Candidate evidence only; manual verification required.
EVD-179bf5ddadcd	LAYER_DISCOVERY	INFERRED_FROM_SOURCE	tests/test_ndsp_python_decision_governance_v1.py	test_ndsp_python_decision_governance_v1.py	13	522a953bcd8f780d8ed030227fc7992d7ee7b0e0392bcdb02c7dd5db4ecfcdb3	visible_layer_names,	Candidate evidence only; manual verification required.
EVD-7aed994ef29a	LAYER_DISCOVERY	INFERRED_FROM_SOURCE	tests/test_ndsp_python_decision_governance_v1.py	test_ndsp_python_decision_governance_v1.py	21	522a953bcd8f780d8ed030227fc7992d7ee7b0e0392bcdb02c7dd5db4ecfcdb3	"return [x.get(""name"") for x in out.get(""layer_outputs"", []) if x.get(""name"")]"	Candidate evidence only; manual verification required.
EVD-04efd1e50231	LAYER_DISCOVERY	INFERRED_FROM_SOURCE	tests/test_ndsp_python_decision_governance_v1.py	test_ndsp_python_decision_governance_v1.py	36	522a953bcd8f780d8ed030227fc7992d7ee7b0e0392bcdb02c7dd5db4ecfcdb3	"""raw_layers"": [""secret_layer_1"", ""secret_layer_2""],"	Candidate evidence only; manual verification required.
EVD-e75660fffd46	LAYER_DISCOVERY	INFERRED_FROM_SOURCE	tests/test_ndsp_python_decision_governance_v1.py	test_ndsp_python_decision_governance_v1.py	43	522a953bcd8f780d8ed030227fc7992d7ee7b0e0392bcdb02c7dd5db4ecfcdb3	"""hidden_layer_names"": [""abc""],"	Candidate evidence only; manual verification required.
EVD-c49f82076043	LAYER_DISCOVERY	INFERRED_FROM_SOURCE	tests/test_ndsp_python_decision_governance_v1.py	test_ndsp_python_decision_governance_v1.py	54	522a953bcd8f780d8ed030227fc7992d7ee7b0e0392bcdb02c7dd5db4ecfcdb3	"assert free_out[""governance""][""ALL_LAYERS_PARTICIPATE""] is True"	Candidate evidence only; manual verification required.
EVD-d513b49c090e	LAYER_DISCOVERY	INFERRED_FROM_SOURCE	tests/test_ndsp_python_decision_governance_v1.py	test_ndsp_python_decision_governance_v1.py	55	522a953bcd8f780d8ed030227fc7992d7ee7b0e0392bcdb02c7dd5db4ecfcdb3	"assert free_out[""governance""][""NO_LAYER_DISABLED""] is True"	Candidate evidence only; manual verification required.
EVD-ea9b7c6b413a	LAYER_DISCOVERY	INFERRED_FROM_SOURCE	tests/test_ndsp_python_decision_governance_v1.py	test_ndsp_python_decision_governance_v1.py	66	522a953bcd8f780d8ed030227fc7992d7ee7b0e0392bcdb02c7dd5db4ecfcdb3	"assert free_out[""governance""][""HIDDEN_LAYER_NAMES_EXPOSED""] is False"	Candidate evidence only; manual verification required.
EVD-830e88fcc6c0	LAYER_DISCOVERY	INFERRED_FROM_SOURCE	tests/test_ndsp_python_decision_governance_v1.py	test_ndsp_python_decision_governance_v1.py	76	522a953bcd8f780d8ed030227fc7992d7ee7b0e0392bcdb02c7dd5db4ecfcdb3	"assert free_out[""tdl_v2_context""][""layer_name_visible""] is False"	Candidate evidence only; manual verification required.
EVD-d46bfbc94284	LAYER_DISCOVERY	INFERRED_FROM_SOURCE	tests/test_ndsp_python_decision_governance_v1.py	test_ndsp_python_decision_governance_v1.py	77	522a953bcd8f780d8ed030227fc7992d7ee7b0e0392bcdb02c7dd5db4ecfcdb3	"assert free_out[""tdl_v2_context""][""layer_name""] is None"	Candidate evidence only; manual verification required.
EVD-5204b552dbf7	LAYER_DISCOVERY	INFERRED_FROM_SOURCE	tests/test_ndsp_python_decision_governance_v1.py	test_ndsp_python_decision_governance_v1.py	87	522a953bcd8f780d8ed030227fc7992d7ee7b0e0392bcdb02c7dd5db4ecfcdb3	"assert pro_out[""tdl_v2_context""][""layer_name_visible""] is True"	Candidate evidence only; manual verification required.
EVD-2d438a1f7ca1	LAYER_DISCOVERY	INFERRED_FROM_SOURCE	tests/test_ndsp_python_decision_governance_v1.py	test_ndsp_python_decision_governance_v1.py	88	522a953bcd8f780d8ed030227fc7992d7ee7b0e0392bcdb02c7dd5db4ecfcdb3	"assert pro_out[""tdl_v2_context""][""layer_name""] == ""TDL"""	Candidate evidence only; manual verification required.
EVD-7424f7cde0c7	LAYER_DISCOVERY	INFERRED_FROM_SOURCE	tests/test_ndsp_python_decision_governance_v1.py	test_ndsp_python_decision_governance_v1.py	99	522a953bcd8f780d8ed030227fc7992d7ee7b0e0392bcdb02c7dd5db4ecfcdb3	"assert elite_out[""tdl_v2_context""][""layer_name_visible""] is True"	Candidate evidence only; manual verification required.
EVD-957b9a80150b	LAYER_DISCOVERY	INFERRED_FROM_SOURCE	tests/test_ndsp_python_decision_governance_v1.py	test_ndsp_python_decision_governance_v1.py	104	522a953bcd8f780d8ed030227fc7992d7ee7b0e0392bcdb02c7dd5db4ecfcdb3	"assert visible_layer_names(""free"") == []"	Candidate evidence only; manual verification required.
EVD-afe76a6f3c97	LAYER_DISCOVERY	INFERRED_FROM_SOURCE	tests/test_ndsp_python_decision_governance_v1.py	test_ndsp_python_decision_governance_v1.py	105	522a953bcd8f780d8ed030227fc7992d7ee7b0e0392bcdb02c7dd5db4ecfcdb3	"assert visible_layer_names(""pro"") == [""TDL"", ""NMP""]"	Candidate evidence only; manual verification required.
EVD-850f341f0c09	LAYER_DISCOVERY	INFERRED_FROM_SOURCE	tests/test_ndsp_python_decision_governance_v1.py	test_ndsp_python_decision_governance_v1.py	106	522a953bcd8f780d8ed030227fc7992d7ee7b0e0392bcdb02c7dd5db4ecfcdb3	"assert visible_layer_names(""elite"") == [""TDL"", ""NMP"", ""Devil's Advocate"", ""Nawaf Golden Alignment""]"	Candidate evidence only; manual verification required.
EVD-8ebb6b7c0cd4	LAYER_DISCOVERY	INFERRED_FROM_SOURCE	tests/test_ndsp_python_decision_governance_v1.py	test_ndsp_python_decision_governance_v1.py	113	522a953bcd8f780d8ed030227fc7992d7ee7b0e0392bcdb02c7dd5db4ecfcdb3	"print(""ELITE_VISIBLE_FOUR_LAYERS=True"")"	Candidate evidence only; manual verification required.
EVD-f447abe02bf9	LAYER_DISCOVERY	INFERRED_FROM_SOURCE	tests/test_ndsp_python_decision_governance_v1.py	test_ndsp_python_decision_governance_v1.py	121	522a953bcd8f780d8ed030227fc7992d7ee7b0e0392bcdb02c7dd5db4ecfcdb3	"print(""HIDDEN_LAYER_NAMES_EXPOSED=False"")"	Candidate evidence only; manual verification required.
EVD-0bd8dd56687a	LAYER_DISCOVERY	INFERRED_FROM_SOURCE	tests/test_ndsp_python_tdl_v2_decision_outputs.py	test_ndsp_python_tdl_v2_decision_outputs.py	55	4d76f34b94147c41efbca917034008dc0280b6d3a51d8a2ff0cccdbd68be4c67	"assert out1[""tdl_v2_context""][""layer_name""] == ""TDL"""	Candidate evidence only; manual verification required.
EVD-491ff5ee8a55	LAYER_DISCOVERY	INFERRED_FROM_SOURCE	tests/test_ndsp_python_tdl_v2_decision_outputs.py	test_ndsp_python_tdl_v2_decision_outputs.py	81	4d76f34b94147c41efbca917034008dc0280b6d3a51d8a2ff0cccdbd68be4c67	"assert out2[""tdl_v2_context""][""layer_name""] == ""TDL"""	Candidate evidence only; manual verification required.
EVD-fb345e2cbf14	LAYER_DISCOVERY	INFERRED_FROM_SOURCE	tests/test_ndsp_python_tdl_v2_decision_outputs.py	test_ndsp_python_tdl_v2_decision_outputs.py	96	4d76f34b94147c41efbca917034008dc0280b6d3a51d8a2ff0cccdbd68be4c67	"assert out3[""tdl_v2_context""][""layer_name_visible""] is False"	Candidate evidence only; manual verification required.
EVD-d262e6fe5274	LAYER_DISCOVERY	INFERRED_FROM_SOURCE	tests/test_ndsp_python_tdl_v2_decision_outputs.py	test_ndsp_python_tdl_v2_decision_outputs.py	97	4d76f34b94147c41efbca917034008dc0280b6d3a51d8a2ff0cccdbd68be4c67	"assert out3[""tdl_v2_context""][""layer_name""] is None"	Candidate evidence only; manual verification required.
EVD-2bc00ef298e6	LAYER_DISCOVERY	INFERRED_FROM_SOURCE	tests/test_ndsp_python_tdl_v2_keyerror_fix.py	test_ndsp_python_tdl_v2_keyerror_fix.py	50	5c6f63ad9ee757bc6691fe0a8017d3796c7d71796f3d28abdd4a236e8422207f	"assert out1[""governance""][""HIDDEN_LAYER_NAMES_EXPOSED""] is False"	Candidate evidence only; manual verification required.
