capability_id,capability_name,batch_id,p0_signature,selected_evidence_paths,service_required,endpoint_required,real_data_required,old_runtime_service,new_runtime_service,old_endpoint_or_contract,new_endpoint_or_contract,old_data_source,new_data_source,old_data_state,new_data_state,reconciled_dimensions,canonical_fields_changed,human_confirmation_required,ui_complete_created
CAP-0066A47FF328,Ndsp Public Decision Quality,B09_SERVICE_REAL_DATA,SERVICE_REAL_DATA,docs/99-governance/pr-019-capability-discovery-audit/PR019_ACTIVE_CAPABILITY_CATALOG.json,true,false,true,DISCOVERY_REQUIRED,DISCOVERY_REQUIRED,GET /api/ndsp/public/decision-quality|GET /api/ndsp/public/decision-quality,GET /api/ndsp/public/decision-quality|GET /api/ndsp/public/decision-quality,UNKNOWN,MACHINE_EVIDENCE[REAL_DATA]::docs/99-governance/pr-019-capability-discovery-audit/PR019_ACTIVE_CAPABILITY_CATALOG.json,UNKNOWN,REAL_SNAPSHOT,REAL_DATA,true,true,false
CAP-02AC4C12E6F4,Ndsp Public Summary V548,B12_ENDPOINT_REAL_DATA,ENDPOINT_REAL_DATA,docs/99-governance/pr-019-capability-discovery-audit/PR019_ACTIVE_CAPABILITY_CATALOG.json,false,true,true,ndsp-public-summary-v548.service,ndsp-public-summary-v548.service,DISCOVERY_REQUIRED,DISCOVERY_REQUIRED,UNKNOWN,MACHINE_EVIDENCE[REAL_DATA]::docs/99-governance/pr-019-capability-discovery-audit/PR019_ACTIVE_CAPABILITY_CATALOG.json,UNKNOWN,REAL_SNAPSHOT,REAL_DATA,true,true,false
CAP-03073B90064B,Cot Intelligence Result,B01_SERVICE_ENDPOINT_REAL_DATA,SERVICE_ENDPOINT_REAL_DATA,docs/99-governance/pr-019-capability-discovery-audit/PR019_ACTIVE_CAPABILITY_CATALOG.json,true,true,true,DISCOVERY_REQUIRED,DISCOVERY_REQUIRED,DISCOVERY_REQUIRED,DISCOVERY_REQUIRED,UNKNOWN,MACHINE_EVIDENCE[REAL_DATA]::docs/99-governance/pr-019-capability-discovery-audit/PR019_ACTIVE_CAPABILITY_CATALOG.json,UNKNOWN,REAL_SNAPSHOT,REAL_DATA,true,true,false
CAP-033B90B3A316,Nowpayments Create Alias,B15_SERVICE_ONLY,SERVICE_ONLY,docs/99-governance/pr-019-capability-discovery-audit/PR019_ACTIVE_CAPABILITY_CATALOG.json,true,false,false,DISCOVERY_REQUIRED,DISCOVERY_REQUIRED,POST /api/payments/nowpayments/subscription/create,POST /api/payments/nowpayments/subscription/create,JSON|POSTGRES,JSON|POSTGRES,REAL_SNAPSHOT,REAL_SNAPSHOT,,false,true,false
CAP-045CDA0A73DF,Narrative Engine,B01_SERVICE_ENDPOINT_REAL_DATA,SERVICE_ENDPOINT_REAL_DATA,docs/99-governance/pr-019-capability-discovery-audit/PR019_ACTIVE_CAPABILITY_CATALOG.json,true,true,true,DISCOVERY_REQUIRED,DISCOVERY_REQUIRED,DISCOVERY_REQUIRED,DISCOVERY_REQUIRED,UNKNOWN,MACHINE_EVIDENCE[REAL_DATA]::docs/99-governance/pr-019-capability-discovery-audit/PR019_ACTIVE_CAPABILITY_CATALOG.json,UNKNOWN,REAL_SNAPSHOT,REAL_DATA,true,true,false
CAP-047A94BA516E,Guard Decision Output,B12_ENDPOINT_REAL_DATA,ENDPOINT_REAL_DATA,docs/99-governance/pr-019-capability-discovery-audit/PR019_ACTIVE_CAPABILITY_CATALOG.json,false,true,true,ndsp-governance-bridge.service,ndsp-governance-bridge.service,DISCOVERY_REQUIRED,DISCOVERY_REQUIRED,UNKNOWN,MACHINE_EVIDENCE[REAL_DATA]::docs/99-governance/pr-019-capability-discovery-audit/PR019_ACTIVE_CAPABILITY_CATALOG.json,UNKNOWN,REAL_SNAPSHOT,REAL_DATA,true,true,false
CAP-0622719B013B,Ndsp Public Quality Unique,B10_SERVICE_REAL_DATA,SERVICE_REAL_DATA,docs/99-governance/pr-019-capability-discovery-audit/PR019_ACTIVE_CAPABILITY_CATALOG.json,true,false,true,DISCOVERY_REQUIRED,DISCOVERY_REQUIRED,GET /api/ndsp/public/decision-quality,GET /api/ndsp/public/decision-quality,UNKNOWN,MACHINE_EVIDENCE[REAL_DATA]::docs/99-governance/pr-019-capability-discovery-audit/PR019_ACTIVE_CAPABILITY_CATALOG.json,UNKNOWN,REAL_SNAPSHOT,REAL_DATA,true,true,false
CAP-071618E88E83,Frontend Contract,B10_SERVICE_REAL_DATA,SERVICE_REAL_DATA,docs/99-governance/pr-019-capability-discovery-audit/PR019_ACTIVE_CAPABILITY_CATALOG.json,true,false,true,DISCOVERY_REQUIRED,DISCOVERY_REQUIRED,GET /me/entitlements,GET /me/entitlements,UNKNOWN,MACHINE_EVIDENCE[REAL_DATA]::docs/99-governance/pr-019-capability-discovery-audit/PR019_ACTIVE_CAPABILITY_CATALOG.json,UNKNOWN,REAL_SNAPSHOT,REAL_DATA,true,true,false
CAP-08273C63D4D2,Quality Result,B01_SERVICE_ENDPOINT_REAL_DATA,SERVICE_ENDPOINT_REAL_DATA,docs/99-governance/pr-019-capability-discovery-audit/PR019_ACTIVE_CAPABILITY_CATALOG.json,true,true,true,DISCOVERY_REQUIRED,DISCOVERY_REQUIRED,DISCOVERY_REQUIRED,DISCOVERY_REQUIRED,UNKNOWN,MACHINE_EVIDENCE[REAL_DATA]::docs/99-governance/pr-019-capability-discovery-audit/PR019_ACTIVE_CAPABILITY_CATALOG.json,UNKNOWN,REAL_SNAPSHOT,REAL_DATA,true,true,false
CAP-08E20E709D83,Path Needs Governance,B06_SERVICE_ENDPOINT,SERVICE_ENDPOINT,docs/99-governance/pr-019-capability-discovery-audit/PR019_ACTIVE_CAPABILITY_CATALOG.json,true,true,false,DISCOVERY_REQUIRED,DISCOVERY_REQUIRED,DISCOVERY_REQUIRED,DISCOVERY_REQUIRED,JSON,JSON,REAL_SNAPSHOT,REAL_SNAPSHOT,,false,true,false
CAP-09BC17001F61,Cot Snapshot,B01_SERVICE_ENDPOINT_REAL_DATA,SERVICE_ENDPOINT_REAL_DATA,docs/99-governance/pr-019-capability-discovery-audit/PR019_ACTIVE_CAPABILITY_CATALOG.json,true,true,true,DISCOVERY_REQUIRED,DISCOVERY_REQUIRED,DISCOVERY_REQUIRED,DISCOVERY_REQUIRED,UNKNOWN,MACHINE_EVIDENCE[REAL_DATA]::docs/99-governance/pr-019-capability-discovery-audit/PR019_ACTIVE_CAPABILITY_CATALOG.json,UNKNOWN,REAL_SNAPSHOT,REAL_DATA,true,true,false
CAP-0AB187B5D320,Evaluate L16 Scenario Alerts,B06_SERVICE_ENDPOINT,SERVICE_ENDPOINT,docs/99-governance/pr-019-capability-discovery-audit/PR019_ACTIVE_CAPABILITY_CATALOG.json,true,true,false,DISCOVERY_REQUIRED,DISCOVERY_REQUIRED,DISCOVERY_REQUIRED,DISCOVERY_REQUIRED,JSON,JSON,REAL_SNAPSHOT,REAL_SNAPSHOT,,false,true,false
CAP-0B34CF6B3DD7,Ndsp V53 Bridge,B12_ENDPOINT_REAL_DATA,ENDPOINT_REAL_DATA,docs/99-governance/pr-019-capability-discovery-audit/PR019_ACTIVE_CAPABILITY_CATALOG.json,false,true,true,ndsp-v53-bridge.service,ndsp-v53-bridge.service,DISCOVERY_REQUIRED,DISCOVERY_REQUIRED,UNKNOWN,MACHINE_EVIDENCE[REAL_DATA]::docs/99-governance/pr-019-capability-discovery-audit/PR019_ACTIVE_CAPABILITY_CATALOG.json,UNKNOWN,REAL_SNAPSHOT,REAL_DATA,true,true,false
CAP-0C985C4FB835,Candidate Score,B04_SERVICE_ENDPOINT_REAL_DATA,SERVICE_ENDPOINT_REAL_DATA,docs/99-governance/pr-019-capability-discovery-audit/PR019_ACTIVE_CAPABILITY_CATALOG.json,true,true,true,DISCOVERY_REQUIRED,DISCOVERY_REQUIRED,DISCOVERY_REQUIRED,DISCOVERY_REQUIRED,UNKNOWN,MACHINE_EVIDENCE[REAL_DATA]::docs/99-governance/pr-019-capability-discovery-audit/PR019_ACTIVE_CAPABILITY_CATALOG.json,UNKNOWN,REAL_SNAPSHOT,REAL_DATA,true,true,false
CAP-0CE111E47411,Frontend Contract,B10_SERVICE_REAL_DATA,SERVICE_REAL_DATA,docs/99-governance/pr-019-capability-discovery-audit/PR019_ACTIVE_CAPABILITY_CATALOG.json,true,false,true,DISCOVERY_REQUIRED,DISCOVERY_REQUIRED,POST /me/channels/telegram/link,POST /me/channels/telegram/link,UNKNOWN,MACHINE_EVIDENCE[REAL_DATA]::docs/99-governance/pr-019-capability-discovery-audit/PR019_ACTIVE_CAPABILITY_CATALOG.json,UNKNOWN,REAL_SNAPSHOT,REAL_DATA,true,true,false
CAP-0FC1797C1FB1,Load Governance,B06_SERVICE_ENDPOINT,SERVICE_ENDPOINT,docs/99-governance/pr-019-capability-discovery-audit/PR019_ACTIVE_CAPABILITY_CATALOG.json,true,true,false,DISCOVERY_REQUIRED,DISCOVERY_REQUIRED,DISCOVERY_REQUIRED,DISCOVERY_REQUIRED,JSON,JSON,REAL_SNAPSHOT,REAL_SNAPSHOT,,false,true,false
CAP-0FFED1B1BA78,Evaluate Golden Signals,B01_SERVICE_ENDPOINT_REAL_DATA,SERVICE_ENDPOINT_REAL_DATA,docs/99-governance/pr-019-capability-discovery-audit/PR019_ACTIVE_CAPABILITY_CATALOG.json,true,true,true,DISCOVERY_REQUIRED,DISCOVERY_REQUIRED,DISCOVERY_REQUIRED,DISCOVERY_REQUIRED,UNKNOWN,MACHINE_EVIDENCE[REAL_DATA]::docs/99-governance/pr-019-capability-discovery-audit/PR019_ACTIVE_CAPABILITY_CATALOG.json,UNKNOWN,REAL_SNAPSHOT,REAL_DATA,true,true,false
CAP-102062CC9F49,Ndsp Change Password Gateway,B12_ENDPOINT_REAL_DATA,ENDPOINT_REAL_DATA,docs/99-governance/pr-019-capability-discovery-audit/PR019_ACTIVE_CAPABILITY_CATALOG.json,false,true,true,ndsp-change-password-gateway.service,ndsp-change-password-gateway.service,DISCOVERY_REQUIRED,DISCOVERY_REQUIRED,UNKNOWN,MACHINE_EVIDENCE[REAL_DATA]::docs/99-governance/pr-019-capability-discovery-audit/PR019_ACTIVE_CAPABILITY_CATALOG.json,UNKNOWN,REAL_SNAPSHOT,REAL_DATA,true,true,false
CAP-10D53C6D7918,Frontend Contract,B10_SERVICE_REAL_DATA,SERVICE_REAL_DATA,docs/99-governance/pr-019-capability-discovery-audit/PR019_ACTIVE_CAPABILITY_CATALOG.json,true,false,true,DISCOVERY_REQUIRED,DISCOVERY_REQUIRED,GET /admin/trials,GET /admin/trials,UNKNOWN,MACHINE_EVIDENCE[REAL_DATA]::docs/99-governance/pr-019-capability-discovery-audit/PR019_ACTIVE_CAPABILITY_CATALOG.json,UNKNOWN,REAL_SNAPSHOT,REAL_DATA,true,true,false
CAP-1103369520D4,Cot Asset Mapping,B01_SERVICE_ENDPOINT_REAL_DATA,SERVICE_ENDPOINT_REAL_DATA,docs/99-governance/pr-019-capability-discovery-audit/PR019_ACTIVE_CAPABILITY_CATALOG.json,true,true,true,DISCOVERY_REQUIRED,DISCOVERY_REQUIRED,DISCOVERY_REQUIRED,DISCOVERY_REQUIRED,UNKNOWN,MACHINE_EVIDENCE[REAL_DATA]::docs/99-governance/pr-019-capability-discovery-audit/PR019_ACTIVE_CAPABILITY_CATALOG.json,UNKNOWN,REAL_SNAPSHOT,REAL_DATA,true,true,false
CAP-119888657162,Row To Decision,B14_SERVICE_ONLY,SERVICE_ONLY,docs/99-governance/pr-019-capability-discovery-audit/PR019_ACTIVE_CAPABILITY_CATALOG.json,true,false,false,DISCOVERY_REQUIRED,DISCOVERY_REQUIRED,GET /health|GET /api/completed|GET /api/completed/latest|GET /api/completed/:symbol|GET /api/completed/id/:decision_id|GET /api/completed/id/:decision_id/timeline|POST /api/completed/ingest|POST /api/completed/:decision_id/publish,GET /health|GET /api/completed|GET /api/completed/latest|GET /api/completed/:symbol|GET /api/completed/id/:decision_id|GET /api/completed/id/:decision_id/timeline|POST /api/completed/ingest|POST /api/completed/:decision_id/publish,JSON,JSON,REAL_SNAPSHOT,REAL_SNAPSHOT,,false,true,false
CAP-11BF5E282765,Frontend Contract,B10_SERVICE_REAL_DATA,SERVICE_REAL_DATA,docs/99-governance/pr-019-capability-discovery-audit/PR019_ACTIVE_CAPABILITY_CATALOG.json,true,false,true,DISCOVERY_REQUIRED,DISCOVERY_REQUIRED,GET /me/watchlist,GET /me/watchlist,UNKNOWN,MACHINE_EVIDENCE[REAL_DATA]::docs/99-governance/pr-019-capability-discovery-audit/PR019_ACTIVE_CAPABILITY_CATALOG.json,UNKNOWN,REAL_SNAPSHOT,REAL_DATA,true,true,false
CAP-11F0D3942A02,Market Record,B04_SERVICE_ENDPOINT_REAL_DATA,SERVICE_ENDPOINT_REAL_DATA,docs/99-governance/pr-019-capability-discovery-audit/PR019_ACTIVE_CAPABILITY_CATALOG.json,true,true,true,DISCOVERY_REQUIRED,DISCOVERY_REQUIRED,DISCOVERY_REQUIRED,DISCOVERY_REQUIRED,HTTP_API|JSON,HTTP_API|JSON,MOCK_ONLY,REAL_SNAPSHOT,REAL_DATA,true,true,false
CAP-11F9C86C3DEA,Admin Candidates,B14_SERVICE_ONLY,SERVICE_ONLY,docs/99-governance/pr-019-capability-discovery-audit/PR019_ACTIVE_CAPABILITY_CATALOG.json,true,false,false,DISCOVERY_REQUIRED,DISCOVERY_REQUIRED,GET /status|POST /update|POST /test|GET /status|POST /update|POST /test,GET /status|POST /update|POST /test|GET /status|POST /update|POST /test,JSON|POSTGRES,JSON|POSTGRES,REAL_SNAPSHOT,REAL_SNAPSHOT,,false,true,false
CAP-12E31072A87A,Decision Page,B04_SERVICE_ENDPOINT_REAL_DATA,SERVICE_ENDPOINT_REAL_DATA,docs/99-governance/pr-019-capability-discovery-audit/PR019_ACTIVE_CAPABILITY_CATALOG.json,true,true,true,DISCOVERY_REQUIRED,DISCOVERY_REQUIRED,DISCOVERY_REQUIRED,DISCOVERY_REQUIRED,HTTP_API|JSON,HTTP_API|JSON,MOCK_ONLY,REAL_SNAPSHOT,REAL_DATA,true,true,false
CAP-151D33E801FF,Govern Decision Output,B06_SERVICE_ENDPOINT,SERVICE_ENDPOINT,docs/99-governance/pr-019-capability-discovery-audit/PR019_ACTIVE_CAPABILITY_CATALOG.json,true,true,false,DISCOVERY_REQUIRED,DISCOVERY_REQUIRED,DISCOVERY_REQUIRED,DISCOVERY_REQUIRED,JSON,JSON,REAL_SNAPSHOT,REAL_SNAPSHOT,,false,true,false
CAP-156AED7A28CE,V461 Retry Market,B18_ENDPOINT_ONLY,ENDPOINT_ONLY,docs/99-governance/pr-019-capability-discovery-audit/PR019_ACTIVE_CAPABILITY_CATALOG.json,false,true,false,ndsp-platform-gateway.service,ndsp-platform-gateway.service,DISCOVERY_REQUIRED,DISCOVERY_REQUIRED,JSON,JSON,REAL_SNAPSHOT,REAL_SNAPSHOT,,false,true,false
CAP-15DCBE989F60,Render Trials,B07_SERVICE_ENDPOINT,SERVICE_ENDPOINT,docs/99-governance/pr-019-capability-discovery-audit/PR019_ACTIVE_CAPABILITY_CATALOG.json,true,true,false,DISCOVERY_REQUIRED,DISCOVERY_REQUIRED,DISCOVERY_REQUIRED,DISCOVERY_REQUIRED,HTTP_API|JSON,HTTP_API|JSON,REAL_LIVE,REAL_LIVE,,false,true,false
CAP-1653A8452D19,Compute From Active Engine,B09_SERVICE_REAL_DATA,SERVICE_REAL_DATA,docs/99-governance/pr-019-capability-discovery-audit/PR019_ACTIVE_CAPABILITY_CATALOG.json,true,false,true,DISCOVERY_REQUIRED,DISCOVERY_REQUIRED,GET /api/ndsp/public/decision-quality|GET /api/ndsp/public/decision-quality,GET /api/ndsp/public/decision-quality|GET /api/ndsp/public/decision-quality,UNKNOWN,MACHINE_EVIDENCE[REAL_DATA]::docs/99-governance/pr-019-capability-discovery-audit/PR019_ACTIVE_CAPABILITY_CATALOG.json,UNKNOWN,REAL_SNAPSHOT,REAL_DATA,true,true,false
CAP-16BC3B472E5B,Sync Admin Users Json Safe,B18_ENDPOINT_ONLY,ENDPOINT_ONLY,docs/99-governance/pr-019-capability-discovery-audit/PR019_ACTIVE_CAPABILITY_CATALOG.json,false,true,false,ndsp-trial-register.service,ndsp-trial-register.service,DISCOVERY_REQUIRED,DISCOVERY_REQUIRED,JSON|POSTGRES,JSON|POSTGRES,REAL_SNAPSHOT,REAL_SNAPSHOT,,false,true,false
CAP-1736E39D1CE4,Frontend Contract,B10_SERVICE_REAL_DATA,SERVICE_REAL_DATA,docs/99-governance/pr-019-capability-discovery-audit/PR019_ACTIVE_CAPABILITY_CATALOG.json,true,false,true,DISCOVERY_REQUIRED,DISCOVERY_REQUIRED,POST /auth/magic-link,POST /auth/magic-link,UNKNOWN,MACHINE_EVIDENCE[REAL_DATA]::docs/99-governance/pr-019-capability-discovery-audit/PR019_ACTIVE_CAPABILITY_CATALOG.json,REAL_LIVE,REAL_LIVE,REAL_DATA,true,true,false
CAP-1818863D4B3D,Validate Market Response,B06_SERVICE_ENDPOINT,SERVICE_ENDPOINT,docs/99-governance/pr-019-capability-discovery-audit/PR019_ACTIVE_CAPABILITY_CATALOG.json,true,true,false,DISCOVERY_REQUIRED,DISCOVERY_REQUIRED,DISCOVERY_REQUIRED,DISCOVERY_REQUIRED,HTTP_API|JSON|POSTGRES,HTTP_API|JSON|POSTGRES,REAL_LIVE,REAL_LIVE,,false,true,false
CAP-19318F0DAA6E,Layer Orchestrator,B06_SERVICE_ENDPOINT,SERVICE_ENDPOINT,docs/99-governance/pr-019-capability-discovery-audit/PR019_ACTIVE_CAPABILITY_CATALOG.json,true,true,false,DISCOVERY_REQUIRED,DISCOVERY_REQUIRED,DISCOVERY_REQUIRED,DISCOVERY_REQUIRED,JSON,JSON,REAL_SNAPSHOT,REAL_SNAPSHOT,,false,true,false
CAP-1B6E6543D240,Test Cot V61 Storage,B06_SERVICE_ENDPOINT,SERVICE_ENDPOINT,docs/99-governance/pr-019-capability-discovery-audit/PR019_ACTIVE_CAPABILITY_CATALOG.json,true,true,false,DISCOVERY_REQUIRED,DISCOVERY_REQUIRED,DISCOVERY_REQUIRED,DISCOVERY_REQUIRED,JSON,JSON,REAL_SNAPSHOT,REAL_SNAPSHOT,,false,true,false
CAP-1C960FEE24EA,Version Registry,B01_SERVICE_ENDPOINT_REAL_DATA,SERVICE_ENDPOINT_REAL_DATA,docs/99-governance/pr-019-capability-discovery-audit/PR019_ACTIVE_CAPABILITY_CATALOG.json,true,true,true,DISCOVERY_REQUIRED,DISCOVERY_REQUIRED,DISCOVERY_REQUIRED,DISCOVERY_REQUIRED,UNKNOWN,MACHINE_EVIDENCE[REAL_DATA]::docs/99-governance/pr-019-capability-discovery-audit/PR019_ACTIVE_CAPABILITY_CATALOG.json,UNKNOWN,REAL_SNAPSHOT,REAL_DATA,true,true,false
CAP-1D1AD9752E92,Evaluate L14 Risk Governance,B06_SERVICE_ENDPOINT,SERVICE_ENDPOINT,docs/99-governance/pr-019-capability-discovery-audit/PR019_ACTIVE_CAPABILITY_CATALOG.json,true,true,false,DISCOVERY_REQUIRED,DISCOVERY_REQUIRED,DISCOVERY_REQUIRED,DISCOVERY_REQUIRED,JSON,JSON,REAL_SNAPSHOT,REAL_SNAPSHOT,,false,true,false
CAP-1E0E3F4C57D1,L16 Decision Readiness State Machine,B01_SERVICE_ENDPOINT_REAL_DATA,SERVICE_ENDPOINT_REAL_DATA,docs/99-governance/pr-019-capability-discovery-audit/PR019_ACTIVE_CAPABILITY_CATALOG.json,true,true,true,DISCOVERY_REQUIRED,DISCOVERY_REQUIRED,DISCOVERY_REQUIRED,DISCOVERY_REQUIRED,UNKNOWN,MACHINE_EVIDENCE[REAL_DATA]::docs/99-governance/pr-019-capability-discovery-audit/PR019_ACTIVE_CAPABILITY_CATALOG.json,UNKNOWN,REAL_SNAPSHOT,REAL_DATA,true,true,false
CAP-1F54C2BF216C,Market For Symbol,B04_SERVICE_ENDPOINT_REAL_DATA,SERVICE_ENDPOINT_REAL_DATA,docs/99-governance/pr-019-capability-discovery-audit/PR019_ACTIVE_CAPABILITY_CATALOG.json,true,true,true,DISCOVERY_REQUIRED,DISCOVERY_REQUIRED,DISCOVERY_REQUIRED,DISCOVERY_REQUIRED,HTTP_API|JSON,HTTP_API|JSON,MOCK_ONLY,REAL_SNAPSHOT,REAL_DATA,true,true,false
CAP-1F6C6744CA7A,Alert Text,B06_SERVICE_ENDPOINT,SERVICE_ENDPOINT,docs/99-governance/pr-019-capability-discovery-audit/PR019_ACTIVE_CAPABILITY_CATALOG.json,true,true,false,DISCOVERY_REQUIRED,DISCOVERY_REQUIRED,DISCOVERY_REQUIRED,DISCOVERY_REQUIRED,JSON,JSON,REAL_SNAPSHOT,REAL_SNAPSHOT,,false,true,false
CAP-2038C387452F,Write Report,B06_SERVICE_ENDPOINT,SERVICE_ENDPOINT,docs/99-governance/pr-019-capability-discovery-audit/PR019_ACTIVE_CAPABILITY_CATALOG.json,true,true,false,DISCOVERY_REQUIRED,DISCOVERY_REQUIRED,DISCOVERY_REQUIRED,DISCOVERY_REQUIRED,HTTP_API|JSON|POSTGRES,HTTP_API|JSON|POSTGRES,REAL_LIVE,REAL_LIVE,,false,true,false
CAP-207978A2050E,Activate User By Token,B18_ENDPOINT_ONLY,ENDPOINT_ONLY,docs/99-governance/pr-019-capability-discovery-audit/PR019_ACTIVE_CAPABILITY_CATALOG.json,false,true,false,ndsp-trial-register.service,ndsp-trial-register.service,DISCOVERY_REQUIRED,DISCOVERY_REQUIRED,JSON|POSTGRES,JSON|POSTGRES,REAL_SNAPSHOT,REAL_SNAPSHOT,,false,true,false
CAP-20A8CAD9D6A1,Execution Webhook Bridge,B06_SERVICE_ENDPOINT,SERVICE_ENDPOINT,docs/99-governance/pr-019-capability-discovery-audit/PR019_ACTIVE_CAPABILITY_CATALOG.json,true,true,false,DISCOVERY_REQUIRED,DISCOVERY_REQUIRED,DISCOVERY_REQUIRED,DISCOVERY_REQUIRED,JSON,JSON,REAL_SNAPSHOT,REAL_SNAPSHOT,,false,true,false
CAP-20C44DAA9628,Save Governance Mode,B18_ENDPOINT_ONLY,ENDPOINT_ONLY,docs/99-governance/pr-019-capability-discovery-audit/PR019_ACTIVE_CAPABILITY_CATALOG.json,false,true,false,ndsp-governance-bridge.service,ndsp-governance-bridge.service,DISCOVERY_REQUIRED,DISCOVERY_REQUIRED,JSON,JSON,REAL_SNAPSHOT,REAL_SNAPSHOT,,false,true,false
CAP-212E6DC3A3DB,Require Admin,B14_SERVICE_ONLY,SERVICE_ONLY,docs/99-governance/pr-019-capability-discovery-audit/PR019_ACTIVE_CAPABILITY_CATALOG.json,true,false,false,DISCOVERY_REQUIRED,DISCOVERY_REQUIRED,GET /debug-auth|GET /debug-db|GET /status|POST /update|POST /test|GET /debug-auth|GET /debug-db|GET /status|POST /update|POST /test,GET /debug-auth|GET /debug-db|GET /status|POST /update|POST /test|GET /debug-auth|GET /debug-db|GET /status|POST /update|POST /test,JSON|POSTGRES,JSON|POSTGRES,REAL_SNAPSHOT,REAL_SNAPSHOT,,false,true,false
CAP-21ECD3B6E0D3,Ndsp Canonical Live Runtime V33,B12_ENDPOINT_REAL_DATA,ENDPOINT_REAL_DATA,docs/99-governance/pr-019-capability-discovery-audit/PR019_ACTIVE_CAPABILITY_CATALOG.json,false,true,true,ndsp-canonical-live-runtime-v33.service,ndsp-canonical-live-runtime-v33.service,DISCOVERY_REQUIRED,DISCOVERY_REQUIRED,UNKNOWN,MACHINE_EVIDENCE[REAL_DATA]::docs/99-governance/pr-019-capability-discovery-audit/PR019_ACTIVE_CAPABILITY_CATALOG.json,UNKNOWN,REAL_SNAPSHOT,REAL_DATA,true,true,false
CAP-22453668AACA,Telegram Routing V2,B15_SERVICE_ONLY,SERVICE_ONLY,docs/99-governance/pr-019-capability-discovery-audit/PR019_ACTIVE_CAPABILITY_CATALOG.json,true,false,false,DISCOVERY_REQUIRED,DISCOVERY_REQUIRED,POST /update,POST /update,JSON|POSTGRES,JSON|POSTGRES,REAL_SNAPSHOT,REAL_SNAPSHOT,,false,true,false
CAP-23348CA30E36,Install Trial Info,B14_SERVICE_ONLY,SERVICE_ONLY,docs/99-governance/pr-019-capability-discovery-audit/PR019_ACTIVE_CAPABILITY_CATALOG.json,true,false,false,DISCOVERY_REQUIRED,DISCOVERY_REQUIRED,GET /trial/info,GET /trial/info,JSON|POSTGRES,JSON|POSTGRES,REAL_SNAPSHOT,REAL_SNAPSHOT,,false,true,false
CAP-235EF538DEF9,Auth Reset,B10_SERVICE_REAL_DATA,SERVICE_REAL_DATA,docs/99-governance/pr-019-capability-discovery-audit/PR019_ACTIVE_CAPABILITY_CATALOG.json,true,false,true,DISCOVERY_REQUIRED,DISCOVERY_REQUIRED,GET /contract/status|POST /auth/register|POST /auth/login|POST /auth/2fa/verify|POST /auth/magic-link|GET /auth/magic-link/verify|POST /auth/forgot|POST /auth/reset|POST /account/activate|GET /account/trial|GET /packages|GET /me/entitlements|POST /payments/checkout|POST /payments/webhook|GET /me/subscription|GET /markets|GET /assets|GET /assets/{asset_id}/decision|GET /assets/{asset_id}/chart|GET /brief/today|GET /me/watchlist|POST /me/watchlist|DELETE /me/watchlist/{asset_id}|GET /me/dashboard|GET /me/alert-prefs|PUT /me/alert-prefs|POST /me/channels/telegram/link|POST /me/channels/telegram/verify|POST /me/channels/email/test|GET /admin/registrations|POST /admin/registrations/{registration_id}/decision|GET /admin/trials|GET /admin/payments|POST /admin/payments/{payment_id}/approve|POST /admin/payments/{payment_id}/reject|GET /admin/layers|GET /admin/health|GET /contract/status|POST /auth/register|POST /auth/login|POST /auth/2fa/verify|POST /auth/magic-link|GET /auth/magic-link/verify|POST /auth/forgot|POST /auth/reset|POST /account/activate|GET /account/trial|GET /packages|GET /me/entitlements|POST /payments/checkout|POST /payments/webhook|GET /me/subscription|GET /markets|GET /assets|GET /assets/{asset_id}/decision|GET /assets/{asset_id}/chart|GET /brief/today|GET /me/watchlist|POST /me/watchlist|DELETE /me/watchlist/{asset_id}|GET /me/dashboard|GET /me/alert-prefs|PUT /me/alert-prefs|POST /me/channels/telegram/link|POST /me/channels/telegram/verify|POST /me/channels/email/test|GET /admin/registrations|POST /admin/registrations/{registration_id}/decision|GET /admin/trials|GET /admin/payments|POST /admin/payments/{payment_id}/approve|POST /admin/payments/{payment_id}/reject|GET /admin/layers|GET /admin/health,GET /contract/status|POST /auth/register|POST /auth/login|POST /auth/2fa/verify|POST /auth/magic-link|GET /auth/magic-link/verify|POST /auth/forgot|POST /auth/reset|POST /account/activate|GET /account/trial|GET /packages|GET /me/entitlements|POST /payments/checkout|POST /payments/webhook|GET /me/subscription|GET /markets|GET /assets|GET /assets/{asset_id}/decision|GET /assets/{asset_id}/chart|GET /brief/today|GET /me/watchlist|POST /me/watchlist|DELETE /me/watchlist/{asset_id}|GET /me/dashboard|GET /me/alert-prefs|PUT /me/alert-prefs|POST /me/channels/telegram/link|POST /me/channels/telegram/verify|POST /me/channels/email/test|GET /admin/registrations|POST /admin/registrations/{registration_id}/decision|GET /admin/trials|GET /admin/payments|POST /admin/payments/{payment_id}/approve|POST /admin/payments/{payment_id}/reject|GET /admin/layers|GET /admin/health|GET /contract/status|POST /auth/register|POST /auth/login|POST /auth/2fa/verify|POST /auth/magic-link|GET /auth/magic-link/verify|POST /auth/forgot|POST /auth/reset|POST /account/activate|GET /account/trial|GET /packages|GET /me/entitlements|POST /payments/checkout|POST /payments/webhook|GET /me/subscription|GET /markets|GET /assets|GET /assets/{asset_id}/decision|GET /assets/{asset_id}/chart|GET /brief/today|GET /me/watchlist|POST /me/watchlist|DELETE /me/watchlist/{asset_id}|GET /me/dashboard|GET /me/alert-prefs|PUT /me/alert-prefs|POST /me/channels/telegram/link|POST /me/channels/telegram/verify|POST /me/channels/email/test|GET /admin/registrations|POST /admin/registrations/{registration_id}/decision|GET /admin/trials|GET /admin/payments|POST /admin/payments/{payment_id}/approve|POST /admin/payments/{payment_id}/reject|GET /admin/layers|GET /admin/health,UNKNOWN,MACHINE_EVIDENCE[REAL_DATA]::docs/99-governance/pr-019-capability-discovery-audit/PR019_ACTIVE_CAPABILITY_CATALOG.json,UNKNOWN,REAL_SNAPSHOT,REAL_DATA,true,true,false
CAP-23F2C3CCC368,Enforce Decision Active Governance,B12_ENDPOINT_REAL_DATA,ENDPOINT_REAL_DATA,docs/99-governance/pr-019-capability-discovery-audit/PR019_ACTIVE_CAPABILITY_CATALOG.json,false,true,true,ndsp-governance-bridge.service,ndsp-governance-bridge.service,DISCOVERY_REQUIRED,DISCOVERY_REQUIRED,UNKNOWN,MACHINE_EVIDENCE[REAL_DATA]::docs/99-governance/pr-019-capability-discovery-audit/PR019_ACTIVE_CAPABILITY_CATALOG.json,UNKNOWN,REAL_SNAPSHOT,REAL_DATA,true,true,false
CAP-24225EF8944D,Embedded Decision Layer Summary V134,B04_SERVICE_ENDPOINT_REAL_DATA,SERVICE_ENDPOINT_REAL_DATA,docs/99-governance/pr-019-capability-discovery-audit/PR019_ACTIVE_CAPABILITY_CATALOG.json,true,true,true,DISCOVERY_REQUIRED,DISCOVERY_REQUIRED,DISCOVERY_REQUIRED,DISCOVERY_REQUIRED,HTTP_API|JSON,HTTP_API|JSON,MOCK_ONLY,REAL_SNAPSHOT,REAL_DATA,true,true,false
CAP-24B10225D49C,Require Admin,B14_SERVICE_ONLY,SERVICE_ONLY,docs/99-governance/pr-019-capability-discovery-audit/PR019_ACTIVE_CAPABILITY_CATALOG.json,true,false,false,DISCOVERY_REQUIRED,DISCOVERY_REQUIRED,GET /status|POST /update|POST /test|GET /status|POST /update|POST /test,GET /status|POST /update|POST /test|GET /status|POST /update|POST /test,JSON|POSTGRES,JSON|POSTGRES,REAL_SNAPSHOT,REAL_SNAPSHOT,,false,true,false
CAP-2550A9AE98FE,Render Trials,B06_SERVICE_ENDPOINT,SERVICE_ENDPOINT,docs/99-governance/pr-019-capability-discovery-audit/PR019_ACTIVE_CAPABILITY_CATALOG.json,true,true,false,DISCOVERY_REQUIRED,DISCOVERY_REQUIRED,DISCOVERY_REQUIRED,DISCOVERY_REQUIRED,HTTP_API|JSON,HTTP_API|JSON,REAL_LIVE,REAL_LIVE,,false,true,false
CAP-26EC4D157EE6,Auth,B14_SERVICE_ONLY,SERVICE_ONLY,docs/99-governance/pr-019-capability-discovery-audit/PR019_ACTIVE_CAPABILITY_CATALOG.json,true,false,false,DISCOVERY_REQUIRED,DISCOVERY_REQUIRED,GET /health|POST /auth/register|POST /auth/login|GET /me|POST /feedback|POST /upgrade-request|GET /upgrade-requests/me|GET /admin/upgrade-requests|POST /admin/upgrade-requests/:id/review|GET /trial/status|GET /admin/feedback|POST /admin/feedback/:id/review|GET /notifications|POST /notifications/:id/read|GET /admin/notifications|POST /admin/notifications/send|GET /plans|GET /admin/plans|PUT /admin/plans/:id|POST /admin/plans/:id/features|DELETE /admin/plan-features/:id|PUT /admin/plans/:id/layers/:layerKey|GET /admin/stats|PUT /admin/users/:id|DELETE /admin/users/:id|GET /admin/users|POST /api/auth/2fa/setup/start|POST /api/auth/2fa/setup/confirm|POST /__retired_api_admin_users_action_legacy|POST /api/auth/2fa/setup/start|GET /api/admin/telegram-routing/status|POST /api/admin/telegram-routing/update|POST /api/admin/telegram-routing/test,GET /health|POST /auth/register|POST /auth/login|GET /me|POST /feedback|POST /upgrade-request|GET /upgrade-requests/me|GET /admin/upgrade-requests|POST /admin/upgrade-requests/:id/review|GET /trial/status|GET /admin/feedback|POST /admin/feedback/:id/review|GET /notifications|POST /notifications/:id/read|GET /admin/notifications|POST /admin/notifications/send|GET /plans|GET /admin/plans|PUT /admin/plans/:id|POST /admin/plans/:id/features|DELETE /admin/plan-features/:id|PUT /admin/plans/:id/layers/:layerKey|GET /admin/stats|PUT /admin/users/:id|DELETE /admin/users/:id|GET /admin/users|POST /api/auth/2fa/setup/start|POST /api/auth/2fa/setup/confirm|POST /__retired_api_admin_users_action_legacy|POST /api/auth/2fa/setup/start|GET /api/admin/telegram-routing/status|POST /api/admin/telegram-routing/update|POST /api/admin/telegram-routing/test,JSON,JSON,REAL_SNAPSHOT,REAL_SNAPSHOT,,false,true,false
CAP-271C117DF5B2,Trial Payload,B01_SERVICE_ENDPOINT_REAL_DATA,SERVICE_ENDPOINT_REAL_DATA,docs/99-governance/pr-019-capability-discovery-audit/PR019_ACTIVE_CAPABILITY_CATALOG.json,true,true,true,DISCOVERY_REQUIRED,DISCOVERY_REQUIRED,DISCOVERY_REQUIRED,DISCOVERY_REQUIRED,HTTP_API|JSON,HTTP_API|JSON,MOCK_ONLY,REAL_SNAPSHOT,REAL_DATA,true,true,false
CAP-27F8705FBD92,Active Trial,B01_SERVICE_ENDPOINT_REAL_DATA,SERVICE_ENDPOINT_REAL_DATA,docs/99-governance/pr-019-capability-discovery-audit/PR019_ACTIVE_CAPABILITY_CATALOG.json,true,true,true,DISCOVERY_REQUIRED,DISCOVERY_REQUIRED,DISCOVERY_REQUIRED,DISCOVERY_REQUIRED,HTTP_API|JSON,HTTP_API|JSON,MOCK_ONLY,REAL_SNAPSHOT,REAL_DATA,true,true,false
CAP-2885DFC3A9EA,Log Decision,B18_ENDPOINT_ONLY,ENDPOINT_ONLY,docs/99-governance/pr-019-capability-discovery-audit/PR019_ACTIVE_CAPABILITY_CATALOG.json,false,true,false,ndsp-governance-bridge.service,ndsp-governance-bridge.service,DISCOVERY_REQUIRED,DISCOVERY_REQUIRED,JSON,JSON,REAL_SNAPSHOT,REAL_SNAPSHOT,,false,true,false
CAP-28D8F9FFF6BB,Use Canonical Decision,B07_SERVICE_ENDPOINT,SERVICE_ENDPOINT,docs/99-governance/pr-019-capability-discovery-audit/PR019_ACTIVE_CAPABILITY_CATALOG.json,true,true,false,DISCOVERY_REQUIRED,DISCOVERY_REQUIRED,DISCOVERY_REQUIRED,DISCOVERY_REQUIRED,HTTP_API|JSON,HTTP_API|JSON,REAL_LIVE,REAL_LIVE,,false,true,false
CAP-291C5498F747,Attach Tdl Trade Horizon Addons,B01_SERVICE_ENDPOINT_REAL_DATA,SERVICE_ENDPOINT_REAL_DATA,docs/99-governance/pr-019-capability-discovery-audit/PR019_ACTIVE_CAPABILITY_CATALOG.json,true,true,true,DISCOVERY_REQUIRED,DISCOVERY_REQUIRED,DISCOVERY_REQUIRED,DISCOVERY_REQUIRED,UNKNOWN,MACHINE_EVIDENCE[REAL_DATA]::docs/99-governance/pr-019-capability-discovery-audit/PR019_ACTIVE_CAPABILITY_CATALOG.json,UNKNOWN,REAL_SNAPSHOT,REAL_DATA,true,true,false
CAP-29DA9A6A11F0,Manual Cot Provider,B01_SERVICE_ENDPOINT_REAL_DATA,SERVICE_ENDPOINT_REAL_DATA,docs/99-governance/pr-019-capability-discovery-audit/PR019_ACTIVE_CAPABILITY_CATALOG.json,true,true,true,DISCOVERY_REQUIRED,DISCOVERY_REQUIRED,DISCOVERY_REQUIRED,DISCOVERY_REQUIRED,UNKNOWN,MACHINE_EVIDENCE[REAL_DATA]::docs/99-governance/pr-019-capability-discovery-audit/PR019_ACTIVE_CAPABILITY_CATALOG.json,UNKNOWN,REAL_SNAPSHOT,REAL_DATA,true,true,false
CAP-29DCBEF0D49C,Ndsp Nowpayments,B15_SERVICE_ONLY,SERVICE_ONLY,docs/99-governance/pr-019-capability-discovery-audit/PR019_ACTIVE_CAPABILITY_CATALOG.json,true,false,false,DISCOVERY_REQUIRED,DISCOVERY_REQUIRED,POST /checkout/create,POST /checkout/create,HTTP_API|JSON|POSTGRES,HTTP_API|JSON|POSTGRES,REAL_LIVE,REAL_LIVE,,false,true,false
CAP-2AB7983B84B5,Ndsp 16 Layers,B12_ENDPOINT_REAL_DATA,ENDPOINT_REAL_DATA,docs/99-governance/pr-019-capability-discovery-audit/PR019_ACTIVE_CAPABILITY_CATALOG.json,false,true,true,ndsp-16-layers.service,ndsp-16-layers.service,DISCOVERY_REQUIRED,DISCOVERY_REQUIRED,UNKNOWN,MACHINE_EVIDENCE[REAL_DATA]::docs/99-governance/pr-019-capability-discovery-audit/PR019_ACTIVE_CAPABILITY_CATALOG.json,UNKNOWN,REAL_SNAPSHOT,REAL_DATA,true,true,false
CAP-2B9AC68DB1D6,Assert No Decision Mutation,B13_ENDPOINT_REAL_DATA,ENDPOINT_REAL_DATA,docs/99-governance/pr-019-capability-discovery-audit/PR019_ACTIVE_CAPABILITY_CATALOG.json,false,true,true,ndsp-scenario-levels-adapter.service,ndsp-scenario-levels-adapter.service,DISCOVERY_REQUIRED,DISCOVERY_REQUIRED,UNKNOWN,MACHINE_EVIDENCE[REAL_DATA]::docs/99-governance/pr-019-capability-discovery-audit/PR019_ACTIVE_CAPABILITY_CATALOG.json,UNKNOWN,REAL_SNAPSHOT,REAL_DATA,true,true,false
CAP-2CC212BF4F8E,Frontend Contract,B10_SERVICE_REAL_DATA,SERVICE_REAL_DATA,docs/99-governance/pr-019-capability-discovery-audit/PR019_ACTIVE_CAPABILITY_CATALOG.json,true,false,true,DISCOVERY_REQUIRED,DISCOVERY_REQUIRED,DELETE /me/watchlist/{asset_id},DELETE /me/watchlist/{asset_id},UNKNOWN,MACHINE_EVIDENCE[REAL_DATA]::docs/99-governance/pr-019-capability-discovery-audit/PR019_ACTIVE_CAPABILITY_CATALOG.json,UNKNOWN,REAL_SNAPSHOT,REAL_DATA,true,true,false
CAP-2CCF288AB3A6,Test Snapshot Evaluates Through Existing Cot Engine,B06_SERVICE_ENDPOINT,SERVICE_ENDPOINT,docs/99-governance/pr-019-capability-discovery-audit/PR019_ACTIVE_CAPABILITY_CATALOG.json,true,true,false,DISCOVERY_REQUIRED,DISCOVERY_REQUIRED,DISCOVERY_REQUIRED,DISCOVERY_REQUIRED,JSON,JSON,REAL_SNAPSHOT,REAL_SNAPSHOT,,false,true,false
CAP-2CD14474428C,Ndsp Market Data Bridge V2,B12_ENDPOINT_REAL_DATA,ENDPOINT_REAL_DATA,docs/99-governance/pr-019-capability-discovery-audit/PR019_ACTIVE_CAPABILITY_CATALOG.json,false,true,true,ndsp-market-data-bridge-v2.service,ndsp-market-data-bridge-v2.service,DISCOVERY_REQUIRED,DISCOVERY_REQUIRED,UNKNOWN,MACHINE_EVIDENCE[REAL_DATA]::docs/99-governance/pr-019-capability-discovery-audit/PR019_ACTIVE_CAPABILITY_CATALOG.json,UNKNOWN,REAL_SNAPSHOT,REAL_DATA,true,true,false
CAP-2CD69A7EA838,Frontend Contract,B10_SERVICE_REAL_DATA,SERVICE_REAL_DATA,docs/99-governance/pr-019-capability-discovery-audit/PR019_ACTIVE_CAPABILITY_CATALOG.json,true,false,true,DISCOVERY_REQUIRED,DISCOVERY_REQUIRED,POST /auth/register,POST /auth/register,UNKNOWN,MACHINE_EVIDENCE[REAL_DATA]::docs/99-governance/pr-019-capability-discovery-audit/PR019_ACTIVE_CAPABILITY_CATALOG.json,UNKNOWN,REAL_SNAPSHOT,REAL_DATA,true,true,false
CAP-2E15AE9B9255,Decision Quality Stack,B01_SERVICE_ENDPOINT_REAL_DATA,SERVICE_ENDPOINT_REAL_DATA,docs/99-governance/pr-019-capability-discovery-audit/PR019_ACTIVE_CAPABILITY_CATALOG.json,true,true,true,DISCOVERY_REQUIRED,DISCOVERY_REQUIRED,DISCOVERY_REQUIRED,DISCOVERY_REQUIRED,UNKNOWN,MACHINE_EVIDENCE[REAL_DATA]::docs/99-governance/pr-019-capability-discovery-audit/PR019_ACTIVE_CAPABILITY_CATALOG.json,UNKNOWN,REAL_SNAPSHOT,REAL_DATA,true,true,false
CAP-2E1E7FA99FCC,Decision State,B01_SERVICE_ENDPOINT_REAL_DATA,SERVICE_ENDPOINT_REAL_DATA,docs/99-governance/pr-019-capability-discovery-audit/PR019_ACTIVE_CAPABILITY_CATALOG.json,true,true,true,DISCOVERY_REQUIRED,DISCOVERY_REQUIRED,DISCOVERY_REQUIRED,DISCOVERY_REQUIRED,UNKNOWN,MACHINE_EVIDENCE[REAL_DATA]::docs/99-governance/pr-019-capability-discovery-audit/PR019_ACTIVE_CAPABILITY_CATALOG.json,UNKNOWN,REAL_SNAPSHOT,REAL_DATA,true,true,false
CAP-2ED1FB8B8919,Restore Decision From Layers If False Neutral,B12_ENDPOINT_REAL_DATA,ENDPOINT_REAL_DATA,docs/99-governance/pr-019-capability-discovery-audit/PR019_ACTIVE_CAPABILITY_CATALOG.json,false,true,true,ndsp-governance-bridge.service,ndsp-governance-bridge.service,DISCOVERY_REQUIRED,DISCOVERY_REQUIRED,UNKNOWN,MACHINE_EVIDENCE[REAL_DATA]::docs/99-governance/pr-019-capability-discovery-audit/PR019_ACTIVE_CAPABILITY_CATALOG.json,UNKNOWN,REAL_SNAPSHOT,REAL_DATA,true,true,false
CAP-314BD6FF968F,L12 Risk Engine,B01_SERVICE_ENDPOINT_REAL_DATA,SERVICE_ENDPOINT_REAL_DATA,docs/99-governance/pr-019-capability-discovery-audit/PR019_ACTIVE_CAPABILITY_CATALOG.json,true,true,true,DISCOVERY_REQUIRED,DISCOVERY_REQUIRED,DISCOVERY_REQUIRED,DISCOVERY_REQUIRED,UNKNOWN,MACHINE_EVIDENCE[REAL_DATA]::docs/99-governance/pr-019-capability-discovery-audit/PR019_ACTIVE_CAPABILITY_CATALOG.json,UNKNOWN,REAL_SNAPSHOT,REAL_DATA,true,true,false
CAP-329C5FE62399,Nowpayments Create Alias,B15_SERVICE_ONLY,SERVICE_ONLY,docs/99-governance/pr-019-capability-discovery-audit/PR019_ACTIVE_CAPABILITY_CATALOG.json,true,false,false,DISCOVERY_REQUIRED,DISCOVERY_REQUIRED,POST /api/v6/payments/nowpayments/subscription/create,POST /api/v6/payments/nowpayments/subscription/create,JSON|POSTGRES,JSON|POSTGRES,REAL_SNAPSHOT,REAL_SNAPSHOT,,false,true,false
CAP-344E17716BB9,Evaluate L15 Final Decision,B06_SERVICE_ENDPOINT,SERVICE_ENDPOINT,docs/99-governance/pr-019-capability-discovery-audit/PR019_ACTIVE_CAPABILITY_CATALOG.json,true,true,false,DISCOVERY_REQUIRED,DISCOVERY_REQUIRED,DISCOVERY_REQUIRED,DISCOVERY_REQUIRED,JSON,JSON,REAL_SNAPSHOT,REAL_SNAPSHOT,,false,true,false
CAP-34C595F25781,Compute Market Positioning,B01_SERVICE_ENDPOINT_REAL_DATA,SERVICE_ENDPOINT_REAL_DATA,docs/99-governance/pr-019-capability-discovery-audit/PR019_ACTIVE_CAPABILITY_CATALOG.json,true,true,true,DISCOVERY_REQUIRED,DISCOVERY_REQUIRED,DISCOVERY_REQUIRED,DISCOVERY_REQUIRED,UNKNOWN,MACHINE_EVIDENCE[REAL_DATA]::docs/99-governance/pr-019-capability-discovery-audit/PR019_ACTIVE_CAPABILITY_CATALOG.json,UNKNOWN,REAL_SNAPSHOT,REAL_DATA,true,true,false
CAP-354A758262E8,V40 Shape Decision Payload,B18_ENDPOINT_ONLY,ENDPOINT_ONLY,docs/99-governance/pr-019-capability-discovery-audit/PR019_ACTIVE_CAPABILITY_CATALOG.json,false,true,false,ndsp-platform-gateway.service,ndsp-platform-gateway.service,DISCOVERY_REQUIRED,DISCOVERY_REQUIRED,JSON,JSON,REAL_SNAPSHOT,REAL_SNAPSHOT,,false,true,false
CAP-367A94FB6D59,Auth Register,B09_SERVICE_REAL_DATA,SERVICE_REAL_DATA,docs/99-governance/pr-019-capability-discovery-audit/PR019_ACTIVE_CAPABILITY_CATALOG.json,true,false,true,DISCOVERY_REQUIRED,DISCOVERY_REQUIRED,GET /contract/status|POST /auth/register|POST /auth/login|POST /auth/2fa/verify|POST /auth/magic-link|GET /auth/magic-link/verify|POST /auth/forgot|POST /auth/reset|POST /account/activate|GET /account/trial|GET /packages|GET /me/entitlements|POST /payments/checkout|POST /payments/webhook|GET /me/subscription|GET /markets|GET /assets|GET /assets/{asset_id}/decision|GET /assets/{asset_id}/chart|GET /brief/today|GET /me/watchlist|POST /me/watchlist|DELETE /me/watchlist/{asset_id}|GET /me/dashboard|GET /me/alert-prefs|PUT /me/alert-prefs|POST /me/channels/telegram/link|POST /me/channels/telegram/verify|POST /me/channels/email/test|GET /admin/registrations|POST /admin/registrations/{registration_id}/decision|GET /admin/trials|GET /admin/payments|POST /admin/payments/{payment_id}/approve|POST /admin/payments/{payment_id}/reject|GET /admin/layers|GET /admin/health|GET /contract/status|POST /auth/register|POST /auth/login|POST /auth/2fa/verify|POST /auth/magic-link|GET /auth/magic-link/verify|POST /auth/forgot|POST /auth/reset|POST /account/activate|GET /account/trial|GET /packages|GET /me/entitlements|POST /payments/checkout|POST /payments/webhook|GET /me/subscription|GET /markets|GET /assets|GET /assets/{asset_id}/decision|GET /assets/{asset_id}/chart|GET /brief/today|GET /me/watchlist|POST /me/watchlist|DELETE /me/watchlist/{asset_id}|GET /me/dashboard|GET /me/alert-prefs|PUT /me/alert-prefs|POST /me/channels/telegram/link|POST /me/channels/telegram/verify|POST /me/channels/email/test|GET /admin/registrations|POST /admin/registrations/{registration_id}/decision|GET /admin/trials|GET /admin/payments|POST /admin/payments/{payment_id}/approve|POST /admin/payments/{payment_id}/reject|GET /admin/layers|GET /admin/health,GET /contract/status|POST /auth/register|POST /auth/login|POST /auth/2fa/verify|POST /auth/magic-link|GET /auth/magic-link/verify|POST /auth/forgot|POST /auth/reset|POST /account/activate|GET /account/trial|GET /packages|GET /me/entitlements|POST /payments/checkout|POST /payments/webhook|GET /me/subscription|GET /markets|GET /assets|GET /assets/{asset_id}/decision|GET /assets/{asset_id}/chart|GET /brief/today|GET /me/watchlist|POST /me/watchlist|DELETE /me/watchlist/{asset_id}|GET /me/dashboard|GET /me/alert-prefs|PUT /me/alert-prefs|POST /me/channels/telegram/link|POST /me/channels/telegram/verify|POST /me/channels/email/test|GET /admin/registrations|POST /admin/registrations/{registration_id}/decision|GET /admin/trials|GET /admin/payments|POST /admin/payments/{payment_id}/approve|POST /admin/payments/{payment_id}/reject|GET /admin/layers|GET /admin/health|GET /contract/status|POST /auth/register|POST /auth/login|POST /auth/2fa/verify|POST /auth/magic-link|GET /auth/magic-link/verify|POST /auth/forgot|POST /auth/reset|POST /account/activate|GET /account/trial|GET /packages|GET /me/entitlements|POST /payments/checkout|POST /payments/webhook|GET /me/subscription|GET /markets|GET /assets|GET /assets/{asset_id}/decision|GET /assets/{asset_id}/chart|GET /brief/today|GET /me/watchlist|POST /me/watchlist|DELETE /me/watchlist/{asset_id}|GET /me/dashboard|GET /me/alert-prefs|PUT /me/alert-prefs|POST /me/channels/telegram/link|POST /me/channels/telegram/verify|POST /me/channels/email/test|GET /admin/registrations|POST /admin/registrations/{registration_id}/decision|GET /admin/trials|GET /admin/payments|POST /admin/payments/{payment_id}/approve|POST /admin/payments/{payment_id}/reject|GET /admin/layers|GET /admin/health,UNKNOWN,MACHINE_EVIDENCE[REAL_DATA]::docs/99-governance/pr-019-capability-discovery-audit/PR019_ACTIVE_CAPABILITY_CATALOG.json,UNKNOWN,REAL_SNAPSHOT,REAL_DATA,true,true,false
CAP-3836195F0EC6,Forward To Trial Gateway,B18_ENDPOINT_ONLY,ENDPOINT_ONLY,docs/99-governance/pr-019-capability-discovery-audit/PR019_ACTIVE_CAPABILITY_CATALOG.json,false,true,false,ndsp-trial-fingerprint-guard.service,ndsp-trial-fingerprint-guard.service,DISCOVERY_REQUIRED,DISCOVERY_REQUIRED,JSON|POSTGRES,JSON|POSTGRES,REAL_SNAPSHOT,REAL_SNAPSHOT,,false,true,false
CAP-38A2585A38E0,Admin Registrations,B09_SERVICE_REAL_DATA,SERVICE_REAL_DATA,docs/99-governance/pr-019-capability-discovery-audit/PR019_ACTIVE_CAPABILITY_CATALOG.json,true,false,true,DISCOVERY_REQUIRED,DISCOVERY_REQUIRED,GET /contract/status|POST /auth/register|POST /auth/login|POST /auth/2fa/verify|POST /auth/magic-link|GET /auth/magic-link/verify|POST /auth/forgot|POST /auth/reset|POST /account/activate|GET /account/trial|GET /packages|GET /me/entitlements|POST /payments/checkout|POST /payments/webhook|GET /me/subscription|GET /markets|GET /assets|GET /assets/{asset_id}/decision|GET /assets/{asset_id}/chart|GET /brief/today|GET /me/watchlist|POST /me/watchlist|DELETE /me/watchlist/{asset_id}|GET /me/dashboard|GET /me/alert-prefs|PUT /me/alert-prefs|POST /me/channels/telegram/link|POST /me/channels/telegram/verify|POST /me/channels/email/test|GET /admin/registrations|POST /admin/registrations/{registration_id}/decision|GET /admin/trials|GET /admin/payments|POST /admin/payments/{payment_id}/approve|POST /admin/payments/{payment_id}/reject|GET /admin/layers|GET /admin/health|GET /contract/status|POST /auth/register|POST /auth/login|POST /auth/2fa/verify|POST /auth/magic-link|GET /auth/magic-link/verify|POST /auth/forgot|POST /auth/reset|POST /account/activate|GET /account/trial|GET /packages|GET /me/entitlements|POST /payments/checkout|POST /payments/webhook|GET /me/subscription|GET /markets|GET /assets|GET /assets/{asset_id}/decision|GET /assets/{asset_id}/chart|GET /brief/today|GET /me/watchlist|POST /me/watchlist|DELETE /me/watchlist/{asset_id}|GET /me/dashboard|GET /me/alert-prefs|PUT /me/alert-prefs|POST /me/channels/telegram/link|POST /me/channels/telegram/verify|POST /me/channels/email/test|GET /admin/registrations|POST /admin/registrations/{registration_id}/decision|GET /admin/trials|GET /admin/payments|POST /admin/payments/{payment_id}/approve|POST /admin/payments/{payment_id}/reject|GET /admin/layers|GET /admin/health,GET /contract/status|POST /auth/register|POST /auth/login|POST /auth/2fa/verify|POST /auth/magic-link|GET /auth/magic-link/verify|POST /auth/forgot|POST /auth/reset|POST /account/activate|GET /account/trial|GET /packages|GET /me/entitlements|POST /payments/checkout|POST /payments/webhook|GET /me/subscription|GET /markets|GET /assets|GET /assets/{asset_id}/decision|GET /assets/{asset_id}/chart|GET /brief/today|GET /me/watchlist|POST /me/watchlist|DELETE /me/watchlist/{asset_id}|GET /me/dashboard|GET /me/alert-prefs|PUT /me/alert-prefs|POST /me/channels/telegram/link|POST /me/channels/telegram/verify|POST /me/channels/email/test|GET /admin/registrations|POST /admin/registrations/{registration_id}/decision|GET /admin/trials|GET /admin/payments|POST /admin/payments/{payment_id}/approve|POST /admin/payments/{payment_id}/reject|GET /admin/layers|GET /admin/health|GET /contract/status|POST /auth/register|POST /auth/login|POST /auth/2fa/verify|POST /auth/magic-link|GET /auth/magic-link/verify|POST /auth/forgot|POST /auth/reset|POST /account/activate|GET /account/trial|GET /packages|GET /me/entitlements|POST /payments/checkout|POST /payments/webhook|GET /me/subscription|GET /markets|GET /assets|GET /assets/{asset_id}/decision|GET /assets/{asset_id}/chart|GET /brief/today|GET /me/watchlist|POST /me/watchlist|DELETE /me/watchlist/{asset_id}|GET /me/dashboard|GET /me/alert-prefs|PUT /me/alert-prefs|POST /me/channels/telegram/link|POST /me/channels/telegram/verify|POST /me/channels/email/test|GET /admin/registrations|POST /admin/registrations/{registration_id}/decision|GET /admin/trials|GET /admin/payments|POST /admin/payments/{payment_id}/approve|POST /admin/payments/{payment_id}/reject|GET /admin/layers|GET /admin/health,UNKNOWN,MACHINE_EVIDENCE[REAL_DATA]::docs/99-governance/pr-019-capability-discovery-audit/PR019_ACTIVE_CAPABILITY_CATALOG.json,UNKNOWN,REAL_SNAPSHOT,REAL_DATA,true,true,false
CAP-393D853966BA,Candidate Score,B04_SERVICE_ENDPOINT_REAL_DATA,SERVICE_ENDPOINT_REAL_DATA,docs/99-governance/pr-019-capability-discovery-audit/PR019_ACTIVE_CAPABILITY_CATALOG.json,true,true,true,DISCOVERY_REQUIRED,DISCOVERY_REQUIRED,DISCOVERY_REQUIRED,DISCOVERY_REQUIRED,UNKNOWN,MACHINE_EVIDENCE[REAL_DATA]::docs/99-governance/pr-019-capability-discovery-audit/PR019_ACTIVE_CAPABILITY_CATALOG.json,UNKNOWN,REAL_SNAPSHOT,REAL_DATA,true,true,false
CAP-3965B46743DE,Frontend Contract,B10_SERVICE_REAL_DATA,SERVICE_REAL_DATA,docs/99-governance/pr-019-capability-discovery-audit/PR019_ACTIVE_CAPABILITY_CATALOG.json,true,false,true,DISCOVERY_REQUIRED,DISCOVERY_REQUIRED,POST /admin/registrations/{registration_id}/decision,POST /admin/registrations/{registration_id}/decision,UNKNOWN,MACHINE_EVIDENCE[REAL_DATA]::docs/99-governance/pr-019-capability-discovery-audit/PR019_ACTIVE_CAPABILITY_CATALOG.json,UNKNOWN,REAL_SNAPSHOT,REAL_DATA,true,true,false
CAP-399F19D9DFDF,Governance Mode Public,B18_ENDPOINT_ONLY,ENDPOINT_ONLY,docs/99-governance/pr-019-capability-discovery-audit/PR019_ACTIVE_CAPABILITY_CATALOG.json,false,true,false,ndsp-governance-bridge.service,ndsp-governance-bridge.service,DISCOVERY_REQUIRED,DISCOVERY_REQUIRED,JSON,JSON,REAL_SNAPSHOT,REAL_SNAPSHOT,,false,true,false
CAP-39A4FC2ADB6A,Context Engines,B01_SERVICE_ENDPOINT_REAL_DATA,SERVICE_ENDPOINT_REAL_DATA,docs/99-governance/pr-019-capability-discovery-audit/PR019_ACTIVE_CAPABILITY_CATALOG.json,true,true,true,DISCOVERY_REQUIRED,DISCOVERY_REQUIRED,DISCOVERY_REQUIRED,DISCOVERY_REQUIRED,UNKNOWN,MACHINE_EVIDENCE[REAL_DATA]::docs/99-governance/pr-019-capability-discovery-audit/PR019_ACTIVE_CAPABILITY_CATALOG.json,UNKNOWN,REAL_SNAPSHOT,REAL_DATA,true,true,false
CAP-3A5ED3DB0C0D,Risk Label,B13_ENDPOINT_REAL_DATA,ENDPOINT_REAL_DATA,docs/99-governance/pr-019-capability-discovery-audit/PR019_ACTIVE_CAPABILITY_CATALOG.json,false,true,true,ndsp-scenario-levels-adapter.service,ndsp-scenario-levels-adapter.service,DISCOVERY_REQUIRED,DISCOVERY_REQUIRED,UNKNOWN,MACHINE_EVIDENCE[REAL_DATA]::docs/99-governance/pr-019-capability-discovery-audit/PR019_ACTIVE_CAPABILITY_CATALOG.json,REAL_LIVE,REAL_LIVE,REAL_DATA,true,true,false
CAP-3A7CE980BBA5,Get Authority Signs,B01_SERVICE_ENDPOINT_REAL_DATA,SERVICE_ENDPOINT_REAL_DATA,docs/99-governance/pr-019-capability-discovery-audit/PR019_ACTIVE_CAPABILITY_CATALOG.json,true,true,true,DISCOVERY_REQUIRED,DISCOVERY_REQUIRED,DISCOVERY_REQUIRED,DISCOVERY_REQUIRED,UNKNOWN,MACHINE_EVIDENCE[REAL_DATA]::docs/99-governance/pr-019-capability-discovery-audit/PR019_ACTIVE_CAPABILITY_CATALOG.json,UNKNOWN,REAL_SNAPSHOT,REAL_DATA,true,true,false
CAP-3CAAC6E360D3,Authorize Decision Request,B18_ENDPOINT_ONLY,ENDPOINT_ONLY,docs/99-governance/pr-019-capability-discovery-audit/PR019_ACTIVE_CAPABILITY_CATALOG.json,false,true,false,ndsp-platform-gateway.service,ndsp-platform-gateway.service,DISCOVERY_REQUIRED,DISCOVERY_REQUIRED,JSON,JSON,REAL_SNAPSHOT,REAL_SNAPSHOT,,false,true,false
CAP-3F820FC0AC86,Ndsp User Portal Final Experience V1 One Script,B15_SERVICE_ONLY,SERVICE_ONLY,docs/99-governance/pr-019-capability-discovery-audit/PR019_ACTIVE_CAPABILITY_CATALOG.json,true,false,false,DISCOVERY_REQUIRED,DISCOVERY_REQUIRED,GET /api/auth/session,GET /api/auth/session,HTTP_API|JSON|POSTGRES,HTTP_API|JSON|POSTGRES,REAL_LIVE,REAL_LIVE,,false,true,false
CAP-3F9549B2B851,User Operational Compat,B15_SERVICE_ONLY,SERVICE_ONLY,docs/99-governance/pr-019-capability-discovery-audit/PR019_ACTIVE_CAPABILITY_CATALOG.json,true,false,false,DISCOVERY_REQUIRED,DISCOVERY_REQUIRED,POST /api/trial/request,POST /api/trial/request,JSON|POSTGRES,JSON|POSTGRES,REAL_SNAPSHOT,REAL_SNAPSHOT,,false,true,false
CAP-3FBDCF7CE0E5,Admin Payment Approve,B09_SERVICE_REAL_DATA,SERVICE_REAL_DATA,docs/99-governance/pr-019-capability-discovery-audit/PR019_ACTIVE_CAPABILITY_CATALOG.json,true,false,true,DISCOVERY_REQUIRED,DISCOVERY_REQUIRED,GET /contract/status|POST /auth/register|POST /auth/login|POST /auth/2fa/verify|POST /auth/magic-link|GET /auth/magic-link/verify|POST /auth/forgot|POST /auth/reset|POST /account/activate|GET /account/trial|GET /packages|GET /me/entitlements|POST /payments/checkout|POST /payments/webhook|GET /me/subscription|GET /markets|GET /assets|GET /assets/{asset_id}/decision|GET /assets/{asset_id}/chart|GET /brief/today|GET /me/watchlist|POST /me/watchlist|DELETE /me/watchlist/{asset_id}|GET /me/dashboard|GET /me/alert-prefs|PUT /me/alert-prefs|POST /me/channels/telegram/link|POST /me/channels/telegram/verify|POST /me/channels/email/test|GET /admin/registrations|POST /admin/registrations/{registration_id}/decision|GET /admin/trials|GET /admin/payments|POST /admin/payments/{payment_id}/approve|POST /admin/payments/{payment_id}/reject|GET /admin/layers|GET /admin/health|GET /contract/status|POST /auth/register|POST /auth/login|POST /auth/2fa/verify|POST /auth/magic-link|GET /auth/magic-link/verify|POST /auth/forgot|POST /auth/reset|POST /account/activate|GET /account/trial|GET /packages|GET /me/entitlements|POST /payments/checkout|POST /payments/webhook|GET /me/subscription|GET /markets|GET /assets|GET /assets/{asset_id}/decision|GET /assets/{asset_id}/chart|GET /brief/today|GET /me/watchlist|POST /me/watchlist|DELETE /me/watchlist/{asset_id}|GET /me/dashboard|GET /me/alert-prefs|PUT /me/alert-prefs|POST /me/channels/telegram/link|POST /me/channels/telegram/verify|POST /me/channels/email/test|GET /admin/registrations|POST /admin/registrations/{registration_id}/decision|GET /admin/trials|GET /admin/payments|POST /admin/payments/{payment_id}/approve|POST /admin/payments/{payment_id}/reject|GET /admin/layers|GET /admin/health,GET /contract/status|POST /auth/register|POST /auth/login|POST /auth/2fa/verify|POST /auth/magic-link|GET /auth/magic-link/verify|POST /auth/forgot|POST /auth/reset|POST /account/activate|GET /account/trial|GET /packages|GET /me/entitlements|POST /payments/checkout|POST /payments/webhook|GET /me/subscription|GET /markets|GET /assets|GET /assets/{asset_id}/decision|GET /assets/{asset_id}/chart|GET /brief/today|GET /me/watchlist|POST /me/watchlist|DELETE /me/watchlist/{asset_id}|GET /me/dashboard|GET /me/alert-prefs|PUT /me/alert-prefs|POST /me/channels/telegram/link|POST /me/channels/telegram/verify|POST /me/channels/email/test|GET /admin/registrations|POST /admin/registrations/{registration_id}/decision|GET /admin/trials|GET /admin/payments|POST /admin/payments/{payment_id}/approve|POST /admin/payments/{payment_id}/reject|GET /admin/layers|GET /admin/health|GET /contract/status|POST /auth/register|POST /auth/login|POST /auth/2fa/verify|POST /auth/magic-link|GET /auth/magic-link/verify|POST /auth/forgot|POST /auth/reset|POST /account/activate|GET /account/trial|GET /packages|GET /me/entitlements|POST /payments/checkout|POST /payments/webhook|GET /me/subscription|GET /markets|GET /assets|GET /assets/{asset_id}/decision|GET /assets/{asset_id}/chart|GET /brief/today|GET /me/watchlist|POST /me/watchlist|DELETE /me/watchlist/{asset_id}|GET /me/dashboard|GET /me/alert-prefs|PUT /me/alert-prefs|POST /me/channels/telegram/link|POST /me/channels/telegram/verify|POST /me/channels/email/test|GET /admin/registrations|POST /admin/registrations/{registration_id}/decision|GET /admin/trials|GET /admin/payments|POST /admin/payments/{payment_id}/approve|POST /admin/payments/{payment_id}/reject|GET /admin/layers|GET /admin/health,UNKNOWN,MACHINE_EVIDENCE[REAL_DATA]::docs/99-governance/pr-019-capability-discovery-audit/PR019_ACTIVE_CAPABILITY_CATALOG.json,UNKNOWN,REAL_SNAPSHOT,REAL_DATA,true,true,false
CAP-3FE052703CF3,Use Completed Decisions V37,B07_SERVICE_ENDPOINT,SERVICE_ENDPOINT,docs/99-governance/pr-019-capability-discovery-audit/PR019_ACTIVE_CAPABILITY_CATALOG.json,true,true,false,DISCOVERY_REQUIRED,DISCOVERY_REQUIRED,DISCOVERY_REQUIRED,DISCOVERY_REQUIRED,HTTP_API|JSON,HTTP_API|JSON,REAL_LIVE,REAL_LIVE,,false,true,false
CAP-40B67109053A,User Key,B06_SERVICE_ENDPOINT,SERVICE_ENDPOINT,docs/99-governance/pr-019-capability-discovery-audit/PR019_ACTIVE_CAPABILITY_CATALOG.json,true,true,false,DISCOVERY_REQUIRED,DISCOVERY_REQUIRED,DISCOVERY_REQUIRED,DISCOVERY_REQUIRED,JSON,JSON,REAL_SNAPSHOT,REAL_SNAPSHOT,,false,true,false
CAP-40BEBA7E4C4F,Ndsp Admin User Ops,B12_ENDPOINT_REAL_DATA,ENDPOINT_REAL_DATA,docs/99-governance/pr-019-capability-discovery-audit/PR019_ACTIVE_CAPABILITY_CATALOG.json,false,true,true,ndsp-admin-user-ops.service,ndsp-admin-user-ops.service,DISCOVERY_REQUIRED,DISCOVERY_REQUIRED,UNKNOWN,MACHINE_EVIDENCE[REAL_DATA]::docs/99-governance/pr-019-capability-discovery-audit/PR019_ACTIVE_CAPABILITY_CATALOG.json,UNKNOWN,REAL_SNAPSHOT,REAL_DATA,true,true,false
CAP-423A0277D2B0,Parse Quality,B18_ENDPOINT_ONLY,ENDPOINT_ONLY,docs/99-governance/pr-019-capability-discovery-audit/PR019_ACTIVE_CAPABILITY_CATALOG.json,false,true,false,ndsp-quality-live-golden-wrapper.service,ndsp-quality-live-golden-wrapper.service,DISCOVERY_REQUIRED,DISCOVERY_REQUIRED,JSON,JSON,REAL_SNAPSHOT,REAL_SNAPSHOT,,false,true,false
CAP-423A14E667A6,Ndsp News Ticker,B12_ENDPOINT_REAL_DATA,ENDPOINT_REAL_DATA,docs/99-governance/pr-019-capability-discovery-audit/PR019_ACTIVE_CAPABILITY_CATALOG.json,false,true,true,ndsp-news-ticker.service,ndsp-news-ticker.service,DISCOVERY_REQUIRED,DISCOVERY_REQUIRED,UNKNOWN,MACHINE_EVIDENCE[REAL_DATA]::docs/99-governance/pr-019-capability-discovery-audit/PR019_ACTIVE_CAPABILITY_CATALOG.json,UNKNOWN,REAL_SNAPSHOT,REAL_DATA,true,true,false
CAP-425426D4A96B,User Operational Compat,B15_SERVICE_ONLY,SERVICE_ONLY,docs/99-governance/pr-019-capability-discovery-audit/PR019_ACTIVE_CAPABILITY_CATALOG.json,true,false,false,DISCOVERY_REQUIRED,DISCOVERY_REQUIRED,GET /api/auth/activate,GET /api/auth/activate,JSON|POSTGRES,JSON|POSTGRES,REAL_SNAPSHOT,REAL_SNAPSHOT,,false,true,false
CAP-429E344E9B10,Install Ndsp Decision Governance,B06_SERVICE_ENDPOINT,SERVICE_ENDPOINT,docs/99-governance/pr-019-capability-discovery-audit/PR019_ACTIVE_CAPABILITY_CATALOG.json,true,true,false,DISCOVERY_REQUIRED,DISCOVERY_REQUIRED,DISCOVERY_REQUIRED,DISCOVERY_REQUIRED,JSON,JSON,REAL_SNAPSHOT,REAL_SNAPSHOT,,false,true,false
CAP-42E4316C88FD,Markets Page,B04_SERVICE_ENDPOINT_REAL_DATA,SERVICE_ENDPOINT_REAL_DATA,docs/99-governance/pr-019-capability-discovery-audit/PR019_ACTIVE_CAPABILITY_CATALOG.json,true,true,true,DISCOVERY_REQUIRED,DISCOVERY_REQUIRED,DISCOVERY_REQUIRED,DISCOVERY_REQUIRED,HTTP_API|JSON,HTTP_API|JSON,MOCK_ONLY,REAL_SNAPSHOT,REAL_DATA,true,true,false
CAP-439EB8A1AE69,Admin Mail To,B18_ENDPOINT_ONLY,ENDPOINT_ONLY,docs/99-governance/pr-019-capability-discovery-audit/PR019_ACTIVE_CAPABILITY_CATALOG.json,false,true,false,ndsp-trial-register.service,ndsp-trial-register.service,DISCOVERY_REQUIRED,DISCOVERY_REQUIRED,JSON|POSTGRES,JSON|POSTGRES,REAL_SNAPSHOT,REAL_SNAPSHOT,,false,true,false
CAP-43DC89894352,Require Admin,B14_SERVICE_ONLY,SERVICE_ONLY,docs/99-governance/pr-019-capability-discovery-audit/PR019_ACTIVE_CAPABILITY_CATALOG.json,true,false,false,DISCOVERY_REQUIRED,DISCOVERY_REQUIRED,GET /status|POST /update|POST /test|GET /debug-auth|GET /status|POST /update|POST /test|GET /debug-auth,GET /status|POST /update|POST /test|GET /debug-auth|GET /status|POST /update|POST /test|GET /debug-auth,JSON|POSTGRES,JSON|POSTGRES,REAL_SNAPSHOT,REAL_SNAPSHOT,,false,true,false
CAP-4515D5FBBBF3,Framework Adapter,B15_SERVICE_ONLY,SERVICE_ONLY,docs/99-governance/pr-019-capability-discovery-audit/PR019_ACTIVE_CAPABILITY_CATALOG.json,true,false,false,DISCOVERY_REQUIRED,DISCOVERY_REQUIRED,GET /about,GET /about,JSON,JSON,REAL_SNAPSHOT,REAL_SNAPSHOT,,false,true,false
CAP-45BEE5E5B9D6,Telegram Routing V2,B15_SERVICE_ONLY,SERVICE_ONLY,docs/99-governance/pr-019-capability-discovery-audit/PR019_ACTIVE_CAPABILITY_CATALOG.json,true,false,false,DISCOVERY_REQUIRED,DISCOVERY_REQUIRED,GET /status,GET /status,JSON|POSTGRES,JSON|POSTGRES,REAL_SNAPSHOT,REAL_SNAPSHOT,,false,true,false
CAP-46029BDD33D3,Test Macro Negative Effect Reduces Score,B01_SERVICE_ENDPOINT_REAL_DATA,SERVICE_ENDPOINT_REAL_DATA,docs/99-governance/pr-019-capability-discovery-audit/PR019_ACTIVE_CAPABILITY_CATALOG.json,true,true,true,DISCOVERY_REQUIRED,DISCOVERY_REQUIRED,DISCOVERY_REQUIRED,DISCOVERY_REQUIRED,UNKNOWN,MACHINE_EVIDENCE[REAL_DATA]::docs/99-governance/pr-019-capability-discovery-audit/PR019_ACTIVE_CAPABILITY_CATALOG.json,UNKNOWN,REAL_SNAPSHOT,REAL_DATA,true,true,false
CAP-461745E841AB,Ndsp Trial Info,B15_SERVICE_ONLY,SERVICE_ONLY,docs/99-governance/pr-019-capability-discovery-audit/PR019_ACTIVE_CAPABILITY_CATALOG.json,true,false,false,DISCOVERY_REQUIRED,DISCOVERY_REQUIRED,GET /trial/info,GET /trial/info,JSON|POSTGRES,JSON|POSTGRES,REAL_SNAPSHOT,REAL_SNAPSHOT,,false,true,false
CAP-46527B2F0652,Test Ndsp Fix Direct Trade Execution Key Tdl V2,B06_SERVICE_ENDPOINT,SERVICE_ENDPOINT,docs/99-governance/pr-019-capability-discovery-audit/PR019_ACTIVE_CAPABILITY_CATALOG.json,true,true,false,DISCOVERY_REQUIRED,DISCOVERY_REQUIRED,DISCOVERY_REQUIRED,DISCOVERY_REQUIRED,JSON,JSON,REAL_SNAPSHOT,REAL_SNAPSHOT,,false,true,false
CAP-4705DD378719,Get Authority Signs,B01_SERVICE_ENDPOINT_REAL_DATA,SERVICE_ENDPOINT_REAL_DATA,docs/99-governance/pr-019-capability-discovery-audit/PR019_ACTIVE_CAPABILITY_CATALOG.json,true,true,true,DISCOVERY_REQUIRED,DISCOVERY_REQUIRED,DISCOVERY_REQUIRED,DISCOVERY_REQUIRED,UNKNOWN,MACHINE_EVIDENCE[REAL_DATA]::docs/99-governance/pr-019-capability-discovery-audit/PR019_ACTIVE_CAPABILITY_CATALOG.json,UNKNOWN,REAL_SNAPSHOT,REAL_DATA,true,true,false
CAP-4735D0FCEC20,Normalize Decision Url,B07_SERVICE_ENDPOINT,SERVICE_ENDPOINT,docs/99-governance/pr-019-capability-discovery-audit/PR019_ACTIVE_CAPABILITY_CATALOG.json,true,true,false,DISCOVERY_REQUIRED,DISCOVERY_REQUIRED,DISCOVERY_REQUIRED,DISCOVERY_REQUIRED,HTTP_API|JSON,HTTP_API|JSON,REAL_LIVE,REAL_LIVE,,false,true,false
CAP-4788CB6BD13A,Market Positioning Status,B01_SERVICE_ENDPOINT_REAL_DATA,SERVICE_ENDPOINT_REAL_DATA,docs/99-governance/pr-019-capability-discovery-audit/PR019_ACTIVE_CAPABILITY_CATALOG.json,true,true,true,DISCOVERY_REQUIRED,DISCOVERY_REQUIRED,DISCOVERY_REQUIRED,DISCOVERY_REQUIRED,UNKNOWN,MACHINE_EVIDENCE[REAL_DATA]::docs/99-governance/pr-019-capability-discovery-audit/PR019_ACTIVE_CAPABILITY_CATALOG.json,UNKNOWN,REAL_SNAPSHOT,REAL_DATA,true,true,false
CAP-4804EA150D2F,Frontend Contract,B10_SERVICE_REAL_DATA,SERVICE_REAL_DATA,docs/99-governance/pr-019-capability-discovery-audit/PR019_ACTIVE_CAPABILITY_CATALOG.json,true,false,true,DISCOVERY_REQUIRED,DISCOVERY_REQUIRED,GET /brief/today,GET /brief/today,UNKNOWN,MACHINE_EVIDENCE[REAL_DATA]::docs/99-governance/pr-019-capability-discovery-audit/PR019_ACTIVE_CAPABILITY_CATALOG.json,UNKNOWN,REAL_SNAPSHOT,REAL_DATA,true,true,false
CAP-484CFADD9BEA,L03 Market Direction Context,B01_SERVICE_ENDPOINT_REAL_DATA,SERVICE_ENDPOINT_REAL_DATA,docs/99-governance/pr-019-capability-discovery-audit/PR019_ACTIVE_CAPABILITY_CATALOG.json,true,true,true,DISCOVERY_REQUIRED,DISCOVERY_REQUIRED,DISCOVERY_REQUIRED,DISCOVERY_REQUIRED,UNKNOWN,MACHINE_EVIDENCE[REAL_DATA]::docs/99-governance/pr-019-capability-discovery-audit/PR019_ACTIVE_CAPABILITY_CATALOG.json,UNKNOWN,REAL_SNAPSHOT,REAL_DATA,true,true,false
CAP-48F24BF885D7,User Operational Compat,B15_SERVICE_ONLY,SERVICE_ONLY,docs/99-governance/pr-019-capability-discovery-audit/PR019_ACTIVE_CAPABILITY_CATALOG.json,true,false,false,DISCOVERY_REQUIRED,DISCOVERY_REQUIRED,POST /api/telegram/link/start,POST /api/telegram/link/start,JSON|POSTGRES,JSON|POSTGRES,REAL_SNAPSHOT,REAL_SNAPSHOT,,false,true,false
CAP-498E4FD1C421,Ndsp Admin Ok,B14_SERVICE_ONLY,SERVICE_ONLY,docs/99-governance/pr-019-capability-discovery-audit/PR019_ACTIVE_CAPABILITY_CATALOG.json,true,false,false,DISCOVERY_REQUIRED,DISCOVERY_REQUIRED,GET /health|POST /auth/register|POST /auth/login|GET /me|POST /feedback|POST /upgrade-request|GET /upgrade-requests/me|GET /admin/upgrade-requests|POST /admin/upgrade-requests/:id/review|GET /trial/status|GET /admin/feedback|POST /admin/feedback/:id/review|GET /notifications|POST /notifications/:id/read|GET /admin/notifications|POST /admin/notifications/send|GET /plans|GET /admin/plans|PUT /admin/plans/:id|POST /admin/plans/:id/features|DELETE /admin/plan-features/:id|PUT /admin/plans/:id/layers/:layerKey|GET /admin/stats|PUT /admin/users/:id|DELETE /admin/users/:id|GET /admin/users|POST /api/auth/2fa/setup/start|POST /api/auth/2fa/setup/confirm|POST /__retired_api_admin_users_action_legacy|POST /api/auth/2fa/setup/start|GET /api/admin/telegram-routing/status|POST /api/admin/telegram-routing/update|POST /api/admin/telegram-routing/test,GET /health|POST /auth/register|POST /auth/login|GET /me|POST /feedback|POST /upgrade-request|GET /upgrade-requests/me|GET /admin/upgrade-requests|POST /admin/upgrade-requests/:id/review|GET /trial/status|GET /admin/feedback|POST /admin/feedback/:id/review|GET /notifications|POST /notifications/:id/read|GET /admin/notifications|POST /admin/notifications/send|GET /plans|GET /admin/plans|PUT /admin/plans/:id|POST /admin/plans/:id/features|DELETE /admin/plan-features/:id|PUT /admin/plans/:id/layers/:layerKey|GET /admin/stats|PUT /admin/users/:id|DELETE /admin/users/:id|GET /admin/users|POST /api/auth/2fa/setup/start|POST /api/auth/2fa/setup/confirm|POST /__retired_api_admin_users_action_legacy|POST /api/auth/2fa/setup/start|GET /api/admin/telegram-routing/status|POST /api/admin/telegram-routing/update|POST /api/admin/telegram-routing/test,JSON,JSON,REAL_SNAPSHOT,REAL_SNAPSHOT,,false,true,false
CAP-4B44E1521757,Find Quality,B09_SERVICE_REAL_DATA,SERVICE_REAL_DATA,docs/99-governance/pr-019-capability-discovery-audit/PR019_ACTIVE_CAPABILITY_CATALOG.json,true,false,true,DISCOVERY_REQUIRED,DISCOVERY_REQUIRED,GET /api/ndsp/public/decision-quality|GET /api/ndsp/public/decision-quality,GET /api/ndsp/public/decision-quality|GET /api/ndsp/public/decision-quality,UNKNOWN,MACHINE_EVIDENCE[REAL_DATA]::docs/99-governance/pr-019-capability-discovery-audit/PR019_ACTIVE_CAPABILITY_CATALOG.json,UNKNOWN,REAL_SNAPSHOT,REAL_DATA,true,true,false
CAP-4B8CAC6792AE,Ndsp User Portal Final Experience V1 One Script,B16_SERVICE_ONLY,SERVICE_ONLY,docs/99-governance/pr-019-capability-discovery-audit/PR019_ACTIVE_CAPABILITY_CATALOG.json,true,false,false,DISCOVERY_REQUIRED,DISCOVERY_REQUIRED,GET /api/user/experience,GET /api/user/experience,HTTP_API|JSON|POSTGRES,HTTP_API|JSON|POSTGRES,REAL_LIVE,REAL_LIVE,,false,true,false
CAP-4B97F41DF526,Feature Gate,B12_ENDPOINT_REAL_DATA,ENDPOINT_REAL_DATA,docs/99-governance/pr-019-capability-discovery-audit/PR019_ACTIVE_CAPABILITY_CATALOG.json,false,true,true,ndsp-governance-bridge.service,ndsp-governance-bridge.service,DISCOVERY_REQUIRED,DISCOVERY_REQUIRED,UNKNOWN,MACHINE_EVIDENCE[REAL_DATA]::docs/99-governance/pr-019-capability-discovery-audit/PR019_ACTIVE_CAPABILITY_CATALOG.json,UNKNOWN,REAL_SNAPSHOT,REAL_DATA,true,true,false
CAP-4C3B7B99A4A6,Nowpayments Create Alias,B16_SERVICE_ONLY,SERVICE_ONLY,docs/99-governance/pr-019-capability-discovery-audit/PR019_ACTIVE_CAPABILITY_CATALOG.json,true,false,false,DISCOVERY_REQUIRED,DISCOVERY_REQUIRED,GET /api/ndsp/nowpayments-create-alias/health,GET /api/ndsp/nowpayments-create-alias/health,JSON|POSTGRES,JSON|POSTGRES,REAL_SNAPSHOT,REAL_SNAPSHOT,,false,true,false
CAP-4C410FBB8A1A,Ndsp Asset Market Universe,B06_SERVICE_ENDPOINT,SERVICE_ENDPOINT,docs/99-governance/pr-019-capability-discovery-audit/PR019_ACTIVE_CAPABILITY_CATALOG.json,true,true,false,DISCOVERY_REQUIRED,DISCOVERY_REQUIRED,DISCOVERY_REQUIRED,DISCOVERY_REQUIRED,JSON,JSON,REAL_SNAPSHOT,REAL_SNAPSHOT,,false,true,false
CAP-4D6846492F26,Evaluate Cot Validity,B01_SERVICE_ENDPOINT_REAL_DATA,SERVICE_ENDPOINT_REAL_DATA,docs/99-governance/pr-019-capability-discovery-audit/PR019_ACTIVE_CAPABILITY_CATALOG.json,true,true,true,DISCOVERY_REQUIRED,DISCOVERY_REQUIRED,DISCOVERY_REQUIRED,DISCOVERY_REQUIRED,UNKNOWN,MACHINE_EVIDENCE[REAL_DATA]::docs/99-governance/pr-019-capability-discovery-audit/PR019_ACTIVE_CAPABILITY_CATALOG.json,UNKNOWN,REAL_SNAPSHOT,REAL_DATA,true,true,false
CAP-4F0B75AAC48C,Ndsp Ctl 001 Workspace Identity,B12_ENDPOINT_REAL_DATA,ENDPOINT_REAL_DATA,docs/99-governance/pr-019-capability-discovery-audit/PR019_ACTIVE_CAPABILITY_CATALOG.json,false,true,true,ndsp-ctl-001-workspace-identity.service,ndsp-ctl-001-workspace-identity.service,DISCOVERY_REQUIRED,DISCOVERY_REQUIRED,UNKNOWN,MACHINE_EVIDENCE[REAL_DATA]::docs/99-governance/pr-019-capability-discovery-audit/PR019_ACTIVE_CAPABILITY_CATALOG.json,UNKNOWN,REAL_SNAPSHOT,REAL_DATA,true,true,false
CAP-4F8F0E4D1785,Evaluate Market Positioning,B01_SERVICE_ENDPOINT_REAL_DATA,SERVICE_ENDPOINT_REAL_DATA,docs/99-governance/pr-019-capability-discovery-audit/PR019_ACTIVE_CAPABILITY_CATALOG.json,true,true,true,DISCOVERY_REQUIRED,DISCOVERY_REQUIRED,DISCOVERY_REQUIRED,DISCOVERY_REQUIRED,UNKNOWN,MACHINE_EVIDENCE[REAL_DATA]::docs/99-governance/pr-019-capability-discovery-audit/PR019_ACTIVE_CAPABILITY_CATALOG.json,UNKNOWN,REAL_SNAPSHOT,REAL_DATA,true,true,false
CAP-50438E70B54F,Ndsp Completed Decisions Evidence V35,B12_ENDPOINT_REAL_DATA,ENDPOINT_REAL_DATA,docs/99-governance/pr-019-capability-discovery-audit/PR019_ACTIVE_CAPABILITY_CATALOG.json,false,true,true,ndsp-completed-decisions-evidence-v35.service,ndsp-completed-decisions-evidence-v35.service,DISCOVERY_REQUIRED,DISCOVERY_REQUIRED,UNKNOWN,MACHINE_EVIDENCE[REAL_DATA]::docs/99-governance/pr-019-capability-discovery-audit/PR019_ACTIVE_CAPABILITY_CATALOG.json,UNKNOWN,REAL_SNAPSHOT,REAL_DATA,true,true,false
CAP-50C15563709E,Test Gateway Has No Decision Logic,B06_SERVICE_ENDPOINT,SERVICE_ENDPOINT,docs/99-governance/pr-019-capability-discovery-audit/PR019_ACTIVE_CAPABILITY_CATALOG.json,true,true,false,DISCOVERY_REQUIRED,DISCOVERY_REQUIRED,DISCOVERY_REQUIRED,DISCOVERY_REQUIRED,JSON,JSON,REAL_SNAPSHOT,REAL_SNAPSHOT,,false,true,false
CAP-531AC9AE3E7D,Admin Payment Reject,B09_SERVICE_REAL_DATA,SERVICE_REAL_DATA,docs/99-governance/pr-019-capability-discovery-audit/PR019_ACTIVE_CAPABILITY_CATALOG.json,true,false,true,DISCOVERY_REQUIRED,DISCOVERY_REQUIRED,GET /contract/status|POST /auth/register|POST /auth/login|POST /auth/2fa/verify|POST /auth/magic-link|GET /auth/magic-link/verify|POST /auth/forgot|POST /auth/reset|POST /account/activate|GET /account/trial|GET /packages|GET /me/entitlements|POST /payments/checkout|POST /payments/webhook|GET /me/subscription|GET /markets|GET /assets|GET /assets/{asset_id}/decision|GET /assets/{asset_id}/chart|GET /brief/today|GET /me/watchlist|POST /me/watchlist|DELETE /me/watchlist/{asset_id}|GET /me/dashboard|GET /me/alert-prefs|PUT /me/alert-prefs|POST /me/channels/telegram/link|POST /me/channels/telegram/verify|POST /me/channels/email/test|GET /admin/registrations|POST /admin/registrations/{registration_id}/decision|GET /admin/trials|GET /admin/payments|POST /admin/payments/{payment_id}/approve|POST /admin/payments/{payment_id}/reject|GET /admin/layers|GET /admin/health|GET /contract/status|POST /auth/register|POST /auth/login|POST /auth/2fa/verify|POST /auth/magic-link|GET /auth/magic-link/verify|POST /auth/forgot|POST /auth/reset|POST /account/activate|GET /account/trial|GET /packages|GET /me/entitlements|POST /payments/checkout|POST /payments/webhook|GET /me/subscription|GET /markets|GET /assets|GET /assets/{asset_id}/decision|GET /assets/{asset_id}/chart|GET /brief/today|GET /me/watchlist|POST /me/watchlist|DELETE /me/watchlist/{asset_id}|GET /me/dashboard|GET /me/alert-prefs|PUT /me/alert-prefs|POST /me/channels/telegram/link|POST /me/channels/telegram/verify|POST /me/channels/email/test|GET /admin/registrations|POST /admin/registrations/{registration_id}/decision|GET /admin/trials|GET /admin/payments|POST /admin/payments/{payment_id}/approve|POST /admin/payments/{payment_id}/reject|GET /admin/layers|GET /admin/health,GET /contract/status|POST /auth/register|POST /auth/login|POST /auth/2fa/verify|POST /auth/magic-link|GET /auth/magic-link/verify|POST /auth/forgot|POST /auth/reset|POST /account/activate|GET /account/trial|GET /packages|GET /me/entitlements|POST /payments/checkout|POST /payments/webhook|GET /me/subscription|GET /markets|GET /assets|GET /assets/{asset_id}/decision|GET /assets/{asset_id}/chart|GET /brief/today|GET /me/watchlist|POST /me/watchlist|DELETE /me/watchlist/{asset_id}|GET /me/dashboard|GET /me/alert-prefs|PUT /me/alert-prefs|POST /me/channels/telegram/link|POST /me/channels/telegram/verify|POST /me/channels/email/test|GET /admin/registrations|POST /admin/registrations/{registration_id}/decision|GET /admin/trials|GET /admin/payments|POST /admin/payments/{payment_id}/approve|POST /admin/payments/{payment_id}/reject|GET /admin/layers|GET /admin/health|GET /contract/status|POST /auth/register|POST /auth/login|POST /auth/2fa/verify|POST /auth/magic-link|GET /auth/magic-link/verify|POST /auth/forgot|POST /auth/reset|POST /account/activate|GET /account/trial|GET /packages|GET /me/entitlements|POST /payments/checkout|POST /payments/webhook|GET /me/subscription|GET /markets|GET /assets|GET /assets/{asset_id}/decision|GET /assets/{asset_id}/chart|GET /brief/today|GET /me/watchlist|POST /me/watchlist|DELETE /me/watchlist/{asset_id}|GET /me/dashboard|GET /me/alert-prefs|PUT /me/alert-prefs|POST /me/channels/telegram/link|POST /me/channels/telegram/verify|POST /me/channels/email/test|GET /admin/registrations|POST /admin/registrations/{registration_id}/decision|GET /admin/trials|GET /admin/payments|POST /admin/payments/{payment_id}/approve|POST /admin/payments/{payment_id}/reject|GET /admin/layers|GET /admin/health,UNKNOWN,MACHINE_EVIDENCE[REAL_DATA]::docs/99-governance/pr-019-capability-discovery-audit/PR019_ACTIVE_CAPABILITY_CATALOG.json,UNKNOWN,REAL_SNAPSHOT,REAL_DATA,true,true,false
CAP-538062400EBA,Auth Forgot,B09_SERVICE_REAL_DATA,SERVICE_REAL_DATA,docs/99-governance/pr-019-capability-discovery-audit/PR019_ACTIVE_CAPABILITY_CATALOG.json,true,false,true,DISCOVERY_REQUIRED,DISCOVERY_REQUIRED,GET /contract/status|POST /auth/register|POST /auth/login|POST /auth/2fa/verify|POST /auth/magic-link|GET /auth/magic-link/verify|POST /auth/forgot|POST /auth/reset|POST /account/activate|GET /account/trial|GET /packages|GET /me/entitlements|POST /payments/checkout|POST /payments/webhook|GET /me/subscription|GET /markets|GET /assets|GET /assets/{asset_id}/decision|GET /assets/{asset_id}/chart|GET /brief/today|GET /me/watchlist|POST /me/watchlist|DELETE /me/watchlist/{asset_id}|GET /me/dashboard|GET /me/alert-prefs|PUT /me/alert-prefs|POST /me/channels/telegram/link|POST /me/channels/telegram/verify|POST /me/channels/email/test|GET /admin/registrations|POST /admin/registrations/{registration_id}/decision|GET /admin/trials|GET /admin/payments|POST /admin/payments/{payment_id}/approve|POST /admin/payments/{payment_id}/reject|GET /admin/layers|GET /admin/health|GET /contract/status|POST /auth/register|POST /auth/login|POST /auth/2fa/verify|POST /auth/magic-link|GET /auth/magic-link/verify|POST /auth/forgot|POST /auth/reset|POST /account/activate|GET /account/trial|GET /packages|GET /me/entitlements|POST /payments/checkout|POST /payments/webhook|GET /me/subscription|GET /markets|GET /assets|GET /assets/{asset_id}/decision|GET /assets/{asset_id}/chart|GET /brief/today|GET /me/watchlist|POST /me/watchlist|DELETE /me/watchlist/{asset_id}|GET /me/dashboard|GET /me/alert-prefs|PUT /me/alert-prefs|POST /me/channels/telegram/link|POST /me/channels/telegram/verify|POST /me/channels/email/test|GET /admin/registrations|POST /admin/registrations/{registration_id}/decision|GET /admin/trials|GET /admin/payments|POST /admin/payments/{payment_id}/approve|POST /admin/payments/{payment_id}/reject|GET /admin/layers|GET /admin/health,GET /contract/status|POST /auth/register|POST /auth/login|POST /auth/2fa/verify|POST /auth/magic-link|GET /auth/magic-link/verify|POST /auth/forgot|POST /auth/reset|POST /account/activate|GET /account/trial|GET /packages|GET /me/entitlements|POST /payments/checkout|POST /payments/webhook|GET /me/subscription|GET /markets|GET /assets|GET /assets/{asset_id}/decision|GET /assets/{asset_id}/chart|GET /brief/today|GET /me/watchlist|POST /me/watchlist|DELETE /me/watchlist/{asset_id}|GET /me/dashboard|GET /me/alert-prefs|PUT /me/alert-prefs|POST /me/channels/telegram/link|POST /me/channels/telegram/verify|POST /me/channels/email/test|GET /admin/registrations|POST /admin/registrations/{registration_id}/decision|GET /admin/trials|GET /admin/payments|POST /admin/payments/{payment_id}/approve|POST /admin/payments/{payment_id}/reject|GET /admin/layers|GET /admin/health|GET /contract/status|POST /auth/register|POST /auth/login|POST /auth/2fa/verify|POST /auth/magic-link|GET /auth/magic-link/verify|POST /auth/forgot|POST /auth/reset|POST /account/activate|GET /account/trial|GET /packages|GET /me/entitlements|POST /payments/checkout|POST /payments/webhook|GET /me/subscription|GET /markets|GET /assets|GET /assets/{asset_id}/decision|GET /assets/{asset_id}/chart|GET /brief/today|GET /me/watchlist|POST /me/watchlist|DELETE /me/watchlist/{asset_id}|GET /me/dashboard|GET /me/alert-prefs|PUT /me/alert-prefs|POST /me/channels/telegram/link|POST /me/channels/telegram/verify|POST /me/channels/email/test|GET /admin/registrations|POST /admin/registrations/{registration_id}/decision|GET /admin/trials|GET /admin/payments|POST /admin/payments/{payment_id}/approve|POST /admin/payments/{payment_id}/reject|GET /admin/layers|GET /admin/health,UNKNOWN,MACHINE_EVIDENCE[REAL_DATA]::docs/99-governance/pr-019-capability-discovery-audit/PR019_ACTIVE_CAPABILITY_CATALOG.json,UNKNOWN,REAL_SNAPSHOT,REAL_DATA,true,true,false
CAP-538A80545E29,Frontend Contract,B10_SERVICE_REAL_DATA,SERVICE_REAL_DATA,docs/99-governance/pr-019-capability-discovery-audit/PR019_ACTIVE_CAPABILITY_CATALOG.json,true,false,true,DISCOVERY_REQUIRED,DISCOVERY_REQUIRED,POST /me/channels/email/test,POST /me/channels/email/test,UNKNOWN,MACHINE_EVIDENCE[REAL_DATA]::docs/99-governance/pr-019-capability-discovery-audit/PR019_ACTIVE_CAPABILITY_CATALOG.json,UNKNOWN,REAL_SNAPSHOT,REAL_DATA,true,true,false
CAP-541E221FDE39,Ndsp Admin Key From Req,B14_SERVICE_ONLY,SERVICE_ONLY,docs/99-governance/pr-019-capability-discovery-audit/PR019_ACTIVE_CAPABILITY_CATALOG.json,true,false,false,DISCOVERY_REQUIRED,DISCOVERY_REQUIRED,GET /health|POST /auth/register|POST /auth/login|GET /me|POST /feedback|POST /upgrade-request|GET /upgrade-requests/me|GET /admin/upgrade-requests|POST /admin/upgrade-requests/:id/review|GET /trial/status|GET /admin/feedback|POST /admin/feedback/:id/review|GET /notifications|POST /notifications/:id/read|GET /admin/notifications|POST /admin/notifications/send|GET /plans|GET /admin/plans|PUT /admin/plans/:id|POST /admin/plans/:id/features|DELETE /admin/plan-features/:id|PUT /admin/plans/:id/layers/:layerKey|GET /admin/stats|PUT /admin/users/:id|DELETE /admin/users/:id|GET /admin/users|POST /api/auth/2fa/setup/start|POST /api/auth/2fa/setup/confirm|POST /__retired_api_admin_users_action_legacy|POST /api/auth/2fa/setup/start|GET /api/admin/telegram-routing/status|POST /api/admin/telegram-routing/update|POST /api/admin/telegram-routing/test,GET /health|POST /auth/register|POST /auth/login|GET /me|POST /feedback|POST /upgrade-request|GET /upgrade-requests/me|GET /admin/upgrade-requests|POST /admin/upgrade-requests/:id/review|GET /trial/status|GET /admin/feedback|POST /admin/feedback/:id/review|GET /notifications|POST /notifications/:id/read|GET /admin/notifications|POST /admin/notifications/send|GET /plans|GET /admin/plans|PUT /admin/plans/:id|POST /admin/plans/:id/features|DELETE /admin/plan-features/:id|PUT /admin/plans/:id/layers/:layerKey|GET /admin/stats|PUT /admin/users/:id|DELETE /admin/users/:id|GET /admin/users|POST /api/auth/2fa/setup/start|POST /api/auth/2fa/setup/confirm|POST /__retired_api_admin_users_action_legacy|POST /api/auth/2fa/setup/start|GET /api/admin/telegram-routing/status|POST /api/admin/telegram-routing/update|POST /api/admin/telegram-routing/test,JSON,JSON,REAL_SNAPSHOT,REAL_SNAPSHOT,,false,true,false
CAP-546A1A38604F,User By Id Or Email,B18_ENDPOINT_ONLY,ENDPOINT_ONLY,docs/99-governance/pr-019-capability-discovery-audit/PR019_ACTIVE_CAPABILITY_CATALOG.json,false,true,false,ndsp-user-alert-channels.service,ndsp-user-alert-channels.service,DISCOVERY_REQUIRED,DISCOVERY_REQUIRED,JSON,JSON,REAL_SNAPSHOT,REAL_SNAPSHOT,,false,true,false
CAP-546C65CAA1A3,Insert User,B18_ENDPOINT_ONLY,ENDPOINT_ONLY,docs/99-governance/pr-019-capability-discovery-audit/PR019_ACTIVE_CAPABILITY_CATALOG.json,false,true,false,ndsp-trial-register.service,ndsp-trial-register.service,DISCOVERY_REQUIRED,DISCOVERY_REQUIRED,JSON|POSTGRES,JSON|POSTGRES,REAL_SNAPSHOT,REAL_SNAPSHOT,,false,true,false
CAP-54BED56B7320,Normalize User,B18_ENDPOINT_ONLY,ENDPOINT_ONLY,docs/99-governance/pr-019-capability-discovery-audit/PR019_ACTIVE_CAPABILITY_CATALOG.json,false,true,false,ndsp-user-alert-channels.service,ndsp-user-alert-channels.service,DISCOVERY_REQUIRED,DISCOVERY_REQUIRED,JSON,JSON,REAL_SNAPSHOT,REAL_SNAPSHOT,,false,true,false
CAP-55015F233F5A,Frontend Contract,B10_SERVICE_REAL_DATA,SERVICE_REAL_DATA,docs/99-governance/pr-019-capability-discovery-audit/PR019_ACTIVE_CAPABILITY_CATALOG.json,true,false,true,DISCOVERY_REQUIRED,DISCOVERY_REQUIRED,GET /auth/magic-link/verify,GET /auth/magic-link/verify,UNKNOWN,MACHINE_EVIDENCE[REAL_DATA]::docs/99-governance/pr-019-capability-discovery-audit/PR019_ACTIVE_CAPABILITY_CATALOG.json,REAL_LIVE,REAL_LIVE,REAL_DATA,true,true,false
CAP-552A04A27A0F,Scenario Report,B13_ENDPOINT_REAL_DATA,ENDPOINT_REAL_DATA,docs/99-governance/pr-019-capability-discovery-audit/PR019_ACTIVE_CAPABILITY_CATALOG.json,false,true,true,ndsp-scenario-levels-adapter.service,ndsp-scenario-levels-adapter.service,DISCOVERY_REQUIRED,DISCOVERY_REQUIRED,UNKNOWN,MACHINE_EVIDENCE[REAL_DATA]::docs/99-governance/pr-019-capability-discovery-audit/PR019_ACTIVE_CAPABILITY_CATALOG.json,UNKNOWN,REAL_SNAPSHOT,REAL_DATA,true,true,false
CAP-559BFA960608,Ndsp Completed Decisions History V36,B12_ENDPOINT_REAL_DATA,ENDPOINT_REAL_DATA,docs/99-governance/pr-019-capability-discovery-audit/PR019_ACTIVE_CAPABILITY_CATALOG.json,false,true,true,ndsp-completed-decisions-history-v36.service,ndsp-completed-decisions-history-v36.service,DISCOVERY_REQUIRED,DISCOVERY_REQUIRED,UNKNOWN,MACHINE_EVIDENCE[REAL_DATA]::docs/99-governance/pr-019-capability-discovery-audit/PR019_ACTIVE_CAPABILITY_CATALOG.json,UNKNOWN,REAL_SNAPSHOT,REAL_DATA,true,true,false
CAP-55B47C91DF6D,Ndsptrial Activation Guard Middleware,B06_SERVICE_ENDPOINT,SERVICE_ENDPOINT,docs/99-governance/pr-019-capability-discovery-audit/PR019_ACTIVE_CAPABILITY_CATALOG.json,true,true,false,DISCOVERY_REQUIRED,DISCOVERY_REQUIRED,DISCOVERY_REQUIRED,DISCOVERY_REQUIRED,JSON,JSON,REAL_SNAPSHOT,REAL_SNAPSHOT,,false,true,false
CAP-5649C9641068,User Operational Compat,B14_SERVICE_ONLY,SERVICE_ONLY,docs/99-governance/pr-019-capability-discovery-audit/PR019_ACTIVE_CAPABILITY_CATALOG.json,true,false,false,DISCOVERY_REQUIRED,DISCOVERY_REQUIRED,POST /api/v6/payments/nowpayments/subscription/create,POST /api/v6/payments/nowpayments/subscription/create,JSON|POSTGRES,JSON|POSTGRES,REAL_SNAPSHOT,REAL_SNAPSHOT,,false,true,false
CAP-571585E11A87,Gateway Auth Me,B18_ENDPOINT_ONLY,ENDPOINT_ONLY,docs/99-governance/pr-019-capability-discovery-audit/PR019_ACTIVE_CAPABILITY_CATALOG.json,false,true,false,ndsp-user-alert-channels.service,ndsp-user-alert-channels.service,DISCOVERY_REQUIRED,DISCOVERY_REQUIRED,JSON,JSON,REAL_SNAPSHOT,REAL_SNAPSHOT,,false,true,false
CAP-575CCF623BA1,Legacy Structure.Test,B01_SERVICE_ENDPOINT_REAL_DATA,SERVICE_ENDPOINT_REAL_DATA,docs/99-governance/pr-019-capability-discovery-audit/PR019_ACTIVE_CAPABILITY_CATALOG.json,true,true,true,DISCOVERY_REQUIRED,DISCOVERY_REQUIRED,DISCOVERY_REQUIRED,DISCOVERY_REQUIRED,UNKNOWN,MACHINE_EVIDENCE[REAL_DATA]::docs/99-governance/pr-019-capability-discovery-audit/PR019_ACTIVE_CAPABILITY_CATALOG.json,UNKNOWN,REAL_SNAPSHOT,REAL_DATA,true,true,false
CAP-5784897BCF65,Cot Report Family,B02_SERVICE_ENDPOINT_REAL_DATA,SERVICE_ENDPOINT_REAL_DATA,docs/99-governance/pr-019-capability-discovery-audit/PR019_ACTIVE_CAPABILITY_CATALOG.json,true,true,true,DISCOVERY_REQUIRED,DISCOVERY_REQUIRED,DISCOVERY_REQUIRED,DISCOVERY_REQUIRED,UNKNOWN,MACHINE_EVIDENCE[REAL_DATA]::docs/99-governance/pr-019-capability-discovery-audit/PR019_ACTIVE_CAPABILITY_CATALOG.json,UNKNOWN,REAL_SNAPSHOT,REAL_DATA,true,true,false
CAP-57F9FE89ED2E,L15 Devils Advocate,B02_SERVICE_ENDPOINT_REAL_DATA,SERVICE_ENDPOINT_REAL_DATA,docs/99-governance/pr-019-capability-discovery-audit/PR019_ACTIVE_CAPABILITY_CATALOG.json,true,true,true,DISCOVERY_REQUIRED,DISCOVERY_REQUIRED,DISCOVERY_REQUIRED,DISCOVERY_REQUIRED,UNKNOWN,MACHINE_EVIDENCE[REAL_DATA]::docs/99-governance/pr-019-capability-discovery-audit/PR019_ACTIVE_CAPABILITY_CATALOG.json,UNKNOWN,REAL_SNAPSHOT,REAL_DATA,true,true,false
CAP-57FACA283877,Admin Mail To,B18_ENDPOINT_ONLY,ENDPOINT_ONLY,docs/99-governance/pr-019-capability-discovery-audit/PR019_ACTIVE_CAPABILITY_CATALOG.json,false,true,false,ndsp-trial-register.service,ndsp-trial-register.service,DISCOVERY_REQUIRED,DISCOVERY_REQUIRED,JSON|POSTGRES,JSON|POSTGRES,REAL_SNAPSHOT,REAL_SNAPSHOT,,false,true,false
CAP-587C4D012ECD,Completed Decisions Panel V37,B04_SERVICE_ENDPOINT_REAL_DATA,SERVICE_ENDPOINT_REAL_DATA,docs/99-governance/pr-019-capability-discovery-audit/PR019_ACTIVE_CAPABILITY_CATALOG.json,true,true,true,DISCOVERY_REQUIRED,DISCOVERY_REQUIRED,DISCOVERY_REQUIRED,DISCOVERY_REQUIRED,UNKNOWN,MACHINE_EVIDENCE[REAL_DATA]::docs/99-governance/pr-019-capability-discovery-audit/PR019_ACTIVE_CAPABILITY_CATALOG.json,UNKNOWN,REAL_SNAPSHOT,REAL_DATA,true,true,false
CAP-5930A90FD873,Canvas Signal,B06_SERVICE_ENDPOINT,SERVICE_ENDPOINT,docs/99-governance/pr-019-capability-discovery-audit/PR019_ACTIVE_CAPABILITY_CATALOG.json,true,true,false,DISCOVERY_REQUIRED,DISCOVERY_REQUIRED,DISCOVERY_REQUIRED,DISCOVERY_REQUIRED,HTTP_API|JSON|POSTGRES,HTTP_API|JSON|POSTGRES,REAL_LIVE,REAL_LIVE,,false,true,false
CAP-59F16279C194,Conflict Engine,B02_SERVICE_ENDPOINT_REAL_DATA,SERVICE_ENDPOINT_REAL_DATA,docs/99-governance/pr-019-capability-discovery-audit/PR019_ACTIVE_CAPABILITY_CATALOG.json,true,true,true,DISCOVERY_REQUIRED,DISCOVERY_REQUIRED,DISCOVERY_REQUIRED,DISCOVERY_REQUIRED,UNKNOWN,MACHINE_EVIDENCE[REAL_DATA]::docs/99-governance/pr-019-capability-discovery-audit/PR019_ACTIVE_CAPABILITY_CATALOG.json,UNKNOWN,REAL_SNAPSHOT,REAL_DATA,true,true,false
CAP-5B18901D1F22,Frontend Contract,B10_SERVICE_REAL_DATA,SERVICE_REAL_DATA,docs/99-governance/pr-019-capability-discovery-audit/PR019_ACTIVE_CAPABILITY_CATALOG.json,true,false,true,DISCOVERY_REQUIRED,DISCOVERY_REQUIRED,GET /contract/status,GET /contract/status,UNKNOWN,MACHINE_EVIDENCE[REAL_DATA]::docs/99-governance/pr-019-capability-discovery-audit/PR019_ACTIVE_CAPABILITY_CATALOG.json,UNKNOWN,REAL_SNAPSHOT,REAL_DATA,true,true,false
CAP-5C75E2FE3A98,Make Decision Id,B14_SERVICE_ONLY,SERVICE_ONLY,docs/99-governance/pr-019-capability-discovery-audit/PR019_ACTIVE_CAPABILITY_CATALOG.json,true,false,false,DISCOVERY_REQUIRED,DISCOVERY_REQUIRED,GET /health|GET /api/completed|GET /api/completed/latest|GET /api/completed/:symbol|GET /api/completed/id/:decision_id|GET /api/completed/id/:decision_id/timeline|POST /api/completed/ingest|POST /api/completed/:decision_id/publish,GET /health|GET /api/completed|GET /api/completed/latest|GET /api/completed/:symbol|GET /api/completed/id/:decision_id|GET /api/completed/id/:decision_id/timeline|POST /api/completed/ingest|POST /api/completed/:decision_id/publish,JSON,JSON,REAL_SNAPSHOT,REAL_SNAPSHOT,,false,true,false
CAP-5CB861F0644F,Test Billing Never Changes Decision,B06_SERVICE_ENDPOINT,SERVICE_ENDPOINT,docs/99-governance/pr-019-capability-discovery-audit/PR019_ACTIVE_CAPABILITY_CATALOG.json,true,true,false,DISCOVERY_REQUIRED,DISCOVERY_REQUIRED,DISCOVERY_REQUIRED,DISCOVERY_REQUIRED,JSON,JSON,REAL_SNAPSHOT,REAL_SNAPSHOT,,false,true,false
CAP-5DA08FFCB1E8,Requires Decision Access,B18_ENDPOINT_ONLY,ENDPOINT_ONLY,docs/99-governance/pr-019-capability-discovery-audit/PR019_ACTIVE_CAPABILITY_CATALOG.json,false,true,false,ndsp-platform-gateway.service,ndsp-platform-gateway.service,DISCOVERY_REQUIRED,DISCOVERY_REQUIRED,JSON,JSON,REAL_SNAPSHOT,REAL_SNAPSHOT,,false,true,false
CAP-5F34508D1D07,User Operational Compat,B16_SERVICE_ONLY,SERVICE_ONLY,docs/99-governance/pr-019-capability-discovery-audit/PR019_ACTIVE_CAPABILITY_CATALOG.json,true,false,false,DISCOVERY_REQUIRED,DISCOVERY_REQUIRED,POST /api/v1/trial/register,POST /api/v1/trial/register,JSON|POSTGRES,JSON|POSTGRES,REAL_SNAPSHOT,REAL_SNAPSHOT,,false,true,false
CAP-5F3BB15915F6,Compute Public Quality,B09_SERVICE_REAL_DATA,SERVICE_REAL_DATA,docs/99-governance/pr-019-capability-discovery-audit/PR019_ACTIVE_CAPABILITY_CATALOG.json,true,false,true,DISCOVERY_REQUIRED,DISCOVERY_REQUIRED,GET /api/decision/quality|GET /api/decision/quality,GET /api/decision/quality|GET /api/decision/quality,UNKNOWN,MACHINE_EVIDENCE[REAL_DATA]::docs/99-governance/pr-019-capability-discovery-audit/PR019_ACTIVE_CAPABILITY_CATALOG.json,UNKNOWN,REAL_SNAPSHOT,REAL_DATA,true,true,false
CAP-5F632EA34B8F,002 Signal Decisions,B02_SERVICE_ENDPOINT_REAL_DATA,SERVICE_ENDPOINT_REAL_DATA,docs/99-governance/pr-019-capability-discovery-audit/PR019_ACTIVE_CAPABILITY_CATALOG.json,true,true,true,DISCOVERY_REQUIRED,DISCOVERY_REQUIRED,DISCOVERY_REQUIRED,DISCOVERY_REQUIRED,UNKNOWN,MACHINE_EVIDENCE[REAL_DATA]::docs/99-governance/pr-019-capability-discovery-audit/PR019_ACTIVE_CAPABILITY_CATALOG.json,UNKNOWN,REAL_SNAPSHOT,REAL_DATA,true,true,false
CAP-5FE4CAD204BC,Tdl Lab Engine,B06_SERVICE_ENDPOINT,SERVICE_ENDPOINT,docs/99-governance/pr-019-capability-discovery-audit/PR019_ACTIVE_CAPABILITY_CATALOG.json,true,true,false,DISCOVERY_REQUIRED,DISCOVERY_REQUIRED,DISCOVERY_REQUIRED,DISCOVERY_REQUIRED,JSON,JSON,REAL_SNAPSHOT,REAL_SNAPSHOT,,false,true,false
CAP-606E55E95DA2,Alert Prefs Payload,B09_SERVICE_REAL_DATA,SERVICE_REAL_DATA,docs/99-governance/pr-019-capability-discovery-audit/PR019_ACTIVE_CAPABILITY_CATALOG.json,true,false,true,DISCOVERY_REQUIRED,DISCOVERY_REQUIRED,GET /contract/status|POST /auth/register|POST /auth/login|POST /auth/2fa/verify|POST /auth/magic-link|GET /auth/magic-link/verify|POST /auth/forgot|POST /auth/reset|POST /account/activate|GET /account/trial|GET /packages|GET /me/entitlements|POST /payments/checkout|POST /payments/webhook|GET /me/subscription|GET /markets|GET /assets|GET /assets/{asset_id}/decision|GET /assets/{asset_id}/chart|GET /brief/today|GET /me/watchlist|POST /me/watchlist|DELETE /me/watchlist/{asset_id}|GET /me/dashboard|GET /me/alert-prefs|PUT /me/alert-prefs|POST /me/channels/telegram/link|POST /me/channels/telegram/verify|POST /me/channels/email/test|GET /admin/registrations|POST /admin/registrations/{registration_id}/decision|GET /admin/trials|GET /admin/payments|POST /admin/payments/{payment_id}/approve|POST /admin/payments/{payment_id}/reject|GET /admin/layers|GET /admin/health|GET /contract/status|POST /auth/register|POST /auth/login|POST /auth/2fa/verify|POST /auth/magic-link|GET /auth/magic-link/verify|POST /auth/forgot|POST /auth/reset|POST /account/activate|GET /account/trial|GET /packages|GET /me/entitlements|POST /payments/checkout|POST /payments/webhook|GET /me/subscription|GET /markets|GET /assets|GET /assets/{asset_id}/decision|GET /assets/{asset_id}/chart|GET /brief/today|GET /me/watchlist|POST /me/watchlist|DELETE /me/watchlist/{asset_id}|GET /me/dashboard|GET /me/alert-prefs|PUT /me/alert-prefs|POST /me/channels/telegram/link|POST /me/channels/telegram/verify|POST /me/channels/email/test|GET /admin/registrations|POST /admin/registrations/{registration_id}/decision|GET /admin/trials|GET /admin/payments|POST /admin/payments/{payment_id}/approve|POST /admin/payments/{payment_id}/reject|GET /admin/layers|GET /admin/health,GET /contract/status|POST /auth/register|POST /auth/login|POST /auth/2fa/verify|POST /auth/magic-link|GET /auth/magic-link/verify|POST /auth/forgot|POST /auth/reset|POST /account/activate|GET /account/trial|GET /packages|GET /me/entitlements|POST /payments/checkout|POST /payments/webhook|GET /me/subscription|GET /markets|GET /assets|GET /assets/{asset_id}/decision|GET /assets/{asset_id}/chart|GET /brief/today|GET /me/watchlist|POST /me/watchlist|DELETE /me/watchlist/{asset_id}|GET /me/dashboard|GET /me/alert-prefs|PUT /me/alert-prefs|POST /me/channels/telegram/link|POST /me/channels/telegram/verify|POST /me/channels/email/test|GET /admin/registrations|POST /admin/registrations/{registration_id}/decision|GET /admin/trials|GET /admin/payments|POST /admin/payments/{payment_id}/approve|POST /admin/payments/{payment_id}/reject|GET /admin/layers|GET /admin/health|GET /contract/status|POST /auth/register|POST /auth/login|POST /auth/2fa/verify|POST /auth/magic-link|GET /auth/magic-link/verify|POST /auth/forgot|POST /auth/reset|POST /account/activate|GET /account/trial|GET /packages|GET /me/entitlements|POST /payments/checkout|POST /payments/webhook|GET /me/subscription|GET /markets|GET /assets|GET /assets/{asset_id}/decision|GET /assets/{asset_id}/chart|GET /brief/today|GET /me/watchlist|POST /me/watchlist|DELETE /me/watchlist/{asset_id}|GET /me/dashboard|GET /me/alert-prefs|PUT /me/alert-prefs|POST /me/channels/telegram/link|POST /me/channels/telegram/verify|POST /me/channels/email/test|GET /admin/registrations|POST /admin/registrations/{registration_id}/decision|GET /admin/trials|GET /admin/payments|POST /admin/payments/{payment_id}/approve|POST /admin/payments/{payment_id}/reject|GET /admin/layers|GET /admin/health,UNKNOWN,MACHINE_EVIDENCE[REAL_DATA]::docs/99-governance/pr-019-capability-discovery-audit/PR019_ACTIVE_CAPABILITY_CATALOG.json,UNKNOWN,REAL_SNAPSHOT,REAL_DATA,true,true,false
CAP-61B414613C07,User From Sessions,B18_ENDPOINT_ONLY,ENDPOINT_ONLY,docs/99-governance/pr-019-capability-discovery-audit/PR019_ACTIVE_CAPABILITY_CATALOG.json,false,true,false,ndsp-user-alert-channels.service,ndsp-user-alert-channels.service,DISCOVERY_REQUIRED,DISCOVERY_REQUIRED,JSON,JSON,REAL_SNAPSHOT,REAL_SNAPSHOT,,false,true,false
CAP-61D78BDE704F,Ensure Governance Mode File,B18_ENDPOINT_ONLY,ENDPOINT_ONLY,docs/99-governance/pr-019-capability-discovery-audit/PR019_ACTIVE_CAPABILITY_CATALOG.json,false,true,false,ndsp-governance-bridge.service,ndsp-governance-bridge.service,DISCOVERY_REQUIRED,DISCOVERY_REQUIRED,JSON,JSON,REAL_SNAPSHOT,REAL_SNAPSHOT,,false,true,false
CAP-62833B1E9F54,V461 Can Retry Market,B18_ENDPOINT_ONLY,ENDPOINT_ONLY,docs/99-governance/pr-019-capability-discovery-audit/PR019_ACTIVE_CAPABILITY_CATALOG.json,false,true,false,ndsp-platform-gateway.service,ndsp-platform-gateway.service,DISCOVERY_REQUIRED,DISCOVERY_REQUIRED,JSON,JSON,REAL_SNAPSHOT,REAL_SNAPSHOT,,false,true,false
CAP-628E213D3D54,User Operational Compat,B14_SERVICE_ONLY,SERVICE_ONLY,docs/99-governance/pr-019-capability-discovery-audit/PR019_ACTIVE_CAPABILITY_CATALOG.json,true,false,false,DISCOVERY_REQUIRED,DISCOVERY_REQUIRED,POST /api/payments/nowpayments/subscription/create,POST /api/payments/nowpayments/subscription/create,JSON|POSTGRES,JSON|POSTGRES,REAL_SNAPSHOT,REAL_SNAPSHOT,,false,true,false
CAP-636B50FAED04,Frontend Contract,B10_SERVICE_REAL_DATA,SERVICE_REAL_DATA,docs/99-governance/pr-019-capability-discovery-audit/PR019_ACTIVE_CAPABILITY_CATALOG.json,true,false,true,DISCOVERY_REQUIRED,DISCOVERY_REQUIRED,GET /me/dashboard,GET /me/dashboard,UNKNOWN,MACHINE_EVIDENCE[REAL_DATA]::docs/99-governance/pr-019-capability-discovery-audit/PR019_ACTIVE_CAPABILITY_CATALOG.json,UNKNOWN,REAL_SNAPSHOT,REAL_DATA,true,true,false
CAP-63C8FEAE8B5B,Auth 2Fa Verify,B09_SERVICE_REAL_DATA,SERVICE_REAL_DATA,docs/99-governance/pr-019-capability-discovery-audit/PR019_ACTIVE_CAPABILITY_CATALOG.json,true,false,true,DISCOVERY_REQUIRED,DISCOVERY_REQUIRED,GET /contract/status|POST /auth/register|POST /auth/login|POST /auth/2fa/verify|POST /auth/magic-link|GET /auth/magic-link/verify|POST /auth/forgot|POST /auth/reset|POST /account/activate|GET /account/trial|GET /packages|GET /me/entitlements|POST /payments/checkout|POST /payments/webhook|GET /me/subscription|GET /markets|GET /assets|GET /assets/{asset_id}/decision|GET /assets/{asset_id}/chart|GET /brief/today|GET /me/watchlist|POST /me/watchlist|DELETE /me/watchlist/{asset_id}|GET /me/dashboard|GET /me/alert-prefs|PUT /me/alert-prefs|POST /me/channels/telegram/link|POST /me/channels/telegram/verify|POST /me/channels/email/test|GET /admin/registrations|POST /admin/registrations/{registration_id}/decision|GET /admin/trials|GET /admin/payments|POST /admin/payments/{payment_id}/approve|POST /admin/payments/{payment_id}/reject|GET /admin/layers|GET /admin/health|GET /contract/status|POST /auth/register|POST /auth/login|POST /auth/2fa/verify|POST /auth/magic-link|GET /auth/magic-link/verify|POST /auth/forgot|POST /auth/reset|POST /account/activate|GET /account/trial|GET /packages|GET /me/entitlements|POST /payments/checkout|POST /payments/webhook|GET /me/subscription|GET /markets|GET /assets|GET /assets/{asset_id}/decision|GET /assets/{asset_id}/chart|GET /brief/today|GET /me/watchlist|POST /me/watchlist|DELETE /me/watchlist/{asset_id}|GET /me/dashboard|GET /me/alert-prefs|PUT /me/alert-prefs|POST /me/channels/telegram/link|POST /me/channels/telegram/verify|POST /me/channels/email/test|GET /admin/registrations|POST /admin/registrations/{registration_id}/decision|GET /admin/trials|GET /admin/payments|POST /admin/payments/{payment_id}/approve|POST /admin/payments/{payment_id}/reject|GET /admin/layers|GET /admin/health,GET /contract/status|POST /auth/register|POST /auth/login|POST /auth/2fa/verify|POST /auth/magic-link|GET /auth/magic-link/verify|POST /auth/forgot|POST /auth/reset|POST /account/activate|GET /account/trial|GET /packages|GET /me/entitlements|POST /payments/checkout|POST /payments/webhook|GET /me/subscription|GET /markets|GET /assets|GET /assets/{asset_id}/decision|GET /assets/{asset_id}/chart|GET /brief/today|GET /me/watchlist|POST /me/watchlist|DELETE /me/watchlist/{asset_id}|GET /me/dashboard|GET /me/alert-prefs|PUT /me/alert-prefs|POST /me/channels/telegram/link|POST /me/channels/telegram/verify|POST /me/channels/email/test|GET /admin/registrations|POST /admin/registrations/{registration_id}/decision|GET /admin/trials|GET /admin/payments|POST /admin/payments/{payment_id}/approve|POST /admin/payments/{payment_id}/reject|GET /admin/layers|GET /admin/health|GET /contract/status|POST /auth/register|POST /auth/login|POST /auth/2fa/verify|POST /auth/magic-link|GET /auth/magic-link/verify|POST /auth/forgot|POST /auth/reset|POST /account/activate|GET /account/trial|GET /packages|GET /me/entitlements|POST /payments/checkout|POST /payments/webhook|GET /me/subscription|GET /markets|GET /assets|GET /assets/{asset_id}/decision|GET /assets/{asset_id}/chart|GET /brief/today|GET /me/watchlist|POST /me/watchlist|DELETE /me/watchlist/{asset_id}|GET /me/dashboard|GET /me/alert-prefs|PUT /me/alert-prefs|POST /me/channels/telegram/link|POST /me/channels/telegram/verify|POST /me/channels/email/test|GET /admin/registrations|POST /admin/registrations/{registration_id}/decision|GET /admin/trials|GET /admin/payments|POST /admin/payments/{payment_id}/approve|POST /admin/payments/{payment_id}/reject|GET /admin/layers|GET /admin/health,UNKNOWN,MACHINE_EVIDENCE[REAL_DATA]::docs/99-governance/pr-019-capability-discovery-audit/PR019_ACTIVE_CAPABILITY_CATALOG.json,UNKNOWN,REAL_SNAPSHOT,REAL_DATA,true,true,false
CAP-64E81F08FD02,Dqsdecision State,B02_SERVICE_ENDPOINT_REAL_DATA,SERVICE_ENDPOINT_REAL_DATA,docs/99-governance/pr-019-capability-discovery-audit/PR019_ACTIVE_CAPABILITY_CATALOG.json,true,true,true,DISCOVERY_REQUIRED,DISCOVERY_REQUIRED,DISCOVERY_REQUIRED,DISCOVERY_REQUIRED,UNKNOWN,MACHINE_EVIDENCE[REAL_DATA]::docs/99-governance/pr-019-capability-discovery-audit/PR019_ACTIVE_CAPABILITY_CATALOG.json,UNKNOWN,REAL_SNAPSHOT,REAL_DATA,true,true,false
CAP-65156AA526BC,Telegram Routing Internal,B14_SERVICE_ONLY,SERVICE_ONLY,docs/99-governance/pr-019-capability-discovery-audit/PR019_ACTIVE_CAPABILITY_CATALOG.json,true,false,false,DISCOVERY_REQUIRED,DISCOVERY_REQUIRED,POST /update,POST /update,JSON|POSTGRES,JSON|POSTGRES,REAL_SNAPSHOT,REAL_SNAPSHOT,,false,true,false
CAP-695108C486EF,Derive Timing Authority,B18_ENDPOINT_ONLY,ENDPOINT_ONLY,docs/99-governance/pr-019-capability-discovery-audit/PR019_ACTIVE_CAPABILITY_CATALOG.json,false,true,false,ndsp-governance-bridge.service,ndsp-governance-bridge.service,DISCOVERY_REQUIRED,DISCOVERY_REQUIRED,JSON,JSON,REAL_SNAPSHOT,REAL_SNAPSHOT,,false,true,false
CAP-6B497F45D014,Init,B02_SERVICE_ENDPOINT_REAL_DATA,SERVICE_ENDPOINT_REAL_DATA,docs/99-governance/pr-019-capability-discovery-audit/PR019_ACTIVE_CAPABILITY_CATALOG.json,true,true,true,DISCOVERY_REQUIRED,DISCOVERY_REQUIRED,DISCOVERY_REQUIRED,DISCOVERY_REQUIRED,UNKNOWN,MACHINE_EVIDENCE[REAL_DATA]::docs/99-governance/pr-019-capability-discovery-audit/PR019_ACTIVE_CAPABILITY_CATALOG.json,UNKNOWN,REAL_SNAPSHOT,REAL_DATA,true,true,false
CAP-6B7418516628,Put Alert Prefs,B09_SERVICE_REAL_DATA,SERVICE_REAL_DATA,docs/99-governance/pr-019-capability-discovery-audit/PR019_ACTIVE_CAPABILITY_CATALOG.json,true,false,true,DISCOVERY_REQUIRED,DISCOVERY_REQUIRED,GET /contract/status|POST /auth/register|POST /auth/login|POST /auth/2fa/verify|POST /auth/magic-link|GET /auth/magic-link/verify|POST /auth/forgot|POST /auth/reset|POST /account/activate|GET /account/trial|GET /packages|GET /me/entitlements|POST /payments/checkout|POST /payments/webhook|GET /me/subscription|GET /markets|GET /assets|GET /assets/{asset_id}/decision|GET /assets/{asset_id}/chart|GET /brief/today|GET /me/watchlist|POST /me/watchlist|DELETE /me/watchlist/{asset_id}|GET /me/dashboard|GET /me/alert-prefs|PUT /me/alert-prefs|POST /me/channels/telegram/link|POST /me/channels/telegram/verify|POST /me/channels/email/test|GET /admin/registrations|POST /admin/registrations/{registration_id}/decision|GET /admin/trials|GET /admin/payments|POST /admin/payments/{payment_id}/approve|POST /admin/payments/{payment_id}/reject|GET /admin/layers|GET /admin/health|GET /contract/status|POST /auth/register|POST /auth/login|POST /auth/2fa/verify|POST /auth/magic-link|GET /auth/magic-link/verify|POST /auth/forgot|POST /auth/reset|POST /account/activate|GET /account/trial|GET /packages|GET /me/entitlements|POST /payments/checkout|POST /payments/webhook|GET /me/subscription|GET /markets|GET /assets|GET /assets/{asset_id}/decision|GET /assets/{asset_id}/chart|GET /brief/today|GET /me/watchlist|POST /me/watchlist|DELETE /me/watchlist/{asset_id}|GET /me/dashboard|GET /me/alert-prefs|PUT /me/alert-prefs|POST /me/channels/telegram/link|POST /me/channels/telegram/verify|POST /me/channels/email/test|GET /admin/registrations|POST /admin/registrations/{registration_id}/decision|GET /admin/trials|GET /admin/payments|POST /admin/payments/{payment_id}/approve|POST /admin/payments/{payment_id}/reject|GET /admin/layers|GET /admin/health,GET /contract/status|POST /auth/register|POST /auth/login|POST /auth/2fa/verify|POST /auth/magic-link|GET /auth/magic-link/verify|POST /auth/forgot|POST /auth/reset|POST /account/activate|GET /account/trial|GET /packages|GET /me/entitlements|POST /payments/checkout|POST /payments/webhook|GET /me/subscription|GET /markets|GET /assets|GET /assets/{asset_id}/decision|GET /assets/{asset_id}/chart|GET /brief/today|GET /me/watchlist|POST /me/watchlist|DELETE /me/watchlist/{asset_id}|GET /me/dashboard|GET /me/alert-prefs|PUT /me/alert-prefs|POST /me/channels/telegram/link|POST /me/channels/telegram/verify|POST /me/channels/email/test|GET /admin/registrations|POST /admin/registrations/{registration_id}/decision|GET /admin/trials|GET /admin/payments|POST /admin/payments/{payment_id}/approve|POST /admin/payments/{payment_id}/reject|GET /admin/layers|GET /admin/health|GET /contract/status|POST /auth/register|POST /auth/login|POST /auth/2fa/verify|POST /auth/magic-link|GET /auth/magic-link/verify|POST /auth/forgot|POST /auth/reset|POST /account/activate|GET /account/trial|GET /packages|GET /me/entitlements|POST /payments/checkout|POST /payments/webhook|GET /me/subscription|GET /markets|GET /assets|GET /assets/{asset_id}/decision|GET /assets/{asset_id}/chart|GET /brief/today|GET /me/watchlist|POST /me/watchlist|DELETE /me/watchlist/{asset_id}|GET /me/dashboard|GET /me/alert-prefs|PUT /me/alert-prefs|POST /me/channels/telegram/link|POST /me/channels/telegram/verify|POST /me/channels/email/test|GET /admin/registrations|POST /admin/registrations/{registration_id}/decision|GET /admin/trials|GET /admin/payments|POST /admin/payments/{payment_id}/approve|POST /admin/payments/{payment_id}/reject|GET /admin/layers|GET /admin/health,UNKNOWN,MACHINE_EVIDENCE[REAL_DATA]::docs/99-governance/pr-019-capability-discovery-audit/PR019_ACTIVE_CAPABILITY_CATALOG.json,UNKNOWN,REAL_SNAPSHOT,REAL_DATA,true,true,false
CAP-6C1350BBA4A7,Init,B02_SERVICE_ENDPOINT_REAL_DATA,SERVICE_ENDPOINT_REAL_DATA,docs/99-governance/pr-019-capability-discovery-audit/PR019_ACTIVE_CAPABILITY_CATALOG.json,true,true,true,DISCOVERY_REQUIRED,DISCOVERY_REQUIRED,DISCOVERY_REQUIRED,DISCOVERY_REQUIRED,UNKNOWN,MACHINE_EVIDENCE[REAL_DATA]::docs/99-governance/pr-019-capability-discovery-audit/PR019_ACTIVE_CAPABILITY_CATALOG.json,UNKNOWN,REAL_SNAPSHOT,REAL_DATA,true,true,false
CAP-6C85E57F2482,Ndsp Registration Consent V42,B12_ENDPOINT_REAL_DATA,ENDPOINT_REAL_DATA,docs/99-governance/pr-019-capability-discovery-audit/PR019_ACTIVE_CAPABILITY_CATALOG.json,false,true,true,ndsp-registration-consent-v42.service,ndsp-registration-consent-v42.service,DISCOVERY_REQUIRED,DISCOVERY_REQUIRED,UNKNOWN,MACHINE_EVIDENCE[REAL_DATA]::docs/99-governance/pr-019-capability-discovery-audit/PR019_ACTIVE_CAPABILITY_CATALOG.json,UNKNOWN,REAL_SNAPSHOT,REAL_DATA,true,true,false
CAP-6C9E5493FEC3,Ndsp Live Trial Counters,B07_SERVICE_ENDPOINT,SERVICE_ENDPOINT,docs/99-governance/pr-019-capability-discovery-audit/PR019_ACTIVE_CAPABILITY_CATALOG.json,true,true,false,DISCOVERY_REQUIRED,DISCOVERY_REQUIRED,DISCOVERY_REQUIRED,DISCOVERY_REQUIRED,HTTP_API|JSON,HTTP_API|JSON,REAL_LIVE,REAL_LIVE,,false,true,false
CAP-6D3062BEB048,Ndsp Live Market Adapter,B18_ENDPOINT_ONLY,ENDPOINT_ONLY,docs/99-governance/pr-019-capability-discovery-audit/PR019_ACTIVE_CAPABILITY_CATALOG.json,false,true,false,ndsp-live-market-adapter.service,ndsp-live-market-adapter.service,DISCOVERY_REQUIRED,DISCOVERY_REQUIRED,HTTP_API|JSON,HTTP_API|JSON,REAL_LIVE,REAL_LIVE,,false,true,false
CAP-6F83F74440AE,Frontend Contract,B10_SERVICE_REAL_DATA,SERVICE_REAL_DATA,docs/99-governance/pr-019-capability-discovery-audit/PR019_ACTIVE_CAPABILITY_CATALOG.json,true,false,true,DISCOVERY_REQUIRED,DISCOVERY_REQUIRED,GET /assets/{asset_id}/decision,GET /assets/{asset_id}/decision,UNKNOWN,MACHINE_EVIDENCE[REAL_DATA]::docs/99-governance/pr-019-capability-discovery-audit/PR019_ACTIVE_CAPABILITY_CATALOG.json,REAL_LIVE,REAL_LIVE,REAL_DATA,true,true,false
CAP-6F9609BABB9D,Score,B02_SERVICE_ENDPOINT_REAL_DATA,SERVICE_ENDPOINT_REAL_DATA,docs/99-governance/pr-019-capability-discovery-audit/PR019_ACTIVE_CAPABILITY_CATALOG.json,true,true,true,DISCOVERY_REQUIRED,DISCOVERY_REQUIRED,DISCOVERY_REQUIRED,DISCOVERY_REQUIRED,UNKNOWN,MACHINE_EVIDENCE[REAL_DATA]::docs/99-governance/pr-019-capability-discovery-audit/PR019_ACTIVE_CAPABILITY_CATALOG.json,UNKNOWN,REAL_SNAPSHOT,REAL_DATA,true,true,false
CAP-6FE68AAF4F33,Telegram Routing Internal,B16_SERVICE_ONLY,SERVICE_ONLY,docs/99-governance/pr-019-capability-discovery-audit/PR019_ACTIVE_CAPABILITY_CATALOG.json,true,false,false,DISCOVERY_REQUIRED,DISCOVERY_REQUIRED,GET /status,GET /status,JSON|POSTGRES,JSON|POSTGRES,REAL_SNAPSHOT,REAL_SNAPSHOT,,false,true,false
CAP-704639CE50C9,Validate Decision,B14_SERVICE_ONLY,SERVICE_ONLY,docs/99-governance/pr-019-capability-discovery-audit/PR019_ACTIVE_CAPABILITY_CATALOG.json,true,false,false,DISCOVERY_REQUIRED,DISCOVERY_REQUIRED,GET /health|POST /api/governance/evaluate|POST /api/governance/submit,GET /health|POST /api/governance/evaluate|POST /api/governance/submit,HTTP_API|JSON,HTTP_API|JSON,REAL_LIVE,REAL_LIVE,,false,true,false
CAP-70C19D24087E,Ndsp Nowpayments,B16_SERVICE_ONLY,SERVICE_ONLY,docs/99-governance/pr-019-capability-discovery-audit/PR019_ACTIVE_CAPABILITY_CATALOG.json,true,false,false,DISCOVERY_REQUIRED,DISCOVERY_REQUIRED,GET /webhooks/nowpayments,GET /webhooks/nowpayments,HTTP_API|JSON|POSTGRES,HTTP_API|JSON|POSTGRES,REAL_LIVE,REAL_LIVE,,false,true,false
CAP-70F625B28F63,Alert Prefs Post,B16_SERVICE_ONLY,SERVICE_ONLY,docs/99-governance/pr-019-capability-discovery-audit/PR019_ACTIVE_CAPABILITY_CATALOG.json,true,false,false,DISCOVERY_REQUIRED,DISCOVERY_REQUIRED,GET /api/ndsp/compat/health|POST /api/trial/register|POST /api/v1/trial/register|POST /api/trial/request|POST /api/auth/register-trial|POST /api/auth/activate|GET /api/auth/activate|GET /api/v6/payments/nowpayments/subscription/status|GET /api/payments/nowpayments/subscription/status|POST /api/v6/payments/nowpayments/subscription/create|POST /api/payments/nowpayments/subscription/create|GET /api/user/alert-preferences|POST /api/user/alert-preferences|POST /api/telegram/link/start|POST /api/telegram/link/verify|POST /api/alerts/email/test|GET /api/ndsp/compat/health|POST /api/trial/register|POST /api/v1/trial/register|POST /api/trial/request|POST /api/auth/register-trial|POST /api/auth/activate|GET /api/auth/activate|GET /api/v6/payments/nowpayments/subscription/status|GET /api/payments/nowpayments/subscription/status|POST /api/v6/payments/nowpayments/subscription/create|POST /api/payments/nowpayments/subscription/create|GET /api/user/alert-preferences|POST /api/user/alert-preferences|POST /api/telegram/link/start|POST /api/telegram/link/verify|POST /api/alerts/email/test,GET /api/ndsp/compat/health|POST /api/trial/register|POST /api/v1/trial/register|POST /api/trial/request|POST /api/auth/register-trial|POST /api/auth/activate|GET /api/auth/activate|GET /api/v6/payments/nowpayments/subscription/status|GET /api/payments/nowpayments/subscription/status|POST /api/v6/payments/nowpayments/subscription/create|POST /api/payments/nowpayments/subscription/create|GET /api/user/alert-preferences|POST /api/user/alert-preferences|POST /api/telegram/link/start|POST /api/telegram/link/verify|POST /api/alerts/email/test|GET /api/ndsp/compat/health|POST /api/trial/register|POST /api/v1/trial/register|POST /api/trial/request|POST /api/auth/register-trial|POST /api/auth/activate|GET /api/auth/activate|GET /api/v6/payments/nowpayments/subscription/status|GET /api/payments/nowpayments/subscription/status|POST /api/v6/payments/nowpayments/subscription/create|POST /api/payments/nowpayments/subscription/create|GET /api/user/alert-preferences|POST /api/user/alert-preferences|POST /api/telegram/link/start|POST /api/telegram/link/verify|POST /api/alerts/email/test,JSON|POSTGRES,JSON|POSTGRES,REAL_SNAPSHOT,REAL_SNAPSHOT,,false,true,false
CAP-7221B578D5AA,Compute Tdl Trade Horizon Addons,B02_SERVICE_ENDPOINT_REAL_DATA,SERVICE_ENDPOINT_REAL_DATA,docs/99-governance/pr-019-capability-discovery-audit/PR019_ACTIVE_CAPABILITY_CATALOG.json,true,true,true,DISCOVERY_REQUIRED,DISCOVERY_REQUIRED,DISCOVERY_REQUIRED,DISCOVERY_REQUIRED,UNKNOWN,MACHINE_EVIDENCE[REAL_DATA]::docs/99-governance/pr-019-capability-discovery-audit/PR019_ACTIVE_CAPABILITY_CATALOG.json,UNKNOWN,REAL_SNAPSHOT,REAL_DATA,true,true,false
CAP-72FDDE4CBD63,Fetch Decision Bundle,B04_SERVICE_ENDPOINT_REAL_DATA,SERVICE_ENDPOINT_REAL_DATA,docs/99-governance/pr-019-capability-discovery-audit/PR019_ACTIVE_CAPABILITY_CATALOG.json,true,true,true,DISCOVERY_REQUIRED,DISCOVERY_REQUIRED,DISCOVERY_REQUIRED,DISCOVERY_REQUIRED,HTTP_API|JSON,HTTP_API|JSON,MOCK_ONLY,REAL_SNAPSHOT,REAL_DATA,true,true,false
CAP-72FE4FA915D8,Quality Grade,B02_SERVICE_ENDPOINT_REAL_DATA,SERVICE_ENDPOINT_REAL_DATA,docs/99-governance/pr-019-capability-discovery-audit/PR019_ACTIVE_CAPABILITY_CATALOG.json,true,true,true,DISCOVERY_REQUIRED,DISCOVERY_REQUIRED,DISCOVERY_REQUIRED,DISCOVERY_REQUIRED,UNKNOWN,MACHINE_EVIDENCE[REAL_DATA]::docs/99-governance/pr-019-capability-discovery-audit/PR019_ACTIVE_CAPABILITY_CATALOG.json,UNKNOWN,REAL_SNAPSHOT,REAL_DATA,true,true,false
CAP-74877E98A816,Load Governance Mode,B18_ENDPOINT_ONLY,ENDPOINT_ONLY,docs/99-governance/pr-019-capability-discovery-audit/PR019_ACTIVE_CAPABILITY_CATALOG.json,false,true,false,ndsp-governance-bridge.service,ndsp-governance-bridge.service,DISCOVERY_REQUIRED,DISCOVERY_REQUIRED,JSON,JSON,REAL_SNAPSHOT,REAL_SNAPSHOT,,false,true,false
CAP-74B246794B32,Decision Summary Cards Legacy V125,B04_SERVICE_ENDPOINT_REAL_DATA,SERVICE_ENDPOINT_REAL_DATA,docs/99-governance/pr-019-capability-discovery-audit/PR019_ACTIVE_CAPABILITY_CATALOG.json,true,true,true,DISCOVERY_REQUIRED,DISCOVERY_REQUIRED,DISCOVERY_REQUIRED,DISCOVERY_REQUIRED,HTTP_API|JSON,HTTP_API|JSON,MOCK_ONLY,REAL_SNAPSHOT,REAL_DATA,true,true,false
CAP-7504DEC77825,Ndsp Bot Execution,B12_ENDPOINT_REAL_DATA,ENDPOINT_REAL_DATA,docs/99-governance/pr-019-capability-discovery-audit/PR019_ACTIVE_CAPABILITY_CATALOG.json,false,true,true,ndsp-bot_execution.service,ndsp-bot_execution.service,DISCOVERY_REQUIRED,DISCOVERY_REQUIRED,UNKNOWN,MACHINE_EVIDENCE[REAL_DATA]::docs/99-governance/pr-019-capability-discovery-audit/PR019_ACTIVE_CAPABILITY_CATALOG.json,UNKNOWN,REAL_SNAPSHOT,REAL_DATA,true,true,false
CAP-75332A37EEA5,Ndsp Read Admin Action Key,B14_SERVICE_ONLY,SERVICE_ONLY,docs/99-governance/pr-019-capability-discovery-audit/PR019_ACTIVE_CAPABILITY_CATALOG.json,true,false,false,DISCOVERY_REQUIRED,DISCOVERY_REQUIRED,GET /health|POST /auth/register|POST /auth/login|GET /me|POST /feedback|POST /upgrade-request|GET /upgrade-requests/me|GET /admin/upgrade-requests|POST /admin/upgrade-requests/:id/review|GET /trial/status|GET /admin/feedback|POST /admin/feedback/:id/review|GET /notifications|POST /notifications/:id/read|GET /admin/notifications|POST /admin/notifications/send|GET /plans|GET /admin/plans|PUT /admin/plans/:id|POST /admin/plans/:id/features|DELETE /admin/plan-features/:id|PUT /admin/plans/:id/layers/:layerKey|GET /admin/stats|PUT /admin/users/:id|DELETE /admin/users/:id|GET /admin/users|POST /api/auth/2fa/setup/start|POST /api/auth/2fa/setup/confirm|POST /__retired_api_admin_users_action_legacy|POST /api/auth/2fa/setup/start|GET /api/admin/telegram-routing/status|POST /api/admin/telegram-routing/update|POST /api/admin/telegram-routing/test,GET /health|POST /auth/register|POST /auth/login|GET /me|POST /feedback|POST /upgrade-request|GET /upgrade-requests/me|GET /admin/upgrade-requests|POST /admin/upgrade-requests/:id/review|GET /trial/status|GET /admin/feedback|POST /admin/feedback/:id/review|GET /notifications|POST /notifications/:id/read|GET /admin/notifications|POST /admin/notifications/send|GET /plans|GET /admin/plans|PUT /admin/plans/:id|POST /admin/plans/:id/features|DELETE /admin/plan-features/:id|PUT /admin/plans/:id/layers/:layerKey|GET /admin/stats|PUT /admin/users/:id|DELETE /admin/users/:id|GET /admin/users|POST /api/auth/2fa/setup/start|POST /api/auth/2fa/setup/confirm|POST /__retired_api_admin_users_action_legacy|POST /api/auth/2fa/setup/start|GET /api/admin/telegram-routing/status|POST /api/admin/telegram-routing/update|POST /api/admin/telegram-routing/test,JSON,JSON,REAL_SNAPSHOT,REAL_SNAPSHOT,,false,true,false
CAP-75CF22E0AFA6,Get Alert Prefs,B09_SERVICE_REAL_DATA,SERVICE_REAL_DATA,docs/99-governance/pr-019-capability-discovery-audit/PR019_ACTIVE_CAPABILITY_CATALOG.json,true,false,true,DISCOVERY_REQUIRED,DISCOVERY_REQUIRED,GET /contract/status|POST /auth/register|POST /auth/login|POST /auth/2fa/verify|POST /auth/magic-link|GET /auth/magic-link/verify|POST /auth/forgot|POST /auth/reset|POST /account/activate|GET /account/trial|GET /packages|GET /me/entitlements|POST /payments/checkout|POST /payments/webhook|GET /me/subscription|GET /markets|GET /assets|GET /assets/{asset_id}/decision|GET /assets/{asset_id}/chart|GET /brief/today|GET /me/watchlist|POST /me/watchlist|DELETE /me/watchlist/{asset_id}|GET /me/dashboard|GET /me/alert-prefs|PUT /me/alert-prefs|POST /me/channels/telegram/link|POST /me/channels/telegram/verify|POST /me/channels/email/test|GET /admin/registrations|POST /admin/registrations/{registration_id}/decision|GET /admin/trials|GET /admin/payments|POST /admin/payments/{payment_id}/approve|POST /admin/payments/{payment_id}/reject|GET /admin/layers|GET /admin/health|GET /contract/status|POST /auth/register|POST /auth/login|POST /auth/2fa/verify|POST /auth/magic-link|GET /auth/magic-link/verify|POST /auth/forgot|POST /auth/reset|POST /account/activate|GET /account/trial|GET /packages|GET /me/entitlements|POST /payments/checkout|POST /payments/webhook|GET /me/subscription|GET /markets|GET /assets|GET /assets/{asset_id}/decision|GET /assets/{asset_id}/chart|GET /brief/today|GET /me/watchlist|POST /me/watchlist|DELETE /me/watchlist/{asset_id}|GET /me/dashboard|GET /me/alert-prefs|PUT /me/alert-prefs|POST /me/channels/telegram/link|POST /me/channels/telegram/verify|POST /me/channels/email/test|GET /admin/registrations|POST /admin/registrations/{registration_id}/decision|GET /admin/trials|GET /admin/payments|POST /admin/payments/{payment_id}/approve|POST /admin/payments/{payment_id}/reject|GET /admin/layers|GET /admin/health,GET /contract/status|POST /auth/register|POST /auth/login|POST /auth/2fa/verify|POST /auth/magic-link|GET /auth/magic-link/verify|POST /auth/forgot|POST /auth/reset|POST /account/activate|GET /account/trial|GET /packages|GET /me/entitlements|POST /payments/checkout|POST /payments/webhook|GET /me/subscription|GET /markets|GET /assets|GET /assets/{asset_id}/decision|GET /assets/{asset_id}/chart|GET /brief/today|GET /me/watchlist|POST /me/watchlist|DELETE /me/watchlist/{asset_id}|GET /me/dashboard|GET /me/alert-prefs|PUT /me/alert-prefs|POST /me/channels/telegram/link|POST /me/channels/telegram/verify|POST /me/channels/email/test|GET /admin/registrations|POST /admin/registrations/{registration_id}/decision|GET /admin/trials|GET /admin/payments|POST /admin/payments/{payment_id}/approve|POST /admin/payments/{payment_id}/reject|GET /admin/layers|GET /admin/health|GET /contract/status|POST /auth/register|POST /auth/login|POST /auth/2fa/verify|POST /auth/magic-link|GET /auth/magic-link/verify|POST /auth/forgot|POST /auth/reset|POST /account/activate|GET /account/trial|GET /packages|GET /me/entitlements|POST /payments/checkout|POST /payments/webhook|GET /me/subscription|GET /markets|GET /assets|GET /assets/{asset_id}/decision|GET /assets/{asset_id}/chart|GET /brief/today|GET /me/watchlist|POST /me/watchlist|DELETE /me/watchlist/{asset_id}|GET /me/dashboard|GET /me/alert-prefs|PUT /me/alert-prefs|POST /me/channels/telegram/link|POST /me/channels/telegram/verify|POST /me/channels/email/test|GET /admin/registrations|POST /admin/registrations/{registration_id}/decision|GET /admin/trials|GET /admin/payments|POST /admin/payments/{payment_id}/approve|POST /admin/payments/{payment_id}/reject|GET /admin/layers|GET /admin/health,UNKNOWN,MACHINE_EVIDENCE[REAL_DATA]::docs/99-governance/pr-019-capability-discovery-audit/PR019_ACTIVE_CAPABILITY_CATALOG.json,UNKNOWN,REAL_SNAPSHOT,REAL_DATA,true,true,false
CAP-76B70495D201,Test Cot Spine,B02_SERVICE_ENDPOINT_REAL_DATA,SERVICE_ENDPOINT_REAL_DATA,docs/99-governance/pr-019-capability-discovery-audit/PR019_ACTIVE_CAPABILITY_CATALOG.json,true,true,true,DISCOVERY_REQUIRED,DISCOVERY_REQUIRED,DISCOVERY_REQUIRED,DISCOVERY_REQUIRED,UNKNOWN,MACHINE_EVIDENCE[REAL_DATA]::docs/99-governance/pr-019-capability-discovery-audit/PR019_ACTIVE_CAPABILITY_CATALOG.json,UNKNOWN,REAL_SNAPSHOT,REAL_DATA,true,true,false
CAP-77818ECC2F15,Market Positioning,B02_SERVICE_ENDPOINT_REAL_DATA,SERVICE_ENDPOINT_REAL_DATA,docs/99-governance/pr-019-capability-discovery-audit/PR019_ACTIVE_CAPABILITY_CATALOG.json,true,true,true,DISCOVERY_REQUIRED,DISCOVERY_REQUIRED,DISCOVERY_REQUIRED,DISCOVERY_REQUIRED,UNKNOWN,MACHINE_EVIDENCE[REAL_DATA]::docs/99-governance/pr-019-capability-discovery-audit/PR019_ACTIVE_CAPABILITY_CATALOG.json,UNKNOWN,REAL_SNAPSHOT,REAL_DATA,true,true,false
CAP-7790D40220E7,Scenario Service,B04_SERVICE_ENDPOINT_REAL_DATA,SERVICE_ENDPOINT_REAL_DATA,docs/99-governance/pr-019-capability-discovery-audit/PR019_ACTIVE_CAPABILITY_CATALOG.json,true,true,true,DISCOVERY_REQUIRED,DISCOVERY_REQUIRED,DISCOVERY_REQUIRED,DISCOVERY_REQUIRED,UNKNOWN,MACHINE_EVIDENCE[REAL_DATA]::docs/99-governance/pr-019-capability-discovery-audit/PR019_ACTIVE_CAPABILITY_CATALOG.json,UNKNOWN,REAL_SNAPSHOT,REAL_DATA,true,true,false
CAP-77BC55243F4F,Black Layer Engine,B02_SERVICE_ENDPOINT_REAL_DATA,SERVICE_ENDPOINT_REAL_DATA,docs/99-governance/pr-019-capability-discovery-audit/PR019_ACTIVE_CAPABILITY_CATALOG.json,true,true,true,DISCOVERY_REQUIRED,DISCOVERY_REQUIRED,DISCOVERY_REQUIRED,DISCOVERY_REQUIRED,UNKNOWN,MACHINE_EVIDENCE[REAL_DATA]::docs/99-governance/pr-019-capability-discovery-audit/PR019_ACTIVE_CAPABILITY_CATALOG.json,UNKNOWN,REAL_SNAPSHOT,REAL_DATA,true,true,false
CAP-7926D048AA63,User Key,B06_SERVICE_ENDPOINT,SERVICE_ENDPOINT,docs/99-governance/pr-019-capability-discovery-audit/PR019_ACTIVE_CAPABILITY_CATALOG.json,true,true,false,DISCOVERY_REQUIRED,DISCOVERY_REQUIRED,DISCOVERY_REQUIRED,DISCOVERY_REQUIRED,JSON,JSON,REAL_SNAPSHOT,REAL_SNAPSHOT,,false,true,false
CAP-793DD4598CE0,Get Market Payload,B18_ENDPOINT_ONLY,ENDPOINT_ONLY,docs/99-governance/pr-019-capability-discovery-audit/PR019_ACTIVE_CAPABILITY_CATALOG.json,false,true,false,ndsp-scenario-levels-adapter.service,ndsp-scenario-levels-adapter.service,DISCOVERY_REQUIRED,DISCOVERY_REQUIRED,JSON,JSON,REAL_SNAPSHOT,REAL_SNAPSHOT,,false,true,false
CAP-793E22D57579,Macro Quality Stack Effect,B02_SERVICE_ENDPOINT_REAL_DATA,SERVICE_ENDPOINT_REAL_DATA,docs/99-governance/pr-019-capability-discovery-audit/PR019_ACTIVE_CAPABILITY_CATALOG.json,true,true,true,DISCOVERY_REQUIRED,DISCOVERY_REQUIRED,DISCOVERY_REQUIRED,DISCOVERY_REQUIRED,UNKNOWN,MACHINE_EVIDENCE[REAL_DATA]::docs/99-governance/pr-019-capability-discovery-audit/PR019_ACTIVE_CAPABILITY_CATALOG.json,UNKNOWN,REAL_SNAPSHOT,REAL_DATA,true,true,false
CAP-794EA0FC771F,User Test,B18_ENDPOINT_ONLY,ENDPOINT_ONLY,docs/99-governance/pr-019-capability-discovery-audit/PR019_ACTIVE_CAPABILITY_CATALOG.json,false,true,false,ndsp-user-alert-channels.service,ndsp-user-alert-channels.service,DISCOVERY_REQUIRED,DISCOVERY_REQUIRED,JSON,JSON,REAL_SNAPSHOT,REAL_SNAPSHOT,,false,true,false
CAP-798893D4D6E0,Asset Decision,B09_SERVICE_REAL_DATA,SERVICE_REAL_DATA,docs/99-governance/pr-019-capability-discovery-audit/PR019_ACTIVE_CAPABILITY_CATALOG.json,true,false,true,DISCOVERY_REQUIRED,DISCOVERY_REQUIRED,GET /contract/status|POST /auth/register|POST /auth/login|POST /auth/2fa/verify|POST /auth/magic-link|GET /auth/magic-link/verify|POST /auth/forgot|POST /auth/reset|POST /account/activate|GET /account/trial|GET /packages|GET /me/entitlements|POST /payments/checkout|POST /payments/webhook|GET /me/subscription|GET /markets|GET /assets|GET /assets/{asset_id}/decision|GET /assets/{asset_id}/chart|GET /brief/today|GET /me/watchlist|POST /me/watchlist|DELETE /me/watchlist/{asset_id}|GET /me/dashboard|GET /me/alert-prefs|PUT /me/alert-prefs|POST /me/channels/telegram/link|POST /me/channels/telegram/verify|POST /me/channels/email/test|GET /admin/registrations|POST /admin/registrations/{registration_id}/decision|GET /admin/trials|GET /admin/payments|POST /admin/payments/{payment_id}/approve|POST /admin/payments/{payment_id}/reject|GET /admin/layers|GET /admin/health|GET /contract/status|POST /auth/register|POST /auth/login|POST /auth/2fa/verify|POST /auth/magic-link|GET /auth/magic-link/verify|POST /auth/forgot|POST /auth/reset|POST /account/activate|GET /account/trial|GET /packages|GET /me/entitlements|POST /payments/checkout|POST /payments/webhook|GET /me/subscription|GET /markets|GET /assets|GET /assets/{asset_id}/decision|GET /assets/{asset_id}/chart|GET /brief/today|GET /me/watchlist|POST /me/watchlist|DELETE /me/watchlist/{asset_id}|GET /me/dashboard|GET /me/alert-prefs|PUT /me/alert-prefs|POST /me/channels/telegram/link|POST /me/channels/telegram/verify|POST /me/channels/email/test|GET /admin/registrations|POST /admin/registrations/{registration_id}/decision|GET /admin/trials|GET /admin/payments|POST /admin/payments/{payment_id}/approve|POST /admin/payments/{payment_id}/reject|GET /admin/layers|GET /admin/health,GET /contract/status|POST /auth/register|POST /auth/login|POST /auth/2fa/verify|POST /auth/magic-link|GET /auth/magic-link/verify|POST /auth/forgot|POST /auth/reset|POST /account/activate|GET /account/trial|GET /packages|GET /me/entitlements|POST /payments/checkout|POST /payments/webhook|GET /me/subscription|GET /markets|GET /assets|GET /assets/{asset_id}/decision|GET /assets/{asset_id}/chart|GET /brief/today|GET /me/watchlist|POST /me/watchlist|DELETE /me/watchlist/{asset_id}|GET /me/dashboard|GET /me/alert-prefs|PUT /me/alert-prefs|POST /me/channels/telegram/link|POST /me/channels/telegram/verify|POST /me/channels/email/test|GET /admin/registrations|POST /admin/registrations/{registration_id}/decision|GET /admin/trials|GET /admin/payments|POST /admin/payments/{payment_id}/approve|POST /admin/payments/{payment_id}/reject|GET /admin/layers|GET /admin/health|GET /contract/status|POST /auth/register|POST /auth/login|POST /auth/2fa/verify|POST /auth/magic-link|GET /auth/magic-link/verify|POST /auth/forgot|POST /auth/reset|POST /account/activate|GET /account/trial|GET /packages|GET /me/entitlements|POST /payments/checkout|POST /payments/webhook|GET /me/subscription|GET /markets|GET /assets|GET /assets/{asset_id}/decision|GET /assets/{asset_id}/chart|GET /brief/today|GET /me/watchlist|POST /me/watchlist|DELETE /me/watchlist/{asset_id}|GET /me/dashboard|GET /me/alert-prefs|PUT /me/alert-prefs|POST /me/channels/telegram/link|POST /me/channels/telegram/verify|POST /me/channels/email/test|GET /admin/registrations|POST /admin/registrations/{registration_id}/decision|GET /admin/trials|GET /admin/payments|POST /admin/payments/{payment_id}/approve|POST /admin/payments/{payment_id}/reject|GET /admin/layers|GET /admin/health,UNKNOWN,MACHINE_EVIDENCE[REAL_DATA]::docs/99-governance/pr-019-capability-discovery-audit/PR019_ACTIVE_CAPABILITY_CATALOG.json,UNKNOWN,REAL_SNAPSHOT,REAL_DATA,true,true,false
CAP-79FF6CD17DD6,Risk Page,B04_SERVICE_ENDPOINT_REAL_DATA,SERVICE_ENDPOINT_REAL_DATA,docs/99-governance/pr-019-capability-discovery-audit/PR019_ACTIVE_CAPABILITY_CATALOG.json,true,true,true,DISCOVERY_REQUIRED,DISCOVERY_REQUIRED,DISCOVERY_REQUIRED,DISCOVERY_REQUIRED,HTTP_API|JSON,HTTP_API|JSON,MOCK_ONLY,REAL_SNAPSHOT,REAL_DATA,true,true,false
CAP-7A9637DD3A75,Frontend Contract,B10_SERVICE_REAL_DATA,SERVICE_REAL_DATA,docs/99-governance/pr-019-capability-discovery-audit/PR019_ACTIVE_CAPABILITY_CATALOG.json,true,false,true,DISCOVERY_REQUIRED,DISCOVERY_REQUIRED,GET /markets,GET /markets,UNKNOWN,MACHINE_EVIDENCE[REAL_DATA]::docs/99-governance/pr-019-capability-discovery-audit/PR019_ACTIVE_CAPABILITY_CATALOG.json,REAL_LIVE,REAL_LIVE,REAL_DATA,true,true,false
CAP-7AF5F3CAE976,Ndsp Nowpayments,B16_SERVICE_ONLY,SERVICE_ONLY,docs/99-governance/pr-019-capability-discovery-audit/PR019_ACTIVE_CAPABILITY_CATALOG.json,true,false,false,DISCOVERY_REQUIRED,DISCOVERY_REQUIRED,POST /webhooks/nowpayments,POST /webhooks/nowpayments,HTTP_API|JSON|POSTGRES,HTTP_API|JSON|POSTGRES,REAL_LIVE,REAL_LIVE,,false,true,false
CAP-7C8F6B1D672F,Test Macro Quality Stack Effect,B02_SERVICE_ENDPOINT_REAL_DATA,SERVICE_ENDPOINT_REAL_DATA,docs/99-governance/pr-019-capability-discovery-audit/PR019_ACTIVE_CAPABILITY_CATALOG.json,true,true,true,DISCOVERY_REQUIRED,DISCOVERY_REQUIRED,DISCOVERY_REQUIRED,DISCOVERY_REQUIRED,UNKNOWN,MACHINE_EVIDENCE[REAL_DATA]::docs/99-governance/pr-019-capability-discovery-audit/PR019_ACTIVE_CAPABILITY_CATALOG.json,UNKNOWN,REAL_SNAPSHOT,REAL_DATA,true,true,false
CAP-7D844F2CA7E4,Create Subscription Payment,B14_SERVICE_ONLY,SERVICE_ONLY,docs/99-governance/pr-019-capability-discovery-audit/PR019_ACTIVE_CAPABILITY_CATALOG.json,true,false,false,DISCOVERY_REQUIRED,DISCOVERY_REQUIRED,GET /api/ndsp/nowpayments-create-alias/health|POST /api/v6/payments/nowpayments/subscription/create|POST /api/payments/nowpayments/subscription/create|GET /api/ndsp/nowpayments-create-alias/health|POST /api/v6/payments/nowpayments/subscription/create|POST /api/payments/nowpayments/subscription/create,GET /api/ndsp/nowpayments-create-alias/health|POST /api/v6/payments/nowpayments/subscription/create|POST /api/payments/nowpayments/subscription/create|GET /api/ndsp/nowpayments-create-alias/health|POST /api/v6/payments/nowpayments/subscription/create|POST /api/payments/nowpayments/subscription/create,JSON|POSTGRES,JSON|POSTGRES,REAL_SNAPSHOT,REAL_SNAPSHOT,,false,true,false
CAP-7E277EBB15C8,Evaluate Data Quality,B02_SERVICE_ENDPOINT_REAL_DATA,SERVICE_ENDPOINT_REAL_DATA,docs/99-governance/pr-019-capability-discovery-audit/PR019_ACTIVE_CAPABILITY_CATALOG.json,true,true,true,DISCOVERY_REQUIRED,DISCOVERY_REQUIRED,DISCOVERY_REQUIRED,DISCOVERY_REQUIRED,UNKNOWN,MACHINE_EVIDENCE[REAL_DATA]::docs/99-governance/pr-019-capability-discovery-audit/PR019_ACTIVE_CAPABILITY_CATALOG.json,UNKNOWN,REAL_SNAPSHOT,REAL_DATA,true,true,false
CAP-7F5DA6A52F4D,Get Auth User,B14_SERVICE_ONLY,SERVICE_ONLY,docs/99-governance/pr-019-capability-discovery-audit/PR019_ACTIVE_CAPABILITY_CATALOG.json,true,false,false,DISCOVERY_REQUIRED,DISCOVERY_REQUIRED,GET /nowpayments/health|POST /checkout/create|GET /webhooks/nowpayments|POST /webhooks/nowpayments,GET /nowpayments/health|POST /checkout/create|GET /webhooks/nowpayments|POST /webhooks/nowpayments,HTTP_API|JSON|POSTGRES,HTTP_API|JSON|POSTGRES,REAL_LIVE,REAL_LIVE,,false,true,false
CAP-7FAFDEF8B916,Admin List Audit Events,B12_ENDPOINT_REAL_DATA,ENDPOINT_REAL_DATA,docs/99-governance/pr-019-capability-discovery-audit/PR019_ACTIVE_CAPABILITY_CATALOG.json,false,true,true,ndsp-governance-bridge.service,ndsp-governance-bridge.service,DISCOVERY_REQUIRED,DISCOVERY_REQUIRED,UNKNOWN,MACHINE_EVIDENCE[REAL_DATA]::docs/99-governance/pr-019-capability-discovery-audit/PR019_ACTIVE_CAPABILITY_CATALOG.json,UNKNOWN,REAL_SNAPSHOT,REAL_DATA,true,true,false
CAP-8005A5881BBA,Merge Trial,B06_SERVICE_ENDPOINT,SERVICE_ENDPOINT,docs/99-governance/pr-019-capability-discovery-audit/PR019_ACTIVE_CAPABILITY_CATALOG.json,true,true,false,DISCOVERY_REQUIRED,DISCOVERY_REQUIRED,DISCOVERY_REQUIRED,DISCOVERY_REQUIRED,JSON,JSON,REAL_SNAPSHOT,REAL_SNAPSHOT,,false,true,false
CAP-805630C7C819,Attach Report,B13_ENDPOINT_REAL_DATA,ENDPOINT_REAL_DATA,docs/99-governance/pr-019-capability-discovery-audit/PR019_ACTIVE_CAPABILITY_CATALOG.json,false,true,true,ndsp-scenario-levels-adapter.service,ndsp-scenario-levels-adapter.service,DISCOVERY_REQUIRED,DISCOVERY_REQUIRED,UNKNOWN,MACHINE_EVIDENCE[REAL_DATA]::docs/99-governance/pr-019-capability-discovery-audit/PR019_ACTIVE_CAPABILITY_CATALOG.json,UNKNOWN,REAL_SNAPSHOT,REAL_DATA,true,true,false
CAP-81A7994FF55D,Auth Magic Link,B09_SERVICE_REAL_DATA,SERVICE_REAL_DATA,docs/99-governance/pr-019-capability-discovery-audit/PR019_ACTIVE_CAPABILITY_CATALOG.json,true,false,true,DISCOVERY_REQUIRED,DISCOVERY_REQUIRED,GET /contract/status|POST /auth/register|POST /auth/login|POST /auth/2fa/verify|POST /auth/magic-link|GET /auth/magic-link/verify|POST /auth/forgot|POST /auth/reset|POST /account/activate|GET /account/trial|GET /packages|GET /me/entitlements|POST /payments/checkout|POST /payments/webhook|GET /me/subscription|GET /markets|GET /assets|GET /assets/{asset_id}/decision|GET /assets/{asset_id}/chart|GET /brief/today|GET /me/watchlist|POST /me/watchlist|DELETE /me/watchlist/{asset_id}|GET /me/dashboard|GET /me/alert-prefs|PUT /me/alert-prefs|POST /me/channels/telegram/link|POST /me/channels/telegram/verify|POST /me/channels/email/test|GET /admin/registrations|POST /admin/registrations/{registration_id}/decision|GET /admin/trials|GET /admin/payments|POST /admin/payments/{payment_id}/approve|POST /admin/payments/{payment_id}/reject|GET /admin/layers|GET /admin/health|GET /contract/status|POST /auth/register|POST /auth/login|POST /auth/2fa/verify|POST /auth/magic-link|GET /auth/magic-link/verify|POST /auth/forgot|POST /auth/reset|POST /account/activate|GET /account/trial|GET /packages|GET /me/entitlements|POST /payments/checkout|POST /payments/webhook|GET /me/subscription|GET /markets|GET /assets|GET /assets/{asset_id}/decision|GET /assets/{asset_id}/chart|GET /brief/today|GET /me/watchlist|POST /me/watchlist|DELETE /me/watchlist/{asset_id}|GET /me/dashboard|GET /me/alert-prefs|PUT /me/alert-prefs|POST /me/channels/telegram/link|POST /me/channels/telegram/verify|POST /me/channels/email/test|GET /admin/registrations|POST /admin/registrations/{registration_id}/decision|GET /admin/trials|GET /admin/payments|POST /admin/payments/{payment_id}/approve|POST /admin/payments/{payment_id}/reject|GET /admin/layers|GET /admin/health,GET /contract/status|POST /auth/register|POST /auth/login|POST /auth/2fa/verify|POST /auth/magic-link|GET /auth/magic-link/verify|POST /auth/forgot|POST /auth/reset|POST /account/activate|GET /account/trial|GET /packages|GET /me/entitlements|POST /payments/checkout|POST /payments/webhook|GET /me/subscription|GET /markets|GET /assets|GET /assets/{asset_id}/decision|GET /assets/{asset_id}/chart|GET /brief/today|GET /me/watchlist|POST /me/watchlist|DELETE /me/watchlist/{asset_id}|GET /me/dashboard|GET /me/alert-prefs|PUT /me/alert-prefs|POST /me/channels/telegram/link|POST /me/channels/telegram/verify|POST /me/channels/email/test|GET /admin/registrations|POST /admin/registrations/{registration_id}/decision|GET /admin/trials|GET /admin/payments|POST /admin/payments/{payment_id}/approve|POST /admin/payments/{payment_id}/reject|GET /admin/layers|GET /admin/health|GET /contract/status|POST /auth/register|POST /auth/login|POST /auth/2fa/verify|POST /auth/magic-link|GET /auth/magic-link/verify|POST /auth/forgot|POST /auth/reset|POST /account/activate|GET /account/trial|GET /packages|GET /me/entitlements|POST /payments/checkout|POST /payments/webhook|GET /me/subscription|GET /markets|GET /assets|GET /assets/{asset_id}/decision|GET /assets/{asset_id}/chart|GET /brief/today|GET /me/watchlist|POST /me/watchlist|DELETE /me/watchlist/{asset_id}|GET /me/dashboard|GET /me/alert-prefs|PUT /me/alert-prefs|POST /me/channels/telegram/link|POST /me/channels/telegram/verify|POST /me/channels/email/test|GET /admin/registrations|POST /admin/registrations/{registration_id}/decision|GET /admin/trials|GET /admin/payments|POST /admin/payments/{payment_id}/approve|POST /admin/payments/{payment_id}/reject|GET /admin/layers|GET /admin/health,UNKNOWN,MACHINE_EVIDENCE[REAL_DATA]::docs/99-governance/pr-019-capability-discovery-audit/PR019_ACTIVE_CAPABILITY_CATALOG.json,UNKNOWN,REAL_SNAPSHOT,REAL_DATA,true,true,false
CAP-83469D7ECA81,Layer Score Candidate V127,B04_SERVICE_ENDPOINT_REAL_DATA,SERVICE_ENDPOINT_REAL_DATA,docs/99-governance/pr-019-capability-discovery-audit/PR019_ACTIVE_CAPABILITY_CATALOG.json,true,true,true,DISCOVERY_REQUIRED,DISCOVERY_REQUIRED,DISCOVERY_REQUIRED,DISCOVERY_REQUIRED,HTTP_API|JSON,HTTP_API|JSON,MOCK_ONLY,REAL_SNAPSHOT,REAL_DATA,true,true,false
CAP-834DF8F1DE14,User From Auth Me,B19_ENDPOINT_ONLY,ENDPOINT_ONLY,docs/99-governance/pr-019-capability-discovery-audit/PR019_ACTIVE_CAPABILITY_CATALOG.json,false,true,false,ndsp-user-alert-channels.service,ndsp-user-alert-channels.service,DISCOVERY_REQUIRED,DISCOVERY_REQUIRED,JSON,JSON,REAL_SNAPSHOT,REAL_SNAPSHOT,,false,true,false
CAP-856006E91456,Ndsp Platform Gateway 9002,B12_ENDPOINT_REAL_DATA,ENDPOINT_REAL_DATA,docs/99-governance/pr-019-capability-discovery-audit/PR019_ACTIVE_CAPABILITY_CATALOG.json,false,true,true,ndsp-platform-gateway-9002.service,ndsp-platform-gateway-9002.service,DISCOVERY_REQUIRED,DISCOVERY_REQUIRED,UNKNOWN,MACHINE_EVIDENCE[REAL_DATA]::docs/99-governance/pr-019-capability-discovery-audit/PR019_ACTIVE_CAPABILITY_CATALOG.json,UNKNOWN,REAL_SNAPSHOT,REAL_DATA,true,true,false
CAP-85BADA8EEE4D,Admin Key Ok,B14_SERVICE_ONLY,SERVICE_ONLY,docs/99-governance/pr-019-capability-discovery-audit/PR019_ACTIVE_CAPABILITY_CATALOG.json,true,false,false,DISCOVERY_REQUIRED,DISCOVERY_REQUIRED,GET /debug-auth|GET /debug-db|GET /status|POST /update|POST /test|GET /debug-auth|GET /debug-db|GET /status|POST /update|POST /test,GET /debug-auth|GET /debug-db|GET /status|POST /update|POST /test|GET /debug-auth|GET /debug-db|GET /status|POST /update|POST /test,JSON|POSTGRES,JSON|POSTGRES,REAL_SNAPSHOT,REAL_SNAPSHOT,,false,true,false
CAP-85BB71BCB158,V461 Market Path,B19_ENDPOINT_ONLY,ENDPOINT_ONLY,docs/99-governance/pr-019-capability-discovery-audit/PR019_ACTIVE_CAPABILITY_CATALOG.json,false,true,false,ndsp-platform-gateway.service,ndsp-platform-gateway.service,DISCOVERY_REQUIRED,DISCOVERY_REQUIRED,JSON,JSON,REAL_SNAPSHOT,REAL_SNAPSHOT,,false,true,false
CAP-862CD297F1FD,Frontend Contract,B10_SERVICE_REAL_DATA,SERVICE_REAL_DATA,docs/99-governance/pr-019-capability-discovery-audit/PR019_ACTIVE_CAPABILITY_CATALOG.json,true,false,true,DISCOVERY_REQUIRED,DISCOVERY_REQUIRED,POST /auth/forgot,POST /auth/forgot,UNKNOWN,MACHINE_EVIDENCE[REAL_DATA]::docs/99-governance/pr-019-capability-discovery-audit/PR019_ACTIVE_CAPABILITY_CATALOG.json,UNKNOWN,REAL_SNAPSHOT,REAL_DATA,true,true,false
CAP-879F3BBEFD90,Nmp Engine,B02_SERVICE_ENDPOINT_REAL_DATA,SERVICE_ENDPOINT_REAL_DATA,docs/99-governance/pr-019-capability-discovery-audit/PR019_ACTIVE_CAPABILITY_CATALOG.json,true,true,true,DISCOVERY_REQUIRED,DISCOVERY_REQUIRED,DISCOVERY_REQUIRED,DISCOVERY_REQUIRED,UNKNOWN,MACHINE_EVIDENCE[REAL_DATA]::docs/99-governance/pr-019-capability-discovery-audit/PR019_ACTIVE_CAPABILITY_CATALOG.json,UNKNOWN,REAL_SNAPSHOT,REAL_DATA,true,true,false
CAP-88BCB79F77AB,Ndsp Market Suite Nav,B04_SERVICE_ENDPOINT_REAL_DATA,SERVICE_ENDPOINT_REAL_DATA,docs/99-governance/pr-019-capability-discovery-audit/PR019_ACTIVE_CAPABILITY_CATALOG.json,true,true,true,DISCOVERY_REQUIRED,DISCOVERY_REQUIRED,DISCOVERY_REQUIRED,DISCOVERY_REQUIRED,UNKNOWN,MACHINE_EVIDENCE[REAL_DATA]::docs/99-governance/pr-019-capability-discovery-audit/PR019_ACTIVE_CAPABILITY_CATALOG.json,UNKNOWN,REAL_SNAPSHOT,REAL_DATA,true,true,false
CAP-89390299C6D5,Trial Payload,B07_SERVICE_ENDPOINT,SERVICE_ENDPOINT,docs/99-governance/pr-019-capability-discovery-audit/PR019_ACTIVE_CAPABILITY_CATALOG.json,true,true,false,DISCOVERY_REQUIRED,DISCOVERY_REQUIRED,DISCOVERY_REQUIRED,DISCOVERY_REQUIRED,JSON,JSON,REAL_SNAPSHOT,REAL_SNAPSHOT,,false,true,false
CAP-8A41EB527D76,Test Quality Effect Values,B02_SERVICE_ENDPOINT_REAL_DATA,SERVICE_ENDPOINT_REAL_DATA,docs/99-governance/pr-019-capability-discovery-audit/PR019_ACTIVE_CAPABILITY_CATALOG.json,true,true,true,DISCOVERY_REQUIRED,DISCOVERY_REQUIRED,DISCOVERY_REQUIRED,DISCOVERY_REQUIRED,UNKNOWN,MACHINE_EVIDENCE[REAL_DATA]::docs/99-governance/pr-019-capability-discovery-audit/PR019_ACTIVE_CAPABILITY_CATALOG.json,UNKNOWN,REAL_SNAPSHOT,REAL_DATA,true,true,false
CAP-8BCDCDA9FCED,Frontend Contract,B10_SERVICE_REAL_DATA,SERVICE_REAL_DATA,docs/99-governance/pr-019-capability-discovery-audit/PR019_ACTIVE_CAPABILITY_CATALOG.json,true,false,true,DISCOVERY_REQUIRED,DISCOVERY_REQUIRED,GET /me/alert-prefs,GET /me/alert-prefs,UNKNOWN,MACHINE_EVIDENCE[REAL_DATA]::docs/99-governance/pr-019-capability-discovery-audit/PR019_ACTIVE_CAPABILITY_CATALOG.json,UNKNOWN,REAL_SNAPSHOT,REAL_DATA,true,true,false
CAP-8BFCC7DDCBE0,Frontend Contract,B10_SERVICE_REAL_DATA,SERVICE_REAL_DATA,docs/99-governance/pr-019-capability-discovery-audit/PR019_ACTIVE_CAPABILITY_CATALOG.json,true,false,true,DISCOVERY_REQUIRED,DISCOVERY_REQUIRED,POST /admin/payments/{payment_id}/approve,POST /admin/payments/{payment_id}/approve,UNKNOWN,MACHINE_EVIDENCE[REAL_DATA]::docs/99-governance/pr-019-capability-discovery-audit/PR019_ACTIVE_CAPABILITY_CATALOG.json,UNKNOWN,REAL_SNAPSHOT,REAL_DATA,true,true,false
CAP-8CF3F7EFFA7B,Account Trial,B09_SERVICE_REAL_DATA,SERVICE_REAL_DATA,docs/99-governance/pr-019-capability-discovery-audit/PR019_ACTIVE_CAPABILITY_CATALOG.json,true,false,true,DISCOVERY_REQUIRED,DISCOVERY_REQUIRED,GET /contract/status|POST /auth/register|POST /auth/login|POST /auth/2fa/verify|POST /auth/magic-link|GET /auth/magic-link/verify|POST /auth/forgot|POST /auth/reset|POST /account/activate|GET /account/trial|GET /packages|GET /me/entitlements|POST /payments/checkout|POST /payments/webhook|GET /me/subscription|GET /markets|GET /assets|GET /assets/{asset_id}/decision|GET /assets/{asset_id}/chart|GET /brief/today|GET /me/watchlist|POST /me/watchlist|DELETE /me/watchlist/{asset_id}|GET /me/dashboard|GET /me/alert-prefs|PUT /me/alert-prefs|POST /me/channels/telegram/link|POST /me/channels/telegram/verify|POST /me/channels/email/test|GET /admin/registrations|POST /admin/registrations/{registration_id}/decision|GET /admin/trials|GET /admin/payments|POST /admin/payments/{payment_id}/approve|POST /admin/payments/{payment_id}/reject|GET /admin/layers|GET /admin/health|GET /contract/status|POST /auth/register|POST /auth/login|POST /auth/2fa/verify|POST /auth/magic-link|GET /auth/magic-link/verify|POST /auth/forgot|POST /auth/reset|POST /account/activate|GET /account/trial|GET /packages|GET /me/entitlements|POST /payments/checkout|POST /payments/webhook|GET /me/subscription|GET /markets|GET /assets|GET /assets/{asset_id}/decision|GET /assets/{asset_id}/chart|GET /brief/today|GET /me/watchlist|POST /me/watchlist|DELETE /me/watchlist/{asset_id}|GET /me/dashboard|GET /me/alert-prefs|PUT /me/alert-prefs|POST /me/channels/telegram/link|POST /me/channels/telegram/verify|POST /me/channels/email/test|GET /admin/registrations|POST /admin/registrations/{registration_id}/decision|GET /admin/trials|GET /admin/payments|POST /admin/payments/{payment_id}/approve|POST /admin/payments/{payment_id}/reject|GET /admin/layers|GET /admin/health,GET /contract/status|POST /auth/register|POST /auth/login|POST /auth/2fa/verify|POST /auth/magic-link|GET /auth/magic-link/verify|POST /auth/forgot|POST /auth/reset|POST /account/activate|GET /account/trial|GET /packages|GET /me/entitlements|POST /payments/checkout|POST /payments/webhook|GET /me/subscription|GET /markets|GET /assets|GET /assets/{asset_id}/decision|GET /assets/{asset_id}/chart|GET /brief/today|GET /me/watchlist|POST /me/watchlist|DELETE /me/watchlist/{asset_id}|GET /me/dashboard|GET /me/alert-prefs|PUT /me/alert-prefs|POST /me/channels/telegram/link|POST /me/channels/telegram/verify|POST /me/channels/email/test|GET /admin/registrations|POST /admin/registrations/{registration_id}/decision|GET /admin/trials|GET /admin/payments|POST /admin/payments/{payment_id}/approve|POST /admin/payments/{payment_id}/reject|GET /admin/layers|GET /admin/health|GET /contract/status|POST /auth/register|POST /auth/login|POST /auth/2fa/verify|POST /auth/magic-link|GET /auth/magic-link/verify|POST /auth/forgot|POST /auth/reset|POST /account/activate|GET /account/trial|GET /packages|GET /me/entitlements|POST /payments/checkout|POST /payments/webhook|GET /me/subscription|GET /markets|GET /assets|GET /assets/{asset_id}/decision|GET /assets/{asset_id}/chart|GET /brief/today|GET /me/watchlist|POST /me/watchlist|DELETE /me/watchlist/{asset_id}|GET /me/dashboard|GET /me/alert-prefs|PUT /me/alert-prefs|POST /me/channels/telegram/link|POST /me/channels/telegram/verify|POST /me/channels/email/test|GET /admin/registrations|POST /admin/registrations/{registration_id}/decision|GET /admin/trials|GET /admin/payments|POST /admin/payments/{payment_id}/approve|POST /admin/payments/{payment_id}/reject|GET /admin/layers|GET /admin/health,UNKNOWN,MACHINE_EVIDENCE[REAL_DATA]::docs/99-governance/pr-019-capability-discovery-audit/PR019_ACTIVE_CAPABILITY_CATALOG.json,UNKNOWN,REAL_SNAPSHOT,REAL_DATA,true,true,false
CAP-8CF43007F5CD,Telegram Routing V2,B16_SERVICE_ONLY,SERVICE_ONLY,docs/99-governance/pr-019-capability-discovery-audit/PR019_ACTIVE_CAPABILITY_CATALOG.json,true,false,false,DISCOVERY_REQUIRED,DISCOVERY_REQUIRED,GET /debug-auth,GET /debug-auth,JSON|POSTGRES,JSON|POSTGRES,REAL_SNAPSHOT,REAL_SNAPSHOT,,false,true,false
CAP-8D32C8703DCE,Is Decision,B07_SERVICE_ENDPOINT,SERVICE_ENDPOINT,docs/99-governance/pr-019-capability-discovery-audit/PR019_ACTIVE_CAPABILITY_CATALOG.json,true,true,false,DISCOVERY_REQUIRED,DISCOVERY_REQUIRED,DISCOVERY_REQUIRED,DISCOVERY_REQUIRED,HTTP_API|JSON,HTTP_API|JSON,REAL_LIVE,REAL_LIVE,,false,true,false
CAP-8F2A33B96CD7,Ndsp Current User Display,B12_ENDPOINT_REAL_DATA,ENDPOINT_REAL_DATA,docs/99-governance/pr-019-capability-discovery-audit/PR019_ACTIVE_CAPABILITY_CATALOG.json,false,true,true,ndsp-current-user-display.service,ndsp-current-user-display.service,DISCOVERY_REQUIRED,DISCOVERY_REQUIRED,UNKNOWN,MACHINE_EVIDENCE[REAL_DATA]::docs/99-governance/pr-019-capability-discovery-audit/PR019_ACTIVE_CAPABILITY_CATALOG.json,UNKNOWN,REAL_SNAPSHOT,REAL_DATA,true,true,false
CAP-8F62216C7937,Ndsp Ui Bridge Api,B12_ENDPOINT_REAL_DATA,ENDPOINT_REAL_DATA,docs/99-governance/pr-019-capability-discovery-audit/PR019_ACTIVE_CAPABILITY_CATALOG.json,false,true,true,ndsp-ui-bridge-api.service,ndsp-ui-bridge-api.service,DISCOVERY_REQUIRED,DISCOVERY_REQUIRED,UNKNOWN,MACHINE_EVIDENCE[REAL_DATA]::docs/99-governance/pr-019-capability-discovery-audit/PR019_ACTIVE_CAPABILITY_CATALOG.json,UNKNOWN,REAL_SNAPSHOT,REAL_DATA,true,true,false
CAP-8FF4FBA642FA,Is Trial Plan,B02_SERVICE_ENDPOINT_REAL_DATA,SERVICE_ENDPOINT_REAL_DATA,docs/99-governance/pr-019-capability-discovery-audit/PR019_ACTIVE_CAPABILITY_CATALOG.json,true,true,true,DISCOVERY_REQUIRED,DISCOVERY_REQUIRED,DISCOVERY_REQUIRED,DISCOVERY_REQUIRED,UNKNOWN,MACHINE_EVIDENCE[REAL_DATA]::docs/99-governance/pr-019-capability-discovery-audit/PR019_ACTIVE_CAPABILITY_CATALOG.json,UNKNOWN,REAL_SNAPSHOT,REAL_DATA,true,true,false
CAP-9194D34E554D,L09 Momentum Engine,B02_SERVICE_ENDPOINT_REAL_DATA,SERVICE_ENDPOINT_REAL_DATA,docs/99-governance/pr-019-capability-discovery-audit/PR019_ACTIVE_CAPABILITY_CATALOG.json,true,true,true,DISCOVERY_REQUIRED,DISCOVERY_REQUIRED,DISCOVERY_REQUIRED,DISCOVERY_REQUIRED,UNKNOWN,MACHINE_EVIDENCE[REAL_DATA]::docs/99-governance/pr-019-capability-discovery-audit/PR019_ACTIVE_CAPABILITY_CATALOG.json,UNKNOWN,REAL_SNAPSHOT,REAL_DATA,true,true,false
CAP-925576F38DE9,Entitlements,B02_SERVICE_ENDPOINT_REAL_DATA,SERVICE_ENDPOINT_REAL_DATA,docs/99-governance/pr-019-capability-discovery-audit/PR019_ACTIVE_CAPABILITY_CATALOG.json,true,true,true,DISCOVERY_REQUIRED,DISCOVERY_REQUIRED,DISCOVERY_REQUIRED,DISCOVERY_REQUIRED,UNKNOWN,MACHINE_EVIDENCE[REAL_DATA]::docs/99-governance/pr-019-capability-discovery-audit/PR019_ACTIVE_CAPABILITY_CATALOG.json,UNKNOWN,REAL_SNAPSHOT,REAL_DATA,true,true,false
CAP-92F6B796DD2F,Score Form,B04_SERVICE_ENDPOINT_REAL_DATA,SERVICE_ENDPOINT_REAL_DATA,docs/99-governance/pr-019-capability-discovery-audit/PR019_ACTIVE_CAPABILITY_CATALOG.json,true,true,true,DISCOVERY_REQUIRED,DISCOVERY_REQUIRED,DISCOVERY_REQUIRED,DISCOVERY_REQUIRED,HTTP_API|JSON,HTTP_API|JSON,MOCK_ONLY,REAL_SNAPSHOT,REAL_DATA,true,true,false
CAP-931E56E35D55,Frontend Contract,B10_SERVICE_REAL_DATA,SERVICE_REAL_DATA,docs/99-governance/pr-019-capability-discovery-audit/PR019_ACTIVE_CAPABILITY_CATALOG.json,true,false,true,DISCOVERY_REQUIRED,DISCOVERY_REQUIRED,POST /me/channels/telegram/verify,POST /me/channels/telegram/verify,UNKNOWN,MACHINE_EVIDENCE[REAL_DATA]::docs/99-governance/pr-019-capability-discovery-audit/PR019_ACTIVE_CAPABILITY_CATALOG.json,UNKNOWN,REAL_SNAPSHOT,REAL_DATA,true,true,false
CAP-935E1E26D22F,Dqsrisk State,B05_SERVICE_ENDPOINT_REAL_DATA,SERVICE_ENDPOINT_REAL_DATA,docs/99-governance/pr-019-capability-discovery-audit/PR019_ACTIVE_CAPABILITY_CATALOG.json,true,true,true,DISCOVERY_REQUIRED,DISCOVERY_REQUIRED,DISCOVERY_REQUIRED,DISCOVERY_REQUIRED,UNKNOWN,MACHINE_EVIDENCE[REAL_DATA]::docs/99-governance/pr-019-capability-discovery-audit/PR019_ACTIVE_CAPABILITY_CATALOG.json,UNKNOWN,REAL_SNAPSHOT,REAL_DATA,true,true,false
CAP-943DEF53265C,Test Canonical Orchestrator Smoke,B07_SERVICE_ENDPOINT,SERVICE_ENDPOINT,docs/99-governance/pr-019-capability-discovery-audit/PR019_ACTIVE_CAPABILITY_CATALOG.json,true,true,false,DISCOVERY_REQUIRED,DISCOVERY_REQUIRED,DISCOVERY_REQUIRED,DISCOVERY_REQUIRED,JSON,JSON,REAL_SNAPSHOT,REAL_SNAPSHOT,,false,true,false
CAP-945D34B96341,User Operational Compat,B16_SERVICE_ONLY,SERVICE_ONLY,docs/99-governance/pr-019-capability-discovery-audit/PR019_ACTIVE_CAPABILITY_CATALOG.json,true,false,false,DISCOVERY_REQUIRED,DISCOVERY_REQUIRED,POST /api/auth/register-trial,POST /api/auth/register-trial,JSON|POSTGRES,JSON|POSTGRES,REAL_SNAPSHOT,REAL_SNAPSHOT,,false,true,false
CAP-95CC41040BDF,Ndsp Restore Mandatory Governance,B07_SERVICE_ENDPOINT,SERVICE_ENDPOINT,docs/99-governance/pr-019-capability-discovery-audit/PR019_ACTIVE_CAPABILITY_CATALOG.json,true,true,false,DISCOVERY_REQUIRED,DISCOVERY_REQUIRED,DISCOVERY_REQUIRED,DISCOVERY_REQUIRED,JSON,JSON,REAL_SNAPSHOT,REAL_SNAPSHOT,,false,true,false
CAP-968B626DE9C3,Admin Registration Decision,B09_SERVICE_REAL_DATA,SERVICE_REAL_DATA,docs/99-governance/pr-019-capability-discovery-audit/PR019_ACTIVE_CAPABILITY_CATALOG.json,true,false,true,DISCOVERY_REQUIRED,DISCOVERY_REQUIRED,GET /contract/status|POST /auth/register|POST /auth/login|POST /auth/2fa/verify|POST /auth/magic-link|GET /auth/magic-link/verify|POST /auth/forgot|POST /auth/reset|POST /account/activate|GET /account/trial|GET /packages|GET /me/entitlements|POST /payments/checkout|POST /payments/webhook|GET /me/subscription|GET /markets|GET /assets|GET /assets/{asset_id}/decision|GET /assets/{asset_id}/chart|GET /brief/today|GET /me/watchlist|POST /me/watchlist|DELETE /me/watchlist/{asset_id}|GET /me/dashboard|GET /me/alert-prefs|PUT /me/alert-prefs|POST /me/channels/telegram/link|POST /me/channels/telegram/verify|POST /me/channels/email/test|GET /admin/registrations|POST /admin/registrations/{registration_id}/decision|GET /admin/trials|GET /admin/payments|POST /admin/payments/{payment_id}/approve|POST /admin/payments/{payment_id}/reject|GET /admin/layers|GET /admin/health|GET /contract/status|POST /auth/register|POST /auth/login|POST /auth/2fa/verify|POST /auth/magic-link|GET /auth/magic-link/verify|POST /auth/forgot|POST /auth/reset|POST /account/activate|GET /account/trial|GET /packages|GET /me/entitlements|POST /payments/checkout|POST /payments/webhook|GET /me/subscription|GET /markets|GET /assets|GET /assets/{asset_id}/decision|GET /assets/{asset_id}/chart|GET /brief/today|GET /me/watchlist|POST /me/watchlist|DELETE /me/watchlist/{asset_id}|GET /me/dashboard|GET /me/alert-prefs|PUT /me/alert-prefs|POST /me/channels/telegram/link|POST /me/channels/telegram/verify|POST /me/channels/email/test|GET /admin/registrations|POST /admin/registrations/{registration_id}/decision|GET /admin/trials|GET /admin/payments|POST /admin/payments/{payment_id}/approve|POST /admin/payments/{payment_id}/reject|GET /admin/layers|GET /admin/health,GET /contract/status|POST /auth/register|POST /auth/login|POST /auth/2fa/verify|POST /auth/magic-link|GET /auth/magic-link/verify|POST /auth/forgot|POST /auth/reset|POST /account/activate|GET /account/trial|GET /packages|GET /me/entitlements|POST /payments/checkout|POST /payments/webhook|GET /me/subscription|GET /markets|GET /assets|GET /assets/{asset_id}/decision|GET /assets/{asset_id}/chart|GET /brief/today|GET /me/watchlist|POST /me/watchlist|DELETE /me/watchlist/{asset_id}|GET /me/dashboard|GET /me/alert-prefs|PUT /me/alert-prefs|POST /me/channels/telegram/link|POST /me/channels/telegram/verify|POST /me/channels/email/test|GET /admin/registrations|POST /admin/registrations/{registration_id}/decision|GET /admin/trials|GET /admin/payments|POST /admin/payments/{payment_id}/approve|POST /admin/payments/{payment_id}/reject|GET /admin/layers|GET /admin/health|GET /contract/status|POST /auth/register|POST /auth/login|POST /auth/2fa/verify|POST /auth/magic-link|GET /auth/magic-link/verify|POST /auth/forgot|POST /auth/reset|POST /account/activate|GET /account/trial|GET /packages|GET /me/entitlements|POST /payments/checkout|POST /payments/webhook|GET /me/subscription|GET /markets|GET /assets|GET /assets/{asset_id}/decision|GET /assets/{asset_id}/chart|GET /brief/today|GET /me/watchlist|POST /me/watchlist|DELETE /me/watchlist/{asset_id}|GET /me/dashboard|GET /me/alert-prefs|PUT /me/alert-prefs|POST /me/channels/telegram/link|POST /me/channels/telegram/verify|POST /me/channels/email/test|GET /admin/registrations|POST /admin/registrations/{registration_id}/decision|GET /admin/trials|GET /admin/payments|POST /admin/payments/{payment_id}/approve|POST /admin/payments/{payment_id}/reject|GET /admin/layers|GET /admin/health,UNKNOWN,MACHINE_EVIDENCE[REAL_DATA]::docs/99-governance/pr-019-capability-discovery-audit/PR019_ACTIVE_CAPABILITY_CATALOG.json,UNKNOWN,REAL_SNAPSHOT,REAL_DATA,true,true,false
CAP-97112AE5ED8B,Ndsp Commercial Auth Payment Staging,B12_ENDPOINT_REAL_DATA,ENDPOINT_REAL_DATA,docs/99-governance/pr-019-capability-discovery-audit/PR019_ACTIVE_CAPABILITY_CATALOG.json,false,true,true,ndsp-commercial-auth-payment-staging.service,ndsp-commercial-auth-payment-staging.service,DISCOVERY_REQUIRED,DISCOVERY_REQUIRED,UNKNOWN,MACHINE_EVIDENCE[REAL_DATA]::docs/99-governance/pr-019-capability-discovery-audit/PR019_ACTIVE_CAPABILITY_CATALOG.json,UNKNOWN,REAL_SNAPSHOT,REAL_DATA,true,true,false
CAP-978D970F265C,Ndsp Alert Audit,B19_ENDPOINT_ONLY,ENDPOINT_ONLY,docs/99-governance/pr-019-capability-discovery-audit/PR019_ACTIVE_CAPABILITY_CATALOG.json,false,true,false,ndsp-governance-bridge.service,ndsp-governance-bridge.service,DISCOVERY_REQUIRED,DISCOVERY_REQUIRED,JSON,JSON,REAL_SNAPSHOT,REAL_SNAPSHOT,,false,true,false
CAP-97C0885FC638,Count Elite Trial Users,B12_ENDPOINT_REAL_DATA,ENDPOINT_REAL_DATA,docs/99-governance/pr-019-capability-discovery-audit/PR019_ACTIVE_CAPABILITY_CATALOG.json,false,true,true,ndsp-governance-bridge.service,ndsp-governance-bridge.service,DISCOVERY_REQUIRED,DISCOVERY_REQUIRED,UNKNOWN,MACHINE_EVIDENCE[REAL_DATA]::docs/99-governance/pr-019-capability-discovery-audit/PR019_ACTIVE_CAPABILITY_CATALOG.json,UNKNOWN,REAL_SNAPSHOT,REAL_DATA,true,true,false
CAP-98156F574B28,Risk Warnings,B13_ENDPOINT_REAL_DATA,ENDPOINT_REAL_DATA,docs/99-governance/pr-019-capability-discovery-audit/PR019_ACTIVE_CAPABILITY_CATALOG.json,false,true,true,ndsp-scenario-levels-adapter.service,ndsp-scenario-levels-adapter.service,DISCOVERY_REQUIRED,DISCOVERY_REQUIRED,UNKNOWN,MACHINE_EVIDENCE[REAL_DATA]::docs/99-governance/pr-019-capability-discovery-audit/PR019_ACTIVE_CAPABILITY_CATALOG.json,REAL_LIVE,REAL_LIVE,REAL_DATA,true,true,false
CAP-98386BEB7419,Scenario,B02_SERVICE_ENDPOINT_REAL_DATA,SERVICE_ENDPOINT_REAL_DATA,docs/99-governance/pr-019-capability-discovery-audit/PR019_ACTIVE_CAPABILITY_CATALOG.json,true,true,true,DISCOVERY_REQUIRED,DISCOVERY_REQUIRED,DISCOVERY_REQUIRED,DISCOVERY_REQUIRED,UNKNOWN,MACHINE_EVIDENCE[REAL_DATA]::docs/99-governance/pr-019-capability-discovery-audit/PR019_ACTIVE_CAPABILITY_CATALOG.json,UNKNOWN,REAL_SNAPSHOT,REAL_DATA,true,true,false
CAP-984BE24F14FF,Decision Summary Cards,B05_SERVICE_ENDPOINT_REAL_DATA,SERVICE_ENDPOINT_REAL_DATA,docs/99-governance/pr-019-capability-discovery-audit/PR019_ACTIVE_CAPABILITY_CATALOG.json,true,true,true,DISCOVERY_REQUIRED,DISCOVERY_REQUIRED,DISCOVERY_REQUIRED,DISCOVERY_REQUIRED,HTTP_API|JSON,HTTP_API|JSON,MOCK_ONLY,REAL_SNAPSHOT,REAL_DATA,true,true,false
CAP-98594541698F,Ndsp Business Ops,B12_ENDPOINT_REAL_DATA,ENDPOINT_REAL_DATA,docs/99-governance/pr-019-capability-discovery-audit/PR019_ACTIVE_CAPABILITY_CATALOG.json,false,true,true,ndsp-business-ops.service,ndsp-business-ops.service,DISCOVERY_REQUIRED,DISCOVERY_REQUIRED,UNKNOWN,MACHINE_EVIDENCE[REAL_DATA]::docs/99-governance/pr-019-capability-discovery-audit/PR019_ACTIVE_CAPABILITY_CATALOG.json,UNKNOWN,REAL_SNAPSHOT,REAL_DATA,true,true,false
CAP-9878B8F2D69B,Latest Cot Report,B02_SERVICE_ENDPOINT_REAL_DATA,SERVICE_ENDPOINT_REAL_DATA,docs/99-governance/pr-019-capability-discovery-audit/PR019_ACTIVE_CAPABILITY_CATALOG.json,true,true,true,DISCOVERY_REQUIRED,DISCOVERY_REQUIRED,DISCOVERY_REQUIRED,DISCOVERY_REQUIRED,UNKNOWN,MACHINE_EVIDENCE[REAL_DATA]::docs/99-governance/pr-019-capability-discovery-audit/PR019_ACTIVE_CAPABILITY_CATALOG.json,UNKNOWN,REAL_SNAPSHOT,REAL_DATA,true,true,false
CAP-987DAC51EA7A,Current Authority Key,B02_SERVICE_ENDPOINT_REAL_DATA,SERVICE_ENDPOINT_REAL_DATA,docs/99-governance/pr-019-capability-discovery-audit/PR019_ACTIVE_CAPABILITY_CATALOG.json,true,true,true,DISCOVERY_REQUIRED,DISCOVERY_REQUIRED,DISCOVERY_REQUIRED,DISCOVERY_REQUIRED,UNKNOWN,MACHINE_EVIDENCE[REAL_DATA]::docs/99-governance/pr-019-capability-discovery-audit/PR019_ACTIVE_CAPABILITY_CATALOG.json,UNKNOWN,REAL_SNAPSHOT,REAL_DATA,true,true,false
CAP-99BCB7F8D2D9,Compute Tdl Trade Horizon Addons,B02_SERVICE_ENDPOINT_REAL_DATA,SERVICE_ENDPOINT_REAL_DATA,docs/99-governance/pr-019-capability-discovery-audit/PR019_ACTIVE_CAPABILITY_CATALOG.json,true,true,true,DISCOVERY_REQUIRED,DISCOVERY_REQUIRED,DISCOVERY_REQUIRED,DISCOVERY_REQUIRED,UNKNOWN,MACHINE_EVIDENCE[REAL_DATA]::docs/99-governance/pr-019-capability-discovery-audit/PR019_ACTIVE_CAPABILITY_CATALOG.json,UNKNOWN,REAL_SNAPSHOT,REAL_DATA,true,true,false
CAP-9A22FC96CE2A,Evaluate L13 Quality Stack,B07_SERVICE_ENDPOINT,SERVICE_ENDPOINT,docs/99-governance/pr-019-capability-discovery-audit/PR019_ACTIVE_CAPABILITY_CATALOG.json,true,true,false,DISCOVERY_REQUIRED,DISCOVERY_REQUIRED,DISCOVERY_REQUIRED,DISCOVERY_REQUIRED,JSON,JSON,REAL_SNAPSHOT,REAL_SNAPSHOT,,false,true,false
CAP-9B6A9F665D36,Determine Tdl Authority,B07_SERVICE_ENDPOINT,SERVICE_ENDPOINT,docs/99-governance/pr-019-capability-discovery-audit/PR019_ACTIVE_CAPABILITY_CATALOG.json,true,true,false,DISCOVERY_REQUIRED,DISCOVERY_REQUIRED,DISCOVERY_REQUIRED,DISCOVERY_REQUIRED,JSON,JSON,REAL_SNAPSHOT,REAL_SNAPSHOT,,false,true,false
CAP-9BE0DE3ADC89,Generate Report,B13_ENDPOINT_REAL_DATA,ENDPOINT_REAL_DATA,docs/99-governance/pr-019-capability-discovery-audit/PR019_ACTIVE_CAPABILITY_CATALOG.json,false,true,true,ndsp-scenario-levels-adapter.service,ndsp-scenario-levels-adapter.service,DISCOVERY_REQUIRED,DISCOVERY_REQUIRED,UNKNOWN,MACHINE_EVIDENCE[REAL_DATA]::docs/99-governance/pr-019-capability-discovery-audit/PR019_ACTIVE_CAPABILITY_CATALOG.json,UNKNOWN,REAL_SNAPSHOT,REAL_DATA,true,true,false
CAP-9C9E08E2F53E,Apply Governance Runtime,B12_ENDPOINT_REAL_DATA,ENDPOINT_REAL_DATA,docs/99-governance/pr-019-capability-discovery-audit/PR019_ACTIVE_CAPABILITY_CATALOG.json,false,true,true,ndsp-governance-bridge.service,ndsp-governance-bridge.service,DISCOVERY_REQUIRED,DISCOVERY_REQUIRED,UNKNOWN,MACHINE_EVIDENCE[REAL_DATA]::docs/99-governance/pr-019-capability-discovery-audit/PR019_ACTIVE_CAPABILITY_CATALOG.json,UNKNOWN,REAL_SNAPSHOT,REAL_DATA,true,true,false
CAP-9CE3E0097964,Legacy Structure.Test,B03_SERVICE_ENDPOINT_REAL_DATA,SERVICE_ENDPOINT_REAL_DATA,docs/99-governance/pr-019-capability-discovery-audit/PR019_ACTIVE_CAPABILITY_CATALOG.json,true,true,true,DISCOVERY_REQUIRED,DISCOVERY_REQUIRED,DISCOVERY_REQUIRED,DISCOVERY_REQUIRED,UNKNOWN,MACHINE_EVIDENCE[REAL_DATA]::docs/99-governance/pr-019-capability-discovery-audit/PR019_ACTIVE_CAPABILITY_CATALOG.json,UNKNOWN,REAL_SNAPSHOT,REAL_DATA,true,true,false
CAP-9E4283D45312,Mode Label,B05_SERVICE_ENDPOINT_REAL_DATA,SERVICE_ENDPOINT_REAL_DATA,docs/99-governance/pr-019-capability-discovery-audit/PR019_ACTIVE_CAPABILITY_CATALOG.json,true,true,true,DISCOVERY_REQUIRED,DISCOVERY_REQUIRED,DISCOVERY_REQUIRED,DISCOVERY_REQUIRED,UNKNOWN,MACHINE_EVIDENCE[REAL_DATA]::docs/99-governance/pr-019-capability-discovery-audit/PR019_ACTIVE_CAPABILITY_CATALOG.json,UNKNOWN,REAL_SNAPSHOT,REAL_DATA,true,true,false
CAP-9EAA6B9BF2BC,User Operational Compat,B16_SERVICE_ONLY,SERVICE_ONLY,docs/99-governance/pr-019-capability-discovery-audit/PR019_ACTIVE_CAPABILITY_CATALOG.json,true,false,false,DISCOVERY_REQUIRED,DISCOVERY_REQUIRED,GET /api/payments/nowpayments/subscription/status,GET /api/payments/nowpayments/subscription/status,JSON|POSTGRES,JSON|POSTGRES,REAL_SNAPSHOT,REAL_SNAPSHOT,,false,true,false
CAP-9EBA342E67D3,Cot Group Result,B03_SERVICE_ENDPOINT_REAL_DATA,SERVICE_ENDPOINT_REAL_DATA,docs/99-governance/pr-019-capability-discovery-audit/PR019_ACTIVE_CAPABILITY_CATALOG.json,true,true,true,DISCOVERY_REQUIRED,DISCOVERY_REQUIRED,DISCOVERY_REQUIRED,DISCOVERY_REQUIRED,UNKNOWN,MACHINE_EVIDENCE[REAL_DATA]::docs/99-governance/pr-019-capability-discovery-audit/PR019_ACTIVE_CAPABILITY_CATALOG.json,UNKNOWN,REAL_SNAPSHOT,REAL_DATA,true,true,false
CAP-9F0C0925830C,Get User Counts,B19_ENDPOINT_ONLY,ENDPOINT_ONLY,docs/99-governance/pr-019-capability-discovery-audit/PR019_ACTIVE_CAPABILITY_CATALOG.json,false,true,false,ndsp-trial-seats-api.service,ndsp-trial-seats-api.service,DISCOVERY_REQUIRED,DISCOVERY_REQUIRED,JSON,JSON,REAL_SNAPSHOT,REAL_SNAPSHOT,,false,true,false
CAP-9F3B6AAA223B,Frontend Contract,B10_SERVICE_REAL_DATA,SERVICE_REAL_DATA,docs/99-governance/pr-019-capability-discovery-audit/PR019_ACTIVE_CAPABILITY_CATALOG.json,true,false,true,DISCOVERY_REQUIRED,DISCOVERY_REQUIRED,POST /admin/payments/{payment_id}/reject,POST /admin/payments/{payment_id}/reject,UNKNOWN,MACHINE_EVIDENCE[REAL_DATA]::docs/99-governance/pr-019-capability-discovery-audit/PR019_ACTIVE_CAPABILITY_CATALOG.json,UNKNOWN,REAL_SNAPSHOT,REAL_DATA,true,true,false
CAP-A069C614B1B1,Admin Layers,B09_SERVICE_REAL_DATA,SERVICE_REAL_DATA,docs/99-governance/pr-019-capability-discovery-audit/PR019_ACTIVE_CAPABILITY_CATALOG.json,true,false,true,DISCOVERY_REQUIRED,DISCOVERY_REQUIRED,GET /contract/status|POST /auth/register|POST /auth/login|POST /auth/2fa/verify|POST /auth/magic-link|GET /auth/magic-link/verify|POST /auth/forgot|POST /auth/reset|POST /account/activate|GET /account/trial|GET /packages|GET /me/entitlements|POST /payments/checkout|POST /payments/webhook|GET /me/subscription|GET /markets|GET /assets|GET /assets/{asset_id}/decision|GET /assets/{asset_id}/chart|GET /brief/today|GET /me/watchlist|POST /me/watchlist|DELETE /me/watchlist/{asset_id}|GET /me/dashboard|GET /me/alert-prefs|PUT /me/alert-prefs|POST /me/channels/telegram/link|POST /me/channels/telegram/verify|POST /me/channels/email/test|GET /admin/registrations|POST /admin/registrations/{registration_id}/decision|GET /admin/trials|GET /admin/payments|POST /admin/payments/{payment_id}/approve|POST /admin/payments/{payment_id}/reject|GET /admin/layers|GET /admin/health|GET /contract/status|POST /auth/register|POST /auth/login|POST /auth/2fa/verify|POST /auth/magic-link|GET /auth/magic-link/verify|POST /auth/forgot|POST /auth/reset|POST /account/activate|GET /account/trial|GET /packages|GET /me/entitlements|POST /payments/checkout|POST /payments/webhook|GET /me/subscription|GET /markets|GET /assets|GET /assets/{asset_id}/decision|GET /assets/{asset_id}/chart|GET /brief/today|GET /me/watchlist|POST /me/watchlist|DELETE /me/watchlist/{asset_id}|GET /me/dashboard|GET /me/alert-prefs|PUT /me/alert-prefs|POST /me/channels/telegram/link|POST /me/channels/telegram/verify|POST /me/channels/email/test|GET /admin/registrations|POST /admin/registrations/{registration_id}/decision|GET /admin/trials|GET /admin/payments|POST /admin/payments/{payment_id}/approve|POST /admin/payments/{payment_id}/reject|GET /admin/layers|GET /admin/health,GET /contract/status|POST /auth/register|POST /auth/login|POST /auth/2fa/verify|POST /auth/magic-link|GET /auth/magic-link/verify|POST /auth/forgot|POST /auth/reset|POST /account/activate|GET /account/trial|GET /packages|GET /me/entitlements|POST /payments/checkout|POST /payments/webhook|GET /me/subscription|GET /markets|GET /assets|GET /assets/{asset_id}/decision|GET /assets/{asset_id}/chart|GET /brief/today|GET /me/watchlist|POST /me/watchlist|DELETE /me/watchlist/{asset_id}|GET /me/dashboard|GET /me/alert-prefs|PUT /me/alert-prefs|POST /me/channels/telegram/link|POST /me/channels/telegram/verify|POST /me/channels/email/test|GET /admin/registrations|POST /admin/registrations/{registration_id}/decision|GET /admin/trials|GET /admin/payments|POST /admin/payments/{payment_id}/approve|POST /admin/payments/{payment_id}/reject|GET /admin/layers|GET /admin/health|GET /contract/status|POST /auth/register|POST /auth/login|POST /auth/2fa/verify|POST /auth/magic-link|GET /auth/magic-link/verify|POST /auth/forgot|POST /auth/reset|POST /account/activate|GET /account/trial|GET /packages|GET /me/entitlements|POST /payments/checkout|POST /payments/webhook|GET /me/subscription|GET /markets|GET /assets|GET /assets/{asset_id}/decision|GET /assets/{asset_id}/chart|GET /brief/today|GET /me/watchlist|POST /me/watchlist|DELETE /me/watchlist/{asset_id}|GET /me/dashboard|GET /me/alert-prefs|PUT /me/alert-prefs|POST /me/channels/telegram/link|POST /me/channels/telegram/verify|POST /me/channels/email/test|GET /admin/registrations|POST /admin/registrations/{registration_id}/decision|GET /admin/trials|GET /admin/payments|POST /admin/payments/{payment_id}/approve|POST /admin/payments/{payment_id}/reject|GET /admin/layers|GET /admin/health,UNKNOWN,MACHINE_EVIDENCE[REAL_DATA]::docs/99-governance/pr-019-capability-discovery-audit/PR019_ACTIVE_CAPABILITY_CATALOG.json,UNKNOWN,REAL_SNAPSHOT,REAL_DATA,true,true,false
CAP-A194414E26E2,Telegram Routing Admin,B16_SERVICE_ONLY,SERVICE_ONLY,docs/99-governance/pr-019-capability-discovery-audit/PR019_ACTIVE_CAPABILITY_CATALOG.json,true,false,false,DISCOVERY_REQUIRED,DISCOVERY_REQUIRED,POST /test,POST /test,JSON|POSTGRES,JSON|POSTGRES,REAL_SNAPSHOT,REAL_SNAPSHOT,,false,true,false
CAP-A1CD5A0B9B66,Market Type For,B19_ENDPOINT_ONLY,ENDPOINT_ONLY,docs/99-governance/pr-019-capability-discovery-audit/PR019_ACTIVE_CAPABILITY_CATALOG.json,false,true,false,ndsp-live-decision-quality.service,ndsp-live-decision-quality.service,DISCOVERY_REQUIRED,DISCOVERY_REQUIRED,JSON,JSON,REAL_SNAPSHOT,REAL_SNAPSHOT,,false,true,false
CAP-A231C4D75E0C,Ndsp Create Otp Auth Url,B14_SERVICE_ONLY,SERVICE_ONLY,docs/99-governance/pr-019-capability-discovery-audit/PR019_ACTIVE_CAPABILITY_CATALOG.json,true,false,false,DISCOVERY_REQUIRED,DISCOVERY_REQUIRED,GET /health|POST /auth/register|POST /auth/login|GET /me|POST /feedback|POST /upgrade-request|GET /upgrade-requests/me|GET /admin/upgrade-requests|POST /admin/upgrade-requests/:id/review|GET /trial/status|GET /admin/feedback|POST /admin/feedback/:id/review|GET /notifications|POST /notifications/:id/read|GET /admin/notifications|POST /admin/notifications/send|GET /plans|GET /admin/plans|PUT /admin/plans/:id|POST /admin/plans/:id/features|DELETE /admin/plan-features/:id|PUT /admin/plans/:id/layers/:layerKey|GET /admin/stats|PUT /admin/users/:id|DELETE /admin/users/:id|GET /admin/users|POST /api/auth/2fa/setup/start|POST /api/auth/2fa/setup/confirm|POST /__retired_api_admin_users_action_legacy|POST /api/auth/2fa/setup/start|GET /api/admin/telegram-routing/status|POST /api/admin/telegram-routing/update|POST /api/admin/telegram-routing/test,GET /health|POST /auth/register|POST /auth/login|GET /me|POST /feedback|POST /upgrade-request|GET /upgrade-requests/me|GET /admin/upgrade-requests|POST /admin/upgrade-requests/:id/review|GET /trial/status|GET /admin/feedback|POST /admin/feedback/:id/review|GET /notifications|POST /notifications/:id/read|GET /admin/notifications|POST /admin/notifications/send|GET /plans|GET /admin/plans|PUT /admin/plans/:id|POST /admin/plans/:id/features|DELETE /admin/plan-features/:id|PUT /admin/plans/:id/layers/:layerKey|GET /admin/stats|PUT /admin/users/:id|DELETE /admin/users/:id|GET /admin/users|POST /api/auth/2fa/setup/start|POST /api/auth/2fa/setup/confirm|POST /__retired_api_admin_users_action_legacy|POST /api/auth/2fa/setup/start|GET /api/admin/telegram-routing/status|POST /api/admin/telegram-routing/update|POST /api/admin/telegram-routing/test,JSON,JSON,REAL_SNAPSHOT,REAL_SNAPSHOT,,false,true,false
CAP-A2F7A87C9336,Layer Score V125,B05_SERVICE_ENDPOINT_REAL_DATA,SERVICE_ENDPOINT_REAL_DATA,docs/99-governance/pr-019-capability-discovery-audit/PR019_ACTIVE_CAPABILITY_CATALOG.json,true,true,true,DISCOVERY_REQUIRED,DISCOVERY_REQUIRED,DISCOVERY_REQUIRED,DISCOVERY_REQUIRED,HTTP_API|JSON,HTTP_API|JSON,MOCK_ONLY,REAL_SNAPSHOT,REAL_DATA,true,true,false
CAP-A34761515678,Framework Adapter,B16_SERVICE_ONLY,SERVICE_ONLY,docs/99-governance/pr-019-capability-discovery-audit/PR019_ACTIVE_CAPABILITY_CATALOG.json,true,false,false,DISCOVERY_REQUIRED,DISCOVERY_REQUIRED,GET /version,GET /version,JSON,JSON,REAL_SNAPSHOT,REAL_SNAPSHOT,,false,true,false
CAP-A49CDCFF7C02,Ndsp Completed Decision,B13_ENDPOINT_REAL_DATA,ENDPOINT_REAL_DATA,docs/99-governance/pr-019-capability-discovery-audit/PR019_ACTIVE_CAPABILITY_CATALOG.json,false,true,true,ndsp-completed_decision.service,ndsp-completed_decision.service,DISCOVERY_REQUIRED,DISCOVERY_REQUIRED,UNKNOWN,MACHINE_EVIDENCE[REAL_DATA]::docs/99-governance/pr-019-capability-discovery-audit/PR019_ACTIVE_CAPABILITY_CATALOG.json,UNKNOWN,REAL_SNAPSHOT,REAL_DATA,true,true,false
CAP-A57ECAABD0D2,Frontend Contract,B10_SERVICE_REAL_DATA,SERVICE_REAL_DATA,docs/99-governance/pr-019-capability-discovery-audit/PR019_ACTIVE_CAPABILITY_CATALOG.json,true,false,true,DISCOVERY_REQUIRED,DISCOVERY_REQUIRED,GET /assets,GET /assets,UNKNOWN,MACHINE_EVIDENCE[REAL_DATA]::docs/99-governance/pr-019-capability-discovery-audit/PR019_ACTIVE_CAPABILITY_CATALOG.json,UNKNOWN,REAL_SNAPSHOT,REAL_DATA,true,true,false
CAP-A5C181808EF6,Frontend Contract,B11_SERVICE_REAL_DATA,SERVICE_REAL_DATA,docs/99-governance/pr-019-capability-discovery-audit/PR019_ACTIVE_CAPABILITY_CATALOG.json,true,false,true,DISCOVERY_REQUIRED,DISCOVERY_REQUIRED,POST /auth/2fa/verify,POST /auth/2fa/verify,UNKNOWN,MACHINE_EVIDENCE[REAL_DATA]::docs/99-governance/pr-019-capability-discovery-audit/PR019_ACTIVE_CAPABILITY_CATALOG.json,REAL_LIVE,REAL_LIVE,REAL_DATA,true,true,false
CAP-A6810593B898,Trial Register Compat,B14_SERVICE_ONLY,SERVICE_ONLY,docs/99-governance/pr-019-capability-discovery-audit/PR019_ACTIVE_CAPABILITY_CATALOG.json,true,false,false,DISCOVERY_REQUIRED,DISCOVERY_REQUIRED,GET /api/ndsp/compat/health|POST /api/trial/register|POST /api/v1/trial/register|POST /api/trial/request|POST /api/auth/register-trial|POST /api/auth/activate|GET /api/auth/activate|GET /api/v6/payments/nowpayments/subscription/status|GET /api/payments/nowpayments/subscription/status|POST /api/v6/payments/nowpayments/subscription/create|POST /api/payments/nowpayments/subscription/create|GET /api/user/alert-preferences|POST /api/user/alert-preferences|POST /api/telegram/link/start|POST /api/telegram/link/verify|POST /api/alerts/email/test|GET /api/ndsp/compat/health|POST /api/trial/register|POST /api/v1/trial/register|POST /api/trial/request|POST /api/auth/register-trial|POST /api/auth/activate|GET /api/auth/activate|GET /api/v6/payments/nowpayments/subscription/status|GET /api/payments/nowpayments/subscription/status|POST /api/v6/payments/nowpayments/subscription/create|POST /api/payments/nowpayments/subscription/create|GET /api/user/alert-preferences|POST /api/user/alert-preferences|POST /api/telegram/link/start|POST /api/telegram/link/verify|POST /api/alerts/email/test,GET /api/ndsp/compat/health|POST /api/trial/register|POST /api/v1/trial/register|POST /api/trial/request|POST /api/auth/register-trial|POST /api/auth/activate|GET /api/auth/activate|GET /api/v6/payments/nowpayments/subscription/status|GET /api/payments/nowpayments/subscription/status|POST /api/v6/payments/nowpayments/subscription/create|POST /api/payments/nowpayments/subscription/create|GET /api/user/alert-preferences|POST /api/user/alert-preferences|POST /api/telegram/link/start|POST /api/telegram/link/verify|POST /api/alerts/email/test|GET /api/ndsp/compat/health|POST /api/trial/register|POST /api/v1/trial/register|POST /api/trial/request|POST /api/auth/register-trial|POST /api/auth/activate|GET /api/auth/activate|GET /api/v6/payments/nowpayments/subscription/status|GET /api/payments/nowpayments/subscription/status|POST /api/v6/payments/nowpayments/subscription/create|POST /api/payments/nowpayments/subscription/create|GET /api/user/alert-preferences|POST /api/user/alert-preferences|POST /api/telegram/link/start|POST /api/telegram/link/verify|POST /api/alerts/email/test,JSON|POSTGRES,JSON|POSTGRES,REAL_SNAPSHOT,REAL_SNAPSHOT,,false,true,false
CAP-A7ABC91DE76D,Layer Orchestrator V2,B03_SERVICE_ENDPOINT_REAL_DATA,SERVICE_ENDPOINT_REAL_DATA,docs/99-governance/pr-019-capability-discovery-audit/PR019_ACTIVE_CAPABILITY_CATALOG.json,true,true,true,DISCOVERY_REQUIRED,DISCOVERY_REQUIRED,DISCOVERY_REQUIRED,DISCOVERY_REQUIRED,UNKNOWN,MACHINE_EVIDENCE[REAL_DATA]::docs/99-governance/pr-019-capability-discovery-audit/PR019_ACTIVE_CAPABILITY_CATALOG.json,UNKNOWN,REAL_SNAPSHOT,REAL_DATA,true,true,false
CAP-A88B21563C34,Test Ndsp Python Tdl V2 Decision Outputs,B07_SERVICE_ENDPOINT,SERVICE_ENDPOINT,docs/99-governance/pr-019-capability-discovery-audit/PR019_ACTIVE_CAPABILITY_CATALOG.json,true,true,false,DISCOVERY_REQUIRED,DISCOVERY_REQUIRED,DISCOVERY_REQUIRED,DISCOVERY_REQUIRED,JSON,JSON,REAL_SNAPSHOT,REAL_SNAPSHOT,,false,true,false
CAP-A8D7E661F420,Cot Intelligence Engine,B03_SERVICE_ENDPOINT_REAL_DATA,SERVICE_ENDPOINT_REAL_DATA,docs/99-governance/pr-019-capability-discovery-audit/PR019_ACTIVE_CAPABILITY_CATALOG.json,true,true,true,DISCOVERY_REQUIRED,DISCOVERY_REQUIRED,DISCOVERY_REQUIRED,DISCOVERY_REQUIRED,UNKNOWN,MACHINE_EVIDENCE[REAL_DATA]::docs/99-governance/pr-019-capability-discovery-audit/PR019_ACTIVE_CAPABILITY_CATALOG.json,UNKNOWN,REAL_SNAPSHOT,REAL_DATA,true,true,false
CAP-A8E73E0663EE,Merge Trial,B07_SERVICE_ENDPOINT,SERVICE_ENDPOINT,docs/99-governance/pr-019-capability-discovery-audit/PR019_ACTIVE_CAPABILITY_CATALOG.json,true,true,false,DISCOVERY_REQUIRED,DISCOVERY_REQUIRED,DISCOVERY_REQUIRED,DISCOVERY_REQUIRED,JSON,JSON,REAL_SNAPSHOT,REAL_SNAPSHOT,,false,true,false
CAP-A9527D6180AE,Trial Payload,B07_SERVICE_ENDPOINT,SERVICE_ENDPOINT,docs/99-governance/pr-019-capability-discovery-audit/PR019_ACTIVE_CAPABILITY_CATALOG.json,true,true,false,DISCOVERY_REQUIRED,DISCOVERY_REQUIRED,DISCOVERY_REQUIRED,DISCOVERY_REQUIRED,JSON,JSON,REAL_SNAPSHOT,REAL_SNAPSHOT,,false,true,false
CAP-A98D5DB42F71,L05 Divergence Engine,B03_SERVICE_ENDPOINT_REAL_DATA,SERVICE_ENDPOINT_REAL_DATA,docs/99-governance/pr-019-capability-discovery-audit/PR019_ACTIVE_CAPABILITY_CATALOG.json,true,true,true,DISCOVERY_REQUIRED,DISCOVERY_REQUIRED,DISCOVERY_REQUIRED,DISCOVERY_REQUIRED,UNKNOWN,MACHINE_EVIDENCE[REAL_DATA]::docs/99-governance/pr-019-capability-discovery-audit/PR019_ACTIVE_CAPABILITY_CATALOG.json,UNKNOWN,REAL_SNAPSHOT,REAL_DATA,true,true,false
CAP-AA5A5B9114A2,Test Ndsp Python Decision Governance V1,B07_SERVICE_ENDPOINT,SERVICE_ENDPOINT,docs/99-governance/pr-019-capability-discovery-audit/PR019_ACTIVE_CAPABILITY_CATALOG.json,true,true,false,DISCOVERY_REQUIRED,DISCOVERY_REQUIRED,DISCOVERY_REQUIRED,DISCOVERY_REQUIRED,JSON,JSON,REAL_SNAPSHOT,REAL_SNAPSHOT,,false,true,false
CAP-AB3C235ED628,Get User Plan Column,B14_SERVICE_ONLY,SERVICE_ONLY,docs/99-governance/pr-019-capability-discovery-audit/PR019_ACTIVE_CAPABILITY_CATALOG.json,true,false,false,DISCOVERY_REQUIRED,DISCOVERY_REQUIRED,GET /nowpayments/health|POST /checkout/create|GET /webhooks/nowpayments|POST /webhooks/nowpayments,GET /nowpayments/health|POST /checkout/create|GET /webhooks/nowpayments|POST /webhooks/nowpayments,HTTP_API|JSON|POSTGRES,HTTP_API|JSON|POSTGRES,REAL_LIVE,REAL_LIVE,,false,true,false
CAP-ABBB5A76429B,Cftc Auto Provider,B03_SERVICE_ENDPOINT_REAL_DATA,SERVICE_ENDPOINT_REAL_DATA,docs/99-governance/pr-019-capability-discovery-audit/PR019_ACTIVE_CAPABILITY_CATALOG.json,true,true,true,DISCOVERY_REQUIRED,DISCOVERY_REQUIRED,DISCOVERY_REQUIRED,DISCOVERY_REQUIRED,UNKNOWN,MACHINE_EVIDENCE[REAL_DATA]::docs/99-governance/pr-019-capability-discovery-audit/PR019_ACTIVE_CAPABILITY_CATALOG.json,MOCK_ONLY,REAL_SNAPSHOT,REAL_DATA,true,true,false
CAP-AC57AF196812,Public Decision Quality,B09_SERVICE_REAL_DATA,SERVICE_REAL_DATA,docs/99-governance/pr-019-capability-discovery-audit/PR019_ACTIVE_CAPABILITY_CATALOG.json,true,false,true,DISCOVERY_REQUIRED,DISCOVERY_REQUIRED,GET /api/decision/quality|GET /api/decision/quality,GET /api/decision/quality|GET /api/decision/quality,UNKNOWN,MACHINE_EVIDENCE[REAL_DATA]::docs/99-governance/pr-019-capability-discovery-audit/PR019_ACTIVE_CAPABILITY_CATALOG.json,UNKNOWN,REAL_SNAPSHOT,REAL_DATA,true,true,false
CAP-AD97D3157EBD,Ndsp User Portal Final Experience V1 One Script,B16_SERVICE_ONLY,SERVICE_ONLY,docs/99-governance/pr-019-capability-discovery-audit/PR019_ACTIVE_CAPABILITY_CATALOG.json,true,false,false,DISCOVERY_REQUIRED,DISCOVERY_REQUIRED,POST /api/user/survey,POST /api/user/survey,HTTP_API|JSON|POSTGRES,HTTP_API|JSON|POSTGRES,REAL_LIVE,REAL_LIVE,,false,true,false
CAP-ADD5265540CB,Debug Auth,B14_SERVICE_ONLY,SERVICE_ONLY,docs/99-governance/pr-019-capability-discovery-audit/PR019_ACTIVE_CAPABILITY_CATALOG.json,true,false,false,DISCOVERY_REQUIRED,DISCOVERY_REQUIRED,GET /debug-auth|GET /debug-db|GET /status|POST /update|POST /test|GET /debug-auth|GET /debug-db|GET /status|POST /update|POST /test,GET /debug-auth|GET /debug-db|GET /status|POST /update|POST /test|GET /debug-auth|GET /debug-db|GET /status|POST /update|POST /test,JSON|POSTGRES,JSON|POSTGRES,REAL_SNAPSHOT,REAL_SNAPSHOT,,false,true,false
CAP-AE455CB3C917,Get User Trial Record,B03_SERVICE_ENDPOINT_REAL_DATA,SERVICE_ENDPOINT_REAL_DATA,docs/99-governance/pr-019-capability-discovery-audit/PR019_ACTIVE_CAPABILITY_CATALOG.json,true,true,true,DISCOVERY_REQUIRED,DISCOVERY_REQUIRED,DISCOVERY_REQUIRED,DISCOVERY_REQUIRED,UNKNOWN,MACHINE_EVIDENCE[REAL_DATA]::docs/99-governance/pr-019-capability-discovery-audit/PR019_ACTIVE_CAPABILITY_CATALOG.json,UNKNOWN,REAL_SNAPSHOT,REAL_DATA,true,true,false
CAP-AEB35386E738,Cot Validity,B03_SERVICE_ENDPOINT_REAL_DATA,SERVICE_ENDPOINT_REAL_DATA,docs/99-governance/pr-019-capability-discovery-audit/PR019_ACTIVE_CAPABILITY_CATALOG.json,true,true,true,DISCOVERY_REQUIRED,DISCOVERY_REQUIRED,DISCOVERY_REQUIRED,DISCOVERY_REQUIRED,UNKNOWN,MACHINE_EVIDENCE[REAL_DATA]::docs/99-governance/pr-019-capability-discovery-audit/PR019_ACTIVE_CAPABILITY_CATALOG.json,UNKNOWN,REAL_SNAPSHOT,REAL_DATA,true,true,false
CAP-B13D2E033AA3,Use Market,B08_SERVICE_ENDPOINT,SERVICE_ENDPOINT,docs/99-governance/pr-019-capability-discovery-audit/PR019_ACTIVE_CAPABILITY_CATALOG.json,true,true,false,DISCOVERY_REQUIRED,DISCOVERY_REQUIRED,DISCOVERY_REQUIRED,DISCOVERY_REQUIRED,HTTP_API|JSON,HTTP_API|JSON,REAL_LIVE,REAL_LIVE,,false,true,false
CAP-B167184CBF84,Frontend Contract,B11_SERVICE_REAL_DATA,SERVICE_REAL_DATA,docs/99-governance/pr-019-capability-discovery-audit/PR019_ACTIVE_CAPABILITY_CATALOG.json,true,false,true,DISCOVERY_REQUIRED,DISCOVERY_REQUIRED,POST /me/watchlist,POST /me/watchlist,UNKNOWN,MACHINE_EVIDENCE[REAL_DATA]::docs/99-governance/pr-019-capability-discovery-audit/PR019_ACTIVE_CAPABILITY_CATALOG.json,UNKNOWN,REAL_SNAPSHOT,REAL_DATA,true,true,false
CAP-B2ADCE8E14C1,Ndsp User Portal Final Experience V1 One Script,B16_SERVICE_ONLY,SERVICE_ONLY,docs/99-governance/pr-019-capability-discovery-audit/PR019_ACTIVE_CAPABILITY_CATALOG.json,true,false,false,DISCOVERY_REQUIRED,DISCOVERY_REQUIRED,POST /api/user/legal-acceptance,POST /api/user/legal-acceptance,HTTP_API|JSON|POSTGRES,HTTP_API|JSON|POSTGRES,REAL_LIVE,REAL_LIVE,,false,true,false
CAP-B3BF7C85F687,Telegram Routing Internal,B14_SERVICE_ONLY,SERVICE_ONLY,docs/99-governance/pr-019-capability-discovery-audit/PR019_ACTIVE_CAPABILITY_CATALOG.json,true,false,false,DISCOVERY_REQUIRED,DISCOVERY_REQUIRED,POST /test,POST /test,JSON|POSTGRES,JSON|POSTGRES,REAL_SNAPSHOT,REAL_SNAPSHOT,,false,true,false
CAP-B4428CF8E186,Attach Tdl Trade Horizon Addons,B03_SERVICE_ENDPOINT_REAL_DATA,SERVICE_ENDPOINT_REAL_DATA,docs/99-governance/pr-019-capability-discovery-audit/PR019_ACTIVE_CAPABILITY_CATALOG.json,true,true,true,DISCOVERY_REQUIRED,DISCOVERY_REQUIRED,DISCOVERY_REQUIRED,DISCOVERY_REQUIRED,UNKNOWN,MACHINE_EVIDENCE[REAL_DATA]::docs/99-governance/pr-019-capability-discovery-audit/PR019_ACTIVE_CAPABILITY_CATALOG.json,UNKNOWN,REAL_SNAPSHOT,REAL_DATA,true,true,false
CAP-B4893A636311,Entitlement Decision,B03_SERVICE_ENDPOINT_REAL_DATA,SERVICE_ENDPOINT_REAL_DATA,docs/99-governance/pr-019-capability-discovery-audit/PR019_ACTIVE_CAPABILITY_CATALOG.json,true,true,true,DISCOVERY_REQUIRED,DISCOVERY_REQUIRED,DISCOVERY_REQUIRED,DISCOVERY_REQUIRED,HTTP_API|JSON,HTTP_API|JSON,MOCK_ONLY,REAL_SNAPSHOT,REAL_DATA,true,true,false
CAP-B605828A4A25,Explain Decision,B03_SERVICE_ENDPOINT_REAL_DATA,SERVICE_ENDPOINT_REAL_DATA,docs/99-governance/pr-019-capability-discovery-audit/PR019_ACTIVE_CAPABILITY_CATALOG.json,true,true,true,DISCOVERY_REQUIRED,DISCOVERY_REQUIRED,DISCOVERY_REQUIRED,DISCOVERY_REQUIRED,UNKNOWN,MACHINE_EVIDENCE[REAL_DATA]::docs/99-governance/pr-019-capability-discovery-audit/PR019_ACTIVE_CAPABILITY_CATALOG.json,UNKNOWN,REAL_SNAPSHOT,REAL_DATA,true,true,false
CAP-B64118FECEA6,Ndsp Ux User,B14_SERVICE_ONLY,SERVICE_ONLY,docs/99-governance/pr-019-capability-discovery-audit/PR019_ACTIVE_CAPABILITY_CATALOG.json,true,false,false,DISCOVERY_REQUIRED,DISCOVERY_REQUIRED,GET /api/auth/session|GET /api/user/experience|POST /api/user/legal-acceptance|POST /api/user/survey|GET /api/user/notifications|GET /api/auth/session|GET /api/auth/session,GET /api/auth/session|GET /api/user/experience|POST /api/user/legal-acceptance|POST /api/user/survey|GET /api/user/notifications|GET /api/auth/session|GET /api/auth/session,HTTP_API|JSON|POSTGRES,HTTP_API|JSON|POSTGRES,REAL_LIVE,REAL_LIVE,,false,true,false
CAP-B6D6412125A9,Pick Admin Key,B14_SERVICE_ONLY,SERVICE_ONLY,docs/99-governance/pr-019-capability-discovery-audit/PR019_ACTIVE_CAPABILITY_CATALOG.json,true,false,false,DISCOVERY_REQUIRED,DISCOVERY_REQUIRED,GET /status|POST /update|POST /test|GET /status|POST /update|POST /test,GET /status|POST /update|POST /test|GET /status|POST /update|POST /test,JSON|POSTGRES,JSON|POSTGRES,REAL_SNAPSHOT,REAL_SNAPSHOT,,false,true,false
CAP-B6E807178F84,Evaluate Completed Decision,B03_SERVICE_ENDPOINT_REAL_DATA,SERVICE_ENDPOINT_REAL_DATA,docs/99-governance/pr-019-capability-discovery-audit/PR019_ACTIVE_CAPABILITY_CATALOG.json,true,true,true,DISCOVERY_REQUIRED,DISCOVERY_REQUIRED,DISCOVERY_REQUIRED,DISCOVERY_REQUIRED,UNKNOWN,MACHINE_EVIDENCE[REAL_DATA]::docs/99-governance/pr-019-capability-discovery-audit/PR019_ACTIVE_CAPABILITY_CATALOG.json,UNKNOWN,REAL_SNAPSHOT,REAL_DATA,true,true,false
CAP-B742DDE3B851,Me Subscription,B09_SERVICE_REAL_DATA,SERVICE_REAL_DATA,docs/99-governance/pr-019-capability-discovery-audit/PR019_ACTIVE_CAPABILITY_CATALOG.json,true,false,true,DISCOVERY_REQUIRED,DISCOVERY_REQUIRED,GET /contract/status|POST /auth/register|POST /auth/login|POST /auth/2fa/verify|POST /auth/magic-link|GET /auth/magic-link/verify|POST /auth/forgot|POST /auth/reset|POST /account/activate|GET /account/trial|GET /packages|GET /me/entitlements|POST /payments/checkout|POST /payments/webhook|GET /me/subscription|GET /markets|GET /assets|GET /assets/{asset_id}/decision|GET /assets/{asset_id}/chart|GET /brief/today|GET /me/watchlist|POST /me/watchlist|DELETE /me/watchlist/{asset_id}|GET /me/dashboard|GET /me/alert-prefs|PUT /me/alert-prefs|POST /me/channels/telegram/link|POST /me/channels/telegram/verify|POST /me/channels/email/test|GET /admin/registrations|POST /admin/registrations/{registration_id}/decision|GET /admin/trials|GET /admin/payments|POST /admin/payments/{payment_id}/approve|POST /admin/payments/{payment_id}/reject|GET /admin/layers|GET /admin/health|GET /contract/status|POST /auth/register|POST /auth/login|POST /auth/2fa/verify|POST /auth/magic-link|GET /auth/magic-link/verify|POST /auth/forgot|POST /auth/reset|POST /account/activate|GET /account/trial|GET /packages|GET /me/entitlements|POST /payments/checkout|POST /payments/webhook|GET /me/subscription|GET /markets|GET /assets|GET /assets/{asset_id}/decision|GET /assets/{asset_id}/chart|GET /brief/today|GET /me/watchlist|POST /me/watchlist|DELETE /me/watchlist/{asset_id}|GET /me/dashboard|GET /me/alert-prefs|PUT /me/alert-prefs|POST /me/channels/telegram/link|POST /me/channels/telegram/verify|POST /me/channels/email/test|GET /admin/registrations|POST /admin/registrations/{registration_id}/decision|GET /admin/trials|GET /admin/payments|POST /admin/payments/{payment_id}/approve|POST /admin/payments/{payment_id}/reject|GET /admin/layers|GET /admin/health,GET /contract/status|POST /auth/register|POST /auth/login|POST /auth/2fa/verify|POST /auth/magic-link|GET /auth/magic-link/verify|POST /auth/forgot|POST /auth/reset|POST /account/activate|GET /account/trial|GET /packages|GET /me/entitlements|POST /payments/checkout|POST /payments/webhook|GET /me/subscription|GET /markets|GET /assets|GET /assets/{asset_id}/decision|GET /assets/{asset_id}/chart|GET /brief/today|GET /me/watchlist|POST /me/watchlist|DELETE /me/watchlist/{asset_id}|GET /me/dashboard|GET /me/alert-prefs|PUT /me/alert-prefs|POST /me/channels/telegram/link|POST /me/channels/telegram/verify|POST /me/channels/email/test|GET /admin/registrations|POST /admin/registrations/{registration_id}/decision|GET /admin/trials|GET /admin/payments|POST /admin/payments/{payment_id}/approve|POST /admin/payments/{payment_id}/reject|GET /admin/layers|GET /admin/health|GET /contract/status|POST /auth/register|POST /auth/login|POST /auth/2fa/verify|POST /auth/magic-link|GET /auth/magic-link/verify|POST /auth/forgot|POST /auth/reset|POST /account/activate|GET /account/trial|GET /packages|GET /me/entitlements|POST /payments/checkout|POST /payments/webhook|GET /me/subscription|GET /markets|GET /assets|GET /assets/{asset_id}/decision|GET /assets/{asset_id}/chart|GET /brief/today|GET /me/watchlist|POST /me/watchlist|DELETE /me/watchlist/{asset_id}|GET /me/dashboard|GET /me/alert-prefs|PUT /me/alert-prefs|POST /me/channels/telegram/link|POST /me/channels/telegram/verify|POST /me/channels/email/test|GET /admin/registrations|POST /admin/registrations/{registration_id}/decision|GET /admin/trials|GET /admin/payments|POST /admin/payments/{payment_id}/approve|POST /admin/payments/{payment_id}/reject|GET /admin/layers|GET /admin/health,UNKNOWN,MACHINE_EVIDENCE[REAL_DATA]::docs/99-governance/pr-019-capability-discovery-audit/PR019_ACTIVE_CAPABILITY_CATALOG.json,UNKNOWN,REAL_SNAPSHOT,REAL_DATA,true,true,false
CAP-B7B141CE6F45,Activate Subscription,B15_SERVICE_ONLY,SERVICE_ONLY,docs/99-governance/pr-019-capability-discovery-audit/PR019_ACTIVE_CAPABILITY_CATALOG.json,true,false,false,DISCOVERY_REQUIRED,DISCOVERY_REQUIRED,GET /nowpayments/health|POST /checkout/create|GET /webhooks/nowpayments|POST /webhooks/nowpayments,GET /nowpayments/health|POST /checkout/create|GET /webhooks/nowpayments|POST /webhooks/nowpayments,HTTP_API|JSON|POSTGRES,HTTP_API|JSON|POSTGRES,REAL_LIVE,REAL_LIVE,,false,true,false
CAP-B81607E6BCDB,Frontend Contract,B11_SERVICE_REAL_DATA,SERVICE_REAL_DATA,docs/99-governance/pr-019-capability-discovery-audit/PR019_ACTIVE_CAPABILITY_CATALOG.json,true,false,true,DISCOVERY_REQUIRED,DISCOVERY_REQUIRED,GET /admin/health,GET /admin/health,UNKNOWN,MACHINE_EVIDENCE[REAL_DATA]::docs/99-governance/pr-019-capability-discovery-audit/PR019_ACTIVE_CAPABILITY_CATALOG.json,UNKNOWN,REAL_SNAPSHOT,REAL_DATA,true,true,false
CAP-B89CF4208B10,Grade From Score,B05_SERVICE_ENDPOINT_REAL_DATA,SERVICE_ENDPOINT_REAL_DATA,docs/99-governance/pr-019-capability-discovery-audit/PR019_ACTIVE_CAPABILITY_CATALOG.json,true,true,true,DISCOVERY_REQUIRED,DISCOVERY_REQUIRED,DISCOVERY_REQUIRED,DISCOVERY_REQUIRED,UNKNOWN,MACHINE_EVIDENCE[REAL_DATA]::docs/99-governance/pr-019-capability-discovery-audit/PR019_ACTIVE_CAPABILITY_CATALOG.json,UNKNOWN,REAL_SNAPSHOT,REAL_DATA,true,true,false
CAP-B9C3A591EABA,Find Quality,B09_SERVICE_REAL_DATA,SERVICE_REAL_DATA,docs/99-governance/pr-019-capability-discovery-audit/PR019_ACTIVE_CAPABILITY_CATALOG.json,true,false,true,DISCOVERY_REQUIRED,DISCOVERY_REQUIRED,GET /api/decision/quality|GET /api/decision/quality,GET /api/decision/quality|GET /api/decision/quality,UNKNOWN,MACHINE_EVIDENCE[REAL_DATA]::docs/99-governance/pr-019-capability-discovery-audit/PR019_ACTIVE_CAPABILITY_CATALOG.json,UNKNOWN,REAL_SNAPSHOT,REAL_DATA,true,true,false
CAP-B9DDB970C292,Resolve Cot Asset Mapping,B03_SERVICE_ENDPOINT_REAL_DATA,SERVICE_ENDPOINT_REAL_DATA,docs/99-governance/pr-019-capability-discovery-audit/PR019_ACTIVE_CAPABILITY_CATALOG.json,true,true,true,DISCOVERY_REQUIRED,DISCOVERY_REQUIRED,DISCOVERY_REQUIRED,DISCOVERY_REQUIRED,UNKNOWN,MACHINE_EVIDENCE[REAL_DATA]::docs/99-governance/pr-019-capability-discovery-audit/PR019_ACTIVE_CAPABILITY_CATALOG.json,UNKNOWN,REAL_SNAPSHOT,REAL_DATA,true,true,false
CAP-BC09A0EB4549,User Operational Compat,B16_SERVICE_ONLY,SERVICE_ONLY,docs/99-governance/pr-019-capability-discovery-audit/PR019_ACTIVE_CAPABILITY_CATALOG.json,true,false,false,DISCOVERY_REQUIRED,DISCOVERY_REQUIRED,POST /api/alerts/email/test,POST /api/alerts/email/test,JSON|POSTGRES,JSON|POSTGRES,REAL_SNAPSHOT,REAL_SNAPSHOT,,false,true,false
CAP-BD19C45FECD0,Frontend Contract,B11_SERVICE_REAL_DATA,SERVICE_REAL_DATA,docs/99-governance/pr-019-capability-discovery-audit/PR019_ACTIVE_CAPABILITY_CATALOG.json,true,false,true,DISCOVERY_REQUIRED,DISCOVERY_REQUIRED,POST /payments/checkout,POST /payments/checkout,UNKNOWN,MACHINE_EVIDENCE[REAL_DATA]::docs/99-governance/pr-019-capability-discovery-audit/PR019_ACTIVE_CAPABILITY_CATALOG.json,REAL_LIVE,REAL_LIVE,REAL_DATA,true,true,false
CAP-BE68902B1F61,Admin Payments,B09_SERVICE_REAL_DATA,SERVICE_REAL_DATA,docs/99-governance/pr-019-capability-discovery-audit/PR019_ACTIVE_CAPABILITY_CATALOG.json,true,false,true,DISCOVERY_REQUIRED,DISCOVERY_REQUIRED,GET /contract/status|POST /auth/register|POST /auth/login|POST /auth/2fa/verify|POST /auth/magic-link|GET /auth/magic-link/verify|POST /auth/forgot|POST /auth/reset|POST /account/activate|GET /account/trial|GET /packages|GET /me/entitlements|POST /payments/checkout|POST /payments/webhook|GET /me/subscription|GET /markets|GET /assets|GET /assets/{asset_id}/decision|GET /assets/{asset_id}/chart|GET /brief/today|GET /me/watchlist|POST /me/watchlist|DELETE /me/watchlist/{asset_id}|GET /me/dashboard|GET /me/alert-prefs|PUT /me/alert-prefs|POST /me/channels/telegram/link|POST /me/channels/telegram/verify|POST /me/channels/email/test|GET /admin/registrations|POST /admin/registrations/{registration_id}/decision|GET /admin/trials|GET /admin/payments|POST /admin/payments/{payment_id}/approve|POST /admin/payments/{payment_id}/reject|GET /admin/layers|GET /admin/health|GET /contract/status|POST /auth/register|POST /auth/login|POST /auth/2fa/verify|POST /auth/magic-link|GET /auth/magic-link/verify|POST /auth/forgot|POST /auth/reset|POST /account/activate|GET /account/trial|GET /packages|GET /me/entitlements|POST /payments/checkout|POST /payments/webhook|GET /me/subscription|GET /markets|GET /assets|GET /assets/{asset_id}/decision|GET /assets/{asset_id}/chart|GET /brief/today|GET /me/watchlist|POST /me/watchlist|DELETE /me/watchlist/{asset_id}|GET /me/dashboard|GET /me/alert-prefs|PUT /me/alert-prefs|POST /me/channels/telegram/link|POST /me/channels/telegram/verify|POST /me/channels/email/test|GET /admin/registrations|POST /admin/registrations/{registration_id}/decision|GET /admin/trials|GET /admin/payments|POST /admin/payments/{payment_id}/approve|POST /admin/payments/{payment_id}/reject|GET /admin/layers|GET /admin/health,GET /contract/status|POST /auth/register|POST /auth/login|POST /auth/2fa/verify|POST /auth/magic-link|GET /auth/magic-link/verify|POST /auth/forgot|POST /auth/reset|POST /account/activate|GET /account/trial|GET /packages|GET /me/entitlements|POST /payments/checkout|POST /payments/webhook|GET /me/subscription|GET /markets|GET /assets|GET /assets/{asset_id}/decision|GET /assets/{asset_id}/chart|GET /brief/today|GET /me/watchlist|POST /me/watchlist|DELETE /me/watchlist/{asset_id}|GET /me/dashboard|GET /me/alert-prefs|PUT /me/alert-prefs|POST /me/channels/telegram/link|POST /me/channels/telegram/verify|POST /me/channels/email/test|GET /admin/registrations|POST /admin/registrations/{registration_id}/decision|GET /admin/trials|GET /admin/payments|POST /admin/payments/{payment_id}/approve|POST /admin/payments/{payment_id}/reject|GET /admin/layers|GET /admin/health|GET /contract/status|POST /auth/register|POST /auth/login|POST /auth/2fa/verify|POST /auth/magic-link|GET /auth/magic-link/verify|POST /auth/forgot|POST /auth/reset|POST /account/activate|GET /account/trial|GET /packages|GET /me/entitlements|POST /payments/checkout|POST /payments/webhook|GET /me/subscription|GET /markets|GET /assets|GET /assets/{asset_id}/decision|GET /assets/{asset_id}/chart|GET /brief/today|GET /me/watchlist|POST /me/watchlist|DELETE /me/watchlist/{asset_id}|GET /me/dashboard|GET /me/alert-prefs|PUT /me/alert-prefs|POST /me/channels/telegram/link|POST /me/channels/telegram/verify|POST /me/channels/email/test|GET /admin/registrations|POST /admin/registrations/{registration_id}/decision|GET /admin/trials|GET /admin/payments|POST /admin/payments/{payment_id}/approve|POST /admin/payments/{payment_id}/reject|GET /admin/layers|GET /admin/health,UNKNOWN,MACHINE_EVIDENCE[REAL_DATA]::docs/99-governance/pr-019-capability-discovery-audit/PR019_ACTIVE_CAPABILITY_CATALOG.json,UNKNOWN,REAL_SNAPSHOT,REAL_DATA,true,true,false
CAP-BFA23B0D6145,Test Nmp Uses Open At Indicator Extreme,B03_SERVICE_ENDPOINT_REAL_DATA,SERVICE_ENDPOINT_REAL_DATA,docs/99-governance/pr-019-capability-discovery-audit/PR019_ACTIVE_CAPABILITY_CATALOG.json,true,true,true,DISCOVERY_REQUIRED,DISCOVERY_REQUIRED,DISCOVERY_REQUIRED,DISCOVERY_REQUIRED,UNKNOWN,MACHINE_EVIDENCE[REAL_DATA]::docs/99-governance/pr-019-capability-discovery-audit/PR019_ACTIVE_CAPABILITY_CATALOG.json,UNKNOWN,REAL_SNAPSHOT,REAL_DATA,true,true,false
CAP-C1DB36617501,Decision Explanation Contract V129,B05_SERVICE_ENDPOINT_REAL_DATA,SERVICE_ENDPOINT_REAL_DATA,docs/99-governance/pr-019-capability-discovery-audit/PR019_ACTIVE_CAPABILITY_CATALOG.json,true,true,true,DISCOVERY_REQUIRED,DISCOVERY_REQUIRED,DISCOVERY_REQUIRED,DISCOVERY_REQUIRED,HTTP_API|JSON,HTTP_API|JSON,MOCK_ONLY,REAL_SNAPSHOT,REAL_DATA,true,true,false
CAP-C231FDE8F33A,Is Decision Request,B08_SERVICE_ENDPOINT,SERVICE_ENDPOINT,docs/99-governance/pr-019-capability-discovery-audit/PR019_ACTIVE_CAPABILITY_CATALOG.json,true,true,false,DISCOVERY_REQUIRED,DISCOVERY_REQUIRED,DISCOVERY_REQUIRED,DISCOVERY_REQUIRED,HTTP_API|JSON,HTTP_API|JSON,REAL_LIVE,REAL_LIVE,,false,true,false
CAP-C250957D114F,Frontend Contract,B11_SERVICE_REAL_DATA,SERVICE_REAL_DATA,docs/99-governance/pr-019-capability-discovery-audit/PR019_ACTIVE_CAPABILITY_CATALOG.json,true,false,true,DISCOVERY_REQUIRED,DISCOVERY_REQUIRED,GET /account/trial,GET /account/trial,UNKNOWN,MACHINE_EVIDENCE[REAL_DATA]::docs/99-governance/pr-019-capability-discovery-audit/PR019_ACTIVE_CAPABILITY_CATALOG.json,REAL_LIVE,REAL_LIVE,REAL_DATA,true,true,false
CAP-C26418100904,User Operational Compat,B16_SERVICE_ONLY,SERVICE_ONLY,docs/99-governance/pr-019-capability-discovery-audit/PR019_ACTIVE_CAPABILITY_CATALOG.json,true,false,false,DISCOVERY_REQUIRED,DISCOVERY_REQUIRED,GET /api/ndsp/compat/health,GET /api/ndsp/compat/health,JSON|POSTGRES,JSON|POSTGRES,REAL_SNAPSHOT,REAL_SNAPSHOT,,false,true,false
CAP-C2C16369E0B6,Ndsp V52 Contract,B13_ENDPOINT_REAL_DATA,ENDPOINT_REAL_DATA,docs/99-governance/pr-019-capability-discovery-audit/PR019_ACTIVE_CAPABILITY_CATALOG.json,false,true,true,ndsp-v52-contract.service,ndsp-v52-contract.service,DISCOVERY_REQUIRED,DISCOVERY_REQUIRED,UNKNOWN,MACHINE_EVIDENCE[REAL_DATA]::docs/99-governance/pr-019-capability-discovery-audit/PR019_ACTIVE_CAPABILITY_CATALOG.json,UNKNOWN,REAL_SNAPSHOT,REAL_DATA,true,true,false
CAP-C2F2BCB1164C,Ndsp Canonical Live Runtime V30,B13_ENDPOINT_REAL_DATA,ENDPOINT_REAL_DATA,docs/99-governance/pr-019-capability-discovery-audit/PR019_ACTIVE_CAPABILITY_CATALOG.json,false,true,true,ndsp-canonical-live-runtime-v30.service,ndsp-canonical-live-runtime-v30.service,DISCOVERY_REQUIRED,DISCOVERY_REQUIRED,UNKNOWN,MACHINE_EVIDENCE[REAL_DATA]::docs/99-governance/pr-019-capability-discovery-audit/PR019_ACTIVE_CAPABILITY_CATALOG.json,UNKNOWN,REAL_SNAPSHOT,REAL_DATA,true,true,false
CAP-C30ED71E7598,Test Cot No Execution,B03_SERVICE_ENDPOINT_REAL_DATA,SERVICE_ENDPOINT_REAL_DATA,docs/99-governance/pr-019-capability-discovery-audit/PR019_ACTIVE_CAPABILITY_CATALOG.json,true,true,true,DISCOVERY_REQUIRED,DISCOVERY_REQUIRED,DISCOVERY_REQUIRED,DISCOVERY_REQUIRED,UNKNOWN,MACHINE_EVIDENCE[REAL_DATA]::docs/99-governance/pr-019-capability-discovery-audit/PR019_ACTIVE_CAPABILITY_CATALOG.json,UNKNOWN,REAL_SNAPSHOT,REAL_DATA,true,true,false
CAP-C3C9F07E6EC7,Telegram Routing Admin,B16_SERVICE_ONLY,SERVICE_ONLY,docs/99-governance/pr-019-capability-discovery-audit/PR019_ACTIVE_CAPABILITY_CATALOG.json,true,false,false,DISCOVERY_REQUIRED,DISCOVERY_REQUIRED,GET /status,GET /status,JSON|POSTGRES,JSON|POSTGRES,REAL_SNAPSHOT,REAL_SNAPSHOT,,false,true,false
CAP-C3FB17B62648,Cot Storage,B07_SERVICE_ENDPOINT,SERVICE_ENDPOINT,docs/99-governance/pr-019-capability-discovery-audit/PR019_ACTIVE_CAPABILITY_CATALOG.json,true,true,false,DISCOVERY_REQUIRED,DISCOVERY_REQUIRED,DISCOVERY_REQUIRED,DISCOVERY_REQUIRED,JSON,JSON,REAL_SNAPSHOT,REAL_SNAPSHOT,,false,true,false
CAP-C514A0947E28,Frontend Contract,B11_SERVICE_REAL_DATA,SERVICE_REAL_DATA,docs/99-governance/pr-019-capability-discovery-audit/PR019_ACTIVE_CAPABILITY_CATALOG.json,true,false,true,DISCOVERY_REQUIRED,DISCOVERY_REQUIRED,GET /me/subscription,GET /me/subscription,UNKNOWN,MACHINE_EVIDENCE[REAL_DATA]::docs/99-governance/pr-019-capability-discovery-audit/PR019_ACTIVE_CAPABILITY_CATALOG.json,REAL_LIVE,REAL_LIVE,REAL_DATA,true,true,false
CAP-C60CD9D10164,Telegram Routing Internal,B15_SERVICE_ONLY,SERVICE_ONLY,docs/99-governance/pr-019-capability-discovery-audit/PR019_ACTIVE_CAPABILITY_CATALOG.json,true,false,false,DISCOVERY_REQUIRED,DISCOVERY_REQUIRED,GET /debug-auth,GET /debug-auth,JSON|POSTGRES,JSON|POSTGRES,REAL_SNAPSHOT,REAL_SNAPSHOT,,false,true,false
CAP-C67E25BE8F61,Deliver Alert,B07_SERVICE_ENDPOINT,SERVICE_ENDPOINT,docs/99-governance/pr-019-capability-discovery-audit/PR019_ACTIVE_CAPABILITY_CATALOG.json,true,true,false,DISCOVERY_REQUIRED,DISCOVERY_REQUIRED,DISCOVERY_REQUIRED,DISCOVERY_REQUIRED,JSON,JSON,REAL_SNAPSHOT,REAL_SNAPSHOT,,false,true,false
CAP-C807F0E54F0D,Expected Cot Cycle,B03_SERVICE_ENDPOINT_REAL_DATA,SERVICE_ENDPOINT_REAL_DATA,docs/99-governance/pr-019-capability-discovery-audit/PR019_ACTIVE_CAPABILITY_CATALOG.json,true,true,true,DISCOVERY_REQUIRED,DISCOVERY_REQUIRED,DISCOVERY_REQUIRED,DISCOVERY_REQUIRED,UNKNOWN,MACHINE_EVIDENCE[REAL_DATA]::docs/99-governance/pr-019-capability-discovery-audit/PR019_ACTIVE_CAPABILITY_CATALOG.json,UNKNOWN,REAL_SNAPSHOT,REAL_DATA,true,true,false
CAP-C85D75362012,Admin Only,B15_SERVICE_ONLY,SERVICE_ONLY,docs/99-governance/pr-019-capability-discovery-audit/PR019_ACTIVE_CAPABILITY_CATALOG.json,true,false,false,DISCOVERY_REQUIRED,DISCOVERY_REQUIRED,GET /health|POST /auth/register|POST /auth/login|GET /me|POST /feedback|POST /upgrade-request|GET /upgrade-requests/me|GET /admin/upgrade-requests|POST /admin/upgrade-requests/:id/review|GET /trial/status|GET /admin/feedback|POST /admin/feedback/:id/review|GET /notifications|POST /notifications/:id/read|GET /admin/notifications|POST /admin/notifications/send|GET /plans|GET /admin/plans|PUT /admin/plans/:id|POST /admin/plans/:id/features|DELETE /admin/plan-features/:id|PUT /admin/plans/:id/layers/:layerKey|GET /admin/stats|PUT /admin/users/:id|DELETE /admin/users/:id|GET /admin/users|POST /api/auth/2fa/setup/start|POST /api/auth/2fa/setup/confirm|POST /__retired_api_admin_users_action_legacy|POST /api/auth/2fa/setup/start|GET /api/admin/telegram-routing/status|POST /api/admin/telegram-routing/update|POST /api/admin/telegram-routing/test,GET /health|POST /auth/register|POST /auth/login|GET /me|POST /feedback|POST /upgrade-request|GET /upgrade-requests/me|GET /admin/upgrade-requests|POST /admin/upgrade-requests/:id/review|GET /trial/status|GET /admin/feedback|POST /admin/feedback/:id/review|GET /notifications|POST /notifications/:id/read|GET /admin/notifications|POST /admin/notifications/send|GET /plans|GET /admin/plans|PUT /admin/plans/:id|POST /admin/plans/:id/features|DELETE /admin/plan-features/:id|PUT /admin/plans/:id/layers/:layerKey|GET /admin/stats|PUT /admin/users/:id|DELETE /admin/users/:id|GET /admin/users|POST /api/auth/2fa/setup/start|POST /api/auth/2fa/setup/confirm|POST /__retired_api_admin_users_action_legacy|POST /api/auth/2fa/setup/start|GET /api/admin/telegram-routing/status|POST /api/admin/telegram-routing/update|POST /api/admin/telegram-routing/test,JSON,JSON,REAL_SNAPSHOT,REAL_SNAPSHOT,,false,true,false
CAP-C8A9379D6290,Extract Decision,B05_SERVICE_ENDPOINT_REAL_DATA,SERVICE_ENDPOINT_REAL_DATA,docs/99-governance/pr-019-capability-discovery-audit/PR019_ACTIVE_CAPABILITY_CATALOG.json,true,true,true,DISCOVERY_REQUIRED,DISCOVERY_REQUIRED,DISCOVERY_REQUIRED,DISCOVERY_REQUIRED,HTTP_API|JSON,HTTP_API|JSON,MOCK_ONLY,REAL_SNAPSHOT,REAL_DATA,true,true,false
CAP-C8C94E7A8122,Frontend Contract,B11_SERVICE_REAL_DATA,SERVICE_REAL_DATA,docs/99-governance/pr-019-capability-discovery-audit/PR019_ACTIVE_CAPABILITY_CATALOG.json,true,false,true,DISCOVERY_REQUIRED,DISCOVERY_REQUIRED,POST /auth/login,POST /auth/login,UNKNOWN,MACHINE_EVIDENCE[REAL_DATA]::docs/99-governance/pr-019-capability-discovery-audit/PR019_ACTIVE_CAPABILITY_CATALOG.json,UNKNOWN,REAL_SNAPSHOT,REAL_DATA,true,true,false
CAP-C92342987A74,Backtest Engine,B03_SERVICE_ENDPOINT_REAL_DATA,SERVICE_ENDPOINT_REAL_DATA,docs/99-governance/pr-019-capability-discovery-audit/PR019_ACTIVE_CAPABILITY_CATALOG.json,true,true,true,DISCOVERY_REQUIRED,DISCOVERY_REQUIRED,DISCOVERY_REQUIRED,DISCOVERY_REQUIRED,UNKNOWN,MACHINE_EVIDENCE[REAL_DATA]::docs/99-governance/pr-019-capability-discovery-audit/PR019_ACTIVE_CAPABILITY_CATALOG.json,UNKNOWN,REAL_SNAPSHOT,REAL_DATA,true,true,false
CAP-C95B03AE5FFB,Frontend Contract,B11_SERVICE_REAL_DATA,SERVICE_REAL_DATA,docs/99-governance/pr-019-capability-discovery-audit/PR019_ACTIVE_CAPABILITY_CATALOG.json,true,false,true,DISCOVERY_REQUIRED,DISCOVERY_REQUIRED,POST /account/activate,POST /account/activate,UNKNOWN,MACHINE_EVIDENCE[REAL_DATA]::docs/99-governance/pr-019-capability-discovery-audit/PR019_ACTIVE_CAPABILITY_CATALOG.json,UNKNOWN,REAL_SNAPSHOT,REAL_DATA,true,true,false
CAP-C9B83A923CCA,Apply Runtime Governance,B13_ENDPOINT_REAL_DATA,ENDPOINT_REAL_DATA,docs/99-governance/pr-019-capability-discovery-audit/PR019_ACTIVE_CAPABILITY_CATALOG.json,false,true,true,ndsp-governance-bridge.service,ndsp-governance-bridge.service,DISCOVERY_REQUIRED,DISCOVERY_REQUIRED,UNKNOWN,MACHINE_EVIDENCE[REAL_DATA]::docs/99-governance/pr-019-capability-discovery-audit/PR019_ACTIVE_CAPABILITY_CATALOG.json,UNKNOWN,REAL_SNAPSHOT,REAL_DATA,true,true,false
CAP-CAD48928C8E4,Telegram Routing V2,B15_SERVICE_ONLY,SERVICE_ONLY,docs/99-governance/pr-019-capability-discovery-audit/PR019_ACTIVE_CAPABILITY_CATALOG.json,true,false,false,DISCOVERY_REQUIRED,DISCOVERY_REQUIRED,POST /test,POST /test,JSON|POSTGRES,JSON|POSTGRES,REAL_SNAPSHOT,REAL_SNAPSHOT,,false,true,false
CAP-CBBAC7D35B02,L9 Horizon Structure,B03_SERVICE_ENDPOINT_REAL_DATA,SERVICE_ENDPOINT_REAL_DATA,docs/99-governance/pr-019-capability-discovery-audit/PR019_ACTIVE_CAPABILITY_CATALOG.json,true,true,true,DISCOVERY_REQUIRED,DISCOVERY_REQUIRED,DISCOVERY_REQUIRED,DISCOVERY_REQUIRED,UNKNOWN,MACHINE_EVIDENCE[REAL_DATA]::docs/99-governance/pr-019-capability-discovery-audit/PR019_ACTIVE_CAPABILITY_CATALOG.json,UNKNOWN,REAL_SNAPSHOT,REAL_DATA,true,true,false
CAP-CDAA43AE2E9B,Cot Asset Class,B03_SERVICE_ENDPOINT_REAL_DATA,SERVICE_ENDPOINT_REAL_DATA,docs/99-governance/pr-019-capability-discovery-audit/PR019_ACTIVE_CAPABILITY_CATALOG.json,true,true,true,DISCOVERY_REQUIRED,DISCOVERY_REQUIRED,DISCOVERY_REQUIRED,DISCOVERY_REQUIRED,UNKNOWN,MACHINE_EVIDENCE[REAL_DATA]::docs/99-governance/pr-019-capability-discovery-audit/PR019_ACTIVE_CAPABILITY_CATALOG.json,UNKNOWN,REAL_SNAPSHOT,REAL_DATA,true,true,false
CAP-CDE607434C8D,Cot Direction,B03_SERVICE_ENDPOINT_REAL_DATA,SERVICE_ENDPOINT_REAL_DATA,docs/99-governance/pr-019-capability-discovery-audit/PR019_ACTIVE_CAPABILITY_CATALOG.json,true,true,true,DISCOVERY_REQUIRED,DISCOVERY_REQUIRED,DISCOVERY_REQUIRED,DISCOVERY_REQUIRED,UNKNOWN,MACHINE_EVIDENCE[REAL_DATA]::docs/99-governance/pr-019-capability-discovery-audit/PR019_ACTIVE_CAPABILITY_CATALOG.json,UNKNOWN,REAL_SNAPSHOT,REAL_DATA,true,true,false
CAP-CEBA8D26224F,Decision Ledger,B07_SERVICE_ENDPOINT,SERVICE_ENDPOINT,docs/99-governance/pr-019-capability-discovery-audit/PR019_ACTIVE_CAPABILITY_CATALOG.json,true,true,false,DISCOVERY_REQUIRED,DISCOVERY_REQUIRED,DISCOVERY_REQUIRED,DISCOVERY_REQUIRED,JSON,JSON,REAL_SNAPSHOT,REAL_SNAPSHOT,,false,true,false
CAP-CF000A7305E2,Subscription Status Compat,B15_SERVICE_ONLY,SERVICE_ONLY,docs/99-governance/pr-019-capability-discovery-audit/PR019_ACTIVE_CAPABILITY_CATALOG.json,true,false,false,DISCOVERY_REQUIRED,DISCOVERY_REQUIRED,GET /api/ndsp/compat/health|POST /api/trial/register|POST /api/v1/trial/register|POST /api/trial/request|POST /api/auth/register-trial|POST /api/auth/activate|GET /api/auth/activate|GET /api/v6/payments/nowpayments/subscription/status|GET /api/payments/nowpayments/subscription/status|POST /api/v6/payments/nowpayments/subscription/create|POST /api/payments/nowpayments/subscription/create|GET /api/user/alert-preferences|POST /api/user/alert-preferences|POST /api/telegram/link/start|POST /api/telegram/link/verify|POST /api/alerts/email/test|GET /api/ndsp/compat/health|POST /api/trial/register|POST /api/v1/trial/register|POST /api/trial/request|POST /api/auth/register-trial|POST /api/auth/activate|GET /api/auth/activate|GET /api/v6/payments/nowpayments/subscription/status|GET /api/payments/nowpayments/subscription/status|POST /api/v6/payments/nowpayments/subscription/create|POST /api/payments/nowpayments/subscription/create|GET /api/user/alert-preferences|POST /api/user/alert-preferences|POST /api/telegram/link/start|POST /api/telegram/link/verify|POST /api/alerts/email/test,GET /api/ndsp/compat/health|POST /api/trial/register|POST /api/v1/trial/register|POST /api/trial/request|POST /api/auth/register-trial|POST /api/auth/activate|GET /api/auth/activate|GET /api/v6/payments/nowpayments/subscription/status|GET /api/payments/nowpayments/subscription/status|POST /api/v6/payments/nowpayments/subscription/create|POST /api/payments/nowpayments/subscription/create|GET /api/user/alert-preferences|POST /api/user/alert-preferences|POST /api/telegram/link/start|POST /api/telegram/link/verify|POST /api/alerts/email/test|GET /api/ndsp/compat/health|POST /api/trial/register|POST /api/v1/trial/register|POST /api/trial/request|POST /api/auth/register-trial|POST /api/auth/activate|GET /api/auth/activate|GET /api/v6/payments/nowpayments/subscription/status|GET /api/payments/nowpayments/subscription/status|POST /api/v6/payments/nowpayments/subscription/create|POST /api/payments/nowpayments/subscription/create|GET /api/user/alert-preferences|POST /api/user/alert-preferences|POST /api/telegram/link/start|POST /api/telegram/link/verify|POST /api/alerts/email/test,JSON|POSTGRES,JSON|POSTGRES,REAL_SNAPSHOT,REAL_SNAPSHOT,,false,true,false
CAP-CFD935E857CB,Enforce Governance Runtime,B13_ENDPOINT_REAL_DATA,ENDPOINT_REAL_DATA,docs/99-governance/pr-019-capability-discovery-audit/PR019_ACTIVE_CAPABILITY_CATALOG.json,false,true,true,ndsp-governance-bridge.service,ndsp-governance-bridge.service,DISCOVERY_REQUIRED,DISCOVERY_REQUIRED,UNKNOWN,MACHINE_EVIDENCE[REAL_DATA]::docs/99-governance/pr-019-capability-discovery-audit/PR019_ACTIVE_CAPABILITY_CATALOG.json,UNKNOWN,REAL_SNAPSHOT,REAL_DATA,true,true,false
CAP-D0B86CD5E331,Frontend Contract,B11_SERVICE_REAL_DATA,SERVICE_REAL_DATA,docs/99-governance/pr-019-capability-discovery-audit/PR019_ACTIVE_CAPABILITY_CATALOG.json,true,false,true,DISCOVERY_REQUIRED,DISCOVERY_REQUIRED,POST /auth/reset,POST /auth/reset,UNKNOWN,MACHINE_EVIDENCE[REAL_DATA]::docs/99-governance/pr-019-capability-discovery-audit/PR019_ACTIVE_CAPABILITY_CATALOG.json,UNKNOWN,REAL_SNAPSHOT,REAL_DATA,true,true,false
CAP-D109F092339F,Enforce Elite Trial Capacity,B13_ENDPOINT_REAL_DATA,ENDPOINT_REAL_DATA,docs/99-governance/pr-019-capability-discovery-audit/PR019_ACTIVE_CAPABILITY_CATALOG.json,false,true,true,ndsp-governance-bridge.service,ndsp-governance-bridge.service,DISCOVERY_REQUIRED,DISCOVERY_REQUIRED,UNKNOWN,MACHINE_EVIDENCE[REAL_DATA]::docs/99-governance/pr-019-capability-discovery-audit/PR019_ACTIVE_CAPABILITY_CATALOG.json,UNKNOWN,REAL_SNAPSHOT,REAL_DATA,true,true,false
CAP-D23D3D3D1D06,Evaluate L4 Cot Manager,B07_SERVICE_ENDPOINT,SERVICE_ENDPOINT,docs/99-governance/pr-019-capability-discovery-audit/PR019_ACTIVE_CAPABILITY_CATALOG.json,true,true,false,DISCOVERY_REQUIRED,DISCOVERY_REQUIRED,DISCOVERY_REQUIRED,DISCOVERY_REQUIRED,JSON,JSON,REAL_SNAPSHOT,REAL_SNAPSHOT,,false,true,false
CAP-D2456D13432E,Test Cot Gate,B03_SERVICE_ENDPOINT_REAL_DATA,SERVICE_ENDPOINT_REAL_DATA,docs/99-governance/pr-019-capability-discovery-audit/PR019_ACTIVE_CAPABILITY_CATALOG.json,true,true,true,DISCOVERY_REQUIRED,DISCOVERY_REQUIRED,DISCOVERY_REQUIRED,DISCOVERY_REQUIRED,UNKNOWN,MACHINE_EVIDENCE[REAL_DATA]::docs/99-governance/pr-019-capability-discovery-audit/PR019_ACTIVE_CAPABILITY_CATALOG.json,UNKNOWN,REAL_SNAPSHOT,REAL_DATA,true,true,false
CAP-D25A181573FA,Current Authority Key,B03_SERVICE_ENDPOINT_REAL_DATA,SERVICE_ENDPOINT_REAL_DATA,docs/99-governance/pr-019-capability-discovery-audit/PR019_ACTIVE_CAPABILITY_CATALOG.json,true,true,true,DISCOVERY_REQUIRED,DISCOVERY_REQUIRED,DISCOVERY_REQUIRED,DISCOVERY_REQUIRED,UNKNOWN,MACHINE_EVIDENCE[REAL_DATA]::docs/99-governance/pr-019-capability-discovery-audit/PR019_ACTIVE_CAPABILITY_CATALOG.json,UNKNOWN,REAL_SNAPSHOT,REAL_DATA,true,true,false
CAP-D2D57F714E79,Auth Magic Link Verify,B09_SERVICE_REAL_DATA,SERVICE_REAL_DATA,docs/99-governance/pr-019-capability-discovery-audit/PR019_ACTIVE_CAPABILITY_CATALOG.json,true,false,true,DISCOVERY_REQUIRED,DISCOVERY_REQUIRED,GET /contract/status|POST /auth/register|POST /auth/login|POST /auth/2fa/verify|POST /auth/magic-link|GET /auth/magic-link/verify|POST /auth/forgot|POST /auth/reset|POST /account/activate|GET /account/trial|GET /packages|GET /me/entitlements|POST /payments/checkout|POST /payments/webhook|GET /me/subscription|GET /markets|GET /assets|GET /assets/{asset_id}/decision|GET /assets/{asset_id}/chart|GET /brief/today|GET /me/watchlist|POST /me/watchlist|DELETE /me/watchlist/{asset_id}|GET /me/dashboard|GET /me/alert-prefs|PUT /me/alert-prefs|POST /me/channels/telegram/link|POST /me/channels/telegram/verify|POST /me/channels/email/test|GET /admin/registrations|POST /admin/registrations/{registration_id}/decision|GET /admin/trials|GET /admin/payments|POST /admin/payments/{payment_id}/approve|POST /admin/payments/{payment_id}/reject|GET /admin/layers|GET /admin/health|GET /contract/status|POST /auth/register|POST /auth/login|POST /auth/2fa/verify|POST /auth/magic-link|GET /auth/magic-link/verify|POST /auth/forgot|POST /auth/reset|POST /account/activate|GET /account/trial|GET /packages|GET /me/entitlements|POST /payments/checkout|POST /payments/webhook|GET /me/subscription|GET /markets|GET /assets|GET /assets/{asset_id}/decision|GET /assets/{asset_id}/chart|GET /brief/today|GET /me/watchlist|POST /me/watchlist|DELETE /me/watchlist/{asset_id}|GET /me/dashboard|GET /me/alert-prefs|PUT /me/alert-prefs|POST /me/channels/telegram/link|POST /me/channels/telegram/verify|POST /me/channels/email/test|GET /admin/registrations|POST /admin/registrations/{registration_id}/decision|GET /admin/trials|GET /admin/payments|POST /admin/payments/{payment_id}/approve|POST /admin/payments/{payment_id}/reject|GET /admin/layers|GET /admin/health,GET /contract/status|POST /auth/register|POST /auth/login|POST /auth/2fa/verify|POST /auth/magic-link|GET /auth/magic-link/verify|POST /auth/forgot|POST /auth/reset|POST /account/activate|GET /account/trial|GET /packages|GET /me/entitlements|POST /payments/checkout|POST /payments/webhook|GET /me/subscription|GET /markets|GET /assets|GET /assets/{asset_id}/decision|GET /assets/{asset_id}/chart|GET /brief/today|GET /me/watchlist|POST /me/watchlist|DELETE /me/watchlist/{asset_id}|GET /me/dashboard|GET /me/alert-prefs|PUT /me/alert-prefs|POST /me/channels/telegram/link|POST /me/channels/telegram/verify|POST /me/channels/email/test|GET /admin/registrations|POST /admin/registrations/{registration_id}/decision|GET /admin/trials|GET /admin/payments|POST /admin/payments/{payment_id}/approve|POST /admin/payments/{payment_id}/reject|GET /admin/layers|GET /admin/health|GET /contract/status|POST /auth/register|POST /auth/login|POST /auth/2fa/verify|POST /auth/magic-link|GET /auth/magic-link/verify|POST /auth/forgot|POST /auth/reset|POST /account/activate|GET /account/trial|GET /packages|GET /me/entitlements|POST /payments/checkout|POST /payments/webhook|GET /me/subscription|GET /markets|GET /assets|GET /assets/{asset_id}/decision|GET /assets/{asset_id}/chart|GET /brief/today|GET /me/watchlist|POST /me/watchlist|DELETE /me/watchlist/{asset_id}|GET /me/dashboard|GET /me/alert-prefs|PUT /me/alert-prefs|POST /me/channels/telegram/link|POST /me/channels/telegram/verify|POST /me/channels/email/test|GET /admin/registrations|POST /admin/registrations/{registration_id}/decision|GET /admin/trials|GET /admin/payments|POST /admin/payments/{payment_id}/approve|POST /admin/payments/{payment_id}/reject|GET /admin/layers|GET /admin/health,UNKNOWN,MACHINE_EVIDENCE[REAL_DATA]::docs/99-governance/pr-019-capability-discovery-audit/PR019_ACTIVE_CAPABILITY_CATALOG.json,UNKNOWN,REAL_SNAPSHOT,REAL_DATA,true,true,false
CAP-D38B6F09E3C9,Ndsp Quality Live Nmp Wrapper,B13_ENDPOINT_REAL_DATA,ENDPOINT_REAL_DATA,docs/99-governance/pr-019-capability-discovery-audit/PR019_ACTIVE_CAPABILITY_CATALOG.json,false,true,true,ndsp-quality-live-nmp-wrapper.service,ndsp-quality-live-nmp-wrapper.service,DISCOVERY_REQUIRED,DISCOVERY_REQUIRED,UNKNOWN,MACHINE_EVIDENCE[REAL_DATA]::docs/99-governance/pr-019-capability-discovery-audit/PR019_ACTIVE_CAPABILITY_CATALOG.json,UNKNOWN,REAL_SNAPSHOT,REAL_DATA,true,true,false
CAP-D559FE326861,User Operational Compat,B16_SERVICE_ONLY,SERVICE_ONLY,docs/99-governance/pr-019-capability-discovery-audit/PR019_ACTIVE_CAPABILITY_CATALOG.json,true,false,false,DISCOVERY_REQUIRED,DISCOVERY_REQUIRED,POST /api/user/alert-preferences,POST /api/user/alert-preferences,JSON|POSTGRES,JSON|POSTGRES,REAL_SNAPSHOT,REAL_SNAPSHOT,,false,true,false
CAP-D5D7C8174439,L14 Nawaf Enhanced Golden Signal,B03_SERVICE_ENDPOINT_REAL_DATA,SERVICE_ENDPOINT_REAL_DATA,docs/99-governance/pr-019-capability-discovery-audit/PR019_ACTIVE_CAPABILITY_CATALOG.json,true,true,true,DISCOVERY_REQUIRED,DISCOVERY_REQUIRED,DISCOVERY_REQUIRED,DISCOVERY_REQUIRED,UNKNOWN,MACHINE_EVIDENCE[REAL_DATA]::docs/99-governance/pr-019-capability-discovery-audit/PR019_ACTIVE_CAPABILITY_CATALOG.json,UNKNOWN,REAL_SNAPSHOT,REAL_DATA,true,true,false
CAP-D6102C7DC3C1,Frontend Contract,B11_SERVICE_REAL_DATA,SERVICE_REAL_DATA,docs/99-governance/pr-019-capability-discovery-audit/PR019_ACTIVE_CAPABILITY_CATALOG.json,true,false,true,DISCOVERY_REQUIRED,DISCOVERY_REQUIRED,GET /packages,GET /packages,UNKNOWN,MACHINE_EVIDENCE[REAL_DATA]::docs/99-governance/pr-019-capability-discovery-audit/PR019_ACTIVE_CAPABILITY_CATALOG.json,UNKNOWN,REAL_SNAPSHOT,REAL_DATA,true,true,false
CAP-D64F1CFB3F24,Framework Adapter,B16_SERVICE_ONLY,SERVICE_ONLY,docs/99-governance/pr-019-capability-discovery-audit/PR019_ACTIVE_CAPABILITY_CATALOG.json,true,false,false,DISCOVERY_REQUIRED,DISCOVERY_REQUIRED,GET /about,GET /about,JSON,JSON,REAL_SNAPSHOT,REAL_SNAPSHOT,,false,true,false
CAP-D720DF9D097F,Test Clamps Score To 100,B03_SERVICE_ENDPOINT_REAL_DATA,SERVICE_ENDPOINT_REAL_DATA,docs/99-governance/pr-019-capability-discovery-audit/PR019_ACTIVE_CAPABILITY_CATALOG.json,true,true,true,DISCOVERY_REQUIRED,DISCOVERY_REQUIRED,DISCOVERY_REQUIRED,DISCOVERY_REQUIRED,UNKNOWN,MACHINE_EVIDENCE[REAL_DATA]::docs/99-governance/pr-019-capability-discovery-audit/PR019_ACTIVE_CAPABILITY_CATALOG.json,UNKNOWN,REAL_SNAPSHOT,REAL_DATA,true,true,false
CAP-D8194AB79967,Frontend Contract,B11_SERVICE_REAL_DATA,SERVICE_REAL_DATA,docs/99-governance/pr-019-capability-discovery-audit/PR019_ACTIVE_CAPABILITY_CATALOG.json,true,false,true,DISCOVERY_REQUIRED,DISCOVERY_REQUIRED,POST /payments/webhook,POST /payments/webhook,UNKNOWN,MACHINE_EVIDENCE[REAL_DATA]::docs/99-governance/pr-019-capability-discovery-audit/PR019_ACTIVE_CAPABILITY_CATALOG.json,REAL_LIVE,REAL_LIVE,REAL_DATA,true,true,false
CAP-D89712BC5C12,Ndsp Governance 44 V26,B08_SERVICE_ENDPOINT,SERVICE_ENDPOINT,docs/99-governance/pr-019-capability-discovery-audit/PR019_ACTIVE_CAPABILITY_CATALOG.json,true,true,false,DISCOVERY_REQUIRED,DISCOVERY_REQUIRED,DISCOVERY_REQUIRED,DISCOVERY_REQUIRED,HTTP_API|JSON,HTTP_API|JSON,REAL_LIVE,REAL_LIVE,,false,true,false
CAP-D93913F10664,Framework Adapter,B16_SERVICE_ONLY,SERVICE_ONLY,docs/99-governance/pr-019-capability-discovery-audit/PR019_ACTIVE_CAPABILITY_CATALOG.json,true,false,false,DISCOVERY_REQUIRED,DISCOVERY_REQUIRED,GET /version,GET /version,JSON,JSON,REAL_SNAPSHOT,REAL_SNAPSHOT,,false,true,false
CAP-D98F64969D0A,Test Contract Source And Quality Gate,B07_SERVICE_ENDPOINT,SERVICE_ENDPOINT,docs/99-governance/pr-019-capability-discovery-audit/PR019_ACTIVE_CAPABILITY_CATALOG.json,true,true,false,DISCOVERY_REQUIRED,DISCOVERY_REQUIRED,DISCOVERY_REQUIRED,DISCOVERY_REQUIRED,JSON,JSON,REAL_SNAPSHOT,REAL_SNAPSHOT,,false,true,false
CAP-DA1498962CCC,Auth Login,B09_SERVICE_REAL_DATA,SERVICE_REAL_DATA,docs/99-governance/pr-019-capability-discovery-audit/PR019_ACTIVE_CAPABILITY_CATALOG.json,true,false,true,DISCOVERY_REQUIRED,DISCOVERY_REQUIRED,GET /contract/status|POST /auth/register|POST /auth/login|POST /auth/2fa/verify|POST /auth/magic-link|GET /auth/magic-link/verify|POST /auth/forgot|POST /auth/reset|POST /account/activate|GET /account/trial|GET /packages|GET /me/entitlements|POST /payments/checkout|POST /payments/webhook|GET /me/subscription|GET /markets|GET /assets|GET /assets/{asset_id}/decision|GET /assets/{asset_id}/chart|GET /brief/today|GET /me/watchlist|POST /me/watchlist|DELETE /me/watchlist/{asset_id}|GET /me/dashboard|GET /me/alert-prefs|PUT /me/alert-prefs|POST /me/channels/telegram/link|POST /me/channels/telegram/verify|POST /me/channels/email/test|GET /admin/registrations|POST /admin/registrations/{registration_id}/decision|GET /admin/trials|GET /admin/payments|POST /admin/payments/{payment_id}/approve|POST /admin/payments/{payment_id}/reject|GET /admin/layers|GET /admin/health|GET /contract/status|POST /auth/register|POST /auth/login|POST /auth/2fa/verify|POST /auth/magic-link|GET /auth/magic-link/verify|POST /auth/forgot|POST /auth/reset|POST /account/activate|GET /account/trial|GET /packages|GET /me/entitlements|POST /payments/checkout|POST /payments/webhook|GET /me/subscription|GET /markets|GET /assets|GET /assets/{asset_id}/decision|GET /assets/{asset_id}/chart|GET /brief/today|GET /me/watchlist|POST /me/watchlist|DELETE /me/watchlist/{asset_id}|GET /me/dashboard|GET /me/alert-prefs|PUT /me/alert-prefs|POST /me/channels/telegram/link|POST /me/channels/telegram/verify|POST /me/channels/email/test|GET /admin/registrations|POST /admin/registrations/{registration_id}/decision|GET /admin/trials|GET /admin/payments|POST /admin/payments/{payment_id}/approve|POST /admin/payments/{payment_id}/reject|GET /admin/layers|GET /admin/health,GET /contract/status|POST /auth/register|POST /auth/login|POST /auth/2fa/verify|POST /auth/magic-link|GET /auth/magic-link/verify|POST /auth/forgot|POST /auth/reset|POST /account/activate|GET /account/trial|GET /packages|GET /me/entitlements|POST /payments/checkout|POST /payments/webhook|GET /me/subscription|GET /markets|GET /assets|GET /assets/{asset_id}/decision|GET /assets/{asset_id}/chart|GET /brief/today|GET /me/watchlist|POST /me/watchlist|DELETE /me/watchlist/{asset_id}|GET /me/dashboard|GET /me/alert-prefs|PUT /me/alert-prefs|POST /me/channels/telegram/link|POST /me/channels/telegram/verify|POST /me/channels/email/test|GET /admin/registrations|POST /admin/registrations/{registration_id}/decision|GET /admin/trials|GET /admin/payments|POST /admin/payments/{payment_id}/approve|POST /admin/payments/{payment_id}/reject|GET /admin/layers|GET /admin/health|GET /contract/status|POST /auth/register|POST /auth/login|POST /auth/2fa/verify|POST /auth/magic-link|GET /auth/magic-link/verify|POST /auth/forgot|POST /auth/reset|POST /account/activate|GET /account/trial|GET /packages|GET /me/entitlements|POST /payments/checkout|POST /payments/webhook|GET /me/subscription|GET /markets|GET /assets|GET /assets/{asset_id}/decision|GET /assets/{asset_id}/chart|GET /brief/today|GET /me/watchlist|POST /me/watchlist|DELETE /me/watchlist/{asset_id}|GET /me/dashboard|GET /me/alert-prefs|PUT /me/alert-prefs|POST /me/channels/telegram/link|POST /me/channels/telegram/verify|POST /me/channels/email/test|GET /admin/registrations|POST /admin/registrations/{registration_id}/decision|GET /admin/trials|GET /admin/payments|POST /admin/payments/{payment_id}/approve|POST /admin/payments/{payment_id}/reject|GET /admin/layers|GET /admin/health,UNKNOWN,MACHINE_EVIDENCE[REAL_DATA]::docs/99-governance/pr-019-capability-discovery-audit/PR019_ACTIVE_CAPABILITY_CATALOG.json,UNKNOWN,REAL_SNAPSHOT,REAL_DATA,true,true,false
CAP-DA166447891B,Status From Score,B07_SERVICE_ENDPOINT,SERVICE_ENDPOINT,docs/99-governance/pr-019-capability-discovery-audit/PR019_ACTIVE_CAPABILITY_CATALOG.json,true,true,false,DISCOVERY_REQUIRED,DISCOVERY_REQUIRED,DISCOVERY_REQUIRED,DISCOVERY_REQUIRED,JSON,JSON,REAL_SNAPSHOT,REAL_SNAPSHOT,,false,true,false
CAP-DB9A1015BFEC,Test Clamps Score To Zero,B03_SERVICE_ENDPOINT_REAL_DATA,SERVICE_ENDPOINT_REAL_DATA,docs/99-governance/pr-019-capability-discovery-audit/PR019_ACTIVE_CAPABILITY_CATALOG.json,true,true,true,DISCOVERY_REQUIRED,DISCOVERY_REQUIRED,DISCOVERY_REQUIRED,DISCOVERY_REQUIRED,UNKNOWN,MACHINE_EVIDENCE[REAL_DATA]::docs/99-governance/pr-019-capability-discovery-audit/PR019_ACTIVE_CAPABILITY_CATALOG.json,UNKNOWN,REAL_SNAPSHOT,REAL_DATA,true,true,false
CAP-DBE4CDD3AB94,Ndsp Nowpayments,B16_SERVICE_ONLY,SERVICE_ONLY,docs/99-governance/pr-019-capability-discovery-audit/PR019_ACTIVE_CAPABILITY_CATALOG.json,true,false,false,DISCOVERY_REQUIRED,DISCOVERY_REQUIRED,GET /nowpayments/health,GET /nowpayments/health,HTTP_API|JSON|POSTGRES,HTTP_API|JSON|POSTGRES,REAL_LIVE,REAL_LIVE,,false,true,false
CAP-DC15995EDA27,Get Market Positioning,B04_SERVICE_ENDPOINT_REAL_DATA,SERVICE_ENDPOINT_REAL_DATA,docs/99-governance/pr-019-capability-discovery-audit/PR019_ACTIVE_CAPABILITY_CATALOG.json,true,true,true,DISCOVERY_REQUIRED,DISCOVERY_REQUIRED,DISCOVERY_REQUIRED,DISCOVERY_REQUIRED,UNKNOWN,MACHINE_EVIDENCE[REAL_DATA]::docs/99-governance/pr-019-capability-discovery-audit/PR019_ACTIVE_CAPABILITY_CATALOG.json,UNKNOWN,REAL_SNAPSHOT,REAL_DATA,true,true,false
CAP-DD2EA6FDA5D8,Ndsp Decision Governance Core,B13_ENDPOINT_REAL_DATA,ENDPOINT_REAL_DATA,docs/99-governance/pr-019-capability-discovery-audit/PR019_ACTIVE_CAPABILITY_CATALOG.json,false,true,true,ndsp-decision_governance_core.service,ndsp-decision_governance_core.service,DISCOVERY_REQUIRED,DISCOVERY_REQUIRED,UNKNOWN,MACHINE_EVIDENCE[REAL_DATA]::docs/99-governance/pr-019-capability-discovery-audit/PR019_ACTIVE_CAPABILITY_CATALOG.json,UNKNOWN,REAL_SNAPSHOT,REAL_DATA,true,true,false
CAP-DF40660C63CA,L13 Nawaf Golden Signal,B04_SERVICE_ENDPOINT_REAL_DATA,SERVICE_ENDPOINT_REAL_DATA,docs/99-governance/pr-019-capability-discovery-audit/PR019_ACTIVE_CAPABILITY_CATALOG.json,true,true,true,DISCOVERY_REQUIRED,DISCOVERY_REQUIRED,DISCOVERY_REQUIRED,DISCOVERY_REQUIRED,UNKNOWN,MACHINE_EVIDENCE[REAL_DATA]::docs/99-governance/pr-019-capability-discovery-audit/PR019_ACTIVE_CAPABILITY_CATALOG.json,UNKNOWN,REAL_SNAPSHOT,REAL_DATA,true,true,false
CAP-E0A94B5D377B,Decision Card V37,B05_SERVICE_ENDPOINT_REAL_DATA,SERVICE_ENDPOINT_REAL_DATA,docs/99-governance/pr-019-capability-discovery-audit/PR019_ACTIVE_CAPABILITY_CATALOG.json,true,true,true,DISCOVERY_REQUIRED,DISCOVERY_REQUIRED,DISCOVERY_REQUIRED,DISCOVERY_REQUIRED,UNKNOWN,MACHINE_EVIDENCE[REAL_DATA]::docs/99-governance/pr-019-capability-discovery-audit/PR019_ACTIVE_CAPABILITY_CATALOG.json,UNKNOWN,REAL_SNAPSHOT,REAL_DATA,true,true,false
CAP-E2BE53CEC0F0,Insert User,B19_ENDPOINT_ONLY,ENDPOINT_ONLY,docs/99-governance/pr-019-capability-discovery-audit/PR019_ACTIVE_CAPABILITY_CATALOG.json,false,true,false,ndsp-trial-register.service,ndsp-trial-register.service,DISCOVERY_REQUIRED,DISCOVERY_REQUIRED,JSON|POSTGRES,JSON|POSTGRES,REAL_SNAPSHOT,REAL_SNAPSHOT,,false,true,false
CAP-E3FE8FA9E536,Ndsp Decision Package V1,B13_ENDPOINT_REAL_DATA,ENDPOINT_REAL_DATA,docs/99-governance/pr-019-capability-discovery-audit/PR019_ACTIVE_CAPABILITY_CATALOG.json,false,true,true,ndsp-decision-package-v1.service,ndsp-decision-package-v1.service,DISCOVERY_REQUIRED,DISCOVERY_REQUIRED,UNKNOWN,MACHINE_EVIDENCE[REAL_DATA]::docs/99-governance/pr-019-capability-discovery-audit/PR019_ACTIVE_CAPABILITY_CATALOG.json,UNKNOWN,REAL_SNAPSHOT,REAL_DATA,true,true,false
CAP-E4980A40032A,Ndsp User Portal Final Experience V1 One Script,B16_SERVICE_ONLY,SERVICE_ONLY,docs/99-governance/pr-019-capability-discovery-audit/PR019_ACTIVE_CAPABILITY_CATALOG.json,true,false,false,DISCOVERY_REQUIRED,DISCOVERY_REQUIRED,GET /api/user/notifications,GET /api/user/notifications,HTTP_API|JSON|POSTGRES,HTTP_API|JSON|POSTGRES,REAL_LIVE,REAL_LIVE,,false,true,false
CAP-E4B4728311F0,Decision Quality Public,B11_SERVICE_REAL_DATA,SERVICE_REAL_DATA,docs/99-governance/pr-019-capability-discovery-audit/PR019_ACTIVE_CAPABILITY_CATALOG.json,true,false,true,DISCOVERY_REQUIRED,DISCOVERY_REQUIRED,GET /api/decision/quality,GET /api/decision/quality,UNKNOWN,MACHINE_EVIDENCE[REAL_DATA]::docs/99-governance/pr-019-capability-discovery-audit/PR019_ACTIVE_CAPABILITY_CATALOG.json,UNKNOWN,REAL_SNAPSHOT,REAL_DATA,true,true,false
CAP-E4F9CD5311CA,Pick Market Timestamp,B08_SERVICE_ENDPOINT,SERVICE_ENDPOINT,docs/99-governance/pr-019-capability-discovery-audit/PR019_ACTIVE_CAPABILITY_CATALOG.json,true,true,false,DISCOVERY_REQUIRED,DISCOVERY_REQUIRED,DISCOVERY_REQUIRED,DISCOVERY_REQUIRED,HTTP_API|JSON,HTTP_API|JSON,REAL_LIVE,REAL_LIVE,,false,true,false
CAP-E50EE9CF3FD6,User Operational Compat,B16_SERVICE_ONLY,SERVICE_ONLY,docs/99-governance/pr-019-capability-discovery-audit/PR019_ACTIVE_CAPABILITY_CATALOG.json,true,false,false,DISCOVERY_REQUIRED,DISCOVERY_REQUIRED,POST /api/telegram/link/verify,POST /api/telegram/link/verify,JSON|POSTGRES,JSON|POSTGRES,REAL_SNAPSHOT,REAL_SNAPSHOT,,false,true,false
CAP-E5A863D04011,Report File Path,B07_SERVICE_ENDPOINT,SERVICE_ENDPOINT,docs/99-governance/pr-019-capability-discovery-audit/PR019_ACTIVE_CAPABILITY_CATALOG.json,true,true,false,DISCOVERY_REQUIRED,DISCOVERY_REQUIRED,DISCOVERY_REQUIRED,DISCOVERY_REQUIRED,HTTP_API|JSON|POSTGRES,HTTP_API|JSON|POSTGRES,REAL_LIVE,REAL_LIVE,,false,true,false
CAP-E62FA2E1D004,Ndspdecision Governance Middleware,B07_SERVICE_ENDPOINT,SERVICE_ENDPOINT,docs/99-governance/pr-019-capability-discovery-audit/PR019_ACTIVE_CAPABILITY_CATALOG.json,true,true,false,DISCOVERY_REQUIRED,DISCOVERY_REQUIRED,DISCOVERY_REQUIRED,DISCOVERY_REQUIRED,JSON,JSON,REAL_SNAPSHOT,REAL_SNAPSHOT,,false,true,false
CAP-E668719D9AD9,Alert Prefs Get,B15_SERVICE_ONLY,SERVICE_ONLY,docs/99-governance/pr-019-capability-discovery-audit/PR019_ACTIVE_CAPABILITY_CATALOG.json,true,false,false,DISCOVERY_REQUIRED,DISCOVERY_REQUIRED,GET /api/ndsp/compat/health|POST /api/trial/register|POST /api/v1/trial/register|POST /api/trial/request|POST /api/auth/register-trial|POST /api/auth/activate|GET /api/auth/activate|GET /api/v6/payments/nowpayments/subscription/status|GET /api/payments/nowpayments/subscription/status|POST /api/v6/payments/nowpayments/subscription/create|POST /api/payments/nowpayments/subscription/create|GET /api/user/alert-preferences|POST /api/user/alert-preferences|POST /api/telegram/link/start|POST /api/telegram/link/verify|POST /api/alerts/email/test|GET /api/ndsp/compat/health|POST /api/trial/register|POST /api/v1/trial/register|POST /api/trial/request|POST /api/auth/register-trial|POST /api/auth/activate|GET /api/auth/activate|GET /api/v6/payments/nowpayments/subscription/status|GET /api/payments/nowpayments/subscription/status|POST /api/v6/payments/nowpayments/subscription/create|POST /api/payments/nowpayments/subscription/create|GET /api/user/alert-preferences|POST /api/user/alert-preferences|POST /api/telegram/link/start|POST /api/telegram/link/verify|POST /api/alerts/email/test,GET /api/ndsp/compat/health|POST /api/trial/register|POST /api/v1/trial/register|POST /api/trial/request|POST /api/auth/register-trial|POST /api/auth/activate|GET /api/auth/activate|GET /api/v6/payments/nowpayments/subscription/status|GET /api/payments/nowpayments/subscription/status|POST /api/v6/payments/nowpayments/subscription/create|POST /api/payments/nowpayments/subscription/create|GET /api/user/alert-preferences|POST /api/user/alert-preferences|POST /api/telegram/link/start|POST /api/telegram/link/verify|POST /api/alerts/email/test|GET /api/ndsp/compat/health|POST /api/trial/register|POST /api/v1/trial/register|POST /api/trial/request|POST /api/auth/register-trial|POST /api/auth/activate|GET /api/auth/activate|GET /api/v6/payments/nowpayments/subscription/status|GET /api/payments/nowpayments/subscription/status|POST /api/v6/payments/nowpayments/subscription/create|POST /api/payments/nowpayments/subscription/create|GET /api/user/alert-preferences|POST /api/user/alert-preferences|POST /api/telegram/link/start|POST /api/telegram/link/verify|POST /api/alerts/email/test,JSON|POSTGRES,JSON|POSTGRES,REAL_SNAPSHOT,REAL_SNAPSHOT,,false,true,false
CAP-E739D717BE35,Admin Health,B09_SERVICE_REAL_DATA,SERVICE_REAL_DATA,docs/99-governance/pr-019-capability-discovery-audit/PR019_ACTIVE_CAPABILITY_CATALOG.json,true,false,true,DISCOVERY_REQUIRED,DISCOVERY_REQUIRED,GET /contract/status|POST /auth/register|POST /auth/login|POST /auth/2fa/verify|POST /auth/magic-link|GET /auth/magic-link/verify|POST /auth/forgot|POST /auth/reset|POST /account/activate|GET /account/trial|GET /packages|GET /me/entitlements|POST /payments/checkout|POST /payments/webhook|GET /me/subscription|GET /markets|GET /assets|GET /assets/{asset_id}/decision|GET /assets/{asset_id}/chart|GET /brief/today|GET /me/watchlist|POST /me/watchlist|DELETE /me/watchlist/{asset_id}|GET /me/dashboard|GET /me/alert-prefs|PUT /me/alert-prefs|POST /me/channels/telegram/link|POST /me/channels/telegram/verify|POST /me/channels/email/test|GET /admin/registrations|POST /admin/registrations/{registration_id}/decision|GET /admin/trials|GET /admin/payments|POST /admin/payments/{payment_id}/approve|POST /admin/payments/{payment_id}/reject|GET /admin/layers|GET /admin/health|GET /contract/status|POST /auth/register|POST /auth/login|POST /auth/2fa/verify|POST /auth/magic-link|GET /auth/magic-link/verify|POST /auth/forgot|POST /auth/reset|POST /account/activate|GET /account/trial|GET /packages|GET /me/entitlements|POST /payments/checkout|POST /payments/webhook|GET /me/subscription|GET /markets|GET /assets|GET /assets/{asset_id}/decision|GET /assets/{asset_id}/chart|GET /brief/today|GET /me/watchlist|POST /me/watchlist|DELETE /me/watchlist/{asset_id}|GET /me/dashboard|GET /me/alert-prefs|PUT /me/alert-prefs|POST /me/channels/telegram/link|POST /me/channels/telegram/verify|POST /me/channels/email/test|GET /admin/registrations|POST /admin/registrations/{registration_id}/decision|GET /admin/trials|GET /admin/payments|POST /admin/payments/{payment_id}/approve|POST /admin/payments/{payment_id}/reject|GET /admin/layers|GET /admin/health,GET /contract/status|POST /auth/register|POST /auth/login|POST /auth/2fa/verify|POST /auth/magic-link|GET /auth/magic-link/verify|POST /auth/forgot|POST /auth/reset|POST /account/activate|GET /account/trial|GET /packages|GET /me/entitlements|POST /payments/checkout|POST /payments/webhook|GET /me/subscription|GET /markets|GET /assets|GET /assets/{asset_id}/decision|GET /assets/{asset_id}/chart|GET /brief/today|GET /me/watchlist|POST /me/watchlist|DELETE /me/watchlist/{asset_id}|GET /me/dashboard|GET /me/alert-prefs|PUT /me/alert-prefs|POST /me/channels/telegram/link|POST /me/channels/telegram/verify|POST /me/channels/email/test|GET /admin/registrations|POST /admin/registrations/{registration_id}/decision|GET /admin/trials|GET /admin/payments|POST /admin/payments/{payment_id}/approve|POST /admin/payments/{payment_id}/reject|GET /admin/layers|GET /admin/health|GET /contract/status|POST /auth/register|POST /auth/login|POST /auth/2fa/verify|POST /auth/magic-link|GET /auth/magic-link/verify|POST /auth/forgot|POST /auth/reset|POST /account/activate|GET /account/trial|GET /packages|GET /me/entitlements|POST /payments/checkout|POST /payments/webhook|GET /me/subscription|GET /markets|GET /assets|GET /assets/{asset_id}/decision|GET /assets/{asset_id}/chart|GET /brief/today|GET /me/watchlist|POST /me/watchlist|DELETE /me/watchlist/{asset_id}|GET /me/dashboard|GET /me/alert-prefs|PUT /me/alert-prefs|POST /me/channels/telegram/link|POST /me/channels/telegram/verify|POST /me/channels/email/test|GET /admin/registrations|POST /admin/registrations/{registration_id}/decision|GET /admin/trials|GET /admin/payments|POST /admin/payments/{payment_id}/approve|POST /admin/payments/{payment_id}/reject|GET /admin/layers|GET /admin/health,UNKNOWN,MACHINE_EVIDENCE[REAL_DATA]::docs/99-governance/pr-019-capability-discovery-audit/PR019_ACTIVE_CAPABILITY_CATALOG.json,UNKNOWN,REAL_SNAPSHOT,REAL_DATA,true,true,false
CAP-E7E2EB1C570D,Activate User By Token,B19_ENDPOINT_ONLY,ENDPOINT_ONLY,docs/99-governance/pr-019-capability-discovery-audit/PR019_ACTIVE_CAPABILITY_CATALOG.json,false,true,false,ndsp-trial-register.service,ndsp-trial-register.service,DISCOVERY_REQUIRED,DISCOVERY_REQUIRED,JSON|POSTGRES,JSON|POSTGRES,REAL_SNAPSHOT,REAL_SNAPSHOT,,false,true,false
CAP-E7F5980E3D93,Market Service,B05_SERVICE_ENDPOINT_REAL_DATA,SERVICE_ENDPOINT_REAL_DATA,docs/99-governance/pr-019-capability-discovery-audit/PR019_ACTIVE_CAPABILITY_CATALOG.json,true,true,true,DISCOVERY_REQUIRED,DISCOVERY_REQUIRED,DISCOVERY_REQUIRED,DISCOVERY_REQUIRED,UNKNOWN,MACHINE_EVIDENCE[REAL_DATA]::docs/99-governance/pr-019-capability-discovery-audit/PR019_ACTIVE_CAPABILITY_CATALOG.json,UNKNOWN,REAL_SNAPSHOT,REAL_DATA,true,true,false
CAP-E8CD1B8A7BD1,Test Missing Report After Due Is Blocked,B04_SERVICE_ENDPOINT_REAL_DATA,SERVICE_ENDPOINT_REAL_DATA,docs/99-governance/pr-019-capability-discovery-audit/PR019_ACTIVE_CAPABILITY_CATALOG.json,true,true,true,DISCOVERY_REQUIRED,DISCOVERY_REQUIRED,DISCOVERY_REQUIRED,DISCOVERY_REQUIRED,UNKNOWN,MACHINE_EVIDENCE[REAL_DATA]::docs/99-governance/pr-019-capability-discovery-audit/PR019_ACTIVE_CAPABILITY_CATALOG.json,UNKNOWN,REAL_SNAPSHOT,REAL_DATA,true,true,false
CAP-E95E0383A2D2,L10 Liquidity Structure Confirmation,B04_SERVICE_ENDPOINT_REAL_DATA,SERVICE_ENDPOINT_REAL_DATA,docs/99-governance/pr-019-capability-discovery-audit/PR019_ACTIVE_CAPABILITY_CATALOG.json,true,true,true,DISCOVERY_REQUIRED,DISCOVERY_REQUIRED,DISCOVERY_REQUIRED,DISCOVERY_REQUIRED,UNKNOWN,MACHINE_EVIDENCE[REAL_DATA]::docs/99-governance/pr-019-capability-discovery-audit/PR019_ACTIVE_CAPABILITY_CATALOG.json,UNKNOWN,REAL_SNAPSHOT,REAL_DATA,true,true,false
CAP-E9D779AE5200,Frontend Contract,B11_SERVICE_REAL_DATA,SERVICE_REAL_DATA,docs/99-governance/pr-019-capability-discovery-audit/PR019_ACTIVE_CAPABILITY_CATALOG.json,true,false,true,DISCOVERY_REQUIRED,DISCOVERY_REQUIRED,GET /admin/registrations,GET /admin/registrations,UNKNOWN,MACHINE_EVIDENCE[REAL_DATA]::docs/99-governance/pr-019-capability-discovery-audit/PR019_ACTIVE_CAPABILITY_CATALOG.json,UNKNOWN,REAL_SNAPSHOT,REAL_DATA,true,true,false
CAP-EAF0F47E923D,Normalize Risk Without False Pause,B13_ENDPOINT_REAL_DATA,ENDPOINT_REAL_DATA,docs/99-governance/pr-019-capability-discovery-audit/PR019_ACTIVE_CAPABILITY_CATALOG.json,false,true,true,ndsp-governance-bridge.service,ndsp-governance-bridge.service,DISCOVERY_REQUIRED,DISCOVERY_REQUIRED,UNKNOWN,MACHINE_EVIDENCE[REAL_DATA]::docs/99-governance/pr-019-capability-discovery-audit/PR019_ACTIVE_CAPABILITY_CATALOG.json,UNKNOWN,REAL_SNAPSHOT,REAL_DATA,true,true,false
CAP-EAFDBC235B37,Format Market Timestamp,B08_SERVICE_ENDPOINT,SERVICE_ENDPOINT,docs/99-governance/pr-019-capability-discovery-audit/PR019_ACTIVE_CAPABILITY_CATALOG.json,true,true,false,DISCOVERY_REQUIRED,DISCOVERY_REQUIRED,DISCOVERY_REQUIRED,DISCOVERY_REQUIRED,HTTP_API|JSON,HTTP_API|JSON,REAL_LIVE,REAL_LIVE,,false,true,false
CAP-EBA92C8CC7A3,Cot Category Position,B04_SERVICE_ENDPOINT_REAL_DATA,SERVICE_ENDPOINT_REAL_DATA,docs/99-governance/pr-019-capability-discovery-audit/PR019_ACTIVE_CAPABILITY_CATALOG.json,true,true,true,DISCOVERY_REQUIRED,DISCOVERY_REQUIRED,DISCOVERY_REQUIRED,DISCOVERY_REQUIRED,UNKNOWN,MACHINE_EVIDENCE[REAL_DATA]::docs/99-governance/pr-019-capability-discovery-audit/PR019_ACTIVE_CAPABILITY_CATALOG.json,UNKNOWN,REAL_SNAPSHOT,REAL_DATA,true,true,false
CAP-EBD64BBF9712,Ndsp Build Otp Auth Uri,B15_SERVICE_ONLY,SERVICE_ONLY,docs/99-governance/pr-019-capability-discovery-audit/PR019_ACTIVE_CAPABILITY_CATALOG.json,true,false,false,DISCOVERY_REQUIRED,DISCOVERY_REQUIRED,GET /health|POST /auth/register|POST /auth/login|GET /me|POST /feedback|POST /upgrade-request|GET /upgrade-requests/me|GET /admin/upgrade-requests|POST /admin/upgrade-requests/:id/review|GET /trial/status|GET /admin/feedback|POST /admin/feedback/:id/review|GET /notifications|POST /notifications/:id/read|GET /admin/notifications|POST /admin/notifications/send|GET /plans|GET /admin/plans|PUT /admin/plans/:id|POST /admin/plans/:id/features|DELETE /admin/plan-features/:id|PUT /admin/plans/:id/layers/:layerKey|GET /admin/stats|PUT /admin/users/:id|DELETE /admin/users/:id|GET /admin/users|POST /api/auth/2fa/setup/start|POST /api/auth/2fa/setup/confirm|POST /__retired_api_admin_users_action_legacy|POST /api/auth/2fa/setup/start|GET /api/admin/telegram-routing/status|POST /api/admin/telegram-routing/update|POST /api/admin/telegram-routing/test,GET /health|POST /auth/register|POST /auth/login|GET /me|POST /feedback|POST /upgrade-request|GET /upgrade-requests/me|GET /admin/upgrade-requests|POST /admin/upgrade-requests/:id/review|GET /trial/status|GET /admin/feedback|POST /admin/feedback/:id/review|GET /notifications|POST /notifications/:id/read|GET /admin/notifications|POST /admin/notifications/send|GET /plans|GET /admin/plans|PUT /admin/plans/:id|POST /admin/plans/:id/features|DELETE /admin/plan-features/:id|PUT /admin/plans/:id/layers/:layerKey|GET /admin/stats|PUT /admin/users/:id|DELETE /admin/users/:id|GET /admin/users|POST /api/auth/2fa/setup/start|POST /api/auth/2fa/setup/confirm|POST /__retired_api_admin_users_action_legacy|POST /api/auth/2fa/setup/start|GET /api/admin/telegram-routing/status|POST /api/admin/telegram-routing/update|POST /api/admin/telegram-routing/test,JSON,JSON,REAL_SNAPSHOT,REAL_SNAPSHOT,,false,true,false
CAP-EC53447FDEFA,Telegram Routing Internal,B16_SERVICE_ONLY,SERVICE_ONLY,docs/99-governance/pr-019-capability-discovery-audit/PR019_ACTIVE_CAPABILITY_CATALOG.json,true,false,false,DISCOVERY_REQUIRED,DISCOVERY_REQUIRED,GET /debug-db,GET /debug-db,JSON|POSTGRES,JSON|POSTGRES,REAL_SNAPSHOT,REAL_SNAPSHOT,,false,true,false
CAP-ED7AC36DD2F2,Admin Trials,B10_SERVICE_REAL_DATA,SERVICE_REAL_DATA,docs/99-governance/pr-019-capability-discovery-audit/PR019_ACTIVE_CAPABILITY_CATALOG.json,true,false,true,DISCOVERY_REQUIRED,DISCOVERY_REQUIRED,GET /contract/status|POST /auth/register|POST /auth/login|POST /auth/2fa/verify|POST /auth/magic-link|GET /auth/magic-link/verify|POST /auth/forgot|POST /auth/reset|POST /account/activate|GET /account/trial|GET /packages|GET /me/entitlements|POST /payments/checkout|POST /payments/webhook|GET /me/subscription|GET /markets|GET /assets|GET /assets/{asset_id}/decision|GET /assets/{asset_id}/chart|GET /brief/today|GET /me/watchlist|POST /me/watchlist|DELETE /me/watchlist/{asset_id}|GET /me/dashboard|GET /me/alert-prefs|PUT /me/alert-prefs|POST /me/channels/telegram/link|POST /me/channels/telegram/verify|POST /me/channels/email/test|GET /admin/registrations|POST /admin/registrations/{registration_id}/decision|GET /admin/trials|GET /admin/payments|POST /admin/payments/{payment_id}/approve|POST /admin/payments/{payment_id}/reject|GET /admin/layers|GET /admin/health|GET /contract/status|POST /auth/register|POST /auth/login|POST /auth/2fa/verify|POST /auth/magic-link|GET /auth/magic-link/verify|POST /auth/forgot|POST /auth/reset|POST /account/activate|GET /account/trial|GET /packages|GET /me/entitlements|POST /payments/checkout|POST /payments/webhook|GET /me/subscription|GET /markets|GET /assets|GET /assets/{asset_id}/decision|GET /assets/{asset_id}/chart|GET /brief/today|GET /me/watchlist|POST /me/watchlist|DELETE /me/watchlist/{asset_id}|GET /me/dashboard|GET /me/alert-prefs|PUT /me/alert-prefs|POST /me/channels/telegram/link|POST /me/channels/telegram/verify|POST /me/channels/email/test|GET /admin/registrations|POST /admin/registrations/{registration_id}/decision|GET /admin/trials|GET /admin/payments|POST /admin/payments/{payment_id}/approve|POST /admin/payments/{payment_id}/reject|GET /admin/layers|GET /admin/health,GET /contract/status|POST /auth/register|POST /auth/login|POST /auth/2fa/verify|POST /auth/magic-link|GET /auth/magic-link/verify|POST /auth/forgot|POST /auth/reset|POST /account/activate|GET /account/trial|GET /packages|GET /me/entitlements|POST /payments/checkout|POST /payments/webhook|GET /me/subscription|GET /markets|GET /assets|GET /assets/{asset_id}/decision|GET /assets/{asset_id}/chart|GET /brief/today|GET /me/watchlist|POST /me/watchlist|DELETE /me/watchlist/{asset_id}|GET /me/dashboard|GET /me/alert-prefs|PUT /me/alert-prefs|POST /me/channels/telegram/link|POST /me/channels/telegram/verify|POST /me/channels/email/test|GET /admin/registrations|POST /admin/registrations/{registration_id}/decision|GET /admin/trials|GET /admin/payments|POST /admin/payments/{payment_id}/approve|POST /admin/payments/{payment_id}/reject|GET /admin/layers|GET /admin/health|GET /contract/status|POST /auth/register|POST /auth/login|POST /auth/2fa/verify|POST /auth/magic-link|GET /auth/magic-link/verify|POST /auth/forgot|POST /auth/reset|POST /account/activate|GET /account/trial|GET /packages|GET /me/entitlements|POST /payments/checkout|POST /payments/webhook|GET /me/subscription|GET /markets|GET /assets|GET /assets/{asset_id}/decision|GET /assets/{asset_id}/chart|GET /brief/today|GET /me/watchlist|POST /me/watchlist|DELETE /me/watchlist/{asset_id}|GET /me/dashboard|GET /me/alert-prefs|PUT /me/alert-prefs|POST /me/channels/telegram/link|POST /me/channels/telegram/verify|POST /me/channels/email/test|GET /admin/registrations|POST /admin/registrations/{registration_id}/decision|GET /admin/trials|GET /admin/payments|POST /admin/payments/{payment_id}/approve|POST /admin/payments/{payment_id}/reject|GET /admin/layers|GET /admin/health,UNKNOWN,MACHINE_EVIDENCE[REAL_DATA]::docs/99-governance/pr-019-capability-discovery-audit/PR019_ACTIVE_CAPABILITY_CATALOG.json,UNKNOWN,REAL_SNAPSHOT,REAL_DATA,true,true,false
CAP-EDF3F96EC14B,User Operational Compat,B16_SERVICE_ONLY,SERVICE_ONLY,docs/99-governance/pr-019-capability-discovery-audit/PR019_ACTIVE_CAPABILITY_CATALOG.json,true,false,false,DISCOVERY_REQUIRED,DISCOVERY_REQUIRED,POST /api/trial/register,POST /api/trial/register,JSON|POSTGRES,JSON|POSTGRES,REAL_SNAPSHOT,REAL_SNAPSHOT,,false,true,false
CAP-EEA57DDC5CC1,Current User,B19_ENDPOINT_ONLY,ENDPOINT_ONLY,docs/99-governance/pr-019-capability-discovery-audit/PR019_ACTIVE_CAPABILITY_CATALOG.json,false,true,false,ndsp-user-alert-channels.service,ndsp-user-alert-channels.service,DISCOVERY_REQUIRED,DISCOVERY_REQUIRED,JSON,JSON,REAL_SNAPSHOT,REAL_SNAPSHOT,,false,true,false
CAP-EEDDE460DD9C,Health,B15_SERVICE_ONLY,SERVICE_ONLY,docs/99-governance/pr-019-capability-discovery-audit/PR019_ACTIVE_CAPABILITY_CATALOG.json,true,false,false,DISCOVERY_REQUIRED,DISCOVERY_REQUIRED,GET /health,GET /health,JSON,JSON,REAL_SNAPSHOT,REAL_SNAPSHOT,,false,true,false
CAP-EF54BFEEB974,Nmp Lab Engine,B07_SERVICE_ENDPOINT,SERVICE_ENDPOINT,docs/99-governance/pr-019-capability-discovery-audit/PR019_ACTIVE_CAPABILITY_CATALOG.json,true,true,false,DISCOVERY_REQUIRED,DISCOVERY_REQUIRED,DISCOVERY_REQUIRED,DISCOVERY_REQUIRED,CSV|JSON,CSV|JSON,REAL_SNAPSHOT,REAL_SNAPSHOT,,false,true,false
CAP-EF7009376528,User From Jwt,B19_ENDPOINT_ONLY,ENDPOINT_ONLY,docs/99-governance/pr-019-capability-discovery-audit/PR019_ACTIVE_CAPABILITY_CATALOG.json,false,true,false,ndsp-user-alert-channels.service,ndsp-user-alert-channels.service,DISCOVERY_REQUIRED,DISCOVERY_REQUIRED,JSON,JSON,REAL_SNAPSHOT,REAL_SNAPSHOT,,false,true,false
CAP-F055FF631E76,Black Layer Quality Effect From State,B04_SERVICE_ENDPOINT_REAL_DATA,SERVICE_ENDPOINT_REAL_DATA,docs/99-governance/pr-019-capability-discovery-audit/PR019_ACTIVE_CAPABILITY_CATALOG.json,true,true,true,DISCOVERY_REQUIRED,DISCOVERY_REQUIRED,DISCOVERY_REQUIRED,DISCOVERY_REQUIRED,UNKNOWN,MACHINE_EVIDENCE[REAL_DATA]::docs/99-governance/pr-019-capability-discovery-audit/PR019_ACTIVE_CAPABILITY_CATALOG.json,UNKNOWN,REAL_SNAPSHOT,REAL_DATA,true,true,false
CAP-F0AA44F7E81A,Frontend Contract,B11_SERVICE_REAL_DATA,SERVICE_REAL_DATA,docs/99-governance/pr-019-capability-discovery-audit/PR019_ACTIVE_CAPABILITY_CATALOG.json,true,false,true,DISCOVERY_REQUIRED,DISCOVERY_REQUIRED,PUT /me/alert-prefs,PUT /me/alert-prefs,UNKNOWN,MACHINE_EVIDENCE[REAL_DATA]::docs/99-governance/pr-019-capability-discovery-audit/PR019_ACTIVE_CAPABILITY_CATALOG.json,UNKNOWN,REAL_SNAPSHOT,REAL_DATA,true,true,false
CAP-F14BB07445FB,Admin Key Ok,B15_SERVICE_ONLY,SERVICE_ONLY,docs/99-governance/pr-019-capability-discovery-audit/PR019_ACTIVE_CAPABILITY_CATALOG.json,true,false,false,DISCOVERY_REQUIRED,DISCOVERY_REQUIRED,GET /status|POST /update|POST /test|GET /debug-auth|GET /status|POST /update|POST /test|GET /debug-auth,GET /status|POST /update|POST /test|GET /debug-auth|GET /status|POST /update|POST /test|GET /debug-auth,JSON|POSTGRES,JSON|POSTGRES,REAL_SNAPSHOT,REAL_SNAPSHOT,,false,true,false
CAP-F150D0BAA604,Frontend Contract,B11_SERVICE_REAL_DATA,SERVICE_REAL_DATA,docs/99-governance/pr-019-capability-discovery-audit/PR019_ACTIVE_CAPABILITY_CATALOG.json,true,false,true,DISCOVERY_REQUIRED,DISCOVERY_REQUIRED,GET /admin/layers,GET /admin/layers,UNKNOWN,MACHINE_EVIDENCE[REAL_DATA]::docs/99-governance/pr-019-capability-discovery-audit/PR019_ACTIVE_CAPABILITY_CATALOG.json,UNKNOWN,REAL_SNAPSHOT,REAL_DATA,true,true,false
CAP-F197D783C391,User Operational Compat,B17_SERVICE_ONLY,SERVICE_ONLY,docs/99-governance/pr-019-capability-discovery-audit/PR019_ACTIVE_CAPABILITY_CATALOG.json,true,false,false,DISCOVERY_REQUIRED,DISCOVERY_REQUIRED,GET /api/v6/payments/nowpayments/subscription/status,GET /api/v6/payments/nowpayments/subscription/status,JSON|POSTGRES,JSON|POSTGRES,REAL_SNAPSHOT,REAL_SNAPSHOT,,false,true,false
CAP-F19E055AF8D6,User Operational Compat,B17_SERVICE_ONLY,SERVICE_ONLY,docs/99-governance/pr-019-capability-discovery-audit/PR019_ACTIVE_CAPABILITY_CATALOG.json,true,false,false,DISCOVERY_REQUIRED,DISCOVERY_REQUIRED,POST /api/auth/activate,POST /api/auth/activate,JSON|POSTGRES,JSON|POSTGRES,REAL_SNAPSHOT,REAL_SNAPSHOT,,false,true,false
CAP-F1DC3D02D328,Find Users Table,B19_ENDPOINT_ONLY,ENDPOINT_ONLY,docs/99-governance/pr-019-capability-discovery-audit/PR019_ACTIVE_CAPABILITY_CATALOG.json,false,true,false,ndsp-user-alert-channels.service,ndsp-user-alert-channels.service,DISCOVERY_REQUIRED,DISCOVERY_REQUIRED,JSON,JSON,REAL_SNAPSHOT,REAL_SNAPSHOT,,false,true,false
CAP-F2E85E1A728A,Calculate Total Quality,B04_SERVICE_ENDPOINT_REAL_DATA,SERVICE_ENDPOINT_REAL_DATA,docs/99-governance/pr-019-capability-discovery-audit/PR019_ACTIVE_CAPABILITY_CATALOG.json,true,true,true,DISCOVERY_REQUIRED,DISCOVERY_REQUIRED,DISCOVERY_REQUIRED,DISCOVERY_REQUIRED,UNKNOWN,MACHINE_EVIDENCE[REAL_DATA]::docs/99-governance/pr-019-capability-discovery-audit/PR019_ACTIVE_CAPABILITY_CATALOG.json,UNKNOWN,REAL_SNAPSHOT,REAL_DATA,true,true,false
CAP-F402D935EFF7,Frontend Contract,B11_SERVICE_REAL_DATA,SERVICE_REAL_DATA,docs/99-governance/pr-019-capability-discovery-audit/PR019_ACTIVE_CAPABILITY_CATALOG.json,true,false,true,DISCOVERY_REQUIRED,DISCOVERY_REQUIRED,GET /admin/payments,GET /admin/payments,UNKNOWN,MACHINE_EVIDENCE[REAL_DATA]::docs/99-governance/pr-019-capability-discovery-audit/PR019_ACTIVE_CAPABILITY_CATALOG.json,UNKNOWN,REAL_SNAPSHOT,REAL_DATA,true,true,false
CAP-F4B0061B6EC3,Version,B15_SERVICE_ONLY,SERVICE_ONLY,docs/99-governance/pr-019-capability-discovery-audit/PR019_ACTIVE_CAPABILITY_CATALOG.json,true,false,false,DISCOVERY_REQUIRED,DISCOVERY_REQUIRED,GET /version,GET /version,JSON,JSON,REAL_SNAPSHOT,REAL_SNAPSHOT,,false,true,false
CAP-F54EAA1EFDDA,Admin Key Ok,B15_SERVICE_ONLY,SERVICE_ONLY,docs/99-governance/pr-019-capability-discovery-audit/PR019_ACTIVE_CAPABILITY_CATALOG.json,true,false,false,DISCOVERY_REQUIRED,DISCOVERY_REQUIRED,GET /status|POST /update|POST /test|GET /status|POST /update|POST /test,GET /status|POST /update|POST /test|GET /status|POST /update|POST /test,JSON|POSTGRES,JSON|POSTGRES,REAL_SNAPSHOT,REAL_SNAPSHOT,,false,true,false
CAP-F5C7F3807EC2,Canonical Decision Text,B08_SERVICE_ENDPOINT,SERVICE_ENDPOINT,docs/99-governance/pr-019-capability-discovery-audit/PR019_ACTIVE_CAPABILITY_CATALOG.json,true,true,false,DISCOVERY_REQUIRED,DISCOVERY_REQUIRED,DISCOVERY_REQUIRED,DISCOVERY_REQUIRED,HTTP_API|JSON,HTTP_API|JSON,REAL_LIVE,REAL_LIVE,,false,true,false
CAP-F5C8984FC6A0,About,B15_SERVICE_ONLY,SERVICE_ONLY,docs/99-governance/pr-019-capability-discovery-audit/PR019_ACTIVE_CAPABILITY_CATALOG.json,true,false,false,DISCOVERY_REQUIRED,DISCOVERY_REQUIRED,GET /about,GET /about,JSON,JSON,REAL_SNAPSHOT,REAL_SNAPSHOT,,false,true,false
CAP-F5E96763B830,Debug Auth,B15_SERVICE_ONLY,SERVICE_ONLY,docs/99-governance/pr-019-capability-discovery-audit/PR019_ACTIVE_CAPABILITY_CATALOG.json,true,false,false,DISCOVERY_REQUIRED,DISCOVERY_REQUIRED,GET /status|POST /update|POST /test|GET /debug-auth|GET /status|POST /update|POST /test|GET /debug-auth,GET /status|POST /update|POST /test|GET /debug-auth|GET /status|POST /update|POST /test|GET /debug-auth,JSON|POSTGRES,JSON|POSTGRES,REAL_SNAPSHOT,REAL_SNAPSHOT,,false,true,false
CAP-F6B5F7A0A680,Frontend Fields Api,B11_SERVICE_REAL_DATA,SERVICE_REAL_DATA,docs/99-governance/pr-019-capability-discovery-audit/PR019_ACTIVE_CAPABILITY_CATALOG.json,true,false,true,DISCOVERY_REQUIRED,DISCOVERY_REQUIRED,GET /api/ndsp/frontend-fields/probe,GET /api/ndsp/frontend-fields/probe,UNKNOWN,MACHINE_EVIDENCE[REAL_DATA]::docs/99-governance/pr-019-capability-discovery-audit/PR019_ACTIVE_CAPABILITY_CATALOG.json,REAL_LIVE,REAL_LIVE,REAL_DATA,true,true,false
CAP-F73757D671A4,Ndsp Auth Core Clean,B13_ENDPOINT_REAL_DATA,ENDPOINT_REAL_DATA,docs/99-governance/pr-019-capability-discovery-audit/PR019_ACTIVE_CAPABILITY_CATALOG.json,false,true,true,ndsp-auth-core-clean.service,ndsp-auth-core-clean.service,DISCOVERY_REQUIRED,DISCOVERY_REQUIRED,UNKNOWN,MACHINE_EVIDENCE[REAL_DATA]::docs/99-governance/pr-019-capability-discovery-audit/PR019_ACTIVE_CAPABILITY_CATALOG.json,UNKNOWN,REAL_SNAPSHOT,REAL_DATA,true,true,false
CAP-F7E8B7536496,Ndsp Restore Governance Keys,B07_SERVICE_ENDPOINT,SERVICE_ENDPOINT,docs/99-governance/pr-019-capability-discovery-audit/PR019_ACTIVE_CAPABILITY_CATALOG.json,true,true,false,DISCOVERY_REQUIRED,DISCOVERY_REQUIRED,DISCOVERY_REQUIRED,DISCOVERY_REQUIRED,JSON,JSON,REAL_SNAPSHOT,REAL_SNAPSHOT,,false,true,false
CAP-F8B1EB888DF2,L11 Usd Macro Filter,B04_SERVICE_ENDPOINT_REAL_DATA,SERVICE_ENDPOINT_REAL_DATA,docs/99-governance/pr-019-capability-discovery-audit/PR019_ACTIVE_CAPABILITY_CATALOG.json,true,true,true,DISCOVERY_REQUIRED,DISCOVERY_REQUIRED,DISCOVERY_REQUIRED,DISCOVERY_REQUIRED,UNKNOWN,MACHINE_EVIDENCE[REAL_DATA]::docs/99-governance/pr-019-capability-discovery-audit/PR019_ACTIVE_CAPABILITY_CATALOG.json,UNKNOWN,REAL_SNAPSHOT,REAL_DATA,true,true,false
CAP-F8EDAA44375A,Markets,B10_SERVICE_REAL_DATA,SERVICE_REAL_DATA,docs/99-governance/pr-019-capability-discovery-audit/PR019_ACTIVE_CAPABILITY_CATALOG.json,true,false,true,DISCOVERY_REQUIRED,DISCOVERY_REQUIRED,GET /contract/status|POST /auth/register|POST /auth/login|POST /auth/2fa/verify|POST /auth/magic-link|GET /auth/magic-link/verify|POST /auth/forgot|POST /auth/reset|POST /account/activate|GET /account/trial|GET /packages|GET /me/entitlements|POST /payments/checkout|POST /payments/webhook|GET /me/subscription|GET /markets|GET /assets|GET /assets/{asset_id}/decision|GET /assets/{asset_id}/chart|GET /brief/today|GET /me/watchlist|POST /me/watchlist|DELETE /me/watchlist/{asset_id}|GET /me/dashboard|GET /me/alert-prefs|PUT /me/alert-prefs|POST /me/channels/telegram/link|POST /me/channels/telegram/verify|POST /me/channels/email/test|GET /admin/registrations|POST /admin/registrations/{registration_id}/decision|GET /admin/trials|GET /admin/payments|POST /admin/payments/{payment_id}/approve|POST /admin/payments/{payment_id}/reject|GET /admin/layers|GET /admin/health|GET /contract/status|POST /auth/register|POST /auth/login|POST /auth/2fa/verify|POST /auth/magic-link|GET /auth/magic-link/verify|POST /auth/forgot|POST /auth/reset|POST /account/activate|GET /account/trial|GET /packages|GET /me/entitlements|POST /payments/checkout|POST /payments/webhook|GET /me/subscription|GET /markets|GET /assets|GET /assets/{asset_id}/decision|GET /assets/{asset_id}/chart|GET /brief/today|GET /me/watchlist|POST /me/watchlist|DELETE /me/watchlist/{asset_id}|GET /me/dashboard|GET /me/alert-prefs|PUT /me/alert-prefs|POST /me/channels/telegram/link|POST /me/channels/telegram/verify|POST /me/channels/email/test|GET /admin/registrations|POST /admin/registrations/{registration_id}/decision|GET /admin/trials|GET /admin/payments|POST /admin/payments/{payment_id}/approve|POST /admin/payments/{payment_id}/reject|GET /admin/layers|GET /admin/health,GET /contract/status|POST /auth/register|POST /auth/login|POST /auth/2fa/verify|POST /auth/magic-link|GET /auth/magic-link/verify|POST /auth/forgot|POST /auth/reset|POST /account/activate|GET /account/trial|GET /packages|GET /me/entitlements|POST /payments/checkout|POST /payments/webhook|GET /me/subscription|GET /markets|GET /assets|GET /assets/{asset_id}/decision|GET /assets/{asset_id}/chart|GET /brief/today|GET /me/watchlist|POST /me/watchlist|DELETE /me/watchlist/{asset_id}|GET /me/dashboard|GET /me/alert-prefs|PUT /me/alert-prefs|POST /me/channels/telegram/link|POST /me/channels/telegram/verify|POST /me/channels/email/test|GET /admin/registrations|POST /admin/registrations/{registration_id}/decision|GET /admin/trials|GET /admin/payments|POST /admin/payments/{payment_id}/approve|POST /admin/payments/{payment_id}/reject|GET /admin/layers|GET /admin/health|GET /contract/status|POST /auth/register|POST /auth/login|POST /auth/2fa/verify|POST /auth/magic-link|GET /auth/magic-link/verify|POST /auth/forgot|POST /auth/reset|POST /account/activate|GET /account/trial|GET /packages|GET /me/entitlements|POST /payments/checkout|POST /payments/webhook|GET /me/subscription|GET /markets|GET /assets|GET /assets/{asset_id}/decision|GET /assets/{asset_id}/chart|GET /brief/today|GET /me/watchlist|POST /me/watchlist|DELETE /me/watchlist/{asset_id}|GET /me/dashboard|GET /me/alert-prefs|PUT /me/alert-prefs|POST /me/channels/telegram/link|POST /me/channels/telegram/verify|POST /me/channels/email/test|GET /admin/registrations|POST /admin/registrations/{registration_id}/decision|GET /admin/trials|GET /admin/payments|POST /admin/payments/{payment_id}/approve|POST /admin/payments/{payment_id}/reject|GET /admin/layers|GET /admin/health,UNKNOWN,MACHINE_EVIDENCE[REAL_DATA]::docs/99-governance/pr-019-capability-discovery-audit/PR019_ACTIVE_CAPABILITY_CATALOG.json,UNKNOWN,REAL_SNAPSHOT,REAL_DATA,true,true,false
CAP-FA2F2A8AA5C9,Ndsp V3 Portal Gateway,B13_ENDPOINT_REAL_DATA,ENDPOINT_REAL_DATA,docs/99-governance/pr-019-capability-discovery-audit/PR019_ACTIVE_CAPABILITY_CATALOG.json,false,true,true,ndsp-v3-portal-gateway.service,ndsp-v3-portal-gateway.service,DISCOVERY_REQUIRED,DISCOVERY_REQUIRED,UNKNOWN,MACHINE_EVIDENCE[REAL_DATA]::docs/99-governance/pr-019-capability-discovery-audit/PR019_ACTIVE_CAPABILITY_CATALOG.json,UNKNOWN,REAL_SNAPSHOT,REAL_DATA,true,true,false
CAP-FA44BA71A8B0,Frontend Contract,B11_SERVICE_REAL_DATA,SERVICE_REAL_DATA,docs/99-governance/pr-019-capability-discovery-audit/PR019_ACTIVE_CAPABILITY_CATALOG.json,true,false,true,DISCOVERY_REQUIRED,DISCOVERY_REQUIRED,GET /assets/{asset_id}/chart,GET /assets/{asset_id}/chart,UNKNOWN,MACHINE_EVIDENCE[REAL_DATA]::docs/99-governance/pr-019-capability-discovery-audit/PR019_ACTIVE_CAPABILITY_CATALOG.json,UNKNOWN,REAL_SNAPSHOT,REAL_DATA,true,true,false
CAP-FAAE9703FE61,User Operational Compat,B17_SERVICE_ONLY,SERVICE_ONLY,docs/99-governance/pr-019-capability-discovery-audit/PR019_ACTIVE_CAPABILITY_CATALOG.json,true,false,false,DISCOVERY_REQUIRED,DISCOVERY_REQUIRED,GET /api/user/alert-preferences,GET /api/user/alert-preferences,JSON|POSTGRES,JSON|POSTGRES,REAL_SNAPSHOT,REAL_SNAPSHOT,,false,true,false
CAP-FABD911344A4,Sync Admin Users Json Safe,B19_ENDPOINT_ONLY,ENDPOINT_ONLY,docs/99-governance/pr-019-capability-discovery-audit/PR019_ACTIVE_CAPABILITY_CATALOG.json,false,true,false,ndsp-trial-register.service,ndsp-trial-register.service,DISCOVERY_REQUIRED,DISCOVERY_REQUIRED,JSON|POSTGRES,JSON|POSTGRES,REAL_SNAPSHOT,REAL_SNAPSHOT,,false,true,false
CAP-FB4432B956FA,Decision Trace Attributes,B04_SERVICE_ENDPOINT_REAL_DATA,SERVICE_ENDPOINT_REAL_DATA,docs/99-governance/pr-019-capability-discovery-audit/PR019_ACTIVE_CAPABILITY_CATALOG.json,true,true,true,DISCOVERY_REQUIRED,DISCOVERY_REQUIRED,DISCOVERY_REQUIRED,DISCOVERY_REQUIRED,UNKNOWN,MACHINE_EVIDENCE[REAL_DATA]::docs/99-governance/pr-019-capability-discovery-audit/PR019_ACTIVE_CAPABILITY_CATALOG.json,UNKNOWN,REAL_SNAPSHOT,REAL_DATA,true,true,false
CAP-FBE70B1294BC,Telegram Routing Admin,B15_SERVICE_ONLY,SERVICE_ONLY,docs/99-governance/pr-019-capability-discovery-audit/PR019_ACTIVE_CAPABILITY_CATALOG.json,true,false,false,DISCOVERY_REQUIRED,DISCOVERY_REQUIRED,POST /update,POST /update,JSON|POSTGRES,JSON|POSTGRES,REAL_SNAPSHOT,REAL_SNAPSHOT,,false,true,false
CAP-FC41FDD8C092,Create Trial Guard,B04_SERVICE_ENDPOINT_REAL_DATA,SERVICE_ENDPOINT_REAL_DATA,docs/99-governance/pr-019-capability-discovery-audit/PR019_ACTIVE_CAPABILITY_CATALOG.json,true,true,true,DISCOVERY_REQUIRED,DISCOVERY_REQUIRED,DISCOVERY_REQUIRED,DISCOVERY_REQUIRED,UNKNOWN,MACHINE_EVIDENCE[REAL_DATA]::docs/99-governance/pr-019-capability-discovery-audit/PR019_ACTIVE_CAPABILITY_CATALOG.json,UNKNOWN,REAL_SNAPSHOT,REAL_DATA,true,true,false
CAP-FF04A3FFA67C,Decision From Entry,B05_SERVICE_ENDPOINT_REAL_DATA,SERVICE_ENDPOINT_REAL_DATA,docs/99-governance/pr-019-capability-discovery-audit/PR019_ACTIVE_CAPABILITY_CATALOG.json,true,true,true,DISCOVERY_REQUIRED,DISCOVERY_REQUIRED,DISCOVERY_REQUIRED,DISCOVERY_REQUIRED,UNKNOWN,MACHINE_EVIDENCE[REAL_DATA]::docs/99-governance/pr-019-capability-discovery-audit/PR019_ACTIVE_CAPABILITY_CATALOG.json,UNKNOWN,REAL_SNAPSHOT,REAL_DATA,true,true,false
