ID	Category	Classification	SourcePath	SourceFile	SourceLines	SHA256	Snippet	Notes
EVD-967a464585fd	INTEGRATION_DISCOVERY	INFERRED_FROM_SOURCE	.env.delivery.example	.env.delivery.example	3	4014c49c34e57fdba51d280ccb227778ce4ff3eb94db3fbc4af638deb7ab510d	# Telegram	Candidate evidence only; manual verification required.
EVD-2e5c373197e5	INTEGRATION_DISCOVERY	INFERRED_FROM_SOURCE	.env.delivery.example	.env.delivery.example	4	4014c49c34e57fdba51d280ccb227778ce4ff3eb94db3fbc4af638deb7ab510d	NDSP_TELEGRAM_ENABLED=false	Candidate evidence only; manual verification required.
EVD-43c1fd71a378	INTEGRATION_DISCOVERY	INFERRED_FROM_SOURCE	.env.delivery.example	.env.delivery.example	5	4014c49c34e57fdba51d280ccb227778ce4ff3eb94db3fbc4af638deb7ab510d	TELEGRAM_BOT_TOKEN=REDACTED	Candidate evidence only; manual verification required.
EVD-1be1b7db7eb2	INTEGRATION_DISCOVERY	INFERRED_FROM_SOURCE	.env.delivery.example	.env.delivery.example	6	4014c49c34e57fdba51d280ccb227778ce4ff3eb94db3fbc4af638deb7ab510d	TELEGRAM_CHAT_ID=	Candidate evidence only; manual verification required.
EVD-7ab8add32593	INTEGRATION_DISCOVERY	INFERRED_FROM_SOURCE	.env.delivery.example	.env.delivery.example	8	4014c49c34e57fdba51d280ccb227778ce4ff3eb94db3fbc4af638deb7ab510d	# Email SMTP	Candidate evidence only; manual verification required.
EVD-8ebd98973827	INTEGRATION_DISCOVERY	INFERRED_FROM_SOURCE	.env.delivery.example	.env.delivery.example	9	4014c49c34e57fdba51d280ccb227778ce4ff3eb94db3fbc4af638deb7ab510d	NDSP_EMAIL_ENABLED=false	Candidate evidence only; manual verification required.
EVD-30fb4d956989	INTEGRATION_DISCOVERY	INFERRED_FROM_SOURCE	.env.delivery.example	.env.delivery.example	10	4014c49c34e57fdba51d280ccb227778ce4ff3eb94db3fbc4af638deb7ab510d	SMTP_HOST=	Candidate evidence only; manual verification required.
EVD-824a6700a5ab	INTEGRATION_DISCOVERY	INFERRED_FROM_SOURCE	.env.delivery.example	.env.delivery.example	11	4014c49c34e57fdba51d280ccb227778ce4ff3eb94db3fbc4af638deb7ab510d	SMTP_PORT=587	Candidate evidence only; manual verification required.
EVD-e50e9d507d44	INTEGRATION_DISCOVERY	INFERRED_FROM_SOURCE	.env.delivery.example	.env.delivery.example	12	4014c49c34e57fdba51d280ccb227778ce4ff3eb94db3fbc4af638deb7ab510d	SMTP_USER=	Candidate evidence only; manual verification required.
EVD-fcc498aa133a	INTEGRATION_DISCOVERY	INFERRED_FROM_SOURCE	.env.delivery.example	.env.delivery.example	13	4014c49c34e57fdba51d280ccb227778ce4ff3eb94db3fbc4af638deb7ab510d	SMTP_PASSWORD=REDACTED	Candidate evidence only; manual verification required.
EVD-897532792d8e	INTEGRATION_DISCOVERY	INFERRED_FROM_SOURCE	.env.delivery.example	.env.delivery.example	14	4014c49c34e57fdba51d280ccb227778ce4ff3eb94db3fbc4af638deb7ab510d	SMTP_FROM=	Candidate evidence only; manual verification required.
EVD-8b70bbc514bf	INTEGRATION_DISCOVERY	INFERRED_FROM_SOURCE	.env.delivery.example	.env.delivery.example	15	4014c49c34e57fdba51d280ccb227778ce4ff3eb94db3fbc4af638deb7ab510d	SMTP_TO=	Candidate evidence only; manual verification required.
EVD-5f6fcce10f91	INTEGRATION_DISCOVERY	INFERRED_FROM_SOURCE	.env.delivery.example	.env.delivery.example	17	4014c49c34e57fdba51d280ccb227778ce4ff3eb94db3fbc4af638deb7ab510d	# Push webhook	Candidate evidence only; manual verification required.
EVD-0e97d3ecb6ab	INTEGRATION_DISCOVERY	INFERRED_FROM_SOURCE	.env.delivery.example	.env.delivery.example	19	4014c49c34e57fdba51d280ccb227778ce4ff3eb94db3fbc4af638deb7ab510d	NDSP_PUSH_WEBHOOK_URL=	Candidate evidence only; manual verification required.
EVD-89a6f737ccca	INTEGRATION_DISCOVERY	INFERRED_FROM_SOURCE	apps/admin-console/NDSP_Admin_Console.html	NDSP_Admin_Console.html	200	fc9c20b3222082bc132b6e4ab02b1305e23918b455e37b36829ec1c28b3a6c49	"<div class=""navitem"" data-v=""payments""><span class=""ic"">₪</span><span data-i=""nPayments"">المدفوعات</span><span class=""bdg"" id=""payCount"">3</span></div>"	Candidate evidence only; manual verification required.
EVD-3817544d019b	INTEGRATION_DISCOVERY	INFERRED_FROM_SOURCE	apps/admin-console/NDSP_Admin_Console.html	NDSP_Admin_Console.html	272	fc9c20b3222082bc132b6e4ab02b1305e23918b455e37b36829ec1c28b3a6c49	"""Registration Review"":""مراجعة التسجيل"",""BUSINESS"":""الأعمال"",""Packages"":""الباقات"",""Payments"":""المدفوعات"","	Candidate evidence only; manual verification required.
EVD-45d1359d9081	INTEGRATION_DISCOVERY	INFERRED_FROM_SOURCE	apps/admin-console/NDSP_Admin_Console.html	NDSP_Admin_Console.html	274	fc9c20b3222082bc132b6e4ab02b1305e23918b455e37b36829ec1c28b3a6c49	"""Alerts & Config"":""التنبيهات والإعدادات"",""Email"":""البريد"",""Telegram"":""تيليجرام"",""Health"":""الصحة التشغيلية"",""Reports"":""التقارير"","	Candidate evidence only; manual verification required.
EVD-28e27df14b21	INTEGRATION_DISCOVERY	INFERRED_FROM_SOURCE	apps/admin-console/NDSP_Admin_Console.html	NDSP_Admin_Console.html	368	fc9c20b3222082bc132b6e4ab02b1305e23918b455e37b36829ec1c28b3a6c49	"[""Overview"",""Users"",""Trials"",""Registration Review"",""Packages"",""Payments"",""Layer Governance"",""NMP Research Lab"",""Health"",""Reports"",""Backups"",""نظرة عامة"",""المستخدمون"",""التجارب"",""الباقات"",""المدفوعات""].forEach(function(x){"	Candidate evidence only; manual verification required.
EVD-2a89b25ea03d	INTEGRATION_DISCOVERY	INFERRED_FROM_SOURCE	apps/admin-console/NDSP_Admin_Console.html	NDSP_Admin_Console.html	857	fc9c20b3222082bc132b6e4ab02b1305e23918b455e37b36829ec1c28b3a6c49	<!-- ===== PAYMENTS ===== -->	Candidate evidence only; manual verification required.
EVD-cde399490646	INTEGRATION_DISCOVERY	INFERRED_FROM_SOURCE	apps/admin-console/NDSP_Admin_Console.html	NDSP_Admin_Console.html	858	fc9c20b3222082bc132b6e4ab02b1305e23918b455e37b36829ec1c28b3a6c49	"<section class=""view"" data-view=""payments"">"	Candidate evidence only; manual verification required.
EVD-19ab1c46dbff	INTEGRATION_DISCOVERY	INFERRED_FROM_SOURCE	apps/admin-console/NDSP_Admin_Console.html	NDSP_Admin_Console.html	937	fc9c20b3222082bc132b6e4ab02b1305e23918b455e37b36829ec1c28b3a6c49	"<div class=""muted-note"" data-i=""payNote""><b>الحوكمة:</b> منطق الدفع في الخادم. لا تفعيل تلقائي بلا اعتماد. بيانات تشغيل محمية البوابة (NOWPayments) لا تُعرض إطلاقًا.</div>"	Candidate evidence only; manual verification required.
EVD-586e15a8988a	INTEGRATION_DISCOVERY	INFERRED_FROM_SOURCE	apps/admin-console/NDSP_Admin_Console.html	NDSP_Admin_Console.html	1065	fc9c20b3222082bc132b6e4ab02b1305e23918b455e37b36829ec1c28b3a6c49	"<div class=""muted-note"" data-i=""cfgNote""><b>الحوكمة:</b> تُعرض الحالة (مُعدّ / غير مُعدّ) وآخر اختبار فقط. الرمز قناة محميات والبيانات تشغيل محمية (بوت تيليجرام، SMTP، البوابة) لا تُعرض أبدًا.</div>"	Candidate evidence only; manual verification required.
EVD-fed3c3af3e7f	INTEGRATION_DISCOVERY	INFERRED_FROM_SOURCE	apps/admin-console/NDSP_Admin_Console.html	NDSP_Admin_Console.html	1275	fc9c20b3222082bc132b6e4ab02b1305e23918b455e37b36829ec1c28b3a6c49	"nOverview:""نظرة عامة"",nUsers:""المستخدمون"",nTrials:""التجارب"",nReview:""مراجعة التسجيل"",nPackages:""الباقات"",nPayments:""المدفوعات"","	Candidate evidence only; manual verification required.
EVD-a1f2acd86d65	INTEGRATION_DISCOVERY	INFERRED_FROM_SOURCE	apps/admin-console/NDSP_Admin_Console.html	NDSP_Admin_Console.html	1294	fc9c20b3222082bc132b6e4ab02b1305e23918b455e37b36829ec1c28b3a6c49	"payQueue:""المدفوعات والاشتراكات"",payNote:""<b>الحوكمة:</b> منطق الدفع في الخادم. لا تفعيل تلقائي بلا اعتماد. بيانات تشغيل محمية البوابة (NOWPayments) لا تُعرض إطلاقًا."","	Candidate evidence only; manual verification required.
EVD-6592553fac70	INTEGRATION_DISCOVERY	INFERRED_FROM_SOURCE	apps/admin-console/NDSP_Admin_Console.html	NDSP_Admin_Console.html	1299	fc9c20b3222082bc132b6e4ab02b1305e23918b455e37b36829ec1c28b3a6c49	"integrations:""قنوات التنبيه والإعدادات"",cfgNote:""<b>الحوكمة:</b> تُعرض الحالة (مُعدّ / غير مُعدّ) وآخر اختبار فقط. الرمز قناة محميات والبيانات تشغيل محمية (بوت تيليجرام، SMTP، البوابة) لا تُعرض أبدًا."","	Candidate evidence only; manual verification required.
EVD-6137206fc66e	INTEGRATION_DISCOVERY	INFERRED_FROM_SOURCE	apps/admin-console/NDSP_Admin_Console.html	NDSP_Admin_Console.html	1306	fc9c20b3222082bc132b6e4ab02b1305e23918b455e37b36829ec1c28b3a6c49	"titles:{overview:[""نظرة عامة"",""مركز عمليات DSP — لوحة الحوكمة والتشغيل""],users:[""المستخدمون"",""إدارة الحسابات والباقات وأوضاع اللوحة""],trials:[""التجارب"",""متابعة تجارب الـ١٦ يومًا ونية الترقية""],review:[""مراجعة التسجيل"",""قرارات مكافحة الإساءة والمراجعة اليدوية""],packages:[""الباقات"",""حدود الباقات المفروضة من الخادم""],payments:[""المدفوعات"",""حالات الاشتراك والاعتماد اليدوي""],layers:[""حوكمة الطبقات"",""١٦ طبقة · ٤ ظاهرة · ١٢ محميّة""],markets:[""الأسواق والأصول"",""حالة المحرّك ومصدر البيانات والتدقيق""],alerts:[""التنبيهات والإعدادات"",""حالة القنوات — البيانات تشغيل محمية مقنّعة دائمًا""],health:[""الصحة والن"	Candidate evidence only; manual verification required.
EVD-4fe7086658db	INTEGRATION_DISCOVERY	INFERRED_FROM_SOURCE	apps/admin-console/NDSP_Admin_Console.html	NDSP_Admin_Console.html	1310	fc9c20b3222082bc132b6e4ab02b1305e23918b455e37b36829ec1c28b3a6c49	"nOverview:""Overview"",nUsers:""Users"",nTrials:""Trials"",nReview:""Registration Review"",nPackages:""Packages"",nPayments:""Payments"","	Candidate evidence only; manual verification required.
EVD-179875c541fa	INTEGRATION_DISCOVERY	INFERRED_FROM_SOURCE	apps/admin-console/NDSP_Admin_Console.html	NDSP_Admin_Console.html	1313	fc9c20b3222082bc132b6e4ab02b1305e23918b455e37b36829ec1c28b3a6c49	"kActive:""Active users"",kWeek:""this week"",kTrial:""Trial seats"",kSeatsLeft:""10 seats remaining"",kPending:""Pending payments"",kNeedReview:""need review"",kHealth:""System health"",kUptime:""last 30 days"","	Candidate evidence only; manual verification required.
EVD-d6644701305b	INTEGRATION_DISCOVERY	INFERRED_FROM_SOURCE	apps/admin-console/NDSP_Admin_Console.html	NDSP_Admin_Console.html	1324	fc9c20b3222082bc132b6e4ab02b1305e23918b455e37b36829ec1c28b3a6c49	"ufAll:""All"",ufTrial:""Trial"",ufPaid:""Paid"",userSearch:""Search by name or email…"","	Candidate evidence only; manual verification required.
EVD-2aa9020127c7	INTEGRATION_DISCOVERY	INFERRED_FROM_SOURCE	apps/admin-console/NDSP_Admin_Console.html	NDSP_Admin_Console.html	1329	fc9c20b3222082bc132b6e4ab02b1305e23918b455e37b36829ec1c28b3a6c49	"payQueue:""Payments & Subscriptions"",payNote:""<b>Governance:</b> Payment logic stays server-side. No auto-activation without approval. Gateway protecteds (NOWPayments) never shown."","	Candidate evidence only; manual verification required.
EVD-f47bb9b85f01	INTEGRATION_DISCOVERY	INFERRED_FROM_SOURCE	apps/admin-console/NDSP_Admin_Console.html	NDSP_Admin_Console.html	1334	fc9c20b3222082bc132b6e4ab02b1305e23918b455e37b36829ec1c28b3a6c49	"integrations:""Alert Channels & Config"",cfgNote:""<b>Governance:</b> Only state (configured / not) and last test shown. Protected credentials & protecteds (Telegram bot, SMTP, gateway) are never shown."","	Candidate evidence only; manual verification required.
EVD-6bbb4bdc34a8	INTEGRATION_DISCOVERY	INFERRED_FROM_SOURCE	apps/admin-console/NDSP_Admin_Console.html	NDSP_Admin_Console.html	1341	fc9c20b3222082bc132b6e4ab02b1305e23918b455e37b36829ec1c28b3a6c49	"titles:{overview:[""Overview"",""DSP Operations Center — governance & operations""],users:[""Users"",""Manage accounts, packages and dashboard modes""],trials:[""Trials"",""Track 16-day trials and upgrade intent""],review:[""Registration Review"",""Anti-abuse decisions and manual review""],packages:[""Packages"",""Server-enforced package limits""],payments:[""Payments"",""Subscription states and manual approval""],layers:[""Layer Governance"",""16 layers · 4 visible · 12 protected""],markets:[""Markets & Assets"",""Engine, data source and audit status""],alerts:[""Alerts & Config"",""Channel status — protecteds always masked""],"	Candidate evidence only; manual verification required.
EVD-417cce482f8b	INTEGRATION_DISCOVERY	INFERRED_FROM_SOURCE	apps/admin-console/NDSP_Admin_Console.html	NDSP_Admin_Console.html	1357	fc9c20b3222082bc132b6e4ab02b1305e23918b455e37b36829ec1c28b3a6c49	"[[""تنبيهات"",""Alerts""],[""تنبيه واحد"",""1 alert""],[""أساسي"",""Basic""],[""تيليجرام"",""Telegram""],[""متعدد"",""Multi""]],"	Candidate evidence only; manual verification required.
EVD-a5094f5784d4	INTEGRATION_DISCOVERY	INFERRED_FROM_SOURCE	apps/admin-console/NDSP_Admin_Console.html	NDSP_Admin_Console.html	1359	fc9c20b3222082bc132b6e4ab02b1305e23918b455e37b36829ec1c28b3a6c49	"[[""Webhooks"",""Webhooks""],[""لا"",""No""],[""لا"",""No""],[""لا"",""No""],[""نعم"",""Yes""]],"	Candidate evidence only; manual verification required.
EVD-b349a57da61b	INTEGRATION_DISCOVERY	INFERRED_FROM_SOURCE	apps/admin-console/NDSP_Admin_Operations_Center.html	NDSP_Admin_Operations_Center.html	77	d75d3c39fadc28ded22dbe077fcfe7c088508b164bb851fa4fe367a5aa8a2169	"<a href=""#payments"">المدفوعات</a>"	Candidate evidence only; manual verification required.
EVD-3b9a514d7676	INTEGRATION_DISCOVERY	INFERRED_FROM_SOURCE	apps/admin-console/NDSP_Admin_Operations_Center.html	NDSP_Admin_Operations_Center.html	102	d75d3c39fadc28ded22dbe077fcfe7c088508b164bb851fa4fe367a5aa8a2169	"<div class=""card""><h2>حالة النظام</h2><div class=""metric"" style=""color:var(--green)"">OK</div><div class=""label"">API · Email · Frontend</div></div>"	Candidate evidence only; manual verification required.
EVD-4709efe50685	INTEGRATION_DISCOVERY	INFERRED_FROM_SOURCE	apps/admin-console/NDSP_Admin_Operations_Center.html	NDSP_Admin_Operations_Center.html	146	d75d3c39fadc28ded22dbe077fcfe7c088508b164bb851fa4fe367a5aa8a2169	"<section id=""payments"" class=""section card"">"	Candidate evidence only; manual verification required.
EVD-f1d635085a92	INTEGRATION_DISCOVERY	INFERRED_FROM_SOURCE	apps/admin-console/NDSP_Admin_Operations_Center.html	NDSP_Admin_Operations_Center.html	159	d75d3c39fadc28ded22dbe077fcfe7c088508b164bb851fa4fe367a5aa8a2169	"<div class=""item""><span>Email</span><b style=""color:var(--green)"">OK</b></div>"	Candidate evidence only; manual verification required.
EVD-175880dbf867	INTEGRATION_DISCOVERY	INFERRED_FROM_SOURCE	apps/admin-console/NDSP_Admin_Operations_Center.html	NDSP_Admin_Operations_Center.html	160	d75d3c39fadc28ded22dbe077fcfe7c088508b164bb851fa4fe367a5aa8a2169	"<div class=""item""><span>Telegram</span><b style=""color:var(--green)"">OK</b></div>"	Candidate evidence only; manual verification required.
EVD-b37b75b7d265	INTEGRATION_DISCOVERY	INFERRED_FROM_SOURCE	apps/admin-console/NDSP_Admin_Operations_Center.html	NDSP_Admin_Operations_Center.html	164	d75d3c39fadc28ded22dbe077fcfe7c088508b164bb851fa4fe367a5aa8a2169	"<div class=""card""><h2>حماية الأسرار</h2><div class=""safe"">لا يتم عرض أي مفاتيح API أو رموز Telegram أو كلمات مرور SMTP أو روابط قواعد بيانات داخل الواجهة.</div></div>"	Candidate evidence only; manual verification required.
EVD-63dda8d60c71	INTEGRATION_DISCOVERY	INFERRED_FROM_SOURCE	apps/admin-console/NDSP_Design_System.html	NDSP_Design_System.html	294	1bb4620782bbd017e39655ed01129a2acc368e9c79addf98e42aa6e8dc2a1049	"""Registration Review"":""مراجعة التسجيل"",""BUSINESS"":""الأعمال"",""Packages"":""الباقات"",""Payments"":""المدفوعات"","	Candidate evidence only; manual verification required.
EVD-63936b3e921c	INTEGRATION_DISCOVERY	INFERRED_FROM_SOURCE	apps/admin-console/NDSP_Design_System.html	NDSP_Design_System.html	296	1bb4620782bbd017e39655ed01129a2acc368e9c79addf98e42aa6e8dc2a1049	"""Alerts & Config"":""التنبيهات والإعدادات"",""Email"":""البريد"",""Telegram"":""تيليجرام"",""Health"":""الصحة التشغيلية"",""Reports"":""التقارير"","	Candidate evidence only; manual verification required.
EVD-9baef64810a2	INTEGRATION_DISCOVERY	INFERRED_FROM_SOURCE	apps/admin-console/NDSP_Design_System.html	NDSP_Design_System.html	390	1bb4620782bbd017e39655ed01129a2acc368e9c79addf98e42aa6e8dc2a1049	"[""Overview"",""Users"",""Trials"",""Registration Review"",""Packages"",""Payments"",""Layer Governance"",""NMP Research Lab"",""Health"",""Reports"",""Backups"",""نظرة عامة"",""المستخدمون"",""التجارب"",""الباقات"",""المدفوعات""].forEach(function(x){"	Candidate evidence only; manual verification required.
EVD-c505c0981fcb	INTEGRATION_DISCOVERY	INFERRED_FROM_SOURCE	apps/admin-console/NDSP_Help_Center.html	NDSP_Help_Center.html	197	5236b64908677ab9fc750687d27660515665bad6923d38386b7f6917d10008b0	"{cat:""trial"",q:[""هل أحتاج بطاقة دفع للتجربة؟"",""Do I need a payment card for the trial?""],"	Candidate evidence only; manual verification required.
EVD-82c11c588dff	INTEGRATION_DISCOVERY	INFERRED_FROM_SOURCE	apps/admin-console/NDSP_Help_Center.html	NDSP_Help_Center.html	199	5236b64908677ab9fc750687d27660515665bad6923d38386b7f6917d10008b0	"""No. The trial needs no payment card and no commitment. Upgrading to a paid package at the founder price stays <b>optional</b> at the end of the 16 days.""]},"	Candidate evidence only; manual verification required.
EVD-54e96a6a51ff	INTEGRATION_DISCOVERY	INFERRED_FROM_SOURCE	apps/admin-console/NDSP_Help_Center.html	NDSP_Help_Center.html	218	5236b64908677ab9fc750687d27660515665bad6923d38386b7f6917d10008b0	"{cat:""security"",q:[""كيف أربط تنبيهات تيليجرام بأمان؟"",""How do I link Telegram alerts safely?""],"	Candidate evidence only; manual verification required.
EVD-f940fbe808d9	INTEGRATION_DISCOVERY	INFERRED_FROM_SOURCE	apps/admin-console/NDSP_Help_Center.html	NDSP_Help_Center.html	224	5236b64908677ab9fc750687d27660515665bad6923d38386b7f6917d10008b0	"{cat:""billing"",q:[""كيف تتم الترقية والدفع؟"",""How do upgrades and payments work?""],"	Candidate evidence only; manual verification required.
EVD-52c1c0290a0a	INTEGRATION_DISCOVERY	INFERRED_FROM_SOURCE	apps/admin-console/NDSP_Help_Center.html	NDSP_Help_Center.html	226	5236b64908677ab9fc750687d27660515665bad6923d38386b7f6917d10008b0	"""You pick a package and method (crypto or bank transfer). <b>No auto-activation</b> — a subscription request is created in a review state, and access activates after server-side payment approval with a confirmation email.""]},"	Candidate evidence only; manual verification required.
EVD-404f1618cb2e	INTEGRATION_DISCOVERY	INFERRED_FROM_SOURCE	apps/admin-console/NDSP_Help_Center.html	NDSP_Help_Center.html	230	5236b64908677ab9fc750687d27660515665bad6923d38386b7f6917d10008b0	"{cat:""billing"",q:[""هل تظهر بيانات تشغيل محمية بوابة الدفع؟"",""Are payment-gateway protecteds exposed?""],"	Candidate evidence only; manual verification required.
EVD-7517d76b4460	INTEGRATION_DISCOVERY	INFERRED_FROM_SOURCE	apps/admin-console/NDSP_Help_Center.html	NDSP_Help_Center.html	232	5236b64908677ab9fc750687d27660515665bad6923d38386b7f6917d10008b0	"""Never. Payment logic and verification are server-side, and gateway keys or any protecteds are not shown in the frontend.""]},"	Candidate evidence only; manual verification required.
EVD-4eb6c1c3144f	INTEGRATION_DISCOVERY	INFERRED_FROM_SOURCE	apps/admin-console/NDSP_Help_Center.html	NDSP_Help_Center.html	263	5236b64908677ab9fc750687d27660515665bad6923d38386b7f6917d10008b0	"ccTgH:""Telegram support"",ccTgS:""Fastest channel"",ccMailH:""Email"",ccMailS:""For detailed inquiries"","	Candidate evidence only; manual verification required.
EVD-92f57d687590	INTEGRATION_DISCOVERY	INFERRED_FROM_SOURCE	apps/admin-console/NDSP_Help_Center.html	NDSP_Help_Center.html	267	5236b64908677ab9fc750687d27660515665bad6923d38386b7f6917d10008b0	"es:{dir:""ltr"",lang:""es"",helpCenter:""CENTRO DE AYUDA"",backBtn:""Atrás"",heroH:""¿Cómo popreviews ayudar?"",heroP:""Respuestas claras sobre la plataforma, la prueba, la gobernanza y la seguridad. Busca o explora por categoría."",searchPh:""Buscar preguntas…"",govCalloutH:""Antes de cualquier pregunta: ¿qué es DSP?"",govCalloutP:""DSP es una plataforma de <span class='gold'>apoyo a la decisión y análisis contextual</span> — te da dirección contextual, un horizonte de seguimiento y calidad de decisión depurada. <b>No</b> es una empresa de inversión, un proveedor de recomendaciones ni un bot de trading; no ge"	Candidate evidence only; manual verification required.
EVD-310e45a456d5	INTEGRATION_DISCOVERY	INFERRED_FROM_SOURCE	apps/admin-console/NDSP_Help_Center.html	NDSP_Help_Center.html	268	5236b64908677ab9fc750687d27660515665bad6923d38386b7f6917d10008b0	"tr:{dir:""ltr"",lang:""tr"",helpCenter:""YARDIM MERKEZİ"",backBtn:""Geri"",heroH:""Nasıl yardımcı olabiliriz?"",heroP:""Platform, deneme, yönetişim ve güvenlik hakkında net yanıtlar. Arayın veya kategoriye göre göz atın."",searchPh:""Soru ara…"",govCalloutH:""Her sorudan önce: DSP nedir?"",govCalloutP:""DSP bir <span class='gold'>karar destek ve bağlamsal analiz</span> platformudur — size bağlamsal yön, takip ufku ve arıtılmış karar kalitesi sunar. Bir yatırım şirketi, tavsiye sağlayıcısı veya işlem botu <b>değildir</b>; hiçbir fon yönetmez ve sonuç garanti etmez. Siz karar verirsiniz; biz kararı destekleriz."""	Candidate evidence only; manual verification required.
EVD-e30b5342aabe	INTEGRATION_DISCOVERY	INFERRED_FROM_SOURCE	apps/admin-console/NDSP_Help_Center.html	NDSP_Help_Center.html	269	5236b64908677ab9fc750687d27660515665bad6923d38386b7f6917d10008b0	"id:{dir:""ltr"",lang:""id"",helpCenter:""PUSAT BANTUAN"",backBtn:""Kembali"",heroH:""Bagaimana kami bisa membantu?"",heroP:""Jawaban jelas tentang platform, uji coba, tata kelola, dan keamanan. Cari atau jelajahi berdasarkan kategori."",searchPh:""Cari pertanyaan…"",govCalloutH:""Sebelum pertanyaan apa pun: apa itu DSP?"",govCalloutP:""DSP adalah platform <span class='gold'>pendukung keputusan dan analisis kontekstual</span> — memberi Anda arah kontekstual, horizon tindak lanjut, dan kualitas keputusan yang dibersihkan. Ini <b>bukan</b> perusahaan investasi, penyedia rekomendasi, atau bot perdagangan; tidak me"	Candidate evidence only; manual verification required.
EVD-2053d45a8caa	INTEGRATION_DISCOVERY	INFERRED_FROM_SOURCE	apps/admin-console/NDSP_Help_Center.html	NDSP_Help_Center.html	270	5236b64908677ab9fc750687d27660515665bad6923d38386b7f6917d10008b0	"zh:{dir:""ltr"",lang:""zh"",helpCenter:""帮助中心"",backBtn:""返回"",heroH:""我们能帮您什么?"",heroP:""关于平台、试用、治理和安全的清晰解答。搜索或按类别浏览。"",searchPh:""搜索问题…"",govCalloutH:""在任何问题之前:DSP 是什么?"",govCalloutP:""DSP 是一个<span class='gold'>决策支持与情境分析</span>平台——它为您提供情境方向、跟进时间范围和净化后的决策质量。它<b>不是</b>投资公司、推荐提供商或交易机器人;它不管理任何资金,也不保证任何结果。您来决定;我们支持决策。"",noresult:""没有匹配结果。请尝试其他词语或联系我们。"",ccTgH:""Telegram 支持"",ccTgS:""最快渠道"",ccMailH:""电子邮件"",ccMailS:""用于详细咨询"",govRule:""暴露决策价值 · 隐藏配方"",discT:""免责声明"",discBody:""DSP 输出和情景级别仅为情境性决策支持参考。它们不是财务建议、交易指示、执行指令或保证结果。DSP 不是投资公司,也不管理任何资金。""}"	Candidate evidence only; manual verification required.
EVD-66fdd64e690a	INTEGRATION_DISCOVERY	INFERRED_FROM_SOURCE	apps/admin-console/NDSP_Help_Center.html	NDSP_Help_Center.html	321	5236b64908677ab9fc750687d27660515665bad6923d38386b7f6917d10008b0	"""Registration Review"":""مراجعة التسجيل"",""BUSINESS"":""الأعمال"",""Packages"":""الباقات"",""Payments"":""المدفوعات"","	Candidate evidence only; manual verification required.
EVD-1991f7172ab6	INTEGRATION_DISCOVERY	INFERRED_FROM_SOURCE	apps/admin-console/NDSP_Help_Center.html	NDSP_Help_Center.html	323	5236b64908677ab9fc750687d27660515665bad6923d38386b7f6917d10008b0	"""Alerts & Config"":""التنبيهات والإعدادات"",""Email"":""البريد"",""Telegram"":""تيليجرام"",""Health"":""الصحة التشغيلية"",""Reports"":""التقارير"","	Candidate evidence only; manual verification required.
EVD-9e7212a9f055	INTEGRATION_DISCOVERY	INFERRED_FROM_SOURCE	apps/admin-console/NDSP_Help_Center.html	NDSP_Help_Center.html	417	5236b64908677ab9fc750687d27660515665bad6923d38386b7f6917d10008b0	"[""Overview"",""Users"",""Trials"",""Registration Review"",""Packages"",""Payments"",""Layer Governance"",""NMP Research Lab"",""Health"",""Reports"",""Backups"",""نظرة عامة"",""المستخدمون"",""التجارب"",""الباقات"",""المدفوعات""].forEach(function(x){"	Candidate evidence only; manual verification required.
EVD-dfcb132cf054	INTEGRATION_DISCOVERY	INFERRED_FROM_SOURCE	apps/admin-console/NDSP_Terms_Privacy.html	NDSP_Terms_Privacy.html	177	ee7b49a006c010a872becb3799eb7aee58229ed6c2f0a7a7717c8028f7f60ad1	"{n:""٥"",h:[""الباقات والدفع"",""Packages & payment""],body:["	Candidate evidence only; manual verification required.
EVD-f013e1745b37	INTEGRATION_DISCOVERY	INFERRED_FROM_SOURCE	apps/admin-console/NDSP_Terms_Privacy.html	NDSP_Terms_Privacy.html	178	ee7b49a006c010a872becb3799eb7aee58229ed6c2f0a7a7717c8028f7f60ad1	"[""تُفرض حدود كل باقة في الخادم؛ الواجهة تعرض الحالة فقط. <b>لا تفعيل تلقائي</b> — يُعتمد الاشتراك بعد التحقّق من الدفع."",""Each package's limits are enforced server-side; the frontend shows state only. <b>No auto-activation</b> — a subscription is approved after payment verification.""],"	Candidate evidence only; manual verification required.
EVD-38b9f4ec2001	INTEGRATION_DISCOVERY	INFERRED_FROM_SOURCE	apps/admin-console/NDSP_Terms_Privacy.html	NDSP_Terms_Privacy.html	179	ee7b49a006c010a872becb3799eb7aee58229ed6c2f0a7a7717c8028f7f60ad1	"[""تُعالج المدفوعات عبر مزوّدين خارجيين (مثل NOWPayments والتحويل البنكي). يمكنك الإلغاء وفق السياسة المعلنة وقت الشراء."",""Payments are processed via third-party providers (such as NOWPayments and bank transfer). You may cancel per the policy disclosed at purchase.""]]},"	Candidate evidence only; manual verification required.
EVD-e6787511929a	INTEGRATION_DISCOVERY	INFERRED_FROM_SOURCE	apps/admin-console/NDSP_Terms_Privacy.html	NDSP_Terms_Privacy.html	193	ee7b49a006c010a872becb3799eb7aee58229ed6c2f0a7a7717c8028f7f60ad1	"[""بيانات الحساب الأساسية (بريد، اسم اختياري)، وتفضيلاتك، وإشارات أمان آمنة: <b>بصمة جهاز/IP مجزّأة</b> وسرعة التسجيل لمكافحة الإساءة، وإشارات استخدام عامة (مشاهدات، تنقّل، إكمال نماذج)."",""Basic REDACTED data (email, optional name), your preferences, and safe security signals: <b>hashed device/IP</b> and registration velocity for anti-abuse, plus general usage signals (views, navigation, form completion).""]]},"	Candidate evidence only; manual verification required.
EVD-efc61300ca99	INTEGRATION_DISCOVERY	INFERRED_FROM_SOURCE	apps/admin-console/NDSP_Terms_Privacy.html	NDSP_Terms_Privacy.html	196	ee7b49a006c010a872becb3799eb7aee58229ed6c2f0a7a7717c8028f7f60ad1	"[""اعتمادات الدخول <b>مجزّأة (hashed)</b> ولا تُخزّن كنص. بيانات تشغيل محمية القنوات (اعتماد تيليجرام محمي، اعتماد SMTP محمي، اعتمادات بوابة الدفع المحمية) تبقى في الخادم ولا تظهر إطلاقًا."",""Credentials are <b>hashed</b> and never stored as text. Channel protected credentials (Telegram protected credential, SMTP protected credential, payment gateway protected credentials) stay on the server and are never shown.""]]},"	Candidate evidence only; manual verification required.
EVD-7719261bf610	INTEGRATION_DISCOVERY	INFERRED_FROM_SOURCE	apps/admin-console/NDSP_Terms_Privacy.html	NDSP_Terms_Privacy.html	201	ee7b49a006c010a872becb3799eb7aee58229ed6c2f0a7a7717c8028f7f60ad1	"[""إذا ربطت تيليجرام، يتم ذلك عبر <b>رمز لمرة واحدة</b> يُتحقّق منه في الخادم؛ لا نطّلع على محادثاتك. البريد يُستخدم للتنبيهات والإشعارات التشغيلية فقط."",""If you link Telegram, it's done via a <b>one-time code</b> verified server-side; we don't access your chats. Email is used for alerts and operational notices only.""]]},"	Candidate evidence only; manual verification required.
EVD-affda475a8e2	INTEGRATION_DISCOVERY	INFERRED_FROM_SOURCE	apps/admin-console/NDSP_Terms_Privacy.html	NDSP_Terms_Privacy.html	203	ee7b49a006c010a872becb3799eb7aee58229ed6c2f0a7a7717c8028f7f60ad1	"[""نستعين بمزوّدين لتشغيل البنية (استضافة، قاعدة بيانات، بوابة دفع، رسائل). يصلهم الحد الأدنى اللازم فقط، ويلتزمون بحماية البيانات."",""We use providers to run the infrastructure (hosting, database, payment gateway, messaging). They receive only the minimum necessary and are bound to protect the data.""]]},"	Candidate evidence only; manual verification required.
EVD-3f3ebede7f17	INTEGRATION_DISCOVERY	INFERRED_FROM_SOURCE	apps/admin-console/NDSP_Terms_Privacy.html	NDSP_Terms_Privacy.html	286	ee7b49a006c010a872becb3799eb7aee58229ed6c2f0a7a7717c8028f7f60ad1	"""Registration Review"":""مراجعة التسجيل"",""BUSINESS"":""الأعمال"",""Packages"":""الباقات"",""Payments"":""المدفوعات"","	Candidate evidence only; manual verification required.
EVD-813194e547ed	INTEGRATION_DISCOVERY	INFERRED_FROM_SOURCE	apps/admin-console/NDSP_Terms_Privacy.html	NDSP_Terms_Privacy.html	288	ee7b49a006c010a872becb3799eb7aee58229ed6c2f0a7a7717c8028f7f60ad1	"""Alerts & Config"":""التنبيهات والإعدادات"",""Email"":""البريد"",""Telegram"":""تيليجرام"",""Health"":""الصحة التشغيلية"",""Reports"":""التقارير"","	Candidate evidence only; manual verification required.
EVD-4bde4f35986b	INTEGRATION_DISCOVERY	INFERRED_FROM_SOURCE	apps/admin-console/NDSP_Terms_Privacy.html	NDSP_Terms_Privacy.html	382	ee7b49a006c010a872becb3799eb7aee58229ed6c2f0a7a7717c8028f7f60ad1	"[""Overview"",""Users"",""Trials"",""Registration Review"",""Packages"",""Payments"",""Layer Governance"",""NMP Research Lab"",""Health"",""Reports"",""Backups"",""نظرة عامة"",""المستخدمون"",""التجارب"",""الباقات"",""المدفوعات""].forEach(function(x){"	Candidate evidence only; manual verification required.
EVD-b457284a978f	INTEGRATION_DISCOVERY	INFERRED_FROM_SOURCE	apps/admin-console/NMP_Research_Lab.html	NMP_Research_Lab.html	107	04f44c02c084e84f846e0d31a6fd51b055d8197fa3d14fe45b29a2e5d2bc802e	"""Registration Review"":""مراجعة التسجيل"",""BUSINESS"":""الأعمال"",""Packages"":""الباقات"",""Payments"":""المدفوعات"","	Candidate evidence only; manual verification required.
EVD-c845343a4ffb	INTEGRATION_DISCOVERY	INFERRED_FROM_SOURCE	apps/admin-console/NMP_Research_Lab.html	NMP_Research_Lab.html	109	04f44c02c084e84f846e0d31a6fd51b055d8197fa3d14fe45b29a2e5d2bc802e	"""Alerts & Config"":""التنبيهات والإعدادات"",""Email"":""البريد"",""Telegram"":""تيليجرام"",""Health"":""الصحة التشغيلية"",""Reports"":""التقارير"","	Candidate evidence only; manual verification required.
EVD-9b434ef50624	INTEGRATION_DISCOVERY	INFERRED_FROM_SOURCE	apps/admin-console/NMP_Research_Lab.html	NMP_Research_Lab.html	203	04f44c02c084e84f846e0d31a6fd51b055d8197fa3d14fe45b29a2e5d2bc802e	"[""Overview"",""Users"",""Trials"",""Registration Review"",""Packages"",""Payments"",""Layer Governance"",""NMP Research Lab"",""Health"",""Reports"",""Backups"",""نظرة عامة"",""المستخدمون"",""التجارب"",""الباقات"",""المدفوعات""].forEach(function(x){"	Candidate evidence only; manual verification required.
EVD-b7a88706fe10	INTEGRATION_DISCOVERY	INFERRED_FROM_SOURCE	apps/admin-console/admin-users.json	admin-users.json	10	f5d27219119ab2028b1510e5771bbcf69f56d44532db434807a129c9802c9292	"""email"": ""ndsp.snapshot.cookie.20260611_205205@example.com"","	Candidate evidence only; manual verification required.
EVD-bee5b60ad088	INTEGRATION_DISCOVERY	INFERRED_FROM_SOURCE	apps/admin-console/admin-users.json	admin-users.json	21	f5d27219119ab2028b1510e5771bbcf69f56d44532db434807a129c9802c9292	"""email"": ""ndsp.snapshot.verify.20260611_205205@example.com"","	Candidate evidence only; manual verification required.
EVD-59850e1e51d3	INTEGRATION_DISCOVERY	INFERRED_FROM_SOURCE	apps/admin-console/admin-users.json	admin-users.json	32	f5d27219119ab2028b1510e5771bbcf69f56d44532db434807a129c9802c9292	"""email"": ""otai9.1983@gmail.com"","	Candidate evidence only; manual verification required.
EVD-49edc8eac15a	INTEGRATION_DISCOVERY	INFERRED_FROM_SOURCE	apps/admin-console/admin-users.json	admin-users.json	43	f5d27219119ab2028b1510e5771bbcf69f56d44532db434807a129c9802c9292	"""email"": ""nawaf.barrak.911@gmail.com"","	Candidate evidence only; manual verification required.
EVD-8c9c297a62a6	INTEGRATION_DISCOVERY	INFERRED_FROM_SOURCE	apps/admin-console/admin-users.json	admin-users.json	54	f5d27219119ab2028b1510e5771bbcf69f56d44532db434807a129c9802c9292	"""email"": ""ndsp.app@gmail.com"","	Candidate evidence only; manual verification required.
EVD-796e7ec924b8	INTEGRATION_DISCOVERY	INFERRED_FROM_SOURCE	apps/admin-console/data/owner-layer-source-map.json	owner-layer-source-map.json	48	23577d6618e75c762e47078400fbeb8a48f0d2cea50611272cff2a18b4ad55ff	"""\"",\""5/wk\""],[\""١٥/يوم\"",\""15/day\""],[\""٢٥٠/يوم\"",\""250/day\""],[\""بالعقد\"",\""Contract\""]], [[\""الطبقات الظاهرة\"",\""Visible layers\""],\""—\"",\""TDL · NMP\"",\""×4\"",\""×4\""], [[\""تنبيهات\"",\""Alerts\""],[\""تنبيه واحد\"",\""1 alert\""],[\""أساسي\"",\""Basic\""],[\""تيليجرام\"",\""Telegram\""],[\""متعدد\"",\""Multi\""]], [[\""API\"",\""API\""],[\""لا\"",\""No\""],[\""لا\"",\""No\""],[\""لا\"",\""No\""],[\""نعم\"",\""Yes\""]], [[\""Webhooks\"",\""Webhooks\""],[\""لا\"",\""No\""],[\""لا\"",\""No\""],[\""لا\"",\""No"","	Candidate evidence only; manual verification required.
EVD-c7e1e365b90a	INTEGRATION_DISCOVERY	INFERRED_FROM_SOURCE	apps/admin-console/data/owner-layer-source-map.json	owner-layer-source-map.json	49	23577d6618e75c762e47078400fbeb8a48f0d2cea50611272cff2a18b4ad55ff	"""\"",\""5/wk\""],[\""١٥/يوم\"",\""15/day\""],[\""٢٥٠/يوم\"",\""250/day\""],[\""بالعقد\"",\""Contract\""]], [[\""الطبقات الظاهرة\"",\""Visible layers\""],\""—\"",\""TDL · NMP\"",\""×4\"",\""×4\""], [[\""تنبيهات\"",\""Alerts\""],[\""تنبيه واحد\"",\""1 alert\""],[\""أساسي\"",\""Basic\""],[\""تيليجرام\"",\""Telegram\""],[\""متعدد\"",\""Multi\""]], [[\""API\"",\""API\""],[\""لا\"",\""No\""],[\""لا\"",\""No\""],[\""لا\"",\""No\""],[\""نعم\"",\""Yes\""]], [[\""Webhooks\"",\""Webhooks\""],[\""لا\"",\""No\""],[\""لا\"",\""No\""],[\""لا\"",\""No"","	Candidate evidence only; manual verification required.
EVD-216367da8aa7	INTEGRATION_DISCOVERY	INFERRED_FROM_SOURCE	apps/admin-console/data/owner-layer-source-map.json	owner-layer-source-map.json	57	23577d6618e75c762e47078400fbeb8a48f0d2cea50611272cff2a18b4ad55ff	"""\"",\""5/wk\""],[\""١٥/يوم\"",\""15/day\""],[\""٢٥٠/يوم\"",\""250/day\""],[\""بالعقد\"",\""Contract\""]], [[\""الطبقات الظاهرة\"",\""Visible layers\""],\""—\"",\""TDL · NMP\"",\""×4\"",\""×4\""], [[\""تنبيهات\"",\""Alerts\""],[\""تنبيه واحد\"",\""1 alert\""],[\""أساسي\"",\""Basic\""],[\""تيليجرام\"",\""Telegram\""],[\""متعدد\"",\""Multi\""]], [[\""API\"",\""API\""],[\""لا\"",\""No\""],[\""لا\"",\""No\""],[\""لا\"",\""No\""],[\""نعم\"",\""Yes\""]], [[\""Webhooks\"",\""Webhooks\""],[\""لا\"",\""No\""],[\""لا\"",\""No\""],[\""لا\"",\""No"","	Candidate evidence only; manual verification required.
EVD-2039ced1844f	INTEGRATION_DISCOVERY	INFERRED_FROM_SOURCE	apps/admin-console/data/owner-layer-source-map.json	owner-layer-source-map.json	58	23577d6618e75c762e47078400fbeb8a48f0d2cea50611272cff2a18b4ad55ff	"""\"",\""5/wk\""],[\""١٥/يوم\"",\""15/day\""],[\""٢٥٠/يوم\"",\""250/day\""],[\""بالعقد\"",\""Contract\""]], [[\""الطبقات الظاهرة\"",\""Visible layers\""],\""—\"",\""TDL · NMP\"",\""×4\"",\""×4\""], [[\""تنبيهات\"",\""Alerts\""],[\""تنبيه واحد\"",\""1 alert\""],[\""أساسي\"",\""Basic\""],[\""تيليجرام\"",\""Telegram\""],[\""متعدد\"",\""Multi\""]], [[\""API\"",\""API\""],[\""لا\"",\""No\""],[\""لا\"",\""No\""],[\""لا\"",\""No\""],[\""نعم\"",\""Yes\""]], [[\""Webhooks\"",\""Webhooks\""],[\""لا\"",\""No\""],[\""لا\"",\""No\""],[\""لا\"",\""No"","	Candidate evidence only; manual verification required.
EVD-bc011325c6b4	INTEGRATION_DISCOVERY	INFERRED_FROM_SOURCE	apps/admin-console/data/owner-layer-source-map.json	owner-layer-source-map.json	158	23577d6618e75c762e47078400fbeb8a48f0d2cea50611272cff2a18b4ad55ff	"""kages\"":\""الباقات\"",\""Payments\"":\""المدفوعات\"", \""ENGINE & GOVERNANCE\"":\""المحركات والحوكمة\"",\""Layer Governance\"":\""حوكمة الطبقات\"",\""NMP Research Lab\"":\""مختبر أبحاث NMP\"", \""Alerts & Config\"":\""التنبيهات والإعدادات\"",\""Email\"":\""البريد\"",\""Telegram\"":\""تيليجرام\"",\""Health\"":\""الصحة التشغيلية\"",\""Reports\"":\""التقارير\"", \""Backups\"":\""النسخ الاحتياطية\"",\""Status\"":\""الحالة\"",\""Active\"":\""نشط\"",\""Pending\"":\""قيد الانتظار\"",\""Approve"","	Candidate evidence only; manual verification required.
EVD-0b9616ce07af	INTEGRATION_DISCOVERY	INFERRED_FROM_SOURCE	apps/admin-console/data/owner-layer-source-map.json	owner-layer-source-map.json	159	23577d6618e75c762e47078400fbeb8a48f0d2cea50611272cff2a18b4ad55ff	"""kages\"":\""الباقات\"",\""Payments\"":\""المدفوعات\"", \""ENGINE & GOVERNANCE\"":\""المحركات والحوكمة\"",\""Layer Governance\"":\""حوكمة الطبقات\"",\""NMP Research Lab\"":\""مختبر أبحاث NMP\"", \""Alerts & Config\"":\""التنبيهات والإعدادات\"",\""Email\"":\""البريد\"",\""Telegram\"":\""تيليجرام\"",\""Health\"":\""الصحة التشغيلية\"",\""Reports\"":\""التقارير\"", \""Backups\"":\""النسخ الاحتياطية\"",\""Status\"":\""الحالة\"",\""Active\"":\""نشط\"",\""Pending\"":\""قيد الانتظار\"",\""Approve"","	Candidate evidence only; manual verification required.
EVD-a7c0fa6f4ee6	INTEGRATION_DISCOVERY	INFERRED_FROM_SOURCE	apps/admin-console/data/owner-layer-source-map.json	owner-layer-source-map.json	167	23577d6618e75c762e47078400fbeb8a48f0d2cea50611272cff2a18b4ad55ff	"""ckages\"":\""الباقات\"",\""Payments\"":\""المدفوعات\"", \""ENGINE & GOVERNANCE\"":\""المحركات والحوكمة\"",\""Layer Governance\"":\""حوكمة الطبقات\"",\""NMP Research Lab\"":\""مختبر أبحاث NMP\"", \""Alerts & Config\"":\""التنبيهات والإعدادات\"",\""Email\"":\""البريد\"",\""Telegram\"":\""تيليجرام\"",\""Health\"":\""الصحة التشغيلية\"",\""Reports\"":\""التقارير\"", \""Backups\"":\""النسخ الاحتياطية\"",\""Status\"":\""الحالة\"",\""Active\"":\""نشط\"",\""Pending\"":\""قيد الانتظار\"",\""Approv"","	Candidate evidence only; manual verification required.
EVD-0ae92c5e2071	INTEGRATION_DISCOVERY	INFERRED_FROM_SOURCE	apps/admin-console/data/owner-layer-source-map.json	owner-layer-source-map.json	168	23577d6618e75c762e47078400fbeb8a48f0d2cea50611272cff2a18b4ad55ff	"""ckages\"":\""الباقات\"",\""Payments\"":\""المدفوعات\"", \""ENGINE & GOVERNANCE\"":\""المحركات والحوكمة\"",\""Layer Governance\"":\""حوكمة الطبقات\"",\""NMP Research Lab\"":\""مختبر أبحاث NMP\"", \""Alerts & Config\"":\""التنبيهات والإعدادات\"",\""Email\"":\""البريد\"",\""Telegram\"":\""تيليجرام\"",\""Health\"":\""الصحة التشغيلية\"",\""Reports\"":\""التقارير\"", \""Backups\"":\""النسخ الاحتياطية\"",\""Status\"":\""الحالة\"",\""Active\"":\""نشط\"",\""Pending\"":\""قيد الانتظار\"",\""Approv"","	Candidate evidence only; manual verification required.
EVD-f9c6bccbbbec	INTEGRATION_DISCOVERY	INFERRED_FROM_SOURCE	apps/admin-console/data/owner-layer-source-map.json	owner-layer-source-map.json	185	23577d6618e75c762e47078400fbeb8a48f0d2cea50611272cff2a18b4ad55ff	"""ckages\"":\""الباقات\"",\""Payments\"":\""المدفوعات\"", \""ENGINE & GOVERNANCE\"":\""المحركات والحوكمة\"",\""Layer Governance\"":\""حوكمة الطبقات\"",\""NMP Research Lab\"":\""مختبر أبحاث NMP\"", \""Alerts & Config\"":\""التنبيهات والإعدادات\"",\""Email\"":\""البريد\"",\""Telegram\"":\""تيليجرام\"",\""Health\"":\""الصحة التشغيلية\"",\""Reports\"":\""التقارير\"", \""Backups\"":\""النسخ الاحتياطية\"",\""Status\"":\""الحالة\"",\""Active\"":\""نشط\"",\""Pending\"":\""قيد الانتظار\"",\""Approv"","	Candidate evidence only; manual verification required.
EVD-22bf6667cb71	INTEGRATION_DISCOVERY	INFERRED_FROM_SOURCE	apps/admin-console/data/owner-layer-source-map.json	owner-layer-source-map.json	186	23577d6618e75c762e47078400fbeb8a48f0d2cea50611272cff2a18b4ad55ff	"""ckages\"":\""الباقات\"",\""Payments\"":\""المدفوعات\"", \""ENGINE & GOVERNANCE\"":\""المحركات والحوكمة\"",\""Layer Governance\"":\""حوكمة الطبقات\"",\""NMP Research Lab\"":\""مختبر أبحاث NMP\"", \""Alerts & Config\"":\""التنبيهات والإعدادات\"",\""Email\"":\""البريد\"",\""Telegram\"":\""تيليجرام\"",\""Health\"":\""الصحة التشغيلية\"",\""Reports\"":\""التقارير\"", \""Backups\"":\""النسخ الاحتياطية\"",\""Status\"":\""الحالة\"",\""Active\"":\""نشط\"",\""Pending\"":\""قيد الانتظار\"",\""Approv"","	Candidate evidence only; manual verification required.
EVD-e2e60fa3e964	INTEGRATION_DISCOVERY	INFERRED_FROM_SOURCE	apps/admin-console/data/owner-layer-source-map.json	owner-layer-source-map.json	194	23577d6618e75c762e47078400fbeb8a48f0d2cea50611272cff2a18b4ad55ff	"""ckages\"":\""الباقات\"",\""Payments\"":\""المدفوعات\"", \""ENGINE & GOVERNANCE\"":\""المحركات والحوكمة\"",\""Layer Governance\"":\""حوكمة الطبقات\"",\""NMP Research Lab\"":\""مختبر أبحاث NMP\"", \""Alerts & Config\"":\""التنبيهات والإعدادات\"",\""Email\"":\""البريد\"",\""Telegram\"":\""تيليجرام\"",\""Health\"":\""الصحة التشغيلية\"",\""Reports\"":\""التقارير\"", \""Backups\"":\""النسخ الاحتياطية\"",\""Status\"":\""الحالة\"",\""Active\"":\""نشط\"",\""Pending\"":\""قيد الانتظار\"",\""Approv"","	Candidate evidence only; manual verification required.
EVD-0f76e9e01e7b	INTEGRATION_DISCOVERY	INFERRED_FROM_SOURCE	apps/admin-console/data/owner-layer-source-map.json	owner-layer-source-map.json	195	23577d6618e75c762e47078400fbeb8a48f0d2cea50611272cff2a18b4ad55ff	"""ckages\"":\""الباقات\"",\""Payments\"":\""المدفوعات\"", \""ENGINE & GOVERNANCE\"":\""المحركات والحوكمة\"",\""Layer Governance\"":\""حوكمة الطبقات\"",\""NMP Research Lab\"":\""مختبر أبحاث NMP\"", \""Alerts & Config\"":\""التنبيهات والإعدادات\"",\""Email\"":\""البريد\"",\""Telegram\"":\""تيليجرام\"",\""Health\"":\""الصحة التشغيلية\"",\""Reports\"":\""التقارير\"", \""Backups\"":\""النسخ الاحتياطية\"",\""Status\"":\""الحالة\"",\""Active\"":\""نشط\"",\""Pending\"":\""قيد الانتظار\"",\""Approv"","	Candidate evidence only; manual verification required.
EVD-4b94365fde31	INTEGRATION_DISCOVERY	INFERRED_FROM_SOURCE	apps/admin-console/data/owner-layer-source-map.json	owner-layer-source-map.json	203	23577d6618e75c762e47078400fbeb8a48f0d2cea50611272cff2a18b4ad55ff	"""ckages\"":\""الباقات\"",\""Payments\"":\""المدفوعات\"", \""ENGINE & GOVERNANCE\"":\""المحركات والحوكمة\"",\""Layer Governance\"":\""حوكمة الطبقات\"",\""NMP Research Lab\"":\""مختبر أبحاث NMP\"", \""Alerts & Config\"":\""التنبيهات والإعدادات\"",\""Email\"":\""البريد\"",\""Telegram\"":\""تيليجرام\"",\""Health\"":\""الصحة التشغيلية\"",\""Reports\"":\""التقارير\"", \""Backups\"":\""النسخ الاحتياطية\"",\""Status\"":\""الحالة\"",\""Active\"":\""نشط\"",\""Pending\"":\""قيد الانتظار\"",\""Approv"","	Candidate evidence only; manual verification required.
EVD-f6f9f9b244a9	INTEGRATION_DISCOVERY	INFERRED_FROM_SOURCE	apps/admin-console/data/owner-layer-source-map.json	owner-layer-source-map.json	204	23577d6618e75c762e47078400fbeb8a48f0d2cea50611272cff2a18b4ad55ff	"""ckages\"":\""الباقات\"",\""Payments\"":\""المدفوعات\"", \""ENGINE & GOVERNANCE\"":\""المحركات والحوكمة\"",\""Layer Governance\"":\""حوكمة الطبقات\"",\""NMP Research Lab\"":\""مختبر أبحاث NMP\"", \""Alerts & Config\"":\""التنبيهات والإعدادات\"",\""Email\"":\""البريد\"",\""Telegram\"":\""تيليجرام\"",\""Health\"":\""الصحة التشغيلية\"",\""Reports\"":\""التقارير\"", \""Backups\"":\""النسخ الاحتياطية\"",\""Status\"":\""الحالة\"",\""Active\"":\""نشط\"",\""Pending\"":\""قيد الانتظار\"",\""Approv"","	Candidate evidence only; manual verification required.
EVD-f8d756167457	INTEGRATION_DISCOVERY	INFERRED_FROM_SOURCE	apps/admin-console/data/owner-layer-source-map.json	owner-layer-source-map.json	665	23577d6618e75c762e47078400fbeb8a48f0d2cea50611272cff2a18b4ad55ff	"""الـ١٦ يومًا.\"", \""No. The trial needs no payment card and no commitment. Upgrading to a paid package at the founder price stays <b>optional</b> at the end of the 16 days.\""]}, {cat:\""trial\"",q:[\""ماذا أحصل عليه خلال التجربة؟\"",\""What do I get during the trial?\""], a:[\""وصول كامل للطبقات الأربع الظاهرة وجودة القرار الكاملة طوال المدة، مع تفتّح تدريجي للطبقات على أربع مراحل عبر أي"","	Candidate evidence only; manual verification required.
EVD-c7b4aa9460b4	INTEGRATION_DISCOVERY	INFERRED_FROM_SOURCE	apps/admin-console/data/owner-layer-source-map.json	owner-layer-source-map.json	667	23577d6618e75c762e47078400fbeb8a48f0d2cea50611272cff2a18b4ad55ff	"""ccess activates after server-side payment approval with a confirmation email.\""]}, {cat:\""billing\"",q:[\""هل أقدر ألغي؟ وهل السعر يتغيّر؟\"",\""Can I cancel? Does the price change?\""], a:[\""تقدر تلغي في أي وقت. وسعر المؤسِّس لمشتركي التجربة <b>يبقى ثابتًا</b> ما دام اشتراكك فعّالًا.\"", \""You can cancel anytime. And the founder price for trial members <b>stays fixed</b> as long as yo"""	Candidate evidence only; manual verification required.
EVD-296c30d5c0df	INTEGRATION_DISCOVERY	INFERRED_FROM_SOURCE	apps/admin-console/data/owner-layer-source-map.json	owner-layer-source-map.json	702	23577d6618e75c762e47078400fbeb8a48f0d2cea50611272cff2a18b4ad55ff	"""_at\"": \""2026-06-18T06:21:02.961010+00:00\"", \""source\"": \""Frankfurter / ECB public FX data\"", \""source_type\"": \""real_public_market_data_daily\"", \""decision_engine_connected\"": false, \""decision_status_ar\"": \""محرك القرار غير متصل\"", \""decision_status_en\"": \""Decision engine disconnected\"", \""assets\"": [ { \""symbol\"": \""USD/CHF\"", \""name_ar\"": \""دولار / فرنك\"", \""price\"": 0.7"""	Candidate evidence only; manual verification required.
EVD-de797e0c7ffd	INTEGRATION_DISCOVERY	INFERRED_FROM_SOURCE	apps/admin-console/data/owner-layer-source-map.json	owner-layer-source-map.json	756	23577d6618e75c762e47078400fbeb8a48f0d2cea50611272cff2a18b4ad55ff	"""title=\""اختر باقة الذكاء القراري الأنسب\"" description=\""أربع باقات تتدرّج من نواة دعم القرار للأفراد حتى الحلّ المؤسسي المتكامل للفرق.\"" /> {/* trial reminder */} {trialState.active && ( <div className=\""flex flex-col items-center justify-between gap-3 rounded-2xl border border-primary/30 bg-primary/10 p-4 text-center sm:flex-row sm:text-right\"">"""	Candidate evidence only; manual verification required.
EVD-cb5bc0de5bd6	INTEGRATION_DISCOVERY	INFERRED_FROM_SOURCE	apps/admin-console/data/owner-layer-source-map.json	owner-layer-source-map.json	807	23577d6618e75c762e47078400fbeb8a48f0d2cea50611272cff2a18b4ad55ff	""": \""الخاصة\"", desc: \""حل متكامل للجهات الخاصة والفرق\"", price: \""حسب الطلب\"", detail: \""إطار وصول API، فرق، تقارير مؤسسية، وضوابط الجهة الخاصة.\"", }, ] as const; const pillars = [ [\""قيادة القرار\"", \""مركز موحد يربط قراءة السوق والسيناريوهات والمخاطر في واجهة واحدة.\""], [\""ذكاء السوق\"", \""تحليلات مرجعية متعددة الأفق تظهر داخل النظام بعد تسجيل الدخول.\""], [\""الإيجاز اليومي\"","""	Candidate evidence only; manual verification required.
EVD-74d52fae52cc	INTEGRATION_DISCOVERY	INFERRED_FROM_SOURCE	apps/admin-console/data/owner-layer-source-map.json	owner-layer-source-map.json	1634	23577d6618e75c762e47078400fbeb8a48f0d2cea50611272cff2a18b4ad55ff	"""l\"" import { Separator } from \""@/components/ui/separator\"" import { PageHeader } from \""@/components/page-header\"" import { alerts } from \""@/lib/ndsp-data\"" import { Bell, Mail, Smartphone, Gauge, ShieldCheck } from \""lucide-react\"" const channels = [ { id: \""instant\"", label: \""تنبيهات فورية\"", desc: \""إشعارات لحظية على لوحة القيادة\"", icon: Bell, on: true }, { id: \""email\"", label: \""ال"","	Candidate evidence only; manual verification required.
EVD-6f7f91adc110	INTEGRATION_DISCOVERY	INFERRED_FROM_SOURCE	apps/admin-console/index.html	index.html	201	29f3e8fa5505b4255196a2fc12649c895bd1d629049ee00295f4d3a4e8b88e57	"<div class=""navitem"" data-v=""payments""><span class=""ic"">₪</span><span data-i=""nPayments"">المدفوعات</span><span class=""bdg"" id=""payCount"">3</span></div>"	Candidate evidence only; manual verification required.
EVD-a23da5819c1e	INTEGRATION_DISCOVERY	INFERRED_FROM_SOURCE	apps/admin-console/index.html	index.html	273	29f3e8fa5505b4255196a2fc12649c895bd1d629049ee00295f4d3a4e8b88e57	"""Registration Review"":""مراجعة التسجيل"",""BUSINESS"":""الأعمال"",""Packages"":""الباقات"",""Payments"":""المدفوعات"","	Candidate evidence only; manual verification required.
EVD-c223b0affbc4	INTEGRATION_DISCOVERY	INFERRED_FROM_SOURCE	apps/admin-console/index.html	index.html	275	29f3e8fa5505b4255196a2fc12649c895bd1d629049ee00295f4d3a4e8b88e57	"""Alerts & Config"":""التنبيهات والإعدادات"",""Email"":""البريد"",""Telegram"":""تيليجرام"",""Health"":""الصحة التشغيلية"",""Reports"":""التقارير"","	Candidate evidence only; manual verification required.
EVD-2da3b11e54fb	INTEGRATION_DISCOVERY	INFERRED_FROM_SOURCE	apps/admin-console/index.html	index.html	369	29f3e8fa5505b4255196a2fc12649c895bd1d629049ee00295f4d3a4e8b88e57	"[""Overview"",""Users"",""Trials"",""Registration Review"",""Packages"",""Payments"",""Layer Governance"",""NMP Research Lab"",""Health"",""Reports"",""Backups"",""نظرة عامة"",""المستخدمون"",""التجارب"",""الباقات"",""المدفوعات""].forEach(function(x){"	Candidate evidence only; manual verification required.
EVD-93ff3df4949a	INTEGRATION_DISCOVERY	INFERRED_FROM_SOURCE	apps/admin-console/index.html	index.html	851	29f3e8fa5505b4255196a2fc12649c895bd1d629049ee00295f4d3a4e8b88e57	<!-- ===== PAYMENTS ===== -->	Candidate evidence only; manual verification required.
EVD-b523467f1842	INTEGRATION_DISCOVERY	INFERRED_FROM_SOURCE	apps/admin-console/index.html	index.html	852	29f3e8fa5505b4255196a2fc12649c895bd1d629049ee00295f4d3a4e8b88e57	"<section class=""view"" data-view=""payments"">"	Candidate evidence only; manual verification required.
EVD-95fcc503f54c	INTEGRATION_DISCOVERY	INFERRED_FROM_SOURCE	apps/admin-console/index.html	index.html	931	29f3e8fa5505b4255196a2fc12649c895bd1d629049ee00295f4d3a4e8b88e57	"<div class=""muted-note"" data-i=""payNote""><b>الحوكمة:</b> منطق الدفع في الخادم. لا تفعيل تلقائي بلا اعتماد. بيانات تشغيل محمية البوابة (NOWPayments) لا تُعرض إطلاقًا.</div>"	Candidate evidence only; manual verification required.
EVD-d82552397b67	INTEGRATION_DISCOVERY	INFERRED_FROM_SOURCE	apps/admin-console/index.html	index.html	1059	29f3e8fa5505b4255196a2fc12649c895bd1d629049ee00295f4d3a4e8b88e57	"<div class=""muted-note"" data-i=""cfgNote""><b>الحوكمة:</b> تُعرض الحالة (مُعدّ / غير مُعدّ) وآخر اختبار فقط. الرمز قناة محميات والبيانات تشغيل محمية (بوت تيليجرام، SMTP، البوابة) لا تُعرض أبدًا.</div>"	Candidate evidence only; manual verification required.
EVD-66ff273522b6	INTEGRATION_DISCOVERY	INFERRED_FROM_SOURCE	apps/admin-console/index.html	index.html	1269	29f3e8fa5505b4255196a2fc12649c895bd1d629049ee00295f4d3a4e8b88e57	"nOverview:""نظرة عامة"",nUsers:""المستخدمون"",nTrials:""التجارب"",nReview:""مراجعة التسجيل"",nPackages:""الباقات"",nPayments:""المدفوعات"","	Candidate evidence only; manual verification required.
EVD-bc4d7e6419c0	INTEGRATION_DISCOVERY	INFERRED_FROM_SOURCE	apps/admin-console/index.html	index.html	1288	29f3e8fa5505b4255196a2fc12649c895bd1d629049ee00295f4d3a4e8b88e57	"payQueue:""المدفوعات والاشتراكات"",payNote:""<b>الحوكمة:</b> منطق الدفع في الخادم. لا تفعيل تلقائي بلا اعتماد. بيانات تشغيل محمية البوابة (NOWPayments) لا تُعرض إطلاقًا."","	Candidate evidence only; manual verification required.
EVD-3fbbd767c795	INTEGRATION_DISCOVERY	INFERRED_FROM_SOURCE	apps/admin-console/index.html	index.html	1293	29f3e8fa5505b4255196a2fc12649c895bd1d629049ee00295f4d3a4e8b88e57	"integrations:""قنوات التنبيه والإعدادات"",cfgNote:""<b>الحوكمة:</b> تُعرض الحالة (مُعدّ / غير مُعدّ) وآخر اختبار فقط. الرمز قناة محميات والبيانات تشغيل محمية (بوت تيليجرام، SMTP، البوابة) لا تُعرض أبدًا."","	Candidate evidence only; manual verification required.
EVD-2720b52d8174	INTEGRATION_DISCOVERY	INFERRED_FROM_SOURCE	apps/admin-console/index.html	index.html	1300	29f3e8fa5505b4255196a2fc12649c895bd1d629049ee00295f4d3a4e8b88e57	"titles:{overview:[""نظرة عامة"",""مركز عمليات DSP — لوحة الحوكمة والتشغيل""],users:[""المستخدمون"",""إدارة الحسابات والباقات وأوضاع اللوحة""],trials:[""التجارب"",""متابعة تجارب الـ١٦ يومًا ونية الترقية""],review:[""مراجعة التسجيل"",""قرارات مكافحة الإساءة والمراجعة اليدوية""],packages:[""الباقات"",""حدود الباقات المفروضة من الخادم""],payments:[""المدفوعات"",""حالات الاشتراك والاعتماد اليدوي""],layers:[""حوكمة الطبقات"",""١٦ طبقة · ٤ ظاهرة · ١٢ محميّة""],markets:[""الأسواق والأصول"",""حالة المحرّك ومصدر البيانات والتدقيق""],alerts:[""التنبيهات والإعدادات"",""حالة القنوات — البيانات تشغيل محمية مقنّعة دائمًا""],health:[""الصحة والن"	Candidate evidence only; manual verification required.
EVD-4c0e39e6b575	INTEGRATION_DISCOVERY	INFERRED_FROM_SOURCE	apps/admin-console/index.html	index.html	1304	29f3e8fa5505b4255196a2fc12649c895bd1d629049ee00295f4d3a4e8b88e57	"nOverview:""Overview"",nUsers:""Users"",nTrials:""Trials"",nReview:""Registration Review"",nPackages:""Packages"",nPayments:""Payments"","	Candidate evidence only; manual verification required.
EVD-44bd977955f0	INTEGRATION_DISCOVERY	INFERRED_FROM_SOURCE	apps/admin-console/index.html	index.html	1307	29f3e8fa5505b4255196a2fc12649c895bd1d629049ee00295f4d3a4e8b88e57	"kActive:""Active users"",kWeek:""this week"",kTrial:""Trial seats"",kSeatsLeft:""10 seats remaining"",kPending:""Pending payments"",kNeedReview:""need review"",kHealth:""System health"",kUptime:""last 30 days"","	Candidate evidence only; manual verification required.
EVD-ceb7f2cebbe6	INTEGRATION_DISCOVERY	INFERRED_FROM_SOURCE	apps/admin-console/index.html	index.html	1318	29f3e8fa5505b4255196a2fc12649c895bd1d629049ee00295f4d3a4e8b88e57	"ufAll:""All"",ufTrial:""Trial"",ufPaid:""Paid"",userSearch:""Search by name or email…"","	Candidate evidence only; manual verification required.
EVD-7fa37bbaca2d	INTEGRATION_DISCOVERY	INFERRED_FROM_SOURCE	apps/admin-console/index.html	index.html	1323	29f3e8fa5505b4255196a2fc12649c895bd1d629049ee00295f4d3a4e8b88e57	"payQueue:""Payments & Subscriptions"",payNote:""<b>Governance:</b> Payment logic stays server-side. No auto-activation without approval. Gateway protecteds (NOWPayments) never shown."","	Candidate evidence only; manual verification required.
EVD-7b90efb63d5d	INTEGRATION_DISCOVERY	INFERRED_FROM_SOURCE	apps/admin-console/index.html	index.html	1328	29f3e8fa5505b4255196a2fc12649c895bd1d629049ee00295f4d3a4e8b88e57	"integrations:""Alert Channels & Config"",cfgNote:""<b>Governance:</b> Only state (configured / not) and last test shown. Protected credentials & protecteds (Telegram bot, SMTP, gateway) are never shown."","	Candidate evidence only; manual verification required.
EVD-99342a6fcae3	INTEGRATION_DISCOVERY	INFERRED_FROM_SOURCE	apps/admin-console/index.html	index.html	1335	29f3e8fa5505b4255196a2fc12649c895bd1d629049ee00295f4d3a4e8b88e57	"titles:{overview:[""Overview"",""DSP Operations Center — governance & operations""],users:[""Users"",""Manage accounts, packages and dashboard modes""],trials:[""Trials"",""Track 16-day trials and upgrade intent""],review:[""Registration Review"",""Anti-abuse decisions and manual review""],packages:[""Packages"",""Server-enforced package limits""],payments:[""Payments"",""Subscription states and manual approval""],layers:[""Layer Governance"",""16 layers · 4 visible · 12 protected""],markets:[""Markets & Assets"",""Engine, data source and audit status""],alerts:[""Alerts & Config"",""Channel status — protecteds always masked""],"	Candidate evidence only; manual verification required.
EVD-b89fd1a4cd11	INTEGRATION_DISCOVERY	INFERRED_FROM_SOURCE	apps/admin-console/index.html	index.html	1351	29f3e8fa5505b4255196a2fc12649c895bd1d629049ee00295f4d3a4e8b88e57	"[[""تنبيهات"",""Alerts""],[""تنبيه واحد"",""1 alert""],[""أساسي"",""Basic""],[""تيليجرام"",""Telegram""],[""متعدد"",""Multi""]],"	Candidate evidence only; manual verification required.
EVD-44a8af07b559	INTEGRATION_DISCOVERY	INFERRED_FROM_SOURCE	apps/admin-console/index.html	index.html	1353	29f3e8fa5505b4255196a2fc12649c895bd1d629049ee00295f4d3a4e8b88e57	"[[""Webhooks"",""Webhooks""],[""لا"",""No""],[""لا"",""No""],[""لا"",""No""],[""نعم"",""Yes""]],"	Candidate evidence only; manual verification required.
EVD-aa009432bfba	INTEGRATION_DISCOVERY	INFERRED_FROM_SOURCE	apps/admin-console/ndsp-admin-controls.js	ndsp-admin-controls.js	37	ed1ff274c601cd4cfcda47bf0803ea814fc463825082cf5acc1655d7ad1705bc	"var email = safe(u.email || """");"	Candidate evidence only; manual verification required.
EVD-0190d8564165	INTEGRATION_DISCOVERY	INFERRED_FROM_SOURCE	apps/admin-console/ndsp-admin-controls.js	ndsp-admin-controls.js	42	ed1ff274c601cd4cfcda47bf0803ea814fc463825082cf5acc1655d7ad1705bc	"""<td><b>"" + (name || email || id) + ""</b><br><small>"" + email + ""</small></td>"" +"	Candidate evidence only; manual verification required.
EVD-29c77d1e932a	INTEGRATION_DISCOVERY	INFERRED_FROM_SOURCE	apps/admin-console/ndsp-admin-live-data-override.js	ndsp-admin-live-data-override.js	18	7bc7b7ae261c484789efbe35d5077f177122a117c6fac4e8625a52322a1fb54c	email: text(u.email || u.e),	Candidate evidence only; manual verification required.
EVD-6ff401e509bb	INTEGRATION_DISCOVERY	INFERRED_FROM_SOURCE	apps/admin-console/ndsp-admin-live-data-override.js	ndsp-admin-live-data-override.js	45	7bc7b7ae261c484789efbe35d5077f177122a117c6fac4e8625a52322a1fb54c	+ '<td>' + text(u.email) + '</td>'	Candidate evidence only; manual verification required.
EVD-1ddde319e35f	INTEGRATION_DISCOVERY	INFERRED_FROM_SOURCE	apps/admin-console/ndsp-admin-live-data-override.js	ndsp-admin-live-data-override.js	69	7bc7b7ae261c484789efbe35d5077f177122a117c6fac4e8625a52322a1fb54c	+ '<td>' + text(u.email) + '</td>'	Candidate evidence only; manual verification required.
EVD-854d25baaec0	INTEGRATION_DISCOVERY	INFERRED_FROM_SOURCE	apps/admin-console/research/NMP_Research_Level.html	NMP_Research_Level.html	36	b03a1938c3c26221d448485f128ca2f86c57e0fbac2934f6d537dddd3c617d14	"""Registration Review"":""مراجعة التسجيل"",""BUSINESS"":""الأعمال"",""Packages"":""الباقات"",""Payments"":""المدفوعات"","	Candidate evidence only; manual verification required.
EVD-3416a67f0b6e	INTEGRATION_DISCOVERY	INFERRED_FROM_SOURCE	apps/admin-console/research/NMP_Research_Level.html	NMP_Research_Level.html	38	b03a1938c3c26221d448485f128ca2f86c57e0fbac2934f6d537dddd3c617d14	"""Alerts & Config"":""التنبيهات والإعدادات"",""Email"":""البريد"",""Telegram"":""تيليجرام"",""Health"":""الصحة التشغيلية"",""Reports"":""التقارير"","	Candidate evidence only; manual verification required.
EVD-8655f696f381	INTEGRATION_DISCOVERY	INFERRED_FROM_SOURCE	apps/admin-console/research/NMP_Research_Level.html	NMP_Research_Level.html	132	b03a1938c3c26221d448485f128ca2f86c57e0fbac2934f6d537dddd3c617d14	"[""Overview"",""Users"",""Trials"",""Registration Review"",""Packages"",""Payments"",""Layer Governance"",""NMP Research Lab"",""Health"",""Reports"",""Backups"",""نظرة عامة"",""المستخدمون"",""التجارب"",""الباقات"",""المدفوعات""].forEach(function(x){"	Candidate evidence only; manual verification required.
EVD-2863c8933bfd	INTEGRATION_DISCOVERY	INFERRED_FROM_SOURCE	apps/admin-console/research/TDL_Research_Lab.html	TDL_Research_Lab.html	52	caa934c838d7c24cee25584d69caef0543a3e7601a22b15165904c7f9c0ec2ff	"""Registration Review"":""مراجعة التسجيل"",""BUSINESS"":""الأعمال"",""Packages"":""الباقات"",""Payments"":""المدفوعات"","	Candidate evidence only; manual verification required.
EVD-603ddb1ab4ca	INTEGRATION_DISCOVERY	INFERRED_FROM_SOURCE	apps/admin-console/research/TDL_Research_Lab.html	TDL_Research_Lab.html	54	caa934c838d7c24cee25584d69caef0543a3e7601a22b15165904c7f9c0ec2ff	"""Alerts & Config"":""التنبيهات والإعدادات"",""Email"":""البريد"",""Telegram"":""تيليجرام"",""Health"":""الصحة التشغيلية"",""Reports"":""التقارير"","	Candidate evidence only; manual verification required.
EVD-af4dcd69dac3	INTEGRATION_DISCOVERY	INFERRED_FROM_SOURCE	apps/admin-console/research/TDL_Research_Lab.html	TDL_Research_Lab.html	148	caa934c838d7c24cee25584d69caef0543a3e7601a22b15165904c7f9c0ec2ff	"[""Overview"",""Users"",""Trials"",""Registration Review"",""Packages"",""Payments"",""Layer Governance"",""NMP Research Lab"",""Health"",""Reports"",""Backups"",""نظرة عامة"",""المستخدمون"",""التجارب"",""الباقات"",""المدفوعات""].forEach(function(x){"	Candidate evidence only; manual verification required.
EVD-d0117c34507e	INTEGRATION_DISCOVERY	INFERRED_FROM_SOURCE	apps/ndsp-raw-cot-gateway/app.py	app.py	89	767a6b8c81e4edc2b44b7bd113dcf27e4aa60ecc5b227d465b300e9818f56618	"return [""GOLD"", ""GOLD - COMMODITY EXCHANGE""]"	Candidate evidence only; manual verification required.
EVD-6519f068cbbc	INTEGRATION_DISCOVERY	INFERRED_FROM_SOURCE	apps/ndsp-raw-cot-gateway/app.py	app.py	91	767a6b8c81e4edc2b44b7bd113dcf27e4aa60ecc5b227d465b300e9818f56618	"return [""SILVER"", ""SILVER - COMMODITY EXCHANGE""]"	Candidate evidence only; manual verification required.
EVD-37396245f574	INTEGRATION_DISCOVERY	INFERRED_FROM_SOURCE	apps/ndsp-raw-cot-gateway/app.py	app.py	179	767a6b8c81e4edc2b44b7bd113dcf27e4aa60ecc5b227d465b300e9818f56618	"""exchange"": match[4].strip() if len(match) > 4 else None,"	Candidate evidence only; manual verification required.
EVD-0e7d4fe3ea2b	INTEGRATION_DISCOVERY	INFERRED_FROM_SOURCE	apps/public-landing/NDSP_Landing.html	NDSP_Landing.html	2	d720951352f0eab361af86a4969b471e9fc61c0402eca71ab217f8e8d3897130	"</head><body class=""bg-background font-sans antialiased""><div hidden=""""><!--$--><!--/$--></div><main dir=""rtl"" class=""min-h-screen bg-background text-foreground""><section class=""relative overflow-hidden border-b border-border bg-[radial-gradient(circle_at_top_left,rgba(245,199,83,0.12),transparent_36%),linear-gradient(180deg,rgba(255,255,255,0.04),transparent)]""><div class=""mx-auto flex max-w-7xl flex-col gap-12 px-6 py-10 lg:px-10 lg:py-16""><header class=""flex items-center justify-between gap-4""><div class=""flex items-center gap-3""><span class=""flex h-12 w-12 items-center justify-center round"	Candidate evidence only; manual verification required.
EVD-cf5467cee43a	INTEGRATION_DISCOVERY	INFERRED_FROM_SOURCE	apps/public-landing/index.html	index.html	3	494b3658019be59cf9c91d92d422a47d4db38575f04403f9a94bbdbecaa188e3	"</head><body class=""bg-background font-sans antialiased""><div hidden=""""><!--$--><!--/$--></div><main dir=""rtl"" class=""min-h-screen bg-background text-foreground""><section class=""relative overflow-hidden border-b border-border bg-[radial-gradient(circle_at_top_left,rgba(245,199,83,0.12),transparent_36%),linear-gradient(180deg,rgba(255,255,255,0.04),transparent)]""><div class=""mx-auto flex max-w-7xl flex-col gap-12 px-6 py-10 lg:px-10 lg:py-16""><header class=""flex items-center justify-between gap-4""><div class=""flex items-center gap-3""><span class=""flex h-12 w-12 items-center justify-center round"	Candidate evidence only; manual verification required.
EVD-ad972e5d3454	INTEGRATION_DISCOVERY	INFERRED_FROM_SOURCE	backend/.env.example	.env.example	34	b3568d9f0d5500e6da46b044553b5827508c9a90fdfda670264c7862cf2a140c	# --- Market data provider (server-side only) ---	Candidate evidence only; manual verification required.
EVD-7f697869540c	INTEGRATION_DISCOVERY	INFERRED_FROM_SOURCE	backend/.env.example	.env.example	35	b3568d9f0d5500e6da46b044553b5827508c9a90fdfda670264c7862cf2a140c	MARKET_DATA_PROVIDER=twelvedata	Candidate evidence only; manual verification required.
EVD-600453c63a21	INTEGRATION_DISCOVERY	INFERRED_FROM_SOURCE	backend/.env.example	.env.example	38	b3568d9f0d5500e6da46b044553b5827508c9a90fdfda670264c7862cf2a140c	# --- Payment gateway (server-side only) ---	Candidate evidence only; manual verification required.
EVD-1584ac6c5919	INTEGRATION_DISCOVERY	INFERRED_FROM_SOURCE	backend/.env.example	.env.example	39	b3568d9f0d5500e6da46b044553b5827508c9a90fdfda670264c7862cf2a140c	NOWPAYMENTS_API_KEY=	Candidate evidence only; manual verification required.
EVD-a21ae49d6280	INTEGRATION_DISCOVERY	INFERRED_FROM_SOURCE	backend/.env.example	.env.example	40	b3568d9f0d5500e6da46b044553b5827508c9a90fdfda670264c7862cf2a140c	NOWPAYMENTS_IPN_SECRET=	Candidate evidence only; manual verification required.
EVD-caa3242fd4ec	INTEGRATION_DISCOVERY	INFERRED_FROM_SOURCE	backend/.env.example	.env.example	42	b3568d9f0d5500e6da46b044553b5827508c9a90fdfda670264c7862cf2a140c	# --- Telegram (server-side only) ---	Candidate evidence only; manual verification required.
EVD-3aa8fbd179f6	INTEGRATION_DISCOVERY	INFERRED_FROM_SOURCE	backend/.env.example	.env.example	43	b3568d9f0d5500e6da46b044553b5827508c9a90fdfda670264c7862cf2a140c	TELEGRAM_BOT_TOKEN=REDACTED	Candidate evidence only; manual verification required.
EVD-4e8374ca604c	INTEGRATION_DISCOVERY	INFERRED_FROM_SOURCE	backend/.env.example	.env.example	45	b3568d9f0d5500e6da46b044553b5827508c9a90fdfda670264c7862cf2a140c	# --- SMTP (server-side only) ---	Candidate evidence only; manual verification required.
EVD-2995567d5356	INTEGRATION_DISCOVERY	INFERRED_FROM_SOURCE	backend/.env.example	.env.example	46	b3568d9f0d5500e6da46b044553b5827508c9a90fdfda670264c7862cf2a140c	SMTP_HOST=	Candidate evidence only; manual verification required.
EVD-dddd659b8f2d	INTEGRATION_DISCOVERY	INFERRED_FROM_SOURCE	backend/.env.example	.env.example	47	b3568d9f0d5500e6da46b044553b5827508c9a90fdfda670264c7862cf2a140c	SMTP_PORT=587	Candidate evidence only; manual verification required.
EVD-8bddf0f7bafb	INTEGRATION_DISCOVERY	INFERRED_FROM_SOURCE	backend/.env.example	.env.example	48	b3568d9f0d5500e6da46b044553b5827508c9a90fdfda670264c7862cf2a140c	SMTP_USER=	Candidate evidence only; manual verification required.
EVD-4a79108eb057	INTEGRATION_DISCOVERY	INFERRED_FROM_SOURCE	backend/.env.example	.env.example	49	b3568d9f0d5500e6da46b044553b5827508c9a90fdfda670264c7862cf2a140c	SMTP_PASS=	Candidate evidence only; manual verification required.
EVD-7ceb50ce6efc	INTEGRATION_DISCOVERY	INFERRED_FROM_SOURCE	backend/.env.example	.env.example	50	b3568d9f0d5500e6da46b044553b5827508c9a90fdfda670264c7862cf2a140c	SMTP_FROM=no-reply@ndsp.app	Candidate evidence only; manual verification required.
EVD-a788798988b6	INTEGRATION_DISCOVERY	INFERRED_FROM_SOURCE	backend/.env.telegram.example	.env.telegram.example	1	87a0cf499fcbda3fbcee1192de9b3103ce1291a412888421592b680422dee4e6	TELEGRAM_BOT_TOKEN=REDACTED	Candidate evidence only; manual verification required.
EVD-b26d5a58b203	INTEGRATION_DISCOVERY	INFERRED_FROM_SOURCE	backend/.env.telegram.example	.env.telegram.example	2	87a0cf499fcbda3fbcee1192de9b3103ce1291a412888421592b680422dee4e6	TELEGRAM_CHAT_ID=	Candidate evidence only; manual verification required.
EVD-67bd17d9bd7e	INTEGRATION_DISCOVERY	INFERRED_FROM_SOURCE	backend/.env.telegram.example	.env.telegram.example	4	87a0cf499fcbda3fbcee1192de9b3103ce1291a412888421592b680422dee4e6	# TELEGRAM_CHAT_IDS=-1001234567890,-1009876543210	Candidate evidence only; manual verification required.
EVD-de77bf40e87f	INTEGRATION_DISCOVERY	INFERRED_FROM_SOURCE	backend/admin_users_official_api/server.js	server.js	101	e7cecf317a401c4b4b4c5f16a63c05fec922b15d68741f1d05704e099b997006	'email', j->>'email',	Candidate evidence only; manual verification required.
EVD-69fee742147c	INTEGRATION_DISCOVERY	INFERRED_FROM_SOURCE	backend/app/api/admin/telegram_routing_admin.py	telegram_routing_admin.py	13	ecf58f385501eb7f047d5a5d28f748035b8f2bb862a16a7a446d94f0bb048beb	"router = APIRouter(prefix=""/api/admin/telegram-routing"", tags=[""telegram-routing-admin""])"	Candidate evidence only; manual verification required.
EVD-901492340549	INTEGRATION_DISCOVERY	INFERRED_FROM_SOURCE	backend/app/api/admin/telegram_routing_admin.py	telegram_routing_admin.py	32	ecf58f385501eb7f047d5a5d28f748035b8f2bb862a16a7a446d94f0bb048beb	"_read_env_file(""/etc/ndsp/ndsp-telegram.env"")"	Candidate evidence only; manual verification required.
EVD-1473b40b4c91	INTEGRATION_DISCOVERY	INFERRED_FROM_SOURCE	backend/app/api/admin/telegram_routing_admin.py	telegram_routing_admin.py	33	ecf58f385501eb7f047d5a5d28f748035b8f2bb862a16a7a446d94f0bb048beb	"_read_env_file(""/etc/ndsp/ndsp-telegram-routing.env"")"	Candidate evidence only; manual verification required.
EVD-07e0aa2c31c9	INTEGRATION_DISCOVERY	INFERRED_FROM_SOURCE	backend/app/api/admin/telegram_routing_admin.py	telegram_routing_admin.py	103	ecf58f385501eb7f047d5a5d28f748035b8f2bb862a16a7a446d94f0bb048beb	CREATE TABLE IF NOT EXISTS ndsp_telegram_delivery_routes (	Candidate evidence only; manual verification required.
EVD-2eb0bdb72f63	INTEGRATION_DISCOVERY	INFERRED_FROM_SOURCE	backend/app/api/admin/telegram_routing_admin.py	telegram_routing_admin.py	119	ecf58f385501eb7f047d5a5d28f748035b8f2bb862a16a7a446d94f0bb048beb	ALTER TABLE ndsp_telegram_delivery_routes	Candidate evidence only; manual verification required.
EVD-d3bcf491e5da	INTEGRATION_DISCOVERY	INFERRED_FROM_SOURCE	backend/app/api/admin/telegram_routing_admin.py	telegram_routing_admin.py	125	ecf58f385501eb7f047d5a5d28f748035b8f2bb862a16a7a446d94f0bb048beb	INSERT INTO ndsp_telegram_delivery_routes	Candidate evidence only; manual verification required.
EVD-6aadfb2ef512	INTEGRATION_DISCOVERY	INFERRED_FROM_SOURCE	backend/app/api/admin/telegram_routing_admin.py	telegram_routing_admin.py	128	ecf58f385501eb7f047d5a5d28f748035b8f2bb862a16a7a446d94f0bb048beb	('free', false, 'none', NULL, 0, 'Free package has no Telegram alerts'),	Candidate evidence only; manual verification required.
EVD-8e29303bcdbc	INTEGRATION_DISCOVERY	INFERRED_FROM_SOURCE	backend/app/api/admin/telegram_routing_admin.py	telegram_routing_admin.py	129	ecf58f385501eb7f047d5a5d28f748035b8f2bb862a16a7a446d94f0bb048beb	('pro', true, 'channel', '-1003491841685', 25, 'Pro limited Telegram alerts'),	Candidate evidence only; manual verification required.
EVD-a25127a91a9e	INTEGRATION_DISCOVERY	INFERRED_FROM_SOURCE	backend/app/api/admin/telegram_routing_admin.py	telegram_routing_admin.py	130	ecf58f385501eb7f047d5a5d28f748035b8f2bb862a16a7a446d94f0bb048beb	('elite', true, 'channel', '-1003793881886', 250, 'Elite advanced Telegram alerts'),	Candidate evidence only; manual verification required.
EVD-8e8816fb49ff	INTEGRATION_DISCOVERY	INFERRED_FROM_SOURCE	backend/app/api/admin/telegram_routing_admin.py	telegram_routing_admin.py	131	ecf58f385501eb7f047d5a5d28f748035b8f2bb862a16a7a446d94f0bb048beb	('saas', true, 'channel', '-1003918395339', NULL, 'SaaS contract-based Telegram alerts'),	Candidate evidence only; manual verification required.
EVD-303600e27a97	INTEGRATION_DISCOVERY	INFERRED_FROM_SOURCE	backend/app/api/admin/telegram_routing_admin.py	telegram_routing_admin.py	161	ecf58f385501eb7f047d5a5d28f748035b8f2bb862a16a7a446d94f0bb048beb	FROM ndsp_telegram_delivery_routes	Candidate evidence only; manual verification required.
EVD-6f7564e7c909	INTEGRATION_DISCOVERY	INFERRED_FROM_SOURCE	backend/app/api/admin/telegram_routing_admin.py	telegram_routing_admin.py	217	ecf58f385501eb7f047d5a5d28f748035b8f2bb862a16a7a446d94f0bb048beb	INSERT INTO ndsp_telegram_delivery_routes	Candidate evidence only; manual verification required.
EVD-61e5b38b7403	INTEGRATION_DISCOVERY	INFERRED_FROM_SOURCE	backend/app/api/admin/telegram_routing_admin.py	telegram_routing_admin.py	257	ecf58f385501eb7f047d5a5d28f748035b8f2bb862a16a7a446d94f0bb048beb	"token = REDACTED""TELEGRAM_BOT_TOKEN"")"	Candidate evidence only; manual verification required.
EVD-43200d8b73e8	INTEGRATION_DISCOVERY	INFERRED_FROM_SOURCE	backend/app/api/admin/telegram_routing_admin.py	telegram_routing_admin.py	259	ecf58f385501eb7f047d5a5d28f748035b8f2bb862a16a7a446d94f0bb048beb	"raise HTTPException(status_code=500, detail=""TELEGRAM_BOT_TOKEN_MISSING"")"	Candidate evidence only; manual verification required.
EVD-d67484a38c0d	INTEGRATION_DISCOVERY	INFERRED_FROM_SOURCE	backend/app/api/admin/telegram_routing_admin.py	telegram_routing_admin.py	263	ecf58f385501eb7f047d5a5d28f748035b8f2bb862a16a7a446d94f0bb048beb	"cur.execute(""SELECT enabled, chat_id FROM ndsp_telegram_delivery_routes WHERE plan_code=%s LIMIT 1;"", (plan,))"	Candidate evidence only; manual verification required.
EVD-57f88a638cf4	INTEGRATION_DISCOVERY	INFERRED_FROM_SOURCE	backend/app/api/admin/telegram_routing_admin.py	telegram_routing_admin.py	272	ecf58f385501eb7f047d5a5d28f748035b8f2bb862a16a7a446d94f0bb048beb	"text = payload.text or f""NDSP Admin Telegram Channel Test — {plan.upper()}"""	Candidate evidence only; manual verification required.
EVD-e1832e80878a	INTEGRATION_DISCOVERY	INFERRED_FROM_SOURCE	backend/app/api/admin/telegram_routing_admin.py	telegram_routing_admin.py	278	ecf58f385501eb7f047d5a5d28f748035b8f2bb862a16a7a446d94f0bb048beb	"req = urllib.request.Request(f""https://api.telegram.org/bot{token}/sendMessage"", data=data, method=""POST"")"	Candidate evidence only; manual verification required.
EVD-2d9ef1761033	INTEGRATION_DISCOVERY	INFERRED_FROM_SOURCE	backend/app/api/admin/telegram_routing_admin.py	telegram_routing_admin.py	287	ecf58f385501eb7f047d5a5d28f748035b8f2bb862a16a7a446d94f0bb048beb	"detail = f""TELEGRAM_SEND_FAILED: {e}"""	Candidate evidence only; manual verification required.
EVD-0dc95f28f895	INTEGRATION_DISCOVERY	INFERRED_FROM_SOURCE	backend/app/api/admin/telegram_routing_admin.py	telegram_routing_admin.py	292	ecf58f385501eb7f047d5a5d28f748035b8f2bb862a16a7a446d94f0bb048beb	UPDATE ndsp_telegram_delivery_routes	Candidate evidence only; manual verification required.
EVD-2004cc3b2c1f	INTEGRATION_DISCOVERY	INFERRED_FROM_SOURCE	backend/app/api/admin/telegram_routing_admin.py	telegram_routing_admin.py	304	ecf58f385501eb7f047d5a5d28f748035b8f2bb862a16a7a446d94f0bb048beb	"""telegram"": {""ok"": parsed.get(""ok""), ""message_id"": ((parsed.get(""result"") or {}).get(""message_id""))},"	Candidate evidence only; manual verification required.
EVD-8e2b2e7c4976	INTEGRATION_DISCOVERY	INFERRED_FROM_SOURCE	backend/app/api/admin/telegram_routing_v2.py	telegram_routing_v2.py	13	4c4fa399167f216140e28246a348f9b99e0e88e59f0978d096b29574aca53e8d	"router = APIRouter(prefix=""/api/admin/telegram-routing-v2"", tags=[""telegram-routing-v2""])"	Candidate evidence only; manual verification required.
EVD-665fa3415403	INTEGRATION_DISCOVERY	INFERRED_FROM_SOURCE	backend/app/api/admin/telegram_routing_v2.py	telegram_routing_v2.py	36	4c4fa399167f216140e28246a348f9b99e0e88e59f0978d096b29574aca53e8d	"read_env_file(""/etc/ndsp/ndsp-telegram.env"")"	Candidate evidence only; manual verification required.
EVD-d9eb67636b8f	INTEGRATION_DISCOVERY	INFERRED_FROM_SOURCE	backend/app/api/admin/telegram_routing_v2.py	telegram_routing_v2.py	37	4c4fa399167f216140e28246a348f9b99e0e88e59f0978d096b29574aca53e8d	"read_env_file(""/etc/ndsp/ndsp-telegram-routing.env"")"	Candidate evidence only; manual verification required.
EVD-b5fdca570246	INTEGRATION_DISCOVERY	INFERRED_FROM_SOURCE	backend/app/api/admin/telegram_routing_v2.py	telegram_routing_v2.py	121	4c4fa399167f216140e28246a348f9b99e0e88e59f0978d096b29574aca53e8d	CREATE TABLE IF NOT EXISTS ndsp_telegram_delivery_routes (	Candidate evidence only; manual verification required.
EVD-6960bef231f0	INTEGRATION_DISCOVERY	INFERRED_FROM_SOURCE	backend/app/api/admin/telegram_routing_v2.py	telegram_routing_v2.py	137	4c4fa399167f216140e28246a348f9b99e0e88e59f0978d096b29574aca53e8d	ALTER TABLE ndsp_telegram_delivery_routes	Candidate evidence only; manual verification required.
EVD-1f1aded19ae6	INTEGRATION_DISCOVERY	INFERRED_FROM_SOURCE	backend/app/api/admin/telegram_routing_v2.py	telegram_routing_v2.py	143	4c4fa399167f216140e28246a348f9b99e0e88e59f0978d096b29574aca53e8d	INSERT INTO ndsp_telegram_delivery_routes	Candidate evidence only; manual verification required.
EVD-dfdc0d992ac3	INTEGRATION_DISCOVERY	INFERRED_FROM_SOURCE	backend/app/api/admin/telegram_routing_v2.py	telegram_routing_v2.py	146	4c4fa399167f216140e28246a348f9b99e0e88e59f0978d096b29574aca53e8d	('free', false, 'none', NULL, 0, 'Free package has no Telegram alerts'),	Candidate evidence only; manual verification required.
EVD-a4d642c0338d	INTEGRATION_DISCOVERY	INFERRED_FROM_SOURCE	backend/app/api/admin/telegram_routing_v2.py	telegram_routing_v2.py	147	4c4fa399167f216140e28246a348f9b99e0e88e59f0978d096b29574aca53e8d	('pro', true, 'channel', '-1003491841685', 25, 'Pro Telegram alerts'),	Candidate evidence only; manual verification required.
EVD-0cf2e7544d90	INTEGRATION_DISCOVERY	INFERRED_FROM_SOURCE	backend/app/api/admin/telegram_routing_v2.py	telegram_routing_v2.py	148	4c4fa399167f216140e28246a348f9b99e0e88e59f0978d096b29574aca53e8d	('elite', true, 'channel', '-1003793881886', 250, 'Elite Telegram alerts'),	Candidate evidence only; manual verification required.
EVD-374acaf5fbe3	INTEGRATION_DISCOVERY	INFERRED_FROM_SOURCE	backend/app/api/admin/telegram_routing_v2.py	telegram_routing_v2.py	149	4c4fa399167f216140e28246a348f9b99e0e88e59f0978d096b29574aca53e8d	('saas', true, 'channel', '-1003918395339', NULL, 'SaaS Telegram alerts'),	Candidate evidence only; manual verification required.
EVD-bdd4448a84fa	INTEGRATION_DISCOVERY	INFERRED_FROM_SOURCE	backend/app/api/admin/telegram_routing_v2.py	telegram_routing_v2.py	150	4c4fa399167f216140e28246a348f9b99e0e88e59f0978d096b29574aca53e8d	('institutional_suite', true, 'channel', '-1003918395339', NULL, 'Institutional Suite Telegram alerts')	Candidate evidence only; manual verification required.
EVD-fc9f63abec69	INTEGRATION_DISCOVERY	INFERRED_FROM_SOURCE	backend/app/api/admin/telegram_routing_v2.py	telegram_routing_v2.py	181	4c4fa399167f216140e28246a348f9b99e0e88e59f0978d096b29574aca53e8d	FROM ndsp_telegram_delivery_routes	Candidate evidence only; manual verification required.
EVD-a45330868baa	INTEGRATION_DISCOVERY	INFERRED_FROM_SOURCE	backend/app/api/admin/telegram_routing_v2.py	telegram_routing_v2.py	243	4c4fa399167f216140e28246a348f9b99e0e88e59f0978d096b29574aca53e8d	INSERT INTO ndsp_telegram_delivery_routes	Candidate evidence only; manual verification required.
EVD-15fda37e89cc	INTEGRATION_DISCOVERY	INFERRED_FROM_SOURCE	backend/app/api/admin/telegram_routing_v2.py	telegram_routing_v2.py	289	4c4fa399167f216140e28246a348f9b99e0e88e59f0978d096b29574aca53e8d	"token = REDACTED""TELEGRAM_BOT_TOKEN"")"	Candidate evidence only; manual verification required.
EVD-0bc6138fcdcd	INTEGRATION_DISCOVERY	INFERRED_FROM_SOURCE	backend/app/api/admin/telegram_routing_v2.py	telegram_routing_v2.py	291	4c4fa399167f216140e28246a348f9b99e0e88e59f0978d096b29574aca53e8d	"raise HTTPException(status_code=500, detail=""TELEGRAM_BOT_TOKEN_MISSING"")"	Candidate evidence only; manual verification required.
EVD-64701c7bb711	INTEGRATION_DISCOVERY	INFERRED_FROM_SOURCE	backend/app/api/admin/telegram_routing_v2.py	telegram_routing_v2.py	299	4c4fa399167f216140e28246a348f9b99e0e88e59f0978d096b29574aca53e8d	FROM ndsp_telegram_delivery_routes	Candidate evidence only; manual verification required.
EVD-72e56d8ad02e	INTEGRATION_DISCOVERY	INFERRED_FROM_SOURCE	backend/app/api/admin/telegram_routing_v2.py	telegram_routing_v2.py	314	4c4fa399167f216140e28246a348f9b99e0e88e59f0978d096b29574aca53e8d	"text = payload.text or f""NDSP Admin Telegram Channel Test — {plan.upper()}"""	Candidate evidence only; manual verification required.
EVD-3bf71513189c	INTEGRATION_DISCOVERY	INFERRED_FROM_SOURCE	backend/app/api/admin/telegram_routing_v2.py	telegram_routing_v2.py	329	4c4fa399167f216140e28246a348f9b99e0e88e59f0978d096b29574aca53e8d	"f""https://api.telegram.org/bot{token}/sendMessage"","	Candidate evidence only; manual verification required.
EVD-a11a2dc64fde	INTEGRATION_DISCOVERY	INFERRED_FROM_SOURCE	backend/app/api/admin/telegram_routing_v2.py	telegram_routing_v2.py	340	4c4fa399167f216140e28246a348f9b99e0e88e59f0978d096b29574aca53e8d	"detail = f""TELEGRAM_SEND_FAILED: {e}"""	Candidate evidence only; manual verification required.
EVD-72a5b88ba24a	INTEGRATION_DISCOVERY	INFERRED_FROM_SOURCE	backend/app/api/admin/telegram_routing_v2.py	telegram_routing_v2.py	346	4c4fa399167f216140e28246a348f9b99e0e88e59f0978d096b29574aca53e8d	UPDATE ndsp_telegram_delivery_routes	Candidate evidence only; manual verification required.
EVD-63bbe9b9d9b0	INTEGRATION_DISCOVERY	INFERRED_FROM_SOURCE	backend/app/api/compat/nowpayments_create_alias.py	nowpayments_create_alias.py	13	e192423d5dbc844fcf401f13c2be4399f670d6057489b8c6a9be2489553ae87c	"router = APIRouter(tags=[""ndsp-nowpayments-create-alias""])"	Candidate evidence only; manual verification required.
EVD-3979d96d3d36	INTEGRATION_DISCOVERY	INFERRED_FROM_SOURCE	backend/app/api/compat/nowpayments_create_alias.py	nowpayments_create_alias.py	64	e192423d5dbc844fcf401f13c2be4399f670d6057489b8c6a9be2489553ae87c	def normalize_email(v: Any) -> str:	Candidate evidence only; manual verification required.
EVD-569bd2609650	INTEGRATION_DISCOVERY	INFERRED_FROM_SOURCE	backend/app/api/compat/nowpayments_create_alias.py	nowpayments_create_alias.py	70	e192423d5dbc844fcf401f13c2be4399f670d6057489b8c6a9be2489553ae87c	"@router.get(""/api/ndsp/nowpayments-create-alias/health"")"	Candidate evidence only; manual verification required.
EVD-6e51be5ebe1a	INTEGRATION_DISCOVERY	INFERRED_FROM_SOURCE	backend/app/api/compat/nowpayments_create_alias.py	nowpayments_create_alias.py	74	e192423d5dbc844fcf401f13c2be4399f670d6057489b8c6a9be2489553ae87c	"""service"": ""ndsp-nowpayments-create-alias"","	Candidate evidence only; manual verification required.
EVD-7406473eac1e	INTEGRATION_DISCOVERY	INFERRED_FROM_SOURCE	backend/app/api/compat/nowpayments_create_alias.py	nowpayments_create_alias.py	77	e192423d5dbc844fcf401f13c2be4399f670d6057489b8c6a9be2489553ae87c	"""/api/v6/payments/nowpayments/subscription/create"","	Candidate evidence only; manual verification required.
EVD-a10c4625651e	INTEGRATION_DISCOVERY	INFERRED_FROM_SOURCE	backend/app/api/compat/nowpayments_create_alias.py	nowpayments_create_alias.py	78	e192423d5dbc844fcf401f13c2be4399f670d6057489b8c6a9be2489553ae87c	"""/api/payments/nowpayments/subscription/create"","	Candidate evidence only; manual verification required.
EVD-2fd8692ce38d	INTEGRATION_DISCOVERY	INFERRED_FROM_SOURCE	backend/app/api/compat/nowpayments_create_alias.py	nowpayments_create_alias.py	82	e192423d5dbc844fcf401f13c2be4399f670d6057489b8c6a9be2489553ae87c	"@router.post(""/api/v6/payments/nowpayments/subscription/create"")"	Candidate evidence only; manual verification required.
EVD-14b7c915df76	INTEGRATION_DISCOVERY	INFERRED_FROM_SOURCE	backend/app/api/compat/nowpayments_create_alias.py	nowpayments_create_alias.py	83	e192423d5dbc844fcf401f13c2be4399f670d6057489b8c6a9be2489553ae87c	"@router.post(""/api/payments/nowpayments/subscription/create"")"	Candidate evidence only; manual verification required.
EVD-97a0b74420cf	INTEGRATION_DISCOVERY	INFERRED_FROM_SOURCE	backend/app/api/compat/nowpayments_create_alias.py	nowpayments_create_alias.py	84	e192423d5dbc844fcf401f13c2be4399f670d6057489b8c6a9be2489553ae87c	async def create_subscription_payment(request: Request):	Candidate evidence only; manual verification required.
EVD-624612b367b2	INTEGRATION_DISCOVERY	INFERRED_FROM_SOURCE	backend/app/api/compat/nowpayments_create_alias.py	nowpayments_create_alias.py	87	e192423d5dbc844fcf401f13c2be4399f670d6057489b8c6a9be2489553ae87c	"email = normalize_email(payload.get(""email"") or payload.get(""user_email""))"	Candidate evidence only; manual verification required.
EVD-fe8c0690a601	INTEGRATION_DISCOVERY	INFERRED_FROM_SOURCE	backend/app/api/compat/nowpayments_create_alias.py	nowpayments_create_alias.py	94	e192423d5dbc844fcf401f13c2be4399f670d6057489b8c6a9be2489553ae87c	if not email:	Candidate evidence only; manual verification required.
EVD-4fcb6adc577e	INTEGRATION_DISCOVERY	INFERRED_FROM_SOURCE	backend/app/api/compat/nowpayments_create_alias.py	nowpayments_create_alias.py	95	e192423d5dbc844fcf401f13c2be4399f670d6057489b8c6a9be2489553ae87c	"raise HTTPException(status_code=400, detail={""ok"": False, ""error"": ""EMAIL_REQUIRED""})"	Candidate evidence only; manual verification required.
EVD-b3c1e81315d7	INTEGRATION_DISCOVERY	INFERRED_FROM_SOURCE	backend/app/api/compat/nowpayments_create_alias.py	nowpayments_create_alias.py	108	e192423d5dbc844fcf401f13c2be4399f670d6057489b8c6a9be2489553ae87c	INSERT INTO ndsp_nowpayments_payments	Candidate evidence only; manual verification required.
EVD-0c9b1aaa6bc1	INTEGRATION_DISCOVERY	INFERRED_FROM_SOURCE	backend/app/api/compat/nowpayments_create_alias.py	nowpayments_create_alias.py	111	e192423d5dbc844fcf401f13c2be4399f670d6057489b8c6a9be2489553ae87c	user_email,	Candidate evidence only; manual verification required.
EVD-8b5b1ae7319d	INTEGRATION_DISCOVERY	INFERRED_FROM_SOURCE	backend/app/api/compat/nowpayments_create_alias.py	nowpayments_create_alias.py	116	e192423d5dbc844fcf401f13c2be4399f670d6057489b8c6a9be2489553ae87c	payment_status,	Candidate evidence only; manual verification required.
EVD-a6bc7f450de7	INTEGRATION_DISCOVERY	INFERRED_FROM_SOURCE	backend/app/api/compat/nowpayments_create_alias.py	nowpayments_create_alias.py	137	e192423d5dbc844fcf401f13c2be4399f670d6057489b8c6a9be2489553ae87c	RETURNING id, order_id, user_email, plan_code, status, payment_status, currency, network, created_at;	Candidate evidence only; manual verification required.
EVD-dc33606e7fa4	INTEGRATION_DISCOVERY	INFERRED_FROM_SOURCE	backend/app/api/compat/nowpayments_create_alias.py	nowpayments_create_alias.py	140	e192423d5dbc844fcf401f13c2be4399f670d6057489b8c6a9be2489553ae87c	email,	Candidate evidence only; manual verification required.
EVD-377cd5b5d0b3	INTEGRATION_DISCOVERY	INFERRED_FROM_SOURCE	backend/app/api/compat/nowpayments_create_alias.py	nowpayments_create_alias.py	147	e192423d5dbc844fcf401f13c2be4399f670d6057489b8c6a9be2489553ae87c	"json.dumps({""provider"": ""nowpayments"", ""mode"": ""manual_review_required""}, ensure_ascii=False),"	Candidate evidence only; manual verification required.
EVD-cb694c5365bf	INTEGRATION_DISCOVERY	INFERRED_FROM_SOURCE	backend/app/api/compat/nowpayments_create_alias.py	nowpayments_create_alias.py	153	e192423d5dbc844fcf401f13c2be4399f670d6057489b8c6a9be2489553ae87c	"""provider"": ""nowpayments"","	Candidate evidence only; manual verification required.
EVD-c6bba1f65227	INTEGRATION_DISCOVERY	INFERRED_FROM_SOURCE	backend/app/api/compat/nowpayments_create_alias.py	nowpayments_create_alias.py	155	e192423d5dbc844fcf401f13c2be4399f670d6057489b8c6a9be2489553ae87c	"""payment"": {"	Candidate evidence only; manual verification required.
EVD-ee16e3375749	INTEGRATION_DISCOVERY	INFERRED_FROM_SOURCE	backend/app/api/compat/user_operational_compat.py	user_operational_compat.py	34	b7189c7278c0e45ce71f66fb1c1b2b5debeaeb9b77331aa5c745f142af1b7448	"""/etc/ndsp/ndsp-telegram.env"","	Candidate evidence only; manual verification required.
EVD-8257b77e9013	INTEGRATION_DISCOVERY	INFERRED_FROM_SOURCE	backend/app/api/compat/user_operational_compat.py	user_operational_compat.py	35	b7189c7278c0e45ce71f66fb1c1b2b5debeaeb9b77331aa5c745f142af1b7448	"""/etc/ndsp/ndsp-telegram-routing.env"","	Candidate evidence only; manual verification required.
EVD-adb9e24293bc	INTEGRATION_DISCOVERY	INFERRED_FROM_SOURCE	backend/app/api/compat/user_operational_compat.py	user_operational_compat.py	68	b7189c7278c0e45ce71f66fb1c1b2b5debeaeb9b77331aa5c745f142af1b7448	def normalize_email(v: Any) -> str:	Candidate evidence only; manual verification required.
EVD-760df744e84b	INTEGRATION_DISCOVERY	INFERRED_FROM_SOURCE	backend/app/api/compat/user_operational_compat.py	user_operational_compat.py	77	b7189c7278c0e45ce71f66fb1c1b2b5debeaeb9b77331aa5c745f142af1b7448	email TEXT UNIQUE,	Candidate evidence only; manual verification required.
EVD-81542a800c69	INTEGRATION_DISCOVERY	INFERRED_FROM_SOURCE	backend/app/api/compat/user_operational_compat.py	user_operational_compat.py	80	b7189c7278c0e45ce71f66fb1c1b2b5debeaeb9b77331aa5c745f142af1b7448	email_enabled BOOLEAN NOT NULL DEFAULT true,	Candidate evidence only; manual verification required.
EVD-c4f53cc5490b	INTEGRATION_DISCOVERY	INFERRED_FROM_SOURCE	backend/app/api/compat/user_operational_compat.py	user_operational_compat.py	81	b7189c7278c0e45ce71f66fb1c1b2b5debeaeb9b77331aa5c745f142af1b7448	telegram_enabled BOOLEAN NOT NULL DEFAULT false,	Candidate evidence only; manual verification required.
EVD-0fb1d5d00390	INTEGRATION_DISCOVERY	INFERRED_FROM_SOURCE	backend/app/api/compat/user_operational_compat.py	user_operational_compat.py	82	b7189c7278c0e45ce71f66fb1c1b2b5debeaeb9b77331aa5c745f142af1b7448	telegram_id TEXT,	Candidate evidence only; manual verification required.
EVD-5ba2a4d03463	INTEGRATION_DISCOVERY	INFERRED_FROM_SOURCE	backend/app/api/compat/user_operational_compat.py	user_operational_compat.py	92	b7189c7278c0e45ce71f66fb1c1b2b5debeaeb9b77331aa5c745f142af1b7448	email TEXT,	Candidate evidence only; manual verification required.
EVD-3fb7947fa00a	INTEGRATION_DISCOVERY	INFERRED_FROM_SOURCE	backend/app/api/compat/user_operational_compat.py	user_operational_compat.py	100	b7189c7278c0e45ce71f66fb1c1b2b5debeaeb9b77331aa5c745f142af1b7448	def audit(route: str, email: str, payload: Dict[str, Any]) -> None:	Candidate evidence only; manual verification required.
EVD-79fdb123f2c8	INTEGRATION_DISCOVERY	INFERRED_FROM_SOURCE	backend/app/api/compat/user_operational_compat.py	user_operational_compat.py	110	b7189c7278c0e45ce71f66fb1c1b2b5debeaeb9b77331aa5c745f142af1b7448	"""INSERT INTO ndsp_operational_compat_audit(route,email,payload) VALUES(%s,%s,%s::jsonb)"","	Candidate evidence only; manual verification required.
EVD-371d42825ac4	INTEGRATION_DISCOVERY	INFERRED_FROM_SOURCE	backend/app/api/compat/user_operational_compat.py	user_operational_compat.py	111	b7189c7278c0e45ce71f66fb1c1b2b5debeaeb9b77331aa5c745f142af1b7448	(route, email or None, json.dumps(safe_payload, ensure_ascii=False)),	Candidate evidence only; manual verification required.
EVD-94ff60389b83	INTEGRATION_DISCOVERY	INFERRED_FROM_SOURCE	backend/app/api/compat/user_operational_compat.py	user_operational_compat.py	127	b7189c7278c0e45ce71f66fb1c1b2b5debeaeb9b77331aa5c745f142af1b7448	"""/api/v6/payments/nowpayments/subscription/create"","	Candidate evidence only; manual verification required.
EVD-dcc8771ba17d	INTEGRATION_DISCOVERY	INFERRED_FROM_SOURCE	backend/app/api/compat/user_operational_compat.py	user_operational_compat.py	128	b7189c7278c0e45ce71f66fb1c1b2b5debeaeb9b77331aa5c745f142af1b7448	"""/api/payments/nowpayments/subscription/create"","	Candidate evidence only; manual verification required.
EVD-ec9f2be52778	INTEGRATION_DISCOVERY	INFERRED_FROM_SOURCE	backend/app/api/compat/user_operational_compat.py	user_operational_compat.py	130	b7189c7278c0e45ce71f66fb1c1b2b5debeaeb9b77331aa5c745f142af1b7448	"""/api/telegram/link/start"","	Candidate evidence only; manual verification required.
EVD-a1a8557598f8	INTEGRATION_DISCOVERY	INFERRED_FROM_SOURCE	backend/app/api/compat/user_operational_compat.py	user_operational_compat.py	131	b7189c7278c0e45ce71f66fb1c1b2b5debeaeb9b77331aa5c745f142af1b7448	"""/api/telegram/link/verify"","	Candidate evidence only; manual verification required.
EVD-efb79ea06216	INTEGRATION_DISCOVERY	INFERRED_FROM_SOURCE	backend/app/api/compat/user_operational_compat.py	user_operational_compat.py	132	b7189c7278c0e45ce71f66fb1c1b2b5debeaeb9b77331aa5c745f142af1b7448	"""/api/alerts/email/test"","	Candidate evidence only; manual verification required.
EVD-9de043333d53	INTEGRATION_DISCOVERY	INFERRED_FROM_SOURCE	backend/app/api/compat/user_operational_compat.py	user_operational_compat.py	142	b7189c7278c0e45ce71f66fb1c1b2b5debeaeb9b77331aa5c745f142af1b7448	"email = normalize_email(payload.get(""email"") or payload.get(""user_email""))"	Candidate evidence only; manual verification required.
EVD-cf0c623edc57	INTEGRATION_DISCOVERY	INFERRED_FROM_SOURCE	backend/app/api/compat/user_operational_compat.py	user_operational_compat.py	146	b7189c7278c0e45ce71f66fb1c1b2b5debeaeb9b77331aa5c745f142af1b7448	"audit(""/api/trial/register"", email, payload)"	Candidate evidence only; manual verification required.
EVD-343fd70000c1	INTEGRATION_DISCOVERY	INFERRED_FROM_SOURCE	backend/app/api/compat/user_operational_compat.py	user_operational_compat.py	148	b7189c7278c0e45ce71f66fb1c1b2b5debeaeb9b77331aa5c745f142af1b7448	if not email:	Candidate evidence only; manual verification required.
EVD-9fdc3e032dd4	INTEGRATION_DISCOVERY	INFERRED_FROM_SOURCE	backend/app/api/compat/user_operational_compat.py	user_operational_compat.py	149	b7189c7278c0e45ce71f66fb1c1b2b5debeaeb9b77331aa5c745f142af1b7448	"raise HTTPException(status_code=400, detail={""ok"": False, ""error"": ""EMAIL_REQUIRED""})"	Candidate evidence only; manual verification required.
EVD-ae3b5ee379b9	INTEGRATION_DISCOVERY	INFERRED_FROM_SOURCE	backend/app/api/internal/telegram_routing_internal.py	telegram_routing_internal.py	13	773e2f51d62d2f56ec0ed28e662b296d0090d99c6f1d7fe41bc06385e3209a7f	"router = APIRouter(prefix=""/api/ndsp/internal/telegram-routing-v2"", tags=[""telegram-routing-internal-v2""])"	Candidate evidence only; manual verification required.
EVD-e66ccef76194	INTEGRATION_DISCOVERY	INFERRED_FROM_SOURCE	backend/app/api/internal/telegram_routing_internal.py	telegram_routing_internal.py	37	773e2f51d62d2f56ec0ed28e662b296d0090d99c6f1d7fe41bc06385e3209a7f	"""/etc/ndsp/ndsp-telegram.env"","	Candidate evidence only; manual verification required.
EVD-d2ccfcfc409c	INTEGRATION_DISCOVERY	INFERRED_FROM_SOURCE	backend/app/api/internal/telegram_routing_internal.py	telegram_routing_internal.py	38	773e2f51d62d2f56ec0ed28e662b296d0090d99c6f1d7fe41bc06385e3209a7f	"""/etc/ndsp/ndsp-telegram-routing.env"","	Candidate evidence only; manual verification required.
EVD-2a0fed56feff	INTEGRATION_DISCOVERY	INFERRED_FROM_SOURCE	backend/app/api/internal/telegram_routing_internal.py	telegram_routing_internal.py	86	773e2f51d62d2f56ec0ed28e662b296d0090d99c6f1d7fe41bc06385e3209a7f	"raise HTTPException(status_code=401, detail=""UNAUTHORIZED_INTERNAL_TELEGRAM_ROUTING"")"	Candidate evidence only; manual verification required.
EVD-2d052b9c7ad0	INTEGRATION_DISCOVERY	INFERRED_FROM_SOURCE	backend/app/api/internal/telegram_routing_internal.py	telegram_routing_internal.py	144	773e2f51d62d2f56ec0ed28e662b296d0090d99c6f1d7fe41bc06385e3209a7f	CREATE TABLE IF NOT EXISTS ndsp_telegram_delivery_routes (	Candidate evidence only; manual verification required.
EVD-a79996acef34	INTEGRATION_DISCOVERY	INFERRED_FROM_SOURCE	backend/app/api/internal/telegram_routing_internal.py	telegram_routing_internal.py	160	773e2f51d62d2f56ec0ed28e662b296d0090d99c6f1d7fe41bc06385e3209a7f	ALTER TABLE ndsp_telegram_delivery_routes	Candidate evidence only; manual verification required.
EVD-31e72fc53156	INTEGRATION_DISCOVERY	INFERRED_FROM_SOURCE	backend/app/api/internal/telegram_routing_internal.py	telegram_routing_internal.py	166	773e2f51d62d2f56ec0ed28e662b296d0090d99c6f1d7fe41bc06385e3209a7f	INSERT INTO ndsp_telegram_delivery_routes	Candidate evidence only; manual verification required.
EVD-ee13a1ac6352	INTEGRATION_DISCOVERY	INFERRED_FROM_SOURCE	backend/app/api/internal/telegram_routing_internal.py	telegram_routing_internal.py	169	773e2f51d62d2f56ec0ed28e662b296d0090d99c6f1d7fe41bc06385e3209a7f	('free', false, 'none', NULL, 0, 'Free package has no Telegram alerts'),	Candidate evidence only; manual verification required.
EVD-49ca01d36e0c	INTEGRATION_DISCOVERY	INFERRED_FROM_SOURCE	backend/app/api/internal/telegram_routing_internal.py	telegram_routing_internal.py	170	773e2f51d62d2f56ec0ed28e662b296d0090d99c6f1d7fe41bc06385e3209a7f	('pro', true, 'channel', '-1003491841685', 25, 'Pro Telegram alerts'),	Candidate evidence only; manual verification required.
EVD-a837f5f5b7d2	INTEGRATION_DISCOVERY	INFERRED_FROM_SOURCE	backend/app/api/internal/telegram_routing_internal.py	telegram_routing_internal.py	171	773e2f51d62d2f56ec0ed28e662b296d0090d99c6f1d7fe41bc06385e3209a7f	('elite', true, 'channel', '-1003793881886', 250, 'Elite Telegram alerts'),	Candidate evidence only; manual verification required.
EVD-227b906a1bbb	INTEGRATION_DISCOVERY	INFERRED_FROM_SOURCE	backend/app/api/internal/telegram_routing_internal.py	telegram_routing_internal.py	172	773e2f51d62d2f56ec0ed28e662b296d0090d99c6f1d7fe41bc06385e3209a7f	('saas', true, 'channel', '-1003918395339', NULL, 'SaaS Telegram alerts'),	Candidate evidence only; manual verification required.
EVD-77b67063a276	INTEGRATION_DISCOVERY	INFERRED_FROM_SOURCE	backend/app/api/internal/telegram_routing_internal.py	telegram_routing_internal.py	173	773e2f51d62d2f56ec0ed28e662b296d0090d99c6f1d7fe41bc06385e3209a7f	('institutional_suite', true, 'channel', '-1003918395339', NULL, 'Institutional Suite Telegram alerts')	Candidate evidence only; manual verification required.
EVD-3cfa8982947a	INTEGRATION_DISCOVERY	INFERRED_FROM_SOURCE	backend/app/api/internal/telegram_routing_internal.py	telegram_routing_internal.py	180	773e2f51d62d2f56ec0ed28e662b296d0090d99c6f1d7fe41bc06385e3209a7f	"""error"": ""TELEGRAM_DB_INIT_FAILED"","	Candidate evidence only; manual verification required.
EVD-af2a380afc4f	INTEGRATION_DISCOVERY	INFERRED_FROM_SOURCE	backend/app/api/internal/telegram_routing_internal.py	telegram_routing_internal.py	254	773e2f51d62d2f56ec0ed28e662b296d0090d99c6f1d7fe41bc06385e3209a7f	FROM ndsp_telegram_delivery_routes	Candidate evidence only; manual verification required.
EVD-5fa3d6d53353	INTEGRATION_DISCOVERY	INFERRED_FROM_SOURCE	backend/app/api/internal/telegram_routing_internal.py	telegram_routing_internal.py	266	773e2f51d62d2f56ec0ed28e662b296d0090d99c6f1d7fe41bc06385e3209a7f	"raise HTTPException(status_code=500, detail={""error"": ""TELEGRAM_STATUS_QUERY_FAILED"", ""message"": str(exc), ""db"": db_debug_safe()})"	Candidate evidence only; manual verification required.
EVD-c3423c0c7300	INTEGRATION_DISCOVERY	INFERRED_FROM_SOURCE	backend/app/api/internal/telegram_routing_internal.py	telegram_routing_internal.py	319	773e2f51d62d2f56ec0ed28e662b296d0090d99c6f1d7fe41bc06385e3209a7f	INSERT INTO ndsp_telegram_delivery_routes	Candidate evidence only; manual verification required.
EVD-2f1be433ab0c	INTEGRATION_DISCOVERY	INFERRED_FROM_SOURCE	backend/app/api/internal/telegram_routing_internal.py	telegram_routing_internal.py	340	773e2f51d62d2f56ec0ed28e662b296d0090d99c6f1d7fe41bc06385e3209a7f	"raise HTTPException(status_code=500, detail={""error"": ""TELEGRAM_UPDATE_FAILED"", ""message"": str(exc), ""db"": db_debug_safe()})"	Candidate evidence only; manual verification required.
EVD-9681c7aea7cf	INTEGRATION_DISCOVERY	INFERRED_FROM_SOURCE	backend/app/api/internal/telegram_routing_internal.py	telegram_routing_internal.py	367	773e2f51d62d2f56ec0ed28e662b296d0090d99c6f1d7fe41bc06385e3209a7f	"token = REDACTED""TELEGRAM_BOT_TOKEN"")"	Candidate evidence only; manual verification required.
EVD-84c0d117b108	INTEGRATION_DISCOVERY	INFERRED_FROM_SOURCE	backend/app/api/internal/telegram_routing_internal.py	telegram_routing_internal.py	369	773e2f51d62d2f56ec0ed28e662b296d0090d99c6f1d7fe41bc06385e3209a7f	"raise HTTPException(status_code=500, detail=""TELEGRAM_BOT_TOKEN_MISSING"")"	Candidate evidence only; manual verification required.
EVD-3c91bc508005	INTEGRATION_DISCOVERY	INFERRED_FROM_SOURCE	backend/app/api/internal/telegram_routing_internal.py	telegram_routing_internal.py	375	773e2f51d62d2f56ec0ed28e662b296d0090d99c6f1d7fe41bc06385e3209a7f	"cur.execute(""SELECT enabled, chat_id FROM ndsp_telegram_delivery_routes WHERE plan_code=%s LIMIT 1;"", (plan,))"	Candidate evidence only; manual verification required.
EVD-988d1a07c92f	INTEGRATION_DISCOVERY	INFERRED_FROM_SOURCE	backend/app/api/ndsp_trial_activation_guard.py	ndsp_trial_activation_guard.py	9	36b54be581393294a1f0768e5e94c0acbc92b2ee01954b54492615d99fcfdc9e	"_ACTIVE_WORDS = {""ACTIVE"", ""VERIFIED"", ""EMAIL_VERIFIED""}"	Candidate evidence only; manual verification required.
EVD-d4b6cfca0756	INTEGRATION_DISCOVERY	INFERRED_FROM_SOURCE	backend/app/api/ndsp_trial_activation_guard.py	ndsp_trial_activation_guard.py	29	36b54be581393294a1f0768e5e94c0acbc92b2ee01954b54492615d99fcfdc9e	"return ""PENDING_EMAIL_VERIFICATION"""	Candidate evidence only; manual verification required.
EVD-ff0c59afdf05	INTEGRATION_DISCOVERY	INFERRED_FROM_SOURCE	backend/app/api/ndsp_trial_activation_guard.py	ndsp_trial_activation_guard.py	49	36b54be581393294a1f0768e5e94c0acbc92b2ee01954b54492615d99fcfdc9e	"""email_verification_token"","	Candidate evidence only; manual verification required.
EVD-470b4a9cee7c	INTEGRATION_DISCOVERY	INFERRED_FROM_SOURCE	backend/app/api/ndsp_trial_activation_guard.py	ndsp_trial_activation_guard.py	50	36b54be581393294a1f0768e5e94c0acbc92b2ee01954b54492615d99fcfdc9e	"""emailverificationtoken"","	Candidate evidence only; manual verification required.
EVD-320f13be40d4	INTEGRATION_DISCOVERY	INFERRED_FROM_SOURCE	backend/app/api/ndsp_trial_activation_guard.py	ndsp_trial_activation_guard.py	59	36b54be581393294a1f0768e5e94c0acbc92b2ee01954b54492615d99fcfdc9e	"""email_verification_url"","	Candidate evidence only; manual verification required.
EVD-e55dbb3985c1	INTEGRATION_DISCOVERY	INFERRED_FROM_SOURCE	backend/app/api/ndsp_trial_activation_guard.py	ndsp_trial_activation_guard.py	60	36b54be581393294a1f0768e5e94c0acbc92b2ee01954b54492615d99fcfdc9e	"""emailverificationurl"","	Candidate evidence only; manual verification required.
EVD-918c8cdc636d	INTEGRATION_DISCOVERY	INFERRED_FROM_SOURCE	backend/app/api/ndsp_trial_activation_guard.py	ndsp_trial_activation_guard.py	102	36b54be581393294a1f0768e5e94c0acbc92b2ee01954b54492615d99fcfdc9e	"cleaned[""email_verification_required""] = True"	Candidate evidence only; manual verification required.
EVD-19a2436b4f7a	INTEGRATION_DISCOVERY	INFERRED_FROM_SOURCE	backend/app/api/ndsp_trial_activation_guard.py	ndsp_trial_activation_guard.py	105	36b54be581393294a1f0768e5e94c0acbc92b2ee01954b54492615d99fcfdc9e	"cleaned[""email_verification_required""] = True"	Candidate evidence only; manual verification required.
EVD-799a72a38b99	INTEGRATION_DISCOVERY	INFERRED_FROM_SOURCE	backend/app/api/ndsp_trial_activation_guard.py	ndsp_trial_activation_guard.py	106	36b54be581393294a1f0768e5e94c0acbc92b2ee01954b54492615d99fcfdc9e	"cleaned[""message""] = ""REGISTRATION_SUBMITTED_CHECK_EMAIL_TRIAL_NOT_STARTED"""	Candidate evidence only; manual verification required.
EVD-a0ac4f256639	INTEGRATION_DISCOVERY	INFERRED_FROM_SOURCE	backend/app/api/v1/frontend_contract.py	frontend_contract.py	31	d4d2bde00b9b1fbae357bfe6d7a05b2e10c79ef52f73e4180646a0581cbf71c9	email: str	Candidate evidence only; manual verification required.
EVD-70759c15b126	INTEGRATION_DISCOVERY	INFERRED_FROM_SOURCE	backend/app/api/v1/frontend_contract.py	frontend_contract.py	39	d4d2bde00b9b1fbae357bfe6d7a05b2e10c79ef52f73e4180646a0581cbf71c9	email: str	Candidate evidence only; manual verification required.
EVD-c7de0cf282a6	INTEGRATION_DISCOVERY	INFERRED_FROM_SOURCE	backend/app/api/v1/frontend_contract.py	frontend_contract.py	47	d4d2bde00b9b1fbae357bfe6d7a05b2e10c79ef52f73e4180646a0581cbf71c9	class EmailPayload(BaseModel):	Candidate evidence only; manual verification required.
EVD-5760686801e0	INTEGRATION_DISCOVERY	INFERRED_FROM_SOURCE	backend/app/api/v1/frontend_contract.py	frontend_contract.py	48	d4d2bde00b9b1fbae357bfe6d7a05b2e10c79ef52f73e4180646a0581cbf71c9	email: str	Candidate evidence only; manual verification required.
EVD-d239fb17862e	INTEGRATION_DISCOVERY	INFERRED_FROM_SOURCE	backend/app/api/v1/frontend_contract.py	frontend_contract.py	102	d4d2bde00b9b1fbae357bfe6d7a05b2e10c79ef52f73e4180646a0581cbf71c9	"""method"": ""email"","	Candidate evidence only; manual verification required.
EVD-c3a460d04089	INTEGRATION_DISCOVERY	INFERRED_FROM_SOURCE	backend/app/api/v1/frontend_contract.py	frontend_contract.py	119	d4d2bde00b9b1fbae357bfe6d7a05b2e10c79ef52f73e4180646a0581cbf71c9	async def auth_magic_link(payload: EmailPayload):	Candidate evidence only; manual verification required.
EVD-a68ca42b93fc	INTEGRATION_DISCOVERY	INFERRED_FROM_SOURCE	backend/app/api/v1/frontend_contract.py	frontend_contract.py	134	d4d2bde00b9b1fbae357bfe6d7a05b2e10c79ef52f73e4180646a0581cbf71c9	async def auth_forgot(payload: EmailPayload):	Candidate evidence only; manual verification required.
EVD-594a87ba7766	INTEGRATION_DISCOVERY	INFERRED_FROM_SOURCE	backend/app/api/v1/frontend_contract.py	frontend_contract.py	198	d4d2bde00b9b1fbae357bfe6d7a05b2e10c79ef52f73e4180646a0581cbf71c9	"""alerts"": ""advanced_telegram"","	Candidate evidence only; manual verification required.
EVD-8ca1eb5af17a	INTEGRATION_DISCOVERY	INFERRED_FROM_SOURCE	backend/app/api/v1/frontend_contract.py	frontend_contract.py	207	d4d2bde00b9b1fbae357bfe6d7a05b2e10c79ef52f73e4180646a0581cbf71c9	"""webhooks"": True,"	Candidate evidence only; manual verification required.
EVD-4c31ebb1ac01	INTEGRATION_DISCOVERY	INFERRED_FROM_SOURCE	backend/app/api/v1/frontend_contract.py	frontend_contract.py	226	d4d2bde00b9b1fbae357bfe6d7a05b2e10c79ef52f73e4180646a0581cbf71c9	"@router.post(""/payments/checkout"")"	Candidate evidence only; manual verification required.
EVD-7e0ad45e74b6	INTEGRATION_DISCOVERY	INFERRED_FROM_SOURCE	backend/app/api/v1/frontend_contract.py	frontend_contract.py	227	d4d2bde00b9b1fbae357bfe6d7a05b2e10c79ef52f73e4180646a0581cbf71c9	async def payments_checkout(payload: CheckoutPayload):	Candidate evidence only; manual verification required.
EVD-f3aa6f123e9b	INTEGRATION_DISCOVERY	INFERRED_FROM_SOURCE	backend/app/api/v1/frontend_contract.py	frontend_contract.py	239	d4d2bde00b9b1fbae357bfe6d7a05b2e10c79ef52f73e4180646a0581cbf71c9	"@router.post(""/payments/webhook"")"	Candidate evidence only; manual verification required.
EVD-0fe926794a70	INTEGRATION_DISCOVERY	INFERRED_FROM_SOURCE	backend/app/api/v1/frontend_contract.py	frontend_contract.py	240	d4d2bde00b9b1fbae357bfe6d7a05b2e10c79ef52f73e4180646a0581cbf71c9	async def payments_webhook(request: Request):	Candidate evidence only; manual verification required.
EVD-6478bebe32d1	INTEGRATION_DISCOVERY	INFERRED_FROM_SOURCE	backend/app/api/v1/frontend_contract.py	frontend_contract.py	244	d4d2bde00b9b1fbae357bfe6d7a05b2e10c79ef52f73e4180646a0581cbf71c9	"""note"": ""Safe bridge accepted webhook envelope only."","	Candidate evidence only; manual verification required.
EVD-5584fb3bc720	INTEGRATION_DISCOVERY	INFERRED_FROM_SOURCE	backend/app/api/v1/frontend_contract.py	frontend_contract.py	405	d4d2bde00b9b1fbae357bfe6d7a05b2e10c79ef52f73e4180646a0581cbf71c9	"@router.post(""/me/channels/telegram/link"")"	Candidate evidence only; manual verification required.
EVD-a79711868edf	INTEGRATION_DISCOVERY	INFERRED_FROM_SOURCE	backend/app/api/v1/frontend_contract.py	frontend_contract.py	406	d4d2bde00b9b1fbae357bfe6d7a05b2e10c79ef52f73e4180646a0581cbf71c9	async def telegram_link():	Candidate evidence only; manual verification required.
EVD-b0f883e8a16b	INTEGRATION_DISCOVERY	INFERRED_FROM_SOURCE	backend/app/api/v1/frontend_contract.py	frontend_contract.py	413	d4d2bde00b9b1fbae357bfe6d7a05b2e10c79ef52f73e4180646a0581cbf71c9	"@router.post(""/me/channels/telegram/verify"")"	Candidate evidence only; manual verification required.
EVD-abeec7c118c1	INTEGRATION_DISCOVERY	INFERRED_FROM_SOURCE	backend/app/api/v1/frontend_contract.py	frontend_contract.py	414	d4d2bde00b9b1fbae357bfe6d7a05b2e10c79ef52f73e4180646a0581cbf71c9	async def telegram_verify():	Candidate evidence only; manual verification required.
EVD-cbd5d3a4b66c	INTEGRATION_DISCOVERY	INFERRED_FROM_SOURCE	backend/app/api/v1/frontend_contract.py	frontend_contract.py	421	d4d2bde00b9b1fbae357bfe6d7a05b2e10c79ef52f73e4180646a0581cbf71c9	"@router.post(""/me/channels/email/test"")"	Candidate evidence only; manual verification required.
EVD-fada528730cf	INTEGRATION_DISCOVERY	INFERRED_FROM_SOURCE	backend/app/api/v1/frontend_contract.py	frontend_contract.py	422	d4d2bde00b9b1fbae357bfe6d7a05b2e10c79ef52f73e4180646a0581cbf71c9	async def email_test():	Candidate evidence only; manual verification required.
EVD-3fd6ae511b97	INTEGRATION_DISCOVERY	INFERRED_FROM_SOURCE	backend/app/services/execution_webhook_bridge.py	execution_webhook_bridge.py	45	ee901b9efc467ec6666185c38132a8b5da7ed89670eea05027ef4e5d6fac4cf4	def maybe_send_execution_webhook(governed_payload: Dict[str, Any]) -> Dict[str, Any]:	Candidate evidence only; manual verification required.
EVD-0dcbf7c0696b	INTEGRATION_DISCOVERY	INFERRED_FROM_SOURCE	backend/app/services/execution_webhook_bridge.py	execution_webhook_bridge.py	47	ee901b9efc467ec6666185c38132a8b5da7ed89670eea05027ef4e5d6fac4cf4	Private server-side bridge from NDSP governed decision to execution bot webhook.	Candidate evidence only; manual verification required.
EVD-0da2f0a73454	INTEGRATION_DISCOVERY	INFERRED_FROM_SOURCE	backend/app/services/execution_webhook_bridge.py	execution_webhook_bridge.py	51	ee901b9efc467ec6666185c38132a8b5da7ed89670eea05027ef4e5d6fac4cf4	- NDSP_EXECUTION_WEBHOOK_ENABLED=REDACTED	Candidate evidence only; manual verification required.
EVD-cadd8b3fe845	INTEGRATION_DISCOVERY	INFERRED_FROM_SOURCE	backend/app/services/execution_webhook_bridge.py	execution_webhook_bridge.py	67	ee901b9efc467ec6666185c38132a8b5da7ed89670eea05027ef4e5d6fac4cf4	"if not _env_bool(""NDSP_EXECUTION_WEBHOOK_ENABLED"", False):"	Candidate evidence only; manual verification required.
EVD-bde6a1219e4c	INTEGRATION_DISCOVERY	INFERRED_FROM_SOURCE	backend/app/services/execution_webhook_bridge.py	execution_webhook_bridge.py	68	ee901b9efc467ec6666185c38132a8b5da7ed89670eea05027ef4e5d6fac4cf4	"result[""skipped_reason""] = ""execution webhook disabled"""	Candidate evidence only; manual verification required.
EVD-fb29c842dec1	INTEGRATION_DISCOVERY	INFERRED_FROM_SOURCE	backend/app/services/execution_webhook_bridge.py	execution_webhook_bridge.py	71	ee901b9efc467ec6666185c38132a8b5da7ed89670eea05027ef4e5d6fac4cf4	"url = os.getenv(""NDSP_EXECUTION_WEBHOOK_URL"", """").strip()"	Candidate evidence only; manual verification required.
EVD-3662d6e40150	INTEGRATION_DISCOVERY	INFERRED_FROM_SOURCE	backend/app/services/execution_webhook_bridge.py	execution_webhook_bridge.py	72	ee901b9efc467ec6666185c38132a8b5da7ed89670eea05027ef4e5d6fac4cf4	"secret = REDACTED""NDSP_EXECUTION_WEBHOOK_SECRET"", """").strip()"	Candidate evidence only; manual verification required.
EVD-09eb9dd12edf	INTEGRATION_DISCOVERY	INFERRED_FROM_SOURCE	backend/app/services/execution_webhook_bridge.py	execution_webhook_bridge.py	73	ee901b9efc467ec6666185c38132a8b5da7ed89670eea05027ef4e5d6fac4cf4	"user_email = os.getenv(""NDSP_EXECUTION_USER_EMAIL"", """").strip()"	Candidate evidence only; manual verification required.
EVD-03b32036059d	INTEGRATION_DISCOVERY	INFERRED_FROM_SOURCE	backend/app/services/execution_webhook_bridge.py	execution_webhook_bridge.py	77	ee901b9efc467ec6666185c38132a8b5da7ed89670eea05027ef4e5d6fac4cf4	if not url or not secret or not user_email:	Candidate evidence only; manual verification required.
EVD-976215a6a205	INTEGRATION_DISCOVERY	INFERRED_FROM_SOURCE	backend/app/services/execution_webhook_bridge.py	execution_webhook_bridge.py	78	ee901b9efc467ec6666185c38132a8b5da7ed89670eea05027ef4e5d6fac4cf4	"result[""skipped_reason""] = ""missing webhook url/secret/user_email"""	Candidate evidence only; manual verification required.
EVD-0d8e34792488	INTEGRATION_DISCOVERY	INFERRED_FROM_SOURCE	backend/app/services/execution_webhook_bridge.py	execution_webhook_bridge.py	109	ee901b9efc467ec6666185c38132a8b5da7ed89670eea05027ef4e5d6fac4cf4	"""user_email"": user_email,"	Candidate evidence only; manual verification required.
EVD-f8746e377dee	INTEGRATION_DISCOVERY	INFERRED_FROM_SOURCE	backend/app/support_layers/black_layer/black_layer_engine.py	black_layer_engine.py	5	5f723e269c04140b6f53897adef3b1a79366a69ec82355c62e38757fcb494893	- Safety valve for unsafe market/data conditions.	Candidate evidence only; manual verification required.
EVD-1023f0916164	INTEGRATION_DISCOVERY	INFERRED_FROM_SOURCE	backend/app/support_layers/delivery/ndsp_delivery_interfaces.py	ndsp_delivery_interfaces.py	7	d0c154ed308dda8cb09876dccb5b78752441629e62ad063c08779714cab00c7a	import smtplib	Candidate evidence only; manual verification required.
EVD-40385d70c36b	INTEGRATION_DISCOVERY	INFERRED_FROM_SOURCE	backend/app/support_layers/delivery/ndsp_delivery_interfaces.py	ndsp_delivery_interfaces.py	11	d0c154ed308dda8cb09876dccb5b78752441629e62ad063c08779714cab00c7a	from email.message import EmailMessage	Candidate evidence only; manual verification required.
EVD-24ad97546642	INTEGRATION_DISCOVERY	INFERRED_FROM_SOURCE	backend/app/support_layers/delivery/ndsp_delivery_interfaces.py	ndsp_delivery_interfaces.py	13	d0c154ed308dda8cb09876dccb5b78752441629e62ad063c08779714cab00c7a	telegram_token,	Candidate evidence only; manual verification required.
EVD-0758ef242d17	INTEGRATION_DISCOVERY	INFERRED_FROM_SOURCE	backend/app/support_layers/delivery/ndsp_delivery_interfaces.py	ndsp_delivery_interfaces.py	14	d0c154ed308dda8cb09876dccb5b78752441629e62ad063c08779714cab00c7a	telegram_chat_id,	Candidate evidence only; manual verification required.
EVD-28f88ac52c93	INTEGRATION_DISCOVERY	INFERRED_FROM_SOURCE	backend/app/support_layers/delivery/ndsp_delivery_interfaces.py	ndsp_delivery_interfaces.py	15	d0c154ed308dda8cb09876dccb5b78752441629e62ad063c08779714cab00c7a	smtp_host,	Candidate evidence only; manual verification required.
EVD-0b4dc53c4cfd	INTEGRATION_DISCOVERY	INFERRED_FROM_SOURCE	backend/app/support_layers/delivery/ndsp_delivery_interfaces.py	ndsp_delivery_interfaces.py	16	d0c154ed308dda8cb09876dccb5b78752441629e62ad063c08779714cab00c7a	smtp_port,	Candidate evidence only; manual verification required.
EVD-02766c38f954	INTEGRATION_DISCOVERY	INFERRED_FROM_SOURCE	backend/app/support_layers/delivery/ndsp_delivery_interfaces.py	ndsp_delivery_interfaces.py	17	d0c154ed308dda8cb09876dccb5b78752441629e62ad063c08779714cab00c7a	smtp_user,	Candidate evidence only; manual verification required.
EVD-5bbde94b6d0e	INTEGRATION_DISCOVERY	INFERRED_FROM_SOURCE	backend/app/support_layers/delivery/ndsp_delivery_interfaces.py	ndsp_delivery_interfaces.py	18	d0c154ed308dda8cb09876dccb5b78752441629e62ad063c08779714cab00c7a	smtp_password,	Candidate evidence only; manual verification required.
EVD-947dd2d29bae	INTEGRATION_DISCOVERY	INFERRED_FROM_SOURCE	backend/app/support_layers/delivery/ndsp_delivery_interfaces.py	ndsp_delivery_interfaces.py	19	d0c154ed308dda8cb09876dccb5b78752441629e62ad063c08779714cab00c7a	smtp_from,	Candidate evidence only; manual verification required.
EVD-2038f6171fda	INTEGRATION_DISCOVERY	INFERRED_FROM_SOURCE	backend/app/support_layers/delivery/ndsp_delivery_interfaces.py	ndsp_delivery_interfaces.py	20	d0c154ed308dda8cb09876dccb5b78752441629e62ad063c08779714cab00c7a	smtp_to,	Candidate evidence only; manual verification required.
EVD-ffc81b634ec1	INTEGRATION_DISCOVERY	INFERRED_FROM_SOURCE	backend/app/support_layers/delivery/ndsp_delivery_interfaces.py	ndsp_delivery_interfaces.py	44	d0c154ed308dda8cb09876dccb5b78752441629e62ad063c08779714cab00c7a	"""TELEGRAM_BOT_TOKEN"","	Candidate evidence only; manual verification required.
EVD-3a80bcaf55e3	INTEGRATION_DISCOVERY	INFERRED_FROM_SOURCE	backend/app/support_layers/delivery/ndsp_delivery_interfaces.py	ndsp_delivery_interfaces.py	45	d0c154ed308dda8cb09876dccb5b78752441629e62ad063c08779714cab00c7a	"""SMTP_PASSWORD"","	Candidate evidence only; manual verification required.
EVD-19717d625bba	INTEGRATION_DISCOVERY	INFERRED_FROM_SOURCE	backend/app/support_layers/delivery/ndsp_delivery_interfaces.py	ndsp_delivery_interfaces.py	87	d0c154ed308dda8cb09876dccb5b78752441629e62ad063c08779714cab00c7a	telegram_configured = bool(telegram_token() and telegram_chat_id())	Candidate evidence only; manual verification required.
EVD-9c441ac14ee0	INTEGRATION_DISCOVERY	INFERRED_FROM_SOURCE	backend/app/support_layers/delivery/ndsp_delivery_interfaces.py	ndsp_delivery_interfaces.py	88	d0c154ed308dda8cb09876dccb5b78752441629e62ad063c08779714cab00c7a	email_configured = bool(smtp_host() and smtp_user() and smtp_password() and (smtp_to()))	Candidate evidence only; manual verification required.
EVD-9ef8d81ec28d	INTEGRATION_DISCOVERY	INFERRED_FROM_SOURCE	backend/app/support_layers/delivery/ndsp_delivery_interfaces.py	ndsp_delivery_interfaces.py	89	d0c154ed308dda8cb09876dccb5b78752441629e62ad063c08779714cab00c7a	"push_configured = bool(_env(""NDSP_PUSH_WEBHOOK_URL"") or _env(""PUSH_WEBHOOK_URL""))"	Candidate evidence only; manual verification required.
EVD-19ed445db264	INTEGRATION_DISCOVERY	INFERRED_FROM_SOURCE	backend/app/support_layers/delivery/ndsp_delivery_interfaces.py	ndsp_delivery_interfaces.py	97	d0c154ed308dda8cb09876dccb5b78752441629e62ad063c08779714cab00c7a	"""telegram"": {"	Candidate evidence only; manual verification required.
EVD-9981294addbf	INTEGRATION_DISCOVERY	INFERRED_FROM_SOURCE	backend/app/support_layers/delivery/ndsp_delivery_interfaces.py	ndsp_delivery_interfaces.py	98	d0c154ed308dda8cb09876dccb5b78752441629e62ad063c08779714cab00c7a	"""enabled"": get_channel_enabled(""telegram"", ""NDSP_TELEGRAM_ENABLED""),"	Candidate evidence only; manual verification required.
EVD-57f84a80da78	INTEGRATION_DISCOVERY	INFERRED_FROM_SOURCE	backend/app/support_layers/delivery/ndsp_delivery_interfaces.py	ndsp_delivery_interfaces.py	99	d0c154ed308dda8cb09876dccb5b78752441629e62ad063c08779714cab00c7a	"""configured"": telegram_configured,"	Candidate evidence only; manual verification required.
EVD-4d9527dc5bf6	INTEGRATION_DISCOVERY	INFERRED_FROM_SOURCE	backend/app/support_layers/delivery/ndsp_delivery_interfaces.py	ndsp_delivery_interfaces.py	101	d0c154ed308dda8cb09876dccb5b78752441629e62ad063c08779714cab00c7a	"""email"": {"	Candidate evidence only; manual verification required.
EVD-205df10a6557	INTEGRATION_DISCOVERY	INFERRED_FROM_SOURCE	backend/app/support_layers/delivery/ndsp_delivery_interfaces.py	ndsp_delivery_interfaces.py	102	d0c154ed308dda8cb09876dccb5b78752441629e62ad063c08779714cab00c7a	"""enabled"": get_channel_enabled(""email"", ""NDSP_EMAIL_ENABLED""),"	Candidate evidence only; manual verification required.
EVD-6de7ae525262	INTEGRATION_DISCOVERY	INFERRED_FROM_SOURCE	backend/app/support_layers/delivery/ndsp_delivery_settings.py	ndsp_delivery_settings.py	12	7297853286e4ce00680e2903ff5a5796d3ef13d86fa59de38d2b2658dc8f2a09	"""telegram"": {""enabled"": False},"	Candidate evidence only; manual verification required.
EVD-8d60eb54dbcf	INTEGRATION_DISCOVERY	INFERRED_FROM_SOURCE	backend/app/support_layers/delivery/ndsp_delivery_settings.py	ndsp_delivery_settings.py	13	7297853286e4ce00680e2903ff5a5796d3ef13d86fa59de38d2b2658dc8f2a09	"""email"": {""enabled"": False},"	Candidate evidence only; manual verification required.
EVD-232228ff8531	INTEGRATION_DISCOVERY	INFERRED_FROM_SOURCE	backend/app/support_layers/delivery/ndsp_delivery_settings.py	ndsp_delivery_settings.py	39	7297853286e4ce00680e2903ff5a5796d3ef13d86fa59de38d2b2658dc8f2a09	"for channel in (""telegram"", ""email"", ""push""):"	Candidate evidence only; manual verification required.
EVD-5190e1952188	INTEGRATION_DISCOVERY	INFERRED_FROM_SOURCE	backend/app/support_layers/delivery/ndsp_delivery_settings.py	ndsp_delivery_settings.py	51	7297853286e4ce00680e2903ff5a5796d3ef13d86fa59de38d2b2658dc8f2a09	"for channel in (""telegram"", ""email"", ""push""):"	Candidate evidence only; manual verification required.
EVD-7219f422f87f	INTEGRATION_DISCOVERY	INFERRED_FROM_SOURCE	backend/app/support_layers/delivery/ndsp_env_compat.py	ndsp_env_compat.py	10	ca13ceb82423c6d23d5b345fdb2885855f5cdb1ddd99a61cb0c18d0d1de06982	def telegram_token() -> str:	Candidate evidence only; manual verification required.
EVD-a22d42b8f55b	INTEGRATION_DISCOVERY	INFERRED_FROM_SOURCE	backend/app/support_layers/delivery/ndsp_env_compat.py	ndsp_env_compat.py	12	ca13ceb82423c6d23d5b345fdb2885855f5cdb1ddd99a61cb0c18d0d1de06982	"""TELEGRAM_BOT_TOKEN"","	Candidate evidence only; manual verification required.
EVD-adb8c40c6a2a	INTEGRATION_DISCOVERY	INFERRED_FROM_SOURCE	backend/app/support_layers/delivery/ndsp_env_compat.py	ndsp_env_compat.py	13	ca13ceb82423c6d23d5b345fdb2885855f5cdb1ddd99a61cb0c18d0d1de06982	"""TELEGRAM_TOKEN"","	Candidate evidence only; manual verification required.
EVD-ace72fad8961	INTEGRATION_DISCOVERY	INFERRED_FROM_SOURCE	backend/app/support_layers/delivery/ndsp_env_compat.py	ndsp_env_compat.py	17	ca13ceb82423c6d23d5b345fdb2885855f5cdb1ddd99a61cb0c18d0d1de06982	def telegram_chat_id() -> str:	Candidate evidence only; manual verification required.
EVD-f4f4b9fffd97	INTEGRATION_DISCOVERY	INFERRED_FROM_SOURCE	backend/app/support_layers/delivery/ndsp_env_compat.py	ndsp_env_compat.py	19	ca13ceb82423c6d23d5b345fdb2885855f5cdb1ddd99a61cb0c18d0d1de06982	"""TELEGRAM_CHAT_ID"","	Candidate evidence only; manual verification required.
EVD-6b0a482f5275	INTEGRATION_DISCOVERY	INFERRED_FROM_SOURCE	backend/app/support_layers/delivery/ndsp_env_compat.py	ndsp_env_compat.py	20	ca13ceb82423c6d23d5b345fdb2885855f5cdb1ddd99a61cb0c18d0d1de06982	"""OWNER_TELEGRAM_CHAT_ID"","	Candidate evidence only; manual verification required.
EVD-3028fe4fc022	INTEGRATION_DISCOVERY	INFERRED_FROM_SOURCE	backend/app/support_layers/delivery/ndsp_env_compat.py	ndsp_env_compat.py	24	ca13ceb82423c6d23d5b345fdb2885855f5cdb1ddd99a61cb0c18d0d1de06982	def telegram_chat_ids() -> str:	Candidate evidence only; manual verification required.
EVD-295ff68413fc	INTEGRATION_DISCOVERY	INFERRED_FROM_SOURCE	backend/app/support_layers/delivery/ndsp_env_compat.py	ndsp_env_compat.py	26	ca13ceb82423c6d23d5b345fdb2885855f5cdb1ddd99a61cb0c18d0d1de06982	"""TELEGRAM_CHAT_IDS"","	Candidate evidence only; manual verification required.
EVD-f28932229109	INTEGRATION_DISCOVERY	INFERRED_FROM_SOURCE	backend/app/support_layers/delivery/ndsp_env_compat.py	ndsp_env_compat.py	27	ca13ceb82423c6d23d5b345fdb2885855f5cdb1ddd99a61cb0c18d0d1de06982	"""TELEGRAM_CHAT_ID"","	Candidate evidence only; manual verification required.
EVD-54c4a1eef79d	INTEGRATION_DISCOVERY	INFERRED_FROM_SOURCE	backend/app/support_layers/delivery/ndsp_env_compat.py	ndsp_env_compat.py	28	ca13ceb82423c6d23d5b345fdb2885855f5cdb1ddd99a61cb0c18d0d1de06982	"""OWNER_TELEGRAM_CHAT_ID"","	Candidate evidence only; manual verification required.
EVD-92fcfbbdb967	INTEGRATION_DISCOVERY	INFERRED_FROM_SOURCE	backend/app/support_layers/delivery/ndsp_env_compat.py	ndsp_env_compat.py	32	ca13ceb82423c6d23d5b345fdb2885855f5cdb1ddd99a61cb0c18d0d1de06982	def smtp_host() -> str:	Candidate evidence only; manual verification required.
EVD-2d09386534f7	INTEGRATION_DISCOVERY	INFERRED_FROM_SOURCE	backend/app/support_layers/delivery/ndsp_env_compat.py	ndsp_env_compat.py	33	ca13ceb82423c6d23d5b345fdb2885855f5cdb1ddd99a61cb0c18d0d1de06982	"return env_any(""SMTP_HOST"", ""EMAIL_HOST"")"	Candidate evidence only; manual verification required.
EVD-065e7c77ad4f	INTEGRATION_DISCOVERY	INFERRED_FROM_SOURCE	backend/app/support_layers/delivery/ndsp_env_compat.py	ndsp_env_compat.py	35	ca13ceb82423c6d23d5b345fdb2885855f5cdb1ddd99a61cb0c18d0d1de06982	def smtp_port() -> str:	Candidate evidence only; manual verification required.
EVD-02a5ab58623b	INTEGRATION_DISCOVERY	INFERRED_FROM_SOURCE	backend/app/support_layers/delivery/ndsp_env_compat.py	ndsp_env_compat.py	37	ca13ceb82423c6d23d5b345fdb2885855f5cdb1ddd99a61cb0c18d0d1de06982	"""SMTP_PORT"","	Candidate evidence only; manual verification required.
EVD-579f1c26496f	INTEGRATION_DISCOVERY	INFERRED_FROM_SOURCE	backend/app/support_layers/delivery/ndsp_env_compat.py	ndsp_env_compat.py	38	ca13ceb82423c6d23d5b345fdb2885855f5cdb1ddd99a61cb0c18d0d1de06982	"""EMAIL_PORT"","	Candidate evidence only; manual verification required.
EVD-d5bea329eb83	INTEGRATION_DISCOVERY	INFERRED_FROM_SOURCE	backend/app/support_layers/delivery/ndsp_env_compat.py	ndsp_env_compat.py	42	ca13ceb82423c6d23d5b345fdb2885855f5cdb1ddd99a61cb0c18d0d1de06982	def smtp_user() -> str:	Candidate evidence only; manual verification required.
EVD-03862a31b31d	INTEGRATION_DISCOVERY	INFERRED_FROM_SOURCE	backend/app/support_layers/delivery/ndsp_env_compat.py	ndsp_env_compat.py	43	ca13ceb82423c6d23d5b345fdb2885855f5cdb1ddd99a61cb0c18d0d1de06982	"return env_any(""SMTP_USER"", ""EMAIL_USER"")"	Candidate evidence only; manual verification required.
EVD-c38ebfa0951d	INTEGRATION_DISCOVERY	INFERRED_FROM_SOURCE	backend/app/support_layers/delivery/ndsp_env_compat.py	ndsp_env_compat.py	45	ca13ceb82423c6d23d5b345fdb2885855f5cdb1ddd99a61cb0c18d0d1de06982	def smtp_password() -> str:	Candidate evidence only; manual verification required.
EVD-cd504ec36059	INTEGRATION_DISCOVERY	INFERRED_FROM_SOURCE	backend/app/support_layers/delivery/ndsp_env_compat.py	ndsp_env_compat.py	47	ca13ceb82423c6d23d5b345fdb2885855f5cdb1ddd99a61cb0c18d0d1de06982	"""SMTP_PASSWORD"","	Candidate evidence only; manual verification required.
EVD-8087cda1a891	INTEGRATION_DISCOVERY	INFERRED_FROM_SOURCE	backend/app/support_layers/delivery/ndsp_env_compat.py	ndsp_env_compat.py	48	ca13ceb82423c6d23d5b345fdb2885855f5cdb1ddd99a61cb0c18d0d1de06982	"""SMTP_PASS"","	Candidate evidence only; manual verification required.
EVD-724904c2056c	INTEGRATION_DISCOVERY	DOCUMENTATION_ONLY	backend/architecture/SERVICE_REGISTRY.md	SERVICE_REGISTRY.md	10	0af6f70496a3c8ddc48f4ddb5c1129d313bf4e52033b711a2833a5b7e75e1bda	| SRV-004 | Payment Service | Payment and package activation |	Candidate evidence only; manual verification required.
EVD-bd841980deb8	INTEGRATION_DISCOVERY	DOCUMENTATION_ONLY	backend/architecture/SERVICE_REGISTRY.md	SERVICE_REGISTRY.md	12	0af6f70496a3c8ddc48f4ddb5c1129d313bf4e52033b711a2833a5b7e75e1bda	| SRV-006 | Market Adapter Service | Live market data adapter |	Candidate evidence only; manual verification required.
EVD-680aecfdd955	INTEGRATION_DISCOVERY	DOCUMENTATION_ONLY	backend/architecture/SERVICE_REGISTRY.md	SERVICE_REGISTRY.md	16	0af6f70496a3c8ddc48f4ddb5c1129d313bf4e52033b711a2833a5b7e75e1bda	| SRV-010 | Telegram Service | Publish sanitized decision alerts |	Candidate evidence only; manual verification required.
EVD-c438693e70fc	INTEGRATION_DISCOVERY	DOCUMENTATION_ONLY	backend/architecture/SYSTEM_ARCHITECTURE.md	SYSTEM_ARCHITECTURE.md	19	ad56a736ae9b1448d40f1e3b73b34cdd6e0a8ab5332c3fff41a4f804dd62b23f	No portal, bot, admin panel, Telegram service, mobile app, or future execution service may read directly from decision engines.	Candidate evidence only; manual verification required.
EVD-fb940c89c509	INTEGRATION_DISCOVERY	DOCUMENTATION_ONLY	backend/architecture/adr/ADR-0002-completed-decision-ssot.md	ADR-0002-completed-decision-ssot.md	19	752f9d9eade3db1733361c9a97ad7fbd5bc114642747c0fcece4d91eb45fadb2	- Telegram	Candidate evidence only; manual verification required.
EVD-9bcbedc353d0	INTEGRATION_DISCOVERY	DOCUMENTATION_ONLY	backend/architecture/adr/ADR-0005-repository-hygiene.md	ADR-0005-repository-hygiene.md	34	9bec040138e81629660aadd38cdc03d533690575d2825a8c0a3413fcab46a697	- backend/.env.telegram.example	Candidate evidence only; manual verification required.
EVD-8e987c725440	INTEGRATION_DISCOVERY	DOCUMENTATION_ONLY	backend/architecture/contracts/NDSP_PUBLIC_PLATFORM_BOT_PRIVACY_BOUNDARY.md	NDSP_PUBLIC_PLATFORM_BOT_PRIVACY_BOUNDARY.md	29	a97f05aece97de38d313821736690edc999d95ac90ccf4e293372e4f91f7c74d	- Telegram private execution service references	Candidate evidence only; manual verification required.
EVD-2ff67b2b479d	INTEGRATION_DISCOVERY	DOCUMENTATION_ONLY	backend/architecture/contracts/NDSP_PUBLIC_PLATFORM_BOT_PRIVACY_BOUNDARY.md	NDSP_PUBLIC_PLATFORM_BOT_PRIVACY_BOUNDARY.md	36	a97f05aece97de38d313821736690edc999d95ac90ccf4e293372e4f91f7c74d	The bot may be offered separately through private Telegram workflow only, outside the public decision-support user journey.	Candidate evidence only; manual verification required.
EVD-b2592f8f4ee3	INTEGRATION_DISCOVERY	DOCUMENTATION_ONLY	backend/architecture/contracts/NDSP_PUBLIC_PLATFORM_BOT_PRIVACY_BOUNDARY.md	NDSP_PUBLIC_PLATFORM_BOT_PRIVACY_BOUNDARY.md	42	a97f05aece97de38d313821736690edc999d95ac90ccf4e293372e4f91f7c74d	Private Telegram Bot = separate execution channel.	Candidate evidence only; manual verification required.
EVD-9f83c1df9195	INTEGRATION_DISCOVERY	DOCUMENTATION_ONLY	backend/architecture/contracts/NDSP_PUBLIC_PLATFORM_NO_EXECUTION_LANGUAGE.md	NDSP_PUBLIC_PLATFORM_NO_EXECUTION_LANGUAGE.md	16	0ae92e0d8723442008ec25fd3bdada01a6964b377d21f7b6a4c20a76fa78e1d6	- Telegram private workflow	Candidate evidence only; manual verification required.
EVD-5fd677fdbf4d	INTEGRATION_DISCOVERY	DOCUMENTATION_ONLY	backend/architecture/reports/DEV-002B-SOURCE-CLASSIFICATION-20260628_001339.md	DEV-002B-SOURCE-CLASSIFICATION-20260628_001339.md	27	f8ecf7cce0484628a5b40adbcc30103a693267d8627d9e264f183fd7f0e61382	?? backend/.env.telegram.example	Candidate evidence only; manual verification required.
EVD-7ff710ab7144	INTEGRATION_DISCOVERY	DOCUMENTATION_ONLY	backend/architecture/reports/DEV-002B-SOURCE-CLASSIFICATION-20260628_001339.md	DEV-002B-SOURCE-CLASSIFICATION-20260628_001339.md	46	f8ecf7cce0484628a5b40adbcc30103a693267d8627d9e264f183fd7f0e61382	?? backend/ndsp-telegram-link-listener/	Candidate evidence only; manual verification required.
EVD-ac4989a71383	INTEGRATION_DISCOVERY	DOCUMENTATION_ONLY	backend/architecture/reports/DEV-002B-SOURCE-CLASSIFICATION-20260628_001339.md	DEV-002B-SOURCE-CLASSIFICATION-20260628_001339.md	94	f8ecf7cce0484628a5b40adbcc30103a693267d8627d9e264f183fd7f0e61382	| `??` | `DOC_OR_EXAMPLE_REVIEW` | `backend/.env.telegram.example` |	Candidate evidence only; manual verification required.
EVD-53a142e4a60e	INTEGRATION_DISCOVERY	DOCUMENTATION_ONLY	backend/architecture/reports/DEV-002B-SOURCE-CLASSIFICATION-20260628_001339.md	DEV-002B-SOURCE-CLASSIFICATION-20260628_001339.md	112	f8ecf7cce0484628a5b40adbcc30103a693267d8627d9e264f183fd7f0e61382	| `??` | `LEGACY_BACKEND_MODULE_REVIEW` | `backend/ndsp-telegram-link-listener/` |	Candidate evidence only; manual verification required.
EVD-e81e25e97116	INTEGRATION_DISCOVERY	DOCUMENTATION_ONLY	backend/architecture/reports/DEV-002B-SOURCE-CLASSIFICATION-20260628_001339.md	DEV-002B-SOURCE-CLASSIFICATION-20260628_001339.md	207	f8ecf7cce0484628a5b40adbcc30103a693267d8627d9e264f183fd7f0e61382	?? backend/.env.telegram.example	Candidate evidence only; manual verification required.
EVD-9c61912992a4	INTEGRATION_DISCOVERY	DOCUMENTATION_ONLY	backend/architecture/reports/DEV-002D-SECRET-SANITY-20260628_002606.md	DEV-002D-SECRET-SANITY-20260628_002606.md	13	dfbb50d81598337247056977fff8d1979b1887fe7a45b2aada9828ab86b2b0f3	The code may reference environment variable names such as TELEGRAM_BOT_TOKEN or DATABASE_URL.	Candidate evidence only; manual verification required.
EVD-8192c463b1cf	INTEGRATION_DISCOVERY	DOCUMENTATION_ONLY	backend/architecture/reports/DEV-002D-SECRET-SANITY-20260628_002606.md	DEV-002D-SECRET-SANITY-20260628_002606.md	20	dfbb50d81598337247056977fff8d1979b1887fe7a45b2aada9828ab86b2b0f3	1. Telegram bot token.	Candidate evidence only; manual verification required.
EVD-e7744572cb44	INTEGRATION_DISCOVERY	DOCUMENTATION_ONLY	backend/architecture/reports/DEV-002D-SECRET-SANITY-20260628_002606.md	DEV-002D-SECRET-SANITY-20260628_002606.md	22	dfbb50d81598337247056977fff8d1979b1887fe7a45b2aada9828ab86b2b0f3	3. SMTP app password.	Candidate evidence only; manual verification required.
EVD-4fda13a6787d	INTEGRATION_DISCOVERY	DOCUMENTATION_ONLY	backend/architecture/reports/DEV-002E-DOCS-POLICY-INTAKE-20260628_002936.md	DEV-002E-DOCS-POLICY-INTAKE-20260628_002936.md	14	82bcc0195b2f6b70cf2cc0a06cfa8fb4610c1219a891c0b6fcfdb5c094d355c2	backend/.env.telegram.example	Candidate evidence only; manual verification required.
EVD-5f8bd36ea1d9	INTEGRATION_DISCOVERY	DOCUMENTATION_ONLY	backend/architecture/reports/DEV-002E-DOCS-POLICY-INTAKE-20260628_002936.md	DEV-002E-DOCS-POLICY-INTAKE-20260628_002936.md	39	82bcc0195b2f6b70cf2cc0a06cfa8fb4610c1219a891c0b6fcfdb5c094d355c2	?? backend/.env.telegram.example	Candidate evidence only; manual verification required.
EVD-7dc8b4a9f9d6	INTEGRATION_DISCOVERY	HISTORICAL_REFERENCE	backend/architecture/reports/DEV-002G-LEGACY-BACKEND-MODULES-INTAKE-20260628_003623.md	DEV-002G-LEGACY-BACKEND-MODULES-INTAKE-20260628_003623.md	18	04c4c637a573a048023ea114e742f30f63674bd2b83ce1dd44adc9222fcc2070	backend/ndsp-telegram-link-listener	Candidate evidence only; manual verification required.
EVD-a3dbea84a635	INTEGRATION_DISCOVERY	HISTORICAL_REFERENCE	backend/architecture/reports/DEV-002G-LEGACY-BACKEND-MODULES-INTAKE-20260628_003623.md	DEV-002G-LEGACY-BACKEND-MODULES-INTAKE-20260628_003623.md	60	04c4c637a573a048023ea114e742f30f63674bd2b83ce1dd44adc9222fcc2070	?? backend/ndsp-telegram-link-listener/	Candidate evidence only; manual verification required.
EVD-b6c7cefefded	INTEGRATION_DISCOVERY	HISTORICAL_REFERENCE	backend/architecture/reports/DEV-002G-LEGACY-BACKEND-MODULES-INTAKE-20260628_003623.md	DEV-002G-LEGACY-BACKEND-MODULES-INTAKE-20260628_003623.md	87	04c4c637a573a048023ea114e742f30f63674bd2b83ce1dd44adc9222fcc2070	backend/ndsp-telegram-link-listener/offset.json	Candidate evidence only; manual verification required.
EVD-dbccfb21d0ce	INTEGRATION_DISCOVERY	HISTORICAL_REFERENCE	backend/architecture/reports/DEV-002G-LEGACY-BACKEND-MODULES-INTAKE-20260628_003623.md	DEV-002G-LEGACY-BACKEND-MODULES-INTAKE-20260628_003623.md	88	04c4c637a573a048023ea114e742f30f63674bd2b83ce1dd44adc9222fcc2070	backend/ndsp-telegram-link-listener/server.js	Candidate evidence only; manual verification required.
EVD-d502f539c452	INTEGRATION_DISCOVERY	DOCUMENTATION_ONLY	backend/architecture/reports/DEV-010E-BOT-SAFE-RUNTIME-SMOKE-20260628_151156.md	DEV-010E-BOT-SAFE-RUNTIME-SMOKE-20260628_151156.md	95	6448188523d6aa32061d6ae5fedb9d173f734d9049890050bdf38ffbb9dd4e52	BINANCE_KEYS_NOT_USED=REDACTED	Candidate evidence only; manual verification required.
EVD-636b65e029f7	INTEGRATION_DISCOVERY	DOCUMENTATION_ONLY	backend/architecture/reports/DEV-018B-REMOVE-BOT-AND-RESET-BAD-CANARY-20260629_093055.md	DEV-018B-REMOVE-BOT-AND-RESET-BAD-CANARY-20260629_093055.md	9	a1983361fe43e15afa3d168521c4f6d569f3b04608318999e6dfbf4a2c98fed0	The public NDSP decision-support platform must not expose the bot because the bot is intended to be private, personal, and not publicly announced. It may be offered separately through Telegram.	Candidate evidence only; manual verification required.
EVD-1819b0ba02e8	INTEGRATION_DISCOVERY	DOCUMENTATION_ONLY	backend/architecture/reports/DEV-018B-REMOVE-BOT-AND-RESET-BAD-CANARY-20260629_093055.md	DEV-018B-REMOVE-BOT-AND-RESET-BAD-CANARY-20260629_093055.md	26	a1983361fe43e15afa3d168521c4f6d569f3b04608318999e6dfbf4a2c98fed0	No Telegram private bot mention.	Candidate evidence only; manual verification required.
EVD-c8ae7c3aa55b	INTEGRATION_DISCOVERY	DOCUMENTATION_ONLY	backend/architecture/reports/DEV-019-SOVEREIGN-COMMAND-PREVIEW-20260629_095927.md	DEV-019-SOVEREIGN-COMMAND-PREVIEW-20260629_095927.md	24	ee4b9543bd47e91fe0710511df162ed7f8726e5832e24e3beac85fd004ac62d7	- No Telegram mention.	Candidate evidence only; manual verification required.
EVD-c67bcb09045f	INTEGRATION_DISCOVERY	DOCUMENTATION_ONLY	backend/architecture/ui/NDSP_SOVEREIGN_COMMAND_INTERFACE_SPEC.md	NDSP_SOVEREIGN_COMMAND_INTERFACE_SPEC.md	33	453aac5fd652394b75775743588b6048cfbf1a1c230dc188cc8084ec6a4458a7	- Telegram	Candidate evidence only; manual verification required.
EVD-c6bfb63915f5	INTEGRATION_DISCOVERY	INFERRED_FROM_SOURCE	backend/auth_api/ndsp_admin_actions_authoritative.cjs	ndsp_admin_actions_authoritative.cjs	185	19360fb2888de3ba91fa64f6441a10362372c79fecd85c323dbcc0078d61e405	'payments',	Candidate evidence only; manual verification required.
EVD-c67dbc959890	INTEGRATION_DISCOVERY	INFERRED_FROM_SOURCE	backend/auth_api/ndsp_admin_actions_authoritative.cjs	ndsp_admin_actions_authoritative.cjs	187	19360fb2888de3ba91fa64f6441a10362372c79fecd85c323dbcc0078d61e405	'nowpayments_payments',	Candidate evidence only; manual verification required.
EVD-08906b076733	INTEGRATION_DISCOVERY	INFERRED_FROM_SOURCE	backend/auth_api/ndsp_admin_actions_bypass_old_middleware.cjs	ndsp_admin_actions_bypass_old_middleware.cjs	205	7ce371a43e163bbb8ee7ed8285678930dcf48ac5ed556de1870745989b4c6391	'payments',	Candidate evidence only; manual verification required.
EVD-68192da5063d	INTEGRATION_DISCOVERY	INFERRED_FROM_SOURCE	backend/auth_api/ndsp_admin_actions_bypass_old_middleware.cjs	ndsp_admin_actions_bypass_old_middleware.cjs	207	7ce371a43e163bbb8ee7ed8285678930dcf48ac5ed556de1870745989b4c6391	'nowpayments_payments',	Candidate evidence only; manual verification required.
EVD-17685e2b1eff	INTEGRATION_DISCOVERY	INFERRED_FROM_SOURCE	backend/auth_api/ndsp_admin_actions_gateway.cjs	ndsp_admin_actions_gateway.cjs	133	84b80498bd731e97ddb87868f95da64e394f3b4fa22b02450fdf13fa55995f5a	pickSql(ucols, ['name', 'full_name', 'display_name'], `COALESCE(NULLIF(email,''),'User')`, 'name'),	Candidate evidence only; manual verification required.
EVD-475199116146	INTEGRATION_DISCOVERY	INFERRED_FROM_SOURCE	backend/auth_api/ndsp_admin_actions_gateway.cjs	ndsp_admin_actions_gateway.cjs	134	84b80498bd731e97ddb87868f95da64e394f3b4fa22b02450fdf13fa55995f5a	pickSql(ucols, ['email'], `''`, 'email'),	Candidate evidence only; manual verification required.
EVD-27c37a26632e	INTEGRATION_DISCOVERY	INFERRED_FROM_SOURCE	backend/auth_api/ndsp_admin_actions_gateway.cjs	ndsp_admin_actions_gateway.cjs	162	84b80498bd731e97ddb87868f95da64e394f3b4fa22b02450fdf13fa55995f5a	name: String(row.name || row.email || 'User'),	Candidate evidence only; manual verification required.
EVD-52f7212f8592	INTEGRATION_DISCOVERY	INFERRED_FROM_SOURCE	backend/auth_api/ndsp_admin_actions_gateway.cjs	ndsp_admin_actions_gateway.cjs	163	84b80498bd731e97ddb87868f95da64e394f3b4fa22b02450fdf13fa55995f5a	email: String(row.email || ''),	Candidate evidence only; manual verification required.
EVD-efb57277ccff	INTEGRATION_DISCOVERY	INFERRED_FROM_SOURCE	backend/auth_api/ndsp_admin_actions_gateway.cjs	ndsp_admin_actions_gateway.cjs	216	84b80498bd731e97ddb87868f95da64e394f3b4fa22b02450fdf13fa55995f5a	'payments',	Candidate evidence only; manual verification required.
EVD-82818c44646a	INTEGRATION_DISCOVERY	INFERRED_FROM_SOURCE	backend/auth_api/ndsp_admin_actions_gateway.cjs	ndsp_admin_actions_gateway.cjs	218	84b80498bd731e97ddb87868f95da64e394f3b4fa22b02450fdf13fa55995f5a	'nowpayments_payments',	Candidate evidence only; manual verification required.
EVD-792b1cecf8c6	INTEGRATION_DISCOVERY	INFERRED_FROM_SOURCE	backend/auth_api/ndsp_admin_ui_proxy.cjs	ndsp_admin_ui_proxy.cjs	24	73baa76f5df53e80b55839a950bef6d02eb92cf331eb5e161a4fe90eb1ffdb32	loadEnvFile('/etc/ndsp/ndsp-telegram.env')	Candidate evidence only; manual verification required.
EVD-8e29d886a3d9	INTEGRATION_DISCOVERY	INFERRED_FROM_SOURCE	backend/auth_api/ndsp_admin_ui_proxy.cjs	ndsp_admin_ui_proxy.cjs	115	73baa76f5df53e80b55839a950bef6d02eb92cf331eb5e161a4fe90eb1ffdb32	async function updateByIdentity(table, statusValue, id, email, paymentId) {	Candidate evidence only; manual verification required.
EVD-07e5365ad0c9	INTEGRATION_DISCOVERY	INFERRED_FROM_SOURCE	backend/auth_api/ndsp_admin_ui_proxy.cjs	ndsp_admin_ui_proxy.cjs	119	73baa76f5df53e80b55839a950bef6d02eb92cf331eb5e161a4fe90eb1ffdb32	const statusCol = ['status','payment_status','state'].find(c => cols.has(c))	Candidate evidence only; manual verification required.
EVD-2aed2bba67a5	INTEGRATION_DISCOVERY	INFERRED_FROM_SOURCE	backend/auth_api/ndsp_admin_ui_proxy.cjs	ndsp_admin_ui_proxy.cjs	132	73baa76f5df53e80b55839a950bef6d02eb92cf331eb5e161a4fe90eb1ffdb32	if (paymentId && cols.has('payment_id')) add('payment_id::text = ?', paymentId)	Candidate evidence only; manual verification required.
EVD-f9d37c2dd17c	INTEGRATION_DISCOVERY	INFERRED_FROM_SOURCE	backend/auth_api/ndsp_admin_ui_proxy.cjs	ndsp_admin_ui_proxy.cjs	133	73baa76f5df53e80b55839a950bef6d02eb92cf331eb5e161a4fe90eb1ffdb32	if (email && cols.has('email')) add('lower(email) = lower(?)', email)	Candidate evidence only; manual verification required.
EVD-a5b6c5dc843e	INTEGRATION_DISCOVERY	INFERRED_FROM_SOURCE	backend/auth_api/ndsp_admin_ui_proxy.cjs	ndsp_admin_ui_proxy.cjs	134	73baa76f5df53e80b55839a950bef6d02eb92cf331eb5e161a4fe90eb1ffdb32	if (email && cols.has('user_email')) add('lower(user_email) = lower(?)', email)	Candidate evidence only; manual verification required.
EVD-529433a29be9	INTEGRATION_DISCOVERY	INFERRED_FROM_SOURCE	backend/auth_api/ndsp_admin_ui_proxy.cjs	ndsp_admin_ui_proxy.cjs	148	73baa76f5df53e80b55839a950bef6d02eb92cf331eb5e161a4fe90eb1ffdb32	async function updateUserStatus(statusValue, id, email) {	Candidate evidence only; manual verification required.
EVD-8f42db6b8dfc	INTEGRATION_DISCOVERY	INFERRED_FROM_SOURCE	backend/auth_api/ndsp_admin_ui_proxy.cjs	ndsp_admin_ui_proxy.cjs	153	73baa76f5df53e80b55839a950bef6d02eb92cf331eb5e161a4fe90eb1ffdb32	OR ($2::text <> '' AND lower(email)=lower($2))	Candidate evidence only; manual verification required.
EVD-5c3e541565d5	INTEGRATION_DISCOVERY	INFERRED_FROM_SOURCE	backend/auth_api/ndsp_admin_ui_proxy.cjs	ndsp_admin_ui_proxy.cjs	154	73baa76f5df53e80b55839a950bef6d02eb92cf331eb5e161a4fe90eb1ffdb32	RETURNING id,email,role,status,plan	Candidate evidence only; manual verification required.
EVD-228d9e03662d	INTEGRATION_DISCOVERY	INFERRED_FROM_SOURCE	backend/auth_api/ndsp_admin_ui_proxy.cjs	ndsp_admin_ui_proxy.cjs	155	73baa76f5df53e80b55839a950bef6d02eb92cf331eb5e161a4fe90eb1ffdb32	`, [String(id || ''), String(email || ''), String(statusValue || '')])	Candidate evidence only; manual verification required.
EVD-1343f1876947	INTEGRATION_DISCOVERY	INFERRED_FROM_SOURCE	backend/auth_api/ndsp_admin_ui_proxy.cjs	ndsp_admin_ui_proxy.cjs	160	73baa76f5df53e80b55839a950bef6d02eb92cf331eb5e161a4fe90eb1ffdb32	function ndspTelegramConfig() {	Candidate evidence only; manual verification required.
EVD-f9bb792227d3	INTEGRATION_DISCOVERY	INFERRED_FROM_SOURCE	backend/auth_api/ndsp_admin_ui_proxy.cjs	ndsp_admin_ui_proxy.cjs	162	73baa76f5df53e80b55839a950bef6d02eb92cf331eb5e161a4fe90eb1ffdb32	process.env.NDSP_TELEGRAM_BOT_TOKEN ||	Candidate evidence only; manual verification required.
EVD-20748c31ed95	INTEGRATION_DISCOVERY	INFERRED_FROM_SOURCE	backend/auth_api/ndsp_admin_ui_proxy.cjs	ndsp_admin_ui_proxy.cjs	163	73baa76f5df53e80b55839a950bef6d02eb92cf331eb5e161a4fe90eb1ffdb32	process.env.TELEGRAM_BOT_TOKEN ||	Candidate evidence only; manual verification required.
EVD-50a80cc191ee	INTEGRATION_DISCOVERY	INFERRED_FROM_SOURCE	backend/auth_api/ndsp_admin_ui_proxy.cjs	ndsp_admin_ui_proxy.cjs	164	73baa76f5df53e80b55839a950bef6d02eb92cf331eb5e161a4fe90eb1ffdb32	process.env.TELEGRAM_TOKEN ||	Candidate evidence only; manual verification required.
EVD-08dfb487abf4	INTEGRATION_DISCOVERY	INFERRED_FROM_SOURCE	backend/auth_api/ndsp_admin_ui_proxy.cjs	ndsp_admin_ui_proxy.cjs	169	73baa76f5df53e80b55839a950bef6d02eb92cf331eb5e161a4fe90eb1ffdb32	process.env.NDSP_TELEGRAM_CHAT_ID ||	Candidate evidence only; manual verification required.
EVD-2b2e70c14847	INTEGRATION_DISCOVERY	INFERRED_FROM_SOURCE	backend/auth_api/ndsp_admin_ui_proxy.cjs	ndsp_admin_ui_proxy.cjs	170	73baa76f5df53e80b55839a950bef6d02eb92cf331eb5e161a4fe90eb1ffdb32	process.env.TELEGRAM_CHAT_ID ||	Candidate evidence only; manual verification required.
EVD-2da40ecfaf28	INTEGRATION_DISCOVERY	INFERRED_FROM_SOURCE	backend/auth_api/ndsp_admin_ui_proxy.cjs	ndsp_admin_ui_proxy.cjs	171	73baa76f5df53e80b55839a950bef6d02eb92cf331eb5e161a4fe90eb1ffdb32	process.env.ADMIN_TELEGRAM_CHAT_ID ||	Candidate evidence only; manual verification required.
EVD-c1cefe661f4a	INTEGRATION_DISCOVERY	INFERRED_FROM_SOURCE	backend/auth_api/ndsp_admin_ui_proxy.cjs	ndsp_admin_ui_proxy.cjs	185	73baa76f5df53e80b55839a950bef6d02eb92cf331eb5e161a4fe90eb1ffdb32	function ndspTelegramRequest(method, body) {	Candidate evidence only; manual verification required.
EVD-aea81e3d0895	INTEGRATION_DISCOVERY	INFERRED_FROM_SOURCE	backend/auth_api/ndsp_admin_ui_proxy.cjs	ndsp_admin_ui_proxy.cjs	186	73baa76f5df53e80b55839a950bef6d02eb92cf331eb5e161a4fe90eb1ffdb32	const cfg = ndspTelegramConfig()	Candidate evidence only; manual verification required.
EVD-53a734351433	INTEGRATION_DISCOVERY	INFERRED_FROM_SOURCE	backend/auth_api/ndsp_admin_ui_proxy.cjs	ndsp_admin_ui_proxy.cjs	188	73baa76f5df53e80b55839a950bef6d02eb92cf331eb5e161a4fe90eb1ffdb32	if (!cfg.token) return resolve({ ok:false, error:'TELEGRAM_TOKEN_MISSING' })	Candidate evidence only; manual verification required.
EVD-1f5de891f9c9	INTEGRATION_DISCOVERY	INFERRED_FROM_SOURCE	backend/auth_api/ndsp_admin_users_official_readonly.cjs	ndsp_admin_users_official_readonly.cjs	85	8781ed99248a11a063a7b6c36d8db39bc7deb4488ae9de02e4fcb52bf812a025	function maskEmail(email) {	Candidate evidence only; manual verification required.
EVD-a5252fc19a80	INTEGRATION_DISCOVERY	INFERRED_FROM_SOURCE	backend/auth_api/ndsp_admin_users_official_readonly.cjs	ndsp_admin_users_official_readonly.cjs	86	8781ed99248a11a063a7b6c36d8db39bc7deb4488ae9de02e4fcb52bf812a025	if (!email || typeof email !== 'string' || !email.includes('@')) return '';	Candidate evidence only; manual verification required.
EVD-240ba33610a3	INTEGRATION_DISCOVERY	INFERRED_FROM_SOURCE	backend/auth_api/ndsp_admin_users_official_readonly.cjs	ndsp_admin_users_official_readonly.cjs	87	8781ed99248a11a063a7b6c36d8db39bc7deb4488ae9de02e4fcb52bf812a025	const [a, b] = email.split('@');	Candidate evidence only; manual verification required.
EVD-12536167e8a1	INTEGRATION_DISCOVERY	INFERRED_FROM_SOURCE	backend/auth_api/ndsp_admin_users_official_readonly.cjs	ndsp_admin_users_official_readonly.cjs	116	8781ed99248a11a063a7b6c36d8db39bc7deb4488ae9de02e4fcb52bf812a025	sqlField(cols, 'email', 'email'),	Candidate evidence only; manual verification required.
EVD-b4a151b5cc64	INTEGRATION_DISCOVERY	INFERRED_FROM_SOURCE	backend/auth_api/ndsp_admin_users_official_readonly.cjs	ndsp_admin_users_official_readonly.cjs	138	8781ed99248a11a063a7b6c36d8db39bc7deb4488ae9de02e4fcb52bf812a025	masked_email: maskEmail(u.email || ''),	Candidate evidence only; manual verification required.
EVD-45841806926b	INTEGRATION_DISCOVERY	INFERRED_FROM_SOURCE	backend/auth_api/ndsp_admin_users_official_readonly.cjs	ndsp_admin_users_official_readonly.cjs	139	8781ed99248a11a063a7b6c36d8db39bc7deb4488ae9de02e4fcb52bf812a025	email_present: !!u.email,	Candidate evidence only; manual verification required.
EVD-0dae9eba550c	INTEGRATION_DISCOVERY	INFERRED_FROM_SOURCE	backend/auth_api/ndsp_alert_channels_state.json	ndsp_alert_channels_state.json	3	6acb9ed56cf3350e8a22f3a6ae5567b14e4ea793ad1698e1d97a757cdd71b74d	"""email"": true,"	Candidate evidence only; manual verification required.
EVD-0d94e9161a7d	INTEGRATION_DISCOVERY	INFERRED_FROM_SOURCE	backend/auth_api/ndsp_alert_channels_state.json	ndsp_alert_channels_state.json	4	6acb9ed56cf3350e8a22f3a6ae5567b14e4ea793ad1698e1d97a757cdd71b74d	"""telegram"": true"	Candidate evidence only; manual verification required.
EVD-1bd936de51c8	INTEGRATION_DISCOVERY	INFERRED_FROM_SOURCE	backend/auth_api/ndsp_api_compat_gateway.cjs	ndsp_api_compat_gateway.cjs	42	915359e511f0872dbdc949aab4bfc90ff4e7f44832082c8b3e2fc008d5b4b4a3	function maskEmail(email) {	Candidate evidence only; manual verification required.
EVD-bb012c55aa99	INTEGRATION_DISCOVERY	INFERRED_FROM_SOURCE	backend/auth_api/ndsp_api_compat_gateway.cjs	ndsp_api_compat_gateway.cjs	43	915359e511f0872dbdc949aab4bfc90ff4e7f44832082c8b3e2fc008d5b4b4a3	if (!email || !email.includes('@')) return email || ''	Candidate evidence only; manual verification required.
EVD-2c232d29fbf7	INTEGRATION_DISCOVERY	INFERRED_FROM_SOURCE	backend/auth_api/ndsp_api_compat_gateway.cjs	ndsp_api_compat_gateway.cjs	44	915359e511f0872dbdc949aab4bfc90ff4e7f44832082c8b3e2fc008d5b4b4a3	const [a, b] = email.split('@')	Candidate evidence only; manual verification required.
EVD-6ba665b3d208	INTEGRATION_DISCOVERY	INFERRED_FROM_SOURCE	backend/auth_api/ndsp_api_compat_gateway.cjs	ndsp_api_compat_gateway.cjs	86	915359e511f0872dbdc949aab4bfc90ff4e7f44832082c8b3e2fc008d5b4b4a3	'/api/payments/status'	Candidate evidence only; manual verification required.
EVD-3c53865932ae	INTEGRATION_DISCOVERY	INFERRED_FROM_SOURCE	backend/auth_api/ndsp_api_compat_gateway.cjs	ndsp_api_compat_gateway.cjs	97	915359e511f0872dbdc949aab4bfc90ff4e7f44832082c8b3e2fc008d5b4b4a3	SELECT id,email,role,status,plan,trial_day,trial_started_at,trial_ends_at,activated_at,created_at	Candidate evidence only; manual verification required.
EVD-1f0f324d0150	INTEGRATION_DISCOVERY	INFERRED_FROM_SOURCE	backend/auth_api/ndsp_api_compat_gateway.cjs	ndsp_api_compat_gateway.cjs	99	915359e511f0872dbdc949aab4bfc90ff4e7f44832082c8b3e2fc008d5b4b4a3	WHERE id::text=$1 OR lower(email)=lower($2)	Candidate evidence only; manual verification required.
EVD-74b8d5feb379	INTEGRATION_DISCOVERY	INFERRED_FROM_SOURCE	backend/auth_api/ndsp_api_compat_gateway.cjs	ndsp_api_compat_gateway.cjs	101	915359e511f0872dbdc949aab4bfc90ff4e7f44832082c8b3e2fc008d5b4b4a3	`, [String(req.user.sub || ''), String(req.user.email || '')])	Candidate evidence only; manual verification required.
EVD-23ad4d59e9de	INTEGRATION_DISCOVERY	INFERRED_FROM_SOURCE	backend/auth_api/ndsp_api_compat_gateway.cjs	ndsp_api_compat_gateway.cjs	116	915359e511f0872dbdc949aab4bfc90ff4e7f44832082c8b3e2fc008d5b4b4a3	email:maskEmail(u.email),	Candidate evidence only; manual verification required.
EVD-a339214b13f9	INTEGRATION_DISCOVERY	INFERRED_FROM_SOURCE	backend/auth_api/ndsp_api_compat_gateway.cjs	ndsp_api_compat_gateway.cjs	207	915359e511f0872dbdc949aab4bfc90ff4e7f44832082c8b3e2fc008d5b4b4a3	email:true,	Candidate evidence only; manual verification required.
EVD-f7bad46f9e69	INTEGRATION_DISCOVERY	INFERRED_FROM_SOURCE	backend/auth_api/ndsp_api_compat_gateway.cjs	ndsp_api_compat_gateway.cjs	208	915359e511f0872dbdc949aab4bfc90ff4e7f44832082c8b3e2fc008d5b4b4a3	telegram:false,	Candidate evidence only; manual verification required.
EVD-d0210d0221b7	INTEGRATION_DISCOVERY	INFERRED_FROM_SOURCE	backend/auth_api/ndsp_api_compat_gateway.cjs	ndsp_api_compat_gateway.cjs	219	915359e511f0872dbdc949aab4bfc90ff4e7f44832082c8b3e2fc008d5b4b4a3	app.get('/api/payments/status', authRequired, async (req, res) => {	Candidate evidence only; manual verification required.
EVD-9c3820ce03fe	INTEGRATION_DISCOVERY	INFERRED_FROM_SOURCE	backend/auth_api/ndsp_api_compat_gateway.cjs	ndsp_api_compat_gateway.cjs	222	915359e511f0872dbdc949aab4bfc90ff4e7f44832082c8b3e2fc008d5b4b4a3	if (await tableExists('ndsp_nowpayments_payments')) {	Candidate evidence only; manual verification required.
EVD-9309a57ef431	INTEGRATION_DISCOVERY	INFERRED_FROM_SOURCE	backend/auth_api/ndsp_api_compat_gateway.cjs	ndsp_api_compat_gateway.cjs	224	915359e511f0872dbdc949aab4bfc90ff4e7f44832082c8b3e2fc008d5b4b4a3	SELECT payment_id, plan, status, created_at	Candidate evidence only; manual verification required.
EVD-102994973962	INTEGRATION_DISCOVERY	INFERRED_FROM_SOURCE	backend/auth_api/ndsp_api_compat_gateway.cjs	ndsp_api_compat_gateway.cjs	225	915359e511f0872dbdc949aab4bfc90ff4e7f44832082c8b3e2fc008d5b4b4a3	FROM ndsp_nowpayments_payments	Candidate evidence only; manual verification required.
EVD-582028021b80	INTEGRATION_DISCOVERY	INFERRED_FROM_SOURCE	backend/auth_api/ndsp_api_compat_gateway.cjs	ndsp_api_compat_gateway.cjs	226	915359e511f0872dbdc949aab4bfc90ff4e7f44832082c8b3e2fc008d5b4b4a3	WHERE lower(email)=lower($1)	Candidate evidence only; manual verification required.
EVD-0b7f1ff6e01e	INTEGRATION_DISCOVERY	INFERRED_FROM_SOURCE	backend/auth_api/ndsp_api_compat_gateway.cjs	ndsp_api_compat_gateway.cjs	229	915359e511f0872dbdc949aab4bfc90ff4e7f44832082c8b3e2fc008d5b4b4a3	`, [String(req.user.email || '')]).catch(() => ({ rows:[] }))	Candidate evidence only; manual verification required.
EVD-a6f9da2b0ba7	INTEGRATION_DISCOVERY	INFERRED_FROM_SOURCE	backend/auth_api/ndsp_api_compat_gateway.cjs	ndsp_api_compat_gateway.cjs	235	915359e511f0872dbdc949aab4bfc90ff4e7f44832082c8b3e2fc008d5b4b4a3	provider:'nowpayments',	Candidate evidence only; manual verification required.
EVD-2cdbd172c1ca	INTEGRATION_DISCOVERY	INFERRED_FROM_SOURCE	backend/auth_api/ndsp_api_compat_gateway.cjs	ndsp_api_compat_gateway.cjs	237	915359e511f0872dbdc949aab4bfc90ff4e7f44832082c8b3e2fc008d5b4b4a3	payments:rows,	Candidate evidence only; manual verification required.
EVD-dd4c4f91ed9c	INTEGRATION_DISCOVERY	INFERRED_FROM_SOURCE	backend/auth_api/ndsp_api_compat_gateway.cjs	ndsp_api_compat_gateway.cjs	238	915359e511f0872dbdc949aab4bfc90ff4e7f44832082c8b3e2fc008d5b4b4a3	message:'Payments require admin/manual review before activation.'	Candidate evidence only; manual verification required.
EVD-2b5388be82e1	INTEGRATION_DISCOVERY	INFERRED_FROM_SOURCE	backend/auth_api/ndsp_api_compat_gateway.cjs	ndsp_api_compat_gateway.cjs	241	915359e511f0872dbdc949aab4bfc90ff4e7f44832082c8b3e2fc008d5b4b4a3	send(res, 500, { ok:false, error:'PAYMENTS_STATUS_FAILED', message:e.message })	Candidate evidence only; manual verification required.
EVD-6a3a1477ce0f	INTEGRATION_DISCOVERY	INFERRED_FROM_SOURCE	backend/auth_api/ndsp_password_reset_module.js	ndsp_password_reset_module.js	2	e0028e04ee5127bc3338b052479fed0f47952adaeb2f2b71dc8b29ae29eb0b46	const nodemailer = require('nodemailer');	Candidate evidence only; manual verification required.
EVD-929c58dd6a52	INTEGRATION_DISCOVERY	INFERRED_FROM_SOURCE	backend/auth_api/ndsp_password_reset_module.js	ndsp_password_reset_module.js	5	e0028e04ee5127bc3338b052479fed0f47952adaeb2f2b71dc8b29ae29eb0b46	const emailTransporter = nodemailer.createTransport({	Candidate evidence only; manual verification required.
EVD-157903b1b635	INTEGRATION_DISCOVERY	INFERRED_FROM_SOURCE	backend/auth_api/ndsp_password_reset_module.js	ndsp_password_reset_module.js	8	e0028e04ee5127bc3338b052479fed0f47952adaeb2f2b71dc8b29ae29eb0b46	user: process.env.SMTP_USER || 'ndsp.app@gmail.com',	Candidate evidence only; manual verification required.
EVD-acd6111c34d3	INTEGRATION_DISCOVERY	INFERRED_FROM_SOURCE	backend/auth_api/ndsp_password_reset_module.js	ndsp_password_reset_module.js	9	e0028e04ee5127bc3338b052479fed0f47952adaeb2f2b71dc8b29ae29eb0b46	pass: REDACTED || process.env.SMTP_PASSWORD,	Candidate evidence only; manual verification required.
EVD-703665464b86	INTEGRATION_DISCOVERY	INFERRED_FROM_SOURCE	backend/auth_api/ndsp_password_reset_module.js	ndsp_password_reset_module.js	13	e0028e04ee5127bc3338b052479fed0f47952adaeb2f2b71dc8b29ae29eb0b46	emailTransporter.verify((err, success) => {	Candidate evidence only; manual verification required.
EVD-74072ab54e56	INTEGRATION_DISCOVERY	INFERRED_FROM_SOURCE	backend/auth_api/ndsp_password_reset_module.js	ndsp_password_reset_module.js	15	e0028e04ee5127bc3338b052479fed0f47952adaeb2f2b71dc8b29ae29eb0b46	console.error('❌ Email transporter error:', err.message);	Candidate evidence only; manual verification required.
EVD-36f1d8e929cb	INTEGRATION_DISCOVERY	INFERRED_FROM_SOURCE	backend/auth_api/ndsp_password_reset_module.js	ndsp_password_reset_module.js	17	e0028e04ee5127bc3338b052479fed0f47952adaeb2f2b71dc8b29ae29eb0b46	console.log('✅ Email transporter ready');	Candidate evidence only; manual verification required.
EVD-0736e26a56f4	INTEGRATION_DISCOVERY	INFERRED_FROM_SOURCE	backend/auth_api/ndsp_password_reset_module.js	ndsp_password_reset_module.js	25	e0028e04ee5127bc3338b052479fed0f47952adaeb2f2b71dc8b29ae29eb0b46	function getResetEmailHTML(userName, resetLink) {	Candidate evidence only; manual verification required.
EVD-05720bbc8963	INTEGRATION_DISCOVERY	INFERRED_FROM_SOURCE	backend/auth_api/ndsp_password_reset_module.js	ndsp_password_reset_module.js	31	e0028e04ee5127bc3338b052479fed0f47952adaeb2f2b71dc8b29ae29eb0b46	const { email } = req.body;	Candidate evidence only; manual verification required.
EVD-c0d647b9e145	INTEGRATION_DISCOVERY	INFERRED_FROM_SOURCE	backend/auth_api/ndsp_password_reset_module.js	ndsp_password_reset_module.js	32	e0028e04ee5127bc3338b052479fed0f47952adaeb2f2b71dc8b29ae29eb0b46	if (!email || typeof email !== 'string' || email.trim() === '') {	Candidate evidence only; manual verification required.
EVD-a1c86e49e496	INTEGRATION_DISCOVERY	INFERRED_FROM_SOURCE	backend/auth_api/ndsp_password_reset_module.js	ndsp_password_reset_module.js	33	e0028e04ee5127bc3338b052479fed0f47952adaeb2f2b71dc8b29ae29eb0b46	return res.status(400).json({ success: false, message: 'Email is required' });	Candidate evidence only; manual verification required.
EVD-f1f45666ca07	INTEGRATION_DISCOVERY	INFERRED_FROM_SOURCE	backend/auth_api/ndsp_password_reset_module.js	ndsp_password_reset_module.js	35	e0028e04ee5127bc3338b052479fed0f47952adaeb2f2b71dc8b29ae29eb0b46	const normalizedEmail = email.toLowerCase().trim();	Candidate evidence only; manual verification required.
EVD-5b4973ec659c	INTEGRATION_DISCOVERY	INFERRED_FROM_SOURCE	backend/auth_api/ndsp_password_reset_module.js	ndsp_password_reset_module.js	36	e0028e04ee5127bc3338b052479fed0f47952adaeb2f2b71dc8b29ae29eb0b46	const userResult = await db.query('SELECT id, name, email FROM users WHERE LOWER(email) = $1', [normalizedEmail]);	Candidate evidence only; manual verification required.
EVD-6d7833135a13	INTEGRATION_DISCOVERY	INFERRED_FROM_SOURCE	backend/auth_api/ndsp_password_reset_module.js	ndsp_password_reset_module.js	38	e0028e04ee5127bc3338b052479fed0f47952adaeb2f2b71dc8b29ae29eb0b46	return res.status(200).json({ success: true, message: 'If this email exists, a reset link has been sent' });	Candidate evidence only; manual verification required.
EVD-f1dbca8789dc	INTEGRATION_DISCOVERY	INFERRED_FROM_SOURCE	backend/auth_api/ndsp_password_reset_module.js	ndsp_password_reset_module.js	44	e0028e04ee5127bc3338b052479fed0f47952adaeb2f2b71dc8b29ae29eb0b46	const resetLink = `${process.env.FRONTEND_URL || 'https://ndsp.app'}/reset-password.html?token=REDACTED}&email=${encodeURIComponent(user.email)}`;	Candidate evidence only; manual verification required.
EVD-e18198c9560d	INTEGRATION_DISCOVERY	INFERRED_FROM_SOURCE	backend/auth_api/ndsp_password_reset_module.js	ndsp_password_reset_module.js	46	e0028e04ee5127bc3338b052479fed0f47952adaeb2f2b71dc8b29ae29eb0b46	from: process.env.SMTP_FROM || 'NDSP <ndsp.app@gmail.com>',	Candidate evidence only; manual verification required.
EVD-2a42de4ed33f	INTEGRATION_DISCOVERY	INFERRED_FROM_SOURCE	backend/auth_api/ndsp_password_reset_module.js	ndsp_password_reset_module.js	47	e0028e04ee5127bc3338b052479fed0f47952adaeb2f2b71dc8b29ae29eb0b46	to: user.email,	Candidate evidence only; manual verification required.
EVD-7364a85b692f	INTEGRATION_DISCOVERY	INFERRED_FROM_SOURCE	backend/auth_api/ndsp_password_reset_module.js	ndsp_password_reset_module.js	49	e0028e04ee5127bc3338b052479fed0f47952adaeb2f2b71dc8b29ae29eb0b46	html: getResetEmailHTML(user.name, resetLink),	Candidate evidence only; manual verification required.
EVD-37233ce469b5	INTEGRATION_DISCOVERY	INFERRED_FROM_SOURCE	backend/auth_api/ndsp_password_reset_module.js	ndsp_password_reset_module.js	51	e0028e04ee5127bc3338b052479fed0f47952adaeb2f2b71dc8b29ae29eb0b46	await emailTransporter.sendMail(mailOptions);	Candidate evidence only; manual verification required.
EVD-73f47a8499c8	INTEGRATION_DISCOVERY	INFERRED_FROM_SOURCE	backend/auth_api/ndsp_password_reset_module.js	ndsp_password_reset_module.js	52	e0028e04ee5127bc3338b052479fed0f47952adaeb2f2b71dc8b29ae29eb0b46	console.log(`✅ Password reset email sent to: ${user.email}`);	Candidate evidence only; manual verification required.
EVD-b4199d1b53c8	INTEGRATION_DISCOVERY	INFERRED_FROM_SOURCE	backend/auth_api/ndsp_saas_packages_policy.cjs	ndsp_saas_packages_policy.cjs	22	6b2629a67147e9addba300d1aac54aebc2645b095db156b1c92a54bb7931da82	webhooks: REDACTED,	Candidate evidence only; manual verification required.
EVD-8649eb9cdbc7	INTEGRATION_DISCOVERY	INFERRED_FROM_SOURCE	backend/auth_api/ndsp_saas_packages_policy.cjs	ndsp_saas_packages_policy.cjs	38	6b2629a67147e9addba300d1aac54aebc2645b095db156b1c92a54bb7931da82	webhooks: REDACTED,	Candidate evidence only; manual verification required.
EVD-89467ff437dc	INTEGRATION_DISCOVERY	INFERRED_FROM_SOURCE	backend/auth_api/ndsp_saas_packages_policy.cjs	ndsp_saas_packages_policy.cjs	51	6b2629a67147e9addba300d1aac54aebc2645b095db156b1c92a54bb7931da82	alerts: 'advanced_telegram',	Candidate evidence only; manual verification required.
EVD-0f7f0ad4c4cf	INTEGRATION_DISCOVERY	INFERRED_FROM_SOURCE	backend/auth_api/ndsp_saas_packages_policy.cjs	ndsp_saas_packages_policy.cjs	56	6b2629a67147e9addba300d1aac54aebc2645b095db156b1c92a54bb7931da82	webhooks: REDACTED,	Candidate evidence only; manual verification required.
EVD-9de290ce755f	INTEGRATION_DISCOVERY	INFERRED_FROM_SOURCE	backend/auth_api/ndsp_saas_packages_policy.cjs	ndsp_saas_packages_policy.cjs	71	6b2629a67147e9addba300d1aac54aebc2645b095db156b1c92a54bb7931da82	webhooks: REDACTED,	Candidate evidence only; manual verification required.
EVD-164c88aa6187	INTEGRATION_DISCOVERY	INFERRED_FROM_SOURCE	backend/auth_api/ndsp_trial_fingerprint_guard_proxy.cjs	ndsp_trial_fingerprint_guard_proxy.cjs	95	54542a95667935673a3363383d9c0965b77fb9a08f06430823cb54c5ae83ab86	async function claimFingerprint(hash, email, mode, ip) {	Candidate evidence only; manual verification required.
EVD-fbda26f36e6c	INTEGRATION_DISCOVERY	INFERRED_FROM_SOURCE	backend/auth_api/ndsp_trial_fingerprint_guard_proxy.cjs	ndsp_trial_fingerprint_guard_proxy.cjs	98	54542a95667935673a3363383d9c0965b77fb9a08f06430823cb54c5ae83ab86	(fingerprint_hash, first_email, first_mode, first_ip, status)	Candidate evidence only; manual verification required.
EVD-e412243c19ad	INTEGRATION_DISCOVERY	INFERRED_FROM_SOURCE	backend/auth_api/ndsp_trial_fingerprint_guard_proxy.cjs	ndsp_trial_fingerprint_guard_proxy.cjs	102	54542a95667935673a3363383d9c0965b77fb9a08f06430823cb54c5ae83ab86	[hash, email || null, mode || null, ip || null]	Candidate evidence only; manual verification required.
EVD-574fe04bb698	INTEGRATION_DISCOVERY	INFERRED_FROM_SOURCE	backend/auth_api/ndsp_trial_fingerprint_guard_proxy.cjs	ndsp_trial_fingerprint_guard_proxy.cjs	186	54542a95667935673a3363383d9c0965b77fb9a08f06430823cb54c5ae83ab86	"const email = String(body.email || body.username || """").trim().toLowerCase();"	Candidate evidence only; manual verification required.
EVD-479ec4344e03	INTEGRATION_DISCOVERY	INFERRED_FROM_SOURCE	backend/auth_api/ndsp_trial_fingerprint_guard_proxy.cjs	ndsp_trial_fingerprint_guard_proxy.cjs	196	54542a95667935673a3363383d9c0965b77fb9a08f06430823cb54c5ae83ab86	claim = await claimFingerprint(hash, email, mode, ip);	Candidate evidence only; manual verification required.
EVD-677e86a27b45	INTEGRATION_DISCOVERY	INFERRED_FROM_SOURCE	backend/auth_api/ndsp_trial_register_gateway.cjs	ndsp_trial_register_gateway.cjs	31	0ae3a08d595b735644fbdb80a664629c7050a5bbca026262954ebcc48e9181fb	msg.includes('ux_users_email_lower') ||	Candidate evidence only; manual verification required.
EVD-1bd124dae687	INTEGRATION_DISCOVERY	INFERRED_FROM_SOURCE	backend/auth_api/ndsp_trial_register_gateway.cjs	ndsp_trial_register_gateway.cjs	32	0ae3a08d595b735644fbdb80a664629c7050a5bbca026262954ebcc48e9181fb	msg.includes('DUPLICATE_EMAIL')	Candidate evidence only; manual verification required.
EVD-61f750f37e32	INTEGRATION_DISCOVERY	INFERRED_FROM_SOURCE	backend/auth_api/ndsp_trial_register_gateway.cjs	ndsp_trial_register_gateway.cjs	34	0ae3a08d595b735644fbdb80a664629c7050a5bbca026262954ebcc48e9181fb	return { ok:false, code:'DUPLICATE_EMAIL', message:'البريد الإلكتروني مستخدم سابقًا' };	Candidate evidence only; manual verification required.
EVD-719577360a0b	INTEGRATION_DISCOVERY	INFERRED_FROM_SOURCE	backend/auth_api/ndsp_trial_register_gateway.cjs	ndsp_trial_register_gateway.cjs	129	0ae3a08d595b735644fbdb80a664629c7050a5bbca026262954ebcc48e9181fb	VALUES ($1::uuid, $2, 'email_activation', now() + interval '48 hours')`,	Candidate evidence only; manual verification required.
EVD-6533e7d17f75	INTEGRATION_DISCOVERY	INFERRED_FROM_SOURCE	backend/auth_api/ndsp_trial_register_gateway.cjs	ndsp_trial_register_gateway.cjs	224	0ae3a08d595b735644fbdb80a664629c7050a5bbca026262954ebcc48e9181fb	email: body.email || '',	Candidate evidence only; manual verification required.
EVD-e7e59987c982	INTEGRATION_DISCOVERY	INFERRED_FROM_SOURCE	backend/auth_api/ndsp_trial_register_gateway.cjs	ndsp_trial_register_gateway.cjs	266	0ae3a08d595b735644fbdb80a664629c7050a5bbca026262954ebcc48e9181fb	const email = clean(body.email).toLowerCase();	Candidate evidence only; manual verification required.
EVD-8e18257614df	INTEGRATION_DISCOVERY	INFERRED_FROM_SOURCE	backend/auth_api/ndsp_trial_register_gateway.cjs	ndsp_trial_register_gateway.cjs	269	0ae3a08d595b735644fbdb80a664629c7050a5bbca026262954ebcc48e9181fb	if (!email || !email.includes('@')) return { ok:false, code:400, error:'EMAIL_REQUIRED' };	Candidate evidence only; manual verification required.
EVD-95e74f9c250f	INTEGRATION_DISCOVERY	INFERRED_FROM_SOURCE	backend/auth_api/ndsp_trial_register_gateway.cjs	ndsp_trial_register_gateway.cjs	272	0ae3a08d595b735644fbdb80a664629c7050a5bbca026262954ebcc48e9181fb	const existing = await client.query(`SELECT id FROM users WHERE LOWER(email)=LOWER($1) LIMIT 1`, [email]);	Candidate evidence only; manual verification required.
EVD-72fbc4451d1f	INTEGRATION_DISCOVERY	INFERRED_FROM_SOURCE	backend/auth_api/ndsp_trial_register_gateway.cjs	ndsp_trial_register_gateway.cjs	281	0ae3a08d595b735644fbdb80a664629c7050a5bbca026262954ebcc48e9181fb	SELECT id, email	Candidate evidence only; manual verification required.
EVD-9dae9bc94cc3	INTEGRATION_DISCOVERY	INFERRED_FROM_SOURCE	backend/auth_api/ndsp_trial_register_gateway.cjs	ndsp_trial_register_gateway.cjs	309	0ae3a08d595b735644fbdb80a664629c7050a5bbca026262954ebcc48e9181fb	if (existing.rowCount) return { ok:false, code:409, error:'EMAIL_ALREADY_EXISTS' };	Candidate evidence only; manual verification required.
EVD-da0d17b570a3	INTEGRATION_DISCOVERY	INFERRED_FROM_SOURCE	backend/auth_api/ndsp_trial_register_gateway.cjs	ndsp_trial_register_gateway.cjs	322	0ae3a08d595b735644fbdb80a664629c7050a5bbca026262954ebcc48e9181fb	const v = valueForColumn(col, { ...body, email }, mode, id, passwordHash, trialEnds);	Candidate evidence only; manual verification required.
EVD-1713ac219bf8	INTEGRATION_DISCOVERY	INFERRED_FROM_SOURCE	backend/auth_api/ndsp_trial_register_gateway.cjs	ndsp_trial_register_gateway.cjs	329	0ae3a08d595b735644fbdb80a664629c7050a5bbca026262954ebcc48e9181fb	if (!insertCols.includes('email')) return { ok:false, code:500, error:'USERS_EMAIL_COLUMN_MISSING' };	Candidate evidence only; manual verification required.
EVD-c1f0914fea19	INTEGRATION_DISCOVERY	INFERRED_FROM_SOURCE	backend/auth_api/ndsp_trial_register_gateway.cjs	ndsp_trial_register_gateway.cjs	369	0ae3a08d595b735644fbdb80a664629c7050a5bbca026262954ebcc48e9181fb	process.env.SMTP_ADMIN_TO ||	Candidate evidence only; manual verification required.
EVD-778740860c82	INTEGRATION_DISCOVERY	INFERRED_FROM_SOURCE	backend/auth_api/ndsp_trial_register_gateway.cjs	ndsp_trial_register_gateway.cjs	370	0ae3a08d595b735644fbdb80a664629c7050a5bbca026262954ebcc48e9181fb	process.env.SMTP_TO ||	Candidate evidence only; manual verification required.
EVD-0ff478d3fc95	INTEGRATION_DISCOVERY	INFERRED_FROM_SOURCE	backend/auth_api/ndsp_trial_register_gateway.cjs	ndsp_trial_register_gateway.cjs	371	0ae3a08d595b735644fbdb80a664629c7050a5bbca026262954ebcc48e9181fb	process.env.ALERT_EMAIL_TO ||	Candidate evidence only; manual verification required.
EVD-b50997c526f9	INTEGRATION_DISCOVERY	INFERRED_FROM_SOURCE	backend/auth_api/ndsp_trial_register_gateway.cjs	ndsp_trial_register_gateway.cjs	376	0ae3a08d595b735644fbdb80a664629c7050a5bbca026262954ebcc48e9181fb	function registrationEmailTexts(body, mode, result) {	Candidate evidence only; manual verification required.
EVD-ee6194d5eaf3	INTEGRATION_DISCOVERY	INFERRED_FROM_SOURCE	backend/auth_api/ndsp_trial_register_gateway.cjs	ndsp_trial_register_gateway.cjs	378	0ae3a08d595b735644fbdb80a664629c7050a5bbca026262954ebcc48e9181fb	const email = String(body.email || '').toLowerCase();	Candidate evidence only; manual verification required.
EVD-29da8976aa1e	INTEGRATION_DISCOVERY	INFERRED_FROM_SOURCE	backend/auth_api/ndsp_trial_register_gateway.cjs	ndsp_trial_register_gateway.cjs	392	0ae3a08d595b735644fbdb80a664629c7050a5bbca026262954ebcc48e9181fb	Email: ${email}	Candidate evidence only; manual verification required.
EVD-81f1bec0996e	INTEGRATION_DISCOVERY	INFERRED_FROM_SOURCE	backend/auth_api/ndsp_trial_register_gateway.cjs	ndsp_trial_register_gateway.cjs	436	0ae3a08d595b735644fbdb80a664629c7050a5bbca026262954ebcc48e9181fb	function notifyRegistrationEmails(body, mode, result) {	Candidate evidence only; manual verification required.
EVD-bd039ed30dfa	INTEGRATION_DISCOVERY	INFERRED_FROM_SOURCE	backend/auth_api/ndsp_trial_register_gateway.cjs	ndsp_trial_register_gateway.cjs	437	0ae3a08d595b735644fbdb80a664629c7050a5bbca026262954ebcc48e9181fb	const texts = registrationEmailTexts(body, mode, result);	Candidate evidence only; manual verification required.
EVD-7ad429ddb9b5	INTEGRATION_DISCOVERY	INFERRED_FROM_SOURCE	backend/auth_api/ndsp_user_dashboard_gateway.cjs	ndsp_user_dashboard_gateway.cjs	160	00df7b0f1a1ce584e6bc38e47a6bc91547c4db63824decad9327862acbf2515e	async function binanceCrypto() {	Candidate evidence only; manual verification required.
EVD-3a4bc67efb24	INTEGRATION_DISCOVERY	INFERRED_FROM_SOURCE	backend/auth_api/ndsp_user_dashboard_gateway.cjs	ndsp_user_dashboard_gateway.cjs	161	00df7b0f1a1ce584e6bc38e47a6bc91547c4db63824decad9327862acbf2515e	const url = `https://api.binance.com/api/v3/ticker/24hr?symbols=${encodeURIComponent(JSON.stringify(CRYPTO_SYMBOLS))}`;	Candidate evidence only; manual verification required.
EVD-668b45f336f4	INTEGRATION_DISCOVERY	INFERRED_FROM_SOURCE	backend/auth_api/ndsp_user_dashboard_gateway.cjs	ndsp_user_dashboard_gateway.cjs	171	00df7b0f1a1ce584e6bc38e47a6bc91547c4db63824decad9327862acbf2515e	provider:'binance',	Candidate evidence only; manual verification required.
EVD-e7fb77812c09	INTEGRATION_DISCOVERY	INFERRED_FROM_SOURCE	backend/auth_api/ndsp_user_dashboard_gateway.cjs	ndsp_user_dashboard_gateway.cjs	183	00df7b0f1a1ce584e6bc38e47a6bc91547c4db63824decad9327862acbf2515e	provider:'binance',	Candidate evidence only; manual verification required.
EVD-a2a7a4f2f277	INTEGRATION_DISCOVERY	INFERRED_FROM_SOURCE	backend/auth_api/ndsp_user_dashboard_gateway.cjs	ndsp_user_dashboard_gateway.cjs	206	00df7b0f1a1ce584e6bc38e47a6bc91547c4db63824decad9327862acbf2515e	const url = `https://www.alphavantage.co/query?function=CURRENCY_EXCHANGE_RATE&from_currency=${from}&to_currency=${to}&apikey=REDACTED}`;	Candidate evidence only; manual verification required.
EVD-cea805e847d3	INTEGRATION_DISCOVERY	INFERRED_FROM_SOURCE	backend/auth_api/ndsp_user_dashboard_gateway.cjs	ndsp_user_dashboard_gateway.cjs	208	00df7b0f1a1ce584e6bc38e47a6bc91547c4db63824decad9327862acbf2515e	const data = r.json && r.json['Realtime Currency Exchange Rate'];	Candidate evidence only; manual verification required.
EVD-d798bde5540f	INTEGRATION_DISCOVERY	INFERRED_FROM_SOURCE	backend/auth_api/ndsp_user_dashboard_gateway.cjs	ndsp_user_dashboard_gateway.cjs	214	00df7b0f1a1ce584e6bc38e47a6bc91547c4db63824decad9327862acbf2515e	price:r.ok && data ? Number(data['5. Exchange Rate']) : null,	Candidate evidence only; manual verification required.
EVD-008740f6914e	INTEGRATION_DISCOVERY	INFERRED_FROM_SOURCE	backend/auth_api/ndsp_user_dashboard_gateway.cjs	ndsp_user_dashboard_gateway.cjs	268	00df7b0f1a1ce584e6bc38e47a6bc91547c4db63824decad9327862acbf2515e	binanceCrypto(),	Candidate evidence only; manual verification required.
EVD-f82dde402438	INTEGRATION_DISCOVERY	INFERRED_FROM_SOURCE	backend/auth_api/ndsp_user_login_gateway.cjs	ndsp_user_login_gateway.cjs	62	dc3536431799897b7a55b4d8a9625a413ced12b218cb1efa654c753783321254	function normalizeEmail(email) {	Candidate evidence only; manual verification required.
EVD-6eb46b75c747	INTEGRATION_DISCOVERY	INFERRED_FROM_SOURCE	backend/auth_api/ndsp_user_login_gateway.cjs	ndsp_user_login_gateway.cjs	63	dc3536431799897b7a55b4d8a9625a413ced12b218cb1efa654c753783321254	return String(email || '').trim().toLowerCase()	Candidate evidence only; manual verification required.
EVD-5d61400fc4fa	INTEGRATION_DISCOVERY	INFERRED_FROM_SOURCE	backend/auth_api/ndsp_user_login_gateway.cjs	ndsp_user_login_gateway.cjs	105	dc3536431799897b7a55b4d8a9625a413ced12b218cb1efa654c753783321254	email: user.email,	Candidate evidence only; manual verification required.
EVD-3b0c9e923e13	INTEGRATION_DISCOVERY	INFERRED_FROM_SOURCE	backend/auth_api/ndsp_user_login_gateway.cjs	ndsp_user_login_gateway.cjs	207	dc3536431799897b7a55b4d8a9625a413ced12b218cb1efa654c753783321254	async function getUserByEmail(email) {	Candidate evidence only; manual verification required.
EVD-7eb5226d3856	INTEGRATION_DISCOVERY	INFERRED_FROM_SOURCE	backend/auth_api/ndsp_user_login_gateway.cjs	ndsp_user_login_gateway.cjs	209	dc3536431799897b7a55b4d8a9625a413ced12b218cb1efa654c753783321254	`SELECT id,email,name,password_hash,plan,role,status,phone,email_verified,review_status,requested_segment,approved_segment,trial_segment,account_type,trial_started_at,trial_ends_at,trial_days,activated_at,created_at	Candidate evidence only; manual verification required.
EVD-5e1d7c77118b	INTEGRATION_DISCOVERY	INFERRED_FROM_SOURCE	backend/auth_api/ndsp_user_login_gateway.cjs	ndsp_user_login_gateway.cjs	211	dc3536431799897b7a55b4d8a9625a413ced12b218cb1efa654c753783321254	WHERE lower(email)=lower($1)	Candidate evidence only; manual verification required.
EVD-fce78d5da11f	INTEGRATION_DISCOVERY	INFERRED_FROM_SOURCE	backend/auth_api/ndsp_user_login_gateway.cjs	ndsp_user_login_gateway.cjs	213	dc3536431799897b7a55b4d8a9625a413ced12b218cb1efa654c753783321254	[email]	Candidate evidence only; manual verification required.
EVD-5d133aac4c2c	INTEGRATION_DISCOVERY	INFERRED_FROM_SOURCE	backend/auth_api/ndsp_user_login_gateway.cjs	ndsp_user_login_gateway.cjs	220	dc3536431799897b7a55b4d8a9625a413ced12b218cb1efa654c753783321254	`SELECT id,email,name,plan,role,status,phone	Candidate evidence only; manual verification required.
EVD-4f63ce5a4f65	INTEGRATION_DISCOVERY	INFERRED_FROM_SOURCE	backend/auth_api/ndsp_user_login_gateway.cjs	ndsp_user_login_gateway.cjs	240	dc3536431799897b7a55b4d8a9625a413ced12b218cb1efa654c753783321254	const email = normalizeEmail(req.body && req.body.email)	Candidate evidence only; manual verification required.
EVD-21d5e9df87aa	INTEGRATION_DISCOVERY	INFERRED_FROM_SOURCE	backend/auth_api/ndsp_user_login_gateway.cjs	ndsp_user_login_gateway.cjs	243	dc3536431799897b7a55b4d8a9625a413ced12b218cb1efa654c753783321254	if (!email || !password) {	Candidate evidence only; manual verification required.
EVD-cee07f9b1f1d	INTEGRATION_DISCOVERY	INFERRED_FROM_SOURCE	backend/auth_api/ndsp_user_login_gateway.cjs	ndsp_user_login_gateway.cjs	244	dc3536431799897b7a55b4d8a9625a413ced12b218cb1efa654c753783321254	return send(res, 400, { ok: false, error: 'EMAIL_PASSWORD_REQUIRED', message: 'البريد وكلمة المرور مطلوبة.' })	Candidate evidence only; manual verification required.
EVD-97e72069157c	INTEGRATION_DISCOVERY	INFERRED_FROM_SOURCE	backend/auth_api/ndsp_user_login_gateway.cjs	ndsp_user_login_gateway.cjs	247	dc3536431799897b7a55b4d8a9625a413ced12b218cb1efa654c753783321254	const user = await getUserByEmail(email)	Candidate evidence only; manual verification required.
EVD-1455c2c1369d	INTEGRATION_DISCOVERY	INFERRED_FROM_SOURCE	backend/auth_api/ndsp_user_login_gateway.cjs	ndsp_user_login_gateway.cjs	270	dc3536431799897b7a55b4d8a9625a413ced12b218cb1efa654c753783321254	{ sub: String(user.id), email: user.email, purpose: '2fa_login', challenge },	Candidate evidence only; manual verification required.
EVD-5b4c997aac2f	INTEGRATION_DISCOVERY	INFERRED_FROM_SOURCE	backend/auth_api/ndsp_user_login_gateway.cjs	ndsp_user_login_gateway.cjs	307	dc3536431799897b7a55b4d8a9625a413ced12b218cb1efa654c753783321254	email: user.email,	Candidate evidence only; manual verification required.
EVD-0888ddd17637	INTEGRATION_DISCOVERY	INFERRED_FROM_SOURCE	backend/auth_api/ndsp_user_login_gateway.cjs	ndsp_user_login_gateway.cjs	383	dc3536431799897b7a55b4d8a9625a413ced12b218cb1efa654c753783321254	email: user.email,	Candidate evidence only; manual verification required.
EVD-7924692933fa	INTEGRATION_DISCOVERY	INFERRED_FROM_SOURCE	backend/auth_api/ndsp_user_login_gateway.cjs	ndsp_user_login_gateway.cjs	451	dc3536431799897b7a55b4d8a9625a413ced12b218cb1efa654c753783321254	const label = encodeURIComponent(`${issuer}:${user.email}`)	Candidate evidence only; manual verification required.
EVD-9e757df0a733	INTEGRATION_DISCOVERY	INFERRED_FROM_SOURCE	backend/auth_api/ndsp_user_login_gateway.cjs	ndsp_user_login_gateway.cjs	539	dc3536431799897b7a55b4d8a9625a413ced12b218cb1efa654c753783321254	function ndsp2faKeyuri(email, issuer, secret) {	Candidate evidence only; manual verification required.
EVD-daf6b5d6cbc0	INTEGRATION_DISCOVERY	INFERRED_FROM_SOURCE	backend/auth_api/ndsp_user_login_gateway.cjs	ndsp_user_login_gateway.cjs	541	dc3536431799897b7a55b4d8a9625a413ced12b218cb1efa654c753783321254	return ndsp2faAuth.keyuri(email, issuer, secret);	Candidate evidence only; manual verification required.
EVD-a8e0259d2ae9	INTEGRATION_DISCOVERY	INFERRED_FROM_SOURCE	backend/auth_api/ndsp_user_login_gateway.cjs	ndsp_user_login_gateway.cjs	543	dc3536431799897b7a55b4d8a9625a413ced12b218cb1efa654c753783321254	const label = encodeURIComponent(`${issuer}:${email}`);	Candidate evidence only; manual verification required.
EVD-461b602acbef	INTEGRATION_DISCOVERY	INFERRED_FROM_SOURCE	backend/auth_api/ndsp_user_login_gateway.cjs	ndsp_user_login_gateway.cjs	575	dc3536431799897b7a55b4d8a9625a413ced12b218cb1efa654c753783321254	const email = String((req.body && req.body.email) || '').trim().toLowerCase();	Candidate evidence only; manual verification required.
EVD-393b8411eafb	INTEGRATION_DISCOVERY	INFERRED_FROM_SOURCE	backend/auth_api/schema.sql	schema.sql	6	16ab26d1f911bb08fe1751b533055d6acd6430fef8d7fe6525ed2cca556567dd	email TEXT NOT NULL,	Candidate evidence only; manual verification required.
EVD-d9c552e884d5	INTEGRATION_DISCOVERY	INFERRED_FROM_SOURCE	backend/auth_api/schema.sql	schema.sql	15	16ab26d1f911bb08fe1751b533055d6acd6430fef8d7fe6525ed2cca556567dd	CREATE UNIQUE INDEX IF NOT EXISTS users_email_unique_idx ON users (lower(email));	Candidate evidence only; manual verification required.
EVD-1e3f9647f279	INTEGRATION_DISCOVERY	INFERRED_FROM_SOURCE	backend/data/raw_cot/current_disaggregated_futures_only_f_disagg.txt	current_disaggregated_futures_only_f_disagg.txt	3	e9ccde7cf606d6018667d016c04e35c4d410f248802c6375789bb6ef05ad84aa	"""WHEAT-HRSpring - MIAX FUTURES EXCHANGE"",260721,2026-07-21,001626,MGE ,00,001 ,   87664,   45841,   51515,    4169,     636,     199,   21419,   18967,    4642,    1366,    1397,    1488,   79124,   78844,    8540,    8820,   87194,   45624,   51125,    4058,     636,     199,   21399,   18967,    4642,    1337,    1439,    1440,   78699,   78448,    8495,    8746,     470,     217,     390,     111,       0,       0,      20,       0,       0,      71,       0,       6,     425,     396,      45,      74,    -622,   -3258,    7423,     965,   -1179,    -202,    1877,   -6307,    -160,    -132"	Candidate evidence only; manual verification required.
EVD-d53ee7b8a0a1	INTEGRATION_DISCOVERY	INFERRED_FROM_SOURCE	backend/data/raw_cot/current_disaggregated_futures_only_f_disagg.txt	current_disaggregated_futures_only_f_disagg.txt	24	e9ccde7cf606d6018667d016c04e35c4d410f248802c6375789bb6ef05ad84aa	"""CALIF CARBON ALLOWANCE V2026 - NODAL EXCHANGE"",260721,2026-07-21,0063EL,NODX,01,006 ,    6008,    2591,     605,     210,     712,       0,     800,    1301,       0,    2348,    3347,       0,    5949,    5965,      59,      43,    6008,    2591,     605,     210,     712,       0,     800,    1301,       0,    2348,    3347,       0,    5949,    5965,      59,      43,       0,       0,       0,       0,       0,       0,       0,       0,       0,       0,       0,       0,       0,       0,       0,       0,     -11,       0,       0,       0,       0,       0,       0,       0,       0, "	Candidate evidence only; manual verification required.
EVD-a522f222cbb4	INTEGRATION_DISCOVERY	INFERRED_FROM_SOURCE	backend/data/raw_cot/current_disaggregated_futures_only_f_disagg.txt	current_disaggregated_futures_only_f_disagg.txt	27	e9ccde7cf606d6018667d016c04e35c4d410f248802c6375789bb6ef05ad84aa	"""TX REC CRS V26 BACK HALF - NODAL EXCHANGE"",260721,2026-07-21,006NHT,NODX,01,006 ,    9057,    8523,    2574,     300,     385,       0,       0,       0,       0,      75,    5927,       0,    8898,    8886,     159,     171,    9057,    8523,    2574,     300,     385,       0,       0,       0,       0,      75,    5927,       0,    8898,    8886,     159,     171,       0,       0,       0,       0,       0,       0,       0,       0,       0,       0,       0,       0,       0,       0,       0,       0,     195,     195,     167,       0,       0,       0,       0,       0,       0,     "	Candidate evidence only; manual verification required.
EVD-dbd79bb217a3	INTEGRATION_DISCOVERY	INFERRED_FROM_SOURCE	backend/data/raw_cot/current_disaggregated_futures_only_f_disagg.txt	current_disaggregated_futures_only_f_disagg.txt	28	e9ccde7cf606d6018667d016c04e35c4d410f248802c6375789bb6ef05ad84aa	"""TX REC CRS V27 BACK HALF - NODAL EXCHANGE"",260721,2026-07-21,006NHU,NODX,01,006 ,    6611,    5789,    1902,       0,     400,       0,       0,       0,       0,     540,    4038,       0,    6329,    6340,     282,     271,    6611,    5789,    1902,       0,     400,       0,       0,       0,       0,     540,    4038,       0,    6329,    6340,     282,     271,       0,       0,       0,       0,       0,       0,       0,       0,       0,       0,       0,       0,       0,       0,       0,       0,       0,       0,       0,       0,       0,       0,       0,       0,       0,     "	Candidate evidence only; manual verification required.
EVD-33a5d44bbb8e	INTEGRATION_DISCOVERY	INFERRED_FROM_SOURCE	backend/data/raw_cot/current_disaggregated_futures_only_f_disagg.txt	current_disaggregated_futures_only_f_disagg.txt	29	e9ccde7cf606d6018667d016c04e35c4d410f248802c6375789bb6ef05ad84aa	"""TX REC CRS V28 BACK HALF - NODAL EXCHANGE"",260721,2026-07-21,006NHV,NODX,01,006 ,    5349,    3617,    1546,      25,     412,       0,     164,       0,       0,     820,    2652,     441,    5067,    5051,     282,     298,    5349,    3617,    1546,      25,     412,       0,     164,       0,       0,     820,    2652,     441,    5067,    5051,     282,     298,       0,       0,       0,       0,       0,       0,       0,       0,       0,       0,       0,       0,       0,       0,       0,       0,       1,       1,       0,       0,       0,       0,       0,       0,       0,     "	Candidate evidence only; manual verification required.
EVD-1cb63a20d5ab	INTEGRATION_DISCOVERY	INFERRED_FROM_SOURCE	backend/data/raw_cot/current_disaggregated_futures_only_f_disagg.txt	current_disaggregated_futures_only_f_disagg.txt	30	e9ccde7cf606d6018667d016c04e35c4d410f248802c6375789bb6ef05ad84aa	"""TX REC CRS V29 BACK HALF - NODAL EXCHANGE"",260721,2026-07-21,006NHW,NODX,01,006 ,    5021,    4642,    1278,       0,     587,       0,       0,       0,       0,     277,    3054,       0,    4919,    4919,     102,     102,    5021,    4642,    1278,       0,     587,       0,       0,       0,       0,     277,    3054,       0,    4919,    4919,     102,     102,       0,       0,       0,       0,       0,       0,       0,       0,       0,       0,       0,       0,       0,       0,       0,       0,       0,       0,       0,       0,       0,       0,       0,       0,       0,     "	Candidate evidence only; manual verification required.
EVD-13e7de844633	INTEGRATION_DISCOVERY	INFERRED_FROM_SOURCE	backend/data/raw_cot/current_disaggregated_futures_only_f_disagg.txt	current_disaggregated_futures_only_f_disagg.txt	31	e9ccde7cf606d6018667d016c04e35c4d410f248802c6375789bb6ef05ad84aa	"""TX REC CRS V30 BACK HALF - NODAL EXCHANGE"",260721,2026-07-21,006NHX,NODX,01,006 ,    2923,    2631,     355,       0,     275,       0,       0,       0,       0,     148,    2140,       0,    2779,    2770,     144,     153,    2923,    2631,     355,       0,     275,       0,       0,       0,       0,     148,    2140,       0,    2779,    2770,     144,     153,       0,       0,       0,       0,       0,       0,       0,       0,       0,       0,       0,       0,       0,       0,       0,       0,       0,       0,       0,       0,       0,       0,       0,       0,       0,     "	Candidate evidence only; manual verification required.
EVD-3664ae0035dd	INTEGRATION_DISCOVERY	INFERRED_FROM_SOURCE	backend/data/raw_cot/current_disaggregated_futures_only_f_disagg.txt	current_disaggregated_futures_only_f_disagg.txt	32	e9ccde7cf606d6018667d016c04e35c4d410f248802c6375789bb6ef05ad84aa	"""TX REC CRS V26 FRONT HALF - NODAL EXCHANGE"",260721,2026-07-21,006NHY,NODX,01,006 ,    7910,    7251,    2906,       0,    1112,       0,       0,       0,       0,     328,    3562,       0,    7579,    7580,     331,     330,    7910,    7251,    2906,       0,    1112,       0,       0,       0,       0,     328,    3562,       0,    7579,    7580,     331,     330,       0,       0,       0,       0,       0,       0,       0,       0,       0,       0,       0,       0,       0,       0,       0,       0,      80,      80,     100,       0,       0,       0,       0,       0,       0,    "	Candidate evidence only; manual verification required.
EVD-1eb43334a532	INTEGRATION_DISCOVERY	INFERRED_FROM_SOURCE	backend/data/raw_cot/current_disaggregated_futures_only_f_disagg.txt	current_disaggregated_futures_only_f_disagg.txt	33	e9ccde7cf606d6018667d016c04e35c4d410f248802c6375789bb6ef05ad84aa	"""TX REC CRS V27 FRONT HALF - NODAL EXCHANGE"",260721,2026-07-21,006NHZ,NODX,01,006 ,    7307,    5888,    3372,       0,     703,       0,       0,       0,       0,    1339,    3129,       0,    7227,    7204,      80,     103,    7307,    5888,    3372,       0,     703,       0,       0,       0,       0,    1339,    3129,       0,    7227,    7204,      80,     103,       0,       0,       0,       0,       0,       0,       0,       0,       0,       0,       0,       0,       0,       0,       0,       0,      -4,       0,      -6,       0,       0,       0,       0,       0,       0,    "	Candidate evidence only; manual verification required.
EVD-880d6c8c89a9	INTEGRATION_DISCOVERY	INFERRED_FROM_SOURCE	backend/data/raw_cot/current_disaggregated_futures_only_f_disagg.txt	current_disaggregated_futures_only_f_disagg.txt	34	e9ccde7cf606d6018667d016c04e35c4d410f248802c6375789bb6ef05ad84aa	"""TX REC CRS V28 FRONT HALF - NODAL EXCHANGE"",260721,2026-07-21,006NJ1,NODX,01,006 ,    6195,    5344,    2392,       0,     538,       0,       0,       0,       0,     651,    3057,       0,    5995,    5987,     200,     208,    6195,    5344,    2392,       0,     538,       0,       0,       0,       0,     651,    3057,       0,    5995,    5987,     200,     208,       0,       0,       0,       0,       0,       0,       0,       0,       0,       0,       0,       0,       0,       0,       0,       0,       0,       0,       0,       0,       0,       0,       0,       0,       0,    "	Candidate evidence only; manual verification required.
EVD-bf962d2eec3f	INTEGRATION_DISCOVERY	INFERRED_FROM_SOURCE	backend/data/raw_cot/current_disaggregated_futures_only_f_disagg.txt	current_disaggregated_futures_only_f_disagg.txt	35	e9ccde7cf606d6018667d016c04e35c4d410f248802c6375789bb6ef05ad84aa	"""TX REC CRS V29 FRONT HALF - NODAL EXCHANGE"",260721,2026-07-21,006NJ2,NODX,01,006 ,    6269,    5025,    2661,       0,     713,       0,       0,       0,       0,    1086,    2757,      25,    6136,    6156,     133,     113,    6269,    5025,    2661,       0,     713,       0,       0,       0,       0,    1086,    2757,      25,    6136,    6156,     133,     113,       0,       0,       0,       0,       0,       0,       0,       0,       0,       0,       0,       0,       0,       0,       0,       0,       0,       0,       0,       0,       0,       0,       0,       0,       0,    "	Candidate evidence only; manual verification required.
EVD-fdb5ed458eb6	INTEGRATION_DISCOVERY	INFERRED_FROM_SOURCE	backend/data/raw_cot/current_disaggregated_futures_only_f_disagg.txt	current_disaggregated_futures_only_f_disagg.txt	36	e9ccde7cf606d6018667d016c04e35c4d410f248802c6375789bb6ef05ad84aa	"""TX REC CRS V30 FRONT HALF - NODAL EXCHANGE"",260721,2026-07-21,006NJ3,NODX,01,006 ,    2667,    2174,     363,       0,     400,       0,       0,       0,       0,     336,    1724,       0,    2510,    2487,     157,     180,    2667,    2174,     363,       0,     400,       0,       0,       0,       0,     336,    1724,       0,    2510,    2487,     157,     180,       0,       0,       0,       0,       0,       0,       0,       0,       0,       0,       0,       0,       0,       0,       0,       0,       0,       0,       0,       0,       0,       0,       0,       0,       0,    "	Candidate evidence only; manual verification required.
EVD-e79e0a1dc3c2	INTEGRATION_DISCOVERY	INFERRED_FROM_SOURCE	backend/data/raw_cot/current_disaggregated_futures_only_f_disagg.txt	current_disaggregated_futures_only_f_disagg.txt	37	e9ccde7cf606d6018667d016c04e35c4d410f248802c6375789bb6ef05ad84aa	"""TX REC CRS V31 BACK HALF - NODAL EXCHANGE"",260721,2026-07-21,006NKH,NODX,01,006 ,    1674,    1181,     409,     212,      50,       0,       0,       0,       0,     181,    1115,       0,    1574,    1574,     100,     100,    1674,    1181,     409,     212,      50,       0,       0,       0,       0,     181,    1115,       0,    1574,    1574,     100,     100,       0,       0,       0,       0,       0,       0,       0,       0,       0,       0,       0,       0,       0,       0,       0,       0,       0,       0,       0,       0,       0,       0,       0,       0,       0,     "	Candidate evidence only; manual verification required.
EVD-b2b5dd7dfa41	INTEGRATION_DISCOVERY	INFERRED_FROM_SOURCE	backend/data/raw_cot/current_disaggregated_futures_only_f_disagg.txt	current_disaggregated_futures_only_f_disagg.txt	38	e9ccde7cf606d6018667d016c04e35c4d410f248802c6375789bb6ef05ad84aa	"""NEW JERSEY RECs CLASS 2 V2026 - NODAL EXCHANGE"",260721,2026-07-21,006NLD,NODX,01,006 ,    9960,    5670,     392,     505,    9568,       0,     690,       0,       0,    3080,       0,       0,    9945,    9960,      15,       0,    9960,    5670,     392,     505,    9568,       0,     690,       0,       0,    3080,       0,       0,    9945,    9960,      15,       0,       0,       0,       0,       0,       0,       0,       0,       0,       0,       0,       0,       0,       0,       0,       0,       0,       0,       0,       0,       0,       0,       0,       0,       0,       0,"	Candidate evidence only; manual verification required.
EVD-9f8637811d6e	INTEGRATION_DISCOVERY	INFERRED_FROM_SOURCE	backend/data/raw_cot/current_disaggregated_futures_only_f_disagg.txt	current_disaggregated_futures_only_f_disagg.txt	39	e9ccde7cf606d6018667d016c04e35c4d410f248802c6375789bb6ef05ad84aa	"""PENNSYLVANIA AEC TIER 2-V2026 - NODAL EXCHANGE"",260721,2026-07-21,006NLV,NODX,01,006 ,   28061,   16120,   13494,    1394,    1573,       0,    3951,       0,       0,    6496,   12894,       0,   27961,   27961,     100,     100,   28061,   16120,   13494,    1394,    1573,       0,    3951,       0,       0,    6496,   12894,       0,   27961,   27961,     100,     100,       0,       0,       0,       0,       0,       0,       0,       0,       0,       0,       0,       0,       0,       0,       0,       0,     280,     400,     330,       0,       0,       0,       0,       0,       0,"	Candidate evidence only; manual verification required.
EVD-226b1980bfee	INTEGRATION_DISCOVERY	INFERRED_FROM_SOURCE	backend/data/raw_cot/current_disaggregated_futures_only_f_disagg.txt	current_disaggregated_futures_only_f_disagg.txt	40	e9ccde7cf606d6018667d016c04e35c4d410f248802c6375789bb6ef05ad84aa	"""NEW JERSEY RECs CLASS 2 V2027 - NODAL EXCHANGE"",260721,2026-07-21,006NMM,NODX,01,006 ,   10756,    5940,    1800,     321,    8606,       0,    1150,       0,       0,    3345,     350,       0,   10756,   10756,       0,       0,   10756,    5940,    1800,     321,    8606,       0,    1150,       0,       0,    3345,     350,       0,   10756,   10756,       0,       0,       0,       0,       0,       0,       0,       0,       0,       0,       0,       0,       0,       0,       0,       0,       0,       0,     100,     100,    -500,       0,     250,       0,       0,       0,       0,"	Candidate evidence only; manual verification required.
EVD-4a67655c0b9a	INTEGRATION_DISCOVERY	INFERRED_FROM_SOURCE	backend/data/raw_cot/current_disaggregated_futures_only_f_disagg.txt	current_disaggregated_futures_only_f_disagg.txt	41	e9ccde7cf606d6018667d016c04e35c4d410f248802c6375789bb6ef05ad84aa	"""PENNSYLVANIA AEC TIER 2-V2027 - NODAL EXCHANGE"",260721,2026-07-21,006NMT,NODX,01,006 ,   25913,   17625,   14659,    1020,     500,       0,    2500,       0,       0,    4633,   10619,       0,   25778,   25778,     135,     135,   25913,   17625,   14659,    1020,     500,       0,    2500,       0,       0,    4633,   10619,       0,   25778,   25778,     135,     135,       0,       0,       0,       0,       0,       0,       0,       0,       0,       0,       0,       0,       0,       0,       0,       0,       0,       0,     350,       0,       0,       0,       0,       0,       0,"	Candidate evidence only; manual verification required.
EVD-3b9470c7f562	INTEGRATION_DISCOVERY	INFERRED_FROM_SOURCE	backend/data/raw_cot/current_disaggregated_futures_only_f_disagg.txt	current_disaggregated_futures_only_f_disagg.txt	42	e9ccde7cf606d6018667d016c04e35c4d410f248802c6375789bb6ef05ad84aa	"""PENNSYLVANIA AEC TIER 2-V2028 - NODAL EXCHANGE"",260721,2026-07-21,006NMX,NODX,01,006 ,   20780,   16715,   12740,     550,       0,       0,     550,       0,       0,    2965,    8040,       0,   20780,   20780,       0,       0,   20780,   16715,   12740,     550,       0,       0,     550,       0,       0,    2965,    8040,       0,   20780,   20780,       0,       0,       0,       0,       0,       0,       0,       0,       0,       0,       0,       0,       0,       0,       0,       0,       0,       0,     150,     200,       0,       0,       0,       0,       0,       0,       0,"	Candidate evidence only; manual verification required.
EVD-c072d3ebeb7f	INTEGRATION_DISCOVERY	INFERRED_FROM_SOURCE	backend/data/raw_cot/current_disaggregated_futures_only_f_disagg.txt	current_disaggregated_futures_only_f_disagg.txt	47	e9ccde7cf606d6018667d016c04e35c4d410f248802c6375789bb6ef05ad84aa	"""NY HARBOR ULSD - NEW YORK MERCANTILE EXCHANGE"",260721,2026-07-21,022651,NYME,01,022 ,  259203,   47969,  124547,   51813,    9131,   11994,   36734,   23353,   20242,   11533,   15200,   28645,  208930,  233112,   50273,   26091,  259203,   47969,  124547,   51813,    9131,   11994,   36734,   23353,   20242,   11533,   15200,   28645,  208930,  233112,   50273,   26091,       0,       0,       0,       0,       0,       0,       0,       0,       0,       0,       0,       0,       0,       0,       0,       0,   -3639,   -5034,   -3280,    1338,    1085,    1076,     362,   -2314,    3186, "	Candidate evidence only; manual verification required.
EVD-27b340cab97c	INTEGRATION_DISCOVERY	INFERRED_FROM_SOURCE	backend/data/raw_cot/current_disaggregated_futures_only_f_disagg.txt	current_disaggregated_futures_only_f_disagg.txt	48	e9ccde7cf606d6018667d016c04e35c4d410f248802c6375789bb6ef05ad84aa	"""UP DOWN GC ULSD VS HO SPR - NEW YORK MERCANTILE EXCHANGE"",260721,2026-07-21,022A13,NYME,01,022 ,   32974,   19072,   16468,       0,    8408,       0,       0,    1230,     220,      83,       0,    1136,   20511,   27462,   12463,    5512,   32974,   19072,   16468,       0,    8408,       0,       0,    1230,     220,      83,       0,    1136,   20511,   27462,   12463,    5512,       0,       0,       0,       0,       0,       0,       0,       0,       0,       0,       0,       0,       0,       0,       0,       0,.,.,.,.,.,.,.,.,.,.,.,.,.,.,.,.,  100.0,   57.8,   49.9,    0.0,   25.5"	Candidate evidence only; manual verification required.
EVD-883e668f267d	INTEGRATION_DISCOVERY	INFERRED_FROM_SOURCE	backend/data/raw_cot/current_tff_futures_only_FinFutWk.txt	current_tff_futures_only_FinFutWk.txt	1	d0eb1218d07e1c00332255fe3ad285879f369afbb5444d0a13e017dc8a6ca959	"""CANADIAN DOLLAR - CHICAGO MERCANTILE EXCHANGE"",260721,2026-07-21,090741,CME ,00,090 ,  365599,  227422,   30009,    7301,   42492,  140657,    8295,   31615,  129992,    4547,   15061,    3379,     249,  336982,  324429,   28617,   41170,   -3193,   -1738,    -191,    1819,    1660,   -6662,    -426,   -2382,    3224,   -1125,     815,    -130,      -1,   -1378,   -3492,   -1815,     299,  100.0,   62.2,    8.2,    2.0,   11.6,   38.5,    2.3,    8.6,   35.6,    1.2,    4.1,    0.9,    0.1,   92.2,   88.7,    7.8,   11.3,    136,     10,      6,      5,     14,     32,     11,     17,     39,"	Candidate evidence only; manual verification required.
EVD-c2a8ea99497d	INTEGRATION_DISCOVERY	INFERRED_FROM_SOURCE	backend/data/raw_cot/current_tff_futures_only_FinFutWk.txt	current_tff_futures_only_FinFutWk.txt	2	d0eb1218d07e1c00332255fe3ad285879f369afbb5444d0a13e017dc8a6ca959	"""SWISS FRANC - CHICAGO MERCANTILE EXCHANGE"",260721,2026-07-21,092741,CME ,00,092 ,  107866,   69972,    8817,       0,    6652,   44210,    6917,    9588,   18485,      21,    1000,    1673,    3333,   97483,   83456,   10383,   24410,    -546,   -3654,       0,       0,    -166,   -4197,    3487,    -363,    -966,      21,       0,     508,       3,    -672,   -1144,     126,     598,  100.0,   64.9,    8.2,    0.0,    6.2,   41.0,    6.4,    8.9,   17.1,    0.0,    0.9,    1.6,    3.1,   90.4,   77.4,    9.6,   22.6,     56,      9,.,      0,      5,     16,      4,      9,     10,.,.,.,.,  "	Candidate evidence only; manual verification required.
EVD-ee6967410b75	INTEGRATION_DISCOVERY	INFERRED_FROM_SOURCE	backend/data/raw_cot/current_tff_futures_only_FinFutWk.txt	current_tff_futures_only_FinFutWk.txt	3	d0eb1218d07e1c00332255fe3ad285879f369afbb5444d0a13e017dc8a6ca959	"""BRITISH POUND - CHICAGO MERCANTILE EXCHANGE"",260721,2026-07-21,096742,CME ,00,096 ,  262281,  128196,   42218,    4637,   18950,  138039,    5678,   68394,   35158,    5519,    1470,     857,       0,  232844,  232106,   29437,   30175,   -2872,  -17936,    5316,     133,    4755,   -7560,    1692,    5957,    1262,    -185,     -14,      -3,       0,   -5598,     655,    2726,   -3527,  100.0,   48.9,   16.1,    1.8,    7.2,   52.6,    2.2,   26.1,   13.4,    2.1,    0.6,    0.3,    0.0,   88.8,   88.5,   11.2,   11.5,    104,      8,     11,      6,     12,     24,      8,     25,     21,  "	Candidate evidence only; manual verification required.
EVD-754d77598139	INTEGRATION_DISCOVERY	INFERRED_FROM_SOURCE	backend/data/raw_cot/current_tff_futures_only_FinFutWk.txt	current_tff_futures_only_FinFutWk.txt	4	d0eb1218d07e1c00332255fe3ad285879f369afbb5444d0a13e017dc8a6ca959	"""JAPANESE YEN - CHICAGO MERCANTILE EXCHANGE"",260721,2026-07-21,097741,CME ,00,097 ,  423796,  147939,   14240,    4247,   72045,  151951,   20732,   81033,  177218,    3745,   48189,    3024,    1801,  379731,  376958,   44065,   46838,   27282,   35158,   -6367,    4181,   -2579,   23510,   -2595,      95,    5819,     927,   -7598,      96,      -5,   27584,   25566,    -302,    1716,  100.0,   34.9,    3.4,    1.0,   17.0,   35.9,    4.9,   19.1,   41.8,    0.9,   11.4,    0.7,    0.4,   89.6,   88.9,   10.4,   11.1,    176,     16,     10,.,     26,     34,     10,     29,     47,     11, "	Candidate evidence only; manual verification required.
EVD-f453b701d4be	INTEGRATION_DISCOVERY	INFERRED_FROM_SOURCE	backend/data/raw_cot/current_tff_futures_only_FinFutWk.txt	current_tff_futures_only_FinFutWk.txt	5	d0eb1218d07e1c00332255fe3ad285879f369afbb5444d0a13e017dc8a6ca959	"""EURO FX - CHICAGO MERCANTILE EXCHANGE"",260721,2026-07-21,099741,CME ,00,099 ,  800061,   51686,  259905,   11583,  458394,  229467,   50194,   91110,  147781,   26030,   23901,   11301,    6690,  719588,  742951,   80473,   57110,     566,    6680,  -17269,     482,   -8315,   10074,     198,    1134,    4114,    2435,     436,     384,    -108,    2942,     310,   -2376,     256,  100.0,    6.5,   32.5,    1.4,   57.3,   28.7,    6.3,   11.4,   18.5,    3.3,    3.0,    1.4,    0.8,   89.9,   92.9,   10.1,    7.1,    326,     16,     13,     10,    109,     51,     44,     40,     58,     24,"	Candidate evidence only; manual verification required.
EVD-2b34a383a14c	INTEGRATION_DISCOVERY	INFERRED_FROM_SOURCE	backend/data/raw_cot/current_tff_futures_only_FinFutWk.txt	current_tff_futures_only_FinFutWk.txt	6	d0eb1218d07e1c00332255fe3ad285879f369afbb5444d0a13e017dc8a6ca959	"""AUSTRALIAN DOLLAR - CHICAGO MERCANTILE EXCHANGE"",260721,2026-07-21,232741,CME ,00,232 ,  225153,   60663,   74288,     528,   61574,   96718,    2051,   53631,   28843,    6477,    3440,    1057,      14,  188378,  209976,   36775,   15177,   16696,   10686,   16804,       8,    7221,    1796,   -1156,   -2285,     149,     601,     -17,     557,       0,   15058,   18759,    1638,   -2063,  100.0,   26.9,   33.0,    0.2,   27.3,   43.0,    0.9,   23.8,   12.8,    2.9,    1.5,    0.5,    0.0,   83.7,   93.3,   16.3,    6.7,    105,      8,     10,      4,     23,      8,      9,     23,     2"	Candidate evidence only; manual verification required.
EVD-99b98cc9d39d	INTEGRATION_DISCOVERY	INFERRED_FROM_SOURCE	backend/data/raw_cot/current_tff_futures_only_FinFutWk.txt	current_tff_futures_only_FinFutWk.txt	7	d0eb1218d07e1c00332255fe3ad285879f369afbb5444d0a13e017dc8a6ca959	"""EURO FX/BRITISH POUND XRATE - CHICAGO MERCANTILE EXCHANGE"",260721,2026-07-21,299741,CME ,00,099 ,   39025,       0,   24679,       0,   20250,    3966,    1143,    2879,    3033,      10,       0,       0,       0,   24282,   32831,   14743,    6194,     427,    -414,     -25,       0,      13,     532,       0,     448,      44,       0,       0,       0,       0,      47,     551,     380,    -124,  100.0,    0.0,   63.2,    0.0,   51.9,   10.2,    2.9,    7.4,    7.8,    0.0,    0.0,    0.0,    0.0,   62.2,   84.1,   37.8,   15.9,     27,      0,.,      0,     16,.,      4,.,.,.,      0,  "	Candidate evidence only; manual verification required.
EVD-3d591a669938	INTEGRATION_DISCOVERY	INFERRED_FROM_SOURCE	backend/data/raw_cot/current_tff_futures_only_FinFutWk.txt	current_tff_futures_only_FinFutWk.txt	8	d0eb1218d07e1c00332255fe3ad285879f369afbb5444d0a13e017dc8a6ca959	"""EURO FX/JAPANESE YEN XRATE - CHICAGO MERCANTILE EXCHANGE"",260721,2026-07-21,399741,CME ,00,099 ,   21124,     413,    4105,      65,    7757,   11047,     335,    1729,     520,       0,       0,       0,       0,   10299,   16072,   10825,    5052,     209,     413,      97,       0,    -144,       6,      -8,     458,     520,       0,       0,       0,       0,     719,     615,    -510,    -406,  100.0,    2.0,   19.4,    0.3,   36.7,   52.3,    1.6,    8.2,    2.5,    0.0,    0.0,    0.0,    0.0,   48.8,   76.1,   51.2,   23.9,     25,.,.,.,      8,     10,      6,.,.,      0,      0,   "	Candidate evidence only; manual verification required.
EVD-57c199cce0f3	INTEGRATION_DISCOVERY	INFERRED_FROM_SOURCE	backend/data/raw_cot/current_tff_futures_only_FinFutWk.txt	current_tff_futures_only_FinFutWk.txt	9	d0eb1218d07e1c00332255fe3ad285879f369afbb5444d0a13e017dc8a6ca959	"""MEXICAN PESO - CHICAGO MERCANTILE EXCHANGE"",260721,2026-07-21,095741,CME ,00,095 ,  201335,   36089,   95041,     653,   71196,   43634,    3586,   79210,   24747,    2179,    1522,   28390,       0,  194435,  198230,    6900,    3105,    1985,    2455,    -412,      39,   -2698,     602,     325,    2146,    1482,     414,     218,    -541,       0,    2899,    1909,    -914,      76,  100.0,   17.9,   47.2,    0.3,   35.4,   21.7,    1.8,   39.3,   12.3,    1.1,    0.8,   14.1,    0.0,   96.6,   98.5,    3.4,    1.5,    172,     13,      7,.,     31,     11,      4,     61,     33,      7, "	Candidate evidence only; manual verification required.
EVD-f09c7fcac085	INTEGRATION_DISCOVERY	INFERRED_FROM_SOURCE	backend/data/raw_cot/current_tff_futures_only_FinFutWk.txt	current_tff_futures_only_FinFutWk.txt	10	d0eb1218d07e1c00332255fe3ad285879f369afbb5444d0a13e017dc8a6ca959	"""BRAZILIAN REAL - CHICAGO MERCANTILE EXCHANGE"",260721,2026-07-21,102741,CME ,00,102 ,  110652,    2436,   60282,       0,   58969,    1763,      84,   39303,   38517,    1414,    3700,    7347,       0,  105906,  109407,    4746,    1245,    4593,    1839,     648,       0,    3623,     -28,       0,   -1383,    -494,     510,     289,    3728,       0,    4878,    4364,    -285,     229,  100.0,    2.2,   54.5,    0.0,   53.3,    1.6,    0.1,   35.5,   34.8,    1.3,    3.3,    6.6,    0.0,   95.7,   98.9,    4.3,    1.1,    108,.,      7,      0,     22,      7,.,     39,     13,      4,     "	Candidate evidence only; manual verification required.
EVD-7a9baf10573a	INTEGRATION_DISCOVERY	INFERRED_FROM_SOURCE	backend/data/raw_cot/current_tff_futures_only_FinFutWk.txt	current_tff_futures_only_FinFutWk.txt	11	d0eb1218d07e1c00332255fe3ad285879f369afbb5444d0a13e017dc8a6ca959	"""NZ DOLLAR - CHICAGO MERCANTILE EXCHANGE"",260721,2026-07-21,112741,CME ,00,112 ,  108800,   89242,   13176,       0,    7360,   50975,    1561,    5103,   36189,     310,    2273,     984,       0,  105849,  103195,    2951,    5605,   -9390,   -6659,    2632,    -103,    -703,  -10850,    -385,   -1550,     534,    -369,      11,       0,       0,   -9758,   -8541,     368,    -849,  100.0,   82.0,   12.1,    0.0,    6.8,   46.9,    1.4,    4.7,   33.3,    0.3,    2.1,    0.9,    0.0,   97.3,   94.8,    2.7,    5.2,    105,      9,      6,      0,      8,     26,      4,     14,     36,      "	Candidate evidence only; manual verification required.
EVD-cdb932a65962	INTEGRATION_DISCOVERY	INFERRED_FROM_SOURCE	backend/data/raw_cot/current_tff_futures_only_FinFutWk.txt	current_tff_futures_only_FinFutWk.txt	12	d0eb1218d07e1c00332255fe3ad285879f369afbb5444d0a13e017dc8a6ca959	"""SO AFRICAN RAND - CHICAGO MERCANTILE EXCHANGE"",260721,2026-07-21,122741,CME ,00,122 ,   27605,    4206,   19568,       0,   12809,    1794,      35,    6724,    4070,     529,       0,     255,       0,   24303,   26251,    3302,    1354,     -37,     551,    -281,       0,     -42,     360,       0,    -364,    -355,       0,       0,      10,       0,     145,    -266,    -182,     229,  100.0,   15.2,   70.9,    0.0,   46.4,    6.5,    0.1,   24.4,   14.7,    1.9,    0.0,    0.9,    0.0,   88.0,   95.1,   12.0,    4.9,     44,.,      4,      0,     10,      4,.,     16,      7,.,      0,.,"	Candidate evidence only; manual verification required.
EVD-5e152b54c748	INTEGRATION_DISCOVERY	INFERRED_FROM_SOURCE	backend/data/raw_cot/current_tff_futures_only_FinFutWk.txt	current_tff_futures_only_FinFutWk.txt	16	d0eb1218d07e1c00332255fe3ad285879f369afbb5444d0a13e017dc8a6ca959	"""S&P 500 Consolidated - CHICAGO MERCANTILE EXCHANGE"",260721,2026-07-21,13874+,CME ,00,138 , 1958349,  149182,  874153,   59497, 1145470,  214564,   93179,  141767,  471081,   45071,   52274,   49406,     680, 1687119, 1807630,  271230,  150719,   -1399,    5993,   31182,  -14409,   -1374,   10742,     315,    9136,  -32140,    1118,   -3254,   -6284,     239,   -2237,   -9238,     838,    7838,  100.0,    7.6,   44.6,    3.0,   58.5,   11.0,    4.8,    7.2,   24.1,    2.3,    2.7,    2.5,    0.0,   86.2,   92.3,   13.8,    7.7,    443,     30,     37,     19,    175,     37,     83,     58,   "	Candidate evidence only; manual verification required.
EVD-14f268a6eb2d	INTEGRATION_DISCOVERY	INFERRED_FROM_SOURCE	backend/data/raw_cot/current_tff_futures_only_FinFutWk.txt	current_tff_futures_only_FinFutWk.txt	17	d0eb1218d07e1c00332255fe3ad285879f369afbb5444d0a13e017dc8a6ca959	"""E-MINI S&P CONSU STAPLES INDEX - CHICAGO MERCANTILE EXCHANGE"",260721,2026-07-21,138748,CME ,00,138 ,   16329,    8614,    5334,       0,    4413,    7583,     202,     730,    1154,       0,       0,       0,       0,   13959,   14273,    2370,    2056,.,.,.,.,.,.,.,.,.,.,.,.,.,.,.,.,.,  100.0,   52.8,   32.7,    0.0,   27.0,   46.4,    1.2,    4.5,    7.1,    0.0,    0.0,    0.0,    0.0,   85.5,   87.4,   14.5,   12.6,     22,      5,.,      0,      4,      6,.,.,.,      0,      0,      0,      0,     12,     11,    64.4,    52.1,    79.2,    78.7,    64.4,    52.1,    79.2,    78.7,""($100 x"	Candidate evidence only; manual verification required.
EVD-5224cb264321	INTEGRATION_DISCOVERY	INFERRED_FROM_SOURCE	backend/data/raw_cot/current_tff_futures_only_FinFutWk.txt	current_tff_futures_only_FinFutWk.txt	18	d0eb1218d07e1c00332255fe3ad285879f369afbb5444d0a13e017dc8a6ca959	"""E-MINI S&P ENERGY INDEX - CHICAGO MERCANTILE EXCHANGE"",260721,2026-07-21,138749,CME ,00,138 ,   24133,    2657,   19130,       0,   16106,     979,       0,     948,    3316,      29,       0,       0,       0,   19740,   23454,    4393,     679,    2230,      -6,     576,       0,     359,     100,     -32,     564,    1557,       4,       0,       0,       0,     889,    2205,    1341,      25,  100.0,   11.0,   79.3,    0.0,   66.7,    4.1,    0.0,    3.9,   13.7,    0.1,    0.0,    0.0,    0.0,   81.8,   97.2,   18.2,    2.8,     36,      4,     12,      0,     13,.,      0,.,.,.,      0,"	Candidate evidence only; manual verification required.
EVD-ac2f0af5b9ea	INTEGRATION_DISCOVERY	INFERRED_FROM_SOURCE	backend/data/raw_cot/current_tff_futures_only_FinFutWk.txt	current_tff_futures_only_FinFutWk.txt	19	d0eb1218d07e1c00332255fe3ad285879f369afbb5444d0a13e017dc8a6ca959	"""E-MINI S&P 500 - CHICAGO MERCANTILE EXCHANGE"",260721,2026-07-21,13874A,CME ,00,138 , 1939493,  148984,  881849,   51610, 1143723,  214564,   92974,  146834,  469699,   38964,   52274,   49406,     680, 1676043, 1799746,  263450,  139747,   -2007,    6070,   32158,  -15386,    -571,   10742,     371,   11380,  -30757,   -1127,   -3254,   -6284,     239,   -2278,  -10044,     271,    8037,  100.0,    7.7,   45.5,    2.7,   59.0,   11.1,    4.8,    7.6,   24.2,    2.0,    2.7,    2.5,    0.0,   86.4,   92.8,   13.6,    7.2,    434,     28,     37,     16,    173,     37,     82,     58,     78, "	Candidate evidence only; manual verification required.
EVD-2f8b447c6bdf	INTEGRATION_DISCOVERY	INFERRED_FROM_SOURCE	backend/data/raw_cot/current_tff_futures_only_FinFutWk.txt	current_tff_futures_only_FinFutWk.txt	20	d0eb1218d07e1c00332255fe3ad285879f369afbb5444d0a13e017dc8a6ca959	"""E-MINI S&P FINANCIAL INDEX - CHICAGO MERCANTILE EXCHANGE"",260721,2026-07-21,13874C,CME ,00,138 ,   70306,   46082,   62296,       0,   19229,    1445,       0,    2584,    5597,       0,       0,       0,       0,   67895,   69338,    2411,     968,   -1737,     571,   -1256,       0,   -2541,     -78,       0,     158,    -426,       0,       0,       0,       0,   -1812,   -1760,      75,      23,  100.0,   65.5,   88.6,    0.0,   27.4,    2.1,    0.0,    3.7,    8.0,    0.0,    0.0,    0.0,    0.0,   96.6,   98.6,    3.4,    1.4,     44,      9,     13,      0,     11,.,      0,      4,   "	Candidate evidence only; manual verification required.
EVD-ec36ae457a2a	INTEGRATION_DISCOVERY	INFERRED_FROM_SOURCE	backend/data/raw_cot/current_tff_futures_only_FinFutWk.txt	current_tff_futures_only_FinFutWk.txt	21	d0eb1218d07e1c00332255fe3ad285879f369afbb5444d0a13e017dc8a6ca959	"""E-MINI S&P HEALTH CARE INDEX - CHICAGO MERCANTILE EXCHANGE"",260721,2026-07-21,13874E,CME ,00,138 ,   17741,    4587,   16104,       0,    7943,     687,       0,    2252,       0,       0,       0,       0,       0,   14782,   16791,    2959,     950,    -161,       1,     -99,       0,    -612,       0,       0,     593,       0,       0,       0,       0,       0,     -18,     -99,    -143,     -62,  100.0,   25.9,   90.8,    0.0,   44.8,    3.9,    0.0,   12.7,    0.0,    0.0,    0.0,    0.0,    0.0,   83.3,   94.6,   16.7,    5.4,     26,      4,      8,      0,      9,.,      0,      4, "	Candidate evidence only; manual verification required.
EVD-ec44ada4fb16	INTEGRATION_DISCOVERY	INFERRED_FROM_SOURCE	backend/data/raw_cot/current_tff_futures_only_FinFutWk.txt	current_tff_futures_only_FinFutWk.txt	22	d0eb1218d07e1c00332255fe3ad285879f369afbb5444d0a13e017dc8a6ca959	"""E-MINI S&P INDUSTRIAL INDEX - CHICAGO MERCANTILE EXCHANGE"",260721,2026-07-21,13874F,CME ,00,138 ,   13599,    3745,    8415,       0,    6799,     942,       0,     608,    3675,       0,       0,       0,       0,   11152,   13032,    2447,     567,    1117,      85,     -53,       0,     932,       0,       0,    -287,    1194,       0,       0,       0,       0,     730,    1141,     387,     -24,  100.0,   27.5,   61.9,    0.0,   50.0,    6.9,    0.0,    4.5,   27.0,    0.0,    0.0,    0.0,    0.0,   82.0,   95.8,   18.0,    4.2,     24,      4,      7,      0,      6,.,      0,.,      5,"	Candidate evidence only; manual verification required.
EVD-c1456448015c	INTEGRATION_DISCOVERY	INFERRED_FROM_SOURCE	backend/data/raw_cot/current_tff_futures_only_FinFutWk.txt	current_tff_futures_only_FinFutWk.txt	23	d0eb1218d07e1c00332255fe3ad285879f369afbb5444d0a13e017dc8a6ca959	"""E-MINI S&P UTILITIES INDEX - CHICAGO MERCANTILE EXCHANGE"",260721,2026-07-21,13874J,CME ,00,138 ,   28283,    2424,   23562,       0,   18017,    1015,       0,    3617,     763,       0,       0,       0,       0,   24058,   25340,    4225,    2943,     132,       0,   -1755,       0,     258,       0,       0,     -26,     -20,       0,       0,       0,       0,     232,   -1775,    -100,    1907,  100.0,    8.6,   83.3,    0.0,   63.7,    3.6,    0.0,   12.8,    2.7,    0.0,    0.0,    0.0,    0.0,   85.1,   89.6,   14.9,   10.4,     27,.,      7,      0,      8,.,      0,      5,.,      0"	Candidate evidence only; manual verification required.
EVD-ee6d635f7930	INTEGRATION_DISCOVERY	INFERRED_FROM_SOURCE	backend/data/raw_cot/disaggregated_futures_only_f_disagg_20260618_100847.txt	disaggregated_futures_only_f_disagg_20260618_100847.txt	3	d7d4eaa6419e43187eb9a37cdebdbcaf812faf6e36ce80c917b1b57c15084272	"""WHEAT-HRSpring - MIAX FUTURES EXCHANGE"",260609,2026-06-09,001626,MGE ,00,001 ,   85595,   40969,   53443,    3962,    1546,     286,   22226,   12324,    4465,    3486,    1383,    2662,   78056,   76109,    7539,    9486,   31571,   15921,   20586,     968,      62,       0,   10178,    5641,     287,    1519,     857,      40,   28913,   27473,    2658,    4098,   54024,   25048,   32857,    2994,    1484,     286,   13918,    8553,    2308,    3452,    2011,    1137,   49143,   48636,    4881,    5388,   -7518,    2748,  -10432,     245,    1084,      -5,   -4509,    3878,     689,   -2023"	Candidate evidence only; manual verification required.
EVD-497181b6d27c	INTEGRATION_DISCOVERY	INFERRED_FROM_SOURCE	backend/data/raw_cot/disaggregated_futures_only_f_disagg_20260618_100847.txt	disaggregated_futures_only_f_disagg_20260618_100847.txt	21	d7d4eaa6419e43187eb9a37cdebdbcaf812faf6e36ce80c917b1b57c15084272	"""CALIF CARBON ALLOWANCE V2026 - NODAL EXCHANGE"",260609,2026-06-09,0063EL,NODX,01,006 ,    7921,    3175,    1740,     110,     662,     200,     500,    1285,       0,    3066,    3172,     799,    7850,    7858,      71,      63,    7921,    3175,    1740,     110,     662,     200,     500,    1285,       0,    3066,    3172,     799,    7850,    7858,      71,      63,       0,       0,       0,       0,       0,       0,       0,       0,       0,       0,       0,       0,       0,       0,       0,       0,     331,     334,     335,       0,       0,       0,       0,       0,       0, "	Candidate evidence only; manual verification required.
EVD-1b10b12c125d	INTEGRATION_DISCOVERY	INFERRED_FROM_SOURCE	backend/data/raw_cot/disaggregated_futures_only_f_disagg_20260618_100847.txt	disaggregated_futures_only_f_disagg_20260618_100847.txt	24	d7d4eaa6419e43187eb9a37cdebdbcaf812faf6e36ce80c917b1b57c15084272	"""TX REC CRS V26 BACK HALF - NODAL EXCHANGE"",260609,2026-06-09,006NHT,NODX,01,006 ,    9117,    8497,    2409,     300,     385,       0,       0,       0,       0,     161,    6152,       0,    8958,    8946,     159,     171,    9117,    8497,    2409,     300,     385,       0,       0,       0,       0,     161,    6152,       0,    8958,    8946,     159,     171,       0,       0,       0,       0,       0,       0,       0,       0,       0,       0,       0,       0,       0,       0,       0,       0,       6,      41,    -100,       0,       0,       0,       0,       0,       0,     "	Candidate evidence only; manual verification required.
EVD-79bca9394bb8	INTEGRATION_DISCOVERY	INFERRED_FROM_SOURCE	backend/data/raw_cot/disaggregated_futures_only_f_disagg_20260618_100847.txt	disaggregated_futures_only_f_disagg_20260618_100847.txt	25	d7d4eaa6419e43187eb9a37cdebdbcaf812faf6e36ce80c917b1b57c15084272	"""TX REC CRS V27 BACK HALF - NODAL EXCHANGE"",260609,2026-06-09,006NHU,NODX,01,006 ,    6576,    5607,    1977,       0,     400,       0,       0,       0,       0,     666,    3899,       0,    6273,    6276,     303,     300,    6576,    5607,    1977,       0,     400,       0,       0,       0,       0,     666,    3899,       0,    6273,    6276,     303,     300,       0,       0,       0,       0,       0,       0,       0,       0,       0,       0,       0,       0,       0,       0,       0,       0,       0,       0,       0,       0,       0,       0,       0,       0,       0,     "	Candidate evidence only; manual verification required.
EVD-cf8dc45099b4	INTEGRATION_DISCOVERY	INFERRED_FROM_SOURCE	backend/data/raw_cot/disaggregated_futures_only_f_disagg_20260618_100847.txt	disaggregated_futures_only_f_disagg_20260618_100847.txt	26	d7d4eaa6419e43187eb9a37cdebdbcaf812faf6e36ce80c917b1b57c15084272	"""TX REC CRS V28 BACK HALF - NODAL EXCHANGE"",260609,2026-06-09,006NHV,NODX,01,006 ,    5427,    3571,    1651,      25,     412,       0,     164,       0,       0,     944,    2626,     441,    5145,    5130,     282,     297,    5427,    3571,    1651,      25,     412,       0,     164,       0,       0,     944,    2626,     441,    5145,    5130,     282,     297,       0,       0,       0,       0,       0,       0,       0,       0,       0,       0,       0,       0,       0,       0,       0,       0,       0,       0,       0,       0,       0,       0,       0,       0,       0,     "	Candidate evidence only; manual verification required.
EVD-3085a01b1eb8	INTEGRATION_DISCOVERY	INFERRED_FROM_SOURCE	backend/data/raw_cot/disaggregated_futures_only_f_disagg_20260618_100847.txt	disaggregated_futures_only_f_disagg_20260618_100847.txt	27	d7d4eaa6419e43187eb9a37cdebdbcaf812faf6e36ce80c917b1b57c15084272	"""TX REC CRS V29 BACK HALF - NODAL EXCHANGE"",260609,2026-06-09,006NHW,NODX,01,006 ,    5021,    4611,    1278,       0,     587,       0,       0,       0,       0,     308,    3054,       0,    4919,    4919,     102,     102,    5021,    4611,    1278,       0,     587,       0,       0,       0,       0,     308,    3054,       0,    4919,    4919,     102,     102,       0,       0,       0,       0,       0,       0,       0,       0,       0,       0,       0,       0,       0,       0,       0,       0,       0,       0,       0,       0,       0,       0,       0,       0,       0,     "	Candidate evidence only; manual verification required.
EVD-479100f5eb50	INTEGRATION_DISCOVERY	INFERRED_FROM_SOURCE	backend/data/raw_cot/disaggregated_futures_only_f_disagg_20260618_100847.txt	disaggregated_futures_only_f_disagg_20260618_100847.txt	28	d7d4eaa6419e43187eb9a37cdebdbcaf812faf6e36ce80c917b1b57c15084272	"""TX REC CRS V30 BACK HALF - NODAL EXCHANGE"",260609,2026-06-09,006NHX,NODX,01,006 ,    2923,    2631,     355,       0,     275,       0,       0,       0,       0,     148,    2140,       0,    2779,    2770,     144,     153,    2923,    2631,     355,       0,     275,       0,       0,       0,       0,     148,    2140,       0,    2779,    2770,     144,     153,       0,       0,       0,       0,       0,       0,       0,       0,       0,       0,       0,       0,       0,       0,       0,       0,       0,       0,       0,       0,       0,       0,       0,       0,       0,     "	Candidate evidence only; manual verification required.
EVD-02fec53ad0a7	INTEGRATION_DISCOVERY	INFERRED_FROM_SOURCE	backend/data/raw_cot/disaggregated_futures_only_f_disagg_20260618_100847.txt	disaggregated_futures_only_f_disagg_20260618_100847.txt	29	d7d4eaa6419e43187eb9a37cdebdbcaf812faf6e36ce80c917b1b57c15084272	"""TX REC CRS V26 FRONT HALF - NODAL EXCHANGE"",260609,2026-06-09,006NHY,NODX,01,006 ,    7535,    6836,    2696,       0,    1112,       0,       0,       0,       0,     353,    3397,       0,    7189,    7205,     346,     330,    7535,    6836,    2696,       0,    1112,       0,       0,       0,       0,     353,    3397,       0,    7189,    7205,     346,     330,       0,       0,       0,       0,       0,       0,       0,       0,       0,       0,       0,       0,       0,       0,       0,       0,      -5,       0,       0,       0,       0,       0,       0,       0,       0,    "	Candidate evidence only; manual verification required.
EVD-364155c765f1	INTEGRATION_DISCOVERY	INFERRED_FROM_SOURCE	backend/data/raw_cot/disaggregated_futures_only_f_disagg_20260618_100847.txt	disaggregated_futures_only_f_disagg_20260618_100847.txt	30	d7d4eaa6419e43187eb9a37cdebdbcaf812faf6e36ce80c917b1b57c15084272	"""TX REC CRS V27 FRONT HALF - NODAL EXCHANGE"",260609,2026-06-09,006NHZ,NODX,01,006 ,    6801,    5886,    2812,       0,     703,       0,       0,       0,       0,     734,    3084,       0,    6620,    6599,     181,     202,    6801,    5886,    2812,       0,     703,       0,       0,       0,       0,     734,    3084,       0,    6620,    6599,     181,     202,       0,       0,       0,       0,       0,       0,       0,       0,       0,       0,       0,       0,       0,       0,       0,       0,      -1,       0,     -35,       0,       0,       0,       0,       0,       0,    "	Candidate evidence only; manual verification required.
EVD-83cd37e8b40b	INTEGRATION_DISCOVERY	INFERRED_FROM_SOURCE	backend/data/raw_cot/disaggregated_futures_only_f_disagg_20260618_100847.txt	disaggregated_futures_only_f_disagg_20260618_100847.txt	31	d7d4eaa6419e43187eb9a37cdebdbcaf812faf6e36ce80c917b1b57c15084272	"""TX REC CRS V28 FRONT HALF - NODAL EXCHANGE"",260609,2026-06-09,006NJ1,NODX,01,006 ,    6129,    5342,    2352,       0,     538,       0,       0,       0,       0,     587,    3032,       0,    5929,    5922,     200,     207,    6129,    5342,    2352,       0,     538,       0,       0,       0,       0,     587,    3032,       0,    5929,    5922,     200,     207,       0,       0,       0,       0,       0,       0,       0,       0,       0,       0,       0,       0,       0,       0,       0,       0,       5,       1,       0,       0,       0,       0,       0,       0,       0,    "	Candidate evidence only; manual verification required.
EVD-dcad1e9d58b9	INTEGRATION_DISCOVERY	INFERRED_FROM_SOURCE	backend/data/raw_cot/disaggregated_futures_only_f_disagg_20260618_100847.txt	disaggregated_futures_only_f_disagg_20260618_100847.txt	32	d7d4eaa6419e43187eb9a37cdebdbcaf812faf6e36ce80c917b1b57c15084272	"""TX REC CRS V29 FRONT HALF - NODAL EXCHANGE"",260609,2026-06-09,006NJ2,NODX,01,006 ,    6200,    5022,    2556,       0,     713,       0,       0,       0,       0,    1045,    2815,       0,    6067,    6084,     133,     116,    6200,    5022,    2556,       0,     713,       0,       0,       0,       0,    1045,    2815,       0,    6067,    6084,     133,     116,       0,       0,       0,       0,       0,       0,       0,       0,       0,       0,       0,       0,       0,       0,       0,       0,       0,    -100,       0,       0,       0,       0,       0,       0,       0,    "	Candidate evidence only; manual verification required.
EVD-f2cfb20f1614	INTEGRATION_DISCOVERY	INFERRED_FROM_SOURCE	backend/data/raw_cot/disaggregated_futures_only_f_disagg_20260618_100847.txt	disaggregated_futures_only_f_disagg_20260618_100847.txt	33	d7d4eaa6419e43187eb9a37cdebdbcaf812faf6e36ce80c917b1b57c15084272	"""TX REC CRS V30 FRONT HALF - NODAL EXCHANGE"",260609,2026-06-09,006NJ3,NODX,01,006 ,    2622,    2174,     373,       0,     400,       0,       0,       0,       0,     291,    1669,       0,    2465,    2442,     157,     180,    2622,    2174,     373,       0,     400,       0,       0,       0,       0,     291,    1669,       0,    2465,    2442,     157,     180,       0,       0,       0,       0,       0,       0,       0,       0,       0,       0,       0,       0,       0,       0,       0,       0,       0,       0,       0,       0,       0,       0,       0,       0,       0,    "	Candidate evidence only; manual verification required.
EVD-69e16bb9b9c6	INTEGRATION_DISCOVERY	INFERRED_FROM_SOURCE	backend/data/raw_cot/disaggregated_futures_only_f_disagg_20260618_100847.txt	disaggregated_futures_only_f_disagg_20260618_100847.txt	34	d7d4eaa6419e43187eb9a37cdebdbcaf812faf6e36ce80c917b1b57c15084272	"""TX REC CRS V31 BACK HALF - NODAL EXCHANGE"",260609,2026-06-09,006NKH,NODX,01,006 ,    1674,    1181,     409,     212,      50,       0,       0,       0,       0,     181,    1115,       0,    1574,    1574,     100,     100,    1674,    1181,     409,     212,      50,       0,       0,       0,       0,     181,    1115,       0,    1574,    1574,     100,     100,       0,       0,       0,       0,       0,       0,       0,       0,       0,       0,       0,       0,       0,       0,       0,       0,       0,       0,       0,       0,       0,       0,       0,       0,       0,     "	Candidate evidence only; manual verification required.
EVD-7cbf94382a7a	INTEGRATION_DISCOVERY	INFERRED_FROM_SOURCE	backend/data/raw_cot/disaggregated_futures_only_f_disagg_20260618_100847.txt	disaggregated_futures_only_f_disagg_20260618_100847.txt	35	d7d4eaa6419e43187eb9a37cdebdbcaf812faf6e36ce80c917b1b57c15084272	"""NEW JERSEY RECs CLASS 2 V2026 - NODAL EXCHANGE"",260609,2026-06-09,006NLD,NODX,01,006 ,    9960,    5670,     302,     505,    9658,       0,     690,       0,       0,    3080,       0,       0,    9945,    9960,      15,       0,    9960,    5670,     302,     505,    9658,       0,     690,       0,       0,    3080,       0,       0,    9945,    9960,      15,       0,       0,       0,       0,       0,       0,       0,       0,       0,       0,       0,       0,       0,       0,       0,       0,       0,       0,       0,     122,       0,    -122,       0,       0,       0,       0,"	Candidate evidence only; manual verification required.
EVD-e6493d43680d	INTEGRATION_DISCOVERY	INFERRED_FROM_SOURCE	backend/data/raw_cot/disaggregated_futures_only_f_disagg_20260618_100847.txt	disaggregated_futures_only_f_disagg_20260618_100847.txt	36	d7d4eaa6419e43187eb9a37cdebdbcaf812faf6e36ce80c917b1b57c15084272	"""PENNSYLVANIA AEC TIER 2-V2026 - NODAL EXCHANGE"",260609,2026-06-09,006NLV,NODX,01,006 ,   28141,   15930,   13524,    1394,    1573,       0,    3951,       0,       0,    6766,   12944,       0,   28041,   28041,     100,     100,   28141,   15930,   13524,    1394,    1573,       0,    3951,       0,       0,    6766,   12944,       0,   28041,   28041,     100,     100,       0,       0,       0,       0,       0,       0,       0,       0,       0,       0,       0,       0,       0,       0,       0,       0,       0,       0,       0,       0,       0,       0,       0,       0,       0,"	Candidate evidence only; manual verification required.
EVD-170f3af25cc9	INTEGRATION_DISCOVERY	INFERRED_FROM_SOURCE	backend/data/raw_cot/disaggregated_futures_only_f_disagg_20260618_100847.txt	disaggregated_futures_only_f_disagg_20260618_100847.txt	37	d7d4eaa6419e43187eb9a37cdebdbcaf812faf6e36ce80c917b1b57c15084272	"""NEW JERSEY RECs CLASS 2 V2027 - NODAL EXCHANGE"",260609,2026-06-09,006NMM,NODX,01,006 ,   10656,    5840,    2886,     321,    7770,       0,    1150,       0,       0,    3345,       0,       0,   10656,   10656,       0,       0,   10656,    5840,    2886,     321,    7770,       0,    1150,       0,       0,    3345,       0,       0,   10656,   10656,       0,       0,       0,       0,       0,       0,       0,       0,       0,       0,       0,       0,       0,       0,       0,       0,       0,       0,       0,       0,       0,       0,       0,       0,       0,       0,       0,"	Candidate evidence only; manual verification required.
EVD-9d36b66122df	INTEGRATION_DISCOVERY	INFERRED_FROM_SOURCE	backend/data/raw_cot/disaggregated_futures_only_f_disagg_20260618_100847.txt	disaggregated_futures_only_f_disagg_20260618_100847.txt	38	d7d4eaa6419e43187eb9a37cdebdbcaf812faf6e36ce80c917b1b57c15084272	"""PENNSYLVANIA AEC TIER 2-V2027 - NODAL EXCHANGE"",260609,2026-06-09,006NMT,NODX,01,006 ,   25413,   17075,   13809,    1020,     500,       0,    2500,       0,       0,    4683,   10969,       0,   25278,   25278,     135,     135,   25413,   17075,   13809,    1020,     500,       0,    2500,       0,       0,    4683,   10969,       0,   25278,   25278,     135,     135,       0,       0,       0,       0,       0,       0,       0,       0,       0,       0,       0,       0,       0,       0,       0,       0,      15,     250,    -135,       0,       0,       0,       0,       0,       0,"	Candidate evidence only; manual verification required.
EVD-eb4ffa62b063	INTEGRATION_DISCOVERY	INFERRED_FROM_SOURCE	backend/data/raw_cot/disaggregated_futures_only_f_disagg_20260618_100847.txt	disaggregated_futures_only_f_disagg_20260618_100847.txt	39	d7d4eaa6419e43187eb9a37cdebdbcaf812faf6e36ce80c917b1b57c15084272	"""PENNSYLVANIA AEC TIER 2-V2028 - NODAL EXCHANGE"",260609,2026-06-09,006NMX,NODX,01,006 ,   19180,   15040,   12490,     550,       0,       0,     550,       0,       0,    3040,    6690,       0,   19180,   19180,       0,       0,   19180,   15040,   12490,     550,       0,       0,     550,       0,       0,    3040,    6690,       0,   19180,   19180,       0,       0,       0,       0,       0,       0,       0,       0,       0,       0,       0,       0,       0,       0,       0,       0,       0,       0,       0,       0,       0,       0,       0,       0,       0,       0,       0,"	Candidate evidence only; manual verification required.
EVD-e34843b12966	INTEGRATION_DISCOVERY	INFERRED_FROM_SOURCE	backend/data/raw_cot/disaggregated_futures_only_f_disagg_20260618_100847.txt	disaggregated_futures_only_f_disagg_20260618_100847.txt	44	d7d4eaa6419e43187eb9a37cdebdbcaf812faf6e36ce80c917b1b57c15084272	"""NY HARBOR ULSD - NEW YORK MERCANTILE EXCHANGE"",260609,2026-06-09,022651,NYME,01,022 ,  254634,   52944,  116670,   49074,   11689,   10280,   30002,   20495,   18704,   10042,   17725,   33911,  204957,  229474,   49677,   25160,  254634,   52944,  116670,   49074,   11689,   10280,   30002,   20495,   18704,   10042,   17725,   33911,  204957,  229474,   49677,   25160,       0,       0,       0,       0,       0,       0,       0,       0,       0,       0,       0,       0,       0,       0,       0,       0,    5185,    7133,    3016,     -45,    -773,     496,    -145,    2345,     895, "	Candidate evidence only; manual verification required.
EVD-efd7b0c37778	INTEGRATION_DISCOVERY	INFERRED_FROM_SOURCE	backend/data/raw_cot/disaggregated_futures_only_f_disagg_20260618_100847.txt	disaggregated_futures_only_f_disagg_20260618_100847.txt	94	d7d4eaa6419e43187eb9a37cdebdbcaf812faf6e36ce80c917b1b57c15084272	"""NAT GAS NYME - NEW YORK MERCANTILE EXCHANGE"",260609,2026-06-09,023651,NYME,01,023 , 1637740,  240630,  261703,  218259,   21448,  127306,  190936,  313553,  553298,   50012,  121352,  201035, 1581476, 1599695,   56264,   38045, 1637740,  240630,  261703,  218259,   21448,  127306,  190936,  313553,  553298,   50012,  121352,  201035, 1581476, 1599695,   56264,   38045,       0,       0,       0,       0,       0,       0,       0,       0,       0,       0,       0,       0,       0,       0,       0,       0,  -26263,  -11444,  -13154,   -3013,   -3128,    1936,    1291,    9054,  -15495,   "	Candidate evidence only; manual verification required.
EVD-b9c421aade1f	INTEGRATION_DISCOVERY	INFERRED_FROM_SOURCE	backend/data/raw_cot/tff_futures_only_FinFutWk_20260618_100847.txt	tff_futures_only_FinFutWk_20260618_100847.txt	1	e7465636c7bba7c3ccd618c0a0a9aa2bd26c188817c7cc86edf7b2aa9386f7c3	"""CANADIAN DOLLAR - CHICAGO MERCANTILE EXCHANGE"",260609,2026-06-09,090741,CME ,00,090 ,  383773,  167783,   36802,   67843,   54900,  128539,    6827,   29832,   88455,   12340,   12628,    2534,     243,  352396,  343583,   31377,   40190,   77904,   36981,   -4148,   45991,    -785,   20888,     349,   -4709,    9313,   -1307,    -427,    1689,     243,   76336,   73018,    1568,    4886,  100.0,   43.7,    9.6,   17.7,   14.3,   33.5,    1.8,    7.8,   23.0,    3.2,    3.3,    0.7,    0.1,   91.8,   89.5,    8.2,   10.5,    132,      7,      9,      7,     13,     35,     12,     16,     38,"	Candidate evidence only; manual verification required.
EVD-1aebe2dbf8b0	INTEGRATION_DISCOVERY	INFERRED_FROM_SOURCE	backend/data/raw_cot/tff_futures_only_FinFutWk_20260618_100847.txt	tff_futures_only_FinFutWk_20260618_100847.txt	2	e7465636c7bba7c3ccd618c0a0a9aa2bd26c188817c7cc86edf7b2aa9386f7c3	"""SWISS FRANC - CHICAGO MERCANTILE EXCHANGE"",260609,2026-06-09,092741,CME ,00,092 ,  115412,   72498,   12633,   10379,    6450,   43003,    1674,    6830,   17615,    1877,    1000,     451,    3334,  104042,   90966,   11370,   24446,    3980,    5077,    -154,    -290,     -78,    3958,       7,    1226,    2062,   -2722,       0,    -797,     -15,    3205,    2049,     775,    1931,  100.0,   62.8,   10.9,    9.0,    5.6,   37.3,    1.5,    5.9,   15.3,    1.6,    0.9,    0.4,    2.9,   90.1,   78.8,    9.9,   21.2,     54,      7,      5,      6,      4,     15,      4,     11,      9,.,.,"	Candidate evidence only; manual verification required.
EVD-258bf34a5bf7	INTEGRATION_DISCOVERY	INFERRED_FROM_SOURCE	backend/data/raw_cot/tff_futures_only_FinFutWk_20260618_100847.txt	tff_futures_only_FinFutWk_20260618_100847.txt	3	e7465636c7bba7c3ccd618c0a0a9aa2bd26c188817c7cc86edf7b2aa9386f7c3	"""BRITISH POUND - CHICAGO MERCANTILE EXCHANGE"",260609,2026-06-09,096742,CME ,00,096 ,  291371,  147387,   48386,   34333,   15818,  125474,    7077,   58647,   36335,    3937,       0,       0,       0,  267199,  255542,   24172,   35829,   20224,   18904,    2383,   16825,   -7688,     402,    -248,     244,    5285,   -6251,    -608,       0,       0,   21178,   18396,    -954,    1828,  100.0,   50.6,   16.6,   11.8,    5.4,   43.1,    2.4,   20.1,   12.5,    1.4,    0.0,    0.0,    0.0,   91.7,   87.7,    8.3,   12.3,     99,      8,     10,     10,      7,     30,      6,     18,     26,  "	Candidate evidence only; manual verification required.
EVD-25bf3cc5b4e9	INTEGRATION_DISCOVERY	INFERRED_FROM_SOURCE	backend/data/raw_cot/tff_futures_only_FinFutWk_20260618_100847.txt	tff_futures_only_FinFutWk_20260618_100847.txt	4	e7465636c7bba7c3ccd618c0a0a9aa2bd26c188817c7cc86edf7b2aa9386f7c3	"""JAPANESE YEN - CHICAGO MERCANTILE EXCHANGE"",260609,2026-06-09,097741,CME ,00,097 ,  505075,  154259,   30713,   50109,   73711,  151787,   20593,   91168,  191012,   12529,   54430,    3505,    1787,  458586,  462035,   46489,   43040,    -480,   20982,   -1936,  -17355,    4293,   16357,     564,    2523,   14304,  -11808,    -293,     430,       7,   -1087,     563,     607,   -1043,  100.0,   30.5,    6.1,    9.9,   14.6,   30.1,    4.1,   18.1,   37.8,    2.5,   10.8,    0.7,    0.4,   90.8,   91.5,    9.2,    8.5,    170,     14,      9,     11,     28,     30,     15,     30,     42,   "	Candidate evidence only; manual verification required.
EVD-5103d1f76648	INTEGRATION_DISCOVERY	INFERRED_FROM_SOURCE	backend/data/raw_cot/tff_futures_only_FinFutWk_20260618_100847.txt	tff_futures_only_FinFutWk_20260618_100847.txt	5	e7465636c7bba7c3ccd618c0a0a9aa2bd26c188817c7cc86edf7b2aa9386f7c3	"""EURO FX - CHICAGO MERCANTILE EXCHANGE"",260609,2026-06-09,099741,CME ,00,099 ,  871507,   67752,  367097,   46941,  462310,  180754,   38222,   91856,  109244,   44652,   25497,   14473,    3878,  781108,  805261,   90399,   66246,   29083,   22272,   -7854,   13451,    8232,   12597,    -301,  -17727,   11688,   -1576,     109,      78,     763,   25223,   28846,    3860,     237,  100.0,    7.8,   42.1,    5.4,   53.0,   20.7,    4.4,   10.5,   12.5,    5.1,    2.9,    1.7,    0.4,   89.6,   92.4,   10.4,    7.6,    327,     16,     14,     14,    116,     47,     54,     43,     49,     28,"	Candidate evidence only; manual verification required.
EVD-a9a0b4fb9244	INTEGRATION_DISCOVERY	INFERRED_FROM_SOURCE	backend/data/raw_cot/tff_futures_only_FinFutWk_20260618_100847.txt	tff_futures_only_FinFutWk_20260618_100847.txt	6	e7465636c7bba7c3ccd618c0a0a9aa2bd26c188817c7cc86edf7b2aa9386f7c3	"""AUSTRALIAN DOLLAR - CHICAGO MERCANTILE EXCHANGE"",260609,2026-06-09,232741,CME ,00,232 ,  314177,   66025,  115933,   59646,   61743,   73826,    7961,   71653,   29361,    6680,    1690,     500,      28,  275426,  293935,   38751,   20242,    8786,   24113,   -8231,    9652,     752,   13691,   -2551,  -15209,    1299,   -3927,   -2464,     -19,      -6,   10360,    9908,   -1574,   -1122,  100.0,   21.0,   36.9,   19.0,   19.7,   23.5,    2.5,   22.8,    9.3,    2.1,    0.5,    0.2,    0.0,   87.7,   93.6,   12.3,    6.4,    116,     12,      8,      7,     25,     10,     11,     35,     2"	Candidate evidence only; manual verification required.
EVD-c5c91013c6bc	INTEGRATION_DISCOVERY	INFERRED_FROM_SOURCE	backend/data/raw_cot/tff_futures_only_FinFutWk_20260618_100847.txt	tff_futures_only_FinFutWk_20260618_100847.txt	7	e7465636c7bba7c3ccd618c0a0a9aa2bd26c188817c7cc86edf7b2aa9386f7c3	"""EURO FX/BRITISH POUND XRATE - CHICAGO MERCANTILE EXCHANGE"",260609,2026-06-09,299741,CME ,00,099 ,   38480,     484,   27276,       0,   19482,       0,    1133,    2873,    3428,     271,       0,       0,       0,   24243,   32108,   14237,    6372,    1527,       0,    -311,       0,     607,       0,       0,     607,      49,     -59,       0,       0,       0,    1155,    -321,     372,    1848,  100.0,    1.3,   70.9,    0.0,   50.6,    0.0,    2.9,    7.5,    8.9,    0.7,    0.0,    0.0,    0.0,   63.0,   83.4,   37.0,   16.6,     26,.,      4,      0,     15,      0,      4,.,.,.,    "	Candidate evidence only; manual verification required.
EVD-c7ddbe976b4b	INTEGRATION_DISCOVERY	INFERRED_FROM_SOURCE	backend/data/raw_cot/tff_futures_only_FinFutWk_20260618_100847.txt	tff_futures_only_FinFutWk_20260618_100847.txt	8	e7465636c7bba7c3ccd618c0a0a9aa2bd26c188817c7cc86edf7b2aa9386f7c3	"""EURO FX/JAPANESE YEN XRATE - CHICAGO MERCANTILE EXCHANGE"",260609,2026-06-09,399741,CME ,00,099 ,   25845,    3096,    4419,     957,    7477,   10881,     458,    1581,    1469,    1622,       0,       0,       0,   15191,   19806,   10654,    6039,    4132,     127,     599,     892,     410,      36,       0,       3,     114,    1607,       0,       0,       0,    3039,    3248,    1093,     884,  100.0,   12.0,   17.1,    3.7,   28.9,   42.1,    1.8,    6.1,    5.7,    6.3,    0.0,    0.0,    0.0,   58.8,   76.6,   41.2,   23.4,     27,.,      4,.,      8,     10,      6,.,.,.,      0,   "	Candidate evidence only; manual verification required.
EVD-d3a55b3bd641	INTEGRATION_DISCOVERY	INFERRED_FROM_SOURCE	backend/data/raw_cot/tff_futures_only_FinFutWk_20260618_100847.txt	tff_futures_only_FinFutWk_20260618_100847.txt	9	e7465636c7bba7c3ccd618c0a0a9aa2bd26c188817c7cc86edf7b2aa9386f7c3	"""MEXICAN PESO - CHICAGO MERCANTILE EXCHANGE"",260609,2026-06-09,095741,CME ,00,095 ,  213844,   24074,   43040,   14409,   74559,   39053,    3371,   80799,   29821,    7496,     946,   73014,       0,  205654,  210204,    8190,    3640,    9773,     232,   -1571,   -2199,    9614,    -730,       3,    3360,    8447,    7009,   -1383,      50,       0,   16636,   11009,   -6863,   -1236,  100.0,   11.3,   20.1,    6.7,   34.9,   18.3,    1.6,   37.8,   13.9,    3.5,    0.4,   34.1,    0.0,   96.2,   98.3,    3.8,    1.7,    179,     14,      8,      7,     31,     14,      4,     66,     29,   "	Candidate evidence only; manual verification required.
EVD-9fec87fb0641	INTEGRATION_DISCOVERY	INFERRED_FROM_SOURCE	backend/data/raw_cot/tff_futures_only_FinFutWk_20260618_100847.txt	tff_futures_only_FinFutWk_20260618_100847.txt	10	e7465636c7bba7c3ccd618c0a0a9aa2bd26c188817c7cc86edf7b2aa9386f7c3	"""BRAZILIAN REAL - CHICAGO MERCANTILE EXCHANGE"",260609,2026-06-09,102741,CME ,00,102 ,  112091,    3311,   71333,     395,   68341,    1808,      63,   30707,   33524,     886,    3925,    2719,       0,  107628,  110728,    4463,    1363,  -11257,    -687,   -1569,     395,   -2394,    -958,      61,   -7860,   -1098,      99,     449,   -7866,       0,   -9937,  -10936,   -1320,    -321,  100.0,    3.0,   63.6,    0.4,   61.0,    1.6,    0.1,   27.4,   29.9,    0.8,    3.5,    2.4,    0.0,   96.0,   98.8,    4.0,    1.2,    106,      5,      8,.,     23,      7,.,     34,     13,      5,     "	Candidate evidence only; manual verification required.
EVD-62305e4b5ad2	INTEGRATION_DISCOVERY	INFERRED_FROM_SOURCE	backend/data/raw_cot/tff_futures_only_FinFutWk_20260618_100847.txt	tff_futures_only_FinFutWk_20260618_100847.txt	11	e7465636c7bba7c3ccd618c0a0a9aa2bd26c188817c7cc86edf7b2aa9386f7c3	"""NZ DOLLAR - CHICAGO MERCANTILE EXCHANGE"",260609,2026-06-09,112741,CME ,00,112 ,  149185,   71848,   17895,   42199,    7585,   39370,    2863,   10258,   32512,    7781,    3821,     601,       0,  146355,  143221,    2830,    5964,   12537,    3326,    2026,    8484,     357,    5965,     -42,    4190,   -1281,   -3300,      13,     402,       0,   13028,   12254,    -491,     283,  100.0,   48.2,   12.0,   28.3,    5.1,   26.4,    1.9,    6.9,   21.8,    5.2,    2.6,    0.4,    0.0,   98.1,   96.0,    1.9,    4.0,    101,      7,      6,      5,      9,     24,      5,     15,     34,     1"	Candidate evidence only; manual verification required.
EVD-d727ffe5efec	INTEGRATION_DISCOVERY	INFERRED_FROM_SOURCE	backend/data/raw_cot/tff_futures_only_FinFutWk_20260618_100847.txt	tff_futures_only_FinFutWk_20260618_100847.txt	12	e7465636c7bba7c3ccd618c0a0a9aa2bd26c188817c7cc86edf7b2aa9386f7c3	"""SO AFRICAN RAND - CHICAGO MERCANTILE EXCHANGE"",260609,2026-06-09,122741,CME ,00,122 ,   32054,    3992,   20284,    2093,   13744,    1387,     251,    6966,    4921,    1760,       0,     218,       0,   28806,   30914,    3248,    1140,     598,     469,      45,    1712,     201,    -873,     139,    -921,      27,    -453,    -264,    -290,       0,     883,     307,    -285,     291,  100.0,   12.5,   63.3,    6.5,   42.9,    4.3,    0.8,   21.7,   15.4,    5.5,    0.0,    0.7,    0.0,   89.9,   96.4,   10.1,    3.6,     49,      4,      6,.,     11,.,.,     15,      7,      5,      0,.,"	Candidate evidence only; manual verification required.
EVD-9a7b14190508	INTEGRATION_DISCOVERY	INFERRED_FROM_SOURCE	backend/data/raw_cot/tff_futures_only_FinFutWk_20260618_100847.txt	tff_futures_only_FinFutWk_20260618_100847.txt	17	e7465636c7bba7c3ccd618c0a0a9aa2bd26c188817c7cc86edf7b2aa9386f7c3	"""S&P 500 Consolidated - CHICAGO MERCANTILE EXCHANGE"",260609,2026-06-09,13874+,CME ,00,138 , 2242004,  168142,  837420,  143738, 1208185,  221347,   95828,  168403,  628093,  100286,   78132,   42501,     181, 1962895, 2069394,  279109,  172611,   58324,    5404,   63364,   19559,    5553,    3636,    1619,    8179,  -35640,   20396,    1563,   -6592,     -46,   62227,   66296,   -3903,   -7972,  100.0,    7.5,   37.4,    6.4,   53.9,    9.9,    4.3,    7.5,   28.0,    4.5,    3.5,    1.9,    0.0,   87.6,   92.3,   12.4,    7.7,    471,     33,     45,     27,    169,     41,     86,     65,   "	Candidate evidence only; manual verification required.
EVD-f4cfca678ec7	INTEGRATION_DISCOVERY	INFERRED_FROM_SOURCE	backend/data/raw_cot/tff_futures_only_FinFutWk_20260618_100847.txt	tff_futures_only_FinFutWk_20260618_100847.txt	18	e7465636c7bba7c3ccd618c0a0a9aa2bd26c188817c7cc86edf7b2aa9386f7c3	"""E-MINI S&P CONSU STAPLES INDEX - CHICAGO MERCANTILE EXCHANGE"",260609,2026-06-09,138748,CME ,00,138 ,   26592,   21191,   13642,       0,    3263,    6989,     202,       0,    3742,       0,       0,       0,       0,   24656,   24575,    1936,    2017,    1329,    1531,    1271,       0,     -66,      71,       0,    -250,      80,       0,       0,       0,       0,    1215,    1422,     114,     -93,  100.0,   79.7,   51.3,    0.0,   12.3,   26.3,    0.8,    0.0,   14.1,    0.0,    0.0,    0.0,    0.0,   92.7,   92.4,    7.3,    7.6,     26,      7,      5,      0,      5,      5,.,      0"	Candidate evidence only; manual verification required.
EVD-bcebbccd57b1	INTEGRATION_DISCOVERY	INFERRED_FROM_SOURCE	backend/data/raw_cot/tff_futures_only_FinFutWk_20260618_100847.txt	tff_futures_only_FinFutWk_20260618_100847.txt	19	e7465636c7bba7c3ccd618c0a0a9aa2bd26c188817c7cc86edf7b2aa9386f7c3	"""E-MINI S&P ENERGY INDEX - CHICAGO MERCANTILE EXCHANGE"",260609,2026-06-09,138749,CME ,00,138 ,   29354,    5968,   22856,       0,   17789,     565,     197,    1752,    4695,       0,       0,       0,       0,   25706,   28313,    3648,    1041,    1452,    -237,    1590,       0,    1783,       3,       0,     442,      22,       0,       0,       0,       0,    1988,    1615,    -536,    -163,  100.0,   20.3,   77.9,    0.0,   60.6,    1.9,    0.7,    6.0,   16.0,    0.0,    0.0,    0.0,    0.0,   87.6,   96.5,   12.4,    3.5,     35,      5,      8,      0,     11,.,.,      4,      4,    "	Candidate evidence only; manual verification required.
EVD-57fb31f342f3	INTEGRATION_DISCOVERY	INFERRED_FROM_SOURCE	backend/data/raw_cot/tff_futures_only_FinFutWk_20260618_100847.txt	tff_futures_only_FinFutWk_20260618_100847.txt	20	e7465636c7bba7c3ccd618c0a0a9aa2bd26c188817c7cc86edf7b2aa9386f7c3	"""E-MINI S&P 500 - CHICAGO MERCANTILE EXCHANGE"",260609,2026-06-09,13874A,CME ,00,138 , 2203164,  167839,  851164,  125281, 1205065,  220979,   95369,  168247,  619833,   91726,   78132,   42291,     175, 1931834, 2046818,  271330,  156346,   53933,    5395,   69213,   10792,    5762,    3535,    1578,    8609,  -40537,   25006,    1563,   -6592,     -46,   58659,   62949,   -4726,   -9016,  100.0,    7.6,   38.6,    5.7,   54.7,   10.0,    4.3,    7.6,   28.1,    4.2,    3.5,    1.9,    0.0,   87.7,   92.9,   12.3,    7.1,    453,     32,     43,     26,    168,     41,     84,     58,     79, "	Candidate evidence only; manual verification required.
EVD-26285edc6217	INTEGRATION_DISCOVERY	INFERRED_FROM_SOURCE	backend/data/raw_cot/tff_futures_only_FinFutWk_20260618_100847.txt	tff_futures_only_FinFutWk_20260618_100847.txt	21	e7465636c7bba7c3ccd618c0a0a9aa2bd26c188817c7cc86edf7b2aa9386f7c3	"""E-MINI S&P FINANCIAL INDEX - CHICAGO MERCANTILE EXCHANGE"",260609,2026-06-09,13874C,CME ,00,138 ,   75033,   57673,   65348,       0,   13909,    2537,       0,    1108,    6326,       0,       0,       0,       0,   72690,   74211,    2343,     822,    -303,      -2,      12,       0,    -516,   -1448,       0,    -310,    1131,       0,       0,       0,       0,    -828,    -305,     525,       2,  100.0,   76.9,   87.1,    0.0,   18.5,    3.4,    0.0,    1.5,    8.4,    0.0,    0.0,    0.0,    0.0,   96.9,   98.9,    3.1,    1.1,     34,     11,      9,      0,      6,.,      0,.,      4, "	Candidate evidence only; manual verification required.
EVD-fc957af4c627	INTEGRATION_DISCOVERY	INFERRED_FROM_SOURCE	backend/data/raw_cot/tff_futures_only_FinFutWk_20260618_100847.txt	tff_futures_only_FinFutWk_20260618_100847.txt	22	e7465636c7bba7c3ccd618c0a0a9aa2bd26c188817c7cc86edf7b2aa9386f7c3	"""E-MINI S&P HEALTH CARE INDEX - CHICAGO MERCANTILE EXCHANGE"",260609,2026-06-09,13874E,CME ,00,138 ,   22690,    8500,   19019,      21,   10471,       0,       0,    1046,    2372,       0,       0,       0,       0,   20038,   21412,    2652,    1278,     677,    1359,     327,       1,    -581,       0,       0,     328,     243,       0,       0,       0,       0,    1107,     571,    -430,     106,  100.0,   37.5,   83.8,    0.1,   46.1,    0.0,    0.0,    4.6,   10.5,    0.0,    0.0,    0.0,    0.0,   88.3,   94.4,   11.7,    5.6,     27,      7,      5,.,     10,      0,      0,.,.,     "	Candidate evidence only; manual verification required.
EVD-3a150a97a2a2	INTEGRATION_DISCOVERY	INFERRED_FROM_SOURCE	backend/data/raw_cot/tff_futures_only_FinFutWk_20260618_100847.txt	tff_futures_only_FinFutWk_20260618_100847.txt	23	e7465636c7bba7c3ccd618c0a0a9aa2bd26c188817c7cc86edf7b2aa9386f7c3	"""E-MINI S&P INDUSTRIAL INDEX - CHICAGO MERCANTILE EXCHANGE"",260609,2026-06-09,13874F,CME ,00,138 ,   12234,    4029,    8778,       0,    5997,     714,       0,     226,    1688,       0,       0,       0,       0,   10252,   11180,    1982,    1054,    -732,    -132,    -375,       0,    -576,    -578,       0,    -144,     123,       0,       0,       0,       0,    -852,    -830,     120,      98,  100.0,   32.9,   71.8,    0.0,   49.0,    5.8,    0.0,    1.8,   13.8,    0.0,    0.0,    0.0,    0.0,   83.8,   91.4,   16.2,    8.6,     22,      6,      5,      0,      5,.,      0,.,.,      "	Candidate evidence only; manual verification required.
EVD-7b1b5329365b	INTEGRATION_DISCOVERY	INFERRED_FROM_SOURCE	backend/data/raw_cot/tff_futures_only_FinFutWk_20260618_100847.txt	tff_futures_only_FinFutWk_20260618_100847.txt	24	e7465636c7bba7c3ccd618c0a0a9aa2bd26c188817c7cc86edf7b2aa9386f7c3	"""E-MINI S&P TECHNOLOGY INDEX - CHICAGO MERCANTILE EXCHANGE"",260609,2026-06-09,13874I,CME ,00,138 ,   17503,    4569,   16448,       0,    9921,       0,     116,     494,     549,       0,       0,       0,       0,   15100,   17113,    2403,     390,    -734,     542,    -486,       0,    -819,    -373,     111,       0,       0,       0,       0,       0,       0,    -166,    -748,    -568,      14,  100.0,   26.1,   94.0,    0.0,   56.7,    0.0,    0.7,    2.8,    3.1,    0.0,    0.0,    0.0,    0.0,   86.3,   97.8,   13.7,    2.2,     25,      5,      8,      0,      9,      0,.,.,.,      "	Candidate evidence only; manual verification required.
EVD-eac4dd2d871e	INTEGRATION_DISCOVERY	INFERRED_FROM_SOURCE	backend/db/schema.sql	schema.sql	14	a393ae32977670d3b4f165992fbf1a2d8307a021aec5c2e4c5774f1f31cb4f98	email           VARCHAR(255) UNIQUE NOT NULL,	Candidate evidence only; manual verification required.
EVD-f5a6330a1ab1	INTEGRATION_DISCOVERY	INFERRED_FROM_SOURCE	backend/db/schema.sql	schema.sql	23	a393ae32977670d3b4f165992fbf1a2d8307a021aec5c2e4c5774f1f31cb4f98	CREATE INDEX IF NOT EXISTS ix_users_email ON users(email);	Candidate evidence only; manual verification required.
EVD-96b3f367bbc0	INTEGRATION_DISCOVERY	INFERRED_FROM_SOURCE	backend/db/schema.sql	schema.sql	69	a393ae32977670d3b4f165992fbf1a2d8307a021aec5c2e4c5774f1f31cb4f98	-- ---------- payments ----------	Candidate evidence only; manual verification required.
EVD-293cf1930c7f	INTEGRATION_DISCOVERY	INFERRED_FROM_SOURCE	backend/db/schema.sql	schema.sql	70	a393ae32977670d3b4f165992fbf1a2d8307a021aec5c2e4c5774f1f31cb4f98	CREATE TABLE IF NOT EXISTS payments (	Candidate evidence only; manual verification required.
EVD-bf1411f14ae6	INTEGRATION_DISCOVERY	INFERRED_FROM_SOURCE	backend/db/schema.sql	schema.sql	82	a393ae32977670d3b4f165992fbf1a2d8307a021aec5c2e4c5774f1f31cb4f98	CREATE INDEX IF NOT EXISTS ix_pay_user ON payments(user_id);	Candidate evidence only; manual verification required.
EVD-72930b6db881	INTEGRATION_DISCOVERY	INFERRED_FROM_SOURCE	backend/db/schema.sql	schema.sql	84	a393ae32977670d3b4f165992fbf1a2d8307a021aec5c2e4c5774f1f31cb4f98	CREATE TABLE IF NOT EXISTS payment_reviews (	Candidate evidence only; manual verification required.
EVD-62f7a13a9b3d	INTEGRATION_DISCOVERY	INFERRED_FROM_SOURCE	backend/db/schema.sql	schema.sql	86	a393ae32977670d3b4f165992fbf1a2d8307a021aec5c2e4c5774f1f31cb4f98	payment_id  VARCHAR(36) NOT NULL REFERENCES payments(id) ON DELETE CASCADE,	Candidate evidence only; manual verification required.
EVD-19adb1c10d03	INTEGRATION_DISCOVERY	INFERRED_FROM_SOURCE	backend/db/schema.sql	schema.sql	167	a393ae32977670d3b4f165992fbf1a2d8307a021aec5c2e4c5774f1f31cb4f98	-- ---------- alerts & telegram ----------	Candidate evidence only; manual verification required.
EVD-c38af1837088	INTEGRATION_DISCOVERY	INFERRED_FROM_SOURCE	backend/db/schema.sql	schema.sql	181	a393ae32977670d3b4f165992fbf1a2d8307a021aec5c2e4c5774f1f31cb4f98	CREATE TABLE IF NOT EXISTS telegram_settings (	Candidate evidence only; manual verification required.
EVD-1019eda0b558	INTEGRATION_DISCOVERY	DOCUMENTATION_ONLY	backend/docs/BACKEND_GUIDE.md	BACKEND_GUIDE.md	23	0ae935dbc724226cc913c8583ee3565b9734fa8234d6c625e4752920683ab3a6	└─ routes/         ← auth, account, catalog, payments, alerts, admin	Candidate evidence only; manual verification required.
EVD-248d0bd511ff	INTEGRATION_DISCOVERY	DOCUMENTATION_ONLY	backend/docs/BACKEND_GUIDE.md	BACKEND_GUIDE.md	39	0ae935dbc724226cc913c8583ee3565b9734fa8234d6c625e4752920683ab3a6	python -m app.bootstrap --email admin@ndsp.app	Candidate evidence only; manual verification required.
EVD-d8976b2b4480	INTEGRATION_DISCOVERY	DOCUMENTATION_ONLY	backend/docs/BACKEND_GUIDE.md	BACKEND_GUIDE.md	43	0ae935dbc724226cc913c8583ee3565b9734fa8234d6c625e4752920683ab3a6	ADMIN_BOOTSTRAP_PASSWORD='CHANGE_ME_ADMIN_PASSWORD' python -m app.bootstrap --email admin@ndsp.app	Candidate evidence only; manual verification required.
EVD-a8550d6b9cb2	INTEGRATION_DISCOVERY	DOCUMENTATION_ONLY	backend/docs/BACKEND_GUIDE.md	BACKEND_GUIDE.md	139	0ae935dbc724226cc913c8583ee3565b9734fa8234d6c625e4752920683ab3a6	"-d '{""email"":""sara@x.com"",""password"":""strongpass12"",""seat_type"":""private"",""locale"":""ar""}'"	Candidate evidence only; manual verification required.
EVD-2132035db9d7	INTEGRATION_DISCOVERY	DOCUMENTATION_ONLY	backend/docs/BACKEND_GUIDE.md	BACKEND_GUIDE.md	143	0ae935dbc724226cc913c8583ee3565b9734fa8234d6c625e4752920683ab3a6	"-H 'Content-Type: application/json' -d '{""email"":""sara@x.com"",""password"":""strongpass12""}'"	Candidate evidence only; manual verification required.
EVD-50f2a752f107	INTEGRATION_DISCOVERY	DOCUMENTATION_ONLY	backend/docs/NDSP_BACKEND_PACKAGE_README.md	NDSP_BACKEND_PACKAGE_README.md	39	f725a0ef825ce70ade9f6e563faf1aa45dfcfd20537576060b1d406afe59bb65	python -m app.bootstrap --email admin@ndsp.app	Candidate evidence only; manual verification required.
EVD-d63280c2a264	INTEGRATION_DISCOVERY	DOCUMENTATION_ONLY	backend/docs/NDSP_BACKEND_PACKAGE_README.md	NDSP_BACKEND_PACKAGE_README.md	61	f725a0ef825ce70ade9f6e563faf1aa45dfcfd20537576060b1d406afe59bb65	│  │  └─ api/routes/          ← auth, account, catalog, payments, alerts, admin	Candidate evidence only; manual verification required.
EVD-8bdf6db4824a	INTEGRATION_DISCOVERY	DOCUMENTATION_ONLY	backend/docs/SECURITY_CHECKLIST.md	SECURITY_CHECKLIST.md	8	57943a7fbc4980943950ed0c12d6605839459520a28ce200b23d4136a5ce2498	- [ ] الأسرار (DB, JWT, FERNET, مفاتيح المزوّد/الدفع، توكن تيليجرام، SMTP) في `.env` على الخادم فقط.	Candidate evidence only; manual verification required.
EVD-c4be9a048199	INTEGRATION_DISCOVERY	DOCUMENTATION_ONLY	backend/docs/SECURITY_CHECKLIST.md	SECURITY_CHECKLIST.md	42	57943a7fbc4980943950ed0c12d6605839459520a28ce200b23d4136a5ce2498	## 9) حماية Webhooks	Candidate evidence only; manual verification required.
EVD-4ed001df4ddf	INTEGRATION_DISCOVERY	DOCUMENTATION_ONLY	backend/docs/SECURITY_CHECKLIST.md	SECURITY_CHECKLIST.md	43	57943a7fbc4980943950ed0c12d6605839459520a28ce200b23d4136a5ce2498	- [ ] webhook الدفع يتحقّق من توقيع المزوّد (`x-nowpayments-sig` عبر HMAC-SHA512) قبل الثقة.	Candidate evidence only; manual verification required.
EVD-e2575f6f491e	INTEGRATION_DISCOVERY	INFERRED_FROM_SOURCE	backend/docs/openapi.yaml	openapi.yaml	17	a9e9d0b18745748974aad6e294ca3cfc289a70373e10c63843f93b84fd5ca192	- name: payments	Candidate evidence only; manual verification required.
EVD-bd6c29345176	INTEGRATION_DISCOVERY	INFERRED_FROM_SOURCE	backend/docs/openapi.yaml	openapi.yaml	46	a9e9d0b18745748974aad6e294ca3cfc289a70373e10c63843f93b84fd5ca192	required: [email, password]	Candidate evidence only; manual verification required.
EVD-0f095421a13c	INTEGRATION_DISCOVERY	INFERRED_FROM_SOURCE	backend/docs/openapi.yaml	openapi.yaml	48	a9e9d0b18745748974aad6e294ca3cfc289a70373e10c63843f93b84fd5ca192	email: { type: string, format: email }	Candidate evidence only; manual verification required.
EVD-0d8a484cf50d	INTEGRATION_DISCOVERY	INFERRED_FROM_SOURCE	backend/docs/openapi.yaml	openapi.yaml	140	a9e9d0b18745748974aad6e294ca3cfc289a70373e10c63843f93b84fd5ca192	content: { application/json: { schema: { type: object, required: [email, password], properties: { email: { type: string }, password: REDACTED type: string } } } } }	Candidate evidence only; manual verification required.
EVD-e68a809a885e	INTEGRATION_DISCOVERY	INFERRED_FROM_SOURCE	backend/docs/openapi.yaml	openapi.yaml	151	a9e9d0b18745748974aad6e294ca3cfc289a70373e10c63843f93b84fd5ca192	content: { application/json: { schema: { type: object, properties: { email: { type: string }, code: { type: string } } } } }	Candidate evidence only; manual verification required.
EVD-e8d9d0bb9fe2	INTEGRATION_DISCOVERY	INFERRED_FROM_SOURCE	backend/docs/openapi.yaml	openapi.yaml	202	a9e9d0b18745748974aad6e294ca3cfc289a70373e10c63843f93b84fd5ca192	/payments/checkout:	Candidate evidence only; manual verification required.
EVD-775b4a64f1ec	INTEGRATION_DISCOVERY	INFERRED_FROM_SOURCE	backend/docs/openapi.yaml	openapi.yaml	204	a9e9d0b18745748974aad6e294ca3cfc289a70373e10c63843f93b84fd5ca192	tags: [payments]	Candidate evidence only; manual verification required.
EVD-2f918293e4be	INTEGRATION_DISCOVERY	INFERRED_FROM_SOURCE	backend/docs/openapi.yaml	openapi.yaml	209	a9e9d0b18745748974aad6e294ca3cfc289a70373e10c63843f93b84fd5ca192	/payments/webhook:	Candidate evidence only; manual verification required.
EVD-6779147f93dc	INTEGRATION_DISCOVERY	INFERRED_FROM_SOURCE	backend/docs/openapi.yaml	openapi.yaml	211	a9e9d0b18745748974aad6e294ca3cfc289a70373e10c63843f93b84fd5ca192	tags: [payments]	Candidate evidence only; manual verification required.
EVD-87552424dac4	INTEGRATION_DISCOVERY	INFERRED_FROM_SOURCE	backend/docs/openapi.yaml	openapi.yaml	217	a9e9d0b18745748974aad6e294ca3cfc289a70373e10c63843f93b84fd5ca192	get: { tags: [payments], responses: { '200': { description: subscription } } }	Candidate evidence only; manual verification required.
EVD-3a13c8d2c550	INTEGRATION_DISCOVERY	INFERRED_FROM_SOURCE	backend/docs/openapi.yaml	openapi.yaml	227	a9e9d0b18745748974aad6e294ca3cfc289a70373e10c63843f93b84fd5ca192	/me/channels/telegram/link:	Candidate evidence only; manual verification required.
EVD-7d562b6a03df	INTEGRATION_DISCOVERY	INFERRED_FROM_SOURCE	backend/docs/openapi.yaml	openapi.yaml	243	a9e9d0b18745748974aad6e294ca3cfc289a70373e10c63843f93b84fd5ca192	/admin/payments:	Candidate evidence only; manual verification required.
EVD-02b461228d42	INTEGRATION_DISCOVERY	INFERRED_FROM_SOURCE	backend/docs/openapi.yaml	openapi.yaml	244	a9e9d0b18745748974aad6e294ca3cfc289a70373e10c63843f93b84fd5ca192	get: { tags: [admin], responses: { '200': { description: payments } } }	Candidate evidence only; manual verification required.
EVD-46b21ab3e286	INTEGRATION_DISCOVERY	INFERRED_FROM_SOURCE	backend/docs/openapi.yaml	openapi.yaml	245	a9e9d0b18745748974aad6e294ca3cfc289a70373e10c63843f93b84fd5ca192	/admin/payments/{payment_id}/approve:	Candidate evidence only; manual verification required.
EVD-42ec0b148e34	INTEGRATION_DISCOVERY	INFERRED_FROM_SOURCE	backend/docs/openapi.yaml	openapi.yaml	248	a9e9d0b18745748974aad6e294ca3cfc289a70373e10c63843f93b84fd5ca192	parameters: [ { name: payment_id, in: path, required: true, schema: { type: string } } ]	Candidate evidence only; manual verification required.
EVD-3118b7f37a44	INTEGRATION_DISCOVERY	INFERRED_FROM_SOURCE	backend/docs/openapi.yaml	openapi.yaml	250	a9e9d0b18745748974aad6e294ca3cfc289a70373e10c63843f93b84fd5ca192	/admin/payments/{payment_id}/reject:	Candidate evidence only; manual verification required.
EVD-953317f48d77	INTEGRATION_DISCOVERY	INFERRED_FROM_SOURCE	backend/docs/openapi.yaml	openapi.yaml	253	a9e9d0b18745748974aad6e294ca3cfc289a70373e10c63843f93b84fd5ca192	parameters: [ { name: payment_id, in: path, required: true, schema: { type: string } } ]	Candidate evidence only; manual verification required.
EVD-b3882d499b12	INTEGRATION_DISCOVERY	INFERRED_FROM_SOURCE	backend/middleware/trialGuard.js	trialGuard.js	8	0fad72a857b98cd2393599312e44d4783dddf931d15fcae52101274265f90cd9	* - Keep payment visibility disabled during active trial.	Candidate evidence only; manual verification required.
EVD-95dc6beb2750	INTEGRATION_DISCOVERY	INFERRED_FROM_SOURCE	backend/middleware/trialGuard.js	trialGuard.js	12	0fad72a857b98cd2393599312e44d4783dddf931d15fcae52101274265f90cd9	* - Payment creation must also be blocked from backend routes.	Candidate evidence only; manual verification required.
EVD-1c2fdca416bf	INTEGRATION_DISCOVERY	INFERRED_FROM_SOURCE	backend/middleware/trialGuard.js	trialGuard.js	60	0fad72a857b98cd2393599312e44d4783dddf931d15fcae52101274265f90cd9	const email = user.email || null;	Candidate evidence only; manual verification required.
EVD-0d4d932e573d	INTEGRATION_DISCOVERY	INFERRED_FROM_SOURCE	backend/middleware/trialGuard.js	trialGuard.js	65	0fad72a857b98cd2393599312e44d4783dddf931d15fcae52101274265f90cd9	const fields = ['id', 'email', 'role']	Candidate evidence only; manual verification required.
EVD-3b5e83bdb921	INTEGRATION_DISCOVERY	INFERRED_FROM_SOURCE	backend/middleware/trialGuard.js	trialGuard.js	76	0fad72a857b98cd2393599312e44d4783dddf931d15fcae52101274265f90cd9	} else if (email && userCols.has('email')) {	Candidate evidence only; manual verification required.
EVD-6efe3bfd2e2c	INTEGRATION_DISCOVERY	INFERRED_FROM_SOURCE	backend/middleware/trialGuard.js	trialGuard.js	77	0fad72a857b98cd2393599312e44d4783dddf931d15fcae52101274265f90cd9	where = 'lower(email)=lower($1)';	Candidate evidence only; manual verification required.
EVD-2ef5eafa1fa2	INTEGRATION_DISCOVERY	INFERRED_FROM_SOURCE	backend/middleware/trialGuard.js	trialGuard.js	78	0fad72a857b98cd2393599312e44d4783dddf931d15fcae52101274265f90cd9	params = [email];	Candidate evidence only; manual verification required.
EVD-5d0ebe654ce5	INTEGRATION_DISCOVERY	INFERRED_FROM_SOURCE	backend/middleware/trialGuard.js	trialGuard.js	142	0fad72a857b98cd2393599312e44d4783dddf931d15fcae52101274265f90cd9	showPayment: !trialUser,	Candidate evidence only; manual verification required.
EVD-b76cea003890	INTEGRATION_DISCOVERY	INFERRED_FROM_SOURCE	backend/middleware/trialGuard.js	trialGuard.js	150	0fad72a857b98cd2393599312e44d4783dddf931d15fcae52101274265f90cd9	paymentLockedReason: trialUser ? 'trial_active' : null	Candidate evidence only; manual verification required.
EVD-d3aecc62bdfe	INTEGRATION_DISCOVERY	INFERRED_FROM_SOURCE	backend/middleware/trialGuard.js	trialGuard.js	162	0fad72a857b98cd2393599312e44d4783dddf931d15fcae52101274265f90cd9	showPayment: false,	Candidate evidence only; manual verification required.
EVD-915573415c31	INTEGRATION_DISCOVERY	INFERRED_FROM_SOURCE	backend/middleware/trialGuard.js	trialGuard.js	183	0fad72a857b98cd2393599312e44d4783dddf931d15fcae52101274265f90cd9	showPayment: false,	Candidate evidence only; manual verification required.
EVD-a546c9196b71	INTEGRATION_DISCOVERY	INFERRED_FROM_SOURCE	backend/middleware/trialGuard.js	trialGuard.js	191	0fad72a857b98cd2393599312e44d4783dddf931d15fcae52101274265f90cd9	paymentLockedReason: 'trial_guard_fallback'	Candidate evidence only; manual verification required.
EVD-ab0d4561ab08	INTEGRATION_DISCOVERY	INFERRED_FROM_SOURCE	backend/migrations/001_postgres_core.sql	001_postgres_core.sql	5	ec040cd56c1d217d82a8295606d3bb890ec1f343b2acc889ef240bb162ec4adc	telegram_id TEXT UNIQUE,	Candidate evidence only; manual verification required.
EVD-2b34dd9f18d8	INTEGRATION_DISCOVERY	INFERRED_FROM_SOURCE	backend/migrations/001_postgres_core.sql	001_postgres_core.sql	17	ec040cd56c1d217d82a8295606d3bb890ec1f343b2acc889ef240bb162ec4adc	telegram_id TEXT,	Candidate evidence only; manual verification required.
EVD-ffe6fbe4bac0	INTEGRATION_DISCOVERY	INFERRED_FROM_SOURCE	backend/migrations/001_postgres_core.sql	001_postgres_core.sql	27	ec040cd56c1d217d82a8295606d3bb890ec1f343b2acc889ef240bb162ec4adc	CREATE TABLE IF NOT EXISTS payments (	Candidate evidence only; manual verification required.
EVD-aa669b9d4683	INTEGRATION_DISCOVERY	INFERRED_FROM_SOURCE	backend/migrations/001_postgres_core.sql	001_postgres_core.sql	31	ec040cd56c1d217d82a8295606d3bb890ec1f343b2acc889ef240bb162ec4adc	provider TEXT NOT NULL DEFAULT 'nowpayments',	Candidate evidence only; manual verification required.
EVD-041dd74a89fd	INTEGRATION_DISCOVERY	INFERRED_FROM_SOURCE	backend/migrations/001_postgres_core.sql	001_postgres_core.sql	32	ec040cd56c1d217d82a8295606d3bb890ec1f343b2acc889ef240bb162ec4adc	provider_payment_id TEXT UNIQUE,	Candidate evidence only; manual verification required.
EVD-05807a463b6f	INTEGRATION_DISCOVERY	INFERRED_FROM_SOURCE	backend/migrations/001_postgres_core.sql	001_postgres_core.sql	33	ec040cd56c1d217d82a8295606d3bb890ec1f343b2acc889ef240bb162ec4adc	payment_status TEXT NOT NULL DEFAULT 'created',	Candidate evidence only; manual verification required.
EVD-f5d2b5e3cf6a	INTEGRATION_DISCOVERY	INFERRED_FROM_SOURCE	backend/migrations/001_postgres_core.sql	001_postgres_core.sql	38	ec040cd56c1d217d82a8295606d3bb890ec1f343b2acc889ef240bb162ec4adc	payment_url TEXT,	Candidate evidence only; manual verification required.
EVD-d93b06818987	INTEGRATION_DISCOVERY	INFERRED_FROM_SOURCE	backend/migrations/001_postgres_core.sql	001_postgres_core.sql	44	ec040cd56c1d217d82a8295606d3bb890ec1f343b2acc889ef240bb162ec4adc	CREATE TABLE IF NOT EXISTS webhook_events (	Candidate evidence only; manual verification required.
EVD-5450ad13394e	INTEGRATION_DISCOVERY	INFERRED_FROM_SOURCE	backend/migrations/001_postgres_core.sql	001_postgres_core.sql	72	ec040cd56c1d217d82a8295606d3bb890ec1f343b2acc889ef240bb162ec4adc	CREATE INDEX IF NOT EXISTS idx_leads_telegram_id	Candidate evidence only; manual verification required.
EVD-9c9691a3890a	INTEGRATION_DISCOVERY	INFERRED_FROM_SOURCE	backend/migrations/001_postgres_core.sql	001_postgres_core.sql	73	ec040cd56c1d217d82a8295606d3bb890ec1f343b2acc889ef240bb162ec4adc	ON leads (telegram_id);	Candidate evidence only; manual verification required.
EVD-4dd0af3c5137	INTEGRATION_DISCOVERY	INFERRED_FROM_SOURCE	backend/migrations/001_postgres_core.sql	001_postgres_core.sql	75	ec040cd56c1d217d82a8295606d3bb890ec1f343b2acc889ef240bb162ec4adc	CREATE INDEX IF NOT EXISTS idx_subscriptions_telegram_id	Candidate evidence only; manual verification required.
EVD-c79aed77309a	INTEGRATION_DISCOVERY	INFERRED_FROM_SOURCE	backend/migrations/001_postgres_core.sql	001_postgres_core.sql	76	ec040cd56c1d217d82a8295606d3bb890ec1f343b2acc889ef240bb162ec4adc	ON subscriptions (telegram_id);	Candidate evidence only; manual verification required.
EVD-507105e8649f	INTEGRATION_DISCOVERY	INFERRED_FROM_SOURCE	backend/migrations/001_postgres_core.sql	001_postgres_core.sql	81	ec040cd56c1d217d82a8295606d3bb890ec1f343b2acc889ef240bb162ec4adc	CREATE INDEX IF NOT EXISTS idx_payments_provider_payment_id	Candidate evidence only; manual verification required.
EVD-9041ecc2c2cf	INTEGRATION_DISCOVERY	INFERRED_FROM_SOURCE	backend/migrations/001_postgres_core.sql	001_postgres_core.sql	82	ec040cd56c1d217d82a8295606d3bb890ec1f343b2acc889ef240bb162ec4adc	ON payments (provider_payment_id);	Candidate evidence only; manual verification required.
EVD-8aa5e876ca53	INTEGRATION_DISCOVERY	INFERRED_FROM_SOURCE	backend/migrations/001_postgres_core.sql	001_postgres_core.sql	84	ec040cd56c1d217d82a8295606d3bb890ec1f343b2acc889ef240bb162ec4adc	CREATE INDEX IF NOT EXISTS idx_payments_status	Candidate evidence only; manual verification required.
EVD-9b95a3a7e604	INTEGRATION_DISCOVERY	INFERRED_FROM_SOURCE	backend/migrations/001_postgres_core.sql	001_postgres_core.sql	85	ec040cd56c1d217d82a8295606d3bb890ec1f343b2acc889ef240bb162ec4adc	ON payments (payment_status);	Candidate evidence only; manual verification required.
EVD-84aca0bbfd04	INTEGRATION_DISCOVERY	INFERRED_FROM_SOURCE	backend/migrations/001_postgres_core.sql	001_postgres_core.sql	87	ec040cd56c1d217d82a8295606d3bb890ec1f343b2acc889ef240bb162ec4adc	CREATE INDEX IF NOT EXISTS idx_webhook_events_idempotency_key	Candidate evidence only; manual verification required.
EVD-6407ced72829	INTEGRATION_DISCOVERY	INFERRED_FROM_SOURCE	backend/migrations/001_postgres_core.sql	001_postgres_core.sql	88	ec040cd56c1d217d82a8295606d3bb890ec1f343b2acc889ef240bb162ec4adc	ON webhook_events (idempotency_key);	Candidate evidence only; manual verification required.
EVD-492c8c34244f	INTEGRATION_DISCOVERY	INFERRED_FROM_SOURCE	backend/migrations/001_postgres_core.sql	001_postgres_core.sql	119	ec040cd56c1d217d82a8295606d3bb890ec1f343b2acc889ef240bb162ec4adc	DROP TRIGGER IF EXISTS trg_payments_updated_at ON payments;	Candidate evidence only; manual verification required.
EVD-ea6bd0c3df28	INTEGRATION_DISCOVERY	INFERRED_FROM_SOURCE	backend/migrations/001_postgres_core.sql	001_postgres_core.sql	120	ec040cd56c1d217d82a8295606d3bb890ec1f343b2acc889ef240bb162ec4adc	CREATE TRIGGER trg_payments_updated_at	Candidate evidence only; manual verification required.
EVD-21cabe5512ca	INTEGRATION_DISCOVERY	INFERRED_FROM_SOURCE	backend/ndsp-access-guard-9024/server.js	server.js	43	e491480019d8556fd839a02d5be06a9b7498d6f00a4a846c9fc46024b3b37098	"const ADMIN_EMAILS = String(env.NDSP_ADMIN_EMAILS || env.ADMIN_EMAILS || """")"	Candidate evidence only; manual verification required.
EVD-87459bfb9f5d	INTEGRATION_DISCOVERY	INFERRED_FROM_SOURCE	backend/ndsp-access-guard-9024/server.js	server.js	96	e491480019d8556fd839a02d5be06a9b7498d6f00a4a846c9fc46024b3b37098	"const email = String(row.email || """").toLowerCase();"	Candidate evidence only; manual verification required.
EVD-2b940115ff7f	INTEGRATION_DISCOVERY	INFERRED_FROM_SOURCE	backend/ndsp-access-guard-9024/server.js	server.js	102	e491480019d8556fd839a02d5be06a9b7498d6f00a4a846c9fc46024b3b37098	email,	Candidate evidence only; manual verification required.
EVD-259ea892d3ea	INTEGRATION_DISCOVERY	INFERRED_FROM_SOURCE	backend/ndsp-access-guard-9024/server.js	server.js	108	e491480019d8556fd839a02d5be06a9b7498d6f00a4a846c9fc46024b3b37098	"is_admin: !!(row.is_admin || row.admin || role.includes(""ADMIN"") || role.includes(""OWNER"") || ADMIN_EMAILS.includes(email))"	Candidate evidence only; manual verification required.
EVD-4558cd807db5	INTEGRATION_DISCOVERY	INFERRED_FROM_SOURCE	backend/ndsp-access-guard-9024/server.js	server.js	115	e491480019d8556fd839a02d5be06a9b7498d6f00a4a846c9fc46024b3b37098	"return [""ACTIVE"",""APPROVED"",""EMAIL_VERIFIED"",""TRIAL_ACTIVE"",""ENABLED""].includes(s);"	Candidate evidence only; manual verification required.
EVD-2f3d4830c213	INTEGRATION_DISCOVERY	INFERRED_FROM_SOURCE	backend/ndsp-access-guard-9024/server.js	server.js	133	e491480019d8556fd839a02d5be06a9b7498d6f00a4a846c9fc46024b3b37098	"""id"",""email"",""phone"",""mobile"",""name"",""full_name"",""display_name"","	Candidate evidence only; manual verification required.
EVD-6b4daae3c25e	INTEGRATION_DISCOVERY	INFERRED_FROM_SOURCE	backend/ndsp-access-guard-9024/server.js	server.js	208	e491480019d8556fd839a02d5be06a9b7498d6f00a4a846c9fc46024b3b37098	"""id"",""email"",""phone"",""mobile"",""name"",""full_name"",""status"",""role"","	Candidate evidence only; manual verification required.
EVD-abd8af889f68	INTEGRATION_DISCOVERY	INFERRED_FROM_SOURCE	backend/ndsp-access-guard-9024/server.js	server.js	276	e491480019d8556fd839a02d5be06a9b7498d6f00a4a846c9fc46024b3b37098	"res.writeHead(204, { ""Cache-Control"":""no-store"", ""X-NDSP-User"": u.email || String(u.id || """") });"	Candidate evidence only; manual verification required.
EVD-70bd7207696d	INTEGRATION_DISCOVERY	INFERRED_FROM_SOURCE	backend/ndsp-access-guard-9024/server.js	server.js	284	e491480019d8556fd839a02d5be06a9b7498d6f00a4a846c9fc46024b3b37098	"res.writeHead(204, { ""Cache-Control"":""no-store"", ""X-NDSP-Admin"": u.email || String(u.id || """") });"	Candidate evidence only; manual verification required.
EVD-8e090447ad0a	INTEGRATION_DISCOVERY	INFERRED_FROM_SOURCE	backend/ndsp-access-guard-final/server.js	server.js	44	4aa68966c9684096e65be369f501588dc749d2e48fc4b1c8c711af853ab13466	"const ADMIN_EMAILS = String(env.NDSP_ADMIN_EMAILS || env.ADMIN_EMAILS || """")"	Candidate evidence only; manual verification required.
EVD-3678d962fae6	INTEGRATION_DISCOVERY	INFERRED_FROM_SOURCE	backend/ndsp-access-guard-final/server.js	server.js	111	4aa68966c9684096e65be369f501588dc749d2e48fc4b1c8c711af853ab13466	"const email = String(row.email || """").toLowerCase();"	Candidate evidence only; manual verification required.
EVD-41085849d41a	INTEGRATION_DISCOVERY	INFERRED_FROM_SOURCE	backend/ndsp-access-guard-final/server.js	server.js	117	4aa68966c9684096e65be369f501588dc749d2e48fc4b1c8c711af853ab13466	email,	Candidate evidence only; manual verification required.
EVD-da60a035b93e	INTEGRATION_DISCOVERY	INFERRED_FROM_SOURCE	backend/ndsp-access-guard-final/server.js	server.js	128	4aa68966c9684096e65be369f501588dc749d2e48fc4b1c8c711af853ab13466	ADMIN_EMAILS.includes(email)	Candidate evidence only; manual verification required.
EVD-66bf5a7cc74e	INTEGRATION_DISCOVERY	INFERRED_FROM_SOURCE	backend/ndsp-access-guard-final/server.js	server.js	136	4aa68966c9684096e65be369f501588dc749d2e48fc4b1c8c711af853ab13466	"return [""ACTIVE"", ""APPROVED"", ""EMAIL_VERIFIED"", ""TRIAL_ACTIVE"", ""ENABLED""].includes(s);"	Candidate evidence only; manual verification required.
EVD-b51579d4190b	INTEGRATION_DISCOVERY	INFERRED_FROM_SOURCE	backend/ndsp-access-guard-final/server.js	server.js	162	4aa68966c9684096e65be369f501588dc749d2e48fc4b1c8c711af853ab13466	email TEXT NOT NULL UNIQUE,	Candidate evidence only; manual verification required.
EVD-bf62f1091933	INTEGRATION_DISCOVERY	INFERRED_FROM_SOURCE	backend/ndsp-access-guard-final/server.js	server.js	179	4aa68966c9684096e65be369f501588dc749d2e48fc4b1c8c711af853ab13466	"""id"",""email"",""phone"",""mobile"",""name"",""full_name"",""display_name"","	Candidate evidence only; manual verification required.
EVD-2590b52912b9	INTEGRATION_DISCOVERY	INFERRED_FROM_SOURCE	backend/ndsp-access-guard-final/server.js	server.js	190	4aa68966c9684096e65be369f501588dc749d2e48fc4b1c8c711af853ab13466	async function userByEmail(email) {	Candidate evidence only; manual verification required.
EVD-b95f368c40a8	INTEGRATION_DISCOVERY	INFERRED_FROM_SOURCE	backend/ndsp-access-guard-final/server.js	server.js	195	4aa68966c9684096e65be369f501588dc749d2e48fc4b1c8c711af853ab13466	"if (!c.includes(""email"")) return null;"	Candidate evidence only; manual verification required.
EVD-8b70e833556e	INTEGRATION_DISCOVERY	INFERRED_FROM_SOURCE	backend/ndsp-access-guard-final/server.js	server.js	198	4aa68966c9684096e65be369f501588dc749d2e48fc4b1c8c711af853ab13466	"""id"",""email"",""phone"",""mobile"",""name"",""full_name"",""display_name"","	Candidate evidence only; manual verification required.
EVD-9ac9b5fd617d	INTEGRATION_DISCOVERY	INFERRED_FROM_SOURCE	backend/ndsp-access-guard-final/server.js	server.js	203	4aa68966c9684096e65be369f501588dc749d2e48fc4b1c8c711af853ab13466	"const q = `SELECT ${wanted.length ? wanted.map(x => `""${x}""`).join("","") : ""*""} FROM ""${t}"" WHERE lower(""email"")=lower($1) LIMIT 1`;"	Candidate evidence only; manual verification required.
EVD-9e0eaf00dfac	INTEGRATION_DISCOVERY	INFERRED_FROM_SOURCE	backend/ndsp-access-guard-final/server.js	server.js	204	4aa68966c9684096e65be369f501588dc749d2e48fc4b1c8c711af853ab13466	const r = await pool.query(q, [String(email)]);	Candidate evidence only; manual verification required.
EVD-b330658cff5a	INTEGRATION_DISCOVERY	INFERRED_FROM_SOURCE	backend/ndsp-access-guard-final/server.js	server.js	260	4aa68966c9684096e65be369f501588dc749d2e48fc4b1c8c711af853ab13466	"""id"",""email"",""phone"",""mobile"",""name"",""full_name"",""status"",""role"","	Candidate evidence only; manual verification required.
EVD-dd117a03a3c4	INTEGRATION_DISCOVERY	INFERRED_FROM_SOURCE	backend/ndsp-access-guard-final/server.js	server.js	339	4aa68966c9684096e65be369f501588dc749d2e48fc4b1c8c711af853ab13466	"const email = String(body.email || body.username || """").trim().toLowerCase();"	Candidate evidence only; manual verification required.
EVD-6e01baee227e	INTEGRATION_DISCOVERY	INFERRED_FROM_SOURCE	backend/ndsp-access-guard-final/server.js	server.js	342	4aa68966c9684096e65be369f501588dc749d2e48fc4b1c8c711af853ab13466	"if (!email) return send(res, 400, { ok: false, error: ""EMAIL_REQUIRED"" });"	Candidate evidence only; manual verification required.
EVD-c933d754a976	INTEGRATION_DISCOVERY	INFERRED_FROM_SOURCE	backend/ndsp-access-guard-final/server.js	server.js	347	4aa68966c9684096e65be369f501588dc749d2e48fc4b1c8c711af853ab13466	const user = await userByEmail(email);	Candidate evidence only; manual verification required.
EVD-09500b09b6bc	INTEGRATION_DISCOVERY	INFERRED_FROM_SOURCE	backend/ndsp-access-guard-final/server.js	server.js	354	4aa68966c9684096e65be369f501588dc749d2e48fc4b1c8c711af853ab13466	WHERE lower(email)=lower($1)	Candidate evidence only; manual verification required.
EVD-93973ded1ddf	INTEGRATION_DISCOVERY	INFERRED_FROM_SOURCE	backend/ndsp-access-guard-final/server.js	server.js	356	4aa68966c9684096e65be369f501588dc749d2e48fc4b1c8c711af853ab13466	`, [email]);	Candidate evidence only; manual verification required.
EVD-e508253c4be2	INTEGRATION_DISCOVERY	INFERRED_FROM_SOURCE	backend/ndsp-access-guard-final/server.js	server.js	370	4aa68966c9684096e65be369f501588dc749d2e48fc4b1c8c711af853ab13466	email: user.email,	Candidate evidence only; manual verification required.
EVD-92967270bbba	INTEGRATION_DISCOVERY	INFERRED_FROM_SOURCE	backend/ndsp-access-guard-final/server.js	server.js	415	4aa68966c9684096e65be369f501588dc749d2e48fc4b1c8c711af853ab13466	"""X-NDSP-User"": u.email || String(u.id || """")"	Candidate evidence only; manual verification required.
EVD-e1390da46e46	INTEGRATION_DISCOVERY	INFERRED_FROM_SOURCE	backend/ndsp-access-guard/server.js	server.js	43	e3b1079e9e056035499655a25356ce65eed3cf00c759daf0b89220ce7121359f	"const ADMIN_EMAILS = String(env.NDSP_ADMIN_EMAILS || env.ADMIN_EMAILS || """")"	Candidate evidence only; manual verification required.
EVD-67efabdf700f	INTEGRATION_DISCOVERY	INFERRED_FROM_SOURCE	backend/ndsp-access-guard/server.js	server.js	97	e3b1079e9e056035499655a25356ce65eed3cf00c759daf0b89220ce7121359f	"const email = String(row.email || """").toLowerCase();"	Candidate evidence only; manual verification required.
EVD-9d79bcee9722	INTEGRATION_DISCOVERY	INFERRED_FROM_SOURCE	backend/ndsp-access-guard/server.js	server.js	103	e3b1079e9e056035499655a25356ce65eed3cf00c759daf0b89220ce7121359f	email,	Candidate evidence only; manual verification required.
EVD-74ef100dbc61	INTEGRATION_DISCOVERY	INFERRED_FROM_SOURCE	backend/ndsp-access-guard/server.js	server.js	109	e3b1079e9e056035499655a25356ce65eed3cf00c759daf0b89220ce7121359f	"is_admin: !!(row.is_admin || row.admin || role.includes(""ADMIN"") || role.includes(""OWNER"") || ADMIN_EMAILS.includes(email))"	Candidate evidence only; manual verification required.
EVD-cde1245e97c0	INTEGRATION_DISCOVERY	INFERRED_FROM_SOURCE	backend/ndsp-access-guard/server.js	server.js	116	e3b1079e9e056035499655a25356ce65eed3cf00c759daf0b89220ce7121359f	"return [""ACTIVE"",""APPROVED"",""EMAIL_VERIFIED"",""TRIAL_ACTIVE"",""ENABLED""].includes(s);"	Candidate evidence only; manual verification required.
EVD-0f7cf3a2d0b1	INTEGRATION_DISCOVERY	INFERRED_FROM_SOURCE	backend/ndsp-access-guard/server.js	server.js	133	e3b1079e9e056035499655a25356ce65eed3cf00c759daf0b89220ce7121359f	"""id"",""email"",""phone"",""mobile"",""name"",""full_name"",""display_name"","	Candidate evidence only; manual verification required.
EVD-476a8a2f3a76	INTEGRATION_DISCOVERY	INFERRED_FROM_SOURCE	backend/ndsp-access-guard/server.js	server.js	208	e3b1079e9e056035499655a25356ce65eed3cf00c759daf0b89220ce7121359f	"""id"",""email"",""phone"",""mobile"",""name"",""full_name"",""status"",""role"","	Candidate evidence only; manual verification required.
EVD-ceb19c458eb5	INTEGRATION_DISCOVERY	INFERRED_FROM_SOURCE	backend/ndsp-access-guard/server.js	server.js	272	e3b1079e9e056035499655a25356ce65eed3cf00c759daf0b89220ce7121359f	"res.writeHead(204, { ""Cache-Control"":""no-store"", ""X-NDSP-User"": u.email || String(u.id || """") });"	Candidate evidence only; manual verification required.
EVD-e73411ebdefa	INTEGRATION_DISCOVERY	INFERRED_FROM_SOURCE	backend/ndsp-access-guard/server.js	server.js	280	e3b1079e9e056035499655a25356ce65eed3cf00c759daf0b89220ce7121359f	"res.writeHead(204, { ""Cache-Control"":""no-store"", ""X-NDSP-Admin"": u.email || String(u.id || """") });"	Candidate evidence only; manual verification required.
EVD-787ee14c8c07	INTEGRATION_DISCOVERY	INFERRED_FROM_SOURCE	backend/ndsp-live-decision-quality/server.py	server.py	3	e613fa035da4f8088f2afaf90c12659bec9bf9ddeda7da4027ab2ce81782180a	# Crypto: Binance public OHLC	Candidate evidence only; manual verification required.
EVD-39787e4179d4	INTEGRATION_DISCOVERY	INFERRED_FROM_SOURCE	backend/ndsp-live-decision-quality/server.py	server.py	17	e613fa035da4f8088f2afaf90c12659bec9bf9ddeda7da4027ab2ce81782180a	"BINANCE_BASE = ""https://api.binance.com"""	Candidate evidence only; manual verification required.
EVD-e81f841d0fad	INTEGRATION_DISCOVERY	INFERRED_FROM_SOURCE	backend/ndsp-live-decision-quality/server.py	server.py	107	e613fa035da4f8088f2afaf90c12659bec9bf9ddeda7da4027ab2ce81782180a	def closed_binance_rows(rows):	Candidate evidence only; manual verification required.
EVD-db787bf5db4e	INTEGRATION_DISCOVERY	INFERRED_FROM_SOURCE	backend/ndsp-live-decision-quality/server.py	server.py	112	e613fa035da4f8088f2afaf90c12659bec9bf9ddeda7da4027ab2ce81782180a	def get_binance_klines(symbol, interval, limit=180):	Candidate evidence only; manual verification required.
EVD-e295a301ea24	INTEGRATION_DISCOVERY	INFERRED_FROM_SOURCE	backend/ndsp-live-decision-quality/server.py	server.py	114	e613fa035da4f8088f2afaf90c12659bec9bf9ddeda7da4027ab2ce81782180a	"data = fetch_json(f""{BINANCE_BASE}/api/v3/klines?{qs}"", timeout=8)"	Candidate evidence only; manual verification required.
EVD-9a4e9ad969ff	INTEGRATION_DISCOVERY	INFERRED_FROM_SOURCE	backend/ndsp-live-decision-quality/server.py	server.py	115	e613fa035da4f8088f2afaf90c12659bec9bf9ddeda7da4027ab2ce81782180a	data = closed_binance_rows(data)	Candidate evidence only; manual verification required.
EVD-79fdecaa71f3	INTEGRATION_DISCOVERY	INFERRED_FROM_SOURCE	backend/ndsp-live-decision-quality/server.py	server.py	123	e613fa035da4f8088f2afaf90c12659bec9bf9ddeda7da4027ab2ce81782180a	"return {""highs"": highs, ""lows"": lows, ""closes"": closes, ""vols"": vols, ""close_times"": close_times, ""provider"": ""binance""}"	Candidate evidence only; manual verification required.
EVD-8077f98d3c7c	INTEGRATION_DISCOVERY	INFERRED_FROM_SOURCE	backend/ndsp-live-decision-quality/server.py	server.py	226	e613fa035da4f8088f2afaf90c12659bec9bf9ddeda7da4027ab2ce81782180a	return get_binance_klines(s, interval, limit)	Candidate evidence only; manual verification required.
EVD-f46dc6f8d65d	INTEGRATION_DISCOVERY	INFERRED_FROM_SOURCE	backend/ndsp-live-decision-quality/server.py	server.py	931	e613fa035da4f8088f2afaf90c12659bec9bf9ddeda7da4027ab2ce81782180a	"""providers"": [""binance"", ""external_chart""],"	Candidate evidence only; manual verification required.
EVD-be0e476c18e2	INTEGRATION_DISCOVERY	INFERRED_FROM_SOURCE	backend/ndsp-telegram-link-listener/server.js	server.js	8	f163cea8ad200db864d201c2019c0b422954c85ed10a261e51b8dd4463c445b1	const OFFSET_FILE = `${ROOT}/backend/ndsp-telegram-link-listener/offset.json`;	Candidate evidence only; manual verification required.
EVD-3d508ab6bb63	INTEGRATION_DISCOVERY	INFERRED_FROM_SOURCE	backend/ndsp-telegram-link-listener/server.js	server.js	35	f163cea8ad200db864d201c2019c0b422954c85ed10a261e51b8dd4463c445b1	"const TELEGRAM_BOT_TOKEN = REDACTED""TELEGRAM_BOT_TOKEN"", ""NDSP_TELEGRAM_BOT_TOKEN"", ""BOT_TOKEN"");"	Candidate evidence only; manual verification required.
EVD-fa98de18a04d	INTEGRATION_DISCOVERY	INFERRED_FROM_SOURCE	backend/ndsp-telegram-link-listener/server.js	server.js	66	f163cea8ad200db864d201c2019c0b422954c85ed10a261e51b8dd4463c445b1	"if (!TELEGRAM_BOT_TOKEN) return reject(new Error(""TELEGRAM_BOT_TOKEN_MISSING""));"	Candidate evidence only; manual verification required.
EVD-2441bf340611	INTEGRATION_DISCOVERY	INFERRED_FROM_SOURCE	backend/ndsp-telegram-link-listener/server.js	server.js	69	f163cea8ad200db864d201c2019c0b422954c85ed10a261e51b8dd4463c445b1	"const path = `/bot${TELEGRAM_BOT_TOKEN}/${method}${qs ? ""?"" + qs : """"}`;"	Candidate evidence only; manual verification required.
EVD-8b86f592c975	INTEGRATION_DISCOVERY	INFERRED_FROM_SOURCE	backend/ndsp-telegram-link-listener/server.js	server.js	72	f163cea8ad200db864d201c2019c0b422954c85ed10a261e51b8dd4463c445b1	"hostname: ""api.telegram.org"","	Candidate evidence only; manual verification required.
EVD-f150fe3047a5	INTEGRATION_DISCOVERY	INFERRED_FROM_SOURCE	backend/ndsp-telegram-link-listener/server.js	server.js	83	f163cea8ad200db864d201c2019c0b422954c85ed10a261e51b8dd4463c445b1	"reject(new Error(""BAD_TELEGRAM_JSON""));"	Candidate evidence only; manual verification required.
EVD-acaf2b688b16	INTEGRATION_DISCOVERY	INFERRED_FROM_SOURCE	backend/ndsp-telegram-link-listener/server.js	server.js	90	f163cea8ad200db864d201c2019c0b422954c85ed10a261e51b8dd4463c445b1	"req.destroy(new Error(""TELEGRAM_TIMEOUT""));"	Candidate evidence only; manual verification required.
EVD-fe86b746eb1b	INTEGRATION_DISCOVERY	INFERRED_FROM_SOURCE	backend/ndsp-telegram-link-listener/server.js	server.js	139	f163cea8ad200db864d201c2019c0b422954c85ed10a261e51b8dd4463c445b1	SELECT id, user_id, user_email, email	Candidate evidence only; manual verification required.
EVD-a01d531ed539	INTEGRATION_DISCOVERY	INFERRED_FROM_SOURCE	backend/ndsp-telegram-link-listener/server.js	server.js	141	f163cea8ad200db864d201c2019c0b422954c85ed10a261e51b8dd4463c445b1	WHERE telegram_link_code_hash=$1	Candidate evidence only; manual verification required.
EVD-86f19af44609	INTEGRATION_DISCOVERY	INFERRED_FROM_SOURCE	backend/ndsp-telegram-link-listener/server.js	server.js	142	f163cea8ad200db864d201c2019c0b422954c85ed10a261e51b8dd4463c445b1	AND telegram_link_expires_at > NOW()	Candidate evidence only; manual verification required.
EVD-4d701324dd11	INTEGRATION_DISCOVERY	INFERRED_FROM_SOURCE	backend/ndsp-telegram-link-listener/server.js	server.js	143	f163cea8ad200db864d201c2019c0b422954c85ed10a261e51b8dd4463c445b1	AND telegram_verified=false	Candidate evidence only; manual verification required.
EVD-ef2908053024	INTEGRATION_DISCOVERY	INFERRED_FROM_SOURCE	backend/ndsp-telegram-link-listener/server.js	server.js	144	f163cea8ad200db864d201c2019c0b422954c85ed10a261e51b8dd4463c445b1	ORDER BY telegram_link_started_at DESC NULLS LAST	Candidate evidence only; manual verification required.
EVD-f1bbd4c930d8	INTEGRATION_DISCOVERY	INFERRED_FROM_SOURCE	backend/ndsp-telegram-link-listener/server.js	server.js	160	f163cea8ad200db864d201c2019c0b422954c85ed10a261e51b8dd4463c445b1	SET telegram_chat_id=$2,	Candidate evidence only; manual verification required.
EVD-a2ed850d74d9	INTEGRATION_DISCOVERY	INFERRED_FROM_SOURCE	backend/ndsp-telegram-link-listener/server.js	server.js	161	f163cea8ad200db864d201c2019c0b422954c85ed10a261e51b8dd4463c445b1	telegram_username=$3,	Candidate evidence only; manual verification required.
EVD-7fe6358bcf4a	INTEGRATION_DISCOVERY	INFERRED_FROM_SOURCE	backend/ndsp-telegram-link-listener/server.js	server.js	162	f163cea8ad200db864d201c2019c0b422954c85ed10a261e51b8dd4463c445b1	telegram_verified=true,	Candidate evidence only; manual verification required.
EVD-a9384b75bf3e	INTEGRATION_DISCOVERY	INFERRED_FROM_SOURCE	backend/ndsp-telegram-link-listener/server.js	server.js	163	f163cea8ad200db864d201c2019c0b422954c85ed10a261e51b8dd4463c445b1	telegram_link_code_hash=NULL,	Candidate evidence only; manual verification required.
EVD-3420f9df147e	INTEGRATION_DISCOVERY	INFERRED_FROM_SOURCE	backend/ndsp-telegram-link-listener/server.js	server.js	164	f163cea8ad200db864d201c2019c0b422954c85ed10a261e51b8dd4463c445b1	telegram_link_expires_at=NULL,	Candidate evidence only; manual verification required.
EVD-64a05e100e11	INTEGRATION_DISCOVERY	INFERRED_FROM_SOURCE	backend/ndsp-telegram-link-listener/server.js	server.js	231	f163cea8ad200db864d201c2019c0b422954c85ed10a261e51b8dd4463c445b1	if (!TELEGRAM_BOT_TOKEN) {	Candidate evidence only; manual verification required.
EVD-5212543b29bc	INTEGRATION_DISCOVERY	INFERRED_FROM_SOURCE	backend/ndsp-telegram-link-listener/server.js	server.js	232	f163cea8ad200db864d201c2019c0b422954c85ed10a261e51b8dd4463c445b1	"console.error(""TELEGRAM_BOT_TOKEN_MISSING"");"	Candidate evidence only; manual verification required.
EVD-b95b0bf9a502	INTEGRATION_DISCOVERY	INFERRED_FROM_SOURCE	backend/ndsp-telegram-link-listener/server.js	server.js	237	f163cea8ad200db864d201c2019c0b422954c85ed10a261e51b8dd4463c445b1	"console.log(""NDSP Telegram link listener V36 started"");"	Candidate evidence only; manual verification required.
EVD-178a135b8a96	INTEGRATION_DISCOVERY	INFERRED_FROM_SOURCE	backend/ndsp-trial-register-canonical-wrapper/server.js	server.js	67	2701f83db0bade5221ad209a1f6e4d5ed039f3d46b7375289ffddcabd7446540	async function ensureCredential({ userId, email, password }) {	Candidate evidence only; manual verification required.
EVD-3b5688c08351	INTEGRATION_DISCOVERY	INFERRED_FROM_SOURCE	backend/ndsp-trial-register-canonical-wrapper/server.js	server.js	68	2701f83db0bade5221ad209a1f6e4d5ed039f3d46b7375289ffddcabd7446540	"if (!userId || !email || !password) return { synced: false, reason: ""MISSING_REQUIRED_FIELDS"" };"	Candidate evidence only; manual verification required.
EVD-d65cfdb405e7	INTEGRATION_DISCOVERY	INFERRED_FROM_SOURCE	backend/ndsp-trial-register-canonical-wrapper/server.js	server.js	75	2701f83db0bade5221ad209a1f6e4d5ed039f3d46b7375289ffddcabd7446540	email TEXT NOT NULL UNIQUE,	Candidate evidence only; manual verification required.
EVD-5c7ab0a89fb1	INTEGRATION_DISCOVERY	INFERRED_FROM_SOURCE	backend/ndsp-trial-register-canonical-wrapper/server.js	server.js	84	2701f83db0bade5221ad209a1f6e4d5ed039f3d46b7375289ffddcabd7446540	"""SELECT id,email,status,role,plan FROM users WHERE id::text=$1 OR lower(email)=lower($2) LIMIT 1"","	Candidate evidence only; manual verification required.
EVD-ff14fb425737	INTEGRATION_DISCOVERY	INFERRED_FROM_SOURCE	backend/ndsp-trial-register-canonical-wrapper/server.js	server.js	85	2701f83db0bade5221ad209a1f6e4d5ed039f3d46b7375289ffddcabd7446540	[String(userId), String(email)]	Candidate evidence only; manual verification required.
EVD-8ab9fec9d691	INTEGRATION_DISCOVERY	INFERRED_FROM_SOURCE	backend/ndsp-trial-register-canonical-wrapper/server.js	server.js	93	2701f83db0bade5221ad209a1f6e4d5ed039f3d46b7375289ffddcabd7446540	INSERT INTO access_guard_credentials (user_id, email, password_hash, disabled, updated_at)	Candidate evidence only; manual verification required.
EVD-a66b1ebd43cd	INTEGRATION_DISCOVERY	INFERRED_FROM_SOURCE	backend/ndsp-trial-register-canonical-wrapper/server.js	server.js	97	2701f83db0bade5221ad209a1f6e4d5ed039f3d46b7375289ffddcabd7446540	email=excluded.email,	Candidate evidence only; manual verification required.
EVD-5d78babdb849	INTEGRATION_DISCOVERY	INFERRED_FROM_SOURCE	backend/ndsp-trial-register-canonical-wrapper/server.js	server.js	101	2701f83db0bade5221ad209a1f6e4d5ed039f3d46b7375289ffddcabd7446540	`, [String(u.rows[0].id), String(email).toLowerCase(), hash]);	Candidate evidence only; manual verification required.
EVD-8229b51eb6cd	INTEGRATION_DISCOVERY	INFERRED_FROM_SOURCE	backend/ndsp-trial-register-canonical-wrapper/server.js	server.js	106	2701f83db0bade5221ad209a1f6e4d5ed039f3d46b7375289ffddcabd7446540	email: String(u.rows[0].email),	Candidate evidence only; manual verification required.
EVD-a1fce8d311e7	INTEGRATION_DISCOVERY	INFERRED_FROM_SOURCE	backend/ndsp-trial-register-canonical-wrapper/server.js	server.js	124	2701f83db0bade5221ad209a1f6e4d5ed039f3d46b7375289ffddcabd7446540	"const email = String(payload.email || """").trim().toLowerCase();"	Candidate evidence only; manual verification required.
EVD-a78d5cbfae55	INTEGRATION_DISCOVERY	INFERRED_FROM_SOURCE	backend/ndsp-trial-register-canonical-wrapper/server.js	server.js	127	2701f83db0bade5221ad209a1f6e4d5ed039f3d46b7375289ffddcabd7446540	"if (!email) return sendJson(res, 400, { ok: false, error: ""EMAIL_REQUIRED"" });"	Candidate evidence only; manual verification required.
EVD-fa0c2775fb4f	INTEGRATION_DISCOVERY	INFERRED_FROM_SOURCE	backend/ndsp-trial-register-canonical-wrapper/server.js	server.js	158	2701f83db0bade5221ad209a1f6e4d5ed039f3d46b7375289ffddcabd7446540	email &&	Candidate evidence only; manual verification required.
EVD-7af51a3581c3	INTEGRATION_DISCOVERY	INFERRED_FROM_SOURCE	backend/ndsp-trial-register-canonical-wrapper/server.js	server.js	164	2701f83db0bade5221ad209a1f6e4d5ed039f3d46b7375289ffddcabd7446540	email,	Candidate evidence only; manual verification required.
EVD-c32d80121e5d	INTEGRATION_DISCOVERY	INFERRED_FROM_SOURCE	backend/ndsp-user-alert-channels/server.js	server.js	70	153c42a125dc0cb31158855e8a2ddc13be419d7faaac3bd81e13f1f7edc25d76	function maskEmail(v) {	Candidate evidence only; manual verification required.
EVD-3343c3b18410	INTEGRATION_DISCOVERY	INFERRED_FROM_SOURCE	backend/ndsp-user-alert-channels/server.js	server.js	111	153c42a125dc0cb31158855e8a2ddc13be419d7faaac3bd81e13f1f7edc25d76	"email: String(row.email || """").toLowerCase(),"	Candidate evidence only; manual verification required.
EVD-6856d41d97bf	INTEGRATION_DISCOVERY	INFERRED_FROM_SOURCE	backend/ndsp-user-alert-channels/server.js	server.js	116	153c42a125dc0cb31158855e8a2ddc13be419d7faaac3bd81e13f1f7edc25d76	async function userByIdOrEmail(id, email) {	Candidate evidence only; manual verification required.
EVD-dc4fff5e6be8	INTEGRATION_DISCOVERY	INFERRED_FROM_SOURCE	backend/ndsp-user-alert-channels/server.js	server.js	125	153c42a125dc0cb31158855e8a2ddc13be419d7faaac3bd81e13f1f7edc25d76	if (email) {	Candidate evidence only; manual verification required.
EVD-39d3b25eaa65	INTEGRATION_DISCOVERY	INFERRED_FROM_SOURCE	backend/ndsp-user-alert-channels/server.js	server.js	126	153c42a125dc0cb31158855e8a2ddc13be419d7faaac3bd81e13f1f7edc25d76	const r = await pool.query(`SELECT * FROM public.${t} WHERE lower(email)=lower($1) LIMIT 1`, [String(email)]);	Candidate evidence only; manual verification required.
EVD-cca59bbd5fb0	INTEGRATION_DISCOVERY	INFERRED_FROM_SOURCE	backend/ndsp-user-alert-channels/server.js	server.js	162	153c42a125dc0cb31158855e8a2ddc13be419d7faaac3bd81e13f1f7edc25d76	const email = p.email || p.mail || p.username;	Candidate evidence only; manual verification required.
EVD-f77566594aae	INTEGRATION_DISCOVERY	INFERRED_FROM_SOURCE	backend/ndsp-user-alert-channels/server.js	server.js	163	153c42a125dc0cb31158855e8a2ddc13be419d7faaac3bd81e13f1f7edc25d76	const u = await userByIdOrEmail(id, email);	Candidate evidence only; manual verification required.
EVD-846ad9db57d7	INTEGRATION_DISCOVERY	INFERRED_FROM_SOURCE	backend/ndsp-user-alert-channels/server.js	server.js	172	153c42a125dc0cb31158855e8a2ddc13be419d7faaac3bd81e13f1f7edc25d76	const email = p.email || p.mail || p.username;	Candidate evidence only; manual verification required.
EVD-09969eefe2d5	INTEGRATION_DISCOVERY	INFERRED_FROM_SOURCE	backend/ndsp-user-alert-channels/server.js	server.js	173	153c42a125dc0cb31158855e8a2ddc13be419d7faaac3bd81e13f1f7edc25d76	const u = await userByIdOrEmail(id, email);	Candidate evidence only; manual verification required.
EVD-72a0710b3cdf	INTEGRATION_DISCOVERY	INFERRED_FROM_SOURCE	backend/ndsp-user-alert-channels/server.js	server.js	220	153c42a125dc0cb31158855e8a2ddc13be419d7faaac3bd81e13f1f7edc25d76	const u = await userByIdOrEmail(r.rows[0].user_id, null);	Candidate evidence only; manual verification required.
EVD-1a04d65fb882	INTEGRATION_DISCOVERY	INFERRED_FROM_SOURCE	backend/ndsp-user-alert-channels/server.js	server.js	293	153c42a125dc0cb31158855e8a2ddc13be419d7faaac3bd81e13f1f7edc25d76	const email =	Candidate evidence only; manual verification required.
EVD-f4976784f6cb	INTEGRATION_DISCOVERY	INFERRED_FROM_SOURCE	backend/ndsp-user-alert-channels/server.js	server.js	294	153c42a125dc0cb31158855e8a2ddc13be419d7faaac3bd81e13f1f7edc25d76	raw.email ||	Candidate evidence only; manual verification required.
EVD-b828d3e3739d	INTEGRATION_DISCOVERY	INFERRED_FROM_SOURCE	backend/ndsp-user-alert-channels/server.js	server.js	307	153c42a125dc0cb31158855e8a2ddc13be419d7faaac3bd81e13f1f7edc25d76	const found = await userByIdOrEmail(id, email);	Candidate evidence only; manual verification required.
EVD-491e5cae05bd	INTEGRATION_DISCOVERY	INFERRED_FROM_SOURCE	backend/ndsp-user-alert-channels/server.js	server.js	310	153c42a125dc0cb31158855e8a2ddc13be419d7faaac3bd81e13f1f7edc25d76	if (id || email) {	Candidate evidence only; manual verification required.
EVD-29527aeb20d9	INTEGRATION_DISCOVERY	INFERRED_FROM_SOURCE	backend/ndsp-user-alert-channels/server.js	server.js	312	153c42a125dc0cb31158855e8a2ddc13be419d7faaac3bd81e13f1f7edc25d76	id: String(id || email).toLowerCase(),	Candidate evidence only; manual verification required.
EVD-5d71e339cdaf	INTEGRATION_DISCOVERY	INFERRED_FROM_SOURCE	backend/ndsp-user-alert-channels/server.js	server.js	313	153c42a125dc0cb31158855e8a2ddc13be419d7faaac3bd81e13f1f7edc25d76	"email: String(email || """").toLowerCase(),"	Candidate evidence only; manual verification required.
EVD-8fdcba66cbe3	INTEGRATION_DISCOVERY	INFERRED_FROM_SOURCE	backend/ndsp-user-alert-channels/server.js	server.js	327	153c42a125dc0cb31158855e8a2ddc13be419d7faaac3bd81e13f1f7edc25d76	INSERT INTO public.user_alert_channels (user_id, user_email, email)	Candidate evidence only; manual verification required.
EVD-011a7d622a7c	INTEGRATION_DISCOVERY	INFERRED_FROM_SOURCE	backend/ndsp-user-alert-channels/server.js	server.js	330	153c42a125dc0cb31158855e8a2ddc13be419d7faaac3bd81e13f1f7edc25d76	SET user_email=EXCLUDED.user_email,	Candidate evidence only; manual verification required.
EVD-3f263881de6d	INTEGRATION_DISCOVERY	INFERRED_FROM_SOURCE	backend/ndsp-user-alert-channels/server.js	server.js	331	153c42a125dc0cb31158855e8a2ddc13be419d7faaac3bd81e13f1f7edc25d76	email=COALESCE(public.user_alert_channels.email, EXCLUDED.email),	Candidate evidence only; manual verification required.
EVD-26601e37b045	INTEGRATION_DISCOVERY	INFERRED_FROM_SOURCE	backend/ndsp-user-alert-channels/server.js	server.js	333	153c42a125dc0cb31158855e8a2ddc13be419d7faaac3bd81e13f1f7edc25d76	`, [user.id, user.email || null]);	Candidate evidence only; manual verification required.
EVD-cb7d38dca757	INTEGRATION_DISCOVERY	INFERRED_FROM_SOURCE	backend/ndsp_admin_actions_authoritative.cjs	ndsp_admin_actions_authoritative.cjs	185	19360fb2888de3ba91fa64f6441a10362372c79fecd85c323dbcc0078d61e405	'payments',	Candidate evidence only; manual verification required.
EVD-30c652cb0da9	INTEGRATION_DISCOVERY	INFERRED_FROM_SOURCE	backend/ndsp_admin_actions_authoritative.cjs	ndsp_admin_actions_authoritative.cjs	187	19360fb2888de3ba91fa64f6441a10362372c79fecd85c323dbcc0078d61e405	'nowpayments_payments',	Candidate evidence only; manual verification required.
EVD-bd3e4e916f5f	INTEGRATION_DISCOVERY	INFERRED_FROM_SOURCE	backend/ndsp_admin_actions_bypass_old_middleware.cjs	ndsp_admin_actions_bypass_old_middleware.cjs	205	7ce371a43e163bbb8ee7ed8285678930dcf48ac5ed556de1870745989b4c6391	'payments',	Candidate evidence only; manual verification required.
EVD-8c5f9963c284	INTEGRATION_DISCOVERY	INFERRED_FROM_SOURCE	backend/ndsp_admin_actions_bypass_old_middleware.cjs	ndsp_admin_actions_bypass_old_middleware.cjs	207	7ce371a43e163bbb8ee7ed8285678930dcf48ac5ed556de1870745989b4c6391	'nowpayments_payments',	Candidate evidence only; manual verification required.
EVD-c18e32369b7b	INTEGRATION_DISCOVERY	INFERRED_FROM_SOURCE	backend/ndsp_admin_actions_gateway.cjs	ndsp_admin_actions_gateway.cjs	133	84b80498bd731e97ddb87868f95da64e394f3b4fa22b02450fdf13fa55995f5a	pickSql(ucols, ['name', 'full_name', 'display_name'], `COALESCE(NULLIF(email,''),'User')`, 'name'),	Candidate evidence only; manual verification required.
EVD-b5b09254182d	INTEGRATION_DISCOVERY	INFERRED_FROM_SOURCE	backend/ndsp_admin_actions_gateway.cjs	ndsp_admin_actions_gateway.cjs	134	84b80498bd731e97ddb87868f95da64e394f3b4fa22b02450fdf13fa55995f5a	pickSql(ucols, ['email'], `''`, 'email'),	Candidate evidence only; manual verification required.
EVD-15cb4fa420f6	INTEGRATION_DISCOVERY	INFERRED_FROM_SOURCE	backend/ndsp_admin_actions_gateway.cjs	ndsp_admin_actions_gateway.cjs	162	84b80498bd731e97ddb87868f95da64e394f3b4fa22b02450fdf13fa55995f5a	name: String(row.name || row.email || 'User'),	Candidate evidence only; manual verification required.
EVD-d96af3050798	INTEGRATION_DISCOVERY	INFERRED_FROM_SOURCE	backend/ndsp_admin_actions_gateway.cjs	ndsp_admin_actions_gateway.cjs	163	84b80498bd731e97ddb87868f95da64e394f3b4fa22b02450fdf13fa55995f5a	email: String(row.email || ''),	Candidate evidence only; manual verification required.
EVD-7ef5e5e57ef4	INTEGRATION_DISCOVERY	INFERRED_FROM_SOURCE	backend/ndsp_admin_actions_gateway.cjs	ndsp_admin_actions_gateway.cjs	216	84b80498bd731e97ddb87868f95da64e394f3b4fa22b02450fdf13fa55995f5a	'payments',	Candidate evidence only; manual verification required.
EVD-ab1cfc262df6	INTEGRATION_DISCOVERY	INFERRED_FROM_SOURCE	backend/ndsp_admin_actions_gateway.cjs	ndsp_admin_actions_gateway.cjs	218	84b80498bd731e97ddb87868f95da64e394f3b4fa22b02450fdf13fa55995f5a	'nowpayments_payments',	Candidate evidence only; manual verification required.
EVD-1fdae77f2913	INTEGRATION_DISCOVERY	INFERRED_FROM_SOURCE	backend/ndsp_admin_extension.cjs	ndsp_admin_extension.cjs	125	b40726c1784c46f55f467fbd1cf70e927c547ebdf183f22f8c7fc4f2ec84895c	const email = payload.email || payload.mail || payload.username;	Candidate evidence only; manual verification required.
EVD-440ba85c8d43	INTEGRATION_DISCOVERY	INFERRED_FROM_SOURCE	backend/ndsp_admin_extension.cjs	ndsp_admin_extension.cjs	132	b40726c1784c46f55f467fbd1cf70e927c547ebdf183f22f8c7fc4f2ec84895c	if (email && cols.has('email')) {	Candidate evidence only; manual verification required.
EVD-ec968de75f09	INTEGRATION_DISCOVERY	INFERRED_FROM_SOURCE	backend/ndsp_admin_extension.cjs	ndsp_admin_extension.cjs	133	b40726c1784c46f55f467fbd1cf70e927c547ebdf183f22f8c7fc4f2ec84895c	const { rows } = await pool.query(`SELECT * FROM public.users WHERE lower(email)=lower($1) LIMIT 1`, [String(email)]);	Candidate evidence only; manual verification required.
EVD-0093a0b8ff63	INTEGRATION_DISCOVERY	INFERRED_FROM_SOURCE	backend/ndsp_admin_extension.cjs	ndsp_admin_extension.cjs	179	b40726c1784c46f55f467fbd1cf70e927c547ebdf183f22f8c7fc4f2ec84895c	(actor_user_id, actor_email, action, entity, entity_id, before_data, after_data, ip, user_agent)	Candidate evidence only; manual verification required.
EVD-d18c6821e591	INTEGRATION_DISCOVERY	INFERRED_FROM_SOURCE	backend/ndsp_admin_extension.cjs	ndsp_admin_extension.cjs	183	b40726c1784c46f55f467fbd1cf70e927c547ebdf183f22f8c7fc4f2ec84895c	req.authUser?.email || null,	Candidate evidence only; manual verification required.
EVD-8f3656a8a167	INTEGRATION_DISCOVERY	INFERRED_FROM_SOURCE	backend/ndsp_admin_extension.cjs	ndsp_admin_extension.cjs	211	b40726c1784c46f55f467fbd1cf70e927c547ebdf183f22f8c7fc4f2ec84895c	${'u.email' ? 'u.email AS email,' : ''}	Candidate evidence only; manual verification required.
EVD-ebbfe3fa1119	INTEGRATION_DISCOVERY	INFERRED_FROM_SOURCE	backend/ndsp_admin_extension.cjs	ndsp_admin_extension.cjs	587	b40726c1784c46f55f467fbd1cf70e927c547ebdf183f22f8c7fc4f2ec84895c	'official_email',	Candidate evidence only; manual verification required.
EVD-b7dde4db58ac	INTEGRATION_DISCOVERY	INFERRED_FROM_SOURCE	backend/ndsp_admin_extension.cjs	ndsp_admin_extension.cjs	590	b40726c1784c46f55f467fbd1cf70e927c547ebdf183f22f8c7fc4f2ec84895c	'payment_enabled',	Candidate evidence only; manual verification required.
EVD-3f6dc0e3baa9	INTEGRATION_DISCOVERY	INFERRED_FROM_SOURCE	backend/ndsp_admin_migrate.cjs	ndsp_admin_migrate.cjs	78	3d30cf78ed11d0e583aa3e928b9826376f1c79b627ad458b91a3df948cded75e	actor_email TEXT NULL,	Candidate evidence only; manual verification required.
EVD-2d5df30435d2	INTEGRATION_DISCOVERY	INFERRED_FROM_SOURCE	backend/ndsp_admin_migrate.cjs	ndsp_admin_migrate.cjs	146	3d30cf78ed11d0e583aa3e928b9826376f1c79b627ad458b91a3df948cded75e	('official_email', to_jsonb('support@ndsp.app'::text)),	Candidate evidence only; manual verification required.
EVD-5aa1ce185ee3	INTEGRATION_DISCOVERY	INFERRED_FROM_SOURCE	backend/ndsp_admin_migrate.cjs	ndsp_admin_migrate.cjs	149	3d30cf78ed11d0e583aa3e928b9826376f1c79b627ad458b91a3df948cded75e	('payment_enabled', to_jsonb(false)),	Candidate evidence only; manual verification required.
EVD-3f1bb4b6de8d	INTEGRATION_DISCOVERY	INFERRED_FROM_SOURCE	backend/ndsp_admin_ui_proxy.cjs	ndsp_admin_ui_proxy.cjs	24	73baa76f5df53e80b55839a950bef6d02eb92cf331eb5e161a4fe90eb1ffdb32	loadEnvFile('/etc/ndsp/ndsp-telegram.env')	Candidate evidence only; manual verification required.
EVD-4bb932f68809	INTEGRATION_DISCOVERY	INFERRED_FROM_SOURCE	backend/ndsp_admin_ui_proxy.cjs	ndsp_admin_ui_proxy.cjs	115	73baa76f5df53e80b55839a950bef6d02eb92cf331eb5e161a4fe90eb1ffdb32	async function updateByIdentity(table, statusValue, id, email, paymentId) {	Candidate evidence only; manual verification required.
EVD-b6c7120a4a3c	INTEGRATION_DISCOVERY	INFERRED_FROM_SOURCE	backend/ndsp_admin_ui_proxy.cjs	ndsp_admin_ui_proxy.cjs	119	73baa76f5df53e80b55839a950bef6d02eb92cf331eb5e161a4fe90eb1ffdb32	const statusCol = ['status','payment_status','state'].find(c => cols.has(c))	Candidate evidence only; manual verification required.
EVD-f55a5ba5d151	INTEGRATION_DISCOVERY	INFERRED_FROM_SOURCE	backend/ndsp_admin_ui_proxy.cjs	ndsp_admin_ui_proxy.cjs	132	73baa76f5df53e80b55839a950bef6d02eb92cf331eb5e161a4fe90eb1ffdb32	if (paymentId && cols.has('payment_id')) add('payment_id::text = ?', paymentId)	Candidate evidence only; manual verification required.
EVD-3d662177ed43	INTEGRATION_DISCOVERY	INFERRED_FROM_SOURCE	backend/ndsp_admin_ui_proxy.cjs	ndsp_admin_ui_proxy.cjs	133	73baa76f5df53e80b55839a950bef6d02eb92cf331eb5e161a4fe90eb1ffdb32	if (email && cols.has('email')) add('lower(email) = lower(?)', email)	Candidate evidence only; manual verification required.
EVD-cef87db3e04d	INTEGRATION_DISCOVERY	INFERRED_FROM_SOURCE	backend/ndsp_admin_ui_proxy.cjs	ndsp_admin_ui_proxy.cjs	134	73baa76f5df53e80b55839a950bef6d02eb92cf331eb5e161a4fe90eb1ffdb32	if (email && cols.has('user_email')) add('lower(user_email) = lower(?)', email)	Candidate evidence only; manual verification required.
EVD-7b3850ee35cc	INTEGRATION_DISCOVERY	INFERRED_FROM_SOURCE	backend/ndsp_admin_ui_proxy.cjs	ndsp_admin_ui_proxy.cjs	148	73baa76f5df53e80b55839a950bef6d02eb92cf331eb5e161a4fe90eb1ffdb32	async function updateUserStatus(statusValue, id, email) {	Candidate evidence only; manual verification required.
EVD-ba95b0833334	INTEGRATION_DISCOVERY	INFERRED_FROM_SOURCE	backend/ndsp_admin_ui_proxy.cjs	ndsp_admin_ui_proxy.cjs	153	73baa76f5df53e80b55839a950bef6d02eb92cf331eb5e161a4fe90eb1ffdb32	OR ($2::text <> '' AND lower(email)=lower($2))	Candidate evidence only; manual verification required.
EVD-b01a7c1ffde8	INTEGRATION_DISCOVERY	INFERRED_FROM_SOURCE	backend/ndsp_admin_ui_proxy.cjs	ndsp_admin_ui_proxy.cjs	154	73baa76f5df53e80b55839a950bef6d02eb92cf331eb5e161a4fe90eb1ffdb32	RETURNING id,email,role,status,plan	Candidate evidence only; manual verification required.
EVD-61c1bb620c0b	INTEGRATION_DISCOVERY	INFERRED_FROM_SOURCE	backend/ndsp_admin_ui_proxy.cjs	ndsp_admin_ui_proxy.cjs	155	73baa76f5df53e80b55839a950bef6d02eb92cf331eb5e161a4fe90eb1ffdb32	`, [String(id || ''), String(email || ''), String(statusValue || '')])	Candidate evidence only; manual verification required.
EVD-bccf1eb26360	INTEGRATION_DISCOVERY	INFERRED_FROM_SOURCE	backend/ndsp_admin_ui_proxy.cjs	ndsp_admin_ui_proxy.cjs	160	73baa76f5df53e80b55839a950bef6d02eb92cf331eb5e161a4fe90eb1ffdb32	function ndspTelegramConfig() {	Candidate evidence only; manual verification required.
EVD-06e45b21aed1	INTEGRATION_DISCOVERY	INFERRED_FROM_SOURCE	backend/ndsp_admin_ui_proxy.cjs	ndsp_admin_ui_proxy.cjs	162	73baa76f5df53e80b55839a950bef6d02eb92cf331eb5e161a4fe90eb1ffdb32	process.env.NDSP_TELEGRAM_BOT_TOKEN ||	Candidate evidence only; manual verification required.
EVD-6d201cd4d35c	INTEGRATION_DISCOVERY	INFERRED_FROM_SOURCE	backend/ndsp_admin_ui_proxy.cjs	ndsp_admin_ui_proxy.cjs	163	73baa76f5df53e80b55839a950bef6d02eb92cf331eb5e161a4fe90eb1ffdb32	process.env.TELEGRAM_BOT_TOKEN ||	Candidate evidence only; manual verification required.
EVD-7b4bdc590152	INTEGRATION_DISCOVERY	INFERRED_FROM_SOURCE	backend/ndsp_admin_ui_proxy.cjs	ndsp_admin_ui_proxy.cjs	164	73baa76f5df53e80b55839a950bef6d02eb92cf331eb5e161a4fe90eb1ffdb32	process.env.TELEGRAM_TOKEN ||	Candidate evidence only; manual verification required.
EVD-7542bafcc5a6	INTEGRATION_DISCOVERY	INFERRED_FROM_SOURCE	backend/ndsp_admin_ui_proxy.cjs	ndsp_admin_ui_proxy.cjs	169	73baa76f5df53e80b55839a950bef6d02eb92cf331eb5e161a4fe90eb1ffdb32	process.env.NDSP_TELEGRAM_CHAT_ID ||	Candidate evidence only; manual verification required.
EVD-76c2ace17b5f	INTEGRATION_DISCOVERY	INFERRED_FROM_SOURCE	backend/ndsp_admin_ui_proxy.cjs	ndsp_admin_ui_proxy.cjs	170	73baa76f5df53e80b55839a950bef6d02eb92cf331eb5e161a4fe90eb1ffdb32	process.env.TELEGRAM_CHAT_ID ||	Candidate evidence only; manual verification required.
EVD-4e86ddc8690b	INTEGRATION_DISCOVERY	INFERRED_FROM_SOURCE	backend/ndsp_admin_ui_proxy.cjs	ndsp_admin_ui_proxy.cjs	171	73baa76f5df53e80b55839a950bef6d02eb92cf331eb5e161a4fe90eb1ffdb32	process.env.ADMIN_TELEGRAM_CHAT_ID ||	Candidate evidence only; manual verification required.
EVD-ccd1940046e5	INTEGRATION_DISCOVERY	INFERRED_FROM_SOURCE	backend/ndsp_admin_ui_proxy.cjs	ndsp_admin_ui_proxy.cjs	185	73baa76f5df53e80b55839a950bef6d02eb92cf331eb5e161a4fe90eb1ffdb32	function ndspTelegramRequest(method, body) {	Candidate evidence only; manual verification required.
EVD-d80e613e5245	INTEGRATION_DISCOVERY	INFERRED_FROM_SOURCE	backend/ndsp_admin_ui_proxy.cjs	ndsp_admin_ui_proxy.cjs	186	73baa76f5df53e80b55839a950bef6d02eb92cf331eb5e161a4fe90eb1ffdb32	const cfg = ndspTelegramConfig()	Candidate evidence only; manual verification required.
EVD-9848faad4127	INTEGRATION_DISCOVERY	INFERRED_FROM_SOURCE	backend/ndsp_admin_ui_proxy.cjs	ndsp_admin_ui_proxy.cjs	188	73baa76f5df53e80b55839a950bef6d02eb92cf331eb5e161a4fe90eb1ffdb32	if (!cfg.token) return resolve({ ok:false, error:'TELEGRAM_TOKEN_MISSING' })	Candidate evidence only; manual verification required.
EVD-a149b5e59451	INTEGRATION_DISCOVERY	INFERRED_FROM_SOURCE	backend/ndsp_admin_users_official_readonly.cjs	ndsp_admin_users_official_readonly.cjs	85	8781ed99248a11a063a7b6c36d8db39bc7deb4488ae9de02e4fcb52bf812a025	function maskEmail(email) {	Candidate evidence only; manual verification required.
EVD-bc1ba6376295	INTEGRATION_DISCOVERY	INFERRED_FROM_SOURCE	backend/ndsp_admin_users_official_readonly.cjs	ndsp_admin_users_official_readonly.cjs	86	8781ed99248a11a063a7b6c36d8db39bc7deb4488ae9de02e4fcb52bf812a025	if (!email || typeof email !== 'string' || !email.includes('@')) return '';	Candidate evidence only; manual verification required.
EVD-48a1fb82023a	INTEGRATION_DISCOVERY	INFERRED_FROM_SOURCE	backend/ndsp_admin_users_official_readonly.cjs	ndsp_admin_users_official_readonly.cjs	87	8781ed99248a11a063a7b6c36d8db39bc7deb4488ae9de02e4fcb52bf812a025	const [a, b] = email.split('@');	Candidate evidence only; manual verification required.
EVD-d98c306ba6d7	INTEGRATION_DISCOVERY	INFERRED_FROM_SOURCE	backend/ndsp_admin_users_official_readonly.cjs	ndsp_admin_users_official_readonly.cjs	116	8781ed99248a11a063a7b6c36d8db39bc7deb4488ae9de02e4fcb52bf812a025	sqlField(cols, 'email', 'email'),	Candidate evidence only; manual verification required.
EVD-5360a9117e2c	INTEGRATION_DISCOVERY	INFERRED_FROM_SOURCE	backend/ndsp_admin_users_official_readonly.cjs	ndsp_admin_users_official_readonly.cjs	138	8781ed99248a11a063a7b6c36d8db39bc7deb4488ae9de02e4fcb52bf812a025	masked_email: maskEmail(u.email || ''),	Candidate evidence only; manual verification required.
EVD-4d904987eb13	INTEGRATION_DISCOVERY	INFERRED_FROM_SOURCE	backend/ndsp_admin_users_official_readonly.cjs	ndsp_admin_users_official_readonly.cjs	139	8781ed99248a11a063a7b6c36d8db39bc7deb4488ae9de02e4fcb52bf812a025	email_present: !!u.email,	Candidate evidence only; manual verification required.
EVD-8e41b3042094	INTEGRATION_DISCOVERY	INFERRED_FROM_SOURCE	backend/ndsp_alert_channels_state.json	ndsp_alert_channels_state.json	3	6acb9ed56cf3350e8a22f3a6ae5567b14e4ea793ad1698e1d97a757cdd71b74d	"""email"": true,"	Candidate evidence only; manual verification required.
EVD-d208d76dcdd7	INTEGRATION_DISCOVERY	INFERRED_FROM_SOURCE	backend/ndsp_alert_channels_state.json	ndsp_alert_channels_state.json	4	6acb9ed56cf3350e8a22f3a6ae5567b14e4ea793ad1698e1d97a757cdd71b74d	"""telegram"": true"	Candidate evidence only; manual verification required.
EVD-eb5fa07a1a52	INTEGRATION_DISCOVERY	INFERRED_FROM_SOURCE	backend/ndsp_api_compat_gateway.cjs	ndsp_api_compat_gateway.cjs	42	915359e511f0872dbdc949aab4bfc90ff4e7f44832082c8b3e2fc008d5b4b4a3	function maskEmail(email) {	Candidate evidence only; manual verification required.
EVD-e7bf8e7b7048	INTEGRATION_DISCOVERY	INFERRED_FROM_SOURCE	backend/ndsp_api_compat_gateway.cjs	ndsp_api_compat_gateway.cjs	43	915359e511f0872dbdc949aab4bfc90ff4e7f44832082c8b3e2fc008d5b4b4a3	if (!email || !email.includes('@')) return email || ''	Candidate evidence only; manual verification required.
EVD-27f01d157959	INTEGRATION_DISCOVERY	INFERRED_FROM_SOURCE	backend/ndsp_api_compat_gateway.cjs	ndsp_api_compat_gateway.cjs	44	915359e511f0872dbdc949aab4bfc90ff4e7f44832082c8b3e2fc008d5b4b4a3	const [a, b] = email.split('@')	Candidate evidence only; manual verification required.
EVD-f7145086422e	INTEGRATION_DISCOVERY	INFERRED_FROM_SOURCE	backend/ndsp_api_compat_gateway.cjs	ndsp_api_compat_gateway.cjs	86	915359e511f0872dbdc949aab4bfc90ff4e7f44832082c8b3e2fc008d5b4b4a3	'/api/payments/status'	Candidate evidence only; manual verification required.
EVD-61a336653405	INTEGRATION_DISCOVERY	INFERRED_FROM_SOURCE	backend/ndsp_api_compat_gateway.cjs	ndsp_api_compat_gateway.cjs	97	915359e511f0872dbdc949aab4bfc90ff4e7f44832082c8b3e2fc008d5b4b4a3	SELECT id,email,role,status,plan,trial_day,trial_started_at,trial_ends_at,activated_at,created_at	Candidate evidence only; manual verification required.
EVD-64fcf45ad345	INTEGRATION_DISCOVERY	INFERRED_FROM_SOURCE	backend/ndsp_api_compat_gateway.cjs	ndsp_api_compat_gateway.cjs	99	915359e511f0872dbdc949aab4bfc90ff4e7f44832082c8b3e2fc008d5b4b4a3	WHERE id::text=$1 OR lower(email)=lower($2)	Candidate evidence only; manual verification required.
EVD-d3a1a70af9ed	INTEGRATION_DISCOVERY	INFERRED_FROM_SOURCE	backend/ndsp_api_compat_gateway.cjs	ndsp_api_compat_gateway.cjs	101	915359e511f0872dbdc949aab4bfc90ff4e7f44832082c8b3e2fc008d5b4b4a3	`, [String(req.user.sub || ''), String(req.user.email || '')])	Candidate evidence only; manual verification required.
EVD-904b8240c7f6	INTEGRATION_DISCOVERY	INFERRED_FROM_SOURCE	backend/ndsp_api_compat_gateway.cjs	ndsp_api_compat_gateway.cjs	116	915359e511f0872dbdc949aab4bfc90ff4e7f44832082c8b3e2fc008d5b4b4a3	email:maskEmail(u.email),	Candidate evidence only; manual verification required.
EVD-a79767c0e4a0	INTEGRATION_DISCOVERY	INFERRED_FROM_SOURCE	backend/ndsp_api_compat_gateway.cjs	ndsp_api_compat_gateway.cjs	207	915359e511f0872dbdc949aab4bfc90ff4e7f44832082c8b3e2fc008d5b4b4a3	email:true,	Candidate evidence only; manual verification required.
EVD-3e86e4b106ab	INTEGRATION_DISCOVERY	INFERRED_FROM_SOURCE	backend/ndsp_api_compat_gateway.cjs	ndsp_api_compat_gateway.cjs	208	915359e511f0872dbdc949aab4bfc90ff4e7f44832082c8b3e2fc008d5b4b4a3	telegram:false,	Candidate evidence only; manual verification required.
EVD-be1ae8c20afa	INTEGRATION_DISCOVERY	INFERRED_FROM_SOURCE	backend/ndsp_api_compat_gateway.cjs	ndsp_api_compat_gateway.cjs	219	915359e511f0872dbdc949aab4bfc90ff4e7f44832082c8b3e2fc008d5b4b4a3	app.get('/api/payments/status', authRequired, async (req, res) => {	Candidate evidence only; manual verification required.
EVD-fecc997abe74	INTEGRATION_DISCOVERY	INFERRED_FROM_SOURCE	backend/ndsp_api_compat_gateway.cjs	ndsp_api_compat_gateway.cjs	222	915359e511f0872dbdc949aab4bfc90ff4e7f44832082c8b3e2fc008d5b4b4a3	if (await tableExists('ndsp_nowpayments_payments')) {	Candidate evidence only; manual verification required.
EVD-d8463a9e951b	INTEGRATION_DISCOVERY	INFERRED_FROM_SOURCE	backend/ndsp_api_compat_gateway.cjs	ndsp_api_compat_gateway.cjs	224	915359e511f0872dbdc949aab4bfc90ff4e7f44832082c8b3e2fc008d5b4b4a3	SELECT payment_id, plan, status, created_at	Candidate evidence only; manual verification required.
EVD-985d42ce05a1	INTEGRATION_DISCOVERY	INFERRED_FROM_SOURCE	backend/ndsp_api_compat_gateway.cjs	ndsp_api_compat_gateway.cjs	225	915359e511f0872dbdc949aab4bfc90ff4e7f44832082c8b3e2fc008d5b4b4a3	FROM ndsp_nowpayments_payments	Candidate evidence only; manual verification required.
EVD-499443296043	INTEGRATION_DISCOVERY	INFERRED_FROM_SOURCE	backend/ndsp_api_compat_gateway.cjs	ndsp_api_compat_gateway.cjs	226	915359e511f0872dbdc949aab4bfc90ff4e7f44832082c8b3e2fc008d5b4b4a3	WHERE lower(email)=lower($1)	Candidate evidence only; manual verification required.
EVD-ec81f54dab94	INTEGRATION_DISCOVERY	INFERRED_FROM_SOURCE	backend/ndsp_api_compat_gateway.cjs	ndsp_api_compat_gateway.cjs	229	915359e511f0872dbdc949aab4bfc90ff4e7f44832082c8b3e2fc008d5b4b4a3	`, [String(req.user.email || '')]).catch(() => ({ rows:[] }))	Candidate evidence only; manual verification required.
EVD-03259c8651e9	INTEGRATION_DISCOVERY	INFERRED_FROM_SOURCE	backend/ndsp_api_compat_gateway.cjs	ndsp_api_compat_gateway.cjs	235	915359e511f0872dbdc949aab4bfc90ff4e7f44832082c8b3e2fc008d5b4b4a3	provider:'nowpayments',	Candidate evidence only; manual verification required.
EVD-899b94a270d0	INTEGRATION_DISCOVERY	INFERRED_FROM_SOURCE	backend/ndsp_api_compat_gateway.cjs	ndsp_api_compat_gateway.cjs	237	915359e511f0872dbdc949aab4bfc90ff4e7f44832082c8b3e2fc008d5b4b4a3	payments:rows,	Candidate evidence only; manual verification required.
EVD-7f72f8b62903	INTEGRATION_DISCOVERY	INFERRED_FROM_SOURCE	backend/ndsp_api_compat_gateway.cjs	ndsp_api_compat_gateway.cjs	238	915359e511f0872dbdc949aab4bfc90ff4e7f44832082c8b3e2fc008d5b4b4a3	message:'Payments require admin/manual review before activation.'	Candidate evidence only; manual verification required.
EVD-08c7bfc6ad0a	INTEGRATION_DISCOVERY	INFERRED_FROM_SOURCE	backend/ndsp_api_compat_gateway.cjs	ndsp_api_compat_gateway.cjs	241	915359e511f0872dbdc949aab4bfc90ff4e7f44832082c8b3e2fc008d5b4b4a3	send(res, 500, { ok:false, error:'PAYMENTS_STATUS_FAILED', message:e.message })	Candidate evidence only; manual verification required.
EVD-b02a7590b5f5	INTEGRATION_DISCOVERY	INFERRED_FROM_SOURCE	backend/ndsp_checkout_plans_package/database/migrations/20260524_001_checkout_plans.sql	20260524_001_checkout_plans.sql	34	8b8151f6b1776a6e604c8c4d7df212235d2038920ea7b4bb0ba832c7836d4161	customer_email TEXT NOT NULL,	Candidate evidence only; manual verification required.
EVD-612aae58822a	INTEGRATION_DISCOVERY	INFERRED_FROM_SOURCE	backend/ndsp_checkout_plans_package/database/migrations/20260524_001_checkout_plans.sql	20260524_001_checkout_plans.sql	35	8b8151f6b1776a6e604c8c4d7df212235d2038920ea7b4bb0ba832c7836d4161	telegram_id TEXT,	Candidate evidence only; manual verification required.
EVD-c4db2e3c5496	INTEGRATION_DISCOVERY	INFERRED_FROM_SOURCE	backend/ndsp_checkout_plans_package/database/migrations/20260524_001_checkout_plans.sql	20260524_001_checkout_plans.sql	37	8b8151f6b1776a6e604c8c4d7df212235d2038920ea7b4bb0ba832c7836d4161	payment_currency TEXT NOT NULL DEFAULT 'USDT',	Candidate evidence only; manual verification required.
EVD-6568ea143242	INTEGRATION_DISCOVERY	INFERRED_FROM_SOURCE	backend/ndsp_checkout_plans_package/database/migrations/20260524_001_checkout_plans.sql	20260524_001_checkout_plans.sql	38	8b8151f6b1776a6e604c8c4d7df212235d2038920ea7b4bb0ba832c7836d4161	payment_network TEXT NOT NULL DEFAULT 'TRC20'	Candidate evidence only; manual verification required.
EVD-8c698dabb91b	INTEGRATION_DISCOVERY	INFERRED_FROM_SOURCE	backend/ndsp_checkout_plans_package/database/migrations/20260524_001_checkout_plans.sql	20260524_001_checkout_plans.sql	39	8b8151f6b1776a6e604c8c4d7df212235d2038920ea7b4bb0ba832c7836d4161	CHECK (payment_network IN ('TRC20', 'BEP20')),	Candidate evidence only; manual verification required.
EVD-ddb0a54ce2df	INTEGRATION_DISCOVERY	INFERRED_FROM_SOURCE	backend/ndsp_checkout_plans_package/database/migrations/20260524_001_checkout_plans.sql	20260524_001_checkout_plans.sql	40	8b8151f6b1776a6e604c8c4d7df212235d2038920ea7b4bb0ba832c7836d4161	provider TEXT NOT NULL DEFAULT 'manual_or_nowpayments',	Candidate evidence only; manual verification required.
EVD-41c3ca576c51	INTEGRATION_DISCOVERY	INFERRED_FROM_SOURCE	backend/ndsp_checkout_plans_package/database/migrations/20260524_001_checkout_plans.sql	20260524_001_checkout_plans.sql	41	8b8151f6b1776a6e604c8c4d7df212235d2038920ea7b4bb0ba832c7836d4161	provider_payment_id TEXT,	Candidate evidence only; manual verification required.
EVD-1151efcae537	INTEGRATION_DISCOVERY	INFERRED_FROM_SOURCE	backend/ndsp_checkout_plans_package/database/migrations/20260524_001_checkout_plans.sql	20260524_001_checkout_plans.sql	48	8b8151f6b1776a6e604c8c4d7df212235d2038920ea7b4bb0ba832c7836d4161	'waiting_payment',	Candidate evidence only; manual verification required.
EVD-530b05944c11	INTEGRATION_DISCOVERY	INFERRED_FROM_SOURCE	backend/ndsp_checkout_plans_package/database/migrations/20260524_001_checkout_plans.sql	20260524_001_checkout_plans.sql	67	8b8151f6b1776a6e604c8c4d7df212235d2038920ea7b4bb0ba832c7836d4161	CREATE INDEX IF NOT EXISTS idx_ndsp_checkout_email_created	Candidate evidence only; manual verification required.
EVD-0def384b758d	INTEGRATION_DISCOVERY	INFERRED_FROM_SOURCE	backend/ndsp_checkout_plans_package/database/migrations/20260524_001_checkout_plans.sql	20260524_001_checkout_plans.sql	68	8b8151f6b1776a6e604c8c4d7df212235d2038920ea7b4bb0ba832c7836d4161	ON ndsp_checkout_requests (customer_email, created_at DESC);	Candidate evidence only; manual verification required.
EVD-1de4979355af	INTEGRATION_DISCOVERY	INFERRED_FROM_SOURCE	backend/ndsp_checkout_plans_package/database/migrations/20260524_001_checkout_plans.sql	20260524_001_checkout_plans.sql	145	8b8151f6b1776a6e604c8c4d7df212235d2038920ea7b4bb0ba832c7836d4161	"""payment_currency"": ""USDT"","	Candidate evidence only; manual verification required.
EVD-0268cf9d5b44	INTEGRATION_DISCOVERY	INFERRED_FROM_SOURCE	backend/ndsp_checkout_plans_package/database/migrations/20260524_001_checkout_plans.sql	20260524_001_checkout_plans.sql	177	8b8151f6b1776a6e604c8c4d7df212235d2038920ea7b4bb0ba832c7836d4161	"""payment_currency"": ""USDT"","	Candidate evidence only; manual verification required.
EVD-04cab3325fc5	INTEGRATION_DISCOVERY	INFERRED_FROM_SOURCE	backend/ndsp_checkout_plans_package/database/migrations/20260524_001_checkout_plans.sql	20260524_001_checkout_plans.sql	210	8b8151f6b1776a6e604c8c4d7df212235d2038920ea7b4bb0ba832c7836d4161	"""payment_currency"": ""USDT"","	Candidate evidence only; manual verification required.
EVD-2aec4afec03d	INTEGRATION_DISCOVERY	INFERRED_FROM_SOURCE	backend/ndsp_device_guard.cjs	ndsp_device_guard.cjs	44	ab063940d52d8092c3a91de35130ec91ba05aed8044cd2f68f78622d26aea1a3	function normalizeEmail(email) {	Candidate evidence only; manual verification required.
EVD-7a4b15795568	INTEGRATION_DISCOVERY	INFERRED_FROM_SOURCE	backend/ndsp_device_guard.cjs	ndsp_device_guard.cjs	45	ab063940d52d8092c3a91de35130ec91ba05aed8044cd2f68f78622d26aea1a3	return String(email || '').trim().toLowerCase();	Candidate evidence only; manual verification required.
EVD-5e195cddb267	INTEGRATION_DISCOVERY	INFERRED_FROM_SOURCE	backend/ndsp_device_guard.cjs	ndsp_device_guard.cjs	114	ab063940d52d8092c3a91de35130ec91ba05aed8044cd2f68f78622d26aea1a3	async function audit(email, action, reason, req, ipMasked) {	Candidate evidence only; manual verification required.
EVD-4c069dbd1202	INTEGRATION_DISCOVERY	INFERRED_FROM_SOURCE	backend/ndsp_device_guard.cjs	ndsp_device_guard.cjs	118	ab063940d52d8092c3a91de35130ec91ba05aed8044cd2f68f78622d26aea1a3	(email, action, reason, ip_masked, source_path, user_agent)	Candidate evidence only; manual verification required.
EVD-48b899ae162b	INTEGRATION_DISCOVERY	INFERRED_FROM_SOURCE	backend/ndsp_device_guard.cjs	ndsp_device_guard.cjs	121	ab063940d52d8092c3a91de35130ec91ba05aed8044cd2f68f78622d26aea1a3	email || null,	Candidate evidence only; manual verification required.
EVD-ff85edbf7bf5	INTEGRATION_DISCOVERY	INFERRED_FROM_SOURCE	backend/ndsp_device_guard.cjs	ndsp_device_guard.cjs	133	ab063940d52d8092c3a91de35130ec91ba05aed8044cd2f68f78622d26aea1a3	async function userExists(email) {	Candidate evidence only; manual verification required.
EVD-e33b4fa0072c	INTEGRATION_DISCOVERY	INFERRED_FROM_SOURCE	backend/ndsp_device_guard.cjs	ndsp_device_guard.cjs	135	ab063940d52d8092c3a91de35130ec91ba05aed8044cd2f68f78622d26aea1a3	SELECT id::text AS id, email	Candidate evidence only; manual verification required.
EVD-556e2797eef8	INTEGRATION_DISCOVERY	INFERRED_FROM_SOURCE	backend/ndsp_device_guard.cjs	ndsp_device_guard.cjs	137	ab063940d52d8092c3a91de35130ec91ba05aed8044cd2f68f78622d26aea1a3	WHERE lower(email)=lower($1)	Candidate evidence only; manual verification required.
EVD-43eb704bcd26	INTEGRATION_DISCOVERY	INFERRED_FROM_SOURCE	backend/ndsp_device_guard.cjs	ndsp_device_guard.cjs	139	ab063940d52d8092c3a91de35130ec91ba05aed8044cd2f68f78622d26aea1a3	`, [email]);	Candidate evidence only; manual verification required.
EVD-a68cefd9bc82	INTEGRATION_DISCOVERY	INFERRED_FROM_SOURCE	backend/ndsp_device_guard.cjs	ndsp_device_guard.cjs	144	ab063940d52d8092c3a91de35130ec91ba05aed8044cd2f68f78622d26aea1a3	async function insertLock(email, req, ipHash, fingerprintHash, ipMasked) {	Candidate evidence only; manual verification required.
EVD-552a2d2ebb74	INTEGRATION_DISCOVERY	INFERRED_FROM_SOURCE	backend/ndsp_device_guard.cjs	ndsp_device_guard.cjs	147	ab063940d52d8092c3a91de35130ec91ba05aed8044cd2f68f78622d26aea1a3	user = await userExists(email);	Candidate evidence only; manual verification required.
EVD-6b493d556914	INTEGRATION_DISCOVERY	INFERRED_FROM_SOURCE	backend/ndsp_device_guard.cjs	ndsp_device_guard.cjs	153	ab063940d52d8092c3a91de35130ec91ba05aed8044cd2f68f78622d26aea1a3	(email, user_id, ip_hash, fingerprint_hash, ip_masked, user_agent, source_path)	Candidate evidence only; manual verification required.
EVD-1fb1b851e5b4	INTEGRATION_DISCOVERY	INFERRED_FROM_SOURCE	backend/ndsp_device_guard.cjs	ndsp_device_guard.cjs	157	ab063940d52d8092c3a91de35130ec91ba05aed8044cd2f68f78622d26aea1a3	email,	Candidate evidence only; manual verification required.
EVD-b9e1fe7ae8d6	INTEGRATION_DISCOVERY	INFERRED_FROM_SOURCE	backend/ndsp_device_guard.cjs	ndsp_device_guard.cjs	181	ab063940d52d8092c3a91de35130ec91ba05aed8044cd2f68f78622d26aea1a3	const email = normalizeEmail(req.body?.email || req.body?.username);	Candidate evidence only; manual verification required.
EVD-80336f160fef	INTEGRATION_DISCOVERY	INFERRED_FROM_SOURCE	backend/ndsp_device_guard.cjs	ndsp_device_guard.cjs	190	ab063940d52d8092c3a91de35130ec91ba05aed8044cd2f68f78622d26aea1a3	if (!email) return next();	Candidate evidence only; manual verification required.
EVD-04ae88c4c3c6	INTEGRATION_DISCOVERY	INFERRED_FROM_SOURCE	backend/ndsp_device_guard.cjs	ndsp_device_guard.cjs	194	ab063940d52d8092c3a91de35130ec91ba05aed8044cd2f68f78622d26aea1a3	const params = [email];	Candidate evidence only; manual verification required.
EVD-e89db9a82a6e	INTEGRATION_DISCOVERY	INFERRED_FROM_SOURCE	backend/ndsp_device_guard.cjs	ndsp_device_guard.cjs	209	ab063940d52d8092c3a91de35130ec91ba05aed8044cd2f68f78622d26aea1a3	SELECT id, email, ip_masked, created_at,	Candidate evidence only; manual verification required.
EVD-e74eb12cbeb5	INTEGRATION_DISCOVERY	INFERRED_FROM_SOURCE	backend/ndsp_device_guard.cjs	ndsp_device_guard.cjs	216	ab063940d52d8092c3a91de35130ec91ba05aed8044cd2f68f78622d26aea1a3	AND lower(email) <> lower($1)	Candidate evidence only; manual verification required.
EVD-f18f01ae5483	INTEGRATION_DISCOVERY	INFERRED_FROM_SOURCE	backend/ndsp_device_guard.cjs	ndsp_device_guard.cjs	224	ab063940d52d8092c3a91de35130ec91ba05aed8044cd2f68f78622d26aea1a3	await audit(email, 'blocked_register', reason, req, ipMasked);	Candidate evidence only; manual verification required.
EVD-d6653dc41ef1	INTEGRATION_DISCOVERY	INFERRED_FROM_SOURCE	backend/ndsp_device_guard.cjs	ndsp_device_guard.cjs	235	ab063940d52d8092c3a91de35130ec91ba05aed8044cd2f68f78622d26aea1a3	insertLock(email, req, ipHash, fingerprintHash, ipMasked);	Candidate evidence only; manual verification required.
EVD-bed6deac2df3	INTEGRATION_DISCOVERY	INFERRED_FROM_SOURCE	backend/ndsp_device_guard_migrate.cjs	ndsp_device_guard_migrate.cjs	17	c0321deb0541fd82e8dce77fb14bf78be2a2f6059ca4c487b8a8533118d116a7	email TEXT NOT NULL,	Candidate evidence only; manual verification required.
EVD-1d1e7248d4e1	INTEGRATION_DISCOVERY	INFERRED_FROM_SOURCE	backend/ndsp_device_guard_migrate.cjs	ndsp_device_guard_migrate.cjs	29	c0321deb0541fd82e8dce77fb14bf78be2a2f6059ca4c487b8a8533118d116a7	CREATE INDEX IF NOT EXISTS ndsp_registration_locks_email_idx	Candidate evidence only; manual verification required.
EVD-c1996ecc2655	INTEGRATION_DISCOVERY	INFERRED_FROM_SOURCE	backend/ndsp_device_guard_migrate.cjs	ndsp_device_guard_migrate.cjs	30	c0321deb0541fd82e8dce77fb14bf78be2a2f6059ca4c487b8a8533118d116a7	ON public.ndsp_registration_locks (lower(email));	Candidate evidence only; manual verification required.
EVD-8df26bfc997b	INTEGRATION_DISCOVERY	INFERRED_FROM_SOURCE	backend/ndsp_device_guard_migrate.cjs	ndsp_device_guard_migrate.cjs	42	c0321deb0541fd82e8dce77fb14bf78be2a2f6059ca4c487b8a8533118d116a7	email TEXT NULL,	Candidate evidence only; manual verification required.
EVD-8ee105f677f7	INTEGRATION_DISCOVERY	INFERRED_FROM_SOURCE	backend/ndsp_latest_16_layers_logic_functions.py	ndsp_latest_16_layers_logic_functions.py	979	750a5d8fdd650c34a041c958c55239cb93d8451a23793eeebcc79dba951ea2d3	"url = ""https://api.binance.com/api/v3/klines?"" + qs"	Candidate evidence only; manual verification required.
EVD-23d5b22b6a47	INTEGRATION_DISCOVERY	INFERRED_FROM_SOURCE	backend/ndsp_live_market_adapter.cjs	ndsp_live_market_adapter.cjs	13	bf022671b92ba0903d7c05063e44309c6d603beb6152d1b90acfd67f0d23b420	"const ASSETS = [{""source"": ""yahoo"", ""symbol"": ""HG"", ""name_ar"": ""النحاس"", ""name_en"": ""Copper"", ""category"": ""commodity"", ""upstream_symbol"": ""HG""}, {""source"": ""yahoo"", ""symbol"": ""NG"", ""name_ar"": ""الغاز الطبيعي"", ""name_en"": ""Natural Gas"", ""category"": ""commodity"", ""upstream_symbol"": ""NG""}, {""source"": ""yahoo"", ""symbol"": ""UKOIL"", ""name_ar"": ""برنت"", ""name_en"": ""Brent Crude Oil"", ""category"": ""commodity"", ""upstream_symbol"": ""UKOIL""}, {""source"": ""yahoo"", ""symbol"": ""USOIL"", ""name_ar"": ""النفط الأمريكي"", ""name_en"": ""WTI Crude Oil"", ""category"": ""commodity"", ""upstream_symbol"": ""USOIL""}, {""source"": ""yahoo"", ""s"	Candidate evidence only; manual verification required.
EVD-8cfd3d1d4e09	INTEGRATION_DISCOVERY	INFERRED_FROM_SOURCE	backend/ndsp_live_market_adapter.cjs	ndsp_live_market_adapter.cjs	42	bf022671b92ba0903d7c05063e44309c6d603beb6152d1b90acfd67f0d23b420	"if (isCrypto(asset)) return ""binance"";"	Candidate evidence only; manual verification required.
EVD-27c4138b0d75	INTEGRATION_DISCOVERY	INFERRED_FROM_SOURCE	backend/ndsp_live_market_adapter.cjs	ndsp_live_market_adapter.cjs	43	bf022671b92ba0903d7c05063e44309c6d603beb6152d1b90acfd67f0d23b420	"if (source.includes(""binance"")) return ""binance"";"	Candidate evidence only; manual verification required.
EVD-04b50cebe59e	INTEGRATION_DISCOVERY	INFERRED_FROM_SOURCE	backend/ndsp_live_market_adapter.cjs	ndsp_live_market_adapter.cjs	124	bf022671b92ba0903d7c05063e44309c6d603beb6152d1b90acfd67f0d23b420	async function fetchBinance(asset) {	Candidate evidence only; manual verification required.
EVD-1d8dc2e6aae6	INTEGRATION_DISCOVERY	INFERRED_FROM_SOURCE	backend/ndsp_live_market_adapter.cjs	ndsp_live_market_adapter.cjs	126	bf022671b92ba0903d7c05063e44309c6d603beb6152d1b90acfd67f0d23b420	"const url = ""https://api.binance.com/api/v3/ticker/24hr?symbol="" + encodeURIComponent(symbol);"	Candidate evidence only; manual verification required.
EVD-59b8e65e8d07	INTEGRATION_DISCOVERY	INFERRED_FROM_SOURCE	backend/ndsp_live_market_adapter.cjs	ndsp_live_market_adapter.cjs	135	bf022671b92ba0903d7c05063e44309c6d603beb6152d1b90acfd67f0d23b420	"source: ""binance"","	Candidate evidence only; manual verification required.
EVD-b4e61afffc12	INTEGRATION_DISCOVERY	INFERRED_FROM_SOURCE	backend/ndsp_live_market_adapter.cjs	ndsp_live_market_adapter.cjs	136	bf022671b92ba0903d7c05063e44309c6d603beb6152d1b90acfd67f0d23b420	"provider: ""binance"","	Candidate evidence only; manual verification required.
EVD-fbbd08524412	INTEGRATION_DISCOVERY	INFERRED_FROM_SOURCE	backend/ndsp_live_market_adapter.cjs	ndsp_live_market_adapter.cjs	202	bf022671b92ba0903d7c05063e44309c6d603beb6152d1b90acfd67f0d23b420	"if (provider === ""binance"") return await fetchBinance(asset);"	Candidate evidence only; manual verification required.
EVD-577ec9c98297	INTEGRATION_DISCOVERY	INFERRED_FROM_SOURCE	backend/ndsp_nowpayments.cjs	ndsp_nowpayments.cjs	16	c86c22a98ab21e9c4befc6ba3cc35f3f4336432f573dbf398ee80ab259ba08ef	const NOWPAYMENTS_API_KEY = REDACTED	Candidate evidence only; manual verification required.
EVD-fccefba41c67	INTEGRATION_DISCOVERY	INFERRED_FROM_SOURCE	backend/ndsp_nowpayments.cjs	ndsp_nowpayments.cjs	17	c86c22a98ab21e9c4befc6ba3cc35f3f4336432f573dbf398ee80ab259ba08ef	const NOWPAYMENTS_IPN_SECRET = REDACTED	Candidate evidence only; manual verification required.
EVD-bf0145bb58e5	INTEGRATION_DISCOVERY	INFERRED_FROM_SOURCE	backend/ndsp_nowpayments.cjs	ndsp_nowpayments.cjs	18	c86c22a98ab21e9c4befc6ba3cc35f3f4336432f573dbf398ee80ab259ba08ef	const NOWPAYMENTS_PRICE_CURRENCY = (process.env.NOWPAYMENTS_PRICE_CURRENCY || 'usd').toLowerCase();	Candidate evidence only; manual verification required.
EVD-1b6f1f9473e8	INTEGRATION_DISCOVERY	INFERRED_FROM_SOURCE	backend/ndsp_nowpayments.cjs	ndsp_nowpayments.cjs	53	c86c22a98ab21e9c4befc6ba3cc35f3f4336432f573dbf398ee80ab259ba08ef	const email = payload.email || payload.mail || payload.username;	Candidate evidence only; manual verification required.
EVD-e4bb88256b42	INTEGRATION_DISCOVERY	INFERRED_FROM_SOURCE	backend/ndsp_nowpayments.cjs	ndsp_nowpayments.cjs	60	c86c22a98ab21e9c4befc6ba3cc35f3f4336432f573dbf398ee80ab259ba08ef	if (email) {	Candidate evidence only; manual verification required.
EVD-8f3fc2ea9887	INTEGRATION_DISCOVERY	INFERRED_FROM_SOURCE	backend/ndsp_nowpayments.cjs	ndsp_nowpayments.cjs	61	c86c22a98ab21e9c4befc6ba3cc35f3f4336432f573dbf398ee80ab259ba08ef	const r = await pool.query(`SELECT * FROM public.users WHERE lower(email)=lower($1) LIMIT 1`, [String(email)]);	Candidate evidence only; manual verification required.
EVD-a68045897767	INTEGRATION_DISCOVERY	INFERRED_FROM_SOURCE	backend/ndsp_nowpayments.cjs	ndsp_nowpayments.cjs	80	c86c22a98ab21e9c4befc6ba3cc35f3f4336432f573dbf398ee80ab259ba08ef	const sig = req.headers['x-nowpayments-sig'];	Candidate evidence only; manual verification required.
EVD-fd4b4a06c32f	INTEGRATION_DISCOVERY	INFERRED_FROM_SOURCE	backend/ndsp_nowpayments.cjs	ndsp_nowpayments.cjs	81	c86c22a98ab21e9c4befc6ba3cc35f3f4336432f573dbf398ee80ab259ba08ef	if (!sig || !NOWPAYMENTS_IPN_SECRET) return false;	Candidate evidence only; manual verification required.
EVD-d34a948b0226	INTEGRATION_DISCOVERY	INFERRED_FROM_SOURCE	backend/ndsp_nowpayments.cjs	ndsp_nowpayments.cjs	87	c86c22a98ab21e9c4befc6ba3cc35f3f4336432f573dbf398ee80ab259ba08ef	.createHmac('sha512', NOWPAYMENTS_IPN_SECRET)	Candidate evidence only; manual verification required.
EVD-c5a6cf2c3697	INTEGRATION_DISCOVERY	INFERRED_FROM_SOURCE	backend/ndsp_nowpayments.cjs	ndsp_nowpayments.cjs	113	c86c22a98ab21e9c4befc6ba3cc35f3f4336432f573dbf398ee80ab259ba08ef	async function activateSubscription(payment) {	Candidate evidence only; manual verification required.
EVD-417aeeb8203a	INTEGRATION_DISCOVERY	INFERRED_FROM_SOURCE	backend/ndsp_nowpayments.cjs	ndsp_nowpayments.cjs	114	c86c22a98ab21e9c4befc6ba3cc35f3f4336432f573dbf398ee80ab259ba08ef	if (!payment || !payment.user_id || !payment.plan_id) return;	Candidate evidence only; manual verification required.
EVD-110d8e4b656c	INTEGRATION_DISCOVERY	INFERRED_FROM_SOURCE	backend/ndsp_nowpayments.cjs	ndsp_nowpayments.cjs	118	c86c22a98ab21e9c4befc6ba3cc35f3f4336432f573dbf398ee80ab259ba08ef	(user_id, user_email, plan_id, plan_code, status, provider, provider_order_id, provider_payment_id, billing_cycle)	Candidate evidence only; manual verification required.
EVD-73fca63aa1d5	INTEGRATION_DISCOVERY	INFERRED_FROM_SOURCE	backend/ndsp_nowpayments.cjs	ndsp_nowpayments.cjs	120	c86c22a98ab21e9c4befc6ba3cc35f3f4336432f573dbf398ee80ab259ba08ef	($1,$2,$3,$4,'active','nowpayments',$5,$6,$7)	Candidate evidence only; manual verification required.
EVD-4b385edca9e2	INTEGRATION_DISCOVERY	INFERRED_FROM_SOURCE	backend/ndsp_nowpayments.cjs	ndsp_nowpayments.cjs	122	c86c22a98ab21e9c4befc6ba3cc35f3f4336432f573dbf398ee80ab259ba08ef	payment.user_id,	Candidate evidence only; manual verification required.
EVD-6f894a738464	INTEGRATION_DISCOVERY	INFERRED_FROM_SOURCE	backend/ndsp_nowpayments.cjs	ndsp_nowpayments.cjs	123	c86c22a98ab21e9c4befc6ba3cc35f3f4336432f573dbf398ee80ab259ba08ef	payment.user_email,	Candidate evidence only; manual verification required.
EVD-5458aa8acc53	INTEGRATION_DISCOVERY	INFERRED_FROM_SOURCE	backend/ndsp_nowpayments.cjs	ndsp_nowpayments.cjs	124	c86c22a98ab21e9c4befc6ba3cc35f3f4336432f573dbf398ee80ab259ba08ef	payment.plan_id,	Candidate evidence only; manual verification required.
EVD-cf64a58fe955	INTEGRATION_DISCOVERY	INFERRED_FROM_SOURCE	backend/ndsp_nowpayments.cjs	ndsp_nowpayments.cjs	125	c86c22a98ab21e9c4befc6ba3cc35f3f4336432f573dbf398ee80ab259ba08ef	payment.plan_code,	Candidate evidence only; manual verification required.
EVD-49d834371958	INTEGRATION_DISCOVERY	INFERRED_FROM_SOURCE	backend/ndsp_nowpayments.cjs	ndsp_nowpayments.cjs	126	c86c22a98ab21e9c4befc6ba3cc35f3f4336432f573dbf398ee80ab259ba08ef	payment.order_id,	Candidate evidence only; manual verification required.
EVD-86dbb2058f85	INTEGRATION_DISCOVERY	INFERRED_FROM_SOURCE	backend/ndsp_nowpayments.cjs	ndsp_nowpayments.cjs	127	c86c22a98ab21e9c4befc6ba3cc35f3f4336432f573dbf398ee80ab259ba08ef	payment.provider_payment_id,	Candidate evidence only; manual verification required.
EVD-8641ae62625b	INTEGRATION_DISCOVERY	INFERRED_FROM_SOURCE	backend/ndsp_nowpayments.cjs	ndsp_nowpayments.cjs	128	c86c22a98ab21e9c4befc6ba3cc35f3f4336432f573dbf398ee80ab259ba08ef	payment.billing_cycle || 'monthly'	Candidate evidence only; manual verification required.
EVD-ab338794bab9	INTEGRATION_DISCOVERY	INFERRED_FROM_SOURCE	backend/ndsp_nowpayments_migrate.cjs	ndsp_nowpayments_migrate.cjs	15	574137c8bbc1b5de7e6215677225b5b9be3e0b7ff875374a92927508cd454beb	CREATE TABLE IF NOT EXISTS public.ndsp_nowpayments_payments (	Candidate evidence only; manual verification required.
EVD-7fecc16936fe	INTEGRATION_DISCOVERY	INFERRED_FROM_SOURCE	backend/ndsp_nowpayments_migrate.cjs	ndsp_nowpayments_migrate.cjs	19	574137c8bbc1b5de7e6215677225b5b9be3e0b7ff875374a92927508cd454beb	user_email TEXT NULL,	Candidate evidence only; manual verification required.
EVD-353eb5548e99	INTEGRATION_DISCOVERY	INFERRED_FROM_SOURCE	backend/ndsp_nowpayments_migrate.cjs	ndsp_nowpayments_migrate.cjs	26	574137c8bbc1b5de7e6215677225b5b9be3e0b7ff875374a92927508cd454beb	provider_payment_id TEXT NULL,	Candidate evidence only; manual verification required.
EVD-0b312abe2750	INTEGRATION_DISCOVERY	INFERRED_FROM_SOURCE	backend/ndsp_nowpayments_migrate.cjs	ndsp_nowpayments_migrate.cjs	28	574137c8bbc1b5de7e6215677225b5b9be3e0b7ff875374a92927508cd454beb	payment_status TEXT NOT NULL DEFAULT 'created',	Candidate evidence only; manual verification required.
EVD-9e0381f3226a	INTEGRATION_DISCOVERY	INFERRED_FROM_SOURCE	backend/ndsp_nowpayments_migrate.cjs	ndsp_nowpayments_migrate.cjs	35	574137c8bbc1b5de7e6215677225b5b9be3e0b7ff875374a92927508cd454beb	CREATE INDEX IF NOT EXISTS ndsp_nowpayments_user_idx	Candidate evidence only; manual verification required.
EVD-0b60d7fca81c	INTEGRATION_DISCOVERY	INFERRED_FROM_SOURCE	backend/ndsp_nowpayments_migrate.cjs	ndsp_nowpayments_migrate.cjs	36	574137c8bbc1b5de7e6215677225b5b9be3e0b7ff875374a92927508cd454beb	ON public.ndsp_nowpayments_payments (user_id);	Candidate evidence only; manual verification required.
EVD-4ad2cc7eb2f0	INTEGRATION_DISCOVERY	INFERRED_FROM_SOURCE	backend/ndsp_nowpayments_migrate.cjs	ndsp_nowpayments_migrate.cjs	38	574137c8bbc1b5de7e6215677225b5b9be3e0b7ff875374a92927508cd454beb	CREATE INDEX IF NOT EXISTS ndsp_nowpayments_status_idx	Candidate evidence only; manual verification required.
EVD-22aaba767072	INTEGRATION_DISCOVERY	INFERRED_FROM_SOURCE	backend/ndsp_nowpayments_migrate.cjs	ndsp_nowpayments_migrate.cjs	39	574137c8bbc1b5de7e6215677225b5b9be3e0b7ff875374a92927508cd454beb	ON public.ndsp_nowpayments_payments (payment_status);	Candidate evidence only; manual verification required.
EVD-32222b6c97b1	INTEGRATION_DISCOVERY	INFERRED_FROM_SOURCE	backend/ndsp_nowpayments_migrate.cjs	ndsp_nowpayments_migrate.cjs	44	574137c8bbc1b5de7e6215677225b5b9be3e0b7ff875374a92927508cd454beb	user_email TEXT NULL,	Candidate evidence only; manual verification required.
EVD-9d1ebd0512c8	INTEGRATION_DISCOVERY	INFERRED_FROM_SOURCE	backend/ndsp_nowpayments_migrate.cjs	ndsp_nowpayments_migrate.cjs	48	574137c8bbc1b5de7e6215677225b5b9be3e0b7ff875374a92927508cd454beb	provider TEXT NOT NULL DEFAULT 'nowpayments',	Candidate evidence only; manual verification required.
EVD-c1cd3a28c0fd	INTEGRATION_DISCOVERY	INFERRED_FROM_SOURCE	backend/ndsp_nowpayments_migrate.cjs	ndsp_nowpayments_migrate.cjs	50	574137c8bbc1b5de7e6215677225b5b9be3e0b7ff875374a92927508cd454beb	provider_payment_id TEXT NULL,	Candidate evidence only; manual verification required.
EVD-991d039e87cc	INTEGRATION_DISCOVERY	INFERRED_FROM_SOURCE	backend/ndsp_nowpayments_migrate.cjs	ndsp_nowpayments_migrate.cjs	61	574137c8bbc1b5de7e6215677225b5b9be3e0b7ff875374a92927508cd454beb	CREATE TABLE IF NOT EXISTS public.ndsp_payment_audit (	Candidate evidence only; manual verification required.
EVD-f5a47c70e8a7	INTEGRATION_DISCOVERY	INFERRED_FROM_SOURCE	backend/ndsp_nowpayments_migrate.cjs	ndsp_nowpayments_migrate.cjs	66	574137c8bbc1b5de7e6215677225b5b9be3e0b7ff875374a92927508cd454beb	payment_status TEXT NULL,	Candidate evidence only; manual verification required.
EVD-2b67b27bcd04	INTEGRATION_DISCOVERY	INFERRED_FROM_SOURCE	backend/ndsp_nowpayments_migrate.cjs	ndsp_nowpayments_migrate.cjs	72	574137c8bbc1b5de7e6215677225b5b9be3e0b7ff875374a92927508cd454beb	console.log('✅ NOWPayments tables ready');	Candidate evidence only; manual verification required.
EVD-9541d803087a	INTEGRATION_DISCOVERY	INFERRED_FROM_SOURCE	backend/ndsp_one_device_one_account.sh	ndsp_one_device_one_account.sh	46	fc09890ff2e349def4a324536c45629fcd708f40c4f4c573ee58d0204d68174b	email TEXT NOT NULL,	Candidate evidence only; manual verification required.
EVD-f225302e5082	INTEGRATION_DISCOVERY	INFERRED_FROM_SOURCE	backend/ndsp_one_device_one_account.sh	ndsp_one_device_one_account.sh	58	fc09890ff2e349def4a324536c45629fcd708f40c4f4c573ee58d0204d68174b	CREATE INDEX IF NOT EXISTS ndsp_registration_locks_email_idx	Candidate evidence only; manual verification required.
EVD-4bbf20fc117e	INTEGRATION_DISCOVERY	INFERRED_FROM_SOURCE	backend/ndsp_one_device_one_account.sh	ndsp_one_device_one_account.sh	59	fc09890ff2e349def4a324536c45629fcd708f40c4f4c573ee58d0204d68174b	ON public.ndsp_registration_locks (lower(email));	Candidate evidence only; manual verification required.
EVD-4c5cef03b324	INTEGRATION_DISCOVERY	INFERRED_FROM_SOURCE	backend/ndsp_one_device_one_account.sh	ndsp_one_device_one_account.sh	71	fc09890ff2e349def4a324536c45629fcd708f40c4f4c573ee58d0204d68174b	email TEXT NULL,	Candidate evidence only; manual verification required.
EVD-34a65b336dde	INTEGRATION_DISCOVERY	INFERRED_FROM_SOURCE	backend/ndsp_one_device_one_account.sh	ndsp_one_device_one_account.sh	139	fc09890ff2e349def4a324536c45629fcd708f40c4f4c573ee58d0204d68174b	function normalizeEmail(email) {	Candidate evidence only; manual verification required.
EVD-d2c2386e1a95	INTEGRATION_DISCOVERY	INFERRED_FROM_SOURCE	backend/ndsp_one_device_one_account.sh	ndsp_one_device_one_account.sh	140	fc09890ff2e349def4a324536c45629fcd708f40c4f4c573ee58d0204d68174b	return String(email || '').trim().toLowerCase();	Candidate evidence only; manual verification required.
EVD-9a7e5ca9114f	INTEGRATION_DISCOVERY	INFERRED_FROM_SOURCE	backend/ndsp_one_device_one_account.sh	ndsp_one_device_one_account.sh	209	fc09890ff2e349def4a324536c45629fcd708f40c4f4c573ee58d0204d68174b	async function audit(email, action, reason, req, ipMasked) {	Candidate evidence only; manual verification required.
EVD-aa5ffc0c4e46	INTEGRATION_DISCOVERY	INFERRED_FROM_SOURCE	backend/ndsp_one_device_one_account.sh	ndsp_one_device_one_account.sh	213	fc09890ff2e349def4a324536c45629fcd708f40c4f4c573ee58d0204d68174b	(email, action, reason, ip_masked, source_path, user_agent)	Candidate evidence only; manual verification required.
EVD-627bd233578c	INTEGRATION_DISCOVERY	INFERRED_FROM_SOURCE	backend/ndsp_one_device_one_account.sh	ndsp_one_device_one_account.sh	216	fc09890ff2e349def4a324536c45629fcd708f40c4f4c573ee58d0204d68174b	email || null,	Candidate evidence only; manual verification required.
EVD-d85d9b31e04e	INTEGRATION_DISCOVERY	INFERRED_FROM_SOURCE	backend/ndsp_one_device_one_account.sh	ndsp_one_device_one_account.sh	228	fc09890ff2e349def4a324536c45629fcd708f40c4f4c573ee58d0204d68174b	async function userExists(email) {	Candidate evidence only; manual verification required.
EVD-23407cc5a7ab	INTEGRATION_DISCOVERY	INFERRED_FROM_SOURCE	backend/ndsp_one_device_one_account.sh	ndsp_one_device_one_account.sh	230	fc09890ff2e349def4a324536c45629fcd708f40c4f4c573ee58d0204d68174b	SELECT id::text AS id, email	Candidate evidence only; manual verification required.
EVD-de6dd3102787	INTEGRATION_DISCOVERY	INFERRED_FROM_SOURCE	backend/ndsp_one_device_one_account.sh	ndsp_one_device_one_account.sh	232	fc09890ff2e349def4a324536c45629fcd708f40c4f4c573ee58d0204d68174b	WHERE lower(email)=lower($1)	Candidate evidence only; manual verification required.
EVD-9d1f70ab7456	INTEGRATION_DISCOVERY	INFERRED_FROM_SOURCE	backend/ndsp_one_device_one_account.sh	ndsp_one_device_one_account.sh	234	fc09890ff2e349def4a324536c45629fcd708f40c4f4c573ee58d0204d68174b	`, [email]);	Candidate evidence only; manual verification required.
EVD-5b915f4ff185	INTEGRATION_DISCOVERY	INFERRED_FROM_SOURCE	backend/ndsp_one_device_one_account.sh	ndsp_one_device_one_account.sh	239	fc09890ff2e349def4a324536c45629fcd708f40c4f4c573ee58d0204d68174b	async function insertLock(email, req, ipHash, fingerprintHash, ipMasked) {	Candidate evidence only; manual verification required.
EVD-b4c176e48842	INTEGRATION_DISCOVERY	INFERRED_FROM_SOURCE	backend/ndsp_one_device_one_account.sh	ndsp_one_device_one_account.sh	242	fc09890ff2e349def4a324536c45629fcd708f40c4f4c573ee58d0204d68174b	user = await userExists(email);	Candidate evidence only; manual verification required.
EVD-b3cc75bed388	INTEGRATION_DISCOVERY	INFERRED_FROM_SOURCE	backend/ndsp_one_device_one_account.sh	ndsp_one_device_one_account.sh	248	fc09890ff2e349def4a324536c45629fcd708f40c4f4c573ee58d0204d68174b	(email, user_id, ip_hash, fingerprint_hash, ip_masked, user_agent, source_path)	Candidate evidence only; manual verification required.
EVD-cbb9d669c810	INTEGRATION_DISCOVERY	INFERRED_FROM_SOURCE	backend/ndsp_one_device_one_account.sh	ndsp_one_device_one_account.sh	252	fc09890ff2e349def4a324536c45629fcd708f40c4f4c573ee58d0204d68174b	email,	Candidate evidence only; manual verification required.
EVD-10109e917866	INTEGRATION_DISCOVERY	INFERRED_FROM_SOURCE	backend/ndsp_one_device_one_account.sh	ndsp_one_device_one_account.sh	276	fc09890ff2e349def4a324536c45629fcd708f40c4f4c573ee58d0204d68174b	const email = normalizeEmail(req.body?.email || req.body?.username);	Candidate evidence only; manual verification required.
EVD-4976e20566e4	INTEGRATION_DISCOVERY	INFERRED_FROM_SOURCE	backend/ndsp_one_device_one_account.sh	ndsp_one_device_one_account.sh	285	fc09890ff2e349def4a324536c45629fcd708f40c4f4c573ee58d0204d68174b	if (!email) return next();	Candidate evidence only; manual verification required.
EVD-9093a1f5c8dc	INTEGRATION_DISCOVERY	INFERRED_FROM_SOURCE	backend/ndsp_one_device_one_account.sh	ndsp_one_device_one_account.sh	289	fc09890ff2e349def4a324536c45629fcd708f40c4f4c573ee58d0204d68174b	const params = [email];	Candidate evidence only; manual verification required.
EVD-8faec1611e03	INTEGRATION_DISCOVERY	INFERRED_FROM_SOURCE	backend/ndsp_saas_packages_policy.cjs	ndsp_saas_packages_policy.cjs	22	6b2629a67147e9addba300d1aac54aebc2645b095db156b1c92a54bb7931da82	webhooks: REDACTED,	Candidate evidence only; manual verification required.
EVD-51bcc7c1367d	INTEGRATION_DISCOVERY	INFERRED_FROM_SOURCE	backend/ndsp_saas_packages_policy.cjs	ndsp_saas_packages_policy.cjs	38	6b2629a67147e9addba300d1aac54aebc2645b095db156b1c92a54bb7931da82	webhooks: REDACTED,	Candidate evidence only; manual verification required.
EVD-d58cc1850275	INTEGRATION_DISCOVERY	INFERRED_FROM_SOURCE	backend/ndsp_saas_packages_policy.cjs	ndsp_saas_packages_policy.cjs	51	6b2629a67147e9addba300d1aac54aebc2645b095db156b1c92a54bb7931da82	alerts: 'advanced_telegram',	Candidate evidence only; manual verification required.
EVD-ebe292ebbbce	INTEGRATION_DISCOVERY	INFERRED_FROM_SOURCE	backend/ndsp_saas_packages_policy.cjs	ndsp_saas_packages_policy.cjs	56	6b2629a67147e9addba300d1aac54aebc2645b095db156b1c92a54bb7931da82	webhooks: REDACTED,	Candidate evidence only; manual verification required.
EVD-0d7910bbc085	INTEGRATION_DISCOVERY	INFERRED_FROM_SOURCE	backend/ndsp_saas_packages_policy.cjs	ndsp_saas_packages_policy.cjs	71	6b2629a67147e9addba300d1aac54aebc2645b095db156b1c92a54bb7931da82	webhooks: REDACTED,	Candidate evidence only; manual verification required.
EVD-c8734c799edb	INTEGRATION_DISCOVERY	INFERRED_FROM_SOURCE	backend/ndsp_scenario_levels_adapter.cjs	ndsp_scenario_levels_adapter.cjs	127	eb7f7a8dba756080c7ace4d5ec263976180ebdf54f98236df114b2dd389b2eb7	const provider = x.provider ?? x.source ?? x.exchange ?? x.feed;	Candidate evidence only; manual verification required.
EVD-d8382c9dcf11	INTEGRATION_DISCOVERY	INFERRED_FROM_SOURCE	backend/ndsp_trial_register_gateway.cjs	ndsp_trial_register_gateway.cjs	31	30fca53eedd7fc4946a5e756630c5c1def5e492502e1dea333c850ba3c090cc0	msg.includes('ux_users_email_lower') ||	Candidate evidence only; manual verification required.
EVD-29cf925d080a	INTEGRATION_DISCOVERY	INFERRED_FROM_SOURCE	backend/ndsp_trial_register_gateway.cjs	ndsp_trial_register_gateway.cjs	32	30fca53eedd7fc4946a5e756630c5c1def5e492502e1dea333c850ba3c090cc0	msg.includes('DUPLICATE_EMAIL')	Candidate evidence only; manual verification required.
EVD-eb2ca1ff5965	INTEGRATION_DISCOVERY	INFERRED_FROM_SOURCE	backend/ndsp_trial_register_gateway.cjs	ndsp_trial_register_gateway.cjs	34	30fca53eedd7fc4946a5e756630c5c1def5e492502e1dea333c850ba3c090cc0	return { ok:false, code:'DUPLICATE_EMAIL', message:'البريد الإلكتروني مستخدم سابقًا' };	Candidate evidence only; manual verification required.
EVD-6c891a96873d	INTEGRATION_DISCOVERY	INFERRED_FROM_SOURCE	backend/ndsp_trial_register_gateway.cjs	ndsp_trial_register_gateway.cjs	129	30fca53eedd7fc4946a5e756630c5c1def5e492502e1dea333c850ba3c090cc0	VALUES ($1::uuid, $2, 'email_activation', now() + interval '48 hours')`,	Candidate evidence only; manual verification required.
EVD-bcca499207c8	INTEGRATION_DISCOVERY	INFERRED_FROM_SOURCE	backend/ndsp_trial_register_gateway.cjs	ndsp_trial_register_gateway.cjs	224	30fca53eedd7fc4946a5e756630c5c1def5e492502e1dea333c850ba3c090cc0	email: body.email || '',	Candidate evidence only; manual verification required.
EVD-664423e1466f	INTEGRATION_DISCOVERY	INFERRED_FROM_SOURCE	backend/ndsp_trial_register_gateway.cjs	ndsp_trial_register_gateway.cjs	266	30fca53eedd7fc4946a5e756630c5c1def5e492502e1dea333c850ba3c090cc0	const email = clean(body.email).toLowerCase();	Candidate evidence only; manual verification required.
EVD-2de5e10677dc	INTEGRATION_DISCOVERY	INFERRED_FROM_SOURCE	backend/ndsp_trial_register_gateway.cjs	ndsp_trial_register_gateway.cjs	269	30fca53eedd7fc4946a5e756630c5c1def5e492502e1dea333c850ba3c090cc0	if (!email || !email.includes('@')) return { ok:false, code:400, error:'EMAIL_REQUIRED' };	Candidate evidence only; manual verification required.
EVD-6b72790fdd08	INTEGRATION_DISCOVERY	INFERRED_FROM_SOURCE	backend/ndsp_trial_register_gateway.cjs	ndsp_trial_register_gateway.cjs	272	30fca53eedd7fc4946a5e756630c5c1def5e492502e1dea333c850ba3c090cc0	const existing = await client.query(`SELECT id FROM users WHERE LOWER(email)=LOWER($1) LIMIT 1`, [email]);	Candidate evidence only; manual verification required.
EVD-539b51d55942	INTEGRATION_DISCOVERY	INFERRED_FROM_SOURCE	backend/ndsp_trial_register_gateway.cjs	ndsp_trial_register_gateway.cjs	273	30fca53eedd7fc4946a5e756630c5c1def5e492502e1dea333c850ba3c090cc0	if (existing.rowCount) return { ok:false, code:409, error:'EMAIL_ALREADY_EXISTS' };	Candidate evidence only; manual verification required.
EVD-4166690a7847	INTEGRATION_DISCOVERY	INFERRED_FROM_SOURCE	backend/ndsp_trial_register_gateway.cjs	ndsp_trial_register_gateway.cjs	286	30fca53eedd7fc4946a5e756630c5c1def5e492502e1dea333c850ba3c090cc0	const v = valueForColumn(col, { ...body, email }, mode, id, passwordHash, trialEnds);	Candidate evidence only; manual verification required.
EVD-38f6f2c1744d	INTEGRATION_DISCOVERY	INFERRED_FROM_SOURCE	backend/ndsp_trial_register_gateway.cjs	ndsp_trial_register_gateway.cjs	293	30fca53eedd7fc4946a5e756630c5c1def5e492502e1dea333c850ba3c090cc0	if (!insertCols.includes('email')) return { ok:false, code:500, error:'USERS_EMAIL_COLUMN_MISSING' };	Candidate evidence only; manual verification required.
EVD-0ab80003e2ca	INTEGRATION_DISCOVERY	INFERRED_FROM_SOURCE	backend/ndsp_trial_register_gateway.cjs	ndsp_trial_register_gateway.cjs	333	30fca53eedd7fc4946a5e756630c5c1def5e492502e1dea333c850ba3c090cc0	process.env.SMTP_ADMIN_TO ||	Candidate evidence only; manual verification required.
EVD-540b41dfab86	INTEGRATION_DISCOVERY	INFERRED_FROM_SOURCE	backend/ndsp_trial_register_gateway.cjs	ndsp_trial_register_gateway.cjs	334	30fca53eedd7fc4946a5e756630c5c1def5e492502e1dea333c850ba3c090cc0	process.env.SMTP_TO ||	Candidate evidence only; manual verification required.
EVD-df1f2430f820	INTEGRATION_DISCOVERY	INFERRED_FROM_SOURCE	backend/ndsp_trial_register_gateway.cjs	ndsp_trial_register_gateway.cjs	335	30fca53eedd7fc4946a5e756630c5c1def5e492502e1dea333c850ba3c090cc0	process.env.ALERT_EMAIL_TO ||	Candidate evidence only; manual verification required.
EVD-b88639a816ba	INTEGRATION_DISCOVERY	INFERRED_FROM_SOURCE	backend/ndsp_trial_register_gateway.cjs	ndsp_trial_register_gateway.cjs	340	30fca53eedd7fc4946a5e756630c5c1def5e492502e1dea333c850ba3c090cc0	function registrationEmailTexts(body, mode, result) {	Candidate evidence only; manual verification required.
EVD-037289443429	INTEGRATION_DISCOVERY	INFERRED_FROM_SOURCE	backend/ndsp_trial_register_gateway.cjs	ndsp_trial_register_gateway.cjs	342	30fca53eedd7fc4946a5e756630c5c1def5e492502e1dea333c850ba3c090cc0	const email = String(body.email || '').toLowerCase();	Candidate evidence only; manual verification required.
EVD-f8fd99e2f1a7	INTEGRATION_DISCOVERY	INFERRED_FROM_SOURCE	backend/ndsp_trial_register_gateway.cjs	ndsp_trial_register_gateway.cjs	356	30fca53eedd7fc4946a5e756630c5c1def5e492502e1dea333c850ba3c090cc0	Email: ${email}	Candidate evidence only; manual verification required.
EVD-5d9e12c51b01	INTEGRATION_DISCOVERY	INFERRED_FROM_SOURCE	backend/ndsp_trial_register_gateway.cjs	ndsp_trial_register_gateway.cjs	400	30fca53eedd7fc4946a5e756630c5c1def5e492502e1dea333c850ba3c090cc0	function notifyRegistrationEmails(body, mode, result) {	Candidate evidence only; manual verification required.
EVD-c12e1cb4d04f	INTEGRATION_DISCOVERY	INFERRED_FROM_SOURCE	backend/ndsp_trial_register_gateway.cjs	ndsp_trial_register_gateway.cjs	401	30fca53eedd7fc4946a5e756630c5c1def5e492502e1dea333c850ba3c090cc0	const texts = registrationEmailTexts(body, mode, result);	Candidate evidence only; manual verification required.
EVD-788f530e8406	INTEGRATION_DISCOVERY	INFERRED_FROM_SOURCE	backend/ndsp_trial_register_gateway.cjs	ndsp_trial_register_gateway.cjs	410	30fca53eedd7fc4946a5e756630c5c1def5e492502e1dea333c850ba3c090cc0	String(body.email || '').toLowerCase(),	Candidate evidence only; manual verification required.
EVD-5f1a53349d41	INTEGRATION_DISCOVERY	INFERRED_FROM_SOURCE	backend/ndsp_user_dashboard_gateway.cjs	ndsp_user_dashboard_gateway.cjs	160	00df7b0f1a1ce584e6bc38e47a6bc91547c4db63824decad9327862acbf2515e	async function binanceCrypto() {	Candidate evidence only; manual verification required.
EVD-32335eb18bfe	INTEGRATION_DISCOVERY	INFERRED_FROM_SOURCE	backend/ndsp_user_dashboard_gateway.cjs	ndsp_user_dashboard_gateway.cjs	161	00df7b0f1a1ce584e6bc38e47a6bc91547c4db63824decad9327862acbf2515e	const url = `https://api.binance.com/api/v3/ticker/24hr?symbols=${encodeURIComponent(JSON.stringify(CRYPTO_SYMBOLS))}`;	Candidate evidence only; manual verification required.
EVD-59ddd70bf282	INTEGRATION_DISCOVERY	INFERRED_FROM_SOURCE	backend/ndsp_user_dashboard_gateway.cjs	ndsp_user_dashboard_gateway.cjs	171	00df7b0f1a1ce584e6bc38e47a6bc91547c4db63824decad9327862acbf2515e	provider:'binance',	Candidate evidence only; manual verification required.
EVD-133a82133dd2	INTEGRATION_DISCOVERY	INFERRED_FROM_SOURCE	backend/ndsp_user_dashboard_gateway.cjs	ndsp_user_dashboard_gateway.cjs	183	00df7b0f1a1ce584e6bc38e47a6bc91547c4db63824decad9327862acbf2515e	provider:'binance',	Candidate evidence only; manual verification required.
EVD-b83fc1ea65ce	INTEGRATION_DISCOVERY	INFERRED_FROM_SOURCE	backend/ndsp_user_dashboard_gateway.cjs	ndsp_user_dashboard_gateway.cjs	206	00df7b0f1a1ce584e6bc38e47a6bc91547c4db63824decad9327862acbf2515e	const url = `https://www.alphavantage.co/query?function=CURRENCY_EXCHANGE_RATE&from_currency=${from}&to_currency=${to}&apikey=REDACTED}`;	Candidate evidence only; manual verification required.
EVD-47274087cfb9	INTEGRATION_DISCOVERY	INFERRED_FROM_SOURCE	backend/ndsp_user_dashboard_gateway.cjs	ndsp_user_dashboard_gateway.cjs	208	00df7b0f1a1ce584e6bc38e47a6bc91547c4db63824decad9327862acbf2515e	const data = r.json && r.json['Realtime Currency Exchange Rate'];	Candidate evidence only; manual verification required.
EVD-c5141d7e9de4	INTEGRATION_DISCOVERY	INFERRED_FROM_SOURCE	backend/ndsp_user_dashboard_gateway.cjs	ndsp_user_dashboard_gateway.cjs	214	00df7b0f1a1ce584e6bc38e47a6bc91547c4db63824decad9327862acbf2515e	price:r.ok && data ? Number(data['5. Exchange Rate']) : null,	Candidate evidence only; manual verification required.
EVD-0dfda68a3216	INTEGRATION_DISCOVERY	INFERRED_FROM_SOURCE	backend/ndsp_user_dashboard_gateway.cjs	ndsp_user_dashboard_gateway.cjs	268	00df7b0f1a1ce584e6bc38e47a6bc91547c4db63824decad9327862acbf2515e	binanceCrypto(),	Candidate evidence only; manual verification required.
EVD-1d18d14efca5	INTEGRATION_DISCOVERY	INFERRED_FROM_SOURCE	backend/ndsp_user_login_gateway.cjs	ndsp_user_login_gateway.cjs	62	dc3536431799897b7a55b4d8a9625a413ced12b218cb1efa654c753783321254	function normalizeEmail(email) {	Candidate evidence only; manual verification required.
EVD-6a3c72fa7bf2	INTEGRATION_DISCOVERY	INFERRED_FROM_SOURCE	backend/ndsp_user_login_gateway.cjs	ndsp_user_login_gateway.cjs	63	dc3536431799897b7a55b4d8a9625a413ced12b218cb1efa654c753783321254	return String(email || '').trim().toLowerCase()	Candidate evidence only; manual verification required.
EVD-9883aa175b7e	INTEGRATION_DISCOVERY	INFERRED_FROM_SOURCE	backend/ndsp_user_login_gateway.cjs	ndsp_user_login_gateway.cjs	105	dc3536431799897b7a55b4d8a9625a413ced12b218cb1efa654c753783321254	email: user.email,	Candidate evidence only; manual verification required.
EVD-942d5a38fcd9	INTEGRATION_DISCOVERY	INFERRED_FROM_SOURCE	backend/ndsp_user_login_gateway.cjs	ndsp_user_login_gateway.cjs	207	dc3536431799897b7a55b4d8a9625a413ced12b218cb1efa654c753783321254	async function getUserByEmail(email) {	Candidate evidence only; manual verification required.
EVD-48b7921320db	INTEGRATION_DISCOVERY	INFERRED_FROM_SOURCE	backend/ndsp_user_login_gateway.cjs	ndsp_user_login_gateway.cjs	209	dc3536431799897b7a55b4d8a9625a413ced12b218cb1efa654c753783321254	`SELECT id,email,name,password_hash,plan,role,status,phone,email_verified,review_status,requested_segment,approved_segment,trial_segment,account_type,trial_started_at,trial_ends_at,trial_days,activated_at,created_at	Candidate evidence only; manual verification required.
EVD-3f71e8d2dc7f	INTEGRATION_DISCOVERY	INFERRED_FROM_SOURCE	backend/ndsp_user_login_gateway.cjs	ndsp_user_login_gateway.cjs	211	dc3536431799897b7a55b4d8a9625a413ced12b218cb1efa654c753783321254	WHERE lower(email)=lower($1)	Candidate evidence only; manual verification required.
EVD-585f412d22fa	INTEGRATION_DISCOVERY	INFERRED_FROM_SOURCE	backend/ndsp_user_login_gateway.cjs	ndsp_user_login_gateway.cjs	213	dc3536431799897b7a55b4d8a9625a413ced12b218cb1efa654c753783321254	[email]	Candidate evidence only; manual verification required.
EVD-c9a523e14340	INTEGRATION_DISCOVERY	INFERRED_FROM_SOURCE	backend/ndsp_user_login_gateway.cjs	ndsp_user_login_gateway.cjs	220	dc3536431799897b7a55b4d8a9625a413ced12b218cb1efa654c753783321254	`SELECT id,email,name,plan,role,status,phone	Candidate evidence only; manual verification required.
EVD-bd599c0ca6d8	INTEGRATION_DISCOVERY	INFERRED_FROM_SOURCE	backend/ndsp_user_login_gateway.cjs	ndsp_user_login_gateway.cjs	240	dc3536431799897b7a55b4d8a9625a413ced12b218cb1efa654c753783321254	const email = normalizeEmail(req.body && req.body.email)	Candidate evidence only; manual verification required.
EVD-3f37e05c2049	INTEGRATION_DISCOVERY	INFERRED_FROM_SOURCE	backend/ndsp_user_login_gateway.cjs	ndsp_user_login_gateway.cjs	243	dc3536431799897b7a55b4d8a9625a413ced12b218cb1efa654c753783321254	if (!email || !password) {	Candidate evidence only; manual verification required.
EVD-eb70f3e6039f	INTEGRATION_DISCOVERY	INFERRED_FROM_SOURCE	backend/ndsp_user_login_gateway.cjs	ndsp_user_login_gateway.cjs	244	dc3536431799897b7a55b4d8a9625a413ced12b218cb1efa654c753783321254	return send(res, 400, { ok: false, error: 'EMAIL_PASSWORD_REQUIRED', message: 'البريد وكلمة المرور مطلوبة.' })	Candidate evidence only; manual verification required.
EVD-936eef654ffb	INTEGRATION_DISCOVERY	INFERRED_FROM_SOURCE	backend/ndsp_user_login_gateway.cjs	ndsp_user_login_gateway.cjs	247	dc3536431799897b7a55b4d8a9625a413ced12b218cb1efa654c753783321254	const user = await getUserByEmail(email)	Candidate evidence only; manual verification required.
EVD-4c777cd383c8	INTEGRATION_DISCOVERY	INFERRED_FROM_SOURCE	backend/ndsp_user_login_gateway.cjs	ndsp_user_login_gateway.cjs	270	dc3536431799897b7a55b4d8a9625a413ced12b218cb1efa654c753783321254	{ sub: String(user.id), email: user.email, purpose: '2fa_login', challenge },	Candidate evidence only; manual verification required.
EVD-7b6e228ac0bf	INTEGRATION_DISCOVERY	INFERRED_FROM_SOURCE	backend/ndsp_user_login_gateway.cjs	ndsp_user_login_gateway.cjs	307	dc3536431799897b7a55b4d8a9625a413ced12b218cb1efa654c753783321254	email: user.email,	Candidate evidence only; manual verification required.
EVD-9b369d7b1013	INTEGRATION_DISCOVERY	INFERRED_FROM_SOURCE	backend/ndsp_user_login_gateway.cjs	ndsp_user_login_gateway.cjs	383	dc3536431799897b7a55b4d8a9625a413ced12b218cb1efa654c753783321254	email: user.email,	Candidate evidence only; manual verification required.
EVD-2bef8b1f7d6c	INTEGRATION_DISCOVERY	INFERRED_FROM_SOURCE	backend/ndsp_user_login_gateway.cjs	ndsp_user_login_gateway.cjs	451	dc3536431799897b7a55b4d8a9625a413ced12b218cb1efa654c753783321254	const label = encodeURIComponent(`${issuer}:${user.email}`)	Candidate evidence only; manual verification required.
EVD-aa0bceb41361	INTEGRATION_DISCOVERY	INFERRED_FROM_SOURCE	backend/ndsp_user_login_gateway.cjs	ndsp_user_login_gateway.cjs	539	dc3536431799897b7a55b4d8a9625a413ced12b218cb1efa654c753783321254	function ndsp2faKeyuri(email, issuer, secret) {	Candidate evidence only; manual verification required.
EVD-c54323fe393b	INTEGRATION_DISCOVERY	INFERRED_FROM_SOURCE	backend/ndsp_user_login_gateway.cjs	ndsp_user_login_gateway.cjs	541	dc3536431799897b7a55b4d8a9625a413ced12b218cb1efa654c753783321254	return ndsp2faAuth.keyuri(email, issuer, secret);	Candidate evidence only; manual verification required.
EVD-970cd7bc9082	INTEGRATION_DISCOVERY	INFERRED_FROM_SOURCE	backend/ndsp_user_login_gateway.cjs	ndsp_user_login_gateway.cjs	543	dc3536431799897b7a55b4d8a9625a413ced12b218cb1efa654c753783321254	const label = encodeURIComponent(`${issuer}:${email}`);	Candidate evidence only; manual verification required.
EVD-0325d1154d09	INTEGRATION_DISCOVERY	INFERRED_FROM_SOURCE	backend/ndsp_user_login_gateway.cjs	ndsp_user_login_gateway.cjs	575	dc3536431799897b7a55b4d8a9625a413ced12b218cb1efa654c753783321254	const email = String((req.body && req.body.email) || '').trim().toLowerCase();	Candidate evidence only; manual verification required.
EVD-6ebfbffcefaa	INTEGRATION_DISCOVERY	INFERRED_FROM_SOURCE	backend/package_reference/install_ndsp_backend_NOT_RUN.sh	install_ndsp_backend_NOT_RUN.sh	144	477dff65df745c0801b80cb9c30065c956bb2860b99cf2e87e8cfb35a5799089	"if grep -rqE '^(JWT_SECRET|DATABASE_URL|TWELVEDATA_API_KEY|NOWPAYMENTS_API_KEY|TELEGRAM_BOT_TOKEN)=.+' ""$BACKEND/.env.example"" 2>/dev/null; then"	Candidate evidence only; manual verification required.
EVD-48810ac1c57d	INTEGRATION_DISCOVERY	INFERRED_FROM_SOURCE	backend/password_reset_gateway/package-lock.json	package-lock.json	13	9c75f4f4730a315bbb69c41b8ca26b4779ddcd56261ea555e31779c8ecdc45e3	"""nodemailer"": ""^6.9.13"","	Candidate evidence only; manual verification required.
EVD-b423cfcf2461	INTEGRATION_DISCOVERY	INFERRED_FROM_SOURCE	backend/password_reset_gateway/package-lock.json	package-lock.json	944	9c75f4f4730a315bbb69c41b8ca26b4779ddcd56261ea555e31779c8ecdc45e3	"""node_modules/nodemailer"": {"	Candidate evidence only; manual verification required.
EVD-5733c69569a5	INTEGRATION_DISCOVERY	INFERRED_FROM_SOURCE	backend/password_reset_gateway/package-lock.json	package-lock.json	946	9c75f4f4730a315bbb69c41b8ca26b4779ddcd56261ea555e31779c8ecdc45e3	"""resolved"": ""https://registry.npmjs.org/nodemailer/-/nodemailer-6.10.1.tgz"","	Candidate evidence only; manual verification required.
EVD-e662ec9cdbc5	INTEGRATION_DISCOVERY	INFERRED_FROM_SOURCE	backend/password_reset_gateway/package.json	package.json	9	0610200e95f9cce8cadf3ad6eb470cea85876c508138f382e0cc529359bc019b	"""nodemailer"": ""^6.9.13"","	Candidate evidence only; manual verification required.
EVD-b0122c52ad85	INTEGRATION_DISCOVERY	INFERRED_FROM_SOURCE	backend/password_reset_gateway/server.js	server.js	4	b07b902935bca5057d7d64f5afd1bab510721b0e404bb9e75eacaf3c9b7fe4b3	const nodemailer = require('nodemailer');	Candidate evidence only; manual verification required.
EVD-189a498fdbad	INTEGRATION_DISCOVERY	INFERRED_FROM_SOURCE	backend/password_reset_gateway/server.js	server.js	22	b07b902935bca5057d7d64f5afd1bab510721b0e404bb9e75eacaf3c9b7fe4b3	const mailer = nodemailer.createTransport({	Candidate evidence only; manual verification required.
EVD-2dd941aba99e	INTEGRATION_DISCOVERY	INFERRED_FROM_SOURCE	backend/password_reset_gateway/server.js	server.js	25	b07b902935bca5057d7d64f5afd1bab510721b0e404bb9e75eacaf3c9b7fe4b3	user: process.env.SMTP_USER || 'ndsp.app@gmail.com',	Candidate evidence only; manual verification required.
EVD-9d604c2711f1	INTEGRATION_DISCOVERY	INFERRED_FROM_SOURCE	backend/password_reset_gateway/server.js	server.js	26	b07b902935bca5057d7d64f5afd1bab510721b0e404bb9e75eacaf3c9b7fe4b3	pass: REDACTED || process.env.SMTP_PASSWORD,	Candidate evidence only; manual verification required.
EVD-da6da9d26e5c	INTEGRATION_DISCOVERY	INFERRED_FROM_SOURCE	backend/password_reset_gateway/server.js	server.js	74	b07b902935bca5057d7d64f5afd1bab510721b0e404bb9e75eacaf3c9b7fe4b3	const email = String((req.body || {}).email || '').toLowerCase().trim();	Candidate evidence only; manual verification required.
EVD-e65482100175	INTEGRATION_DISCOVERY	INFERRED_FROM_SOURCE	backend/password_reset_gateway/server.js	server.js	75	b07b902935bca5057d7d64f5afd1bab510721b0e404bb9e75eacaf3c9b7fe4b3	if (!email) return res.status(400).json({ success: false, message: 'Email is required' });	Candidate evidence only; manual verification required.
EVD-912a5c1ec936	INTEGRATION_DISCOVERY	INFERRED_FROM_SOURCE	backend/password_reset_gateway/server.js	server.js	77	b07b902935bca5057d7d64f5afd1bab510721b0e404bb9e75eacaf3c9b7fe4b3	const safe = { success: true, message: 'If this email exists, a reset link has been sent' };	Candidate evidence only; manual verification required.
EVD-2e313a34d392	INTEGRATION_DISCOVERY	INFERRED_FROM_SOURCE	backend/password_reset_gateway/server.js	server.js	80	b07b902935bca5057d7d64f5afd1bab510721b0e404bb9e75eacaf3c9b7fe4b3	'SELECT id, name, email FROM users WHERE LOWER(email) = $1 LIMIT 1',	Candidate evidence only; manual verification required.
EVD-4e5ae0599fac	INTEGRATION_DISCOVERY	INFERRED_FROM_SOURCE	backend/password_reset_gateway/server.js	server.js	81	b07b902935bca5057d7d64f5afd1bab510721b0e404bb9e75eacaf3c9b7fe4b3	[email]	Candidate evidence only; manual verification required.
EVD-9ac00ad5f6df	INTEGRATION_DISCOVERY	INFERRED_FROM_SOURCE	backend/password_reset_gateway/server.js	server.js	99	b07b902935bca5057d7d64f5afd1bab510721b0e404bb9e75eacaf3c9b7fe4b3	const link = `${frontend}/reset-password.html?token=REDACTED}&email=${encodeURIComponent(user.email)}`;	Candidate evidence only; manual verification required.
EVD-3e99fa46ad2a	INTEGRATION_DISCOVERY	INFERRED_FROM_SOURCE	backend/password_reset_gateway/server.js	server.js	102	b07b902935bca5057d7d64f5afd1bab510721b0e404bb9e75eacaf3c9b7fe4b3	from: process.env.SMTP_FROM || 'NDSP <ndsp.app@gmail.com>',	Candidate evidence only; manual verification required.
EVD-da9bc3b71f85	INTEGRATION_DISCOVERY	INFERRED_FROM_SOURCE	backend/password_reset_gateway/server.js	server.js	103	b07b902935bca5057d7d64f5afd1bab510721b0e404bb9e75eacaf3c9b7fe4b3	to: user.email,	Candidate evidence only; manual verification required.
EVD-7a3d2dce43cf	INTEGRATION_DISCOVERY	INFERRED_FROM_SOURCE	backend/password_reset_gateway/server.js	server.js	117	b07b902935bca5057d7d64f5afd1bab510721b0e404bb9e75eacaf3c9b7fe4b3	const email = String((req.body || {}).email || '').toLowerCase().trim();	Candidate evidence only; manual verification required.
EVD-f61ed925f268	INTEGRATION_DISCOVERY	INFERRED_FROM_SOURCE	backend/password_reset_gateway/server.js	server.js	121	b07b902935bca5057d7d64f5afd1bab510721b0e404bb9e75eacaf3c9b7fe4b3	if (!email) return res.status(400).json({ success: false, message: 'Email is required' });	Candidate evidence only; manual verification required.
EVD-5bb48617e502	INTEGRATION_DISCOVERY	INFERRED_FROM_SOURCE	backend/password_reset_gateway/server.js	server.js	126	b07b902935bca5057d7d64f5afd1bab510721b0e404bb9e75eacaf3c9b7fe4b3	`SELECT id, email, password_reset_expires_at	Candidate evidence only; manual verification required.
EVD-20bb249be920	INTEGRATION_DISCOVERY	INFERRED_FROM_SOURCE	backend/password_reset_gateway/server.js	server.js	128	b07b902935bca5057d7d64f5afd1bab510721b0e404bb9e75eacaf3c9b7fe4b3	WHERE LOWER(email)=$1	Candidate evidence only; manual verification required.
EVD-8e490b95723a	INTEGRATION_DISCOVERY	INFERRED_FROM_SOURCE	backend/password_reset_gateway/server.js	server.js	131	b07b902935bca5057d7d64f5afd1bab510721b0e404bb9e75eacaf3c9b7fe4b3	[email, resetToken]	Candidate evidence only; manual verification required.
EVD-08d724396cb7	INTEGRATION_DISCOVERY	INFERRED_FROM_SOURCE	backend/password_reset_gateway/server.js	server.js	135	b07b902935bca5057d7d64f5afd1bab510721b0e404bb9e75eacaf3c9b7fe4b3	return res.status(400).json({ success: false, message: 'Invalid reset token or email' });	Candidate evidence only; manual verification required.
EVD-4266e8968d63	INTEGRATION_DISCOVERY	INFERRED_FROM_SOURCE	backend/portal_snapshot_generator.cjs	portal_snapshot_generator.cjs	541	8ab2e3dae7da4206b7d8466c1eec4c51f75ce77e886ae826aa13b955daa150c2	? buildDailyBriefPayload(market.data, scenario.data, dailyBriefAssetSnapshot.data)	Candidate evidence only; manual verification required.
EVD-fc7a759248cb	INTEGRATION_DISCOVERY	INFERRED_FROM_SOURCE	backend/portal_snapshot_generator.cjs	portal_snapshot_generator.cjs	546	8ab2e3dae7da4206b7d8466c1eec4c51f75ce77e886ae826aa13b955daa150c2	market.data,	Candidate evidence only; manual verification required.
EVD-7d53d19fd8e7	INTEGRATION_DISCOVERY	INFERRED_FROM_SOURCE	backend/portal_snapshot_generator.cjs	portal_snapshot_generator.cjs	549	8ab2e3dae7da4206b7d8466c1eec4c51f75ce77e886ae826aa13b955daa150c2	: buildPayload(market.data, scenario.data, portalAsset.data);	Candidate evidence only; manual verification required.
EVD-cb4f6b1e00a4	INTEGRATION_DISCOVERY	INFERRED_FROM_SOURCE	backend/schema.sql	schema.sql	6	16ab26d1f911bb08fe1751b533055d6acd6430fef8d7fe6525ed2cca556567dd	email TEXT NOT NULL,	Candidate evidence only; manual verification required.
EVD-49cc0f305246	INTEGRATION_DISCOVERY	INFERRED_FROM_SOURCE	backend/schema.sql	schema.sql	15	16ab26d1f911bb08fe1751b533055d6acd6430fef8d7fe6525ed2cca556567dd	CREATE UNIQUE INDEX IF NOT EXISTS users_email_unique_idx ON users (lower(email));	Candidate evidence only; manual verification required.
EVD-a38fd60f151b	INTEGRATION_DISCOVERY	INFERRED_FROM_SOURCE	backend/scripts/verify_ndsp_backend_package.sh	verify_ndsp_backend_package.sh	31	e7e1e4d7c96a1471f081a8e66cd8fad101708071e175c9f255999ca72655fcf9	"if grep -qE '^(JWT_SECRET|DATABASE_URL|TWELVEDATA_API_KEY|NOWPAYMENTS_API_KEY|TELEGRAM_BOT_TOKEN)=.+' ""$BACKEND/.env.example""; then"	Candidate evidence only; manual verification required.
EVD-35d3fe68d47d	INTEGRATION_DISCOVERY	INFERRED_FROM_SOURCE	backend/server.js	server.js	8	104c25b6180700f4ced37c402a8aec3ee1ac219122aa4f0375a4f17948c47477	if (msg.includes('ux_users_email_lower')) {	Candidate evidence only; manual verification required.
EVD-374683702650	INTEGRATION_DISCOVERY	INFERRED_FROM_SOURCE	backend/server.js	server.js	9	104c25b6180700f4ced37c402a8aec3ee1ac219122aa4f0375a4f17948c47477	return { ok:false, code:'DUPLICATE_EMAIL', message:'البريد الإلكتروني مستخدم سابقًا' };	Candidate evidence only; manual verification required.
EVD-90b7d13d7a70	INTEGRATION_DISCOVERY	INFERRED_FROM_SOURCE	backend/server.js	server.js	23	104c25b6180700f4ced37c402a8aec3ee1ac219122aa4f0375a4f17948c47477	function ndspBuildOtpAuthUri(email, secret) {	Candidate evidence only; manual verification required.
EVD-9edf8c6dd667	INTEGRATION_DISCOVERY	INFERRED_FROM_SOURCE	backend/server.js	server.js	26	104c25b6180700f4ced37c402a8aec3ee1ac219122aa4f0375a4f17948c47477	label: String(email || 'ndsp-user'),	Candidate evidence only; manual verification required.
EVD-3838b8559913	INTEGRATION_DISCOVERY	INFERRED_FROM_SOURCE	backend/server.js	server.js	52	104c25b6180700f4ced37c402a8aec3ee1ac219122aa4f0375a4f17948c47477	/* NDSP_NOWPAYMENTS_START */	Candidate evidence only; manual verification required.
EVD-fa2fc8c1b64f	INTEGRATION_DISCOVERY	INFERRED_FROM_SOURCE	backend/server.js	server.js	54	104c25b6180700f4ced37c402a8aec3ee1ac219122aa4f0375a4f17948c47477	const { installNowPayments } = require('/home/nawaf511/empire-core-new/backend/auth_api/ndsp_nowpayments.cjs');	Candidate evidence only; manual verification required.
EVD-1d9865621434	INTEGRATION_DISCOVERY	INFERRED_FROM_SOURCE	backend/server.js	server.js	55	104c25b6180700f4ced37c402a8aec3ee1ac219122aa4f0375a4f17948c47477	installNowPayments(app);	Candidate evidence only; manual verification required.
EVD-6df33bb77dcf	INTEGRATION_DISCOVERY	INFERRED_FROM_SOURCE	backend/server.js	server.js	57	104c25b6180700f4ced37c402a8aec3ee1ac219122aa4f0375a4f17948c47477	console.error('❌ NDSP NOWPayments failed:', e);	Candidate evidence only; manual verification required.
EVD-4cd1697fabfc	INTEGRATION_DISCOVERY	INFERRED_FROM_SOURCE	backend/server.js	server.js	60	104c25b6180700f4ced37c402a8aec3ee1ac219122aa4f0375a4f17948c47477	/* NDSP_NOWPAYMENTS_END */	Candidate evidence only; manual verification required.
EVD-94740fe4ab27	INTEGRATION_DISCOVERY	INFERRED_FROM_SOURCE	backend/server.js	server.js	92	104c25b6180700f4ced37c402a8aec3ee1ac219122aa4f0375a4f17948c47477	const ADMIN_EMAIL = (process.env.ADMIN_EMAIL || 'ndsp.app@gmail.com').toLowerCase();	Candidate evidence only; manual verification required.
EVD-d847268e77d0	INTEGRATION_DISCOVERY	INFERRED_FROM_SOURCE	backend/server.js	server.js	118	104c25b6180700f4ced37c402a8aec3ee1ac219122aa4f0375a4f17948c47477	function ndspCreateOtpAuthUrl(email, secret) {	Candidate evidence only; manual verification required.
EVD-f3b3f4983fca	INTEGRATION_DISCOVERY	INFERRED_FROM_SOURCE	backend/server.js	server.js	120	104c25b6180700f4ced37c402a8aec3ee1ac219122aa4f0375a4f17948c47477	const label = encodeURIComponent(String(email || 'ndsp-user'));	Candidate evidence only; manual verification required.
EVD-4dffaa80ec54	INTEGRATION_DISCOVERY	INFERRED_FROM_SOURCE	backend/server.js	server.js	136	104c25b6180700f4ced37c402a8aec3ee1ac219122aa4f0375a4f17948c47477	email: user.email,	Candidate evidence only; manual verification required.
EVD-f2483e6fbe9f	INTEGRATION_DISCOVERY	INFERRED_FROM_SOURCE	backend/server.js	server.js	178	104c25b6180700f4ced37c402a8aec3ee1ac219122aa4f0375a4f17948c47477	const email = String(req.body.email || '').trim().toLowerCase();	Candidate evidence only; manual verification required.
EVD-4beeb5f6eff5	INTEGRATION_DISCOVERY	INFERRED_FROM_SOURCE	backend/server.js	server.js	182	104c25b6180700f4ced37c402a8aec3ee1ac219122aa4f0375a4f17948c47477	if (!name || !email || password.length < 6) {	Candidate evidence only; manual verification required.
EVD-02dabd5f8eeb	INTEGRATION_DISCOVERY	INFERRED_FROM_SOURCE	backend/server.js	server.js	186	104c25b6180700f4ced37c402a8aec3ee1ac219122aa4f0375a4f17948c47477	const role = email === ADMIN_EMAIL ? 'admin' : 'user';	Candidate evidence only; manual verification required.
EVD-c26f208558cb	INTEGRATION_DISCOVERY	INFERRED_FROM_SOURCE	backend/server.js	server.js	191	104c25b6180700f4ced37c402a8aec3ee1ac219122aa4f0375a4f17948c47477	`INSERT INTO users (name, email, password_hash, plan, role)	Candidate evidence only; manual verification required.
EVD-fd606f1d018e	INTEGRATION_DISCOVERY	INFERRED_FROM_SOURCE	backend/server.js	server.js	193	104c25b6180700f4ced37c402a8aec3ee1ac219122aa4f0375a4f17948c47477	RETURNING id, name, email, plan, role, trial_day, trial_started_at, trial_ends_at, activated_at, created_at`,	Candidate evidence only; manual verification required.
EVD-852ce4f81331	INTEGRATION_DISCOVERY	INFERRED_FROM_SOURCE	backend/server.js	server.js	194	104c25b6180700f4ced37c402a8aec3ee1ac219122aa4f0375a4f17948c47477	[name, email, passwordHash, plan, role]	Candidate evidence only; manual verification required.
EVD-e45631a4708c	INTEGRATION_DISCOVERY	INFERRED_FROM_SOURCE	backend/server.js	server.js	208	104c25b6180700f4ced37c402a8aec3ee1ac219122aa4f0375a4f17948c47477	if (String(err.message).includes('users_email_unique_idx')) {	Candidate evidence only; manual verification required.
EVD-6563fcdb7499	INTEGRATION_DISCOVERY	INFERRED_FROM_SOURCE	deploy_frontend_from_apps.sh	deploy_frontend_from_apps.sh	72	29e76d79e98b4db20985a7181d724f170b0eeaf663793a9bcbebe4961e34c3c5	"OLD_ROUTE=""/api/v6/payments/nowpayments/subscription/create"""	Candidate evidence only; manual verification required.
EVD-58764468dbc5	INTEGRATION_DISCOVERY	INFERRED_FROM_SOURCE	deploy_frontend_from_apps.sh	deploy_frontend_from_apps.sh	73	29e76d79e98b4db20985a7181d724f170b0eeaf663793a9bcbebe4961e34c3c5	"NEW_ROUTE=""/api/payments/nowpayments/subscription/create"""	Candidate evidence only; manual verification required.
EVD-65422348a6a3	INTEGRATION_DISCOVERY	INFERRED_FROM_SOURCE	deploy_frontend_from_apps.sh	deploy_frontend_from_apps.sh	114	29e76d79e98b4db20985a7181d724f170b0eeaf663793a9bcbebe4961e34c3c5	"probe_post checkout_working ""https://my.ndsp.app/api/payments/nowpayments/subscription/create"" '{""email"":""audit-apps-deploy@example.invalid"",""plan"":""pro"",""network"":""TRC20""}'"	Candidate evidence only; manual verification required.
EVD-206c868f3e18	INTEGRATION_DISCOVERY	INFERRED_FROM_SOURCE	deploy_frontend_from_apps.sh	deploy_frontend_from_apps.sh	115	29e76d79e98b4db20985a7181d724f170b0eeaf663793a9bcbebe4961e34c3c5	"probe_post trial_working ""https://my.ndsp.app/api/trial/register"" '{""email"":""audit-apps-deploy@example.invalid"",""name"":""NDSP Audit Apps Deploy""}'"	Candidate evidence only; manual verification required.
EVD-f143f07b9461	INTEGRATION_DISCOVERY	DOCUMENTATION_ONLY	docs/02-architecture/core/NDSP_16_LAYER_CORE_AND_FUTURE_INTEGRATION_BLUEPRINT_AR.md	NDSP_16_LAYER_CORE_AND_FUTURE_INTEGRATION_BLUEPRINT_AR.md	129	a7a742ebba32fd093278b28dc8bbf152bcba1d96794f5a18473409ac2fbf95b5	Market Data Ingestion	Candidate evidence only; manual verification required.
EVD-e8c8e165a56a	INTEGRATION_DISCOVERY	DOCUMENTATION_ONLY	docs/02-architecture/core/NDSP_16_LAYER_CORE_AND_FUTURE_INTEGRATION_BLUEPRINT_AR.md	NDSP_16_LAYER_CORE_AND_FUTURE_INTEGRATION_BLUEPRINT_AR.md	210	a7a742ebba32fd093278b28dc8bbf152bcba1d96794f5a18473409ac2fbf95b5	### 5.6 مستوى التكامل الخارجي	Candidate evidence only; manual verification required.
EVD-a1f262e59b41	INTEGRATION_DISCOVERY	DOCUMENTATION_ONLY	docs/02-architecture/core/NDSP_16_LAYER_CORE_AND_FUTURE_INTEGRATION_BLUEPRINT_AR.md	NDSP_16_LAYER_CORE_AND_FUTURE_INTEGRATION_BLUEPRINT_AR.md	215	a7a742ebba32fd093278b28dc8bbf152bcba1d96794f5a18473409ac2fbf95b5	Webhooks	Candidate evidence only; manual verification required.
EVD-2a4a1e0745bf	INTEGRATION_DISCOVERY	DOCUMENTATION_ONLY	docs/02-architecture/core/NDSP_16_LAYER_CORE_AND_FUTURE_INTEGRATION_BLUEPRINT_EN.md	NDSP_16_LAYER_CORE_AND_FUTURE_INTEGRATION_BLUEPRINT_EN.md	127	253da6c5cb2b471847625f5edabbab0882d66115d0638eb22aaf9440f6e7a2c2	Market Data Ingestion	Candidate evidence only; manual verification required.
EVD-2948d3430082	INTEGRATION_DISCOVERY	DOCUMENTATION_ONLY	docs/02-architecture/core/NDSP_16_LAYER_CORE_AND_FUTURE_INTEGRATION_BLUEPRINT_EN.md	NDSP_16_LAYER_CORE_AND_FUTURE_INTEGRATION_BLUEPRINT_EN.md	211	253da6c5cb2b471847625f5edabbab0882d66115d0638eb22aaf9440f6e7a2c2	Webhooks	Candidate evidence only; manual verification required.
EVD-9767bbb71a81	INTEGRATION_DISCOVERY	DOCUMENTATION_ONLY	docs/99-governance/pr-004-runtime-dependency-map/FINAL_RUNTIME_DEPENDENCY_MAP.json	FINAL_RUNTIME_DEPENDENCY_MAP.json	95	579336a09ee02b81a26ee6070decff87f83c96e9e6735c09e23ab670f5d84464	"""target"": ""api.binance.com"","	Candidate evidence only; manual verification required.
EVD-0d820f336ada	INTEGRATION_DISCOVERY	DOCUMENTATION_ONLY	docs/99-governance/pr-004-runtime-dependency-map/FINAL_RUNTIME_DEPENDENCY_MAP.json	FINAL_RUNTIME_DEPENDENCY_MAP.json	104	579336a09ee02b81a26ee6070decff87f83c96e9e6735c09e23ab670f5d84464	"""notes"": ""Third-party market-data endpoint."""	Candidate evidence only; manual verification required.
EVD-5ec223f8df55	INTEGRATION_DISCOVERY	DOCUMENTATION_ONLY	docs/99-governance/pr-004-runtime-dependency-map/FINAL_RUNTIME_DEPENDENCY_MAP.json	FINAL_RUNTIME_DEPENDENCY_MAP.json	118	579336a09ee02b81a26ee6070decff87f83c96e9e6735c09e23ab670f5d84464	"""notes"": ""Third-party market-data endpoint."""	Candidate evidence only; manual verification required.
EVD-d69d31ff17f5	INTEGRATION_DISCOVERY	DOCUMENTATION_ONLY	docs/99-governance/pr-004-runtime-dependency-map/FINAL_RUNTIME_DEPENDENCY_MAP.json	FINAL_RUNTIME_DEPENDENCY_MAP.json	132	579336a09ee02b81a26ee6070decff87f83c96e9e6735c09e23ab670f5d84464	"""notes"": ""Third-party market-data endpoint."""	Candidate evidence only; manual verification required.
EVD-94ba90c19063	INTEGRATION_DISCOVERY	DOCUMENTATION_ONLY	docs/99-governance/pr-004-runtime-dependency-map/PR-004-FINAL-RUNTIME-DEPENDENCY-MAP.md	PR-004-FINAL-RUNTIME-DEPENDENCY-MAP.md	37	615c6306ecd526ebc235964f8dfa6d4c40c29c3589b5a234bc85940c526ced22	| `ndsp-live-decision-quality` | `EXTERNAL_DATA_PROVIDER` | `api.binance.com` | `THIRD_PARTY_SERVICE` | `https` | `443` | `ACCEPTED` |	Candidate evidence only; manual verification required.
EVD-44ada88f56b5	INTEGRATION_DISCOVERY	DOCUMENTATION_ONLY	docs/99-governance/pr-006-network-exposure-map/FINAL_NETWORK_EXPOSURE_MAP.json	FINAL_NETWORK_EXPOSURE_MAP.json	80	4d672f5fd5313bc9ca3ab5cda21f0a89934b81ab6ecbb3cdd6ea620cae90fdc9	"""protocol_hint"": ""SMTP"","	Candidate evidence only; manual verification required.
EVD-32a9ac403c23	INTEGRATION_DISCOVERY	DOCUMENTATION_ONLY	docs/99-governance/pr-006-network-exposure-map/FINAL_NETWORK_EXPOSURE_MAP.json	FINAL_NETWORK_EXPOSURE_MAP.json	99	4d672f5fd5313bc9ca3ab5cda21f0a89934b81ab6ecbb3cdd6ea620cae90fdc9	"""protocol_hint"": ""SMTP"","	Candidate evidence only; manual verification required.
EVD-8ded7942e42f	INTEGRATION_DISCOVERY	DOCUMENTATION_ONLY	docs/99-governance/pr-006-network-exposure-map/FINAL_NETWORK_EXPOSURE_MAP.json	FINAL_NETWORK_EXPOSURE_MAP.json	1461	4d672f5fd5313bc9ca3ab5cda21f0a89934b81ab6ecbb3cdd6ea620cae90fdc9	"""systemd_unit"": ""ndsp-market-data-bridge-v2.service"","	Candidate evidence only; manual verification required.
EVD-e52ec5615686	INTEGRATION_DISCOVERY	DOCUMENTATION_ONLY	docs/99-governance/pr-006-network-exposure-map/PR-006-FINAL-NETWORK-EXPOSURE-MAP.md	PR-006-FINAL-NETWORK-EXPOSURE-MAP.md	118	1cc5348d68c32f4d0d332a2ddd966bf13805bf3e52bfcdca4692a5035b8f0de9	| `tcp` | `127.0.0.1` | `9095` | `python3` | `ndsp-market-data-bridge-v2.service` | `-` | `NON_CANONICAL_APPLICATION` | `ACCEPTED_WITH_OWNERSHIP_WARNING` |	Candidate evidence only; manual verification required.
EVD-db3985c33246	INTEGRATION_DISCOVERY	DOCUMENTATION_ONLY	docs/99-governance/pr-006-network-exposure-map/PR-006-NETWORK-EXPOSURE-REVIEW-NOTES.md	PR-006-NETWORK-EXPOSURE-REVIEW-NOTES.md	14	1f058bc3a47b23dbb561b50f683004a41c3a57ebe0b582227d8ed6451ec0f42e	- SSH, SMTP, Nginx, XRDP, PostgreSQL, Redis, Docker proxy, and other host dependencies are documented separately from canonical NDSP ownership.	Candidate evidence only; manual verification required.
EVD-4a3c97f1f2b6	INTEGRATION_DISCOVERY	DOCUMENTATION_ONLY	docs/99-governance/pr-007-noncanonical-ownership/FINAL_NONCANONICAL_OWNERSHIP_MAP.json	FINAL_NONCANONICAL_OWNERSHIP_MAP.json	863	5239677f1cdf01ad470167a5b0865378ae4d36e70ccc2aabe194d4b478a35b15	"""command_line"": ""python3 /home/nawaf511/empire-core-new/backend/services/ndsp-telegram-notifications-v182/server.py"","	Candidate evidence only; manual verification required.
EVD-cc25181e470e	INTEGRATION_DISCOVERY	DOCUMENTATION_ONLY	docs/99-governance/pr-007-noncanonical-ownership/FINAL_NONCANONICAL_OWNERSHIP_MAP.json	FINAL_NONCANONICAL_OWNERSHIP_MAP.json	955	5239677f1cdf01ad470167a5b0865378ae4d36e70ccc2aabe194d4b478a35b15	"""command_line"": ""/usr/bin/python3 /opt/ndsp-market-data-bridge-v2/bridge.py"","	Candidate evidence only; manual verification required.
EVD-e1632a23d0cb	INTEGRATION_DISCOVERY	DOCUMENTATION_ONLY	docs/99-governance/pr-007-noncanonical-ownership/FINAL_NONCANONICAL_OWNERSHIP_MAP.json	FINAL_NONCANONICAL_OWNERSHIP_MAP.json	957	5239677f1cdf01ad470167a5b0865378ae4d36e70ccc2aabe194d4b478a35b15	"""systemd_unit"": ""ndsp-market-data-bridge-v2.service"","	Candidate evidence only; manual verification required.
EVD-924a194d3488	INTEGRATION_DISCOVERY	DOCUMENTATION_ONLY	docs/99-governance/pr-007-noncanonical-ownership/FINAL_NONCANONICAL_OWNERSHIP_MAP.json	FINAL_NONCANONICAL_OWNERSHIP_MAP.json	958	5239677f1cdf01ad470167a5b0865378ae4d36e70ccc2aabe194d4b478a35b15	"""observed_component"": ""ndsp-market-data-bridge-v2"","	Candidate evidence only; manual verification required.
EVD-157e00f8f1df	INTEGRATION_DISCOVERY	DOCUMENTATION_ONLY	docs/99-governance/pr-007-noncanonical-ownership/FINAL_NONCANONICAL_OWNERSHIP_MAP.json	FINAL_NONCANONICAL_OWNERSHIP_MAP.json	963	5239677f1cdf01ad470167a5b0865378ae4d36e70ccc2aabe194d4b478a35b15	"""decision_reason"": ""Market-data bridge provides shared external integration infrastructure."","	Candidate evidence only; manual verification required.
EVD-75858495c910	INTEGRATION_DISCOVERY	DOCUMENTATION_ONLY	docs/99-governance/pr-007-noncanonical-ownership/PR-007-NONCANONICAL-OWNERSHIP.md	PR-007-NONCANONICAL-OWNERSHIP.md	78	b5a7503aec83afd11812a1ae4495f7b392a7761c2e46891a3bfdbb520427a6e1	| `PR007-041` | `ndsp-market-data-bridge-v2` | `9095` | `ndsp-market-data-bridge-v2.service` | `NDSP platform` | `SHARED_INFRASTRUCTURE` | `GOVERNANCE_APPROVED` |	Candidate evidence only; manual verification required.
EVD-ca5054f6faa7	INTEGRATION_DISCOVERY	DOCUMENTATION_ONLY	docs/99-governance/pr-007-noncanonical-ownership/PR-007-NONCANONICAL-OWNERSHIP.md	PR-007-NONCANONICAL-OWNERSHIP.md	139	b5a7503aec83afd11812a1ae4495f7b392a7761c2e46891a3bfdbb520427a6e1	| `PR007-041` | `ndsp-market-data-bridge-v2` | `9095` | `ndsp-market-data-bridge-v2.service` | `NDSP platform` | `SHARED_INFRASTRUCTURE` | `GOVERNANCE_APPROVED` |	Candidate evidence only; manual verification required.
EVD-94d8683e40ac	INTEGRATION_DISCOVERY	DOCUMENTATION_ONLY	docs/99-governance/pr-007-noncanonical-ownership/PR-007-REVIEW-NOTES.md	PR-007-REVIEW-NOTES.md	29	b8f29c1e74a1bb41137bc6d22f51b741154eb14e422e9adbd7cd156b74946c26	| `PR007-041` | `ndsp-market-data-bridge-v2` | `9095` | `SHARED_INFRASTRUCTURE` | Market-data bridge provides shared external integration infrastructure. |	Candidate evidence only; manual verification required.
EVD-b977dbde3ec0	INTEGRATION_DISCOVERY	INFERRED_FROM_SOURCE	frontend/admin-console/NDSP_Admin_Console.html	NDSP_Admin_Console.html	199	ec2f74577258a70331e0996cd849caa228df6b264f0c0c4ee2a6472ef41f32ef	"<div class=""navitem"" data-v=""payments""><span class=""ic"">₪</span><span data-i=""nPayments"">المدفوعات</span><span class=""bdg"" id=""payCount"">3</span></div>"	Candidate evidence only; manual verification required.
EVD-85113cef2531	INTEGRATION_DISCOVERY	INFERRED_FROM_SOURCE	frontend/admin-console/NDSP_Admin_Console.html	NDSP_Admin_Console.html	271	ec2f74577258a70331e0996cd849caa228df6b264f0c0c4ee2a6472ef41f32ef	"""Registration Review"":""مراجعة التسجيل"",""BUSINESS"":""الأعمال"",""Packages"":""الباقات"",""Payments"":""المدفوعات"","	Candidate evidence only; manual verification required.
EVD-1a77ce16d87b	INTEGRATION_DISCOVERY	INFERRED_FROM_SOURCE	frontend/admin-console/NDSP_Admin_Console.html	NDSP_Admin_Console.html	273	ec2f74577258a70331e0996cd849caa228df6b264f0c0c4ee2a6472ef41f32ef	"""Alerts & Config"":""التنبيهات والإعدادات"",""Email"":""البريد"",""Telegram"":""تيليجرام"",""Health"":""الصحة التشغيلية"",""Reports"":""التقارير"","	Candidate evidence only; manual verification required.
EVD-72f0b6ba0545	INTEGRATION_DISCOVERY	INFERRED_FROM_SOURCE	frontend/admin-console/NDSP_Admin_Console.html	NDSP_Admin_Console.html	367	ec2f74577258a70331e0996cd849caa228df6b264f0c0c4ee2a6472ef41f32ef	"[""Overview"",""Users"",""Trials"",""Registration Review"",""Packages"",""Payments"",""Layer Governance"",""NMP Research Lab"",""Health"",""Reports"",""Backups"",""نظرة عامة"",""المستخدمون"",""التجارب"",""الباقات"",""المدفوعات""].forEach(function(x){"	Candidate evidence only; manual verification required.
EVD-111c1e47d602	INTEGRATION_DISCOVERY	INFERRED_FROM_SOURCE	frontend/admin-console/NDSP_Admin_Console.html	NDSP_Admin_Console.html	525	ec2f74577258a70331e0996cd849caa228df6b264f0c0c4ee2a6472ef41f32ef	<!-- ===== PAYMENTS ===== -->	Candidate evidence only; manual verification required.
EVD-ee92cb72b798	INTEGRATION_DISCOVERY	INFERRED_FROM_SOURCE	frontend/admin-console/NDSP_Admin_Console.html	NDSP_Admin_Console.html	526	ec2f74577258a70331e0996cd849caa228df6b264f0c0c4ee2a6472ef41f32ef	"<section class=""view"" data-view=""payments"">"	Candidate evidence only; manual verification required.
EVD-79707556e87d	INTEGRATION_DISCOVERY	INFERRED_FROM_SOURCE	frontend/admin-console/NDSP_Admin_Console.html	NDSP_Admin_Console.html	539	ec2f74577258a70331e0996cd849caa228df6b264f0c0c4ee2a6472ef41f32ef	"<div class=""muted-note"" data-i=""payNote""><b>الحوكمة:</b> منطق الدفع في الخادم. لا تفعيل تلقائي بلا اعتماد. بيانات تشغيل محمية البوابة (NOWPayments) لا تُعرض إطلاقًا.</div>"	Candidate evidence only; manual verification required.
EVD-c2e328ccf767	INTEGRATION_DISCOVERY	INFERRED_FROM_SOURCE	frontend/admin-console/NDSP_Admin_Console.html	NDSP_Admin_Console.html	601	ec2f74577258a70331e0996cd849caa228df6b264f0c0c4ee2a6472ef41f32ef	"<div class=""muted-note"" data-i=""cfgNote""><b>الحوكمة:</b> تُعرض الحالة (مُعدّ / غير مُعدّ) وآخر اختبار فقط. الرمز قناة محميات والبيانات تشغيل محمية (بوت تيليجرام، SMTP، البوابة) لا تُعرض أبدًا.</div>"	Candidate evidence only; manual verification required.
EVD-4530269b3ddf	INTEGRATION_DISCOVERY	INFERRED_FROM_SOURCE	frontend/admin-console/NDSP_Admin_Console.html	NDSP_Admin_Console.html	679	ec2f74577258a70331e0996cd849caa228df6b264f0c0c4ee2a6472ef41f32ef	"nOverview:""نظرة عامة"",nUsers:""المستخدمون"",nTrials:""التجارب"",nReview:""مراجعة التسجيل"",nPackages:""الباقات"",nPayments:""المدفوعات"","	Candidate evidence only; manual verification required.
EVD-77fc69801b1b	INTEGRATION_DISCOVERY	INFERRED_FROM_SOURCE	frontend/admin-console/NDSP_Admin_Console.html	NDSP_Admin_Console.html	698	ec2f74577258a70331e0996cd849caa228df6b264f0c0c4ee2a6472ef41f32ef	"payQueue:""المدفوعات والاشتراكات"",payNote:""<b>الحوكمة:</b> منطق الدفع في الخادم. لا تفعيل تلقائي بلا اعتماد. بيانات تشغيل محمية البوابة (NOWPayments) لا تُعرض إطلاقًا."","	Candidate evidence only; manual verification required.
EVD-de000295045b	INTEGRATION_DISCOVERY	INFERRED_FROM_SOURCE	frontend/admin-console/NDSP_Admin_Console.html	NDSP_Admin_Console.html	703	ec2f74577258a70331e0996cd849caa228df6b264f0c0c4ee2a6472ef41f32ef	"integrations:""قنوات التنبيه والإعدادات"",cfgNote:""<b>الحوكمة:</b> تُعرض الحالة (مُعدّ / غير مُعدّ) وآخر اختبار فقط. الرمز قناة محميات والبيانات تشغيل محمية (بوت تيليجرام، SMTP، البوابة) لا تُعرض أبدًا."","	Candidate evidence only; manual verification required.
EVD-ab94c7a25a6e	INTEGRATION_DISCOVERY	INFERRED_FROM_SOURCE	frontend/admin-console/NDSP_Admin_Console.html	NDSP_Admin_Console.html	710	ec2f74577258a70331e0996cd849caa228df6b264f0c0c4ee2a6472ef41f32ef	"titles:{overview:[""نظرة عامة"",""مركز عمليات DSP — لوحة الحوكمة والتشغيل""],users:[""المستخدمون"",""إدارة الحسابات والباقات وأوضاع اللوحة""],trials:[""التجارب"",""متابعة تجارب الـ١٦ يومًا ونية الترقية""],review:[""مراجعة التسجيل"",""قرارات مكافحة الإساءة والمراجعة اليدوية""],packages:[""الباقات"",""حدود الباقات المفروضة من الخادم""],payments:[""المدفوعات"",""حالات الاشتراك والاعتماد اليدوي""],layers:[""حوكمة الطبقات"",""١٦ طبقة · ٤ ظاهرة · ١٢ محميّة""],markets:[""الأسواق والأصول"",""حالة المحرّك ومصدر البيانات والتدقيق""],alerts:[""التنبيهات والإعدادات"",""حالة القنوات — البيانات تشغيل محمية مقنّعة دائمًا""],health:[""الصحة والن"	Candidate evidence only; manual verification required.
EVD-87992c41f95d	INTEGRATION_DISCOVERY	INFERRED_FROM_SOURCE	frontend/admin-console/NDSP_Admin_Console.html	NDSP_Admin_Console.html	714	ec2f74577258a70331e0996cd849caa228df6b264f0c0c4ee2a6472ef41f32ef	"nOverview:""Overview"",nUsers:""Users"",nTrials:""Trials"",nReview:""Registration Review"",nPackages:""Packages"",nPayments:""Payments"","	Candidate evidence only; manual verification required.
EVD-44d1bc1a6099	INTEGRATION_DISCOVERY	INFERRED_FROM_SOURCE	frontend/admin-console/NDSP_Admin_Console.html	NDSP_Admin_Console.html	717	ec2f74577258a70331e0996cd849caa228df6b264f0c0c4ee2a6472ef41f32ef	"kActive:""Active users"",kWeek:""this week"",kTrial:""Trial seats"",kSeatsLeft:""10 seats remaining"",kPending:""Pending payments"",kNeedReview:""need review"",kHealth:""System health"",kUptime:""last 30 days"","	Candidate evidence only; manual verification required.
EVD-d755bd4d07e2	INTEGRATION_DISCOVERY	INFERRED_FROM_SOURCE	frontend/admin-console/NDSP_Admin_Console.html	NDSP_Admin_Console.html	728	ec2f74577258a70331e0996cd849caa228df6b264f0c0c4ee2a6472ef41f32ef	"ufAll:""All"",ufTrial:""Trial"",ufPaid:""Paid"",userSearch:""Search by name or email…"","	Candidate evidence only; manual verification required.
EVD-80f2993afa95	INTEGRATION_DISCOVERY	INFERRED_FROM_SOURCE	frontend/admin-console/NDSP_Admin_Console.html	NDSP_Admin_Console.html	733	ec2f74577258a70331e0996cd849caa228df6b264f0c0c4ee2a6472ef41f32ef	"payQueue:""Payments & Subscriptions"",payNote:""<b>Governance:</b> Payment logic stays server-side. No auto-activation without approval. Gateway protecteds (NOWPayments) never shown."","	Candidate evidence only; manual verification required.
EVD-aab729988a2b	INTEGRATION_DISCOVERY	INFERRED_FROM_SOURCE	frontend/admin-console/NDSP_Admin_Console.html	NDSP_Admin_Console.html	738	ec2f74577258a70331e0996cd849caa228df6b264f0c0c4ee2a6472ef41f32ef	"integrations:""Alert Channels & Config"",cfgNote:""<b>Governance:</b> Only state (configured / not) and last test shown. Protected credentials & protecteds (Telegram bot, SMTP, gateway) are never shown."","	Candidate evidence only; manual verification required.
EVD-2a322e34cf84	INTEGRATION_DISCOVERY	INFERRED_FROM_SOURCE	frontend/admin-console/NDSP_Admin_Console.html	NDSP_Admin_Console.html	745	ec2f74577258a70331e0996cd849caa228df6b264f0c0c4ee2a6472ef41f32ef	"titles:{overview:[""Overview"",""DSP Operations Center — governance & operations""],users:[""Users"",""Manage accounts, packages and dashboard modes""],trials:[""Trials"",""Track 16-day trials and upgrade intent""],review:[""Registration Review"",""Anti-abuse decisions and manual review""],packages:[""Packages"",""Server-enforced package limits""],payments:[""Payments"",""Subscription states and manual approval""],layers:[""Layer Governance"",""16 layers · 4 visible · 12 protected""],markets:[""Markets & Assets"",""Engine, data source and audit status""],alerts:[""Alerts & Config"",""Channel status — protecteds always masked""],"	Candidate evidence only; manual verification required.
EVD-73c4391e80f9	INTEGRATION_DISCOVERY	INFERRED_FROM_SOURCE	frontend/admin-console/NDSP_Admin_Console.html	NDSP_Admin_Console.html	761	ec2f74577258a70331e0996cd849caa228df6b264f0c0c4ee2a6472ef41f32ef	"[[""تنبيهات"",""Alerts""],[""تنبيه واحد"",""1 alert""],[""أساسي"",""Basic""],[""تيليجرام"",""Telegram""],[""متعدد"",""Multi""]],"	Candidate evidence only; manual verification required.
EVD-5ddab51fc80a	INTEGRATION_DISCOVERY	INFERRED_FROM_SOURCE	frontend/admin-console/NDSP_Admin_Console.html	NDSP_Admin_Console.html	763	ec2f74577258a70331e0996cd849caa228df6b264f0c0c4ee2a6472ef41f32ef	"[[""Webhooks"",""Webhooks""],[""لا"",""No""],[""لا"",""No""],[""لا"",""No""],[""نعم"",""Yes""]],"	Candidate evidence only; manual verification required.
EVD-cccf5574b513	INTEGRATION_DISCOVERY	INFERRED_FROM_SOURCE	frontend/admin-console/NDSP_Design_System.html	NDSP_Design_System.html	293	b0d7dc48142b1fbc4fb3a4b4b918eadb4e546f4579e004837ce5b3db2253fc52	"""Registration Review"":""مراجعة التسجيل"",""BUSINESS"":""الأعمال"",""Packages"":""الباقات"",""Payments"":""المدفوعات"","	Candidate evidence only; manual verification required.
EVD-58a2b5fad98b	INTEGRATION_DISCOVERY	INFERRED_FROM_SOURCE	frontend/admin-console/NDSP_Design_System.html	NDSP_Design_System.html	295	b0d7dc48142b1fbc4fb3a4b4b918eadb4e546f4579e004837ce5b3db2253fc52	"""Alerts & Config"":""التنبيهات والإعدادات"",""Email"":""البريد"",""Telegram"":""تيليجرام"",""Health"":""الصحة التشغيلية"",""Reports"":""التقارير"","	Candidate evidence only; manual verification required.
EVD-088c4237abd3	INTEGRATION_DISCOVERY	INFERRED_FROM_SOURCE	frontend/admin-console/NDSP_Design_System.html	NDSP_Design_System.html	389	b0d7dc48142b1fbc4fb3a4b4b918eadb4e546f4579e004837ce5b3db2253fc52	"[""Overview"",""Users"",""Trials"",""Registration Review"",""Packages"",""Payments"",""Layer Governance"",""NMP Research Lab"",""Health"",""Reports"",""Backups"",""نظرة عامة"",""المستخدمون"",""التجارب"",""الباقات"",""المدفوعات""].forEach(function(x){"	Candidate evidence only; manual verification required.
EVD-dcaf3334fa92	INTEGRATION_DISCOVERY	INFERRED_FROM_SOURCE	frontend/admin-console/NDSP_Help_Center.html	NDSP_Help_Center.html	196	9bc811f106be3310eaafca37812d4b1ef5c689d474113c6563e75ccedd59c403	"{cat:""trial"",q:[""هل أحتاج بطاقة دفع للتجربة؟"",""Do I need a payment card for the trial?""],"	Candidate evidence only; manual verification required.
EVD-7ea6450c3ecb	INTEGRATION_DISCOVERY	INFERRED_FROM_SOURCE	frontend/admin-console/NDSP_Help_Center.html	NDSP_Help_Center.html	198	9bc811f106be3310eaafca37812d4b1ef5c689d474113c6563e75ccedd59c403	"""No. The trial needs no payment card and no commitment. Upgrading to a paid package at the founder price stays <b>optional</b> at the end of the 16 days.""]},"	Candidate evidence only; manual verification required.
EVD-dafe9d7c6895	INTEGRATION_DISCOVERY	INFERRED_FROM_SOURCE	frontend/admin-console/NDSP_Help_Center.html	NDSP_Help_Center.html	217	9bc811f106be3310eaafca37812d4b1ef5c689d474113c6563e75ccedd59c403	"{cat:""security"",q:[""كيف أربط تنبيهات تيليجرام بأمان؟"",""How do I link Telegram alerts safely?""],"	Candidate evidence only; manual verification required.
EVD-f7e172e3dcac	INTEGRATION_DISCOVERY	INFERRED_FROM_SOURCE	frontend/admin-console/NDSP_Help_Center.html	NDSP_Help_Center.html	223	9bc811f106be3310eaafca37812d4b1ef5c689d474113c6563e75ccedd59c403	"{cat:""billing"",q:[""كيف تتم الترقية والدفع؟"",""How do upgrades and payments work?""],"	Candidate evidence only; manual verification required.
EVD-6c80191e0b77	INTEGRATION_DISCOVERY	INFERRED_FROM_SOURCE	frontend/admin-console/NDSP_Help_Center.html	NDSP_Help_Center.html	225	9bc811f106be3310eaafca37812d4b1ef5c689d474113c6563e75ccedd59c403	"""You pick a package and method (crypto or bank transfer). <b>No auto-activation</b> — a subscription request is created in a review state, and access activates after server-side payment approval with a confirmation email.""]},"	Candidate evidence only; manual verification required.
EVD-2f6919872d93	INTEGRATION_DISCOVERY	INFERRED_FROM_SOURCE	frontend/admin-console/NDSP_Help_Center.html	NDSP_Help_Center.html	229	9bc811f106be3310eaafca37812d4b1ef5c689d474113c6563e75ccedd59c403	"{cat:""billing"",q:[""هل تظهر بيانات تشغيل محمية بوابة الدفع؟"",""Are payment-gateway protecteds exposed?""],"	Candidate evidence only; manual verification required.
EVD-d5971d5a6f11	INTEGRATION_DISCOVERY	INFERRED_FROM_SOURCE	frontend/admin-console/NDSP_Help_Center.html	NDSP_Help_Center.html	231	9bc811f106be3310eaafca37812d4b1ef5c689d474113c6563e75ccedd59c403	"""Never. Payment logic and verification are server-side, and gateway keys or any protecteds are not shown in the frontend.""]},"	Candidate evidence only; manual verification required.
EVD-3fe9a39e2787	INTEGRATION_DISCOVERY	INFERRED_FROM_SOURCE	frontend/admin-console/NDSP_Help_Center.html	NDSP_Help_Center.html	262	9bc811f106be3310eaafca37812d4b1ef5c689d474113c6563e75ccedd59c403	"ccTgH:""Telegram support"",ccTgS:""Fastest channel"",ccMailH:""Email"",ccMailS:""For detailed inquiries"","	Candidate evidence only; manual verification required.
EVD-0b010eddcbc9	INTEGRATION_DISCOVERY	INFERRED_FROM_SOURCE	frontend/admin-console/NDSP_Help_Center.html	NDSP_Help_Center.html	266	9bc811f106be3310eaafca37812d4b1ef5c689d474113c6563e75ccedd59c403	"fr:{dir:""ltr"",lang:""fr"",helpCenter:""CENTRE D'AIDE"",backBtn:""Retour"",heroH:""Comment pouvons-nous aider ?"",heroP:""Des réponses claires sur la plateforme, l'essai, la gouvernance et la sécurité. Cherchez ou parcourez par catégorie."",searchPh:""Rechercher des questions…"",govCalloutH:""Avant toute question : qu'est-ce que DSP ?"",govCalloutP:""DSP est une plateforme d'<span class='gold'>aide à la décision et d'analyse contextuelle</span> — elle vous donne une direction contextuelle, un horizon de suivi et une qualité de décision épurée. Elle n'est <b>pas</b> une société d'investissement, un fournisseur"	Candidate evidence only; manual verification required.
EVD-c954044f8303	INTEGRATION_DISCOVERY	INFERRED_FROM_SOURCE	frontend/admin-console/NDSP_Help_Center.html	NDSP_Help_Center.html	267	9bc811f106be3310eaafca37812d4b1ef5c689d474113c6563e75ccedd59c403	"es:{dir:""ltr"",lang:""es"",helpCenter:""CENTRO DE AYUDA"",backBtn:""Atrás"",heroH:""¿Cómo popreviews ayudar?"",heroP:""Respuestas claras sobre la plataforma, la prueba, la gobernanza y la seguridad. Busca o explora por categoría."",searchPh:""Buscar preguntas…"",govCalloutH:""Antes de cualquier pregunta: ¿qué es DSP?"",govCalloutP:""DSP es una plataforma de <span class='gold'>apoyo a la decisión y análisis contextual</span> — te da dirección contextual, un horizonte de seguimiento y calidad de decisión depurada. <b>No</b> es una empresa de inversión, un proveedor de recomendaciones ni un bot de trading; no ge"	Candidate evidence only; manual verification required.
EVD-7eeb6eb9528f	INTEGRATION_DISCOVERY	INFERRED_FROM_SOURCE	frontend/admin-console/NDSP_Help_Center.html	NDSP_Help_Center.html	268	9bc811f106be3310eaafca37812d4b1ef5c689d474113c6563e75ccedd59c403	"de:{dir:""ltr"",lang:""de"",helpCenter:""HILFE-CENTER"",backBtn:""Zurück"",heroH:""Wie können wir helfen?"",heroP:""Klare Antworten zu Plattform, Testphase, Governance und Sicherheit. Suchen oder nach Kategorie stöbern."",searchPh:""Fragen suchen…"",govCalloutH:""Vor jeder Frage: Was ist DSP?"",govCalloutP:""DSP ist eine Plattform zur <span class='gold'>Entscheidungsunterstützung und Kontextanalyse</span> — sie gibt Ihnen kontextuelle Richtung, einen Folgehorizont und bereinigte Entscheidungsqualität. Sie ist <b>kein</b> Investmentunternehmen, kein Empfehlungsanbieter und kein Handelsbot; sie verwaltet keine M"	Candidate evidence only; manual verification required.
EVD-799af146a3d8	INTEGRATION_DISCOVERY	INFERRED_FROM_SOURCE	frontend/admin-console/NDSP_Help_Center.html	NDSP_Help_Center.html	269	9bc811f106be3310eaafca37812d4b1ef5c689d474113c6563e75ccedd59c403	"tr:{dir:""ltr"",lang:""tr"",helpCenter:""YARDIM MERKEZİ"",backBtn:""Geri"",heroH:""Nasıl yardımcı olabiliriz?"",heroP:""Platform, deneme, yönetişim ve güvenlik hakkında net yanıtlar. Arayın veya kategoriye göre göz atın."",searchPh:""Soru ara…"",govCalloutH:""Her sorudan önce: DSP nedir?"",govCalloutP:""DSP bir <span class='gold'>karar destek ve bağlamsal analiz</span> platformudur — size bağlamsal yön, takip ufku ve arıtılmış karar kalitesi sunar. Bir yatırım şirketi, tavsiye sağlayıcısı veya işlem botu <b>değildir</b>; hiçbir fon yönetmez ve sonuç garanti etmez. Siz karar verirsiniz; biz kararı destekleriz."""	Candidate evidence only; manual verification required.
EVD-ad373cca2340	INTEGRATION_DISCOVERY	INFERRED_FROM_SOURCE	frontend/admin-console/NDSP_Help_Center.html	NDSP_Help_Center.html	270	9bc811f106be3310eaafca37812d4b1ef5c689d474113c6563e75ccedd59c403	"ru:{dir:""ltr"",lang:""ru"",helpCenter:""ЦЕНТР ПОМОЩИ"",backBtn:""Назад"",heroH:""Чем мы можем помочь?"",heroP:""Чёткие ответы о платформе, пробном периоде, управлении и безопасности. Ищите или просматривайте по категориям."",searchPh:""Поиск вопросов…"",govCalloutH:""Перед любым вопросом: что такое DSP?"",govCalloutP:""DSP — это платформа <span class='gold'>поддержки решений и контекстного анализа</span> — она даёт вам контекстное направление, горизонт сопровождения и очищенное качество решения. Это <b>не</b> инвестиционная компания, не поставщик рекомендаций и не торговый бот; она не управляет средствами и н"	Candidate evidence only; manual verification required.
EVD-6ef65f28e516	INTEGRATION_DISCOVERY	INFERRED_FROM_SOURCE	frontend/admin-console/NDSP_Help_Center.html	NDSP_Help_Center.html	271	9bc811f106be3310eaafca37812d4b1ef5c689d474113c6563e75ccedd59c403	"pt:{dir:""ltr"",lang:""pt"",helpCenter:""CENTRAL DE AJUDA"",backBtn:""Voltar"",heroH:""Como popreviews ajudar?"",heroP:""Respostas claras sobre a plataforma, o teste, a governança e a segurança. Pesquise ou navegue por categoria."",searchPh:""Pesquisar perguntas…"",govCalloutH:""Antes de qualquer pergunta: o que é DSP?"",govCalloutP:""DSP é uma plataforma de <span class='gold'>apoio à decisão e análise contextual</span> — oferece direção contextual, um horizonte de acompanhamento e qualidade de decisão depurada. <b>Não</b> é uma empresa de investimento, fornecedor de recomendações ou bot de negociação; não ger"	Candidate evidence only; manual verification required.
EVD-6d807f405277	INTEGRATION_DISCOVERY	INFERRED_FROM_SOURCE	frontend/admin-console/NDSP_Help_Center.html	NDSP_Help_Center.html	272	9bc811f106be3310eaafca37812d4b1ef5c689d474113c6563e75ccedd59c403	"id:{dir:""ltr"",lang:""id"",helpCenter:""PUSAT BANTUAN"",backBtn:""Kembali"",heroH:""Bagaimana kami bisa membantu?"",heroP:""Jawaban jelas tentang platform, uji coba, tata kelola, dan keamanan. Cari atau jelajahi berdasarkan kategori."",searchPh:""Cari pertanyaan…"",govCalloutH:""Sebelum pertanyaan apa pun: apa itu DSP?"",govCalloutP:""DSP adalah platform <span class='gold'>pendukung keputusan dan analisis kontekstual</span> — memberi Anda arah kontekstual, horizon tindak lanjut, dan kualitas keputusan yang dibersihkan. Ini <b>bukan</b> perusahaan investasi, penyedia rekomendasi, atau bot perdagangan; tidak me"	Candidate evidence only; manual verification required.
EVD-48436784efca	INTEGRATION_DISCOVERY	INFERRED_FROM_SOURCE	frontend/admin-console/NDSP_Help_Center.html	NDSP_Help_Center.html	273	9bc811f106be3310eaafca37812d4b1ef5c689d474113c6563e75ccedd59c403	"hi:{dir:""ltr"",lang:""hi"",helpCenter:""सहायता केंद्र"",backBtn:""वापस"",heroH:""हम कैसे मदद कर सकते हैं?"",heroP:""प्लेटफ़ॉर्म, परीक्षण, शासन और सुरक्षा के बारे में स्पष्ट उत्तर। खोजें या श्रेणी के अनुसार ब्राउज़ करें।"",searchPh:""प्रश्न खोजें…"",govCalloutH:""किसी भी प्रश्न से पहले: DSP क्या है?"",govCalloutP:""DSP एक <span class='gold'>निर्णय-समर्थन और प्रासंगिक-विश्लेषण</span> प्लेटफ़ॉर्म है — यह आपको प्रासंगिक दिशा, अनुवर्ती क्षितिज और स्वच्छ निर्णय गुणवत्ता देता है। यह एक निवेश फर्म, सिफारिश प्रदाता या व्यापार बॉट <b>नहीं</b> है; यह कोई धन प्रबंधित नहीं करता और किसी परिणाम की गारंटी नहीं देता। आप निर्ण"	Candidate evidence only; manual verification required.
EVD-e5438ed4dedc	INTEGRATION_DISCOVERY	INFERRED_FROM_SOURCE	frontend/admin-console/NDSP_Help_Center.html	NDSP_Help_Center.html	274	9bc811f106be3310eaafca37812d4b1ef5c689d474113c6563e75ccedd59c403	"zh:{dir:""ltr"",lang:""zh"",helpCenter:""帮助中心"",backBtn:""返回"",heroH:""我们能帮您什么?"",heroP:""关于平台、试用、治理和安全的清晰解答。搜索或按类别浏览。"",searchPh:""搜索问题…"",govCalloutH:""在任何问题之前:DSP 是什么?"",govCalloutP:""DSP 是一个<span class='gold'>决策支持与情境分析</span>平台——它为您提供情境方向、跟进时间范围和净化后的决策质量。它<b>不是</b>投资公司、推荐提供商或交易机器人;它不管理任何资金,也不保证任何结果。您来决定;我们支持决策。"",noresult:""没有匹配结果。请尝试其他词语或联系我们。"",ccTgH:""Telegram 支持"",ccTgS:""最快渠道"",ccMailH:""电子邮件"",ccMailS:""用于详细咨询"",govRule:""暴露决策价值 · 隐藏配方"",discT:""免责声明"",discBody:""DSP 输出和情景级别仅为情境性决策支持参考。它们不是财务建议、交易指示、执行指令或保证结果。DSP 不是投资公司,也不管理任何资金。""},"	Candidate evidence only; manual verification required.
EVD-5caca28b7e89	INTEGRATION_DISCOVERY	INFERRED_FROM_SOURCE	frontend/admin-console/NDSP_Help_Center.html	NDSP_Help_Center.html	275	9bc811f106be3310eaafca37812d4b1ef5c689d474113c6563e75ccedd59c403	"ur:{dir:""rtl"",lang:""ur"",helpCenter:""مدد مرکز"",backBtn:""واپس"",heroH:""ہم کیسے مدد کر سکتے ہیں؟"",heroP:""پلیٹ فارم، آزمائش، نظم و نسق اور سلامتی کے بارے میں واضح جوابات۔ تلاش کریں یا زمرے کے لحاظ سے دیکھیں۔"",searchPh:""سوالات تلاش کریں…"",govCalloutH:""کسی بھی سوال سے پہلے: DSP کیا ہے؟"",govCalloutP:""DSP ایک <span class='gold'>فیصلہ سازی کی معاونت اور سیاقی تجزیہ</span> کا پلیٹ فارم ہے — یہ آپ کو سیاقی سمت، پیروی کا افق اور صاف فیصلہ معیار دیتا ہے۔ یہ سرمایہ کاری کا ادارہ، سفارش فراہم کنندہ یا تجارتی بوٹ <b>نہیں</b> ہے؛ یہ کوئی فنڈ نہیں چلاتا اور کسی نتیجے کی ضمانت نہیں دیتا۔ آپ فیصلہ کرتے ہیں؛ ہم فیص"	Candidate evidence only; manual verification required.
EVD-c9213cc2a895	INTEGRATION_DISCOVERY	INFERRED_FROM_SOURCE	frontend/admin-console/NDSP_Help_Center.html	NDSP_Help_Center.html	326	9bc811f106be3310eaafca37812d4b1ef5c689d474113c6563e75ccedd59c403	"""Registration Review"":""مراجعة التسجيل"",""BUSINESS"":""الأعمال"",""Packages"":""الباقات"",""Payments"":""المدفوعات"","	Candidate evidence only; manual verification required.
EVD-2e394204b6c9	INTEGRATION_DISCOVERY	INFERRED_FROM_SOURCE	frontend/admin-console/NDSP_Help_Center.html	NDSP_Help_Center.html	328	9bc811f106be3310eaafca37812d4b1ef5c689d474113c6563e75ccedd59c403	"""Alerts & Config"":""التنبيهات والإعدادات"",""Email"":""البريد"",""Telegram"":""تيليجرام"",""Health"":""الصحة التشغيلية"",""Reports"":""التقارير"","	Candidate evidence only; manual verification required.
EVD-5fc2c7d7f008	INTEGRATION_DISCOVERY	INFERRED_FROM_SOURCE	frontend/admin-console/NDSP_Terms_Privacy.html	NDSP_Terms_Privacy.html	176	3f5969be3b5c2549c00a4ccb20b85bd0fa72732fbae6a21fffe2ad104f9be76b	"{n:""٥"",h:[""الباقات والدفع"",""Packages & payment""],body:["	Candidate evidence only; manual verification required.
EVD-ab3490962100	INTEGRATION_DISCOVERY	INFERRED_FROM_SOURCE	frontend/admin-console/NDSP_Terms_Privacy.html	NDSP_Terms_Privacy.html	177	3f5969be3b5c2549c00a4ccb20b85bd0fa72732fbae6a21fffe2ad104f9be76b	"[""تُفرض حدود كل باقة في الخادم؛ الواجهة تعرض الحالة فقط. <b>لا تفعيل تلقائي</b> — يُعتمد الاشتراك بعد التحقّق من الدفع."",""Each package's limits are enforced server-side; the frontend shows state only. <b>No auto-activation</b> — a subscription is approved after payment verification.""],"	Candidate evidence only; manual verification required.
EVD-a0e93d076de0	INTEGRATION_DISCOVERY	INFERRED_FROM_SOURCE	frontend/admin-console/NDSP_Terms_Privacy.html	NDSP_Terms_Privacy.html	178	3f5969be3b5c2549c00a4ccb20b85bd0fa72732fbae6a21fffe2ad104f9be76b	"[""تُعالج المدفوعات عبر مزوّدين خارجيين (مثل NOWPayments والتحويل البنكي). يمكنك الإلغاء وفق السياسة المعلنة وقت الشراء."",""Payments are processed via third-party providers (such as NOWPayments and bank transfer). You may cancel per the policy disclosed at purchase.""]]},"	Candidate evidence only; manual verification required.
EVD-9a444a931b45	INTEGRATION_DISCOVERY	INFERRED_FROM_SOURCE	frontend/admin-console/NDSP_Terms_Privacy.html	NDSP_Terms_Privacy.html	192	3f5969be3b5c2549c00a4ccb20b85bd0fa72732fbae6a21fffe2ad104f9be76b	"[""بيانات الحساب الأساسية (بريد، اسم اختياري)، وتفضيلاتك، وإشارات أمان آمنة: <b>بصمة جهاز/IP مجزّأة</b> وسرعة التسجيل لمكافحة الإساءة، وإشارات استخدام عامة (مشاهدات، تنقّل، إكمال نماذج)."",""Basic REDACTED data (email, optional name), your preferences, and safe security signals: <b>hashed device/IP</b> and registration velocity for anti-abuse, plus general usage signals (views, navigation, form completion).""]]},"	Candidate evidence only; manual verification required.
EVD-49bca27f71b3	INTEGRATION_DISCOVERY	INFERRED_FROM_SOURCE	frontend/admin-console/NDSP_Terms_Privacy.html	NDSP_Terms_Privacy.html	195	3f5969be3b5c2549c00a4ccb20b85bd0fa72732fbae6a21fffe2ad104f9be76b	"[""اعتمادات الدخول <b>مجزّأة (hashed)</b> ولا تُخزّن كنص. بيانات تشغيل محمية القنوات (اعتماد تيليجرام محمي، اعتماد SMTP محمي، اعتمادات بوابة الدفع المحمية) تبقى في الخادم ولا تظهر إطلاقًا."",""Credentials are <b>hashed</b> and never stored as text. Channel protected credentials (Telegram protected credential, SMTP protected credential, payment gateway protected credentials) stay on the server and are never shown.""]]},"	Candidate evidence only; manual verification required.
EVD-276ab6dd3afb	INTEGRATION_DISCOVERY	INFERRED_FROM_SOURCE	frontend/admin-console/NDSP_Terms_Privacy.html	NDSP_Terms_Privacy.html	200	3f5969be3b5c2549c00a4ccb20b85bd0fa72732fbae6a21fffe2ad104f9be76b	"[""إذا ربطت تيليجرام، يتم ذلك عبر <b>رمز لمرة واحدة</b> يُتحقّق منه في الخادم؛ لا نطّلع على محادثاتك. البريد يُستخدم للتنبيهات والإشعارات التشغيلية فقط."",""If you link Telegram, it's done via a <b>one-time code</b> verified server-side; we don't access your chats. Email is used for alerts and operational notices only.""]]},"	Candidate evidence only; manual verification required.
EVD-a10151355b6b	INTEGRATION_DISCOVERY	INFERRED_FROM_SOURCE	frontend/admin-console/NDSP_Terms_Privacy.html	NDSP_Terms_Privacy.html	202	3f5969be3b5c2549c00a4ccb20b85bd0fa72732fbae6a21fffe2ad104f9be76b	"[""نستعين بمزوّدين لتشغيل البنية (استضافة، قاعدة بيانات، بوابة دفع، رسائل). يصلهم الحد الأدنى اللازم فقط، ويلتزمون بحماية البيانات."",""We use providers to run the infrastructure (hosting, database, payment gateway, messaging). They receive only the minimum necessary and are bound to protect the data.""]]},"	Candidate evidence only; manual verification required.
EVD-9f71196ef033	INTEGRATION_DISCOVERY	INFERRED_FROM_SOURCE	frontend/admin-console/NDSP_Terms_Privacy.html	NDSP_Terms_Privacy.html	285	3f5969be3b5c2549c00a4ccb20b85bd0fa72732fbae6a21fffe2ad104f9be76b	"""Registration Review"":""مراجعة التسجيل"",""BUSINESS"":""الأعمال"",""Packages"":""الباقات"",""Payments"":""المدفوعات"","	Candidate evidence only; manual verification required.
EVD-9396177a352e	INTEGRATION_DISCOVERY	INFERRED_FROM_SOURCE	frontend/admin-console/NDSP_Terms_Privacy.html	NDSP_Terms_Privacy.html	287	3f5969be3b5c2549c00a4ccb20b85bd0fa72732fbae6a21fffe2ad104f9be76b	"""Alerts & Config"":""التنبيهات والإعدادات"",""Email"":""البريد"",""Telegram"":""تيليجرام"",""Health"":""الصحة التشغيلية"",""Reports"":""التقارير"","	Candidate evidence only; manual verification required.
EVD-3b04d790d780	INTEGRATION_DISCOVERY	INFERRED_FROM_SOURCE	frontend/admin-console/NDSP_Terms_Privacy.html	NDSP_Terms_Privacy.html	381	3f5969be3b5c2549c00a4ccb20b85bd0fa72732fbae6a21fffe2ad104f9be76b	"[""Overview"",""Users"",""Trials"",""Registration Review"",""Packages"",""Payments"",""Layer Governance"",""NMP Research Lab"",""Health"",""Reports"",""Backups"",""نظرة عامة"",""المستخدمون"",""التجارب"",""الباقات"",""المدفوعات""].forEach(function(x){"	Candidate evidence only; manual verification required.
EVD-81e708ed861a	INTEGRATION_DISCOVERY	INFERRED_FROM_SOURCE	frontend/admin-console/NMP_Research_Lab.html	NMP_Research_Lab.html	106	8fd60d44ec74d62337abb50c4118abd1df41556025b47a463a2048259571aa69	"""Registration Review"":""مراجعة التسجيل"",""BUSINESS"":""الأعمال"",""Packages"":""الباقات"",""Payments"":""المدفوعات"","	Candidate evidence only; manual verification required.
EVD-fb3624744111	INTEGRATION_DISCOVERY	INFERRED_FROM_SOURCE	frontend/admin-console/NMP_Research_Lab.html	NMP_Research_Lab.html	108	8fd60d44ec74d62337abb50c4118abd1df41556025b47a463a2048259571aa69	"""Alerts & Config"":""التنبيهات والإعدادات"",""Email"":""البريد"",""Telegram"":""تيليجرام"",""Health"":""الصحة التشغيلية"",""Reports"":""التقارير"","	Candidate evidence only; manual verification required.
EVD-05097cc47fd9	INTEGRATION_DISCOVERY	INFERRED_FROM_SOURCE	frontend/admin-console/NMP_Research_Lab.html	NMP_Research_Lab.html	202	8fd60d44ec74d62337abb50c4118abd1df41556025b47a463a2048259571aa69	"[""Overview"",""Users"",""Trials"",""Registration Review"",""Packages"",""Payments"",""Layer Governance"",""NMP Research Lab"",""Health"",""Reports"",""Backups"",""نظرة عامة"",""المستخدمون"",""التجارب"",""الباقات"",""المدفوعات""].forEach(function(x){"	Candidate evidence only; manual verification required.
EVD-51b76af7ce1c	INTEGRATION_DISCOVERY	INFERRED_FROM_SOURCE	frontend/admin-console/admin-users.json	admin-users.json	10	44b95e2092695c964f1ad55005a5891a97dd4647ec84c55efb84e85abec9e4f0	"""email"": ""ndsp.sim.professional.20260610_090044@example.com"","	Candidate evidence only; manual verification required.
EVD-080a47d85145	INTEGRATION_DISCOVERY	INFERRED_FROM_SOURCE	frontend/admin-console/admin-users.json	admin-users.json	21	44b95e2092695c964f1ad55005a5891a97dd4647ec84c55efb84e85abec9e4f0	"""email"": ""ndsp.sim.ordinary.20260610_090044@example.com"","	Candidate evidence only; manual verification required.
EVD-f4d2dd9a5b50	INTEGRATION_DISCOVERY	INFERRED_FROM_SOURCE	frontend/admin-console/admin-users.json	admin-users.json	32	44b95e2092695c964f1ad55005a5891a97dd4647ec84c55efb84e85abec9e4f0	"""email"": ""nawaf.barrak.911@gmail.com"","	Candidate evidence only; manual verification required.
EVD-aea4fbf6e29b	INTEGRATION_DISCOVERY	INFERRED_FROM_SOURCE	frontend/admin-console/admin-users.json	admin-users.json	43	44b95e2092695c964f1ad55005a5891a97dd4647ec84c55efb84e85abec9e4f0	"""email"": ""ndsp.app@gmail.com"","	Candidate evidence only; manual verification required.
EVD-9f779ff0fa08	INTEGRATION_DISCOVERY	INFERRED_FROM_SOURCE	frontend/admin-console/index.html	index.html	200	544e7a521ed09764543971e7a37ba00ac1f6fc9a5de72b183ef60957670afcf8	"<div class=""navitem"" data-v=""payments""><span class=""ic"">₪</span><span data-i=""nPayments"">المدفوعات</span><span class=""bdg"" id=""payCount"">3</span></div>"	Candidate evidence only; manual verification required.
EVD-c62d46e03254	INTEGRATION_DISCOVERY	INFERRED_FROM_SOURCE	frontend/admin-console/index.html	index.html	272	544e7a521ed09764543971e7a37ba00ac1f6fc9a5de72b183ef60957670afcf8	"""Registration Review"":""مراجعة التسجيل"",""BUSINESS"":""الأعمال"",""Packages"":""الباقات"",""Payments"":""المدفوعات"","	Candidate evidence only; manual verification required.
EVD-c3ec1c88f111	INTEGRATION_DISCOVERY	INFERRED_FROM_SOURCE	frontend/admin-console/index.html	index.html	274	544e7a521ed09764543971e7a37ba00ac1f6fc9a5de72b183ef60957670afcf8	"""Alerts & Config"":""التنبيهات والإعدادات"",""Email"":""البريد"",""Telegram"":""تيليجرام"",""Health"":""الصحة التشغيلية"",""Reports"":""التقارير"","	Candidate evidence only; manual verification required.
EVD-7b134f01ae3f	INTEGRATION_DISCOVERY	INFERRED_FROM_SOURCE	frontend/admin-console/index.html	index.html	368	544e7a521ed09764543971e7a37ba00ac1f6fc9a5de72b183ef60957670afcf8	"[""Overview"",""Users"",""Trials"",""Registration Review"",""Packages"",""Payments"",""Layer Governance"",""NMP Research Lab"",""Health"",""Reports"",""Backups"",""نظرة عامة"",""المستخدمون"",""التجارب"",""الباقات"",""المدفوعات""].forEach(function(x){"	Candidate evidence only; manual verification required.
EVD-2a24a6a7d3e4	INTEGRATION_DISCOVERY	INFERRED_FROM_SOURCE	frontend/admin-console/index.html	index.html	519	544e7a521ed09764543971e7a37ba00ac1f6fc9a5de72b183ef60957670afcf8	<!-- ===== PAYMENTS ===== -->	Candidate evidence only; manual verification required.
EVD-3343c0c86668	INTEGRATION_DISCOVERY	INFERRED_FROM_SOURCE	frontend/admin-console/index.html	index.html	520	544e7a521ed09764543971e7a37ba00ac1f6fc9a5de72b183ef60957670afcf8	"<section class=""view"" data-view=""payments"">"	Candidate evidence only; manual verification required.
EVD-f97bc6b468ce	INTEGRATION_DISCOVERY	INFERRED_FROM_SOURCE	frontend/admin-console/index.html	index.html	533	544e7a521ed09764543971e7a37ba00ac1f6fc9a5de72b183ef60957670afcf8	"<div class=""muted-note"" data-i=""payNote""><b>الحوكمة:</b> منطق الدفع في الخادم. لا تفعيل تلقائي بلا اعتماد. بيانات تشغيل محمية البوابة (NOWPayments) لا تُعرض إطلاقًا.</div>"	Candidate evidence only; manual verification required.
EVD-cac907ff77a1	INTEGRATION_DISCOVERY	INFERRED_FROM_SOURCE	frontend/admin-console/index.html	index.html	595	544e7a521ed09764543971e7a37ba00ac1f6fc9a5de72b183ef60957670afcf8	"<div class=""muted-note"" data-i=""cfgNote""><b>الحوكمة:</b> تُعرض الحالة (مُعدّ / غير مُعدّ) وآخر اختبار فقط. الرمز قناة محميات والبيانات تشغيل محمية (بوت تيليجرام، SMTP، البوابة) لا تُعرض أبدًا.</div>"	Candidate evidence only; manual verification required.
EVD-7c2ad25c769d	INTEGRATION_DISCOVERY	INFERRED_FROM_SOURCE	frontend/admin-console/index.html	index.html	673	544e7a521ed09764543971e7a37ba00ac1f6fc9a5de72b183ef60957670afcf8	"nOverview:""نظرة عامة"",nUsers:""المستخدمون"",nTrials:""التجارب"",nReview:""مراجعة التسجيل"",nPackages:""الباقات"",nPayments:""المدفوعات"","	Candidate evidence only; manual verification required.
EVD-52e07523c574	INTEGRATION_DISCOVERY	INFERRED_FROM_SOURCE	frontend/admin-console/index.html	index.html	692	544e7a521ed09764543971e7a37ba00ac1f6fc9a5de72b183ef60957670afcf8	"payQueue:""المدفوعات والاشتراكات"",payNote:""<b>الحوكمة:</b> منطق الدفع في الخادم. لا تفعيل تلقائي بلا اعتماد. بيانات تشغيل محمية البوابة (NOWPayments) لا تُعرض إطلاقًا."","	Candidate evidence only; manual verification required.
EVD-767cfd23b895	INTEGRATION_DISCOVERY	INFERRED_FROM_SOURCE	frontend/admin-console/index.html	index.html	697	544e7a521ed09764543971e7a37ba00ac1f6fc9a5de72b183ef60957670afcf8	"integrations:""قنوات التنبيه والإعدادات"",cfgNote:""<b>الحوكمة:</b> تُعرض الحالة (مُعدّ / غير مُعدّ) وآخر اختبار فقط. الرمز قناة محميات والبيانات تشغيل محمية (بوت تيليجرام، SMTP، البوابة) لا تُعرض أبدًا."","	Candidate evidence only; manual verification required.
EVD-e8fac0c3bbc4	INTEGRATION_DISCOVERY	INFERRED_FROM_SOURCE	frontend/admin-console/index.html	index.html	704	544e7a521ed09764543971e7a37ba00ac1f6fc9a5de72b183ef60957670afcf8	"titles:{overview:[""نظرة عامة"",""مركز عمليات DSP — لوحة الحوكمة والتشغيل""],users:[""المستخدمون"",""إدارة الحسابات والباقات وأوضاع اللوحة""],trials:[""التجارب"",""متابعة تجارب الـ١٦ يومًا ونية الترقية""],review:[""مراجعة التسجيل"",""قرارات مكافحة الإساءة والمراجعة اليدوية""],packages:[""الباقات"",""حدود الباقات المفروضة من الخادم""],payments:[""المدفوعات"",""حالات الاشتراك والاعتماد اليدوي""],layers:[""حوكمة الطبقات"",""١٦ طبقة · ٤ ظاهرة · ١٢ محميّة""],markets:[""الأسواق والأصول"",""حالة المحرّك ومصدر البيانات والتدقيق""],alerts:[""التنبيهات والإعدادات"",""حالة القنوات — البيانات تشغيل محمية مقنّعة دائمًا""],health:[""الصحة والن"	Candidate evidence only; manual verification required.
EVD-243e5e62d857	INTEGRATION_DISCOVERY	INFERRED_FROM_SOURCE	frontend/admin-console/index.html	index.html	708	544e7a521ed09764543971e7a37ba00ac1f6fc9a5de72b183ef60957670afcf8	"nOverview:""Overview"",nUsers:""Users"",nTrials:""Trials"",nReview:""Registration Review"",nPackages:""Packages"",nPayments:""Payments"","	Candidate evidence only; manual verification required.
EVD-bf694636fd1f	INTEGRATION_DISCOVERY	INFERRED_FROM_SOURCE	frontend/admin-console/index.html	index.html	711	544e7a521ed09764543971e7a37ba00ac1f6fc9a5de72b183ef60957670afcf8	"kActive:""Active users"",kWeek:""this week"",kTrial:""Trial seats"",kSeatsLeft:""10 seats remaining"",kPending:""Pending payments"",kNeedReview:""need review"",kHealth:""System health"",kUptime:""last 30 days"","	Candidate evidence only; manual verification required.
EVD-fc26eea14585	INTEGRATION_DISCOVERY	INFERRED_FROM_SOURCE	frontend/admin-console/index.html	index.html	722	544e7a521ed09764543971e7a37ba00ac1f6fc9a5de72b183ef60957670afcf8	"ufAll:""All"",ufTrial:""Trial"",ufPaid:""Paid"",userSearch:""Search by name or email…"","	Candidate evidence only; manual verification required.
EVD-2d4c7a3d1d27	INTEGRATION_DISCOVERY	INFERRED_FROM_SOURCE	frontend/admin-console/index.html	index.html	727	544e7a521ed09764543971e7a37ba00ac1f6fc9a5de72b183ef60957670afcf8	"payQueue:""Payments & Subscriptions"",payNote:""<b>Governance:</b> Payment logic stays server-side. No auto-activation without approval. Gateway protecteds (NOWPayments) never shown."","	Candidate evidence only; manual verification required.
EVD-a28056d34db3	INTEGRATION_DISCOVERY	INFERRED_FROM_SOURCE	frontend/admin-console/index.html	index.html	732	544e7a521ed09764543971e7a37ba00ac1f6fc9a5de72b183ef60957670afcf8	"integrations:""Alert Channels & Config"",cfgNote:""<b>Governance:</b> Only state (configured / not) and last test shown. Protected credentials & protecteds (Telegram bot, SMTP, gateway) are never shown."","	Candidate evidence only; manual verification required.
EVD-a2526f0c3132	INTEGRATION_DISCOVERY	INFERRED_FROM_SOURCE	frontend/admin-console/index.html	index.html	739	544e7a521ed09764543971e7a37ba00ac1f6fc9a5de72b183ef60957670afcf8	"titles:{overview:[""Overview"",""DSP Operations Center — governance & operations""],users:[""Users"",""Manage accounts, packages and dashboard modes""],trials:[""Trials"",""Track 16-day trials and upgrade intent""],review:[""Registration Review"",""Anti-abuse decisions and manual review""],packages:[""Packages"",""Server-enforced package limits""],payments:[""Payments"",""Subscription states and manual approval""],layers:[""Layer Governance"",""16 layers · 4 visible · 12 protected""],markets:[""Markets & Assets"",""Engine, data source and audit status""],alerts:[""Alerts & Config"",""Channel status — protecteds always masked""],"	Candidate evidence only; manual verification required.
EVD-fec09bd6a987	INTEGRATION_DISCOVERY	INFERRED_FROM_SOURCE	frontend/admin-console/index.html	index.html	755	544e7a521ed09764543971e7a37ba00ac1f6fc9a5de72b183ef60957670afcf8	"[[""تنبيهات"",""Alerts""],[""تنبيه واحد"",""1 alert""],[""أساسي"",""Basic""],[""تيليجرام"",""Telegram""],[""متعدد"",""Multi""]],"	Candidate evidence only; manual verification required.
EVD-fd61b6d7931c	INTEGRATION_DISCOVERY	INFERRED_FROM_SOURCE	frontend/admin-console/index.html	index.html	757	544e7a521ed09764543971e7a37ba00ac1f6fc9a5de72b183ef60957670afcf8	"[[""Webhooks"",""Webhooks""],[""لا"",""No""],[""لا"",""No""],[""لا"",""No""],[""نعم"",""Yes""]],"	Candidate evidence only; manual verification required.
EVD-3e5754ec61a9	INTEGRATION_DISCOVERY	INFERRED_FROM_SOURCE	frontend/admin-console/ndsp-admin-controls.js	ndsp-admin-controls.js	37	ed1ff274c601cd4cfcda47bf0803ea814fc463825082cf5acc1655d7ad1705bc	"var email = safe(u.email || """");"	Candidate evidence only; manual verification required.
EVD-da6c5a91d9e2	INTEGRATION_DISCOVERY	INFERRED_FROM_SOURCE	frontend/admin-console/ndsp-admin-controls.js	ndsp-admin-controls.js	42	ed1ff274c601cd4cfcda47bf0803ea814fc463825082cf5acc1655d7ad1705bc	"""<td><b>"" + (name || email || id) + ""</b><br><small>"" + email + ""</small></td>"" +"	Candidate evidence only; manual verification required.
EVD-8621c15f6422	INTEGRATION_DISCOVERY	INFERRED_FROM_SOURCE	frontend/admin-console/ndsp-admin-live-data-override.js	ndsp-admin-live-data-override.js	18	7bc7b7ae261c484789efbe35d5077f177122a117c6fac4e8625a52322a1fb54c	email: text(u.email || u.e),	Candidate evidence only; manual verification required.
EVD-73afcb6591c3	INTEGRATION_DISCOVERY	INFERRED_FROM_SOURCE	frontend/admin-console/ndsp-admin-live-data-override.js	ndsp-admin-live-data-override.js	45	7bc7b7ae261c484789efbe35d5077f177122a117c6fac4e8625a52322a1fb54c	+ '<td>' + text(u.email) + '</td>'	Candidate evidence only; manual verification required.
EVD-a90ff1d66ce0	INTEGRATION_DISCOVERY	INFERRED_FROM_SOURCE	frontend/admin-console/ndsp-admin-live-data-override.js	ndsp-admin-live-data-override.js	69	7bc7b7ae261c484789efbe35d5077f177122a117c6fac4e8625a52322a1fb54c	+ '<td>' + text(u.email) + '</td>'	Candidate evidence only; manual verification required.
EVD-30bd8eb823d3	INTEGRATION_DISCOVERY	INFERRED_FROM_SOURCE	frontend/admin-console/research/NMP_Research_Level.html	NMP_Research_Level.html	36	b5f4a2150dac9186e587df8e81c882cf0245c2f6ac181c485dee484f547051a5	"""Registration Review"":""مراجعة التسجيل"",""BUSINESS"":""الأعمال"",""Packages"":""الباقات"",""Payments"":""المدفوعات"","	Candidate evidence only; manual verification required.
EVD-ed27d7a9f0be	INTEGRATION_DISCOVERY	INFERRED_FROM_SOURCE	frontend/admin-console/research/NMP_Research_Level.html	NMP_Research_Level.html	38	b5f4a2150dac9186e587df8e81c882cf0245c2f6ac181c485dee484f547051a5	"""Alerts & Config"":""التنبيهات والإعدادات"",""Email"":""البريد"",""Telegram"":""تيليجرام"",""Health"":""الصحة التشغيلية"",""Reports"":""التقارير"","	Candidate evidence only; manual verification required.
EVD-c7969c1d3a69	INTEGRATION_DISCOVERY	INFERRED_FROM_SOURCE	frontend/admin-console/research/NMP_Research_Level.html	NMP_Research_Level.html	132	b5f4a2150dac9186e587df8e81c882cf0245c2f6ac181c485dee484f547051a5	"[""Overview"",""Users"",""Trials"",""Registration Review"",""Packages"",""Payments"",""Layer Governance"",""NMP Research Lab"",""Health"",""Reports"",""Backups"",""نظرة عامة"",""المستخدمون"",""التجارب"",""الباقات"",""المدفوعات""].forEach(function(x){"	Candidate evidence only; manual verification required.
EVD-228f8a56154e	INTEGRATION_DISCOVERY	INFERRED_FROM_SOURCE	frontend/admin-console/research/TDL_Research_Lab.html	TDL_Research_Lab.html	52	bb3c74d7f443409ffbff8cfe1c74e4454357da1abc6baaa4a186a18ecf658a23	"""Registration Review"":""مراجعة التسجيل"",""BUSINESS"":""الأعمال"",""Packages"":""الباقات"",""Payments"":""المدفوعات"","	Candidate evidence only; manual verification required.
EVD-845bb25d3b60	INTEGRATION_DISCOVERY	INFERRED_FROM_SOURCE	frontend/admin-console/research/TDL_Research_Lab.html	TDL_Research_Lab.html	54	bb3c74d7f443409ffbff8cfe1c74e4454357da1abc6baaa4a186a18ecf658a23	"""Alerts & Config"":""التنبيهات والإعدادات"",""Email"":""البريد"",""Telegram"":""تيليجرام"",""Health"":""الصحة التشغيلية"",""Reports"":""التقارير"","	Candidate evidence only; manual verification required.
EVD-2ea3e6f9ac42	INTEGRATION_DISCOVERY	INFERRED_FROM_SOURCE	frontend/admin-console/research/TDL_Research_Lab.html	TDL_Research_Lab.html	148	bb3c74d7f443409ffbff8cfe1c74e4454357da1abc6baaa4a186a18ecf658a23	"[""Overview"",""Users"",""Trials"",""Registration Review"",""Packages"",""Payments"",""Layer Governance"",""NMP Research Lab"",""Health"",""Reports"",""Backups"",""نظرة عامة"",""المستخدمون"",""التجارب"",""الباقات"",""المدفوعات""].forEach(function(x){"	Candidate evidence only; manual verification required.
EVD-1ead381d40fe	INTEGRATION_DISCOVERY	INFERRED_FROM_SOURCE	frontend/public-landing/NDSP_Activation.html	NDSP_Activation.html	182	f8fc3b0e2f1b8b85ff2d9a91b78404124e4c2cd9f3b3366e6066ac4b505de0d0	"<span data-i=""acctEmail"">الحساب</span>"	Candidate evidence only; manual verification required.
EVD-a6728081ff19	INTEGRATION_DISCOVERY	INFERRED_FROM_SOURCE	frontend/public-landing/NDSP_Activation.html	NDSP_Activation.html	251	f8fc3b0e2f1b8b85ff2d9a91b78404124e4c2cd9f3b3366e6066ac4b505de0d0	"acctSeat:""نوع المقعد"",acctSeatV:""خاص / مميّز"",acctEmail:""الحساب"","	Candidate evidence only; manual verification required.
EVD-9fca972decd4	INTEGRATION_DISCOVERY	INFERRED_FROM_SOURCE	frontend/public-landing/NDSP_Activation.html	NDSP_Activation.html	277	f8fc3b0e2f1b8b85ff2d9a91b78404124e4c2cd9f3b3366e6066ac4b505de0d0	"bf3:""<b>No payment card</b> — and the founder-price upgrade stays optional at the end."","	Candidate evidence only; manual verification required.
EVD-4c828505bcb8	INTEGRATION_DISCOVERY	INFERRED_FROM_SOURCE	frontend/public-landing/NDSP_Activation.html	NDSP_Activation.html	278	f8fc3b0e2f1b8b85ff2d9a91b78404124e4c2cd9f3b3366e6066ac4b505de0d0	"acctSeat:""Seat type"",acctSeatV:""Private / premium"",acctEmail:""Account"","	Candidate evidence only; manual verification required.
EVD-fd137de4770f	INTEGRATION_DISCOVERY	INFERRED_FROM_SOURCE	frontend/public-landing/NDSP_Activation.html	NDSP_Activation.html	290	f8fc3b0e2f1b8b85ff2d9a91b78404124e4c2cd9f3b3366e6066ac4b505de0d0	"fr:{dir:""ltr"",lang:""fr"",svTitle:""Bienvenue dans votre essai"",svMsg:""Votre parcours DSP a commencé. <b>3 questions rapides</b> nous aident à personnaliser vos 16 jours — entièrement facultatif."",svQ1:""Votre niveau d'expérience sur les marchés ?"",svQ1a:""Débutant"",svQ1b:""Intermédiaire"",svQ1c:""Avancé"",svQ2:""Quels marchés vous intéressent ? (plusieurs choix)"",svQ2a:""Forex"",svQ2b:""Matières"",svQ2c:""Indices"",svQ2d:""Crypto"",svQ3:""Qu'attendez-vous de DSP ?"",svQ3a:""Des lectures contextuelles plus claires"",svQ3b:""Le suivi de scénario"",svQ3c:""Comprendre le risque"",svQ3d:""Organiser mes décisions"",svSubmit:"""	Candidate evidence only; manual verification required.
EVD-0b27f9e87377	INTEGRATION_DISCOVERY	INFERRED_FROM_SOURCE	frontend/public-landing/NDSP_Activation.html	NDSP_Activation.html	291	f8fc3b0e2f1b8b85ff2d9a91b78404124e4c2cd9f3b3366e6066ac4b505de0d0	"es:{dir:""ltr"",lang:""es"",svTitle:""Bienvenido a tu prueba"",svMsg:""Tu viaje DSP ha comenzado. <b>3 preguntas rápidas</b> nos ayudan a personalizar tus 16 días — totalmente opcional."",svQ1:""¿Tu nivel de experiencia en los mercados?"",svQ1a:""Principiante"",svQ1b:""Intermedio"",svQ1c:""Avanzado"",svQ2:""¿Qué mercados te interesan? (elige varios)"",svQ2a:""Forex"",svQ2b:""Materias"",svQ2c:""Índices"",svQ2d:""Cripto"",svQ3:""¿Qué quieres de DSP?"",svQ3a:""Lecturas contextuales más claras"",svQ3b:""Seguimiento de escenario"",svQ3c:""Entender el riesgo"",svQ3d:""Organizar mis decisiones"",svSubmit:""Iniciar la prueba"",svSkip:""Omi"	Candidate evidence only; manual verification required.
EVD-9884fa287b83	INTEGRATION_DISCOVERY	INFERRED_FROM_SOURCE	frontend/public-landing/NDSP_Activation.html	NDSP_Activation.html	292	f8fc3b0e2f1b8b85ff2d9a91b78404124e4c2cd9f3b3366e6066ac4b505de0d0	"de:{dir:""ltr"",lang:""de"",svTitle:""Willkommen zu Ihrem Test"",svMsg:""Ihre DSP-Reise hat begonnen. <b>3 schnelle Fragen</b> helfen uns, Ihre 16 Tage anzupassen — völlig optional."",svQ1:""Ihr Erfahrungsniveau an den Märkten?"",svQ1a:""Anfänger"",svQ1b:""Fortgeschritten"",svQ1c:""Profi"",svQ2:""Welche Märkte interessieren Sie? (Mehrfachauswahl)"",svQ2a:""Forex"",svQ2b:""Rohstoffe"",svQ2c:""Indizes"",svQ2d:""Krypto"",svQ3:""Was möchten Sie von DSP?"",svQ3a:""Klarere kontextuelle Lesungen"",svQ3b:""Szenario-Nachverfolgung"",svQ3c:""Risiko verstehen"",svQ3d:""Meine Entscheidungen ordnen"",svSubmit:""Test starten"",svSkip:""Übersprin"	Candidate evidence only; manual verification required.
EVD-80e10f97fc91	INTEGRATION_DISCOVERY	INFERRED_FROM_SOURCE	frontend/public-landing/NDSP_Activation.html	NDSP_Activation.html	293	f8fc3b0e2f1b8b85ff2d9a91b78404124e4c2cd9f3b3366e6066ac4b505de0d0	"tr:{dir:""ltr"",lang:""tr"",svTitle:""Denemenize hoş geldiniz"",svMsg:""DSP yolculuğunuz başladı. <b>3 hızlı soru</b> 16 gününüzü kişiselleştirmemize yardımcı olur — tamamen isteğe bağlı."",svQ1:""Piyasalardaki deneyim seviyeniz?"",svQ1a:""Başlangıç"",svQ1b:""Orta"",svQ1c:""İleri"",svQ2:""Hangi piyasalar ilginizi çekiyor? (birden çok seçin)"",svQ2a:""Forex"",svQ2b:""Emtialar"",svQ2c:""Endeksler"",svQ2d:""Kripto"",svQ3:""DSP'den ne istiyorsunuz?"",svQ3a:""Daha net bağlamsal okumalar"",svQ3b:""Senaryo takibi"",svQ3c:""Riski anlamak"",svQ3d:""Kararlarımı düzenlemek"",svSubmit:""Denemeyi başlat"",svSkip:""Atla"",svGov:""Cevaplarınız yaln"	Candidate evidence only; manual verification required.
EVD-d2af509b1219	INTEGRATION_DISCOVERY	INFERRED_FROM_SOURCE	frontend/public-landing/NDSP_Activation.html	NDSP_Activation.html	294	f8fc3b0e2f1b8b85ff2d9a91b78404124e4c2cd9f3b3366e6066ac4b505de0d0	"ru:{dir:""ltr"",lang:""ru"",svTitle:""Добро пожаловать в ваш пробный период"",svMsg:""Ваше путешествие DSP началось. <b>3 быстрых вопроса</b> помогут нам настроить ваши 16 дней — полностью по желанию."",svQ1:""Ваш уровень опыта на рынках?"",svQ1a:""Начинающий"",svQ1b:""Средний"",svQ1c:""Продвинутый"",svQ2:""Какие рынки вас интересуют? (выберите любые)"",svQ2a:""Форекс"",svQ2b:""Сырьё"",svQ2c:""Индексы"",svQ2d:""Крипто"",svQ3:""Что вы хотите от DSP?"",svQ3a:""Более ясные контекстные чтения"",svQ3b:""Сопровождение сценария"",svQ3c:""Понимание риска"",svQ3d:""Организацию моих решений"",svSubmit:""Начать пробный период"",svSkip:""Пропу"	Candidate evidence only; manual verification required.
EVD-40b40561569b	INTEGRATION_DISCOVERY	INFERRED_FROM_SOURCE	frontend/public-landing/NDSP_Activation.html	NDSP_Activation.html	295	f8fc3b0e2f1b8b85ff2d9a91b78404124e4c2cd9f3b3366e6066ac4b505de0d0	"pt:{dir:""ltr"",lang:""pt"",svTitle:""Bem-vindo ao seu teste"",svMsg:""Sua jornada DSP começou. <b>3 perguntas rápidas</b> nos ajudam a personalizar seus 16 dias — totalmente opcional."",svQ1:""Seu nível de experiência nos mercados?"",svQ1a:""Iniciante"",svQ1b:""Intermediário"",svQ1c:""Avançado"",svQ2:""Quais mercados te interessam? (escolha vários)"",svQ2a:""Forex"",svQ2b:""Commodities"",svQ2c:""Índices"",svQ2d:""Cripto"",svQ3:""O que você quer do DSP?"",svQ3a:""Leituras contextuais mais claras"",svQ3b:""Acompanhamento de cenário"",svQ3c:""Entender o risco"",svQ3d:""Organizar minhas decisões"",svSubmit:""Iniciar o teste"",svSkip:"	Candidate evidence only; manual verification required.
EVD-7b7e8dc64817	INTEGRATION_DISCOVERY	INFERRED_FROM_SOURCE	frontend/public-landing/NDSP_Activation.html	NDSP_Activation.html	296	f8fc3b0e2f1b8b85ff2d9a91b78404124e4c2cd9f3b3366e6066ac4b505de0d0	"id:{dir:""ltr"",lang:""id"",svTitle:""Selamat datang di uji coba Anda"",svMsg:""Perjalanan DSP Anda telah dimulai. <b>3 pertanyaan singkat</b> membantu kami menyesuaikan 16 hari Anda — sepenuhnya opsional."",svQ1:""Tingkat pengalaman Anda di pasar?"",svQ1a:""Pemula"",svQ1b:""Menengah"",svQ1c:""Mahir"",svQ2:""Pasar mana yang menarik bagi Anda? (pilih beberapa)"",svQ2a:""Forex"",svQ2b:""Komoditas"",svQ2c:""Indeks"",svQ2d:""Kripto"",svQ3:""Apa yang Anda inginkan dari DSP?"",svQ3a:""Pembacaan kontekstual yang lebih jelas"",svQ3b:""Tindak lanjut skenario"",svQ3c:""Memahami risiko"",svQ3d:""Mengatur keputusan saya"",svSubmit:""Mulai uj"	Candidate evidence only; manual verification required.
EVD-15af7a1e5bbf	INTEGRATION_DISCOVERY	INFERRED_FROM_SOURCE	frontend/public-landing/NDSP_Activation.html	NDSP_Activation.html	297	f8fc3b0e2f1b8b85ff2d9a91b78404124e4c2cd9f3b3366e6066ac4b505de0d0	"hi:{dir:""ltr"",lang:""hi"",svTitle:""आपके परीक्षण में स्वागत है"",svMsg:""आपकी DSP यात्रा शुरू हो गई है। <b>3 त्वरित प्रश्न</b> आपके 16 दिनों को अनुकूलित करने में हमारी मदद करते हैं — पूरी तरह वैकल्पिक।"",svQ1:""बाजारों में आपका अनुभव स्तर?"",svQ1a:""शुरुआती"",svQ1b:""मध्यम"",svQ1c:""उन्नत"",svQ2:""कौन से बाजार आपकी रुचि में हैं? (कोई भी चुनें)"",svQ2a:""फ़ॉरेक्स"",svQ2b:""जिंस"",svQ2c:""सूचकांक"",svQ2d:""क्रिप्टो"",svQ3:""आप DSP से क्या चाहते हैं?"",svQ3a:""स्पष्ट प्रासंगिक रीडिंग"",svQ3b:""परिदृश्य अनुवर्तन"",svQ3c:""जोखिम समझना"",svQ3d:""अपने निर्णय व्यवस्थित करना"",svSubmit:""परीक्षण शुरू करें"",svSkip:""छोड़ें"",svGov:""आपके उत"	Candidate evidence only; manual verification required.
EVD-3bb8d96f84a5	INTEGRATION_DISCOVERY	INFERRED_FROM_SOURCE	frontend/public-landing/NDSP_Activation.html	NDSP_Activation.html	298	f8fc3b0e2f1b8b85ff2d9a91b78404124e4c2cd9f3b3366e6066ac4b505de0d0	"zh:{dir:""ltr"",lang:""zh"",svTitle:""欢迎参加您的试用"",svMsg:""您的 DSP 旅程已经开始。<b>3 个快速问题</b>帮助我们定制您的 16 天——完全可选。"",svQ1:""您在市场中的经验水平?"",svQ1a:""初级"",svQ1b:""中级"",svQ1c:""高级"",svQ2:""您对哪些市场感兴趣?(可多选)"",svQ2a:""外汇"",svQ2b:""大宗商品"",svQ2c:""指数"",svQ2d:""加密货币"",svQ3:""您想从 DSP 获得什么?"",svQ3a:""更清晰的情境读数"",svQ3b:""情景跟进"",svQ3c:""理解风险"",svQ3d:""组织我的决策"",svSubmit:""开始试用"",svSkip:""跳过"",svGov:""您的回答仅用于定制您的体验——并非财务建议。您可以稍后在设置中更改。"",svThanksT:""完成——享受您的旅程"",svThanksM:""您的试用已定制。这 16 天属于您——让每一天都有价值。"",svGo:""进入我的旅程"",activation:""账户激活"",approved:""已批准"",title:""您的账户已就绪,Khalid"",lead:""您的申请已审核,席位已批准。<b>您的试用尚未开始</b>——它在您按下「开始试用」的那一刻开始,并持续完整的 16 天。这样您不会浪费时间。"",clockH:""计时从激活时"	Candidate evidence only; manual verification required.
EVD-ee65f105d4cc	INTEGRATION_DISCOVERY	INFERRED_FROM_SOURCE	frontend/public-landing/NDSP_Activation.html	NDSP_Activation.html	299	f8fc3b0e2f1b8b85ff2d9a91b78404124e4c2cd9f3b3366e6066ac4b505de0d0	"ur:{dir:""rtl"",lang:""ur"",svTitle:""آپ کی آزمائش میں خوش آمدید"",svMsg:""آپ کا DSP سفر شروع ہو گیا ہے۔ <b>3 فوری سوالات</b> ہمیں آپ کے 16 دن کو ترتیب دینے میں مدد کرتے ہیں — مکمل طور پر اختیاری۔"",svQ1:""مارکیٹوں میں آپ کا تجربہ کی سطح؟"",svQ1a:""ابتدائی"",svQ1b:""درمیانہ"",svQ1c:""ماہر"",svQ2:""کون سی مارکیٹیں آپ کی دلچسپی ہیں؟ (کوئی بھی چنیں)"",svQ2a:""فاریکس"",svQ2b:""اجناس"",svQ2c:""اشاریے"",svQ2d:""کرپٹو"",svQ3:""آپ DSP سے کیا چاہتے ہیں؟"",svQ3a:""واضح تر سیاقی پڑھائیاں"",svQ3b:""سیناریو کی پیروی"",svQ3c:""خطرہ سمجھنا"",svQ3d:""اپنے فیصلوں کو منظم کرنا"",svSubmit:""آزمائش شروع کریں"",svSkip:""چھوڑیں"",svGov:""آپ کے جوابات صرف "	Candidate evidence only; manual verification required.
EVD-39fa9be46c82	INTEGRATION_DISCOVERY	INFERRED_FROM_SOURCE	frontend/public-landing/NDSP_Help_Center.html	NDSP_Help_Center.html	195	9f8b6856d18b6bd64c8213fbb68023ccd0fb60afaa2d427b3538c9e79f706b23	"{cat:""trial"",q:[""هل أحتاج بطاقة دفع للتجربة؟"",""Do I need a payment card for the trial?""],"	Candidate evidence only; manual verification required.
EVD-e72db30595a9	INTEGRATION_DISCOVERY	INFERRED_FROM_SOURCE	frontend/public-landing/NDSP_Help_Center.html	NDSP_Help_Center.html	197	9f8b6856d18b6bd64c8213fbb68023ccd0fb60afaa2d427b3538c9e79f706b23	"""No. The trial needs no payment card and no commitment. Upgrading to a paid package at the founder price stays <b>optional</b> at the end of the 16 days.""]},"	Candidate evidence only; manual verification required.
EVD-3d26eb27181d	INTEGRATION_DISCOVERY	INFERRED_FROM_SOURCE	frontend/public-landing/NDSP_Help_Center.html	NDSP_Help_Center.html	216	9f8b6856d18b6bd64c8213fbb68023ccd0fb60afaa2d427b3538c9e79f706b23	"{cat:""security"",q:[""كيف أربط تنبيهات تيليجرام بأمان؟"",""How do I link Telegram alerts safely?""],"	Candidate evidence only; manual verification required.
EVD-dbb600af546e	INTEGRATION_DISCOVERY	INFERRED_FROM_SOURCE	frontend/public-landing/NDSP_Help_Center.html	NDSP_Help_Center.html	222	9f8b6856d18b6bd64c8213fbb68023ccd0fb60afaa2d427b3538c9e79f706b23	"{cat:""billing"",q:[""كيف تتم الترقية والدفع؟"",""How do upgrades and payments work?""],"	Candidate evidence only; manual verification required.
EVD-01d0c78ad261	INTEGRATION_DISCOVERY	INFERRED_FROM_SOURCE	frontend/public-landing/NDSP_Help_Center.html	NDSP_Help_Center.html	224	9f8b6856d18b6bd64c8213fbb68023ccd0fb60afaa2d427b3538c9e79f706b23	"""You pick a package and method (crypto or bank transfer). <b>No auto-activation</b> — a subscription request is created in a review state, and access activates after server-side payment approval with a confirmation email.""]},"	Candidate evidence only; manual verification required.
EVD-71667f4e9d73	INTEGRATION_DISCOVERY	INFERRED_FROM_SOURCE	frontend/public-landing/NDSP_Help_Center.html	NDSP_Help_Center.html	228	9f8b6856d18b6bd64c8213fbb68023ccd0fb60afaa2d427b3538c9e79f706b23	"{cat:""billing"",q:[""هل تظهر بيانات تشغيل محمية بوابة الدفع؟"",""Are payment-gateway protecteds exposed?""],"	Candidate evidence only; manual verification required.
EVD-d13056345e01	INTEGRATION_DISCOVERY	INFERRED_FROM_SOURCE	frontend/public-landing/NDSP_Help_Center.html	NDSP_Help_Center.html	230	9f8b6856d18b6bd64c8213fbb68023ccd0fb60afaa2d427b3538c9e79f706b23	"""Never. Payment logic and verification are server-side, and gateway keys or any protecteds are not shown in the frontend.""]},"	Candidate evidence only; manual verification required.
EVD-dc1ac9887c0d	INTEGRATION_DISCOVERY	INFERRED_FROM_SOURCE	frontend/public-landing/NDSP_Help_Center.html	NDSP_Help_Center.html	261	9f8b6856d18b6bd64c8213fbb68023ccd0fb60afaa2d427b3538c9e79f706b23	"ccTgH:""Telegram support"",ccTgS:""Fastest channel"",ccMailH:""Email"",ccMailS:""For detailed inquiries"","	Candidate evidence only; manual verification required.
EVD-3907a80565e3	INTEGRATION_DISCOVERY	INFERRED_FROM_SOURCE	frontend/public-landing/NDSP_Help_Center.html	NDSP_Help_Center.html	265	9f8b6856d18b6bd64c8213fbb68023ccd0fb60afaa2d427b3538c9e79f706b23	"fr:{dir:""ltr"",lang:""fr"",helpCenter:""CENTRE D'AIDE"",backBtn:""Retour"",heroH:""Comment pouvons-nous aider ?"",heroP:""Des réponses claires sur la plateforme, l'essai, la gouvernance et la sécurité. Cherchez ou parcourez par catégorie."",searchPh:""Rechercher des questions…"",govCalloutH:""Avant toute question : qu'est-ce que DSP ?"",govCalloutP:""DSP est une plateforme d'<span class='gold'>aide à la décision et d'analyse contextuelle</span> — elle vous donne une direction contextuelle, un horizon de suivi et une qualité de décision épurée. Elle n'est <b>pas</b> une société d'investissement, un fournisseur"	Candidate evidence only; manual verification required.
EVD-08a53aad6ebe	INTEGRATION_DISCOVERY	INFERRED_FROM_SOURCE	frontend/public-landing/NDSP_Help_Center.html	NDSP_Help_Center.html	266	9f8b6856d18b6bd64c8213fbb68023ccd0fb60afaa2d427b3538c9e79f706b23	"es:{dir:""ltr"",lang:""es"",helpCenter:""CENTRO DE AYUDA"",backBtn:""Atrás"",heroH:""¿Cómo popreviews ayudar?"",heroP:""Respuestas claras sobre la plataforma, la prueba, la gobernanza y la seguridad. Busca o explora por categoría."",searchPh:""Buscar preguntas…"",govCalloutH:""Antes de cualquier pregunta: ¿qué es DSP?"",govCalloutP:""DSP es una plataforma de <span class='gold'>apoyo a la decisión y análisis contextual</span> — te da dirección contextual, un horizonte de seguimiento y calidad de decisión depurada. <b>No</b> es una empresa de inversión, un proveedor de recomendaciones ni un bot de trading; no ge"	Candidate evidence only; manual verification required.
EVD-d79b5a1e10e8	INTEGRATION_DISCOVERY	INFERRED_FROM_SOURCE	frontend/public-landing/NDSP_Help_Center.html	NDSP_Help_Center.html	267	9f8b6856d18b6bd64c8213fbb68023ccd0fb60afaa2d427b3538c9e79f706b23	"de:{dir:""ltr"",lang:""de"",helpCenter:""HILFE-CENTER"",backBtn:""Zurück"",heroH:""Wie können wir helfen?"",heroP:""Klare Antworten zu Plattform, Testphase, Governance und Sicherheit. Suchen oder nach Kategorie stöbern."",searchPh:""Fragen suchen…"",govCalloutH:""Vor jeder Frage: Was ist DSP?"",govCalloutP:""DSP ist eine Plattform zur <span class='gold'>Entscheidungsunterstützung und Kontextanalyse</span> — sie gibt Ihnen kontextuelle Richtung, einen Folgehorizont und bereinigte Entscheidungsqualität. Sie ist <b>kein</b> Investmentunternehmen, kein Empfehlungsanbieter und kein Handelsbot; sie verwaltet keine M"	Candidate evidence only; manual verification required.
EVD-897875f727b1	INTEGRATION_DISCOVERY	INFERRED_FROM_SOURCE	frontend/public-landing/NDSP_Help_Center.html	NDSP_Help_Center.html	268	9f8b6856d18b6bd64c8213fbb68023ccd0fb60afaa2d427b3538c9e79f706b23	"tr:{dir:""ltr"",lang:""tr"",helpCenter:""YARDIM MERKEZİ"",backBtn:""Geri"",heroH:""Nasıl yardımcı olabiliriz?"",heroP:""Platform, deneme, yönetişim ve güvenlik hakkında net yanıtlar. Arayın veya kategoriye göre göz atın."",searchPh:""Soru ara…"",govCalloutH:""Her sorudan önce: DSP nedir?"",govCalloutP:""DSP bir <span class='gold'>karar destek ve bağlamsal analiz</span> platformudur — size bağlamsal yön, takip ufku ve arıtılmış karar kalitesi sunar. Bir yatırım şirketi, tavsiye sağlayıcısı veya işlem botu <b>değildir</b>; hiçbir fon yönetmez ve sonuç garanti etmez. Siz karar verirsiniz; biz kararı destekleriz."""	Candidate evidence only; manual verification required.
EVD-0f94773f6760	INTEGRATION_DISCOVERY	INFERRED_FROM_SOURCE	frontend/public-landing/NDSP_Help_Center.html	NDSP_Help_Center.html	269	9f8b6856d18b6bd64c8213fbb68023ccd0fb60afaa2d427b3538c9e79f706b23	"ru:{dir:""ltr"",lang:""ru"",helpCenter:""ЦЕНТР ПОМОЩИ"",backBtn:""Назад"",heroH:""Чем мы можем помочь?"",heroP:""Чёткие ответы о платформе, пробном периоде, управлении и безопасности. Ищите или просматривайте по категориям."",searchPh:""Поиск вопросов…"",govCalloutH:""Перед любым вопросом: что такое DSP?"",govCalloutP:""DSP — это платформа <span class='gold'>поддержки решений и контекстного анализа</span> — она даёт вам контекстное направление, горизонт сопровождения и очищенное качество решения. Это <b>не</b> инвестиционная компания, не поставщик рекомендаций и не торговый бот; она не управляет средствами и н"	Candidate evidence only; manual verification required.
EVD-a7e7b26fcc8e	INTEGRATION_DISCOVERY	INFERRED_FROM_SOURCE	frontend/public-landing/NDSP_Help_Center.html	NDSP_Help_Center.html	270	9f8b6856d18b6bd64c8213fbb68023ccd0fb60afaa2d427b3538c9e79f706b23	"pt:{dir:""ltr"",lang:""pt"",helpCenter:""CENTRAL DE AJUDA"",backBtn:""Voltar"",heroH:""Como popreviews ajudar?"",heroP:""Respostas claras sobre a plataforma, o teste, a governança e a segurança. Pesquise ou navegue por categoria."",searchPh:""Pesquisar perguntas…"",govCalloutH:""Antes de qualquer pergunta: o que é DSP?"",govCalloutP:""DSP é uma plataforma de <span class='gold'>apoio à decisão e análise contextual</span> — oferece direção contextual, um horizonte de acompanhamento e qualidade de decisão depurada. <b>Não</b> é uma empresa de investimento, fornecedor de recomendações ou bot de negociação; não ger"	Candidate evidence only; manual verification required.
EVD-2e54f22d4442	INTEGRATION_DISCOVERY	INFERRED_FROM_SOURCE	frontend/public-landing/NDSP_Help_Center.html	NDSP_Help_Center.html	271	9f8b6856d18b6bd64c8213fbb68023ccd0fb60afaa2d427b3538c9e79f706b23	"id:{dir:""ltr"",lang:""id"",helpCenter:""PUSAT BANTUAN"",backBtn:""Kembali"",heroH:""Bagaimana kami bisa membantu?"",heroP:""Jawaban jelas tentang platform, uji coba, tata kelola, dan keamanan. Cari atau jelajahi berdasarkan kategori."",searchPh:""Cari pertanyaan…"",govCalloutH:""Sebelum pertanyaan apa pun: apa itu DSP?"",govCalloutP:""DSP adalah platform <span class='gold'>pendukung keputusan dan analisis kontekstual</span> — memberi Anda arah kontekstual, horizon tindak lanjut, dan kualitas keputusan yang dibersihkan. Ini <b>bukan</b> perusahaan investasi, penyedia rekomendasi, atau bot perdagangan; tidak me"	Candidate evidence only; manual verification required.
EVD-15768b7549ef	INTEGRATION_DISCOVERY	INFERRED_FROM_SOURCE	frontend/public-landing/NDSP_Help_Center.html	NDSP_Help_Center.html	272	9f8b6856d18b6bd64c8213fbb68023ccd0fb60afaa2d427b3538c9e79f706b23	"hi:{dir:""ltr"",lang:""hi"",helpCenter:""सहायता केंद्र"",backBtn:""वापस"",heroH:""हम कैसे मदद कर सकते हैं?"",heroP:""प्लेटफ़ॉर्म, परीक्षण, शासन और सुरक्षा के बारे में स्पष्ट उत्तर। खोजें या श्रेणी के अनुसार ब्राउज़ करें।"",searchPh:""प्रश्न खोजें…"",govCalloutH:""किसी भी प्रश्न से पहले: DSP क्या है?"",govCalloutP:""DSP एक <span class='gold'>निर्णय-समर्थन और प्रासंगिक-विश्लेषण</span> प्लेटफ़ॉर्म है — यह आपको प्रासंगिक दिशा, अनुवर्ती क्षितिज और स्वच्छ निर्णय गुणवत्ता देता है। यह एक निवेश फर्म, सिफारिश प्रदाता या व्यापार बॉट <b>नहीं</b> है; यह कोई धन प्रबंधित नहीं करता और किसी परिणाम की गारंटी नहीं देता। आप निर्ण"	Candidate evidence only; manual verification required.
EVD-4447d6354990	INTEGRATION_DISCOVERY	INFERRED_FROM_SOURCE	frontend/public-landing/NDSP_Help_Center.html	NDSP_Help_Center.html	273	9f8b6856d18b6bd64c8213fbb68023ccd0fb60afaa2d427b3538c9e79f706b23	"zh:{dir:""ltr"",lang:""zh"",helpCenter:""帮助中心"",backBtn:""返回"",heroH:""我们能帮您什么?"",heroP:""关于平台、试用、治理和安全的清晰解答。搜索或按类别浏览。"",searchPh:""搜索问题…"",govCalloutH:""在任何问题之前:DSP 是什么?"",govCalloutP:""DSP 是一个<span class='gold'>决策支持与情境分析</span>平台——它为您提供情境方向、跟进时间范围和净化后的决策质量。它<b>不是</b>投资公司、推荐提供商或交易机器人;它不管理任何资金,也不保证任何结果。您来决定;我们支持决策。"",noresult:""没有匹配结果。请尝试其他词语或联系我们。"",ccTgH:""Telegram 支持"",ccTgS:""最快渠道"",ccMailH:""电子邮件"",ccMailS:""用于详细咨询"",govRule:""暴露决策价值 · 隐藏配方"",discT:""免责声明"",discBody:""DSP 输出和情景级别仅为情境性决策支持参考。它们不是财务建议、交易指示、执行指令或保证结果。DSP 不是投资公司,也不管理任何资金。""},"	Candidate evidence only; manual verification required.
EVD-087a4295c4c1	INTEGRATION_DISCOVERY	INFERRED_FROM_SOURCE	frontend/public-landing/NDSP_Help_Center.html	NDSP_Help_Center.html	274	9f8b6856d18b6bd64c8213fbb68023ccd0fb60afaa2d427b3538c9e79f706b23	"ur:{dir:""rtl"",lang:""ur"",helpCenter:""مدد مرکز"",backBtn:""واپس"",heroH:""ہم کیسے مدد کر سکتے ہیں؟"",heroP:""پلیٹ فارم، آزمائش، نظم و نسق اور سلامتی کے بارے میں واضح جوابات۔ تلاش کریں یا زمرے کے لحاظ سے دیکھیں۔"",searchPh:""سوالات تلاش کریں…"",govCalloutH:""کسی بھی سوال سے پہلے: DSP کیا ہے؟"",govCalloutP:""DSP ایک <span class='gold'>فیصلہ سازی کی معاونت اور سیاقی تجزیہ</span> کا پلیٹ فارم ہے — یہ آپ کو سیاقی سمت، پیروی کا افق اور صاف فیصلہ معیار دیتا ہے۔ یہ سرمایہ کاری کا ادارہ، سفارش فراہم کنندہ یا تجارتی بوٹ <b>نہیں</b> ہے؛ یہ کوئی فنڈ نہیں چلاتا اور کسی نتیجے کی ضمانت نہیں دیتا۔ آپ فیصلہ کرتے ہیں؛ ہم فیص"	Candidate evidence only; manual verification required.
EVD-7eb57c5a4252	INTEGRATION_DISCOVERY	INFERRED_FROM_SOURCE	frontend/public-landing/NDSP_Landing.html	NDSP_Landing.html	601	f7279895aa4d0f27dbe7c9af9d7f7984cdab8d70cb4777378753f8139228a299	if (/البريد|email/i.test(txt + html)) score++;	Candidate evidence only; manual verification required.
EVD-c6968a863047	INTEGRATION_DISCOVERY	INFERRED_FROM_SOURCE	frontend/public-landing/NDSP_Landing.html	NDSP_Landing.html	618	f7279895aa4d0f27dbe7c9af9d7f7984cdab8d70cb4777378753f8139228a299	if (/البريد الإلكتروني|email/i.test(txt)) score++;	Candidate evidence only; manual verification required.
EVD-fbb0942cefc6	INTEGRATION_DISCOVERY	INFERRED_FROM_SOURCE	frontend/public-landing/NDSP_Landing.html	NDSP_Landing.html	694	f7279895aa4d0f27dbe7c9af9d7f7984cdab8d70cb4777378753f8139228a299	if (/email|البريد|phone|الجوال|invite|الدعوة/i.test(text)) {	Candidate evidence only; manual verification required.
EVD-eabd4cb65429	INTEGRATION_DISCOVERY	INFERRED_FROM_SOURCE	frontend/public-landing/NDSP_Packages_Compare.html	NDSP_Packages_Compare.html	193	5c363b0d6c0af4fcbb3b8f3723e9b31a6032c8396a24e366cee233d9ee1fb4dc	"{grp:[""التنبيهات والتكامل"",""Alerts & integration""],rows:["	Candidate evidence only; manual verification required.
EVD-27fcf18ff47e	INTEGRATION_DISCOVERY	INFERRED_FROM_SOURCE	frontend/public-landing/NDSP_Packages_Compare.html	NDSP_Packages_Compare.html	194	5c363b0d6c0af4fcbb3b8f3723e9b31a6032c8396a24e366cee233d9ee1fb4dc	"{f:[""التنبيهات"",""Alerts""],v:[[""تنبيه واحد"",""1 alert""],[""أساسية"",""Basic""],[""تيليجرام"",""Telegram""],[""متعددة"",""Multi""]]},"	Candidate evidence only; manual verification required.
EVD-9237a16124bf	INTEGRATION_DISCOVERY	INFERRED_FROM_SOURCE	frontend/public-landing/NDSP_Packages_Compare.html	NDSP_Packages_Compare.html	196	5c363b0d6c0af4fcbb3b8f3723e9b31a6032c8396a24e366cee233d9ee1fb4dc	"{f:[""Webhooks"",""Webhooks""],v:[""N"",""N"",""N"",""Y""]},"	Candidate evidence only; manual verification required.
EVD-ec3e431a4600	INTEGRATION_DISCOVERY	INFERRED_FROM_SOURCE	frontend/public-landing/NDSP_Packages_Compare.html	NDSP_Packages_Compare.html	200	5c363b0d6c0af4fcbb3b8f3723e9b31a6032c8396a24e366cee233d9ee1fb4dc	"{f:[""مستوى الدعم"",""Support level""],v:[[""مجتمعي"",""Community""],[""بريد"",""Email""],[""أولوية"",""Priority""],[""مخصّص"",""Dedicated""]]},"	Candidate evidence only; manual verification required.
EVD-8475e12b8969	INTEGRATION_DISCOVERY	INFERRED_FROM_SOURCE	frontend/public-landing/NDSP_Terms_Privacy.html	NDSP_Terms_Privacy.html	175	5c41615a40cfe879c61c14c6495fe9b6e50577d73807b28e2b8c26cbc1f9a0c0	"{n:""٥"",h:[""الباقات والدفع"",""Packages & payment""],body:["	Candidate evidence only; manual verification required.
EVD-f8e38d5062bd	INTEGRATION_DISCOVERY	INFERRED_FROM_SOURCE	frontend/public-landing/NDSP_Terms_Privacy.html	NDSP_Terms_Privacy.html	176	5c41615a40cfe879c61c14c6495fe9b6e50577d73807b28e2b8c26cbc1f9a0c0	"[""تُفرض حدود كل باقة في الخادم؛ الواجهة تعرض الحالة فقط. <b>لا تفعيل تلقائي</b> — يُعتمد الاشتراك بعد التحقّق من الدفع."",""Each package's limits are enforced server-side; the frontend shows state only. <b>No auto-activation</b> — a subscription is approved after payment verification.""],"	Candidate evidence only; manual verification required.
EVD-4284f8dbc017	INTEGRATION_DISCOVERY	INFERRED_FROM_SOURCE	frontend/public-landing/NDSP_Terms_Privacy.html	NDSP_Terms_Privacy.html	177	5c41615a40cfe879c61c14c6495fe9b6e50577d73807b28e2b8c26cbc1f9a0c0	"[""تُعالج المدفوعات عبر مزوّدين خارجيين (مثل NOWPayments والتحويل البنكي). يمكنك الإلغاء وفق السياسة المعلنة وقت الشراء."",""Payments are processed via third-party providers (such as NOWPayments and bank transfer). You may cancel per the policy disclosed at purchase.""]]},"	Candidate evidence only; manual verification required.
EVD-e38a2c070e76	INTEGRATION_DISCOVERY	INFERRED_FROM_SOURCE	frontend/public-landing/NDSP_Terms_Privacy.html	NDSP_Terms_Privacy.html	191	5c41615a40cfe879c61c14c6495fe9b6e50577d73807b28e2b8c26cbc1f9a0c0	"[""بيانات الحساب الأساسية (بريد، اسم اختياري)، وتفضيلاتك، وإشارات أمان آمنة: <b>بصمة جهاز/IP مجزّأة</b> وسرعة التسجيل لمكافحة الإساءة، وإشارات استخدام عامة (مشاهدات، تنقّل، إكمال نماذج)."",""Basic REDACTED data (email, optional name), your preferences, and safe security signals: <b>hashed device/IP</b> and registration velocity for anti-abuse, plus general usage signals (views, navigation, form completion).""]]},"	Candidate evidence only; manual verification required.
EVD-607b6a6b69f4	INTEGRATION_DISCOVERY	INFERRED_FROM_SOURCE	frontend/public-landing/NDSP_Terms_Privacy.html	NDSP_Terms_Privacy.html	194	5c41615a40cfe879c61c14c6495fe9b6e50577d73807b28e2b8c26cbc1f9a0c0	"[""اعتمادات الدخول <b>مجزّأة (hashed)</b> ولا تُخزّن كنص. بيانات تشغيل محمية القنوات (اعتماد تيليجرام محمي، اعتماد SMTP محمي، اعتمادات بوابة الدفع المحمية) تبقى في الخادم ولا تظهر إطلاقًا."",""Credentials are <b>hashed</b> and never stored as text. Channel protected credentials (Telegram protected credential, SMTP protected credential, payment gateway protected credentials) stay on the server and are never shown.""]]},"	Candidate evidence only; manual verification required.
EVD-28cb5def6dd9	INTEGRATION_DISCOVERY	INFERRED_FROM_SOURCE	frontend/public-landing/NDSP_Terms_Privacy.html	NDSP_Terms_Privacy.html	199	5c41615a40cfe879c61c14c6495fe9b6e50577d73807b28e2b8c26cbc1f9a0c0	"[""إذا ربطت تيليجرام، يتم ذلك عبر <b>رمز لمرة واحدة</b> يُتحقّق منه في الخادم؛ لا نطّلع على محادثاتك. البريد يُستخدم للتنبيهات والإشعارات التشغيلية فقط."",""If you link Telegram, it's done via a <b>one-time code</b> verified server-side; we don't access your chats. Email is used for alerts and operational notices only.""]]},"	Candidate evidence only; manual verification required.
EVD-503491f3bf79	INTEGRATION_DISCOVERY	INFERRED_FROM_SOURCE	frontend/public-landing/NDSP_Terms_Privacy.html	NDSP_Terms_Privacy.html	201	5c41615a40cfe879c61c14c6495fe9b6e50577d73807b28e2b8c26cbc1f9a0c0	"[""نستعين بمزوّدين لتشغيل البنية (استضافة، قاعدة بيانات، بوابة دفع، رسائل). يصلهم الحد الأدنى اللازم فقط، ويلتزمون بحماية البيانات."",""We use providers to run the infrastructure (hosting, database, payment gateway, messaging). They receive only the minimum necessary and are bound to protect the data.""]]},"	Candidate evidence only; manual verification required.
EVD-f55a7f10f7e9	INTEGRATION_DISCOVERY	INFERRED_FROM_SOURCE	frontend/public-landing/index.html	index.html	366	43b64d35d11b6065de8f1357004995c6b9aab84150f701a702282137f74721aa	"<ul><li data-i=""pkInst1"">٢٥٠+ أصل بالعقد</li><li data-i=""pkInst2"">API مخرجات القرار</li><li data-i=""pkInst3"">Webhooks + فرق عمل</li><li data-i=""pkInst4"">تقارير مخصّصة</li></ul></div>"	Candidate evidence only; manual verification required.
EVD-87342b224288	INTEGRATION_DISCOVERY	INFERRED_FROM_SOURCE	frontend/public-landing/index.html	index.html	387	43b64d35d11b6065de8f1357004995c6b9aab84150f701a702282137f74721aa	"<div class=""field""><label data-i=""fEmail"">البريد الإلكتروني</label><input id=""f_email"" type=""email"" autocomplete=""email"" dir=""ltr""></div>"	Candidate evidence only; manual verification required.
EVD-2299f4e2f07f	INTEGRATION_DISCOVERY	INFERRED_FROM_SOURCE	frontend/public-landing/index.html	index.html	479	43b64d35d11b6065de8f1357004995c6b9aab84150f701a702282137f74721aa	"pkInstN:""المؤسسية"",pkInst1:""٢٥٠+ أصل بالعقد"",pkInst2:""API مخرجات القرار"",pkInst3:""Webhooks + فرق عمل"",pkInst4:""تقارير مخصّصة"","	Candidate evidence only; manual verification required.
EVD-fc541a37b52f	INTEGRATION_DISCOVERY	INFERRED_FROM_SOURCE	frontend/public-landing/index.html	index.html	483	43b64d35d11b6065de8f1357004995c6b9aab84150f701a702282137f74721aa	"fName:""الاسم الكامل"",fPhone:""رقم الجوال"",fEmail:""البريد الإلكتروني"",fType:""نوع المستخدم"",fTypeOrd:""مبتدئ عادي"",fTypeSpec:""متخصص / أكاديمي"",fTypePriv:""خاص / مميّز"",fInvite:""رمز الدعوة (اختياري)"","	Candidate evidence only; manual verification required.
EVD-8684beb11bcb	INTEGRATION_DISCOVERY	INFERRED_FROM_SOURCE	frontend/public-landing/index.html	index.html	497	43b64d35d11b6065de8f1357004995c6b9aab84150f701a702282137f74721aa	"ctaMain:""Start your 16-day trial"",ctaSec:""Explore the layers"",micro:""16 days · 16 layers · no payment card · full disclaimer"","	Candidate evidence only; manual verification required.
EVD-91a321093a4c	INTEGRATION_DISCOVERY	INFERRED_FROM_SOURCE	frontend/public-landing/index.html	index.html	517	43b64d35d11b6065de8f1357004995c6b9aab84150f701a702282137f74721aa	"pkBadge:""Most popular"",pkEliteN:""Elite"",pkElite1:""All markets · 100 assets"",pkElite2:""250 daily analyses"",pkElite3:""All four layers"",pkElite4:""Advanced Telegram alerts"",pkElite5:""Journal + comparison"","	Candidate evidence only; manual verification required.
EVD-204fe9f600c6	INTEGRATION_DISCOVERY	INFERRED_FROM_SOURCE	frontend/public-landing/index.html	index.html	518	43b64d35d11b6065de8f1357004995c6b9aab84150f701a702282137f74721aa	"pkInstN:""Institutional"",pkInst1:""250+ assets by contract"",pkInst2:""Decision-output API"",pkInst3:""Webhooks + teams"",pkInst4:""Custom reports"","	Candidate evidence only; manual verification required.
EVD-d07c8a42d914	INTEGRATION_DISCOVERY	INFERRED_FROM_SOURCE	frontend/public-landing/index.html	index.html	521	43b64d35d11b6065de8f1357004995c6b9aab84150f701a702282137f74721aa	"regS3:""No payment card. Converting to a paid package after launch is optional."",regS4:""Automated registration review protects seats from abuse and duplicates."","	Candidate evidence only; manual verification required.
EVD-1267a22f0b6d	INTEGRATION_DISCOVERY	INFERRED_FROM_SOURCE	frontend/public-landing/index.html	index.html	522	43b64d35d11b6065de8f1357004995c6b9aab84150f701a702282137f74721aa	"fName:""Full name"",fPhone:""Mobile number"",fEmail:""Email address"",fType:""User type"",fTypeOrd:""Ordinary beginner"",fTypeSpec:""Specialist / academic"",fTypePriv:""Private / premium"",fInvite:""Invite code (optional)"","	Candidate evidence only; manual verification required.
EVD-43d18c622e4b	INTEGRATION_DISCOVERY	INFERRED_FROM_SOURCE	frontend/public-landing/index.html	index.html	525	43b64d35d11b6065de8f1357004995c6b9aab84150f701a702282137f74721aa	"okContinue:""Continue to activation →"",okH:""Request received"",okBody:""Your request is in automated review to verify the seat. You'll get an activation email — and your trial begins the moment you activate your account, not now, so you lose none of the 16 days."","	Candidate evidence only; manual verification required.
EVD-5d93291eb970	INTEGRATION_DISCOVERY	INFERRED_FROM_SOURCE	frontend/public-landing/index.html	index.html	531	43b64d35d11b6065de8f1357004995c6b9aab84150f701a702282137f74721aa	"fr:{dir:""ltr"",lang:""fr"",dmTitle:""Avis de non-responsabilité"",dmBody:""<b>NDSP est une plateforme d'aide à la décision.</b> Les niveaux de scénario et les résultats de NDSP sont des références contextuelles d'aide à la décision uniquement — pas un conseil financier, ni une instruction de trading, ni un ordre d'exécution, ni une garantie de résultat. NDSP n'est pas une société d'investissement et ne gère aucun fonds. La décision finale et sa responsabilité vous appartiennent seul."",dmCheck:""Je confirme avoir lu et accepté cet avis."",dmBtn:""J'accepte et j'entre"",dmGov:""Détails complets :"",dmTerms:"	Candidate evidence only; manual verification required.
EVD-3f3a5d0b393c	INTEGRATION_DISCOVERY	INFERRED_FROM_SOURCE	frontend/public-landing/index.html	index.html	532	43b64d35d11b6065de8f1357004995c6b9aab84150f701a702282137f74721aa	"es:{dir:""ltr"",lang:""es"",dmTitle:""Aviso legal"",dmBody:""<b>NDSP es una plataforma de apoyo a la decisión.</b> Los niveles de escenario y los resultados de NDSP son referencias contextuales de apoyo a la decisión únicamente — no son asesoramiento financiero, ni una instrucción de operación, ni una directiva de ejecución, ni una garantía de resultados. NDSP no es una empresa de inversión y no gestiona fondos. La decisión final y su responsabilidad recaen solo en usted."",dmCheck:""Confirmo que he leído y acepto este aviso."",dmBtn:""Acepto y entro"",dmGov:""Detalles completos:"",dmTerms:""Términos y priva"	Candidate evidence only; manual verification required.
EVD-8a6169b1b534	INTEGRATION_DISCOVERY	INFERRED_FROM_SOURCE	frontend/public-landing/index.html	index.html	533	43b64d35d11b6065de8f1357004995c6b9aab84150f701a702282137f74721aa	"de:{dir:""ltr"",lang:""de"",dmTitle:""Haftungsausschluss"",dmBody:""<b>NDSP ist eine Plattform zur Entscheidungsunterstützung.</b> Die Szenariostufen und Ausgaben von NDSP sind ausschließlich kontextuelle Referenzen zur Entscheidungsunterstützung — keine Finanzberatung, keine Handelsanweisung, keine Ausführungsanordnung und keine Ergebnisgarantie. NDSP ist kein Investmentunternehmen und verwaltet keine Mittel. Die endgültige Entscheidung und deren Verantwortung liegen allein bei Ihnen."",dmCheck:""Ich bestätige, dass ich diesen Hinweis gelesen und akzeptiert habe."",dmBtn:""Akzeptieren & Eintreten"",dmGov"	Candidate evidence only; manual verification required.
EVD-0c58070c25ae	INTEGRATION_DISCOVERY	INFERRED_FROM_SOURCE	frontend/public-landing/index.html	index.html	534	43b64d35d11b6065de8f1357004995c6b9aab84150f701a702282137f74721aa	"tr:{dir:""ltr"",lang:""tr"",dmTitle:""Yasal Uyarı"",dmBody:""<b>NDSP bir karar destek platformudur.</b> NDSP senaryo seviyeleri ve çıktıları yalnızca bağlamsal karar destek referanslarıdır — finansal tavsiye, işlem talimatı, yürütme emri veya sonuç garantisi değildir. NDSP bir yatırım şirketi değildir ve hiçbir fon yönetmez. Nihai karar ve sorumluluğu yalnızca size aittir."",dmCheck:""Bu uyarıyı okuduğumu ve kabul ettiğimi onaylıyorum."",dmBtn:""Kabul Ediyorum & Giriş"",dmGov:""Tam ayrıntılar:"",dmTerms:""Şartlar & Gizlilik"",brandSub:""Nawaf Karar Destek Platformu"",navLayers:""Katmanlar"",navWhy:""Neden NDSP"",na"	Candidate evidence only; manual verification required.
EVD-9541f248402b	INTEGRATION_DISCOVERY	INFERRED_FROM_SOURCE	frontend/public-landing/index.html	index.html	535	43b64d35d11b6065de8f1357004995c6b9aab84150f701a702282137f74721aa	"ru:{dir:""ltr"",lang:""ru"",dmTitle:""Отказ от ответственности"",dmBody:""<b>NDSP — это платформа поддержки принятия решений.</b> Уровни сценариев и результаты NDSP являются исключительно контекстными ориентирами для поддержки решений — это не финансовый совет, не торговая инструкция, не указание к исполнению и не гарантия результата. NDSP не является инвестиционной компанией и не управляет средствами. Окончательное решение и ответственность за него полностью лежат на вас."",dmCheck:""Подтверждаю, что прочитал(а) и принимаю этот отказ от ответственности."",dmBtn:""Принимаю и вхожу"",dmGov:""Подробности:"",d"	Candidate evidence only; manual verification required.
EVD-3c95c8da66c1	INTEGRATION_DISCOVERY	INFERRED_FROM_SOURCE	frontend/public-landing/index.html	index.html	536	43b64d35d11b6065de8f1357004995c6b9aab84150f701a702282137f74721aa	"pt:{dir:""ltr"",lang:""pt"",dmTitle:""Aviso legal"",dmBody:""<b>NDSP é uma plataforma de apoio à decisão.</b> Os níveis de cenário e resultados do NDSP são apenas referências contextuais de apoio à decisão — não são aconselhamento financeiro, instrução de negociação, ordem de execução ou garantia de resultados. NDSP não é uma empresa de investimento e não gere fundos. A decisão final e sua responsabilidade são apenas suas."",dmCheck:""Confirmo que li e aceito este aviso."",dmBtn:""Aceito e entro"",dmGov:""Detalhes completos:"",dmTerms:""Termos & Privacidade"",brandSub:""Plataforma Nawaf de Apoio à Decisão"",nav"	Candidate evidence only; manual verification required.
EVD-5a5a49caf79b	INTEGRATION_DISCOVERY	INFERRED_FROM_SOURCE	frontend/public-landing/index.html	index.html	537	43b64d35d11b6065de8f1357004995c6b9aab84150f701a702282137f74721aa	"id:{dir:""ltr"",lang:""id"",dmTitle:""Penafian"",dmBody:""<b>NDSP adalah platform pendukung keputusan.</b> Tingkat skenario dan output NDSP hanyalah referensi kontekstual pendukung keputusan — bukan nasihat keuangan, instruksi perdagangan, perintah eksekusi, atau jaminan hasil. NDSP bukan perusahaan investasi dan tidak mengelola dana. Keputusan akhir dan tanggung jawabnya sepenuhnya milik Anda."",dmCheck:""Saya mengonfirmasi telah membaca dan menyetujui penafian ini."",dmBtn:""Saya Setuju & Masuk"",dmGov:""Detail lengkap:"",dmTerms:""Ketentuan & Privasi"",brandSub:""Platform Pendukung Keputusan Nawaf"",navLayer"	Candidate evidence only; manual verification required.
EVD-ce2b4da0011d	INTEGRATION_DISCOVERY	INFERRED_FROM_SOURCE	frontend/public-landing/index.html	index.html	538	43b64d35d11b6065de8f1357004995c6b9aab84150f701a702282137f74721aa	"hi:{dir:""ltr"",lang:""hi"",dmTitle:""अस्वीकरण"",dmBody:""<b>NDSP एक निर्णय-समर्थन प्लेटफ़ॉर्म है।</b> NDSP के परिदृश्य स्तर और आउटपुट केवल प्रासंगिक निर्णय-समर्थन संदर्भ हैं — यह वित्तीय सलाह, व्यापार निर्देश, निष्पादन आदेश, या परिणाम की गारंटी नहीं है। NDSP एक निवेश फर्म नहीं है और कोई धन प्रबंधित नहीं करती है। अंतिम निर्णय और उसकी जिम्मेदारी केवल आपकी है।"",dmCheck:""मैं पुष्टि करता/करती हूँ कि मैंने इस अस्वीकरण को पढ़ा और स्वीकार किया है।"",dmBtn:""मैं सहमत हूँ और प्रवेश करूँ"",dmGov:""पूरा विवरण:"",dmTerms:""शर्तें और गोपनीयता"",brandSub:""नवाफ़ निर्णय-समर्थन प्लेटफ़ॉर्म"",navLayers:""परतें"",navWhy:""NDSP क्"	Candidate evidence only; manual verification required.
EVD-3e8850ab3cad	INTEGRATION_DISCOVERY	INFERRED_FROM_SOURCE	frontend/public-landing/index.html	index.html	539	43b64d35d11b6065de8f1357004995c6b9aab84150f701a702282137f74721aa	"zh:{dir:""ltr"",lang:""zh"",dmTitle:""免责声明"",dmBody:""<b>NDSP 是一个决策支持平台。</b>NDSP 的情景级别和输出仅是情境性决策支持参考——不是财务建议、交易指示、执行指令或结果保证。NDSP 不是投资公司,也不管理任何资金。最终决定及其责任完全由您自己承担。"",dmCheck:""我确认已阅读并同意本免责声明。"",dmBtn:""我同意并进入"",dmGov:""完整详情:"",dmTerms:""条款与隐私"",brandSub:""Nawaf 决策支持平台"",navLayers:""层"",navWhy:""为什么选 NDSP"",navPkgs:""套餐"",navTrial:""试用"",navCta:""预约席位"",navSignin:""登录"",fTerms:""条款"",fPrivacy:""隐私"",eyebrow:""付费发布前 · 席位有限"",h1a:""受治理的决策,"",h1b:""无信号、无噪音"",lead:""NDSP 在每次读取上运行 16 个分析层,为您提供经过净化的决策价值——情境方向、跟进时间范围和决策质量——没有执行指令,也没有保证结果。您来决定;我们支持决策。"",ctaMain:""开始您的 16 天试用"",ctaSec:""探索各层"",micro:""16 天 · 16 层 · 无需付款卡 · 完整免责声明"",seatTotalL:""试用席位总数"""	Candidate evidence only; manual verification required.
EVD-2086a758a4f5	INTEGRATION_DISCOVERY	INFERRED_FROM_SOURCE	frontend/public-landing/index.html	index.html	540	43b64d35d11b6065de8f1357004995c6b9aab84150f701a702282137f74721aa	"ur:{dir:""rtl"",lang:""ur"",dmTitle:""دستبرداری"",dmBody:""<b>NDSP فیصلہ سازی کی معاونت کا پلیٹ فارم ہے۔</b> NDSP کے سیناریو لیولز اور آؤٹ پُٹ صرف سیاق و سباق کے فیصلہ سازی کی معاون حوالے ہیں — مالی مشورہ، تجارتی ہدایت، نفاذی حکم یا نتیجے کی ضمانت نہیں۔ NDSP کوئی سرمایہ کاری کا ادارہ نہیں ہے اور کوئی فنڈ نہیں چلاتا۔ آخری فیصلہ اور اس کی ذمہ داری صرف آپ کی ہے۔"",dmCheck:""میں تصدیق کرتا ہوں کہ میں نے یہ اعلان پڑھا اور قبول کیا۔"",dmBtn:""میں متفق ہوں اور داخل ہوں"",dmGov:""مکمل تفصیلات:"",dmTerms:""شرائط و رازداری"",brandSub:""نواف فیصلہ سازی معاونتی پلیٹ فارم"",navLayers:""پرتیں"",navWhy:""NDSP کیوں"",navPkgs:""پیکج"	Candidate evidence only; manual verification required.
EVD-c5ba51a10dda	INTEGRATION_DISCOVERY	INFERRED_FROM_SOURCE	frontend/public-landing/ndsp-real-bindings.js	ndsp-real-bindings.js	56	31c50e3aefe53d3aeba591ecc66a63874ef9b6284ad3e7d09a3e0bdcf4ba866e	"var anchor = $(""f_ack"") || $(""discAgree"") || $(""f_email"");"	Candidate evidence only; manual verification required.
EVD-d24fbab24693	INTEGRATION_DISCOVERY	INFERRED_FROM_SOURCE	frontend/public-landing/ndsp-real-bindings.js	ndsp-real-bindings.js	70	31c50e3aefe53d3aeba591ecc66a63874ef9b6284ad3e7d09a3e0bdcf4ba866e	"var email = $(""f_email"");"	Candidate evidence only; manual verification required.
EVD-a89dfb2ab1f8	INTEGRATION_DISCOVERY	INFERRED_FROM_SOURCE	frontend/public-landing/ndsp-real-bindings.js	ndsp-real-bindings.js	76	31c50e3aefe53d3aeba591ecc66a63874ef9b6284ad3e7d09a3e0bdcf4ba866e	if(!email || !phone) return;	Candidate evidence only; manual verification required.
EVD-6ef046a2e07c	INTEGRATION_DISCOVERY	INFERRED_FROM_SOURCE	frontend/public-landing/ndsp-real-bindings.js	ndsp-real-bindings.js	78	31c50e3aefe53d3aeba591ecc66a63874ef9b6284ad3e7d09a3e0bdcf4ba866e	"var form = email.closest(""form"") || phone.closest(""form"");"	Candidate evidence only; manual verification required.
EVD-d054df6e9398	INTEGRATION_DISCOVERY	INFERRED_FROM_SOURCE	frontend/public-landing/ndsp-real-bindings.js	ndsp-real-bindings.js	89	31c50e3aefe53d3aeba591ecc66a63874ef9b6284ad3e7d09a3e0bdcf4ba866e	"email: email ? email.value.trim() : """","	Candidate evidence only; manual verification required.
EVD-63b665fb93bb	INTEGRATION_DISCOVERY	INFERRED_FROM_SOURCE	frontend/public-landing/ndsp-real-bindings.js	ndsp-real-bindings.js	98	31c50e3aefe53d3aeba591ecc66a63874ef9b6284ad3e7d09a3e0bdcf4ba866e	if(!payload.name || !payload.phone || !payload.email){	Candidate evidence only; manual verification required.
EVD-f9df0fc246d2	INTEGRATION_DISCOVERY	INFERRED_FROM_SOURCE	frontend/public-landing/register.html	register.html	159	2365d7ae9e087a70000350b10d4b78ac50e4d6ab5f68cbddf120360c08a6c763	"<input name=""email"" type=""email"" required placeholder=""البريد الإلكتروني"" autocomplete=""email"" />"	Candidate evidence only; manual verification required.
EVD-5ecc8ddbd841	INTEGRATION_DISCOVERY	INFERRED_FROM_SOURCE	frontend/public-landing/register.html	register.html	219	2365d7ae9e087a70000350b10d4b78ac50e4d6ab5f68cbddf120360c08a6c763	"if(/DUPLICATE_EMAIL/i.test(code)) return ""البريد الإلكتروني مستخدم سابقًا."";"	Candidate evidence only; manual verification required.
EVD-a7a7e4994643	INTEGRATION_DISCOVERY	INFERRED_FROM_SOURCE	frontend/public-landing/register.html	register.html	239	2365d7ae9e087a70000350b10d4b78ac50e4d6ab5f68cbddf120360c08a6c763	"const email=String(fd.get(""email"")||"""").trim();"	Candidate evidence only; manual verification required.
EVD-e89e45f65563	INTEGRATION_DISCOVERY	INFERRED_FROM_SOURCE	frontend/public-landing/register.html	register.html	244	2365d7ae9e087a70000350b10d4b78ac50e4d6ab5f68cbddf120360c08a6c763	if(!email){	Candidate evidence only; manual verification required.
EVD-ea7753b5a243	INTEGRATION_DISCOVERY	INFERRED_FROM_SOURCE	frontend/public-landing/register.html	register.html	252	2365d7ae9e087a70000350b10d4b78ac50e4d6ab5f68cbddf120360c08a6c763	email:email,	Candidate evidence only; manual verification required.
EVD-8ba874b207d6	INTEGRATION_DISCOVERY	INFERRED_FROM_SOURCE	frontend/public-landing/register.html	register.html	457	2365d7ae9e087a70000350b10d4b78ac50e4d6ab5f68cbddf120360c08a6c763	"if(u.includes(""DUPLICATE"") || u.includes(""ALREADY"") || u.includes(""EMAIL_ALREADY"") || u.includes(""PHONE_ALREADY"")){"	Candidate evidence only; manual verification required.
EVD-cf3a4436b993	INTEGRATION_DISCOVERY	INFERRED_FROM_SOURCE	frontend/public-landing/register.html	register.html	465	2365d7ae9e087a70000350b10d4b78ac50e4d6ab5f68cbddf120360c08a6c763	"if(u.includes(""EMAIL"")){"	Candidate evidence only; manual verification required.
EVD-8ce2df3ad5bc	INTEGRATION_DISCOVERY	INFERRED_FROM_SOURCE	frontend/public-landing/register.html	register.html	488	2365d7ae9e087a70000350b10d4b78ac50e4d6ab5f68cbddf120360c08a6c763	"const emailEl = findField(form, [""email"",""mail"",""البريد""]);"	Candidate evidence only; manual verification required.
EVD-919f801835f7	INTEGRATION_DISCOVERY	INFERRED_FROM_SOURCE	frontend/public-landing/register.html	register.html	494	2365d7ae9e087a70000350b10d4b78ac50e4d6ab5f68cbddf120360c08a6c763	"const email = fieldValue(emailEl) || payload.email || payload.mail || """";"	Candidate evidence only; manual verification required.
EVD-a21cc4581bd7	INTEGRATION_DISCOVERY	INFERRED_FROM_SOURCE	frontend/public-landing/register.html	register.html	499	2365d7ae9e087a70000350b10d4b78ac50e4d6ab5f68cbddf120360c08a6c763	payload.email = email;	Candidate evidence only; manual verification required.
EVD-20c203b873ba	INTEGRATION_DISCOVERY	INFERRED_FROM_SOURCE	frontend/public-landing/register.html	register.html	532	2365d7ae9e087a70000350b10d4b78ac50e4d6ab5f68cbddf120360c08a6c763	if(!payload.email || !/^[^@\s]+@[^@\s]+\.[^@\s]+$/.test(payload.email)){	Candidate evidence only; manual verification required.
EVD-ddff5fd83e76	INTEGRATION_DISCOVERY	INFERRED_FROM_SOURCE	frontend/public-landing/register.html	register.html	603	2365d7ae9e087a70000350b10d4b78ac50e4d6ab5f68cbddf120360c08a6c763	"html.includes(""email"") ||"	Candidate evidence only; manual verification required.
EVD-bb24bf2db496	INTEGRATION_DISCOVERY	INFERRED_FROM_SOURCE	frontend/public-landing/register.html	register.html	812	2365d7ae9e087a70000350b10d4b78ac50e4d6ab5f68cbddf120360c08a6c763	if (/البريد|email/i.test(txt + html)) score++;	Candidate evidence only; manual verification required.
EVD-d4754a39550f	INTEGRATION_DISCOVERY	INFERRED_FROM_SOURCE	frontend/public-landing/register.html	register.html	829	2365d7ae9e087a70000350b10d4b78ac50e4d6ab5f68cbddf120360c08a6c763	if (/البريد الإلكتروني|email/i.test(txt)) score++;	Candidate evidence only; manual verification required.
EVD-bb0bfa515245	INTEGRATION_DISCOVERY	INFERRED_FROM_SOURCE	frontend/public-landing/register.html	register.html	905	2365d7ae9e087a70000350b10d4b78ac50e4d6ab5f68cbddf120360c08a6c763	if (/email|البريد|phone|الجوال|invite|الدعوة/i.test(text)) {	Candidate evidence only; manual verification required.
EVD-b83481dea0ca	INTEGRATION_DISCOVERY	INFERRED_FROM_SOURCE	frontend/public-site/src/i18n/locales/ar.ts	ar.ts	60	7f1bb30f61ddf8b08687ec570be0b08979164363ca42fe5f0cae07cf72c7a26e	"hidden: [""TDL التفصيلية"", ""Meeting point التفصيلية"", ""Meeting point The golden signal"", ""Black Layer"", ""API / Webhooks"", ""لوحة الإدارة""],"	Candidate evidence only; manual verification required.
EVD-ff1d4fc6f63d	INTEGRATION_DISCOVERY	INFERRED_FROM_SOURCE	frontend/public-site/src/i18n/locales/ar.ts	ar.ts	67	7f1bb30f61ddf8b08687ec570be0b08979164363ca42fe5f0cae07cf72c7a26e	"hidden: [""Black Layer الكامل"", ""خمس طبقات سيادية محمية"", ""API / Webhooks"", ""صلاحيات الإدارة"", ""المنطق الخام""],"	Candidate evidence only; manual verification required.
EVD-3af32ef0fcb3	INTEGRATION_DISCOVERY	INFERRED_FROM_SOURCE	frontend/public-site/src/i18n/locales/ar.ts	ar.ts	80	7f1bb30f61ddf8b08687ec570be0b08979164363ca42fe5f0cae07cf72c7a26e	"features: [""API Keys مؤسسية"", ""Webhooks للإشارات العامة المنظّفة"", ""Rate Limits مخصصة"", ""Audit Logs"", ""ربط مع أنظمة داخلية"", ""دعم فني ومراجعة تشغيلية""],"	Candidate evidence only; manual verification required.
EVD-8b37aca125df	INTEGRATION_DISCOVERY	INFERRED_FROM_SOURCE	frontend/public-site/src/i18n/locales/ar.ts	ar.ts	98	7f1bb30f61ddf8b08687ec570be0b08979164363ca42fe5f0cae07cf72c7a26e	"payment: ""الدفع الحالي"","	Candidate evidence only; manual verification required.
EVD-70ee0e796653	INTEGRATION_DISCOVERY	INFERRED_FROM_SOURCE	frontend/public-site/src/i18n/locales/ar.ts	ar.ts	99	7f1bb30f61ddf8b08687ec570be0b08979164363ca42fe5f0cae07cf72c7a26e	"paymentVal: ""الدفع مقفل مؤقتًا حتى اكتمال مرحلة التجربة."","	Candidate evidence only; manual verification required.
EVD-482cef09ae11	INTEGRATION_DISCOVERY	INFERRED_FROM_SOURCE	frontend/public-site/src/i18n/locales/bn.ts	bn.ts	10	374ad4af8c6bd73d64ffa4a58fe92cb498b20d4e8195dd9e7c4388664f33934b	"insight: { name: ""Insight"", price: ""বিনামূল্যে"", desc: ""নতুন ব্যবহারকারীদের জন্য যারা সিস্টেমটি পরীক্ষা করতে এবং সাধারণ ধারণা বুঝতে চান।"", features: [""বাজারের সাধারণ অবস্থার দৃশ্য"", ""১৬ দিনের যাত্রা"", ""১৬ তম দিনের জরিপ"", ""FAQ, নিরাপত্তা ও গোপনীয়তা"", ""স্পষ্ট আইনি নোটিশ""], hidden: [""বিস্তারিত TDL"", ""বিস্তারিত Meeting point"", ""Meeting point The golden signal"", ""Black Layer"", ""API / Webhooks"", ""অ্যাডমিন প্যানেল""] },"	Candidate evidence only; manual verification required.
EVD-b1b682570fc7	INTEGRATION_DISCOVERY	INFERRED_FROM_SOURCE	frontend/public-site/src/i18n/locales/bn.ts	bn.ts	11	374ad4af8c6bd73d64ffa4a58fe92cb498b20d4e8195dd9e7c4388664f33934b	"nmpPro: { name: ""Meeting point Pro"", price: ""$49"", desc: ""গুরুতর ব্যবহারকারীদের জন্য যারা প্রসঙ্গ, তরলতা এবং সংযোজনের গভীর বোঝাপড়া চান।"", features: [""TDL — টেম্পোরাল ডাইমেনশন লজিক"", ""Meeting point — নাওয়াফ মিটিং পয়েন্ট"", ""Meeting point The golden signal"", ""আরও স্পষ্ট ব্যাখ্যামূলক রিপোর্ট"", ""ঝুঁকির মাত্রা এবং বিস্তৃত প্রসঙ্গ"", ""সম্পূর্ণ ১৬ দিনের ট্রায়াল""], hidden: [""সম্পূর্ণ Black Layer"", ""পাঁচটি সংরক্ষিত সার্বভৌম স্তর"", ""API / Webhooks"", ""অ্যাডমিন অনুমতি"", ""কাঁচা যুক্তি""] },"	Candidate evidence only; manual verification required.
EVD-2c0b9191d146	INTEGRATION_DISCOVERY	INFERRED_FROM_SOURCE	frontend/public-site/src/i18n/locales/bn.ts	bn.ts	13	374ad4af8c6bd73d64ffa4a58fe92cb498b20d4e8195dd9e7c4388664f33934b	"saas: { name: ""NDSP SaaS"", price: ""কাস্টম"", desc: ""কোম্পানি ও সংস্থার জন্য যাদের সিস্টেমে NDSP একত্রিত করতে হবে।"", features: [""প্রাতিষ্ঠানিক API কী"", ""পরিষ্কার সাধারণ সংকেতের জন্য Webhooks"", ""কাস্টম হার সীমা"", ""অডিট লগ"", ""অভ্যন্তরীণ সিস্টেমের সাথে একীভূতকরণ"", ""প্রযুক্তিগত সহায়তা ও পরিচালনামূলক পর্যালোচনা""], hidden: [""কাঁচা অ্যালগরিদম"", ""সম্পূর্ণরূপে সংরক্ষিত স্তর"", ""অভ্যন্তরীণ ওজন রহস্য"", ""সিস্টেম মালিকের অনুমতি""] },"	Candidate evidence only; manual verification required.
EVD-c89006c3b23f	INTEGRATION_DISCOVERY	INFERRED_FROM_SOURCE	frontend/public-site/src/i18n/locales/bn.ts	bn.ts	15	374ad4af8c6bd73d64ffa4a58fe92cb498b20d4e8195dd9e7c4388664f33934b	"trial: { badge: ""NDSP Elite Trial • সীমিত প্রাতিষ্ঠানিক ট্রায়াল"", title: ""NDSP ১৬ দিনের ট্রায়ালে স্বাগতম"", subtitle: ""এই পর্যায়টি পেইড লঞ্চের আগে প্ল্যাটফর্ম পরীক্ষা করার জন্য নিবেদিত।"", duration: ""ট্রায়ালের মেয়াদ"", durationVal: ""ট্রায়াল অ্যাকাউন্ট সক্রিয়করণের তারিখ থেকে ১৬ দিন।"", currentPlan: ""বর্তমান প্ল্যান"", currentPlanVal: ""Trial Plan — পেইড লঞ্চের আগে সংগঠিত ট্রায়াল অ্যাক্সেস।"", benefits: ""ট্রায়ালের সুবিধা"", benefitsVal: ""অভ্যন্তরীণ যুক্তি প্রকাশ না করে মৌলিক অ্যাক্সেস, সংজ্ঞায়িত সম্পদ এবং সরলীকৃত আউটপুট।"", survey: ""মেয়াদ শেষের জরিপ"", surveyVal: ""সম্প্রসারণের আগে অভিজ্ঞতা মূল্"	Candidate evidence only; manual verification required.
EVD-b8fdf23da1f2	INTEGRATION_DISCOVERY	INFERRED_FROM_SOURCE	frontend/public-site/src/i18n/locales/cs.ts	cs.ts	10	6dfd485837fe8b7c14984f984b34f1351437d243629df0759b92cceef22d8575	"insight: { name: ""Insight"", price: ""Zdarma"", desc: ""Pro nové uživatele, kteří chtějí vyzkoušet systém a pochopit obecný koncept."", features: [""Obecný přehled stavu trhu"", ""16denní cesta"", ""Průzkum dne 16"", ""Časté otázky, bezpečnost a soukromí"", ""Jasné právní upozornění""], hidden: [""Podrobné TDL"", ""Podrobné Meeting point"", ""Meeting point The golden signal"", ""Black Layer"", ""API / Webhooks"", ""Panel správce""] },"	Candidate evidence only; manual verification required.
EVD-74a78bc6968d	INTEGRATION_DISCOVERY	INFERRED_FROM_SOURCE	frontend/public-site/src/i18n/locales/cs.ts	cs.ts	11	6dfd485837fe8b7c14984f984b34f1351437d243629df0759b92cceef22d8575	"nmpPro: { name: ""Meeting point Pro"", price: ""$49"", desc: ""Pro vážné uživatele, kteří chtějí hlubší pochopení kontextu, likvidity a zarovnání."", features: [""TDL — Logika časové dimenze"", ""Meeting point — Nawafův setkávací bod"", ""Meeting point The golden signal"", ""Jasnější interpretační zprávy"", ""Úrovně rizika a širší kontext"", ""Úplná 16denní zkušební verze""], hidden: [""Úplná vrstva Black Layer"", ""Pět chráněných suverénních vrstev"", ""API / Webhooks"", ""Administrátorská oprávnění"", ""Surová logika""] },"	Candidate evidence only; manual verification required.
EVD-96472e593c37	INTEGRATION_DISCOVERY	INFERRED_FROM_SOURCE	frontend/public-site/src/i18n/locales/cs.ts	cs.ts	13	6dfd485837fe8b7c14984f984b34f1351437d243629df0759b92cceef22d8575	"saas: { name: ""NDSP SaaS"", price: ""Vlastní"", desc: ""Pro společnosti a subjekty, které potřebují integrovat NDSP do svých systémů."", features: [""Institucionální klíče API"", ""Webhooks pro čisté obecné signály"", ""Vlastní limity rychlosti"", ""Auditní záznamy"", ""Integrace s interními systémy"", ""Technická podpora a provozní přezkum""], hidden: [""Surové algoritmy"", ""Plně chráněné vrstvy"", ""Vnitřní vážní tajemství"", ""Oprávnění vlastníka systému""] },"	Candidate evidence only; manual verification required.
EVD-a76aeb7471c8	INTEGRATION_DISCOVERY	INFERRED_FROM_SOURCE	frontend/public-site/src/i18n/locales/cs.ts	cs.ts	15	6dfd485837fe8b7c14984f984b34f1351437d243629df0759b92cceef22d8575	"trial: { badge: ""NDSP Elite Trial • Omezená institucionální zkušební verze"", title: ""Vítejte v 16denní zkušební verzi NDSP"", subtitle: ""Tato fáze je věnována testování platformy před placeným spuštěním."", duration: ""Délka zkušební verze"", durationVal: ""16 dní od data aktivace zkušebního účtu."", currentPlan: ""Aktuální plán"", currentPlanVal: ""Trial Plan — organizovaný zkušební přístup před placeným spuštěním."", benefits: ""Výhody zkušební verze"", benefitsVal: ""Základní přístup, definovaná aktiva a zjednodušené výstupy bez odhalení vnitřní logiky."", survey: ""Průzkum na konci období"", surveyVal: ""P"	Candidate evidence only; manual verification required.
EVD-3a7228e69f9b	INTEGRATION_DISCOVERY	INFERRED_FROM_SOURCE	frontend/public-site/src/i18n/locales/de.ts	de.ts	36	f643606d6613772103161683be26e61492ee08a3830c3cb2ad0a0b1c0e53c446	"insight: { name: ""Insight"", price: ""Kostenlos"", desc: ""Für neue Benutzer, die das System ausprobieren und das allgemeine Konzept verstehen möchten."", features: [""Allgemeine Marktstatusansicht"", ""16-Tage-Reise"", ""Tag-16-Umfrage"", ""FAQ, Sicherheit und Datenschutz"", ""Klarer rechtlicher Hinweis""], hidden: [""Detailliertes TDL"", ""Detailliertes Meeting point"", ""Meeting point The golden signal"", ""Black Layer"", ""API / Webhooks"", ""Admin-Panel""] },"	Candidate evidence only; manual verification required.
EVD-cb216eb20e97	INTEGRATION_DISCOVERY	INFERRED_FROM_SOURCE	frontend/public-site/src/i18n/locales/de.ts	de.ts	37	f643606d6613772103161683be26e61492ee08a3830c3cb2ad0a0b1c0e53c446	"nmpPro: { name: ""Meeting point Pro"", price: ""49$"", desc: ""Für ernsthafte Benutzer, die ein tieferes Verständnis von Kontext, Liquidität und Ausrichtung wünschen."", features: [""TDL — Temporale Dimensionslogik"", ""Meeting point — Nawaf-Treffpunkt"", ""Meeting point The golden signal"", ""Klarere interpretive Berichte"", ""Risikoniveaus und erweiterter Kontext"", ""Vollständiger 16-Tage-Test""], hidden: [""Vollständiger Black Layer"", ""Fünf geschützte souveräne Schichten"", ""API / Webhooks"", ""Adminberechtigungen"", ""Rohe Logik""] },"	Candidate evidence only; manual verification required.
EVD-857b6d668b8d	INTEGRATION_DISCOVERY	INFERRED_FROM_SOURCE	frontend/public-site/src/i18n/locales/de.ts	de.ts	39	f643606d6613772103161683be26e61492ee08a3830c3cb2ad0a0b1c0e53c446	"saas: { name: ""NDSP SaaS"", price: ""Individuell"", desc: ""Für Unternehmen und Einrichtungen, die NDSP in ihre Systeme integrieren müssen."", features: [""Institutionelle API-Schlüssel"", ""Webhooks für saubere allgemeine Signale"", ""Individuelle Rate-Limits"", ""Audit-Protokolle"", ""Integration mit internen Systemen"", ""Technischer Support und Betriebsprüfung""], hidden: [""Rohe Algorithmen"", ""Vollständig geschützte Schichten"", ""Interne Gewichtungsgeheimnisse"", ""Systemeigentümerberechtigungen""] },"	Candidate evidence only; manual verification required.
EVD-e8ebebbe3640	INTEGRATION_DISCOVERY	INFERRED_FROM_SOURCE	frontend/public-site/src/i18n/locales/de.ts	de.ts	50	f643606d6613772103161683be26e61492ee08a3830c3cb2ad0a0b1c0e53c446	"payment: ""Aktuelle Zahlung"", paymentVal: ""Zahlung ist vorübergehend gesperrt, bis die Testphase abgeschlossen ist."","	Candidate evidence only; manual verification required.
EVD-002b714bbe7c	INTEGRATION_DISCOVERY	INFERRED_FROM_SOURCE	frontend/public-site/src/i18n/locales/el.ts	el.ts	5	29b57982b91de1523cca759c488574c3449554344a1e83544ba712e14c33378d	"status: { title: ""Κατάσταση πλατφόρμας"", visitor: ""Επισκέπτης"", visitorDesc: ""Εγγραφείτε για να ξεκινήσετε τη δοκιμή 16 ημερών."", backend: ""Συνδεδεμένο μέσω /api"", backendDesc: ""Εγγραφή, σύνδεση και έρευνα συνδεδεμένα με PostgreSQL."", contact: ""ndsp.app@gmail.com"", contactDesc: ""Επίσημο email για ερωτήσεις και υποστήριξη."" },"	Candidate evidence only; manual verification required.
EVD-d36089ddda77	INTEGRATION_DISCOVERY	INFERRED_FROM_SOURCE	frontend/public-site/src/i18n/locales/el.ts	el.ts	10	29b57982b91de1523cca759c488574c3449554344a1e83544ba712e14c33378d	"insight: { name: ""Insight"", price: ""Δωρεάν"", desc: ""Για νέους χρήστες που θέλουν να δοκιμάσουν το σύστημα και να κατανοήσουν τη γενική έννοια."", features: [""Γενική εικόνα κατάστασης αγοράς"", ""16ήμερο ταξίδι"", ""Έρευνα ημέρας 16"", ""Συχνές Ερωτήσεις, ασφάλεια και απόρρητο"", ""Σαφής νομική ειδοποίηση""], hidden: [""Λεπτομερές TDL"", ""Λεπτομερές Meeting point"", ""Meeting point The golden signal"", ""Black Layer"", ""API / Webhooks"", ""Πίνακας διαχείρισης""] },"	Candidate evidence only; manual verification required.
EVD-e71f8f711a95	INTEGRATION_DISCOVERY	INFERRED_FROM_SOURCE	frontend/public-site/src/i18n/locales/el.ts	el.ts	11	29b57982b91de1523cca759c488574c3449554344a1e83544ba712e14c33378d	"nmpPro: { name: ""Meeting point Pro"", price: ""$49"", desc: ""Για σοβαρούς χρήστες που θέλουν βαθύτερη κατανόηση του πλαισίου, ρευστότητας και ευθυγράμμισης."", features: [""TDL — Λογική χρονικής διάστασης"", ""Meeting point — Σημείο συνάντησης Nawaf"", ""Meeting point The golden signal"", ""Σαφέστερες ερμηνευτικές αναφορές"", ""Επίπεδα κινδύνου και ευρύτερο πλαίσιο"", ""Πλήρης δοκιμή 16 ημερών""], hidden: [""Πλήρες Black Layer"", ""Πέντε προστατευμένα κυρίαρχα στρώματα"", ""API / Webhooks"", ""Δικαιώματα διαχειριστή"", ""Ακατέργαστη λογική""] },"	Candidate evidence only; manual verification required.
EVD-8abf23221d7a	INTEGRATION_DISCOVERY	INFERRED_FROM_SOURCE	frontend/public-site/src/i18n/locales/el.ts	el.ts	13	29b57982b91de1523cca759c488574c3449554344a1e83544ba712e14c33378d	"saas: { name: ""NDSP SaaS"", price: ""Προσαρμοσμένο"", desc: ""Για εταιρείες και οντότητες που χρειάζονται να ενσωματώσουν το NDSP στα συστήματά τους."", features: [""Θεσμικά κλειδιά API"", ""Webhooks για καθαρά γενικά σήματα"", ""Προσαρμοσμένα όρια ρυθμού"", ""Αρχεία ελέγχου"", ""Ενσωμάτωση με εσωτερικά συστήματα"", ""Τεχνική υποστήριξη και επιχειρησιακή επανεξέταση""], hidden: [""Ακατέργαστοι αλγόριθμοι"", ""Πλήρως προστατευμένα στρώματα"", ""Μυστικά εσωτερικής στάθμισης"", ""Δικαιώματα ιδιοκτήτη συστήματος""] },"	Candidate evidence only; manual verification required.
EVD-ce8260c6ea2a	INTEGRATION_DISCOVERY	INFERRED_FROM_SOURCE	frontend/public-site/src/i18n/locales/el.ts	el.ts	15	29b57982b91de1523cca759c488574c3449554344a1e83544ba712e14c33378d	"trial: { badge: ""NDSP Elite Trial • Περιορισμένη Θεσμική Δοκιμή"", title: ""Καλωσορίσατε στη δοκιμή NDSP 16 ημερών"", subtitle: ""Αυτή η φάση είναι αφιερωμένη στη δοκιμή της πλατφόρμας πριν από την επί πληρωμή κυκλοφορία."", duration: ""Διάρκεια δοκιμής"", durationVal: ""16 ημέρες από την ημερομηνία ενεργοποίησης του δοκιμαστικού λογαριασμού."", currentPlan: ""Τρέχον πακέτο"", currentPlanVal: ""Trial Plan — οργανωμένη πρόσβαση δοκιμής πριν από την επί πληρωμή κυκλοφορία."", benefits: ""Πλεονεκτήματα δοκιμής"", benefitsVal: ""Βασική πρόσβαση, καθορισμένα στοιχεία ενεργητικού και απλοποιημένες εξόδους χωρίς απο"	Candidate evidence only; manual verification required.
EVD-0d8b2fbad86c	INTEGRATION_DISCOVERY	INFERRED_FROM_SOURCE	frontend/public-site/src/i18n/locales/en.ts	en.ts	29	45e0809461b930d9a085e5fd051d8488f1cd0ed86e09636fe236129b2647d5d4	"contactDesc: ""Official email for inquiries and support."","	Candidate evidence only; manual verification required.
EVD-89524f08770c	INTEGRATION_DISCOVERY	INFERRED_FROM_SOURCE	frontend/public-site/src/i18n/locales/en.ts	en.ts	52	45e0809461b930d9a085e5fd051d8488f1cd0ed86e09636fe236129b2647d5d4	"lockedSub: ""Selection and payment buttons will be activated after the official trial period ends."","	Candidate evidence only; manual verification required.
EVD-f4f936921571	INTEGRATION_DISCOVERY	INFERRED_FROM_SOURCE	frontend/public-site/src/i18n/locales/en.ts	en.ts	60	45e0809461b930d9a085e5fd051d8488f1cd0ed86e09636fe236129b2647d5d4	"hidden: [""Detailed TDL"", ""Detailed Meeting point"", ""Meeting point The golden signal"", ""Black Layer"", ""API / Webhooks"", ""Admin panel""],"	Candidate evidence only; manual verification required.
EVD-7d12a48e42ec	INTEGRATION_DISCOVERY	INFERRED_FROM_SOURCE	frontend/public-site/src/i18n/locales/en.ts	en.ts	67	45e0809461b930d9a085e5fd051d8488f1cd0ed86e09636fe236129b2647d5d4	"hidden: [""Full Black Layer"", ""Five protected sovereign layers"", ""API / Webhooks"", ""Admin permissions"", ""Raw logic""],"	Candidate evidence only; manual verification required.
EVD-9acb57ec2786	INTEGRATION_DISCOVERY	INFERRED_FROM_SOURCE	frontend/public-site/src/i18n/locales/en.ts	en.ts	80	45e0809461b930d9a085e5fd051d8488f1cd0ed86e09636fe236129b2647d5d4	"features: [""Institutional API Keys"", ""Webhooks for clean general signals"", ""Custom Rate Limits"", ""Audit Logs"", ""Integration with internal systems"", ""Technical support and operational review""],"	Candidate evidence only; manual verification required.
EVD-f4237b4fcb13	INTEGRATION_DISCOVERY	INFERRED_FROM_SOURCE	frontend/public-site/src/i18n/locales/en.ts	en.ts	98	45e0809461b930d9a085e5fd051d8488f1cd0ed86e09636fe236129b2647d5d4	"payment: ""Current Payment"","	Candidate evidence only; manual verification required.
EVD-623a1848a7a0	INTEGRATION_DISCOVERY	INFERRED_FROM_SOURCE	frontend/public-site/src/i18n/locales/en.ts	en.ts	99	45e0809461b930d9a085e5fd051d8488f1cd0ed86e09636fe236129b2647d5d4	"paymentVal: ""Payment is temporarily locked until the trial phase is complete."","	Candidate evidence only; manual verification required.
EVD-96eb360d8f25	INTEGRATION_DISCOVERY	INFERRED_FROM_SOURCE	frontend/public-site/src/i18n/locales/es.ts	es.ts	17	f922d1218013d6263f55fde6aadfa1563df2b18281b526e91bded6d2d187c898	"contact: ""ndsp.app@gmail.com"", contactDesc: ""Email oficial para consultas y soporte."","	Candidate evidence only; manual verification required.
EVD-84424d510b4c	INTEGRATION_DISCOVERY	INFERRED_FROM_SOURCE	frontend/public-site/src/i18n/locales/es.ts	es.ts	36	f922d1218013d6263f55fde6aadfa1563df2b18281b526e91bded6d2d187c898	"insight: { name: ""Insight"", price: ""Gratis"", desc: ""Para nuevos usuarios que quieren experimentar el sistema y entender el concepto general."", features: [""Vista general del estado del mercado"", ""Viaje de 16 días"", ""Encuesta del día 16"", ""FAQ, seguridad y privacidad"", ""Aviso legal claro""], hidden: [""TDL detallado"", ""Meeting point detallado"", ""Meeting point The golden signal"", ""Black Layer"", ""API / Webhooks"", ""Panel de administración""] },"	Candidate evidence only; manual verification required.
EVD-c26c2cfa78c3	INTEGRATION_DISCOVERY	INFERRED_FROM_SOURCE	frontend/public-site/src/i18n/locales/es.ts	es.ts	37	f922d1218013d6263f55fde6aadfa1563df2b18281b526e91bded6d2d187c898	"nmpPro: { name: ""Meeting point Pro"", price: ""$49"", desc: ""Para usuarios serios que quieren una comprensión más profunda del contexto, liquidez y alineación."", features: [""TDL — Lógica de Dimensión Temporal"", ""Meeting point — Punto de Encuentro Nawaf"", ""Meeting point The golden signal"", ""Informes interpretativos más claros"", ""Niveles de riesgo y contexto más amplio"", ""Prueba completa de 16 días""], hidden: [""Black Layer completo"", ""Cinco capas soberanas protegidas"", ""API / Webhooks"", ""Permisos de administración"", ""Lógica en bruto""] },"	Candidate evidence only; manual verification required.
EVD-1fd336b83601	INTEGRATION_DISCOVERY	INFERRED_FROM_SOURCE	frontend/public-site/src/i18n/locales/es.ts	es.ts	39	f922d1218013d6263f55fde6aadfa1563df2b18281b526e91bded6d2d187c898	"saas: { name: ""NDSP SaaS"", price: ""Personalizado"", desc: ""Para empresas y entidades que necesitan integrar NDSP dentro de sus sistemas."", features: [""Claves API institucionales"", ""Webhooks para señales generales limpias"", ""Límites de velocidad personalizados"", ""Registros de auditoría"", ""Integración con sistemas internos"", ""Soporte técnico y revisión operativa""], hidden: [""Algoritmos en bruto"", ""Capas completamente protegidas"", ""Secretos de ponderación interna"", ""Permisos del propietario del sistema""] },"	Candidate evidence only; manual verification required.
EVD-7634a67ad014	INTEGRATION_DISCOVERY	INFERRED_FROM_SOURCE	frontend/public-site/src/i18n/locales/es.ts	es.ts	50	f922d1218013d6263f55fde6aadfa1563df2b18281b526e91bded6d2d187c898	"payment: ""Pago actual"", paymentVal: ""El pago está bloqueado temporalmente hasta que se complete la fase de prueba."","	Candidate evidence only; manual verification required.
EVD-2adc9d0cbd9e	INTEGRATION_DISCOVERY	INFERRED_FROM_SOURCE	frontend/public-site/src/i18n/locales/fa.ts	fa.ts	10	3bb04677781fa698a04597bd328baff40f01d49af4bbc8d7f4b79320d92571d9	"insight: { name: ""Insight"", price: ""رایگان"", desc: ""برای کاربران جدیدی که می‌خواهند سیستم را امتحان کنند و مفهوم کلی را درک کنند."", features: [""نمای کلی وضعیت بازار"", ""سفر ۱۶ روزه"", ""نظرسنجی روز ۱۶"", ""سوالات متداول، امنیت و حریم خصوصی"", ""اعلامیه قانونی واضح""], hidden: [""TDL دقیق"", ""Meeting point دقیق"", ""Meeting point The golden signal"", ""Black Layer"", ""API / Webhooks"", ""پنل مدیر""] },"	Candidate evidence only; manual verification required.
EVD-a1bdde121445	INTEGRATION_DISCOVERY	INFERRED_FROM_SOURCE	frontend/public-site/src/i18n/locales/fa.ts	fa.ts	11	3bb04677781fa698a04597bd328baff40f01d49af4bbc8d7f4b79320d92571d9	"nmpPro: { name: ""Meeting point Pro"", price: ""$49"", desc: ""برای کاربران جدی که می‌خواهند درک عمیق‌تری از زمینه، نقدینگی و همسویی داشته باشند."", features: [""TDL — منطق بعد زمانی"", ""Meeting point — نقطه ملاقات نواف"", ""Meeting point The golden signal"", ""گزارش‌های تفسیری واضح‌تر"", ""سطوح ریسک و زمینه گسترده‌تر"", ""آزمایش کامل ۱۶ روزه""], hidden: [""Black Layer کامل"", ""پنج لایه حاکمیتی محافظت‌شده"", ""API / Webhooks"", ""مجوزهای مدیر"", ""منطق خام""] },"	Candidate evidence only; manual verification required.
EVD-f5c28e7cfc47	INTEGRATION_DISCOVERY	INFERRED_FROM_SOURCE	frontend/public-site/src/i18n/locales/fa.ts	fa.ts	13	3bb04677781fa698a04597bd328baff40f01d49af4bbc8d7f4b79320d92571d9	"saas: { name: ""NDSP SaaS"", price: ""سفارشی"", desc: ""برای شرکت‌ها و سازمان‌هایی که نیاز دارند NDSP را در سیستم‌های خود ادغام کنند."", features: [""کلیدهای API سازمانی"", ""Webhooks برای سیگنال‌های عمومی تمیز"", ""محدودیت‌های نرخ سفارشی"", ""گزارش‌های حسابرسی"", ""ادغام با سیستم‌های داخلی"", ""پشتیبانی فنی و بازبینی عملیاتی""], hidden: [""الگوریتم‌های خام"", ""لایه‌های کاملاً محافظت‌شده"", ""اسرار وزن‌دهی داخلی"", ""مجوزهای مالک سیستم""] },"	Candidate evidence only; manual verification required.
EVD-9ff865bfb66e	INTEGRATION_DISCOVERY	INFERRED_FROM_SOURCE	frontend/public-site/src/i18n/locales/fa.ts	fa.ts	15	3bb04677781fa698a04597bd328baff40f01d49af4bbc8d7f4b79320d92571d9	"trial: { badge: ""NDSP Elite Trial • آزمایش سازمانی محدود"", title: ""به آزمایش ۱۶ روزه NDSP خوش آمدید"", subtitle: ""این مرحله اختصاص به آزمایش پلتفرم قبل از راه‌اندازی پولی دارد."", duration: ""مدت آزمایش"", durationVal: ""۱۶ روز از تاریخ فعال‌سازی حساب آزمایشی."", currentPlan: ""طرح فعلی"", currentPlanVal: ""Trial Plan — دسترسی آزمایشی سازمان‌یافته قبل از راه‌اندازی پولی."", benefits: ""مزایای آزمایش"", benefitsVal: ""دسترسی اولیه، دارایی‌های تعریف‌شده و خروجی‌های ساده‌شده بدون فاش کردن منطق داخلی."", survey: ""نظرسنجی پایان دوره"", surveyVal: ""نظرسنجی برای ارزیابی تجربه و بهبود پلتفرم قبل از گسترش لازم است."","	Candidate evidence only; manual verification required.
EVD-f25525c377e1	INTEGRATION_DISCOVERY	INFERRED_FROM_SOURCE	frontend/public-site/src/i18n/locales/fr.ts	fr.ts	29	64cc081acfd6ac93173b44b0c7cdf5b56157228375d9dd8fc01a84da4a887418	"contactDesc: ""Email officiel pour les demandes et le support."","	Candidate evidence only; manual verification required.
EVD-ed89424a9c4e	INTEGRATION_DISCOVERY	INFERRED_FROM_SOURCE	frontend/public-site/src/i18n/locales/fr.ts	fr.ts	60	64cc081acfd6ac93173b44b0c7cdf5b56157228375d9dd8fc01a84da4a887418	"hidden: [""TDL détaillé"", ""Meeting point détaillé"", ""Meeting point The golden signal"", ""Black Layer"", ""API / Webhooks"", ""Panneau d'administration""],"	Candidate evidence only; manual verification required.
EVD-cf458ca56611	INTEGRATION_DISCOVERY	INFERRED_FROM_SOURCE	frontend/public-site/src/i18n/locales/fr.ts	fr.ts	67	64cc081acfd6ac93173b44b0c7cdf5b56157228375d9dd8fc01a84da4a887418	"hidden: [""Black Layer complet"", ""Cinq couches souveraines protégées"", ""API / Webhooks"", ""Permissions d'administration"", ""Logique brute""],"	Candidate evidence only; manual verification required.
EVD-ef24a3aa1f49	INTEGRATION_DISCOVERY	INFERRED_FROM_SOURCE	frontend/public-site/src/i18n/locales/fr.ts	fr.ts	80	64cc081acfd6ac93173b44b0c7cdf5b56157228375d9dd8fc01a84da4a887418	"features: [""Clés API institutionnelles"", ""Webhooks pour signaux généraux propres"", ""Limites de débit personnalisées"", ""Journaux d'audit"", ""Intégration avec systèmes internes"", ""Support technique et révision opérationnelle""],"	Candidate evidence only; manual verification required.
EVD-08f9661a3ae6	INTEGRATION_DISCOVERY	INFERRED_FROM_SOURCE	frontend/public-site/src/i18n/locales/fr.ts	fr.ts	98	64cc081acfd6ac93173b44b0c7cdf5b56157228375d9dd8fc01a84da4a887418	"payment: ""Paiement actuel"","	Candidate evidence only; manual verification required.
EVD-4a19cf62986f	INTEGRATION_DISCOVERY	INFERRED_FROM_SOURCE	frontend/public-site/src/i18n/locales/fr.ts	fr.ts	99	64cc081acfd6ac93173b44b0c7cdf5b56157228375d9dd8fc01a84da4a887418	"paymentVal: ""Le paiement est temporairement verrouillé jusqu'à la fin de la phase d'essai."","	Candidate evidence only; manual verification required.
EVD-0a1faf5dd094	INTEGRATION_DISCOVERY	INFERRED_FROM_SOURCE	frontend/public-site/src/i18n/locales/hi.ts	hi.ts	36	162b4a1d4e37c2a064f9a46149d2be1bb224d0e5a7b4185e9545affe29d6dbf8	"insight: { name: ""Insight"", price: ""मुफ्त"", desc: ""नए उपयोगकर्ताओं के लिए जो सिस्टम का अनुभव करना और सामान्य अवधारणा को समझना चाहते हैं।"", features: [""बाजार स्थिति का सामान्य दृश्य"", ""16-दिन की यात्रा"", ""दिन 16 सर्वेक्षण"", ""FAQ, सुरक्षा और गोपनीयता"", ""स्पष्ट कानूनी नोटिस""], hidden: [""विस्तृत TDL"", ""विस्तृत Meeting point"", ""Meeting point The golden signal"", ""Black Layer"", ""API / Webhooks"", ""व्यवस्थापक पैनल""] },"	Candidate evidence only; manual verification required.
EVD-9e96bc0ddb5d	INTEGRATION_DISCOVERY	INFERRED_FROM_SOURCE	frontend/public-site/src/i18n/locales/hi.ts	hi.ts	37	162b4a1d4e37c2a064f9a46149d2be1bb224d0e5a7b4185e9545affe29d6dbf8	"nmpPro: { name: ""Meeting point Pro"", price: ""$49"", desc: ""गंभीर उपयोगकर्ताओं के लिए जो संदर्भ, तरलता और संरेखण की गहरी समझ चाहते हैं।"", features: [""TDL — टेम्पोरल डाइमेंशन लॉजिक"", ""Meeting point — नवाफ मीटिंग पॉइंट"", ""Meeting point The golden signal"", ""स्पष्ट व्याख्यात्मक रिपोर्ट"", ""जोखिम स्तर और व्यापक संदर्भ"", ""पूर्ण 16-दिन परीक्षण""], hidden: [""पूर्ण Black Layer"", ""पांच संरक्षित संप्रभु परतें"", ""API / Webhooks"", ""व्यवस्थापक अनुमतियां"", ""कच्चा तर्क""] },"	Candidate evidence only; manual verification required.
EVD-e8e4009925b1	INTEGRATION_DISCOVERY	INFERRED_FROM_SOURCE	frontend/public-site/src/i18n/locales/hi.ts	hi.ts	39	162b4a1d4e37c2a064f9a46149d2be1bb224d0e5a7b4185e9545affe29d6dbf8	"saas: { name: ""NDSP SaaS"", price: ""कस्टम"", desc: ""उन कंपनियों और संस्थाओं के लिए जिन्हें अपने सिस्टम में NDSP को एकीकृत करने की आवश्यकता है।"", features: [""संस्थागत API कुंजियां"", ""स्वच्छ सामान्य संकेतों के लिए Webhooks"", ""कस्टम दर सीमाएं"", ""ऑडिट लॉग"", ""आंतरिक प्रणालियों के साथ एकीकरण"", ""तकनीकी सहायता और परिचालन समीक्षा""], hidden: [""कच्चे एल्गोरिदम"", ""पूरी तरह से संरक्षित परतें"", ""आंतरिक भार रहस्य"", ""सिस्टम मालिक अनुमतियां""] },"	Candidate evidence only; manual verification required.
EVD-e67b4308a187	INTEGRATION_DISCOVERY	INFERRED_FROM_SOURCE	frontend/public-site/src/i18n/locales/hi.ts	hi.ts	50	162b4a1d4e37c2a064f9a46149d2be1bb224d0e5a7b4185e9545affe29d6dbf8	"payment: ""वर्तमान भुगतान"", paymentVal: ""परीक्षण चरण पूरा होने तक भुगतान अस्थायी रूप से बंद है।"","	Candidate evidence only; manual verification required.
EVD-70e1a3ee8e48	INTEGRATION_DISCOVERY	INFERRED_FROM_SOURCE	frontend/public-site/src/i18n/locales/hu.ts	hu.ts	10	bef1bfce84140d54e69d3deb3940bad023c0f2a991487a6edab21a47dd4a4c48	"insight: { name: ""Insight"", price: ""Ingyenes"", desc: ""Új felhasználók számára, akik ki akarják próbálni a rendszert és megérteni az általános koncepciót."", features: [""Általános piaci állapotáttekintés"", ""16 napos utazás"", ""16. napi felmérés"", ""GYIK, biztonság és adatvédelem"", ""Egyértelmű jogi értesítés""], hidden: [""Részletes TDL"", ""Részletes Meeting point"", ""Meeting point The golden signal"", ""Black Layer"", ""API / Webhooks"", ""Admin panel""] },"	Candidate evidence only; manual verification required.
EVD-50616429fd20	INTEGRATION_DISCOVERY	INFERRED_FROM_SOURCE	frontend/public-site/src/i18n/locales/hu.ts	hu.ts	11	bef1bfce84140d54e69d3deb3940bad023c0f2a991487a6edab21a47dd4a4c48	"nmpPro: { name: ""Meeting point Pro"", price: ""$49"", desc: ""Komoly felhasználók számára, akik mélyebb megértést akarnak a kontextusról, likviditásról és összehangolásról."", features: [""TDL — Időbeli dimenziós logika"", ""Meeting point — Nawaf találkozópontja"", ""Meeting point The golden signal"", ""Egyértelmébb értelmező jelentések"", ""Kockázati szintek és szélesebb kontextus"", ""Teljes 16 napos próba""], hidden: [""Teljes Black Layer"", ""Öt védett szuverén réteg"", ""API / Webhooks"", ""Admin jogosultságok"", ""Nyers logika""] },"	Candidate evidence only; manual verification required.
EVD-d389cb7f91a5	INTEGRATION_DISCOVERY	INFERRED_FROM_SOURCE	frontend/public-site/src/i18n/locales/hu.ts	hu.ts	13	bef1bfce84140d54e69d3deb3940bad023c0f2a991487a6edab21a47dd4a4c48	"saas: { name: ""NDSP SaaS"", price: ""Egyéni"", desc: ""Vállalatok és szervezetek számára, amelyeknek az NDSP-t be kell integrálniuk rendszereikbe."", features: [""Intézményi API kulcsok"", ""Webhooks tiszta általános jelzésekhez"", ""Egyéni sebességkorlátok"", ""Audit naplók"", ""Integráció belső rendszerekkel"", ""Műszaki támogatás és operatív felülvizsgálat""], hidden: [""Nyers algoritmusok"", ""Teljesen védett rétegek"", ""Belső súlyozási titkok"", ""Rendszertulajdonosi jogosultságok""] },"	Candidate evidence only; manual verification required.
EVD-9fe9ae03232f	INTEGRATION_DISCOVERY	INFERRED_FROM_SOURCE	frontend/public-site/src/i18n/locales/hu.ts	hu.ts	15	bef1bfce84140d54e69d3deb3940bad023c0f2a991487a6edab21a47dd4a4c48	"trial: { badge: ""NDSP Elite Trial • Korlátozott intézményi próba"", title: ""Üdvözöljük az NDSP 16 napos próbájában"", subtitle: ""Ez a fázis a platform tesztelésének van szentelve a fizetős indítás előtt."", duration: ""Próbaidőszak hossza"", durationVal: ""16 nap a próbafiók aktiválásának dátumától."", currentPlan: ""Jelenlegi csomag"", currentPlanVal: ""Trial Plan — szervezett próbahozzáférés a fizetős indítás előtt."", benefits: ""Próba előnyei"", benefitsVal: ""Alapvető hozzáférés, meghatározott eszközök és egyszerűsített kimenetek a belső logika felfedése nélkül."", survey: ""Időszak végi felmérés"", surve"	Candidate evidence only; manual verification required.
EVD-804646c843e1	INTEGRATION_DISCOVERY	INFERRED_FROM_SOURCE	frontend/public-site/src/i18n/locales/id.ts	id.ts	5	299ce4ac912c1e357f1d637505ce95605478ed81a9affeffe9f96a2147e1ee0a	"status: { title: ""Status Platform"", visitor: ""Pengunjung"", visitorDesc: ""Daftar untuk memulai uji coba 16 hari Anda."", backend: ""Terhubung via /api"", backendDesc: ""Pendaftaran, login, dan survei terhubung ke PostgreSQL."", contact: ""ndsp.app@gmail.com"", contactDesc: ""Email resmi untuk pertanyaan dan dukungan."" },"	Candidate evidence only; manual verification required.
EVD-e951cd9617e9	INTEGRATION_DISCOVERY	INFERRED_FROM_SOURCE	frontend/public-site/src/i18n/locales/id.ts	id.ts	10	299ce4ac912c1e357f1d637505ce95605478ed81a9affeffe9f96a2147e1ee0a	"insight: { name: ""Insight"", price: ""Gratis"", desc: ""Untuk pengguna baru yang ingin mencoba sistem dan memahami konsep umum."", features: [""Tampilan umum status pasar"", ""Perjalanan 16 hari"", ""Survei hari ke-16"", ""FAQ, keamanan, dan privasi"", ""Pemberitahuan hukum yang jelas""], hidden: [""TDL terperinci"", ""Meeting point terperinci"", ""Meeting point The golden signal"", ""Black Layer"", ""API / Webhooks"", ""Panel admin""] },"	Candidate evidence only; manual verification required.
EVD-d3f6478ef920	INTEGRATION_DISCOVERY	INFERRED_FROM_SOURCE	frontend/public-site/src/i18n/locales/id.ts	id.ts	11	299ce4ac912c1e357f1d637505ce95605478ed81a9affeffe9f96a2147e1ee0a	"nmpPro: { name: ""Meeting point Pro"", price: ""$49"", desc: ""Untuk pengguna serius yang menginginkan pemahaman lebih dalam tentang konteks, likuiditas, dan keselarasan."", features: [""TDL — Logika Dimensi Temporal"", ""Meeting point — Titik Pertemuan Nawaf"", ""Meeting point The golden signal"", ""Laporan interpretatif yang lebih jelas"", ""Tingkat risiko dan konteks lebih luas"", ""Uji coba 16 hari penuh""], hidden: [""Black Layer penuh"", ""Lima lapisan berdaulat yang dilindungi"", ""API / Webhooks"", ""Izin admin"", ""Logika mentah""] },"	Candidate evidence only; manual verification required.
EVD-493a8cf3068b	INTEGRATION_DISCOVERY	INFERRED_FROM_SOURCE	frontend/public-site/src/i18n/locales/id.ts	id.ts	13	299ce4ac912c1e357f1d637505ce95605478ed81a9affeffe9f96a2147e1ee0a	"saas: { name: ""NDSP SaaS"", price: ""Kustom"", desc: ""Untuk perusahaan dan entitas yang perlu mengintegrasikan NDSP ke dalam sistem mereka."", features: [""Kunci API institusional"", ""Webhooks untuk sinyal umum yang bersih"", ""Batas kecepatan khusus"", ""Log audit"", ""Integrasi dengan sistem internal"", ""Dukungan teknis dan tinjauan operasional""], hidden: [""Algoritma mentah"", ""Lapisan yang sepenuhnya dilindungi"", ""Rahasia pembobotan internal"", ""Izin pemilik sistem""] },"	Candidate evidence only; manual verification required.
EVD-fd398a7a109f	INTEGRATION_DISCOVERY	INFERRED_FROM_SOURCE	frontend/public-site/src/i18n/locales/id.ts	id.ts	15	299ce4ac912c1e357f1d637505ce95605478ed81a9affeffe9f96a2147e1ee0a	"trial: { badge: ""NDSP Elite Trial • Uji Coba Institusional Terbatas"", title: ""Selamat Datang di Uji Coba NDSP 16 Hari"", subtitle: ""Fase ini didedikasikan untuk menguji platform sebelum peluncuran berbayar."", duration: ""Durasi Uji Coba"", durationVal: ""16 hari sejak tanggal aktivasi akun uji coba."", currentPlan: ""Paket Saat Ini"", currentPlanVal: ""Trial Plan — akses uji coba terorganisir sebelum peluncuran berbayar."", benefits: ""Manfaat Uji Coba"", benefitsVal: ""Akses dasar, aset yang ditentukan, dan keluaran yang disederhanakan tanpa mengungkapkan logika internal."", survey: ""Survei Akhir Periode"""	Candidate evidence only; manual verification required.
EVD-3a021e39abe5	INTEGRATION_DISCOVERY	INFERRED_FROM_SOURCE	frontend/public-site/src/i18n/locales/it.ts	it.ts	5	c9cdf610bfb95c80be134ff2bae210267e1a5e92078e8ba6db3ef770ea46dc34	"status: { title: ""Stato della piattaforma"", visitor: ""Visitatore"", visitorDesc: ""Registrati per iniziare la prova di 16 giorni."", backend: ""Connesso via /api"", backendDesc: ""Registrazione, accesso e sondaggio connessi a PostgreSQL."", contact: ""ndsp.app@gmail.com"", contactDesc: ""Email ufficiale per richieste e supporto."" },"	Candidate evidence only; manual verification required.
EVD-48cbce31bf66	INTEGRATION_DISCOVERY	INFERRED_FROM_SOURCE	frontend/public-site/src/i18n/locales/it.ts	it.ts	10	c9cdf610bfb95c80be134ff2bae210267e1a5e92078e8ba6db3ef770ea46dc34	"insight: { name: ""Insight"", price: ""Gratuito"", desc: ""Per nuovi utenti che vogliono sperimentare il sistema e comprendere il concetto generale."", features: [""Panoramica generale dello stato del mercato"", ""Percorso di 16 giorni"", ""Sondaggio del giorno 16"", ""FAQ, sicurezza e privacy"", ""Avviso legale chiaro""], hidden: [""TDL dettagliato"", ""Meeting point dettagliato"", ""Meeting point The golden signal"", ""Black Layer"", ""API / Webhooks"", ""Pannello di amministrazione""] },"	Candidate evidence only; manual verification required.
EVD-287b78ea8b35	INTEGRATION_DISCOVERY	INFERRED_FROM_SOURCE	frontend/public-site/src/i18n/locales/it.ts	it.ts	11	c9cdf610bfb95c80be134ff2bae210267e1a5e92078e8ba6db3ef770ea46dc34	"nmpPro: { name: ""Meeting point Pro"", price: ""$49"", desc: ""Per utenti seri che vogliono una comprensione più profonda del contesto, della liquidità e dell'allineamento."", features: [""TDL — Logica della Dimensione Temporale"", ""Meeting point — Punto di incontro Nawaf"", ""Meeting point The golden signal"", ""Rapporti interpretativi più chiari"", ""Livelli di rischio e contesto più ampio"", ""Prova completa di 16 giorni""], hidden: [""Black Layer completo"", ""Cinque livelli sovrani protetti"", ""API / Webhooks"", ""Autorizzazioni di amministrazione"", ""Logica grezza""] },"	Candidate evidence only; manual verification required.
EVD-f5ba8c7dcf1c	INTEGRATION_DISCOVERY	INFERRED_FROM_SOURCE	frontend/public-site/src/i18n/locales/it.ts	it.ts	13	c9cdf610bfb95c80be134ff2bae210267e1a5e92078e8ba6db3ef770ea46dc34	"saas: { name: ""NDSP SaaS"", price: ""Personalizzato"", desc: ""Per aziende ed enti che necessitano di integrare NDSP nei loro sistemi."", features: [""Chiavi API istituzionali"", ""Webhooks per segnali generali puliti"", ""Limiti di velocità personalizzati"", ""Registri di audit"", ""Integrazione con sistemi interni"", ""Supporto tecnico e revisione operativa""], hidden: [""Algoritmi grezzi"", ""Livelli completamente protetti"", ""Segreti di ponderazione interna"", ""Autorizzazioni del proprietario del sistema""] },"	Candidate evidence only; manual verification required.
EVD-a4c4586630e9	INTEGRATION_DISCOVERY	INFERRED_FROM_SOURCE	frontend/public-site/src/i18n/locales/it.ts	it.ts	15	c9cdf610bfb95c80be134ff2bae210267e1a5e92078e8ba6db3ef770ea46dc34	"trial: { badge: ""NDSP Elite Trial • Prova istituzionale limitata"", title: ""Benvenuto nella prova NDSP di 16 giorni"", subtitle: ""Questa fase è dedicata al test della piattaforma prima del lancio a pagamento."", duration: ""Durata della prova"", durationVal: ""16 giorni dalla data di attivazione dell'account di prova."", currentPlan: ""Piano corrente"", currentPlanVal: ""Trial Plan — accesso prova organizzato prima del lancio a pagamento."", benefits: ""Vantaggi della prova"", benefitsVal: ""Accesso di base, asset definiti e output semplificati senza rivelare la logica interna."", survey: ""Sondaggio di fine "	Candidate evidence only; manual verification required.
EVD-eeb547ceef83	INTEGRATION_DISCOVERY	INFERRED_FROM_SOURCE	frontend/public-site/src/i18n/locales/ja.ts	ja.ts	36	a194c6712ce98164242fa94040063312b5b39f40534907ae41a3f361b9ba3018	"insight: { name: ""Insight"", price: ""無料"", desc: ""システムを体験し、一般的な概念を理解したい新しいユーザー向け。"", features: [""市場状況の概要"", ""16日間の旅"", ""16日目のアンケート"", ""FAQ、セキュリティ、プライバシー"", ""明確な法的通知""], hidden: [""詳細TDL"", ""詳細Meeting point"", ""Meeting point The golden signal"", ""Black Layer"", ""API / Webhooks"", ""管理パネル""] },"	Candidate evidence only; manual verification required.
EVD-efc481f5e985	INTEGRATION_DISCOVERY	INFERRED_FROM_SOURCE	frontend/public-site/src/i18n/locales/ja.ts	ja.ts	37	a194c6712ce98164242fa94040063312b5b39f40534907ae41a3f361b9ba3018	"nmpPro: { name: ""Meeting point Pro"", price: ""$49"", desc: ""コンテキスト、流動性、アライメントをより深く理解したい真剣なユーザー向け。"", features: [""TDL — 時間的次元論理"", ""Meeting point — ナワフミーティングポイント"", ""Meeting point The golden signal"", ""より明確な解釈レポート"", ""リスクレベルとより広いコンテキスト"", ""完全な16日間トライアル""], hidden: [""完全なBlack Layer"", ""5つの保護された主権層"", ""API / Webhooks"", ""管理権限"", ""生のロジック""] },"	Candidate evidence only; manual verification required.
EVD-284a5c763c37	INTEGRATION_DISCOVERY	INFERRED_FROM_SOURCE	frontend/public-site/src/i18n/locales/ja.ts	ja.ts	39	a194c6712ce98164242fa94040063312b5b39f40534907ae41a3f361b9ba3018	"saas: { name: ""NDSP SaaS"", price: ""カスタム"", desc: ""システム内にNDSPを統合する必要がある企業や組織向け。"", features: [""機関APIキー"", ""クリーンな一般シグナルのWebhooks"", ""カスタムレート制限"", ""監査ログ"", ""内部システムとの統合"", ""技術サポートと運用レビュー""], hidden: [""生のアルゴリズム"", ""完全に保護された層"", ""内部重み付けの秘密"", ""システムオーナー権限""] },"	Candidate evidence only; manual verification required.
EVD-b17f2d223beb	INTEGRATION_DISCOVERY	INFERRED_FROM_SOURCE	frontend/public-site/src/i18n/locales/ja.ts	ja.ts	50	a194c6712ce98164242fa94040063312b5b39f40534907ae41a3f361b9ba3018	"payment: ""現在の支払い"", paymentVal: ""トライアルフェーズが完了するまで支払いは一時的にロックされています。"","	Candidate evidence only; manual verification required.
EVD-b1f9614b566b	INTEGRATION_DISCOVERY	INFERRED_FROM_SOURCE	frontend/public-site/src/i18n/locales/ko.ts	ko.ts	36	cb5daf8d8c44bc3e9f6dc0d70c9f5631a3c50abb21819129108a66b14bd27716	"insight: { name: ""Insight"", price: ""무료"", desc: ""시스템을 경험하고 일반적인 개념을 이해하려는 신규 사용자를 위한."", features: [""시장 상태 일반 보기"", ""16일 여정"", ""16일차 설문조사"", ""FAQ, 보안 및 개인정보"", ""명확한 법적 고지""], hidden: [""상세 TDL"", ""상세 Meeting point"", ""Meeting point The golden signal"", ""Black Layer"", ""API / Webhooks"", ""관리자 패널""] },"	Candidate evidence only; manual verification required.
EVD-6c37dd1fbf06	INTEGRATION_DISCOVERY	INFERRED_FROM_SOURCE	frontend/public-site/src/i18n/locales/ko.ts	ko.ts	37	cb5daf8d8c44bc3e9f6dc0d70c9f5631a3c50abb21819129108a66b14bd27716	"nmpPro: { name: ""Meeting point Pro"", price: ""$49"", desc: ""맥락, 유동성, 정렬에 대한 더 깊은 이해를 원하는 진지한 사용자를 위한."", features: [""TDL — 시간적 차원 논리"", ""Meeting point — Nawaf 만남 지점"", ""Meeting point The golden signal"", ""더 명확한 해석 보고서"", ""위험 수준 및 더 넓은 맥락"", ""전체 16일 체험판""], hidden: [""전체 Black Layer"", ""5개의 보호된 주권 레이어"", ""API / Webhooks"", ""관리자 권한"", ""원시 논리""] },"	Candidate evidence only; manual verification required.
EVD-92c15590afb8	INTEGRATION_DISCOVERY	INFERRED_FROM_SOURCE	frontend/public-site/src/i18n/locales/ko.ts	ko.ts	50	cb5daf8d8c44bc3e9f6dc0d70c9f5631a3c50abb21819129108a66b14bd27716	"payment: ""현재 결제"", paymentVal: ""체험판 단계가 완료될 때까지 결제가 일시적으로 잠겨 있습니다."","	Candidate evidence only; manual verification required.
EVD-3b1a7a3c6bb1	INTEGRATION_DISCOVERY	INFERRED_FROM_SOURCE	frontend/public-site/src/i18n/locales/ms.ts	ms.ts	10	c1cd455de0361277379ccce538cb8184a7f764876013db84d528bad95333ac3f	"insight: { name: ""Insight"", price: ""Percuma"", desc: ""Untuk pengguna baharu yang ingin mencuba sistem dan memahami konsep umum."", features: [""Pandangan umum status pasaran"", ""Perjalanan 16 hari"", ""Tinjauan hari ke-16"", ""Soalan Lazim, keselamatan dan privasi"", ""Notis undang-undang yang jelas""], hidden: [""TDL terperinci"", ""Meeting point terperinci"", ""Meeting point The golden signal"", ""Black Layer"", ""API / Webhooks"", ""Panel pentadbir""] },"	Candidate evidence only; manual verification required.
EVD-951ccfef2883	INTEGRATION_DISCOVERY	INFERRED_FROM_SOURCE	frontend/public-site/src/i18n/locales/ms.ts	ms.ts	11	c1cd455de0361277379ccce538cb8184a7f764876013db84d528bad95333ac3f	"nmpPro: { name: ""Meeting point Pro"", price: ""$49"", desc: ""Untuk pengguna serius yang mahukan pemahaman lebih mendalam tentang konteks, kecairan dan penjajaran."", features: [""TDL — Logik Dimensi Temporal"", ""Meeting point — Titik Pertemuan Nawaf"", ""Meeting point The golden signal"", ""Laporan interpretatif yang lebih jelas"", ""Tahap risiko dan konteks lebih luas"", ""Percubaan penuh 16 hari""], hidden: [""Black Layer penuh"", ""Lima lapisan berdaulat dilindungi"", ""API / Webhooks"", ""Kebenaran pentadbir"", ""Logik mentah""] },"	Candidate evidence only; manual verification required.
EVD-285726a2ad32	INTEGRATION_DISCOVERY	INFERRED_FROM_SOURCE	frontend/public-site/src/i18n/locales/ms.ts	ms.ts	13	c1cd455de0361277379ccce538cb8184a7f764876013db84d528bad95333ac3f	"saas: { name: ""NDSP SaaS"", price: ""Tersuai"", desc: ""Untuk syarikat dan entiti yang perlu mengintegrasikan NDSP dalam sistem mereka."", features: [""Kunci API institusi"", ""Webhooks untuk isyarat umum yang bersih"", ""Had kadar tersuai"", ""Log audit"", ""Integrasi dengan sistem dalaman"", ""Sokongan teknikal dan semakan operasi""], hidden: [""Algoritma mentah"", ""Lapisan dilindungi sepenuhnya"", ""Rahsia pemberat dalaman"", ""Kebenaran pemilik sistem""] },"	Candidate evidence only; manual verification required.
EVD-80bd36ac51d5	INTEGRATION_DISCOVERY	INFERRED_FROM_SOURCE	frontend/public-site/src/i18n/locales/ms.ts	ms.ts	15	c1cd455de0361277379ccce538cb8184a7f764876013db84d528bad95333ac3f	"trial: { badge: ""NDSP Elite Trial • Percubaan Institusi Terhad"", title: ""Selamat Datang ke Percubaan NDSP 16 Hari"", subtitle: ""Fasa ini didedikasikan untuk menguji platform sebelum pelancaran berbayar."", duration: ""Tempoh Percubaan"", durationVal: ""16 hari dari tarikh pengaktifan akaun percubaan."", currentPlan: ""Pelan Semasa"", currentPlanVal: ""Trial Plan — akses percubaan teratur sebelum pelancaran berbayar."", benefits: ""Manfaat Percubaan"", benefitsVal: ""Akses asas, aset yang ditentukan, dan output dipermudahkan tanpa mendedahkan logik dalaman."", survey: ""Tinjauan Akhir Tempoh"", surveyVal: ""Tin"	Candidate evidence only; manual verification required.
EVD-16db78bf6669	INTEGRATION_DISCOVERY	INFERRED_FROM_SOURCE	frontend/public-site/src/i18n/locales/nl.ts	nl.ts	10	09426a95ab11c94b23365b17461e4e94f72de459daf281ed237322c1a897df1d	"insight: { name: ""Insight"", price: ""Gratis"", desc: ""Voor nieuwe gebruikers die het systeem willen ervaren en het algemene concept willen begrijpen."", features: [""Algemeen overzicht marktstatus"", ""16-dagenreis"", ""Dag 16 enquête"", ""FAQ, veiligheid en privacy"", ""Duidelijke juridische kennisgeving""], hidden: [""Gedetailleerde TDL"", ""Gedetailleerde Meeting point"", ""Meeting point The golden signal"", ""Black Layer"", ""API / Webhooks"", ""Beheerspaneel""] },"	Candidate evidence only; manual verification required.
EVD-b6214458c53c	INTEGRATION_DISCOVERY	INFERRED_FROM_SOURCE	frontend/public-site/src/i18n/locales/nl.ts	nl.ts	11	09426a95ab11c94b23365b17461e4e94f72de459daf281ed237322c1a897df1d	"nmpPro: { name: ""Meeting point Pro"", price: ""$49"", desc: ""Voor serieuze gebruikers die een dieper inzicht willen in context, liquiditeit en afstemming."", features: [""TDL — Temporele dimensielogica"", ""Meeting point — Nawaf-ontmoetingspunt"", ""Meeting point The golden signal"", ""Duidelijkere interpretatieve rapporten"", ""Risiconiveaus en bredere context"", ""Volledige proef van 16 dagen""], hidden: [""Volledige Black Layer"", ""Vijf beschermde soevereine lagen"", ""API / Webhooks"", ""Beheerdersrechten"", ""Ruwe logica""] },"	Candidate evidence only; manual verification required.
EVD-4cab60c65add	INTEGRATION_DISCOVERY	INFERRED_FROM_SOURCE	frontend/public-site/src/i18n/locales/nl.ts	nl.ts	13	09426a95ab11c94b23365b17461e4e94f72de459daf281ed237322c1a897df1d	"saas: { name: ""NDSP SaaS"", price: ""Aangepast"", desc: ""Voor bedrijven en entiteiten die NDSP in hun systemen moeten integreren."", features: [""Institutionele API-sleutels"", ""Webhooks voor schone algemene signalen"", ""Aangepaste snelheidslimieten"", ""Auditlogboeken"", ""Integratie met interne systemen"", ""Technische ondersteuning en operationele beoordeling""], hidden: [""Ruwe algoritmen"", ""Volledig beschermde lagen"", ""Interne weginggeheimen"", ""Eigenaarsmachtigingen systeem""] },"	Candidate evidence only; manual verification required.
EVD-913308d44d57	INTEGRATION_DISCOVERY	INFERRED_FROM_SOURCE	frontend/public-site/src/i18n/locales/nl.ts	nl.ts	15	09426a95ab11c94b23365b17461e4e94f72de459daf281ed237322c1a897df1d	"trial: { badge: ""NDSP Elite Trial • Beperkte institutionele proef"", title: ""Welkom bij de NDSP-proef van 16 dagen"", subtitle: ""Deze fase is gewijd aan het testen van het platform vóór de betaalde lancering."", duration: ""Profduur"", durationVal: ""16 dagen vanaf de datum van activering van het proefaccount."", currentPlan: ""Huidig plan"", currentPlanVal: ""Trial Plan — georganiseerde proeftoegang vóór de betaalde lancering."", benefits: ""Proefvoordelen"", benefitsVal: ""Basistoegang, gedefinieerde activa en vereenvoudigde uitvoer zonder de interne logica te onthullen."", survey: ""Enquête einde periode"","	Candidate evidence only; manual verification required.
EVD-4a1775cf9ae6	INTEGRATION_DISCOVERY	INFERRED_FROM_SOURCE	frontend/public-site/src/i18n/locales/pl.ts	pl.ts	10	d98ef6ab607c03dc13fc9b2da8b37b49f1f06330bf93f19292458fce404aa99d	"insight: { name: ""Insight"", price: ""Bezpłatny"", desc: ""Dla nowych użytkowników, którzy chcą wypróbować system i zrozumieć ogólną koncepcję."", features: [""Ogólny widok stanu rynku"", ""16-dniowa podróż"", ""Ankieta dnia 16"", ""FAQ, bezpieczeństwo i prywatność"", ""Wyraźna informacja prawna""], hidden: [""Szczegółowy TDL"", ""Szczegółowy Meeting point"", ""Meeting point The golden signal"", ""Black Layer"", ""API / Webhooks"", ""Panel administratora""] },"	Candidate evidence only; manual verification required.
EVD-1251dcf50d25	INTEGRATION_DISCOVERY	INFERRED_FROM_SOURCE	frontend/public-site/src/i18n/locales/pl.ts	pl.ts	11	d98ef6ab607c03dc13fc9b2da8b37b49f1f06330bf93f19292458fce404aa99d	"nmpPro: { name: ""Meeting point Pro"", price: ""$49"", desc: ""Dla poważnych użytkowników, którzy chcą głębszego zrozumienia kontekstu, płynności i wyrównania."", features: [""TDL — Logika wymiaru czasowego"", ""Meeting point — Punkt spotkania Nawaf"", ""Meeting point The golden signal"", ""Wyraźniejsze raporty interpretacyjne"", ""Poziomy ryzyka i szerszy kontekst"", ""Pełny 16-dniowy okres próbny""], hidden: [""Pełna warstwa Black Layer"", ""Pięć chronionych warstw suwerennych"", ""API / Webhooks"", ""Uprawnienia administratora"", ""Surowa logika""] },"	Candidate evidence only; manual verification required.
EVD-8a247d0a6b0f	INTEGRATION_DISCOVERY	INFERRED_FROM_SOURCE	frontend/public-site/src/i18n/locales/pl.ts	pl.ts	13	d98ef6ab607c03dc13fc9b2da8b37b49f1f06330bf93f19292458fce404aa99d	"saas: { name: ""NDSP SaaS"", price: ""Niestandardowy"", desc: ""Dla firm i podmiotów, które muszą zintegrować NDSP ze swoimi systemami."", features: [""Instytucjonalne klucze API"", ""Webhooks dla czystych sygnałów ogólnych"", ""Niestandardowe limity szybkości"", ""Dzienniki audytu"", ""Integracja z systemami wewnętrznymi"", ""Wsparcie techniczne i przegląd operacyjny""], hidden: [""Surowe algorytmy"", ""W pełni chronione warstwy"", ""Wewnętrzne tajemnice ważenia"", ""Uprawnienia właściciela systemu""] },"	Candidate evidence only; manual verification required.
EVD-182e5a30d69a	INTEGRATION_DISCOVERY	INFERRED_FROM_SOURCE	frontend/public-site/src/i18n/locales/pl.ts	pl.ts	15	d98ef6ab607c03dc13fc9b2da8b37b49f1f06330bf93f19292458fce404aa99d	"trial: { badge: ""NDSP Elite Trial • Ograniczona wersja próbna dla instytucji"", title: ""Witamy w 16-dniowej wersji próbnej NDSP"", subtitle: ""Ta faza jest poświęcona testowaniu platformy przed płatnym uruchomieniem."", duration: ""Czas trwania próby"", durationVal: ""16 dni od daty aktywacji konta próbnego."", currentPlan: ""Bieżący plan"", currentPlanVal: ""Trial Plan — zorganizowany dostęp próbny przed płatnym uruchomieniem."", benefits: ""Korzyści z próby"", benefitsVal: ""Podstawowy dostęp, zdefiniowane aktywa i uproszczone dane wyjściowe bez ujawniania wewnętrznej logiki."", survey: ""Ankieta końca okres"	Candidate evidence only; manual verification required.
EVD-2f077b6d169b	INTEGRATION_DISCOVERY	INFERRED_FROM_SOURCE	frontend/public-site/src/i18n/locales/pt.ts	pt.ts	17	cd2de9bdf042774479dc108c8336a82d72b89f5a3d9066ebede815cc492339c0	"contact: ""ndsp.app@gmail.com"", contactDesc: ""Email oficial para consultas e suporte."","	Candidate evidence only; manual verification required.
EVD-9fe8318af799	INTEGRATION_DISCOVERY	INFERRED_FROM_SOURCE	frontend/public-site/src/i18n/locales/pt.ts	pt.ts	36	cd2de9bdf042774479dc108c8336a82d72b89f5a3d9066ebede815cc492339c0	"insight: { name: ""Insight"", price: ""Grátis"", desc: ""Para novos usuários que querem experimentar o sistema e entender o conceito geral."", features: [""Visão geral do status do mercado"", ""Jornada de 16 dias"", ""Pesquisa do dia 16"", ""FAQ, segurança e privacidade"", ""Aviso legal claro""], hidden: [""TDL detalhado"", ""Meeting point detalhado"", ""Meeting point The golden signal"", ""Black Layer"", ""API / Webhooks"", ""Painel de administração""] },"	Candidate evidence only; manual verification required.
EVD-315bdf4e562b	INTEGRATION_DISCOVERY	INFERRED_FROM_SOURCE	frontend/public-site/src/i18n/locales/pt.ts	pt.ts	37	cd2de9bdf042774479dc108c8336a82d72b89f5a3d9066ebede815cc492339c0	"nmpPro: { name: ""Meeting point Pro"", price: ""$49"", desc: ""Para usuários sérios que querem uma compreensão mais profunda do contexto, liquidez e alinhamento."", features: [""TDL — Lógica de Dimensão Temporal"", ""Meeting point — Ponto de Encontro Nawaf"", ""Meeting point The golden signal"", ""Relatórios interpretativos mais claros"", ""Níveis de risco e contexto mais amplo"", ""Teste completo de 16 dias""], hidden: [""Black Layer completo"", ""Cinco camadas soberanas protegidas"", ""API / Webhooks"", ""Permissões de administração"", ""Lógica bruta""] },"	Candidate evidence only; manual verification required.
EVD-0a082bb8727b	INTEGRATION_DISCOVERY	INFERRED_FROM_SOURCE	frontend/public-site/src/i18n/locales/pt.ts	pt.ts	39	cd2de9bdf042774479dc108c8336a82d72b89f5a3d9066ebede815cc492339c0	"saas: { name: ""NDSP SaaS"", price: ""Personalizado"", desc: ""Para empresas e entidades que precisam integrar o NDSP em seus sistemas."", features: [""Chaves API institucionais"", ""Webhooks para sinais gerais limpos"", ""Limites de taxa personalizados"", ""Logs de auditoria"", ""Integração com sistemas internos"", ""Suporte técnico e revisão operacional""], hidden: [""Algoritmos brutos"", ""Camadas totalmente protegidas"", ""Segredos de ponderação interna"", ""Permissões do proprietário do sistema""] },"	Candidate evidence only; manual verification required.
EVD-bbe3acdfa54b	INTEGRATION_DISCOVERY	INFERRED_FROM_SOURCE	frontend/public-site/src/i18n/locales/pt.ts	pt.ts	50	cd2de9bdf042774479dc108c8336a82d72b89f5a3d9066ebede815cc492339c0	"payment: ""Pagamento atual"", paymentVal: ""O pagamento está temporariamente bloqueado até que a fase de teste seja concluída."","	Candidate evidence only; manual verification required.
EVD-48e0f1cb324e	INTEGRATION_DISCOVERY	INFERRED_FROM_SOURCE	frontend/public-site/src/i18n/locales/ro.ts	ro.ts	5	c4080fa568394031da9d1784b1ce227bae2fbc3f12c2a4235618a832770e0f25	"status: { title: ""Starea platformei"", visitor: ""Vizitator"", visitorDesc: ""Înregistrați-vă pentru a începe perioada de probă de 16 zile."", backend: ""Conectat prin /api"", backendDesc: ""Înregistrarea, autentificarea și sondajul sunt conectate la PostgreSQL."", contact: ""ndsp.app@gmail.com"", contactDesc: ""Email oficial pentru întrebări și suport."" },"	Candidate evidence only; manual verification required.
EVD-294d79822c18	INTEGRATION_DISCOVERY	INFERRED_FROM_SOURCE	frontend/public-site/src/i18n/locales/ro.ts	ro.ts	10	c4080fa568394031da9d1784b1ce227bae2fbc3f12c2a4235618a832770e0f25	"insight: { name: ""Insight"", price: ""Gratuit"", desc: ""Pentru utilizatori noi care doresc să experimenteze sistemul și să înțeleagă conceptul general."", features: [""Vedere generală a stării pieței"", ""Călătorie de 16 zile"", ""Sondaj de ziua 16"", ""Întrebări frecvente, securitate și confidențialitate"", ""Notificare juridică clară""], hidden: [""TDL detaliat"", ""Meeting point detaliat"", ""Meeting point The golden signal"", ""Black Layer"", ""API / Webhooks"", ""Panou de administrare""] },"	Candidate evidence only; manual verification required.
EVD-d9b5451a3463	INTEGRATION_DISCOVERY	INFERRED_FROM_SOURCE	frontend/public-site/src/i18n/locales/ro.ts	ro.ts	11	c4080fa568394031da9d1784b1ce227bae2fbc3f12c2a4235618a832770e0f25	"nmpPro: { name: ""Meeting point Pro"", price: ""$49"", desc: ""Pentru utilizatori serioși care doresc o înțelegere mai profundă a contextului, lichidității și aliniamentului."", features: [""TDL — Logica dimensiunii temporale"", ""Meeting point — Punctul de întâlnire Nawaf"", ""Meeting point The golden signal"", ""Rapoarte interpretive mai clare"", ""Niveluri de risc și context mai larg"", ""Perioadă de probă completă de 16 zile""], hidden: [""Black Layer complet"", ""Cinci straturi suverane protejate"", ""API / Webhooks"", ""Permisiuni de administrator"", ""Logică brută""] },"	Candidate evidence only; manual verification required.
EVD-610fad42196a	INTEGRATION_DISCOVERY	INFERRED_FROM_SOURCE	frontend/public-site/src/i18n/locales/ro.ts	ro.ts	13	c4080fa568394031da9d1784b1ce227bae2fbc3f12c2a4235618a832770e0f25	"saas: { name: ""NDSP SaaS"", price: ""Personalizat"", desc: ""Pentru companii și entități care trebuie să integreze NDSP în sistemele lor."", features: [""Chei API instituționale"", ""Webhooks pentru semnale generale curate"", ""Limite de rată personalizate"", ""Jurnale de audit"", ""Integrare cu sisteme interne"", ""Suport tehnic și revizuire operațională""], hidden: [""Algoritmi bruti"", ""Straturi complet protejate"", ""Secrete de ponderare internă"", ""Permisiuni ale proprietarului sistemului""] },"	Candidate evidence only; manual verification required.
EVD-bc291fe45398	INTEGRATION_DISCOVERY	INFERRED_FROM_SOURCE	frontend/public-site/src/i18n/locales/ro.ts	ro.ts	15	c4080fa568394031da9d1784b1ce227bae2fbc3f12c2a4235618a832770e0f25	"trial: { badge: ""NDSP Elite Trial • Perioadă de probă instituțională limitată"", title: ""Bun venit la perioada de probă NDSP de 16 zile"", subtitle: ""Această fază este dedicată testării platformei înainte de lansarea cu plată."", duration: ""Durata perioadei de probă"", durationVal: ""16 zile de la data activării contului de probă."", currentPlan: ""Planul curent"", currentPlanVal: ""Trial Plan — acces de probă organizat înainte de lansarea cu plată."", benefits: ""Beneficiile perioadei de probă"", benefitsVal: ""Acces de bază, active definite și ieșiri simplificate fără dezvăluirea logicii interne."", surve"	Candidate evidence only; manual verification required.
EVD-d2af9d07681a	INTEGRATION_DISCOVERY	INFERRED_FROM_SOURCE	frontend/public-site/src/i18n/locales/ru.ts	ru.ts	36	799b5b70c7df595781dec070fc2c779392b77b70af6ff028749b845333d76332	"insight: { name: ""Insight"", price: ""Бесплатно"", desc: ""Для новых пользователей, желающих попробовать систему и понять общую концепцию."", features: [""Общий обзор состояния рынка"", ""16-дневный путь"", ""Опрос на 16-й день"", ""FAQ, безопасность и конфиденциальность"", ""Чёткое юридическое уведомление""], hidden: [""Детальный TDL"", ""Детальный Meeting point"", ""Meeting point The golden signal"", ""Black Layer"", ""API / Webhooks"", ""Панель администратора""] },"	Candidate evidence only; manual verification required.
EVD-cbac731dd135	INTEGRATION_DISCOVERY	INFERRED_FROM_SOURCE	frontend/public-site/src/i18n/locales/ru.ts	ru.ts	37	799b5b70c7df595781dec070fc2c779392b77b70af6ff028749b845333d76332	"nmpPro: { name: ""Meeting point Pro"", price: ""$49"", desc: ""Для серьёзных пользователей, желающих более глубокого понимания контекста, ликвидности и выравнивания."", features: [""TDL — Логика временного измерения"", ""Meeting point — Точка встречи Навафа"", ""Meeting point The golden signal"", ""Более чёткие интерпретационные отчёты"", ""Уровни риска и более широкий контекст"", ""Полный 16-дневный пробный период""], hidden: [""Полный Black Layer"", ""Пять защищённых суверенных уровней"", ""API / Webhooks"", ""Права администратора"", ""Сырая логика""] },"	Candidate evidence only; manual verification required.
EVD-ee77de547b23	INTEGRATION_DISCOVERY	INFERRED_FROM_SOURCE	frontend/public-site/src/i18n/locales/ru.ts	ru.ts	39	799b5b70c7df595781dec070fc2c779392b77b70af6ff028749b845333d76332	"saas: { name: ""NDSP SaaS"", price: ""Индивидуальный"", desc: ""Для компаний и организаций, которым необходимо интегрировать NDSP в свои системы."", features: [""Институциональные ключи API"", ""Webhooks для чистых общих сигналов"", ""Пользовательские ограничения скорости"", ""Журналы аудита"", ""Интеграция с внутренними системами"", ""Техническая поддержка и операционная проверка""], hidden: [""Сырые алгоритмы"", ""Полностью защищённые уровни"", ""Секреты внутреннего взвешивания"", ""Права владельца системы""] },"	Candidate evidence only; manual verification required.
EVD-4d5c5e86420e	INTEGRATION_DISCOVERY	INFERRED_FROM_SOURCE	frontend/public-site/src/i18n/locales/ru.ts	ru.ts	50	799b5b70c7df595781dec070fc2c779392b77b70af6ff028749b845333d76332	"payment: ""Текущий платёж"", paymentVal: ""Платёж временно заблокирован до завершения пробной фазы."","	Candidate evidence only; manual verification required.
EVD-cd4d8371d2ef	INTEGRATION_DISCOVERY	INFERRED_FROM_SOURCE	frontend/public-site/src/i18n/locales/sv.ts	sv.ts	10	c229a8e2c76b045d3ea820cbf756338bb4c5ff6fcb6777c9d9c9e108640c56cf	"insight: { name: ""Insight"", price: ""Gratis"", desc: ""För nya användare som vill prova systemet och förstå det allmänna konceptet."", features: [""Allmän marknadsstatusöversikt"", ""16-dagarsresa"", ""Dag 16-enkät"", ""FAQ, säkerhet och integritet"", ""Tydligt juridiskt meddelande""], hidden: [""Detaljerad TDL"", ""Detaljerad Meeting point"", ""Meeting point The golden signal"", ""Black Layer"", ""API / Webhooks"", ""Administrationspanel""] },"	Candidate evidence only; manual verification required.
EVD-044311b6c78f	INTEGRATION_DISCOVERY	INFERRED_FROM_SOURCE	frontend/public-site/src/i18n/locales/sv.ts	sv.ts	11	c229a8e2c76b045d3ea820cbf756338bb4c5ff6fcb6777c9d9c9e108640c56cf	"nmpPro: { name: ""Meeting point Pro"", price: ""$49"", desc: ""För seriösa användare som vill ha djupare förståelse för kontext, likviditet och anpassning."", features: [""TDL — Temporal dimensionslogik"", ""Meeting point — Nawaf mötespunkt"", ""Meeting point The golden signal"", ""Tydligare tolkningsrapporter"", ""Risknivåer och bredare kontext"", ""Fullständig 16-dagars provperiod""], hidden: [""Fullständigt Black Layer"", ""Fem skyddade suveräna lager"", ""API / Webhooks"", ""Administratörsbehörigheter"", ""Rå logik""] },"	Candidate evidence only; manual verification required.
EVD-7294301d5c05	INTEGRATION_DISCOVERY	INFERRED_FROM_SOURCE	frontend/public-site/src/i18n/locales/sv.ts	sv.ts	13	c229a8e2c76b045d3ea820cbf756338bb4c5ff6fcb6777c9d9c9e108640c56cf	"saas: { name: ""NDSP SaaS"", price: ""Anpassad"", desc: ""För företag och enheter som behöver integrera NDSP i sina system."", features: [""Institutionella API-nycklar"", ""Webhooks för rena allmänna signaler"", ""Anpassade hastighetsgränser"", ""Granskningsloggar"", ""Integration med interna system"", ""Teknisk support och driftsgranskning""], hidden: [""Råa algoritmer"", ""Fullständigt skyddade lager"", ""Interna viktningshemligheter"", ""Systemegarebehörigheter""] },"	Candidate evidence only; manual verification required.
EVD-7d532f55beb3	INTEGRATION_DISCOVERY	INFERRED_FROM_SOURCE	frontend/public-site/src/i18n/locales/sv.ts	sv.ts	15	c229a8e2c76b045d3ea820cbf756338bb4c5ff6fcb6777c9d9c9e108640c56cf	"trial: { badge: ""NDSP Elite Trial • Begränsad institutionell provperiod"", title: ""Välkommen till NDSP:s 16-dagars provperiod"", subtitle: ""Denna fas är ägnad åt att testa plattformen före den betalda lanseringen."", duration: ""Provperiodens längd"", durationVal: ""16 dagar från aktiveringsdatumet för provkontot."", currentPlan: ""Nuvarande plan"", currentPlanVal: ""Trial Plan — organiserad provåtkomst före den betalda lanseringen."", benefits: ""Provperiodens fördelar"", benefitsVal: ""Grundläggande åtkomst, definierade tillgångar och förenklat utflöde utan att avslöja intern logik."", survey: ""Enkät vid p"	Candidate evidence only; manual verification required.
EVD-a582eed01d79	INTEGRATION_DISCOVERY	INFERRED_FROM_SOURCE	frontend/public-site/src/i18n/locales/sw.ts	sw.ts	10	2ca9ce928758e9d408dc5fff5a2be44ca1eab8578ce76031cc71e039d8fd6ca7	"insight: { name: ""Insight"", price: ""Bila Malipo"", desc: ""Kwa watumiaji wapya wanaotaka kujaribu mfumo na kuelewa dhana ya jumla."", features: [""Muhtasari wa jumla wa hali ya soko"", ""Safari ya siku 16"", ""Uchunguzi wa siku ya 16"", ""Maswali Yanayoulizwa Mara kwa Mara, usalama na faragha"", ""Arifa wazi ya kisheria""], hidden: [""TDL ya kina"", ""Meeting point ya kina"", ""Meeting point The golden signal"", ""Black Layer"", ""API / Webhooks"", ""Paneli ya msimamizi""] },"	Candidate evidence only; manual verification required.
EVD-b7a709ed6509	INTEGRATION_DISCOVERY	INFERRED_FROM_SOURCE	frontend/public-site/src/i18n/locales/sw.ts	sw.ts	11	2ca9ce928758e9d408dc5fff5a2be44ca1eab8578ce76031cc71e039d8fd6ca7	"nmpPro: { name: ""Meeting point Pro"", price: ""$49"", desc: ""Kwa watumiaji wanaojali wanaotaka uelewa wa kina zaidi wa muktadha, ukwasi na usanidi."", features: [""TDL — Mantiki ya Muda wa Kipimo"", ""Meeting point — Nukta ya Mkutano wa Nawaf"", ""Meeting point The golden signal"", ""Ripoti za tafsiri wazi zaidi"", ""Viwango vya hatari na muktadha mpana zaidi"", ""Majaribio kamili ya siku 16""], hidden: [""Black Layer kamili"", ""Tabaka tano za msingi zilindwa"", ""API / Webhooks"", ""Ruhusa za msimamizi"", ""Mantiki ghafi""] },"	Candidate evidence only; manual verification required.
EVD-5b7c22a77091	INTEGRATION_DISCOVERY	INFERRED_FROM_SOURCE	frontend/public-site/src/i18n/locales/sw.ts	sw.ts	13	2ca9ce928758e9d408dc5fff5a2be44ca1eab8578ce76031cc71e039d8fd6ca7	"saas: { name: ""NDSP SaaS"", price: ""Maalum"", desc: ""Kwa makampuni na vyombo vinavyohitaji kuunganisha NDSP katika mifumo yao."", features: [""Funguo za API za taasisi"", ""Webhooks kwa mawimbi ya jumla safi"", ""Mipaka ya kiwango iliyobinafsishwa"", ""Kumbukumbu za ukaguzi"", ""Uunganishaji na mifumo ya ndani"", ""Msaada wa kiufundi na ukaguzi wa uendeshaji""], hidden: [""Algoritimu ghafi"", ""Tabaka zilizolindwa kikamilifu"", ""Siri za uzito wa ndani"", ""Ruhusa za mmiliki wa mfumo""] },"	Candidate evidence only; manual verification required.
EVD-01a87eebfcf2	INTEGRATION_DISCOVERY	INFERRED_FROM_SOURCE	frontend/public-site/src/i18n/locales/sw.ts	sw.ts	15	2ca9ce928758e9d408dc5fff5a2be44ca1eab8578ce76031cc71e039d8fd6ca7	"trial: { badge: ""NDSP Elite Trial • Majaribio ya Taasisi Yaliyopunguzwa"", title: ""Karibu katika Majaribio ya NDSP ya Siku 16"", subtitle: ""Awamu hii imejitolea kujaribu jukwaa kabla ya uzinduzi wa kulipa."", duration: ""Muda wa Majaribio"", durationVal: ""Siku 16 tangu tarehe ya uanzishaji wa akaunti ya majaribio."", currentPlan: ""Mpango wa Sasa"", currentPlanVal: ""Trial Plan — ufikiaji wa majaribio uliopangwa kabla ya uzinduzi wa kulipa."", benefits: ""Faida za Majaribio"", benefitsVal: ""Ufikiaji wa msingi, mali zilizofafanuliwa na matokeo yaliyorahisishwa bila kufichua mantiki ya ndani."", survey: ""Uch"	Candidate evidence only; manual verification required.
EVD-4c312bc341bc	INTEGRATION_DISCOVERY	INFERRED_FROM_SOURCE	frontend/public-site/src/i18n/locales/th.ts	th.ts	10	bd10b9b2c0db6cfd96f38ba1459cc8e2973071dba9136bf8c87fb934dd44e31a	"insight: { name: ""Insight"", price: ""ฟรี"", desc: ""สำหรับผู้ใช้ใหม่ที่ต้องการทดลองใช้ระบบและเข้าใจแนวคิดทั่วไป"", features: [""มุมมองทั่วไปของสถานะตลาด"", ""การเดินทาง 16 วัน"", ""แบบสำรวจวันที่ 16"", ""คำถามที่พบบ่อย ความปลอดภัย และความเป็นส่วนตัว"", ""การแจ้งเตือนทางกฎหมายที่ชัดเจน""], hidden: [""TDL โดยละเอียด"", ""Meeting point โดยละเอียด"", ""Meeting point The golden signal"", ""Black Layer"", ""API / Webhooks"", ""แผงผู้ดูแลระบบ""] },"	Candidate evidence only; manual verification required.
EVD-0e2cc60386e9	INTEGRATION_DISCOVERY	INFERRED_FROM_SOURCE	frontend/public-site/src/i18n/locales/th.ts	th.ts	11	bd10b9b2c0db6cfd96f38ba1459cc8e2973071dba9136bf8c87fb934dd44e31a	"nmpPro: { name: ""Meeting point Pro"", price: ""$49"", desc: ""สำหรับผู้ใช้ที่จริงจังที่ต้องการความเข้าใจลึกขึ้นเกี่ยวกับบริบท สภาพคล่อง และการจัดตำแหน่ง"", features: [""TDL — ตรรกะมิติเวลา"", ""Meeting point — จุดนัดพบ Nawaf"", ""Meeting point The golden signal"", ""รายงานเชิงตีความที่ชัดเจนกว่า"", ""ระดับความเสี่ยงและบริบทที่กว้างกว่า"", ""การทดลองใช้เต็มรูปแบบ 16 วัน""], hidden: [""Black Layer เต็มรูปแบบ"", ""ห้าชั้นอธิปไตยที่ได้รับการป้องกัน"", ""API / Webhooks"", ""สิทธิ์ผู้ดูแลระบบ"", ""ตรรกะดิบ""] },"	Candidate evidence only; manual verification required.
EVD-048141800977	INTEGRATION_DISCOVERY	INFERRED_FROM_SOURCE	frontend/public-site/src/i18n/locales/th.ts	th.ts	13	bd10b9b2c0db6cfd96f38ba1459cc8e2973071dba9136bf8c87fb934dd44e31a	"saas: { name: ""NDSP SaaS"", price: ""กำหนดเอง"", desc: ""สำหรับบริษัทและหน่วยงานที่ต้องการรวม NDSP เข้ากับระบบของตน"", features: [""คีย์ API สถาบัน"", ""Webhooks สำหรับสัญญาณทั่วไปที่สะอาด"", ""ขีดจำกัดอัตราแบบกำหนดเอง"", ""บันทึกการตรวจสอบ"", ""การรวมกับระบบภายใน"", ""การสนับสนุนทางเทคนิคและการตรวจสอบการดำเนินงาน""], hidden: [""อัลกอริทึมดิบ"", ""ชั้นที่ได้รับการป้องกันอย่างเต็มที่"", ""ความลับการถ่วงน้ำหนักภายใน"", ""สิทธิ์เจ้าของระบบ""] },"	Candidate evidence only; manual verification required.
EVD-ae81c4375486	INTEGRATION_DISCOVERY	INFERRED_FROM_SOURCE	frontend/public-site/src/i18n/locales/th.ts	th.ts	15	bd10b9b2c0db6cfd96f38ba1459cc8e2973071dba9136bf8c87fb934dd44e31a	"trial: { badge: ""NDSP Elite Trial • การทดลองใช้เชิงสถาบันจำกัด"", title: ""ยินดีต้อนรับสู่การทดลองใช้ NDSP 16 วัน"", subtitle: ""ระยะนี้มุ่งเน้นไปที่การทดสอบแพลตฟอร์มก่อนการเปิดตัวแบบเสียค่าใช้จ่าย"", duration: ""ระยะเวลาทดลองใช้"", durationVal: ""16 วันนับจากวันที่เปิดใช้งานบัญชีทดลอง"", currentPlan: ""แผนปัจจุบัน"", currentPlanVal: ""Trial Plan — การเข้าถึงทดลองที่จัดระเบียบก่อนการเปิดตัวแบบเสียค่าใช้จ่าย"", benefits: ""สิทธิประโยชน์การทดลอง"", benefitsVal: ""การเข้าถึงพื้นฐาน สินทรัพย์ที่กำหนด และผลลัพธ์ที่ง่ายขึ้นโดยไม่เปิดเผยตรรกะภายใน"", survey: ""แบบสำรวจสิ้นสุดระยะเวลา"", surveyVal: ""จำเป็นต้องมีแบบสำรวจ"	Candidate evidence only; manual verification required.
EVD-a98f88b624c4	INTEGRATION_DISCOVERY	INFERRED_FROM_SOURCE	frontend/public-site/src/i18n/locales/tr.ts	tr.ts	10	a85789532e058ef9b432f0da166fa5476156d13199da44c8b6529c6081ced466	"insight: { name: ""Insight"", price: ""Ücretsiz"", desc: ""Sistemi denemek ve genel kavramı anlamak isteyen yeni kullanıcılar için."", features: [""Piyasa durumuna genel bakış"", ""16 günlük yolculuk"", ""16. gün anketi"", ""SSS, güvenlik ve gizlilik"", ""Net yasal uyarı""], hidden: [""Detaylı TDL"", ""Detaylı Meeting point"", ""Meeting point The golden signal"", ""Black Layer"", ""API / Webhooks"", ""Yönetici paneli""] },"	Candidate evidence only; manual verification required.
EVD-ad18afebdbaa	INTEGRATION_DISCOVERY	INFERRED_FROM_SOURCE	frontend/public-site/src/i18n/locales/tr.ts	tr.ts	11	a85789532e058ef9b432f0da166fa5476156d13199da44c8b6529c6081ced466	"nmpPro: { name: ""Meeting point Pro"", price: ""$49"", desc: ""Bağlam, likidite ve hizalama hakkında daha derin anlayış isteyen ciddi kullanıcılar için."", features: [""TDL — Zamansal Boyut Mantığı"", ""Meeting point — Nawaf Buluşma Noktası"", ""Meeting point The golden signal"", ""Daha net yorumlayıcı raporlar"", ""Risk seviyeleri ve daha geniş bağlam"", ""Tam 16 günlük deneme""], hidden: [""Tam Black Layer"", ""Beş korumalı egemenlik katmanı"", ""API / Webhooks"", ""Yönetici izinleri"", ""Ham mantık""] },"	Candidate evidence only; manual verification required.
EVD-f47b03d49770	INTEGRATION_DISCOVERY	INFERRED_FROM_SOURCE	frontend/public-site/src/i18n/locales/tr.ts	tr.ts	13	a85789532e058ef9b432f0da166fa5476156d13199da44c8b6529c6081ced466	"saas: { name: ""NDSP SaaS"", price: ""Özel"", desc: ""NDSP'yi sistemlerine entegre etmesi gereken şirket ve kuruluşlar için."", features: [""Kurumsal API anahtarları"", ""Temiz genel sinyaller için Webhooks"", ""Özel hız sınırları"", ""Denetim günlükleri"", ""İç sistemlerle entegrasyon"", ""Teknik destek ve operasyonel inceleme""], hidden: [""Ham algoritmalar"", ""Tamamen korumalı katmanlar"", ""Dahili ağırlıklandırma sırları"", ""Sistem sahibi izinleri""] },"	Candidate evidence only; manual verification required.
EVD-ed745c582267	INTEGRATION_DISCOVERY	INFERRED_FROM_SOURCE	frontend/public-site/src/i18n/locales/tr.ts	tr.ts	15	a85789532e058ef9b432f0da166fa5476156d13199da44c8b6529c6081ced466	"trial: { badge: ""NDSP Elite Trial • Sınırlı Kurumsal Deneme"", title: ""NDSP 16 Günlük Denemeye Hoş Geldiniz"", subtitle: ""Bu aşama ücretli lansmandan önce platformu test etmeye adanmış."", duration: ""Deneme Süresi"", durationVal: ""Deneme hesabı aktivasyon tarihinden itibaren 16 gün."", currentPlan: ""Mevcut Plan"", currentPlanVal: ""Trial Plan — ücretli lansmandan önce organize deneme erişimi."", benefits: ""Deneme Avantajları"", benefitsVal: ""İç mantığı açıklamadan temel erişim, tanımlı varlıklar ve basitleştirilmiş çıktılar."", survey: ""Dönem Sonu Anketi"", surveyVal: ""Deneyimi değerlendirmek ve genişlem"	Candidate evidence only; manual verification required.
EVD-1f10fb43c59a	INTEGRATION_DISCOVERY	INFERRED_FROM_SOURCE	frontend/public-site/src/i18n/locales/uk.ts	uk.ts	10	9f408832e5408fe9e52af9190681e5f91ca5b9690c350a414579bec44bfcab71	"insight: { name: ""Insight"", price: ""Безкоштовно"", desc: ""Для нових користувачів, які хочуть спробувати систему та зрозуміти загальну концепцію."", features: [""Загальний огляд стану ринку"", ""16-денний шлях"", ""Опитування на 16-й день"", ""FAQ, безпека та конфіденційність"", ""Чітке юридичне повідомлення""], hidden: [""Детальний TDL"", ""Детальний Meeting point"", ""Meeting point The golden signal"", ""Black Layer"", ""API / Webhooks"", ""Панель адміністратора""] },"	Candidate evidence only; manual verification required.
EVD-9d4dd7921431	INTEGRATION_DISCOVERY	INFERRED_FROM_SOURCE	frontend/public-site/src/i18n/locales/uk.ts	uk.ts	11	9f408832e5408fe9e52af9190681e5f91ca5b9690c350a414579bec44bfcab71	"nmpPro: { name: ""Meeting point Pro"", price: ""$49"", desc: ""Для серйозних користувачів, які хочуть глибшого розуміння контексту, ліквідності та вирівнювання."", features: [""TDL — Логіка часового виміру"", ""Meeting point — Точка зустрічі Навафа"", ""Meeting point The golden signal"", ""Чіткіші інтерпретаційні звіти"", ""Рівні ризику та ширший контекст"", ""Повний 16-денний пробний період""], hidden: [""Повний Black Layer"", ""П'ять захищених суверенних шарів"", ""API / Webhooks"", ""Права адміністратора"", ""Сира логіка""] },"	Candidate evidence only; manual verification required.
EVD-d93213dc6562	INTEGRATION_DISCOVERY	INFERRED_FROM_SOURCE	frontend/public-site/src/i18n/locales/uk.ts	uk.ts	13	9f408832e5408fe9e52af9190681e5f91ca5b9690c350a414579bec44bfcab71	"saas: { name: ""NDSP SaaS"", price: ""Індивідуальний"", desc: ""Для компаній та організацій, яким потрібно інтегрувати NDSP у свої системи."", features: [""Інституційні ключі API"", ""Webhooks для чистих загальних сигналів"", ""Індивідуальні обмеження швидкості"", ""Журнали аудиту"", ""Інтеграція з внутрішніми системами"", ""Технічна підтримка та операційна перевірка""], hidden: [""Сирі алгоритми"", ""Повністю захищені шари"", ""Секрети внутрішнього зважування"", ""Права власника системи""] },"	Candidate evidence only; manual verification required.
EVD-85099270dcf2	INTEGRATION_DISCOVERY	INFERRED_FROM_SOURCE	frontend/public-site/src/i18n/locales/uk.ts	uk.ts	15	9f408832e5408fe9e52af9190681e5f91ca5b9690c350a414579bec44bfcab71	"trial: { badge: ""NDSP Elite Trial • Обмежений інституційний пробний"", title: ""Ласкаво просимо до 16-денного пробного NDSP"", subtitle: ""Цей етап присвячено тестуванню платформи перед платним запуском."", duration: ""Тривалість пробного"", durationVal: ""16 днів від дати активації пробного облікового запису."", currentPlan: ""Поточний тариф"", currentPlanVal: ""Trial Plan — організований пробний доступ перед платним запуском."", benefits: ""Переваги пробного"", benefitsVal: ""Базовий доступ, визначені активи та спрощені вихідні дані без розкриття внутрішньої логіки."", survey: ""Опитування в кінці періоду"", s"	Candidate evidence only; manual verification required.
EVD-883f33790f91	INTEGRATION_DISCOVERY	INFERRED_FROM_SOURCE	frontend/public-site/src/i18n/locales/ur.ts	ur.ts	10	3517f695395a0b95c3933aec3cff66e4778e582e654451f330b8b831a30ba1a9	"insight: { name: ""Insight"", price: ""مفت"", desc: ""نئے صارفین کے لیے جو نظام کو آزمانا اور عمومی تصور کو سمجھنا چاہتے ہیں۔"", features: [""مارکیٹ کی حیثیت کا عمومی منظر"", ""16 دن کا سفر"", ""16 ویں دن کا سروے"", ""سوالات، سلامتی اور رازداری"", ""واضح قانونی نوٹس""], hidden: [""تفصیلی TDL"", ""تفصیلی Meeting point"", ""Meeting point The golden signal"", ""Black Layer"", ""API / Webhooks"", ""منتظم پینل""] },"	Candidate evidence only; manual verification required.
EVD-e7e6d65c6470	INTEGRATION_DISCOVERY	INFERRED_FROM_SOURCE	frontend/public-site/src/i18n/locales/ur.ts	ur.ts	11	3517f695395a0b95c3933aec3cff66e4778e582e654451f330b8b831a30ba1a9	"nmpPro: { name: ""Meeting point Pro"", price: ""$49"", desc: ""سنجیدہ صارفین کے لیے جو سیاق و سباق، لیکویڈیٹی اور صف بندی کی گہری سمجھ چاہتے ہیں۔"", features: [""TDL — عارضی جہت منطق"", ""Meeting point — نواف ملاقات کا نقطہ"", ""Meeting point The golden signal"", ""زیادہ واضح تفسیری رپورٹیں"", ""خطرات کی سطحیں اور وسیع تر سیاق و سباق"", ""مکمل 16 دن کی آزمائش""], hidden: [""مکمل Black Layer"", ""پانچ محفوظ خودمختار پرتیں"", ""API / Webhooks"", ""منتظم اجازتیں"", ""خام منطق""] },"	Candidate evidence only; manual verification required.
EVD-53bf568a18aa	INTEGRATION_DISCOVERY	INFERRED_FROM_SOURCE	frontend/public-site/src/i18n/locales/ur.ts	ur.ts	13	3517f695395a0b95c3933aec3cff66e4778e582e654451f330b8b831a30ba1a9	"saas: { name: ""NDSP SaaS"", price: ""اپنی مرضی کے مطابق"", desc: ""کمپنیوں اور اداروں کے لیے جنہیں اپنے نظاموں میں NDSP کو ضم کرنے کی ضرورت ہے۔"", features: [""ادارہ جاتی API چابیاں"", ""صاف عمومی سگنلز کے لیے Webhooks"", ""اپنی مرضی کے مطابق شرح کی حدیں"", ""آڈٹ لاگ"", ""اندرونی نظاموں کے ساتھ انضمام"", ""تکنیکی معاونت اور آپریشنل جائزہ""], hidden: [""خام الگورتھم"", ""مکمل طور پر محفوظ پرتیں"", ""اندرونی وزن کے اسرار"", ""نظام کے مالک کی اجازتیں""] },"	Candidate evidence only; manual verification required.
EVD-0af14e377078	INTEGRATION_DISCOVERY	INFERRED_FROM_SOURCE	frontend/public-site/src/i18n/locales/ur.ts	ur.ts	15	3517f695395a0b95c3933aec3cff66e4778e582e654451f330b8b831a30ba1a9	"trial: { badge: ""NDSP Elite Trial • محدود ادارہ جاتی آزمائش"", title: ""NDSP 16 دن کی آزمائش میں خوش آمدید"", subtitle: ""یہ مرحلہ ادا کردہ اجراء سے پہلے پلیٹ فارم کی جانچ کے لیے وقف ہے۔"", duration: ""آزمائش کی مدت"", durationVal: ""آزمائشی اکاؤنٹ کو چالو کرنے کی تاریخ سے 16 دن۔"", currentPlan: ""موجودہ منصوبہ"", currentPlanVal: ""Trial Plan — ادا کردہ اجراء سے پہلے منظم آزمائشی رسائی۔"", benefits: ""آزمائش کے فوائد"", benefitsVal: ""اندرونی منطق ظاہر کیے بغیر بنیادی رسائی، متعین اثاثے اور سادہ کردہ آؤٹ پٹ۔"", survey: ""مدت کے اختتام کا سروے"", surveyVal: ""توسیع سے پہلے تجربے کا جائزہ لینے اور پلیٹ فارم کو بہتر"	Candidate evidence only; manual verification required.
EVD-3c9d930d3dc6	INTEGRATION_DISCOVERY	INFERRED_FROM_SOURCE	frontend/public-site/src/i18n/locales/vi.ts	vi.ts	5	0387ad92a4010228f8c4429a8b40004280244e7e8deb4f9717a278d9d674d8d9	"status: { title: ""Trạng thái nền tảng"", visitor: ""Khách"", visitorDesc: ""Đăng ký để bắt đầu dùng thử 16 ngày."", backend: ""Kết nối qua /api"", backendDesc: ""Đăng ký, đăng nhập và khảo sát kết nối với PostgreSQL."", contact: ""ndsp.app@gmail.com"", contactDesc: ""Email chính thức cho các yêu cầu và hỗ trợ."" },"	Candidate evidence only; manual verification required.
EVD-063ac4048f39	INTEGRATION_DISCOVERY	INFERRED_FROM_SOURCE	frontend/public-site/src/i18n/locales/vi.ts	vi.ts	10	0387ad92a4010228f8c4429a8b40004280244e7e8deb4f9717a278d9d674d8d9	"insight: { name: ""Insight"", price: ""Miễn phí"", desc: ""Cho người dùng mới muốn trải nghiệm hệ thống và hiểu khái niệm chung."", features: [""Tổng quan chung về trạng thái thị trường"", ""Hành trình 16 ngày"", ""Khảo sát ngày 16"", ""Câu hỏi thường gặp, bảo mật và quyền riêng tư"", ""Thông báo pháp lý rõ ràng""], hidden: [""TDL chi tiết"", ""Meeting point chi tiết"", ""Meeting point The golden signal"", ""Black Layer"", ""API / Webhooks"", ""Bảng điều khiển quản trị""] },"	Candidate evidence only; manual verification required.
EVD-5ed49b40b4f8	INTEGRATION_DISCOVERY	INFERRED_FROM_SOURCE	frontend/public-site/src/i18n/locales/vi.ts	vi.ts	11	0387ad92a4010228f8c4429a8b40004280244e7e8deb4f9717a278d9d674d8d9	"nmpPro: { name: ""Meeting point Pro"", price: ""$49"", desc: ""Cho người dùng nghiêm túc muốn hiểu sâu hơn về bối cảnh, thanh khoản và sự liên kết."", features: [""TDL — Logic Chiều Thời Gian"", ""Meeting point — Điểm Gặp Gỡ Nawaf"", ""Meeting point The golden signal"", ""Báo cáo giải thích rõ ràng hơn"", ""Mức độ rủi ro và bối cảnh rộng hơn"", ""Dùng thử đầy đủ 16 ngày""], hidden: [""Black Layer đầy đủ"", ""Năm lớp chủ quyền được bảo vệ"", ""API / Webhooks"", ""Quyền quản trị"", ""Logic thô""] },"	Candidate evidence only; manual verification required.
EVD-4a6e23ad2310	INTEGRATION_DISCOVERY	INFERRED_FROM_SOURCE	frontend/public-site/src/i18n/locales/vi.ts	vi.ts	13	0387ad92a4010228f8c4429a8b40004280244e7e8deb4f9717a278d9d674d8d9	"saas: { name: ""NDSP SaaS"", price: ""Tùy chỉnh"", desc: ""Cho các công ty và tổ chức cần tích hợp NDSP vào hệ thống của họ."", features: [""Khóa API tổ chức"", ""Webhooks cho tín hiệu chung sạch"", ""Giới hạn tốc độ tùy chỉnh"", ""Nhật ký kiểm toán"", ""Tích hợp với hệ thống nội bộ"", ""Hỗ trợ kỹ thuật và đánh giá vận hành""], hidden: [""Thuật toán thô"", ""Các lớp được bảo vệ hoàn toàn"", ""Bí mật trọng số nội bộ"", ""Quyền chủ sở hữu hệ thống""] },"	Candidate evidence only; manual verification required.
EVD-47d9657eef61	INTEGRATION_DISCOVERY	INFERRED_FROM_SOURCE	frontend/public-site/src/i18n/locales/vi.ts	vi.ts	15	0387ad92a4010228f8c4429a8b40004280244e7e8deb4f9717a278d9d674d8d9	"trial: { badge: ""NDSP Elite Trial • Dùng thử tổ chức giới hạn"", title: ""Chào mừng đến với dùng thử NDSP 16 ngày"", subtitle: ""Giai đoạn này dành riêng cho việc thử nghiệm nền tảng trước khi ra mắt trả phí."", duration: ""Thời gian dùng thử"", durationVal: ""16 ngày kể từ ngày kích hoạt tài khoản dùng thử."", currentPlan: ""Gói hiện tại"", currentPlanVal: ""Trial Plan — truy cập dùng thử có tổ chức trước khi ra mắt trả phí."", benefits: ""Lợi ích dùng thử"", benefitsVal: ""Truy cập cơ bản, tài sản xác định và đầu ra đơn giản hóa mà không tiết lộ logic nội bộ."", survey: ""Khảo sát cuối kỳ"", surveyVal: ""Cần kh"	Candidate evidence only; manual verification required.
EVD-7940529447ee	INTEGRATION_DISCOVERY	INFERRED_FROM_SOURCE	frontend/public-site/src/i18n/locales/zh.ts	zh.ts	36	9e299416f5130764cd5a27da80afea2d301e8f93eebec6bacdd1100628a63e4b	"insight: { name: ""Insight"", price: ""免费"", desc: ""适合想要体验系统并了解总体概念的新用户。"", features: [""市场状态总览"", ""16天旅程"", ""第16天调查"", ""常见问题、安全和隐私"", ""明确的法律声明""], hidden: [""详细TDL"", ""详细Meeting point"", ""Meeting point The golden signal"", ""Black Layer"", ""API / Webhooks"", ""管理面板""] },"	Candidate evidence only; manual verification required.
EVD-be1c9b0e3d39	INTEGRATION_DISCOVERY	INFERRED_FROM_SOURCE	frontend/public-site/src/i18n/locales/zh.ts	zh.ts	37	9e299416f5130764cd5a27da80afea2d301e8f93eebec6bacdd1100628a63e4b	"nmpPro: { name: ""Meeting point Pro"", price: ""$49"", desc: ""适合希望深入了解背景、流动性和对齐的认真用户。"", features: [""TDL — 时间维度逻辑"", ""Meeting point — Nawaf会合点"", ""Meeting point The golden signal"", ""更清晰的解释性报告"", ""风险级别和更广泛的背景"", ""完整16天试用""], hidden: [""完整Black Layer"", ""五个受保护的主权层"", ""API / Webhooks"", ""管理权限"", ""原始逻辑""] },"	Candidate evidence only; manual verification required.
EVD-d2eeefa86369	INTEGRATION_DISCOVERY	INFERRED_FROM_SOURCE	frontend/public-site/src/i18n/locales/zh.ts	zh.ts	39	9e299416f5130764cd5a27da80afea2d301e8f93eebec6bacdd1100628a63e4b	"saas: { name: ""NDSP SaaS"", price: ""定制"", desc: ""适合需要在其系统内集成NDSP的公司和实体。"", features: [""机构API密钥"", ""清洁通用信号的Webhooks"", ""自定义速率限制"", ""审计日志"", ""与内部系统集成"", ""技术支持和运营审查""], hidden: [""原始算法"", ""完全受保护的层"", ""内部权重机密"", ""系统所有者权限""] },"	Candidate evidence only; manual verification required.
EVD-8909a85d35d1	INTEGRATION_DISCOVERY	INFERRED_FROM_SOURCE	frontend/public-site/src/i18n/locales/zh.ts	zh.ts	50	9e299416f5130764cd5a27da80afea2d301e8f93eebec6bacdd1100628a63e4b	"payment: ""当前支付"", paymentVal: ""试用阶段完成前支付暂时锁定。"","	Candidate evidence only; manual verification required.
EVD-fe1246a393f1	INTEGRATION_DISCOVERY	INFERRED_FROM_SOURCE	frontend/public-site/src/pages/Home.tsx	Home.tsx	437	c63e02c035e239c825b3fe6fee2683a1fe0348f16e17e493cfb6e7b27891844a	"{ label: ""trial.payment"", value: ""trial.paymentVal"" },"	Candidate evidence only; manual verification required.
EVD-5911271efb98	INTEGRATION_DISCOVERY	INFERRED_FROM_SOURCE	frontend/user-portal-vite/src/main.jsx	main.jsx	167	3b9180e0ad24e268fe298c235b0284c872a807c963abc04c89205e6d9214385d	<span>قناة تكامل خارجية</span>	Candidate evidence only; manual verification required.
EVD-580f2dfa3788	INTEGRATION_DISCOVERY	INFERRED_FROM_SOURCE	frontend/user-portal/data/command-center-real.json	command-center-real.json	5	bd509be5154e1741dc137cbfc063aa8c0cd519f58cf8f6526639c237280d762b	"""source_type"": ""real_public_market_data_daily"","	Candidate evidence only; manual verification required.
EVD-81c28136f0bb	INTEGRATION_DISCOVERY	DOCUMENTATION_ONLY	governance/NDSP_FINAL_GOVERNANCE_ALL_POLICIES_LOCKED.json	NDSP_FINAL_GOVERNANCE_ALL_POLICIES_LOCKED.json	67	c6f4ac60dc56a68aedbb2f6e3a99ceedf8c42bb5205d6d2a932169b4a9aea57b	"""webhooks"": false"	Candidate evidence only; manual verification required.
EVD-44261e877ed8	INTEGRATION_DISCOVERY	DOCUMENTATION_ONLY	governance/NDSP_FINAL_GOVERNANCE_ALL_POLICIES_LOCKED.json	NDSP_FINAL_GOVERNANCE_ALL_POLICIES_LOCKED.json	83	c6f4ac60dc56a68aedbb2f6e3a99ceedf8c42bb5205d6d2a932169b4a9aea57b	"""webhooks"": false"	Candidate evidence only; manual verification required.
EVD-3514dc130b1a	INTEGRATION_DISCOVERY	DOCUMENTATION_ONLY	governance/NDSP_FINAL_GOVERNANCE_ALL_POLICIES_LOCKED.json	NDSP_FINAL_GOVERNANCE_ALL_POLICIES_LOCKED.json	95	c6f4ac60dc56a68aedbb2f6e3a99ceedf8c42bb5205d6d2a932169b4a9aea57b	"""telegram_alerts"": ""advanced"","	Candidate evidence only; manual verification required.
EVD-039045445c2a	INTEGRATION_DISCOVERY	DOCUMENTATION_ONLY	governance/NDSP_FINAL_GOVERNANCE_ALL_POLICIES_LOCKED.json	NDSP_FINAL_GOVERNANCE_ALL_POLICIES_LOCKED.json	111	c6f4ac60dc56a68aedbb2f6e3a99ceedf8c42bb5205d6d2a932169b4a9aea57b	"""webhooks"": true,"	Candidate evidence only; manual verification required.
EVD-a24a95a9825b	INTEGRATION_DISCOVERY	DOCUMENTATION_ONLY	governance/NDSP_FINAL_GOVERNANCE_ALL_POLICIES_LOCKED.json	NDSP_FINAL_GOVERNANCE_ALL_POLICIES_LOCKED.json	241	c6f4ac60dc56a68aedbb2f6e3a99ceedf8c42bb5205d6d2a932169b4a9aea57b	"""email_unique"": true,"	Candidate evidence only; manual verification required.
EVD-a44a1436c58c	INTEGRATION_DISCOVERY	DOCUMENTATION_ONLY	governance/canonical-v1/NDSP_GAPS_MASTER_REPORT_V1_AR.md	NDSP_GAPS_MASTER_REPORT_V1_AR.md	18	682cd05db0651b5c616a879e59a4ecfca91bdb6d94c4931347a973a2a3d5ace4	2. عدم وجود عقد عام مستقل ومتكامل لجودة البيانات.	Candidate evidence only; manual verification required.
EVD-d8afffcfb7a6	INTEGRATION_DISCOVERY	DOCUMENTATION_ONLY	governance/canonical-v1/NDSP_GAPS_MASTER_REPORT_V1_AR.md	NDSP_GAPS_MASTER_REPORT_V1_AR.md	464	682cd05db0651b5c616a879e59a4ecfca91bdb6d94c4931347a973a2a3d5ace4	- Email provider حقيقي.	Candidate evidence only; manual verification required.
EVD-72d1621dfb77	INTEGRATION_DISCOVERY	DOCUMENTATION_ONLY	governance/canonical-v1/NDSP_GAPS_MASTER_REPORT_V1_AR.md	NDSP_GAPS_MASTER_REPORT_V1_AR.md	465	682cd05db0651b5c616a879e59a4ecfca91bdb6d94c4931347a973a2a3d5ace4	- Telegram ربط واختبار حقيقي.	Candidate evidence only; manual verification required.
EVD-c2f1577eeedc	INTEGRATION_DISCOVERY	DOCUMENTATION_ONLY	governance/canonical-v1/NDSP_GAPS_MASTER_REPORT_V1_AR.md	NDSP_GAPS_MASTER_REPORT_V1_AR.md	529	682cd05db0651b5c616a879e59a4ecfca91bdb6d94c4931347a973a2a3d5ace4	- Webhooks موثقة.	Candidate evidence only; manual verification required.
EVD-1b9383180b5a	INTEGRATION_DISCOVERY	DOCUMENTATION_ONLY	governance/canonical-v1/NDSP_GAPS_REGISTER_V1.json	NDSP_GAPS_REGISTER_V1.json	74	8adec2fd81f979b14f4e7a88a72fa206bfd2e9df2297f198175d1cb9279e9277	"""area"": ""market-data"","	Candidate evidence only; manual verification required.
EVD-e22d3cfc75e4	INTEGRATION_DISCOVERY	DOCUMENTATION_ONLY	governance/canonical-v1/NDSP_GAPS_REGISTER_V1.json	NDSP_GAPS_REGISTER_V1.json	114	8adec2fd81f979b14f4e7a88a72fa206bfd2e9df2297f198175d1cb9279e9277	"""real email/telegram/in-app"","	Candidate evidence only; manual verification required.
EVD-a465fd947980	INTEGRATION_DISCOVERY	DOCUMENTATION_ONLY	governance/canonical-v1/NDSP_GAPS_REGISTER_V1.json	NDSP_GAPS_REGISTER_V1.json	139	8adec2fd81f979b14f4e7a88a72fa206bfd2e9df2297f198175d1cb9279e9277	"""webhooks"","	Candidate evidence only; manual verification required.
