ID	Category	Classification	SourcePath	SourceFile	SourceLines	SHA256	Snippet	Notes
EVD-456c0b163a71	SERVICE_DISCOVERY	INFERRED_FROM_SOURCE	apps/admin-console/NDSP_Admin_Console.html	NDSP_Admin_Console.html	1079	fc9c20b3222082bc132b6e4ab02b1305e23918b455e37b36829ec1c28b3a6c49	"<table><thead><tr><th data-i=""thService"">الخدمة</th><th data-i=""thStateC"">الحالة</th><th data-i=""thLatency"">زمن الاستجابة</th><th data-i=""thChecked"">آخر فحص</th></tr></thead><tbody id=""healthBody""></t</</</</"	Candidate evidence only; manual verification required.
EVD-e129b9a10eea	SERVICE_DISCOVERY	INFERRED_FROM_SOURCE	apps/admin-console/NDSP_Admin_Console.html	NDSP_Admin_Console.html	1287	fc9c20b3222082bc132b6e4ab02b1305e23918b455e37b36829ec1c28b3a6c49	"thMarket:""السوق"",thAssetsN:""عدد الأصول"",thStateC:""الحالة"",thAudit:""تصنيف التدقيق"",thService:""الخدمة"",thLatency:""زمن الاستجابة"",thChecked:""آخر فحص"","	Candidate evidence only; manual verification required.
EVD-a16328a92927	SERVICE_DISCOVERY	INFERRED_FROM_SOURCE	apps/admin-console/NDSP_Admin_Console.html	NDSP_Admin_Console.html	1322	fc9c20b3222082bc132b6e4ab02b1305e23918b455e37b36829ec1c28b3a6c49	"thMarket:""Market"",thAssetsN:""Assets"",thStateC:""State"",thAudit:""Audit class"",thService:""Service"",thLatency:""Latency"",thChecked:""Last check"","	Candidate evidence only; manual verification required.
EVD-54de0ecec056	SERVICE_DISCOVERY	INFERRED_FROM_SOURCE	apps/admin-console/NDSP_Admin_Console.html	NDSP_Admin_Console.html	1391	fc9c20b3222082bc132b6e4ab02b1305e23918b455e37b36829ec1c28b3a6c49	"{s:[""خدمة التنبيهات"",""Alerts service""],st:""b-warn"",sl:[""تأخّر بسيط"",""Minor lag""],lat:""310ms"",t:[""قبل ٢٠ث"",""20s""]},"	Candidate evidence only; manual verification required.
EVD-231c75790871	SERVICE_DISCOVERY	INFERRED_FROM_SOURCE	apps/admin-console/NDSP_Terms_Privacy.html	NDSP_Terms_Privacy.html	165	ee7b49a006c010a872becb3799eb7aee58229ed6c2f0a7a7717c8028f7f60ad1	"{n:""١"",h:[""طبيعة الخدمة"",""Nature of the service""],body:["	Candidate evidence only; manual verification required.
EVD-adf8167428b2	SERVICE_DISCOVERY	INFERRED_FROM_SOURCE	apps/admin-console/NDSP_Terms_Privacy.html	NDSP_Terms_Privacy.html	186	ee7b49a006c010a872becb3799eb7aee58229ed6c2f0a7a7717c8028f7f60ad1	"[""إلى الحد الذي يسمح به النظام، لا تتحمّل DSP أي مسؤولية عن خسائر أو أضرار ناتجة عن قرارات اتخذتها بالاعتماد على المخرجات. الخدمة تُقدَّم «كما هي» دون ضمانات ضمنية."",""To the extent permitted by law, DSP bears no liability for losses or damages arising from decisions you made relying on the outputs. The service is provided 'as is' without implied warranties.""]]},"	Candidate evidence only; manual verification required.
EVD-365b91a6cc63	SERVICE_DISCOVERY	INFERRED_FROM_SOURCE	apps/admin-console/NDSP_Terms_Privacy.html	NDSP_Terms_Privacy.html	205	ee7b49a006c010a872becb3799eb7aee58229ed6c2f0a7a7717c8028f7f60ad1	"[""نحتفظ بالبيانات للمدة اللازمة للخدمة والالتزامات النظامية، ثم تُحذف أو تُجهَّل. نطبّق تحديد المعدّل، تسجيل التدقيق، ونسخًا احتياطية قبل أي تعديل."",""We retain data for as long as needed for the service and legal obligations, then delete or anonymize it. We apply rate limiting, audit logging, and backups before any change.""]]},"	Candidate evidence only; manual verification required.
EVD-0ba0715dabd3	SERVICE_DISCOVERY	INFERRED_FROM_SOURCE	apps/admin-console/data/owner-layer-source-map.json	owner-layer-source-map.json	764	23577d6618e75c762e47078400fbeb8a48f0d2cea50611272cff2a18b4ad55ff	"""َّل في الخادم. لا ساعة عامة ولا تمديد تلقائي.\"", thSignals:\""إشارات آمنة\"",thAction:\""إجراء\"",thFeature:\""الميزة\"",thInst:\""المؤسسية\"",thMethod:\""الطريقة\"",thAmount:\""المبلغ\"",thState:\""الحالة\"", thMarket:\""السوق\"",thAssetsN:\""عدد الأصول\"",thStateC:\""الحالة\"",thAudit:\""تصنيف التدقيق\"",thService:\""الخدمة\"",thLatency:\""زمن الاستجابة\"",thChecked:\""آخر فحص\"", thSignal:\""الإشارة\"",thCount:\""العدد\"",thTrend:\""ا"""	Candidate evidence only; manual verification required.
EVD-668a1926035c	SERVICE_DISCOVERY	INFERRED_FROM_SOURCE	apps/admin-console/data/owner-layer-source-map.json	owner-layer-source-map.json	772	23577d6618e75c762e47078400fbeb8a48f0d2cea50611272cff2a18b4ad55ff	"""َّل في الخادم. لا ساعة عامة ولا تمديد تلقائي.\"", thSignals:\""إشارات آمنة\"",thAction:\""إجراء\"",thFeature:\""الميزة\"",thInst:\""المؤسسية\"",thMethod:\""الطريقة\"",thAmount:\""المبلغ\"",thState:\""الحالة\"", thMarket:\""السوق\"",thAssetsN:\""عدد الأصول\"",thStateC:\""الحالة\"",thAudit:\""تصنيف التدقيق\"",thService:\""الخدمة\"",thLatency:\""زمن الاستجابة\"",thChecked:\""آخر فحص\"", thSignal:\""الإشارة\"",thCount:\""العدد\"",thTrend:\""ا"""	Candidate evidence only; manual verification required.
EVD-1009d8b4f3ed	SERVICE_DISCOVERY	INFERRED_FROM_SOURCE	apps/admin-console/index.html	index.html	1073	29f3e8fa5505b4255196a2fc12649c895bd1d629049ee00295f4d3a4e8b88e57	"<table><thead><tr><th data-i=""thService"">الخدمة</th><th data-i=""thStateC"">الحالة</th><th data-i=""thLatency"">زمن الاستجابة</th><th data-i=""thChecked"">آخر فحص</th></tr></thead><tbody id=""healthBody""></t</</</</"	Candidate evidence only; manual verification required.
EVD-4ab06734fa96	SERVICE_DISCOVERY	INFERRED_FROM_SOURCE	apps/admin-console/index.html	index.html	1281	29f3e8fa5505b4255196a2fc12649c895bd1d629049ee00295f4d3a4e8b88e57	"thMarket:""السوق"",thAssetsN:""عدد الأصول"",thStateC:""الحالة"",thAudit:""تصنيف التدقيق"",thService:""الخدمة"",thLatency:""زمن الاستجابة"",thChecked:""آخر فحص"","	Candidate evidence only; manual verification required.
EVD-5e740a810228	SERVICE_DISCOVERY	INFERRED_FROM_SOURCE	apps/admin-console/index.html	index.html	1316	29f3e8fa5505b4255196a2fc12649c895bd1d629049ee00295f4d3a4e8b88e57	"thMarket:""Market"",thAssetsN:""Assets"",thStateC:""State"",thAudit:""Audit class"",thService:""Service"",thLatency:""Latency"",thChecked:""Last check"","	Candidate evidence only; manual verification required.
EVD-17b654f8c7ef	SERVICE_DISCOVERY	INFERRED_FROM_SOURCE	apps/admin-console/index.html	index.html	1385	29f3e8fa5505b4255196a2fc12649c895bd1d629049ee00295f4d3a4e8b88e57	"{s:[""خدمة التنبيهات"",""Alerts service""],st:""b-warn"",sl:[""تأخّر بسيط"",""Minor lag""],lat:""310ms"",t:[""قبل ٢٠ث"",""20s""]},"	Candidate evidence only; manual verification required.
EVD-2d2678625037	SERVICE_DISCOVERY	INFERRED_FROM_SOURCE	apps/ndsp-layers-api/app.py	app.py	409	d7f05bb3b4e23505240c66794b71ed8a93a7198d5e30baf0ee6d49011a537e69	"""service"": ""ndsp-layers-api"","	Candidate evidence only; manual verification required.
EVD-13b80ccd20a4	SERVICE_DISCOVERY	INFERRED_FROM_SOURCE	apps/ndsp-raw-cot-gateway/app.py	app.py	214	767a6b8c81e4edc2b44b7bd113dcf27e4aa60ecc5b227d465b300e9818f56618	"""service"": ""ndsp-raw-cot-gateway"","	Candidate evidence only; manual verification required.
EVD-6dae6dcd70ef	SERVICE_DISCOVERY	INFERRED_FROM_SOURCE	backend/admin_users_official_api/server.js	server.js	275	e7cecf317a401c4b4b4c5f16a63c05fec922b15d68741f1d05704e099b997006	service: 'ndsp-admin-users-official',	Candidate evidence only; manual verification required.
EVD-1da358179dbe	SERVICE_DISCOVERY	INFERRED_FROM_SOURCE	backend/app/api/compat/nowpayments_create_alias.py	nowpayments_create_alias.py	74	e192423d5dbc844fcf401f13c2be4399f670d6057489b8c6a9be2489553ae87c	"""service"": ""ndsp-nowpayments-create-alias"","	Candidate evidence only; manual verification required.
EVD-9cce07e6d4ae	SERVICE_DISCOVERY	INFERRED_FROM_SOURCE	backend/app/api/compat/user_operational_compat.py	user_operational_compat.py	120	b7189c7278c0e45ce71f66fb1c1b2b5debeaeb9b77331aa5c745f142af1b7448	"""service"": ""ndsp-user-operational-compat"","	Candidate evidence only; manual verification required.
EVD-354d74ef83da	SERVICE_DISCOVERY	INFERRED_FROM_SOURCE	backend/app/api/v1/frontend_contract.py	frontend_contract.py	472	d4d2bde00b9b1fbae357bfe6d7a05b2e10c79ef52f73e4180646a0581cbf71c9	"""service"": ""ndsp-api-v1-safe-bridge"","	Candidate evidence only; manual verification required.
EVD-54bcd6db5023	SERVICE_DISCOVERY	INFERRED_FROM_SOURCE	backend/app/support_layers/macro/macro_logic.py	macro_logic.py	12	81992f04f63b8ee9bc30ecce5d3b7717866b8309663d35e12156596a54cf3048	- For inflation/rates/jobs strength:	Candidate evidence only; manual verification required.
EVD-2d071b6246a3	SERVICE_DISCOVERY	INFERRED_FROM_SOURCE	backend/app/support_layers/macro/test_macro_logic.py	test_macro_logic.py	127	bef5559fec3185f7218176b2efd24035549fae40e390a9365a4e94e896fb01d7	"unit=""jobs"","	Candidate evidence only; manual verification required.
EVD-43c0aa859158	SERVICE_DISCOVERY	INFERRED_FROM_SOURCE	backend/app/support_layers/macro/test_macro_logic.py	test_macro_logic.py	133	bef5559fec3185f7218176b2efd24035549fae40e390a9365a4e94e896fb01d7	"unit=""jobs"","	Candidate evidence only; manual verification required.
EVD-308883943994	SERVICE_DISCOVERY	DOCUMENTATION_ONLY	backend/architecture/CHANGELOG.md	CHANGELOG.md	11	e99309c1252f8ead3da27e25bb2176a4f174d649c5ddb1cc263da087d61cd672	- SERVICE_REGISTRY.md	Candidate evidence only; manual verification required.
EVD-812e9e299043	SERVICE_DISCOVERY	DOCUMENTATION_ONLY	backend/architecture/CHANGELOG.md	CHANGELOG.md	39	e99309c1252f8ead3da27e25bb2176a4f174d649c5ddb1cc263da087d61cd672	Created separate NDSP Bot Execution Service.	Candidate evidence only; manual verification required.
EVD-3b9cf1365ae8	SERVICE_DISCOVERY	DOCUMENTATION_ONLY	backend/architecture/CHANGELOG.md	CHANGELOG.md	45	e99309c1252f8ead3da27e25bb2176a4f174d649c5ddb1cc263da087d61cd672	Service:	Candidate evidence only; manual verification required.
EVD-82032c68a329	SERVICE_DISCOVERY	DOCUMENTATION_ONLY	backend/architecture/CHANGELOG.md	CHANGELOG.md	46	e99309c1252f8ead3da27e25bb2176a4f174d649c5ddb1cc263da087d61cd672	- ndsp-bot-execution.service	Candidate evidence only; manual verification required.
EVD-b00a0ad33c93	SERVICE_DISCOVERY	DOCUMENTATION_ONLY	backend/architecture/CHANGELOG.md	CHANGELOG.md	56	e99309c1252f8ead3da27e25bb2176a4f174d649c5ddb1cc263da087d61cd672	- registry/SERVICE_REGISTRY_V2.md	Candidate evidence only; manual verification required.
EVD-631cda228327	SERVICE_DISCOVERY	DOCUMENTATION_ONLY	backend/architecture/CHANGELOG.md	CHANGELOG.md	69	e99309c1252f8ead3da27e25bb2176a4f174d649c5ddb1cc263da087d61cd672	TSK-2.1A completed initial build for ENG-001 NDSP Service Framework MVF.	Candidate evidence only; manual verification required.
EVD-0e2f8256e91e	SERVICE_DISCOVERY	DOCUMENTATION_ONLY	backend/architecture/CHANGELOG.md	CHANGELOG.md	73	e99309c1252f8ead3da27e25bb2176a4f174d649c5ddb1cc263da087d61cd672	- createNDSPService()	Candidate evidence only; manual verification required.
EVD-33df52e1224b	SERVICE_DISCOVERY	DOCUMENTATION_ONLY	backend/architecture/CHANGELOG.md	CHANGELOG.md	78	e99309c1252f8ead3da27e25bb2176a4f174d649c5ddb1cc263da087d61cd672	- ENG-001 service registry entry	Candidate evidence only; manual verification required.
EVD-3b9804ad84fd	SERVICE_DISCOVERY	DOCUMENTATION_ONLY	backend/architecture/DATA_FLOW.md	DATA_FLOW.md	7	9ba01014694cdf0f9adba911275ba081ca0ade5942abbfe8f8c6b9864dfc1258	Completed Decision Service	Candidate evidence only; manual verification required.
EVD-ccf101d2d86e	SERVICE_DISCOVERY	DOCUMENTATION_ONLY	backend/architecture/DATA_FLOW.md	DATA_FLOW.md	9	9ba01014694cdf0f9adba911275ba081ca0ade5942abbfe8f8c6b9864dfc1258	Platform Services	Candidate evidence only; manual verification required.
EVD-eee98811166b	SERVICE_DISCOVERY	DOCUMENTATION_ONLY	backend/architecture/DEPLOYMENT_ARCHITECTURE.md	DEPLOYMENT_ARCHITECTURE.md	12	20fcd03cfee2573a118587c8f74614e85d99a011290491d30cf08aa90193bdc6	Known internal service pattern:	Candidate evidence only; manual verification required.
EVD-97a096f79b78	SERVICE_DISCOVERY	DOCUMENTATION_ONLY	backend/architecture/DEPLOYMENT_ARCHITECTURE.md	DEPLOYMENT_ARCHITECTURE.md	15	20fcd03cfee2573a118587c8f74614e85d99a011290491d30cf08aa90193bdc6	- 127.0.0.1:9019 Trial Service	Candidate evidence only; manual verification required.
EVD-0f7df538e2c7	SERVICE_DISCOVERY	DOCUMENTATION_ONLY	backend/architecture/DEPLOYMENT_ARCHITECTURE.md	DEPLOYMENT_ARCHITECTURE.md	16	20fcd03cfee2573a118587c8f74614e85d99a011290491d30cf08aa90193bdc6	- 127.0.0.1:9020 Auth Service	Candidate evidence only; manual verification required.
EVD-7ba31dda4256	SERVICE_DISCOVERY	DOCUMENTATION_ONLY	backend/architecture/DEPLOYMENT_ARCHITECTURE.md	DEPLOYMENT_ARCHITECTURE.md	20	20fcd03cfee2573a118587c8f74614e85d99a011290491d30cf08aa90193bdc6	- 127.0.0.1:9061 Decision Package Service	Candidate evidence only; manual verification required.
EVD-48cced104f61	SERVICE_DISCOVERY	DOCUMENTATION_ONLY	backend/architecture/DEPLOYMENT_ARCHITECTURE.md	DEPLOYMENT_ARCHITECTURE.md	24	20fcd03cfee2573a118587c8f74614e85d99a011290491d30cf08aa90193bdc6	Ports must be documented before adding any new service.	Candidate evidence only; manual verification required.
EVD-4bd752c5a5e2	SERVICE_DISCOVERY	DOCUMENTATION_ONLY	backend/architecture/DEV-007-SERVICE-MIGRATION-PLAN.md	DEV-007-SERVICE-MIGRATION-PLAN.md	1	6a78bb77249e2c621b4be5b420f3aea8e29931224cf1bccc3c39156460e9a9e1	# DEV-007 — NDSP Service Migration Plan	Candidate evidence only; manual verification required.
EVD-0bdff4f29f15	SERVICE_DISCOVERY	DOCUMENTATION_ONLY	backend/architecture/DEV-007-SERVICE-MIGRATION-PLAN.md	DEV-007-SERVICE-MIGRATION-PLAN.md	10	6a78bb77249e2c621b4be5b420f3aea8e29931224cf1bccc3c39156460e9a9e1	BOT-001 | port=9080 | framework=LEGACY | path=backend/services/bot_execution | name=NDSP Bot Execution Service	Candidate evidence only; manual verification required.
EVD-6212f5cf37c0	SERVICE_DISCOVERY	DOCUMENTATION_ONLY	backend/architecture/DEV-007-SERVICE-MIGRATION-PLAN.md	DEV-007-SERVICE-MIGRATION-PLAN.md	11	6a78bb77249e2c621b4be5b420f3aea8e29931224cf1bccc3c39156460e9a9e1	CDS-001 | port=9078 | framework=LEGACY | path=backend/services/completed_decision | name=Completed Decision Service	Candidate evidence only; manual verification required.
EVD-91a0b059a350	SERVICE_DISCOVERY	DOCUMENTATION_ONLY	backend/architecture/DEV-007-SERVICE-MIGRATION-PLAN.md	DEV-007-SERVICE-MIGRATION-PLAN.md	12	6a78bb77249e2c621b4be5b420f3aea8e29931224cf1bccc3c39156460e9a9e1	CTL-001 | port=9081 | framework=ENG-001 | path=backend/services/ctl-001-workspace-identity | name=Workspace Identity Service	Candidate evidence only; manual verification required.
EVD-505928b156a6	SERVICE_DISCOVERY	DOCUMENTATION_ONLY	backend/architecture/DEV-007-SERVICE-MIGRATION-PLAN.md	DEV-007-SERVICE-MIGRATION-PLAN.md	13	6a78bb77249e2c621b4be5b420f3aea8e29931224cf1bccc3c39156460e9a9e1	DGC-001 | port=9079 | framework=LEGACY | path=backend/services/decision_governance_core | name=Decision Governance Core	Candidate evidence only; manual verification required.
EVD-d8f559304569	SERVICE_DISCOVERY	DOCUMENTATION_ONLY	backend/architecture/DEV-007-SERVICE-MIGRATION-PLAN.md	DEV-007-SERVICE-MIGRATION-PLAN.md	19	6a78bb77249e2c621b4be5b420f3aea8e29931224cf1bccc3c39156460e9a9e1	1. CDS-001 Completed Decision Service	Candidate evidence only; manual verification required.
EVD-1a93fa0e668d	SERVICE_DISCOVERY	DOCUMENTATION_ONLY	backend/architecture/DEV-007-SERVICE-MIGRATION-PLAN.md	DEV-007-SERVICE-MIGRATION-PLAN.md	25	6a78bb77249e2c621b4be5b420f3aea8e29931224cf1bccc3c39156460e9a9e1	3. BOT-001 NDSP Bot Execution Service	Candidate evidence only; manual verification required.
EVD-151f59574f80	SERVICE_DISCOVERY	DOCUMENTATION_ONLY	backend/architecture/DEV-007-SERVICE-MIGRATION-PLAN.md	DEV-007-SERVICE-MIGRATION-PLAN.md	36	6a78bb77249e2c621b4be5b420f3aea8e29931224cf1bccc3c39156460e9a9e1	PRESERVE_SERVICE_ID=YES	Candidate evidence only; manual verification required.
EVD-b88aa2a8ef4d	SERVICE_DISCOVERY	DOCUMENTATION_ONLY	backend/architecture/DEV-007-SERVICE-MIGRATION-PLAN.md	DEV-007-SERVICE-MIGRATION-PLAN.md	39	6a78bb77249e2c621b4be5b420f3aea8e29931224cf1bccc3c39156460e9a9e1	ONE_SERVICE_PER_COMMIT=YES	Candidate evidence only; manual verification required.
EVD-67883db3355d	SERVICE_DISCOVERY	DOCUMENTATION_ONLY	backend/architecture/DEV-007-SERVICE-MIGRATION-PLAN.md	DEV-007-SERVICE-MIGRATION-PLAN.md	40	6a78bb77249e2c621b4be5b420f3aea8e29931224cf1bccc3c39156460e9a9e1	VALIDATOR_MUST_PASS_AFTER_EACH_SERVICE=REDACTED	Candidate evidence only; manual verification required.
EVD-02936b4ebe1b	SERVICE_DISCOVERY	DOCUMENTATION_ONLY	backend/architecture/DEV-007-SERVICE-MIGRATION-PLAN.md	DEV-007-SERVICE-MIGRATION-PLAN.md	46	6a78bb77249e2c621b4be5b420f3aea8e29931224cf1bccc3c39156460e9a9e1	## Required Migration Pattern Per Legacy Service	Candidate evidence only; manual verification required.
EVD-b84cb1d6ad1f	SERVICE_DISCOVERY	DOCUMENTATION_ONLY	backend/architecture/DEV-007-SERVICE-MIGRATION-PLAN.md	DEV-007-SERVICE-MIGRATION-PLAN.md	50	6a78bb77249e2c621b4be5b420f3aea8e29931224cf1bccc3c39156460e9a9e1	2. Add framework bootstrap using backend/framework createNDSPService.	Candidate evidence only; manual verification required.
EVD-5b843bc69e5f	SERVICE_DISCOVERY	DOCUMENTATION_ONLY	backend/architecture/DEV-007-SERVICE-MIGRATION-PLAN.md	DEV-007-SERVICE-MIGRATION-PLAN.md	51	6a78bb77249e2c621b4be5b420f3aea8e29931224cf1bccc3c39156460e9a9e1	3. Preserve old service behavior behind same service ID.	Candidate evidence only; manual verification required.
EVD-cfd5220b6edb	SERVICE_DISCOVERY	DOCUMENTATION_ONLY	backend/architecture/DEV-007-SERVICE-MIGRATION-PLAN.md	DEV-007-SERVICE-MIGRATION-PLAN.md	54	6a78bb77249e2c621b4be5b420f3aea8e29931224cf1bccc3c39156460e9a9e1	6. Update service.yaml framework from LEGACY to ENG-001 only after validation.	Candidate evidence only; manual verification required.
EVD-1b08ec39ad1d	SERVICE_DISCOVERY	DOCUMENTATION_ONLY	backend/architecture/DEV-007-SERVICE-MIGRATION-PLAN.md	DEV-007-SERVICE-MIGRATION-PLAN.md	56	6a78bb77249e2c621b4be5b420f3aea8e29931224cf1bccc3c39156460e9a9e1	8. Commit only the migrated service and its report.	Candidate evidence only; manual verification required.
EVD-73731f448ffa	SERVICE_DISCOVERY	DOCUMENTATION_ONLY	backend/architecture/DEV-007-SERVICE-MIGRATION-PLAN.md	DEV-007-SERVICE-MIGRATION-PLAN.md	62	6a78bb77249e2c621b4be5b420f3aea8e29931224cf1bccc3c39156460e9a9e1	DEV-008 — Migrate CDS-001 Completed Decision Service to ENG-001 framework	Candidate evidence only; manual verification required.
EVD-0b137f716b71	SERVICE_DISCOVERY	DOCUMENTATION_ONLY	backend/architecture/DEV-007-SERVICE-MIGRATION-PLAN.md	DEV-007-SERVICE-MIGRATION-PLAN.md	69	6a78bb77249e2c621b4be5b420f3aea8e29931224cf1bccc3c39156460e9a9e1	NO_SERVICE_CODE_CHANGED=YES	Candidate evidence only; manual verification required.
EVD-5d9a006fd079	SERVICE_DISCOVERY	DOCUMENTATION_ONLY	backend/architecture/NDSP_CORE_SERVICES_RELEASE_STATUS.md	NDSP_CORE_SERVICES_RELEASE_STATUS.md	1	a26b4055b58620363caddf3ef4e41fa0cb6f333949bb3535483ad9c45e327254	# NDSP Core Services Release Status	Candidate evidence only; manual verification required.
EVD-15a62ebb4904	SERVICE_DISCOVERY	DOCUMENTATION_ONLY	backend/architecture/NDSP_CORE_SERVICES_RELEASE_STATUS.md	NDSP_CORE_SERVICES_RELEASE_STATUS.md	5	a26b4055b58620363caddf3ef4e41fa0cb6f333949bb3535483ad9c45e327254	Release Candidate: v0.3-ndsp-core-services	Candidate evidence only; manual verification required.
EVD-e544369e0df4	SERVICE_DISCOVERY	DOCUMENTATION_ONLY	backend/architecture/NDSP_CORE_SERVICES_RELEASE_STATUS.md	NDSP_CORE_SERVICES_RELEASE_STATUS.md	13	a26b4055b58620363caddf3ef4e41fa0cb6f333949bb3535483ad9c45e327254	- Status: Reference service	Candidate evidence only; manual verification required.
EVD-6fe322c6ce45	SERVICE_DISCOVERY	DOCUMENTATION_ONLY	backend/architecture/NDSP_CORE_SERVICES_RELEASE_STATUS.md	NDSP_CORE_SERVICES_RELEASE_STATUS.md	15	a26b4055b58620363caddf3ef4e41fa0cb6f333949bb3535483ad9c45e327254	CDS-001 Completed Decision Service:	Candidate evidence only; manual verification required.
EVD-6f6113245f13	SERVICE_DISCOVERY	DOCUMENTATION_ONLY	backend/architecture/NDSP_CORE_SERVICES_RELEASE_STATUS.md	NDSP_CORE_SERVICES_RELEASE_STATUS.md	27	a26b4055b58620363caddf3ef4e41fa0cb6f333949bb3535483ad9c45e327254	BOT-001 NDSP Bot Execution Service:	Candidate evidence only; manual verification required.
EVD-d786f71bd791	SERVICE_DISCOVERY	DOCUMENTATION_ONLY	backend/architecture/NDSP_CORE_SERVICES_RELEASE_STATUS.md	NDSP_CORE_SERVICES_RELEASE_STATUS.md	55	a26b4055b58620363caddf3ef4e41fa0cb6f333949bb3535483ad9c45e327254	The core service layer is now ready for the next phase: production rollout checks, CI review, and controlled deployment.	Candidate evidence only; manual verification required.
EVD-358e26e1a350	SERVICE_DISCOVERY	DOCUMENTATION_ONLY	backend/architecture/README.md	README.md	9	6cc050e4a3331ffa16a92f734ac6435e6bf7254f0bc7b94e01345089a5665d7f	3. Does it provide a platform service?	Candidate evidence only; manual verification required.
EVD-114b68d041ef	SERVICE_DISCOVERY	DOCUMENTATION_ONLY	backend/architecture/SECURITY_MODEL.md	SECURITY_MODEL.md	8	3eeab89dc246b698524f2b81dca64ec2f7a2bd62176b5fb078e4a52bceed78a9	- No service exposes raw internal engine details.	Candidate evidence only; manual verification required.
EVD-47684b4baa64	SERVICE_DISCOVERY	DOCUMENTATION_ONLY	backend/architecture/SERVICE_REGISTRY.md	SERVICE_REGISTRY.md	1	0af6f70496a3c8ddc48f4ddb5c1129d313bf4e52033b711a2833a5b7e75e1bda	# NDSP Service Registry	Candidate evidence only; manual verification required.
EVD-051013edaf3a	SERVICE_DISCOVERY	DOCUMENTATION_ONLY	backend/architecture/SERVICE_REGISTRY.md	SERVICE_REGISTRY.md	3	0af6f70496a3c8ddc48f4ddb5c1129d313bf4e52033b711a2833a5b7e75e1bda	## Platform Services	Candidate evidence only; manual verification required.
EVD-ac252737cb41	SERVICE_DISCOVERY	DOCUMENTATION_ONLY	backend/architecture/SERVICE_REGISTRY.md	SERVICE_REGISTRY.md	5	0af6f70496a3c8ddc48f4ddb5c1129d313bf4e52033b711a2833a5b7e75e1bda	| ID | Service | Responsibility |	Candidate evidence only; manual verification required.
EVD-21f7255bada8	SERVICE_DISCOVERY	DOCUMENTATION_ONLY	backend/architecture/SERVICE_REGISTRY.md	SERVICE_REGISTRY.md	7	0af6f70496a3c8ddc48f4ddb5c1129d313bf4e52033b711a2833a5b7e75e1bda	| SRV-001 | Auth Service | Login, session, account identity |	Candidate evidence only; manual verification required.
EVD-1d860d1dd1db	SERVICE_DISCOVERY	DOCUMENTATION_ONLY	backend/architecture/SERVICE_REGISTRY.md	SERVICE_REGISTRY.md	8	0af6f70496a3c8ddc48f4ddb5c1129d313bf4e52033b711a2833a5b7e75e1bda	| SRV-002 | Admin Service | Administrative operations |	Candidate evidence only; manual verification required.
EVD-3bf03f61b989	SERVICE_DISCOVERY	DOCUMENTATION_ONLY	backend/architecture/SERVICE_REGISTRY.md	SERVICE_REGISTRY.md	9	0af6f70496a3c8ddc48f4ddb5c1129d313bf4e52033b711a2833a5b7e75e1bda	| SRV-003 | Trial Service | Trial registration and seats |	Candidate evidence only; manual verification required.
EVD-e96bdeecadf2	SERVICE_DISCOVERY	DOCUMENTATION_ONLY	backend/architecture/SERVICE_REGISTRY.md	SERVICE_REGISTRY.md	10	0af6f70496a3c8ddc48f4ddb5c1129d313bf4e52033b711a2833a5b7e75e1bda	| SRV-004 | Payment Service | Payment and package activation |	Candidate evidence only; manual verification required.
EVD-e993ec420c63	SERVICE_DISCOVERY	DOCUMENTATION_ONLY	backend/architecture/SERVICE_REGISTRY.md	SERVICE_REGISTRY.md	11	0af6f70496a3c8ddc48f4ddb5c1129d313bf4e52033b711a2833a5b7e75e1bda	| SRV-005 | Alerts Service | Alerts and notification policy |	Candidate evidence only; manual verification required.
EVD-3138908bb4f4	SERVICE_DISCOVERY	DOCUMENTATION_ONLY	backend/architecture/SERVICE_REGISTRY.md	SERVICE_REGISTRY.md	12	0af6f70496a3c8ddc48f4ddb5c1129d313bf4e52033b711a2833a5b7e75e1bda	| SRV-006 | Market Adapter Service | Live market data adapter |	Candidate evidence only; manual verification required.
EVD-8848f5cf3ca2	SERVICE_DISCOVERY	DOCUMENTATION_ONLY	backend/architecture/SERVICE_REGISTRY.md	SERVICE_REGISTRY.md	13	0af6f70496a3c8ddc48f4ddb5c1129d313bf4e52033b711a2833a5b7e75e1bda	| SRV-007 | Decision Package Service | Decision package delivery |	Candidate evidence only; manual verification required.
EVD-b4eebe500963	SERVICE_DISCOVERY	DOCUMENTATION_ONLY	backend/architecture/SERVICE_REGISTRY.md	SERVICE_REGISTRY.md	14	0af6f70496a3c8ddc48f4ddb5c1129d313bf4e52033b711a2833a5b7e75e1bda	| SRV-008 | Decision Quality Service | Live decision quality |	Candidate evidence only; manual verification required.
EVD-385524bbc58e	SERVICE_DISCOVERY	DOCUMENTATION_ONLY	backend/architecture/SERVICE_REGISTRY.md	SERVICE_REGISTRY.md	15	0af6f70496a3c8ddc48f4ddb5c1129d313bf4e52033b711a2833a5b7e75e1bda	| SRV-009 | Copilot Service | Explain completed decisions |	Candidate evidence only; manual verification required.
EVD-c87616214c7a	SERVICE_DISCOVERY	DOCUMENTATION_ONLY	backend/architecture/SERVICE_REGISTRY.md	SERVICE_REGISTRY.md	16	0af6f70496a3c8ddc48f4ddb5c1129d313bf4e52033b711a2833a5b7e75e1bda	| SRV-010 | Telegram Service | Publish sanitized decision alerts |	Candidate evidence only; manual verification required.
EVD-96f21e7c2326	SERVICE_DISCOVERY	DOCUMENTATION_ONLY	backend/architecture/SERVICE_REGISTRY.md	SERVICE_REGISTRY.md	20	0af6f70496a3c8ddc48f4ddb5c1129d313bf4e52033b711a2833a5b7e75e1bda	Services consume official decisions. They do not create official decisions.	Candidate evidence only; manual verification required.
EVD-8d30e9bbc759	SERVICE_DISCOVERY	DOCUMENTATION_ONLY	backend/architecture/SYSTEM_ARCHITECTURE.md	SYSTEM_ARCHITECTURE.md	9	ad56a736ae9b1448d40f1e3b73b34cdd6e0a8ab5332c3fff41a4f804dd62b23f	3. Completed Decision Service	Candidate evidence only; manual verification required.
EVD-3e4838d649db	SERVICE_DISCOVERY	DOCUMENTATION_ONLY	backend/architecture/SYSTEM_ARCHITECTURE.md	SYSTEM_ARCHITECTURE.md	10	ad56a736ae9b1448d40f1e3b73b34cdd6e0a8ab5332c3fff41a4f804dd62b23f	4. Platform Services	Candidate evidence only; manual verification required.
EVD-1bd4810099dd	SERVICE_DISCOVERY	DOCUMENTATION_ONLY	backend/architecture/SYSTEM_ARCHITECTURE.md	SYSTEM_ARCHITECTURE.md	17	ad56a736ae9b1448d40f1e3b73b34cdd6e0a8ab5332c3fff41a4f804dd62b23f	Completed Decision Service	Candidate evidence only; manual verification required.
EVD-af52d8b2f439	SERVICE_DISCOVERY	DOCUMENTATION_ONLY	backend/architecture/SYSTEM_ARCHITECTURE.md	SYSTEM_ARCHITECTURE.md	19	ad56a736ae9b1448d40f1e3b73b34cdd6e0a8ab5332c3fff41a4f804dd62b23f	No portal, bot, admin panel, Telegram service, mobile app, or future execution service may read directly from decision engines.	Candidate evidence only; manual verification required.
EVD-9329836f406e	SERVICE_DISCOVERY	DOCUMENTATION_ONLY	backend/architecture/adr/ADR-0002-completed-decision-ssot.md	ADR-0002-completed-decision-ssot.md	5	752f9d9eade3db1733361c9a97ad7fbd5bc114642747c0fcece4d91eb45fadb2	Completed Decision Service is the single source of truth for official NDSP decisions.	Candidate evidence only; manual verification required.
EVD-e905bc6f0d4f	SERVICE_DISCOVERY	DOCUMENTATION_ONLY	backend/architecture/adr/ADR-0002-completed-decision-ssot.md	ADR-0002-completed-decision-ssot.md	9	752f9d9eade3db1733361c9a97ad7fbd5bc114642747c0fcece4d91eb45fadb2	Any output from engines is internal until accepted by Governance Core and stored by Completed Decision Service.	Candidate evidence only; manual verification required.
EVD-0bc8dcc0e515	SERVICE_DISCOVERY	DOCUMENTATION_ONLY	backend/architecture/adr/ADR-0003-modular-monolith-with-framework.md	ADR-0003-modular-monolith-with-framework.md	1	7a89546c7a3747ca9db9c2ee48a4acd4678d1582db76f1b4d53165c8a04cd647	# ADR-0003 — Modular Monolith with Microservice Boundaries and ENG-001 Framework	Candidate evidence only; manual verification required.
EVD-2853acf64489	SERVICE_DISCOVERY	DOCUMENTATION_ONLY	backend/architecture/adr/ADR-0003-modular-monolith-with-framework.md	ADR-0003-modular-monolith-with-framework.md	9	7a89546c7a3747ca9db9c2ee48a4acd4678d1582db76f1b4d53165c8a04cd647	NDSP will use a Modular Monolith with clear service and domain boundaries during Release 1.x.	Candidate evidence only; manual verification required.
EVD-dd0a6aeae309	SERVICE_DISCOVERY	DOCUMENTATION_ONLY	backend/architecture/adr/ADR-0003-modular-monolith-with-framework.md	ADR-0003-modular-monolith-with-framework.md	11	7a89546c7a3747ca9db9c2ee48a4acd4678d1582db76f1b4d53165c8a04cd647	All new services must use ENG-001 NDSP Service Framework.	Candidate evidence only; manual verification required.
EVD-6a57967577a2	SERVICE_DISCOVERY	DOCUMENTATION_ONLY	backend/architecture/adr/ADR-0003-modular-monolith-with-framework.md	ADR-0003-modular-monolith-with-framework.md	15	7a89546c7a3747ca9db9c2ee48a4acd4678d1582db76f1b4d53165c8a04cd647	This keeps development simpler now while preserving the ability to extract domains into microservices later.	Candidate evidence only; manual verification required.
EVD-e6b7e361f4f3	SERVICE_DISCOVERY	DOCUMENTATION_ONLY	backend/architecture/adr/ADR-0003-modular-monolith-with-framework.md	ADR-0003-modular-monolith-with-framework.md	19	7a89546c7a3747ca9db9c2ee48a4acd4678d1582db76f1b4d53165c8a04cd647	- Services share a common framework.	Candidate evidence only; manual verification required.
EVD-fa9b3153db7f	SERVICE_DISCOVERY	DOCUMENTATION_ONLY	backend/architecture/adr/ADR-0003-modular-monolith-with-framework.md	ADR-0003-modular-monolith-with-framework.md	22	7a89546c7a3747ca9db9c2ee48a4acd4678d1582db76f1b4d53165c8a04cd647	- Future services follow the same lifecycle.	Candidate evidence only; manual verification required.
EVD-cb48f4ad09a1	SERVICE_DISCOVERY	DOCUMENTATION_ONLY	backend/architecture/contracts/BOT-001-CONTRACT.md	BOT-001-CONTRACT.md	1	360d0ed2fb631381a37245e80c8328b940f7fcaf36dbab3e6567c421ca18f1ae	# BOT-001 — NDSP Bot Execution Service Contract	Candidate evidence only; manual verification required.
EVD-eb0a0562b3f0	SERVICE_DISCOVERY	DOCUMENTATION_ONLY	backend/architecture/contracts/BOT-001-CONTRACT.md	BOT-001-CONTRACT.md	5	360d0ed2fb631381a37245e80c8328b940f7fcaf36dbab3e6567c421ca18f1ae	Legacy service contract.	Candidate evidence only; manual verification required.
EVD-a70482def2b4	SERVICE_DISCOVERY	DOCUMENTATION_ONLY	backend/architecture/contracts/CDS-001-CONTRACT.md	CDS-001-CONTRACT.md	1	d1659299579076ede3d5770acc937f11d29f27fae4981d3e7dbbe9727f4e94ae	# CDS-001 — Completed Decision Service Contract	Candidate evidence only; manual verification required.
EVD-138be591f189	SERVICE_DISCOVERY	DOCUMENTATION_ONLY	backend/architecture/contracts/CDS-001-CONTRACT.md	CDS-001-CONTRACT.md	5	d1659299579076ede3d5770acc937f11d29f27fae4981d3e7dbbe9727f4e94ae	Legacy service contract.	Candidate evidence only; manual verification required.
EVD-348cc6238eb9	SERVICE_DISCOVERY	DOCUMENTATION_ONLY	backend/architecture/contracts/CTL-001-WORKSPACE-IDENTITY-CONTRACT.md	CTL-001-WORKSPACE-IDENTITY-CONTRACT.md	5	7bfdd5722ff7e50189f3df7a2ed950997e4ba3f58ab6388342fae9da93a16c1e	CTL-001 identifies the NDSP Workspace and proves that NDSP-OS services can be built on top of ENG-001.	Candidate evidence only; manual verification required.
EVD-5cc2699c9d07	SERVICE_DISCOVERY	DOCUMENTATION_ONLY	backend/architecture/contracts/CTL-001-WORKSPACE-IDENTITY-CONTRACT.md	CTL-001-WORKSPACE-IDENTITY-CONTRACT.md	19	7bfdd5722ff7e50189f3df7a2ed950997e4ba3f58ab6388342fae9da93a16c1e	"""service"": ""CTL-001"","	Candidate evidence only; manual verification required.
EVD-daaba410dc3e	SERVICE_DISCOVERY	DOCUMENTATION_ONLY	backend/architecture/contracts/CTL-001-WORKSPACE-IDENTITY-CONTRACT.md	CTL-001-WORKSPACE-IDENTITY-CONTRACT.md	20	7bfdd5722ff7e50189f3df7a2ed950997e4ba3f58ab6388342fae9da93a16c1e	"""service_name"": ""Workspace Identity"","	Candidate evidence only; manual verification required.
EVD-e76d102b2d3b	SERVICE_DISCOVERY	DOCUMENTATION_ONLY	backend/architecture/contracts/DEV-001-DEVELOPER-TOOLKIT-CONTRACT.md	DEV-001-DEVELOPER-TOOLKIT-CONTRACT.md	5	0d994a2d331d977ec419c04cbf6c61ad21b6ed65d58d519a17035a90adcc28b2	- ndsp create service	Candidate evidence only; manual verification required.
EVD-588630e11608	SERVICE_DISCOVERY	DOCUMENTATION_ONLY	backend/architecture/contracts/DEV-001-DEVELOPER-TOOLKIT-CONTRACT.md	DEV-001-DEVELOPER-TOOLKIT-CONTRACT.md	12	0d994a2d331d977ec419c04cbf6c61ad21b6ed65d58d519a17035a90adcc28b2	- Generate service skeletons using ENG-001.	Candidate evidence only; manual verification required.
EVD-1046647d5b66	SERVICE_DISCOVERY	DOCUMENTATION_ONLY	backend/architecture/contracts/DEV-001-DEVELOPER-TOOLKIT-CONTRACT.md	DEV-001-DEVELOPER-TOOLKIT-CONTRACT.md	13	0d994a2d331d977ec419c04cbf6c61ad21b6ed65d58d519a17035a90adcc28b2	- Validate service structure.	Candidate evidence only; manual verification required.
EVD-681aacbb4764	SERVICE_DISCOVERY	DOCUMENTATION_ONLY	backend/architecture/contracts/DEV-001-DEVELOPER-TOOLKIT-CONTRACT.md	DEV-001-DEVELOPER-TOOLKIT-CONTRACT.md	15	0d994a2d331d977ec419c04cbf6c61ad21b6ed65d58d519a17035a90adcc28b2	- Display service registry.	Candidate evidence only; manual verification required.
EVD-7e44c0659b15	SERVICE_DISCOVERY	DOCUMENTATION_ONLY	backend/architecture/contracts/DEV-001-DEVELOPER-TOOLKIT-CONTRACT.md	DEV-001-DEVELOPER-TOOLKIT-CONTRACT.md	20	0d994a2d331d977ec419c04cbf6c61ad21b6ed65d58d519a17035a90adcc28b2	- No production service runtime.	Candidate evidence only; manual verification required.
EVD-171302d8b3d4	SERVICE_DISCOVERY	DOCUMENTATION_ONLY	backend/architecture/contracts/DGC-001-CONTRACT.md	DGC-001-CONTRACT.md	5	1ad9e15b36a1a85365adf149cb0ba73dad3fad0c4ece5f9c9d9ee505bdcafe37	Legacy service contract.	Candidate evidence only; manual verification required.
EVD-b678c038d3a1	SERVICE_DISCOVERY	DOCUMENTATION_ONLY	backend/architecture/contracts/ENG-001-FRAMEWORK-CONTRACT.md	ENG-001-FRAMEWORK-CONTRACT.md	1	974f33e2830b19882215ed549c9106d4216e8eae3a34deb3822c1891b2e76e1b	# ENG-001 — NDSP Service Framework Contract	Candidate evidence only; manual verification required.
EVD-9986d963fd14	SERVICE_DISCOVERY	DOCUMENTATION_ONLY	backend/architecture/contracts/ENG-001-FRAMEWORK-CONTRACT.md	ENG-001-FRAMEWORK-CONTRACT.md	5	974f33e2830b19882215ed549c9106d4216e8eae3a34deb3822c1891b2e76e1b	Provide a shared service bootstrap layer for all NDSP services.	Candidate evidence only; manual verification required.
EVD-e30a135d5b79	SERVICE_DISCOVERY	DOCUMENTATION_ONLY	backend/architecture/contracts/ENG-001-FRAMEWORK-CONTRACT.md	ENG-001-FRAMEWORK-CONTRACT.md	7	974f33e2830b19882215ed549c9106d4216e8eae3a34deb3822c1891b2e76e1b	## Public API provided to services	Candidate evidence only; manual verification required.
EVD-811abffaf99c	SERVICE_DISCOVERY	DOCUMENTATION_ONLY	backend/architecture/contracts/ENG-001-FRAMEWORK-CONTRACT.md	ENG-001-FRAMEWORK-CONTRACT.md	10	974f33e2830b19882215ed549c9106d4216e8eae3a34deb3822c1891b2e76e1b	"const { createNDSPService } = require(""../../framework"");"	Candidate evidence only; manual verification required.
EVD-ac2ec92ce577	SERVICE_DISCOVERY	DOCUMENTATION_ONLY	backend/architecture/contracts/ENG-001-FRAMEWORK-CONTRACT.md	ENG-001-FRAMEWORK-CONTRACT.md	12	974f33e2830b19882215ed549c9106d4216e8eae3a34deb3822c1891b2e76e1b	const service = createNDSPService({	Candidate evidence only; manual verification required.
EVD-e5ad5e364ed0	SERVICE_DISCOVERY	DOCUMENTATION_ONLY	backend/architecture/contracts/ENG-001-FRAMEWORK-CONTRACT.md	ENG-001-FRAMEWORK-CONTRACT.md	13	974f33e2830b19882215ed549c9106d4216e8eae3a34deb3822c1891b2e76e1b	"serviceId: ""CTL-001"","	Candidate evidence only; manual verification required.
EVD-22c761c897d1	SERVICE_DISCOVERY	DOCUMENTATION_ONLY	backend/architecture/contracts/ENG-001-FRAMEWORK-CONTRACT.md	ENG-001-FRAMEWORK-CONTRACT.md	14	974f33e2830b19882215ed549c9106d4216e8eae3a34deb3822c1891b2e76e1b	"serviceName: ""Workspace Identity"","	Candidate evidence only; manual verification required.
EVD-83835360d3b8	SERVICE_DISCOVERY	DOCUMENTATION_ONLY	backend/architecture/contracts/ENG-001-FRAMEWORK-CONTRACT.md	ENG-001-FRAMEWORK-CONTRACT.md	20	974f33e2830b19882215ed549c9106d4216e8eae3a34deb3822c1891b2e76e1b	service.start();	Candidate evidence only; manual verification required.
EVD-4370806b6b0d	SERVICE_DISCOVERY	DOCUMENTATION_ONLY	backend/architecture/contracts/NDSP_PUBLIC_PLATFORM_BOT_PRIVACY_BOUNDARY.md	NDSP_PUBLIC_PLATFORM_BOT_PRIVACY_BOUNDARY.md	29	a97f05aece97de38d313821736690edc999d95ac90ccf4e293372e4f91f7c74d	- Telegram private execution service references	Candidate evidence only; manual verification required.
EVD-ac1fb1743092	SERVICE_DISCOVERY	DOCUMENTATION_ONLY	backend/architecture/contracts/NDSP_PUBLIC_PLATFORM_NO_EXECUTION_LANGUAGE.md	NDSP_PUBLIC_PLATFORM_NO_EXECUTION_LANGUAGE.md	15	0ae92e0d8723442008ec25fd3bdada01a6964b377d21f7b6a4c20a76fa78e1d6	- Bot service	Candidate evidence only; manual verification required.
EVD-28728eca2fd8	SERVICE_DISCOVERY	DOCUMENTATION_ONLY	backend/architecture/contracts/PUBLIC_GATEWAY_CONTRACT.md	PUBLIC_GATEWAY_CONTRACT.md	5	d50fdb49e63de84ffec1e7fd38a27bcb29f49bed35be281c3cd86cf1c1a56ece	This contract defines which internal NDSP services may be promoted through the public API gateway.	Candidate evidence only; manual verification required.
EVD-5a80522f3222	SERVICE_DISCOVERY	DOCUMENTATION_ONLY	backend/architecture/contracts/PUBLIC_GATEWAY_CONTRACT.md	PUBLIC_GATEWAY_CONTRACT.md	13	d50fdb49e63de84ffec1e7fd38a27bcb29f49bed35be281c3cd86cf1c1a56ece	| Public Route | Internal Service | Internal Target | Method | Exposure |	Candidate evidence only; manual verification required.
EVD-485024175f57	SERVICE_DISCOVERY	DOCUMENTATION_ONLY	backend/architecture/contracts/PUBLIC_GATEWAY_CONTRACT.md	PUBLIC_GATEWAY_CONTRACT.md	20	d50fdb49e63de84ffec1e7fd38a27bcb29f49bed35be281c3cd86cf1c1a56ece	| Service | Reason |	Candidate evidence only; manual verification required.
EVD-a645af8f9b25	SERVICE_DISCOVERY	DOCUMENTATION_ONLY	backend/architecture/contracts/PUBLIC_GATEWAY_CONTRACT.md	PUBLIC_GATEWAY_CONTRACT.md	23	d50fdb49e63de84ffec1e7fd38a27bcb29f49bed35be281c3cd86cf1c1a56ece	| BOT-001 Execution Service | Execution layer must never be public |	Candidate evidence only; manual verification required.
EVD-7fab9716cc67	SERVICE_DISCOVERY	DOCUMENTATION_ONLY	backend/architecture/contracts/PUBLIC_GATEWAY_CONTRACT.md	PUBLIC_GATEWAY_CONTRACT.md	40	d50fdb49e63de84ffec1e7fd38a27bcb29f49bed35be281c3cd86cf1c1a56ece	3. Test local service health.	Candidate evidence only; manual verification required.
EVD-10559f2ad939	SERVICE_DISCOVERY	DOCUMENTATION_ONLY	backend/architecture/contracts/RC1_PUBLIC_SURFACE.md	RC1_PUBLIC_SURFACE.md	18	cc92335a679746976809da10c8be3f27a77a161378c195aa4aaeb93403c2cdfa	## Internal-Only Services	Candidate evidence only; manual verification required.
EVD-5b5e079fe581	SERVICE_DISCOVERY	DOCUMENTATION_ONLY	backend/architecture/laws/ENTERPRISE_LAWS.md	ENTERPRISE_LAWS.md	3	b3ca420a45ed26891084f4db21cc098f34ac92967fbfe9c3cdf650ef90d6ae30	## Law 1 — Service Identity	Candidate evidence only; manual verification required.
EVD-962c4bfb9041	SERVICE_DISCOVERY	DOCUMENTATION_ONLY	backend/architecture/laws/ENTERPRISE_LAWS.md	ENTERPRISE_LAWS.md	5	b3ca420a45ed26891084f4db21cc098f34ac92967fbfe9c3cdf650ef90d6ae30	Every service must have:	Candidate evidence only; manual verification required.
EVD-fa8ea856fab7	SERVICE_DISCOVERY	DOCUMENTATION_ONLY	backend/architecture/laws/ENTERPRISE_LAWS.md	ENTERPRISE_LAWS.md	11	b3ca420a45ed26891084f4db21cc098f34ac92967fbfe9c3cdf650ef90d6ae30	- Systemd service	Candidate evidence only; manual verification required.
EVD-5668fc96119f	SERVICE_DISCOVERY	DOCUMENTATION_ONLY	backend/architecture/laws/ENTERPRISE_LAWS.md	ENTERPRISE_LAWS.md	17	b3ca420a45ed26891084f4db21cc098f34ac92967fbfe9c3cdf650ef90d6ae30	No service should be consumed directly by public clients.	Candidate evidence only; manual verification required.
EVD-38dc8f4fe1fb	SERVICE_DISCOVERY	DOCUMENTATION_ONLY	backend/architecture/laws/ENTERPRISE_LAWS.md	ENTERPRISE_LAWS.md	35	b3ca420a45ed26891084f4db21cc098f34ac92967fbfe9c3cdf650ef90d6ae30	Completed Decision Service	Candidate evidence only; manual verification required.
EVD-1df1a6c27bc8	SERVICE_DISCOVERY	DOCUMENTATION_ONLY	backend/architecture/laws/ENTERPRISE_LAWS.md	ENTERPRISE_LAWS.md	41	b3ca420a45ed26891084f4db21cc098f34ac92967fbfe9c3cdf650ef90d6ae30	No new service may be created unless registered first in Architecture Office.	Candidate evidence only; manual verification required.
EVD-30cea5b9a42c	SERVICE_DISCOVERY	DOCUMENTATION_ONLY	backend/architecture/registry/API_REGISTRY.md	API_REGISTRY.md	6	1414ae33388159ca68378980f834e84e19ff717d925b8812fed8684bd2c80900	Service: Completed Decision Service	Candidate evidence only; manual verification required.
EVD-6004343c548a	SERVICE_DISCOVERY	DOCUMENTATION_ONLY	backend/architecture/registry/API_REGISTRY.md	API_REGISTRY.md	27	1414ae33388159ca68378980f834e84e19ff717d925b8812fed8684bd2c80900	Service: Decision Governance Core	Candidate evidence only; manual verification required.
EVD-20200afbc1c8	SERVICE_DISCOVERY	DOCUMENTATION_ONLY	backend/architecture/registry/API_REGISTRY.md	API_REGISTRY.md	44	1414ae33388159ca68378980f834e84e19ff717d925b8812fed8684bd2c80900	Service: Bot Execution Engine	Candidate evidence only; manual verification required.
EVD-e78c11f9d674	SERVICE_DISCOVERY	DOCUMENTATION_ONLY	backend/architecture/registry/OPERATIONAL_HARDENING.md	OPERATIONAL_HARDENING.md	13	9ba62248de2f3b76f5d58b1d5225bbb157cda0fa4035ec1fea2e1f654cf79190	4. Every service must have a unique service_id.	Candidate evidence only; manual verification required.
EVD-16bb9e027bdc	SERVICE_DISCOVERY	DOCUMENTATION_ONLY	backend/architecture/registry/OPERATIONAL_HARDENING.md	OPERATIONAL_HARDENING.md	14	9ba62248de2f3b76f5d58b1d5225bbb157cda0fa4035ec1fea2e1f654cf79190	5. Every service must have a unique internal port.	Candidate evidence only; manual verification required.
EVD-748a69eab873	SERVICE_DISCOVERY	DOCUMENTATION_ONLY	backend/architecture/registry/OPERATIONAL_HARDENING.md	OPERATIONAL_HARDENING.md	15	9ba62248de2f3b76f5d58b1d5225bbb157cda0fa4035ec1fea2e1f654cf79190	6. Services must expose:	Candidate evidence only; manual verification required.
EVD-ad25a22d1d8d	SERVICE_DISCOVERY	DOCUMENTATION_ONLY	backend/architecture/registry/OPERATIONAL_HARDENING.md	OPERATIONAL_HARDENING.md	19	9ba62248de2f3b76f5d58b1d5225bbb157cda0fa4035ec1fea2e1f654cf79190	7. Core services must be managed by systemd.	Candidate evidence only; manual verification required.
EVD-fbd5dbb770bc	SERVICE_DISCOVERY	DOCUMENTATION_ONLY	backend/architecture/registry/OPERATIONAL_HARDENING.md	OPERATIONAL_HARDENING.md	27	9ba62248de2f3b76f5d58b1d5225bbb157cda0fa4035ec1fea2e1f654cf79190	## Core Services	Candidate evidence only; manual verification required.
EVD-ef3261549abc	SERVICE_DISCOVERY	DOCUMENTATION_ONLY	backend/architecture/registry/OPERATIONAL_HARDENING.md	OPERATIONAL_HARDENING.md	31	9ba62248de2f3b76f5d58b1d5225bbb157cda0fa4035ec1fea2e1f654cf79190	| CTL-001 | ndsp-ctl-001-workspace-identity.service | 9081 |	Candidate evidence only; manual verification required.
EVD-06a4ac1bbfef	SERVICE_DISCOVERY	DOCUMENTATION_ONLY	backend/architecture/registry/OPERATIONAL_HARDENING.md	OPERATIONAL_HARDENING.md	32	9ba62248de2f3b76f5d58b1d5225bbb157cda0fa4035ec1fea2e1f654cf79190	| CDS-001 | ndsp-completed_decision.service | 9078 |	Candidate evidence only; manual verification required.
EVD-73eb247581c3	SERVICE_DISCOVERY	DOCUMENTATION_ONLY	backend/architecture/registry/OPERATIONAL_HARDENING.md	OPERATIONAL_HARDENING.md	33	9ba62248de2f3b76f5d58b1d5225bbb157cda0fa4035ec1fea2e1f654cf79190	| DGC-001 | ndsp-decision_governance_core.service | 9079 |	Candidate evidence only; manual verification required.
EVD-332938205d9f	SERVICE_DISCOVERY	DOCUMENTATION_ONLY	backend/architecture/registry/OPERATIONAL_HARDENING.md	OPERATIONAL_HARDENING.md	34	9ba62248de2f3b76f5d58b1d5225bbb157cda0fa4035ec1fea2e1f654cf79190	| BOT-001 | ndsp-bot_execution.service | 9080 |	Candidate evidence only; manual verification required.
EVD-40894135898f	SERVICE_DISCOVERY	DOCUMENTATION_ONLY	backend/architecture/registry/PRODUCTION_SNAPSHOT_RC1.md	PRODUCTION_SNAPSHOT_RC1.md	12	f275c729cb08a1033c08d65ff1dc320a41dcc14b361f9f54a92dff848d5bbc75	## Services	Candidate evidence only; manual verification required.
EVD-ccb305a97775	SERVICE_DISCOVERY	DOCUMENTATION_ONLY	backend/architecture/registry/PRODUCTION_SNAPSHOT_RC1.md	PRODUCTION_SNAPSHOT_RC1.md	15	f275c729cb08a1033c08d65ff1dc320a41dcc14b361f9f54a92dff848d5bbc75	- CDS-001 Completed Decision Service: active	Candidate evidence only; manual verification required.
EVD-d31667341ddf	SERVICE_DISCOVERY	DOCUMENTATION_ONLY	backend/architecture/registry/PRODUCTION_SNAPSHOT_RC1.md	PRODUCTION_SNAPSHOT_RC1.md	17	f275c729cb08a1033c08d65ff1dc320a41dcc14b361f9f54a92dff848d5bbc75	- BOT-001 Bot Execution Service: internal / dry-run only	Candidate evidence only; manual verification required.
EVD-86e8c1405c4a	SERVICE_DISCOVERY	DOCUMENTATION_ONLY	backend/architecture/registry/PRODUCTION_SNAPSHOT_RC1_FINAL.md	PRODUCTION_SNAPSHOT_RC1_FINAL.md	13	776b9a5938996b0b61cef7363f8613b61137c1498f7d3c0ee9ae5864ea2773cd	## Services	Candidate evidence only; manual verification required.
EVD-589ea5232fb1	SERVICE_DISCOVERY	DOCUMENTATION_ONLY	backend/architecture/registry/PRODUCTION_SNAPSHOT_RC1_FINAL.md	PRODUCTION_SNAPSHOT_RC1_FINAL.md	16	776b9a5938996b0b61cef7363f8613b61137c1498f7d3c0ee9ae5864ea2773cd	- CDS-001 Completed Decision Service: active	Candidate evidence only; manual verification required.
EVD-923e340390a8	SERVICE_DISCOVERY	DOCUMENTATION_ONLY	backend/architecture/registry/PRODUCTION_SNAPSHOT_RC1_FINAL.md	PRODUCTION_SNAPSHOT_RC1_FINAL.md	18	776b9a5938996b0b61cef7363f8613b61137c1498f7d3c0ee9ae5864ea2773cd	- BOT-001 Bot Execution Service: active / internal / dry-run only	Candidate evidence only; manual verification required.
EVD-f26c4c904649	SERVICE_DISCOVERY	DOCUMENTATION_ONLY	backend/architecture/registry/PRODUCT_REGISTRY.md	PRODUCT_REGISTRY.md	12	d63513eef60a23d9d80e1a4875296a09414480002bd6c149fdbed81631ee744c	- Completed Decision Service	Candidate evidence only; manual verification required.
EVD-0e7e7c20d280	SERVICE_DISCOVERY	DOCUMENTATION_ONLY	backend/architecture/registry/PUBLIC_GATEWAY_READINESS.md	PUBLIC_GATEWAY_READINESS.md	8	25475031a90a3c09a881ed6309d2d84acae2da8d2cf41c8c439d53db42ba3054	## Current Core Services	Candidate evidence only; manual verification required.
EVD-2e23c1bf83f3	SERVICE_DISCOVERY	DOCUMENTATION_ONLY	backend/architecture/registry/SERVICE_REGISTRY_V2.md	SERVICE_REGISTRY_V2.md	1	546f0e1c12602c2b90778d4f3126e8ecd6ed1e75da50d109332ad670030b3cd0	# NDSP Service Registry v2	Candidate evidence only; manual verification required.
EVD-b7e02e95d6f8	SERVICE_DISCOVERY	DOCUMENTATION_ONLY	backend/architecture/registry/SERVICE_REGISTRY_V2.md	SERVICE_REGISTRY_V2.md	3	546f0e1c12602c2b90778d4f3126e8ecd6ed1e75da50d109332ad670030b3cd0	## Platform Services	Candidate evidence only; manual verification required.
EVD-9a704ff4ef13	SERVICE_DISCOVERY	DOCUMENTATION_ONLY	backend/architecture/registry/SERVICE_REGISTRY_V2.md	SERVICE_REGISTRY_V2.md	5	546f0e1c12602c2b90778d4f3126e8ecd6ed1e75da50d109332ad670030b3cd0	| ID | Service | Port | Owner | Status |	Candidate evidence only; manual verification required.
EVD-2bc8229e2c28	SERVICE_DISCOVERY	DOCUMENTATION_ONLY	backend/architecture/registry/SERVICE_REGISTRY_V2.md	SERVICE_REGISTRY_V2.md	8	546f0e1c12602c2b90778d4f3126e8ecd6ed1e75da50d109332ad670030b3cd0	| GOV-002 | Completed Decision Service | 9078 | NDSP Platform | Active |	Candidate evidence only; manual verification required.
EVD-eda383f4fde5	SERVICE_DISCOVERY	DOCUMENTATION_ONLY	backend/architecture/registry/SERVICE_REGISTRY_V2.md	SERVICE_REGISTRY_V2.md	9	546f0e1c12602c2b90778d4f3126e8ecd6ed1e75da50d109332ad670030b3cd0	| SRV-001 | Auth Service | 9020 | NDSP Platform | Active |	Candidate evidence only; manual verification required.
EVD-79416c590432	SERVICE_DISCOVERY	DOCUMENTATION_ONLY	backend/architecture/registry/SERVICE_REGISTRY_V2.md	SERVICE_REGISTRY_V2.md	10	546f0e1c12602c2b90778d4f3126e8ecd6ed1e75da50d109332ad670030b3cd0	| SRV-002 | Trial Service | 9019 | NDSP Platform | Active |	Candidate evidence only; manual verification required.
EVD-56ed28d89b1e	SERVICE_DISCOVERY	DOCUMENTATION_ONLY	backend/architecture/registry/SERVICE_REGISTRY_V2.md	SERVICE_REGISTRY_V2.md	18	546f0e1c12602c2b90778d4f3126e8ecd6ed1e75da50d109332ad670030b3cd0	## Bot Services	Candidate evidence only; manual verification required.
EVD-4b536105d3d7	SERVICE_DISCOVERY	DOCUMENTATION_ONLY	backend/architecture/registry/SERVICE_REGISTRY_V2.md	SERVICE_REGISTRY_V2.md	20	546f0e1c12602c2b90778d4f3126e8ecd6ed1e75da50d109332ad670030b3cd0	| ID | Service | Port | Owner | Status |	Candidate evidence only; manual verification required.
EVD-8cf4c0aeac5b	SERVICE_DISCOVERY	DOCUMENTATION_ONLY	backend/architecture/registry/SERVICE_REGISTRY_V2.md	SERVICE_REGISTRY_V2.md	30	546f0e1c12602c2b90778d4f3126e8ecd6ed1e75da50d109332ad670030b3cd0	| ID | Service | Port | Owner | Status |	Candidate evidence only; manual verification required.
EVD-500113b5eeb7	SERVICE_DISCOVERY	DOCUMENTATION_ONLY	backend/architecture/registry/SERVICE_REGISTRY_V2.md	SERVICE_REGISTRY_V2.md	32	546f0e1c12602c2b90778d4f3126e8ecd6ed1e75da50d109332ad670030b3cd0	| ENG-001 | NDSP Service Framework | N/A | NDSP Engineering | Active / MVF |	Candidate evidence only; manual verification required.
EVD-fe437d90f5ba	SERVICE_DISCOVERY	DOCUMENTATION_ONLY	backend/architecture/reports/DEV-002C-FRONTEND-SOURCE-INTAKE-20260628_001739.md	DEV-002C-FRONTEND-SOURCE-INTAKE-20260628_001739.md	42	d168b9f877b8c37ca59113b098a0086ed3909245de4e0f092d31a1543cdd3653	frontend/user-portal-vite/src/core/services/marketService.js	Candidate evidence only; manual verification required.
EVD-819dc6fca201	SERVICE_DISCOVERY	DOCUMENTATION_ONLY	backend/architecture/reports/DEV-002C-FRONTEND-SOURCE-INTAKE-20260628_001739.md	DEV-002C-FRONTEND-SOURCE-INTAKE-20260628_001739.md	43	d168b9f877b8c37ca59113b098a0086ed3909245de4e0f092d31a1543cdd3653	frontend/user-portal-vite/src/core/services/scenarioService.js	Candidate evidence only; manual verification required.
EVD-f2dc65efef1c	SERVICE_DISCOVERY	DOCUMENTATION_ONLY	backend/architecture/reports/DEV-002K-FINAL-CLOSURE-20260628_004919.md	DEV-002K-FINAL-CLOSURE-20260628_004919.md	42	3f5b88530f6bcc6a839f0b2fd310fdb0387246d1c0bc190ece16a5560f1b4f65	8f3b25a chore(DEV-001): register legacy services in toolkit governance	Candidate evidence only; manual verification required.
EVD-a22c54d40bb3	SERVICE_DISCOVERY	DOCUMENTATION_ONLY	backend/architecture/reports/DEV-003-PROJECT-VALIDATOR-FIRST-RUN-20260628_005402.md	DEV-003-PROJECT-VALIDATOR-FIRST-RUN-20260628_005402.md	19	fbba576e04cba11589c6a0806cb117e3c329e8332065762215bff3dd9ad96960	REQUIRED_PATH_PASS=REDACTED	Candidate evidence only; manual verification required.
EVD-da77fe290854	SERVICE_DISCOVERY	DOCUMENTATION_ONLY	backend/architecture/reports/DEV-003-PROJECT-VALIDATOR-FIRST-RUN-20260628_005402.md	DEV-003-PROJECT-VALIDATOR-FIRST-RUN-20260628_005402.md	23	fbba576e04cba11589c6a0806cb117e3c329e8332065762215bff3dd9ad96960	SERVICE_REGISTRY_PATH_WARN=NOT_FOUND_DIRECTLY	Candidate evidence only; manual verification required.
EVD-d671e28e7a4c	SERVICE_DISCOVERY	DOCUMENTATION_ONLY	backend/architecture/reports/DEV-003-PROJECT-VALIDATOR-FIRST-RUN-20260628_005402.md	DEV-003-PROJECT-VALIDATOR-FIRST-RUN-20260628_005402.md	24	fbba576e04cba11589c6a0806cb117e3c329e8332065762215bff3dd9ad96960	SERVICE_REGISTRY_AUTHORITY=NDSP_DOCTOR	Candidate evidence only; manual verification required.
EVD-7aa8d0479c03	SERVICE_DISCOVERY	DOCUMENTATION_ONLY	backend/architecture/reports/DEV-003-PROJECT-VALIDATOR-FIRST-RUN-20260628_005402.md	DEV-003-PROJECT-VALIDATOR-FIRST-RUN-20260628_005402.md	29	fbba576e04cba11589c6a0806cb117e3c329e8332065762215bff3dd9ad96960	SERVICES_DIR=OK	Candidate evidence only; manual verification required.
EVD-c950d6aa52bf	SERVICE_DISCOVERY	DOCUMENTATION_ONLY	backend/architecture/reports/DEV-003-PROJECT-VALIDATOR-FIRST-RUN-20260628_005402.md	DEV-003-PROJECT-VALIDATOR-FIRST-RUN-20260628_005402.md	30	fbba576e04cba11589c6a0806cb117e3c329e8332065762215bff3dd9ad96960	SERVICE_REGISTRY=OK	Candidate evidence only; manual verification required.
EVD-c831f38422c8	SERVICE_DISCOVERY	DOCUMENTATION_ONLY	backend/architecture/reports/DEV-003-PROJECT-VALIDATOR-FIRST-RUN-20260628_005402.md	DEV-003-PROJECT-VALIDATOR-FIRST-RUN-20260628_005402.md	31	fbba576e04cba11589c6a0806cb117e3c329e8332065762215bff3dd9ad96960	== SERVICE COUNT ==	Candidate evidence only; manual verification required.
EVD-bc827af49159	SERVICE_DISCOVERY	DOCUMENTATION_ONLY	backend/architecture/reports/DEV-003-PROJECT-VALIDATOR-FIRST-RUN-20260628_005402.md	DEV-003-PROJECT-VALIDATOR-FIRST-RUN-20260628_005402.md	33	fbba576e04cba11589c6a0806cb117e3c329e8332065762215bff3dd9ad96960	== SERVICE IDS ==	Candidate evidence only; manual verification required.
EVD-5320778898c5	SERVICE_DISCOVERY	DOCUMENTATION_ONLY	backend/architecture/reports/DEV-003-PROJECT-VALIDATOR-FIRST-RUN-20260628_005402.md	DEV-003-PROJECT-VALIDATOR-FIRST-RUN-20260628_005402.md	34	fbba576e04cba11589c6a0806cb117e3c329e8332065762215bff3dd9ad96960	CTL-001 port=9081 file=/home/nawaf511/empire-core-new/backend/services/ctl-001-workspace-identity/service.yaml	Candidate evidence only; manual verification required.
EVD-b99a8b7fb0fe	SERVICE_DISCOVERY	DOCUMENTATION_ONLY	backend/architecture/reports/DEV-003-PROJECT-VALIDATOR-FIRST-RUN-20260628_005402.md	DEV-003-PROJECT-VALIDATOR-FIRST-RUN-20260628_005402.md	35	fbba576e04cba11589c6a0806cb117e3c329e8332065762215bff3dd9ad96960	CDS-001 port=9078 file=/home/nawaf511/empire-core-new/backend/services/completed_decision/service.yaml	Candidate evidence only; manual verification required.
EVD-7dbef3fdd934	SERVICE_DISCOVERY	DOCUMENTATION_ONLY	backend/architecture/reports/DEV-003-PROJECT-VALIDATOR-FIRST-RUN-20260628_005402.md	DEV-003-PROJECT-VALIDATOR-FIRST-RUN-20260628_005402.md	36	fbba576e04cba11589c6a0806cb117e3c329e8332065762215bff3dd9ad96960	DGC-001 port=9079 file=/home/nawaf511/empire-core-new/backend/services/decision_governance_core/service.yaml	Candidate evidence only; manual verification required.
EVD-6da4d59f2dfe	SERVICE_DISCOVERY	DOCUMENTATION_ONLY	backend/architecture/reports/DEV-003-PROJECT-VALIDATOR-FIRST-RUN-20260628_005402.md	DEV-003-PROJECT-VALIDATOR-FIRST-RUN-20260628_005402.md	37	fbba576e04cba11589c6a0806cb117e3c329e8332065762215bff3dd9ad96960	BOT-001 port=9080 file=/home/nawaf511/empire-core-new/backend/services/bot_execution/service.yaml	Candidate evidence only; manual verification required.
EVD-58611e7848f8	SERVICE_DISCOVERY	DOCUMENTATION_ONLY	backend/architecture/reports/DEV-003-PROJECT-VALIDATOR-FIRST-RUN-20260628_005402.md	DEV-003-PROJECT-VALIDATOR-FIRST-RUN-20260628_005402.md	38	fbba576e04cba11589c6a0806cb117e3c329e8332065762215bff3dd9ad96960	== DUPLICATE SERVICE IDS ==	Candidate evidence only; manual verification required.
EVD-a1c7ffd1d125	SERVICE_DISCOVERY	DOCUMENTATION_ONLY	backend/architecture/reports/DEV-003-PROJECT-VALIDATOR-FIRST-RUN-20260628_005402.md	DEV-003-PROJECT-VALIDATOR-FIRST-RUN-20260628_005402.md	42	fbba576e04cba11589c6a0806cb117e3c329e8332065762215bff3dd9ad96960	VALIDATING=/home/nawaf511/empire-core-new/backend/services/bot_execution	Candidate evidence only; manual verification required.
EVD-c006d2574b4e	SERVICE_DISCOVERY	DOCUMENTATION_ONLY	backend/architecture/reports/DEV-003-PROJECT-VALIDATOR-FIRST-RUN-20260628_005402.md	DEV-003-PROJECT-VALIDATOR-FIRST-RUN-20260628_005402.md	43	fbba576e04cba11589c6a0806cb117e3c329e8332065762215bff3dd9ad96960	LEGACY_SERVICE=YES	Candidate evidence only; manual verification required.
EVD-5fd13b60de8c	SERVICE_DISCOVERY	DOCUMENTATION_ONLY	backend/architecture/reports/DEV-003-PROJECT-VALIDATOR-FIRST-RUN-20260628_005402.md	DEV-003-PROJECT-VALIDATOR-FIRST-RUN-20260628_005402.md	45	fbba576e04cba11589c6a0806cb117e3c329e8332065762215bff3dd9ad96960	VALIDATION_PASS=REDACTED	Candidate evidence only; manual verification required.
EVD-3598feb95a75	SERVICE_DISCOVERY	DOCUMENTATION_ONLY	backend/architecture/reports/DEV-003-PROJECT-VALIDATOR-FIRST-RUN-20260628_005402.md	DEV-003-PROJECT-VALIDATOR-FIRST-RUN-20260628_005402.md	46	fbba576e04cba11589c6a0806cb117e3c329e8332065762215bff3dd9ad96960	VALIDATING=/home/nawaf511/empire-core-new/backend/services/completed_decision	Candidate evidence only; manual verification required.
EVD-d809f508b228	SERVICE_DISCOVERY	DOCUMENTATION_ONLY	backend/architecture/reports/DEV-003-PROJECT-VALIDATOR-FIRST-RUN-20260628_005402.md	DEV-003-PROJECT-VALIDATOR-FIRST-RUN-20260628_005402.md	47	fbba576e04cba11589c6a0806cb117e3c329e8332065762215bff3dd9ad96960	LEGACY_SERVICE=YES	Candidate evidence only; manual verification required.
EVD-d887f4e678ed	SERVICE_DISCOVERY	DOCUMENTATION_ONLY	backend/architecture/reports/DEV-003-PROJECT-VALIDATOR-FIRST-RUN-20260628_005402.md	DEV-003-PROJECT-VALIDATOR-FIRST-RUN-20260628_005402.md	49	fbba576e04cba11589c6a0806cb117e3c329e8332065762215bff3dd9ad96960	VALIDATION_PASS=REDACTED	Candidate evidence only; manual verification required.
EVD-e265e33f2ba9	SERVICE_DISCOVERY	DOCUMENTATION_ONLY	backend/architecture/reports/DEV-003-PROJECT-VALIDATOR-FIRST-RUN-20260628_005402.md	DEV-003-PROJECT-VALIDATOR-FIRST-RUN-20260628_005402.md	50	fbba576e04cba11589c6a0806cb117e3c329e8332065762215bff3dd9ad96960	VALIDATING=/home/nawaf511/empire-core-new/backend/services/ctl-001-workspace-identity	Candidate evidence only; manual verification required.
EVD-1fb00da958eb	SERVICE_DISCOVERY	DOCUMENTATION_ONLY	backend/architecture/reports/DEV-003-PROJECT-VALIDATOR-FIRST-RUN-20260628_005402.md	DEV-003-PROJECT-VALIDATOR-FIRST-RUN-20260628_005402.md	51	fbba576e04cba11589c6a0806cb117e3c329e8332065762215bff3dd9ad96960	VALIDATION_PASS=REDACTED	Candidate evidence only; manual verification required.
EVD-1b9222f85f6d	SERVICE_DISCOVERY	DOCUMENTATION_ONLY	backend/architecture/reports/DEV-004-CI-VALIDATION-GATE-20260628_005857.md	DEV-004-CI-VALIDATION-GATE-20260628_005857.md	20	26f935716c77cc4f657c16fde876680aade488042a3e4adb3a88a4c39525da6f	REQUIRED_PATH_PASS=REDACTED	Candidate evidence only; manual verification required.
EVD-77dd825a1ad7	SERVICE_DISCOVERY	DOCUMENTATION_ONLY	backend/architecture/reports/DEV-004-CI-VALIDATION-GATE-20260628_005857.md	DEV-004-CI-VALIDATION-GATE-20260628_005857.md	24	26f935716c77cc4f657c16fde876680aade488042a3e4adb3a88a4c39525da6f	SERVICE_REGISTRY_PATH_WARN=NOT_FOUND_DIRECTLY	Candidate evidence only; manual verification required.
EVD-ddb8a2995a95	SERVICE_DISCOVERY	DOCUMENTATION_ONLY	backend/architecture/reports/DEV-004-CI-VALIDATION-GATE-20260628_005857.md	DEV-004-CI-VALIDATION-GATE-20260628_005857.md	25	26f935716c77cc4f657c16fde876680aade488042a3e4adb3a88a4c39525da6f	SERVICE_REGISTRY_AUTHORITY=NDSP_DOCTOR	Candidate evidence only; manual verification required.
EVD-30279ec7c1cb	SERVICE_DISCOVERY	DOCUMENTATION_ONLY	backend/architecture/reports/DEV-004-CI-VALIDATION-GATE-20260628_005857.md	DEV-004-CI-VALIDATION-GATE-20260628_005857.md	30	26f935716c77cc4f657c16fde876680aade488042a3e4adb3a88a4c39525da6f	SERVICES_DIR=OK	Candidate evidence only; manual verification required.
EVD-f4b4733d311b	SERVICE_DISCOVERY	DOCUMENTATION_ONLY	backend/architecture/reports/DEV-004-CI-VALIDATION-GATE-20260628_005857.md	DEV-004-CI-VALIDATION-GATE-20260628_005857.md	31	26f935716c77cc4f657c16fde876680aade488042a3e4adb3a88a4c39525da6f	SERVICE_REGISTRY=OK	Candidate evidence only; manual verification required.
EVD-6e147995ef1d	SERVICE_DISCOVERY	DOCUMENTATION_ONLY	backend/architecture/reports/DEV-004-CI-VALIDATION-GATE-20260628_005857.md	DEV-004-CI-VALIDATION-GATE-20260628_005857.md	32	26f935716c77cc4f657c16fde876680aade488042a3e4adb3a88a4c39525da6f	== SERVICE COUNT ==	Candidate evidence only; manual verification required.
EVD-99e0a9b4cbee	SERVICE_DISCOVERY	DOCUMENTATION_ONLY	backend/architecture/reports/DEV-004-CI-VALIDATION-GATE-20260628_005857.md	DEV-004-CI-VALIDATION-GATE-20260628_005857.md	34	26f935716c77cc4f657c16fde876680aade488042a3e4adb3a88a4c39525da6f	== SERVICE IDS ==	Candidate evidence only; manual verification required.
EVD-55a27895a150	SERVICE_DISCOVERY	DOCUMENTATION_ONLY	backend/architecture/reports/DEV-004-CI-VALIDATION-GATE-20260628_005857.md	DEV-004-CI-VALIDATION-GATE-20260628_005857.md	35	26f935716c77cc4f657c16fde876680aade488042a3e4adb3a88a4c39525da6f	CTL-001 port=9081 file=/home/nawaf511/empire-core-new/backend/services/ctl-001-workspace-identity/service.yaml	Candidate evidence only; manual verification required.
EVD-ed621816d734	SERVICE_DISCOVERY	DOCUMENTATION_ONLY	backend/architecture/reports/DEV-004-CI-VALIDATION-GATE-20260628_005857.md	DEV-004-CI-VALIDATION-GATE-20260628_005857.md	36	26f935716c77cc4f657c16fde876680aade488042a3e4adb3a88a4c39525da6f	CDS-001 port=9078 file=/home/nawaf511/empire-core-new/backend/services/completed_decision/service.yaml	Candidate evidence only; manual verification required.
EVD-9fc6fbe4c72a	SERVICE_DISCOVERY	DOCUMENTATION_ONLY	backend/architecture/reports/DEV-004-CI-VALIDATION-GATE-20260628_005857.md	DEV-004-CI-VALIDATION-GATE-20260628_005857.md	37	26f935716c77cc4f657c16fde876680aade488042a3e4adb3a88a4c39525da6f	DGC-001 port=9079 file=/home/nawaf511/empire-core-new/backend/services/decision_governance_core/service.yaml	Candidate evidence only; manual verification required.
EVD-9f47225a2984	SERVICE_DISCOVERY	DOCUMENTATION_ONLY	backend/architecture/reports/DEV-004-CI-VALIDATION-GATE-20260628_005857.md	DEV-004-CI-VALIDATION-GATE-20260628_005857.md	38	26f935716c77cc4f657c16fde876680aade488042a3e4adb3a88a4c39525da6f	BOT-001 port=9080 file=/home/nawaf511/empire-core-new/backend/services/bot_execution/service.yaml	Candidate evidence only; manual verification required.
EVD-a14778e745c6	SERVICE_DISCOVERY	DOCUMENTATION_ONLY	backend/architecture/reports/DEV-004-CI-VALIDATION-GATE-20260628_005857.md	DEV-004-CI-VALIDATION-GATE-20260628_005857.md	39	26f935716c77cc4f657c16fde876680aade488042a3e4adb3a88a4c39525da6f	== DUPLICATE SERVICE IDS ==	Candidate evidence only; manual verification required.
EVD-4cd6a1d69850	SERVICE_DISCOVERY	DOCUMENTATION_ONLY	backend/architecture/reports/DEV-004-CI-VALIDATION-GATE-20260628_005857.md	DEV-004-CI-VALIDATION-GATE-20260628_005857.md	43	26f935716c77cc4f657c16fde876680aade488042a3e4adb3a88a4c39525da6f	VALIDATING=/home/nawaf511/empire-core-new/backend/services/bot_execution	Candidate evidence only; manual verification required.
EVD-7ab84a9e4efb	SERVICE_DISCOVERY	DOCUMENTATION_ONLY	backend/architecture/reports/DEV-004-CI-VALIDATION-GATE-20260628_005857.md	DEV-004-CI-VALIDATION-GATE-20260628_005857.md	44	26f935716c77cc4f657c16fde876680aade488042a3e4adb3a88a4c39525da6f	LEGACY_SERVICE=YES	Candidate evidence only; manual verification required.
EVD-8379e2e936f6	SERVICE_DISCOVERY	DOCUMENTATION_ONLY	backend/architecture/reports/DEV-004-CI-VALIDATION-GATE-20260628_005857.md	DEV-004-CI-VALIDATION-GATE-20260628_005857.md	46	26f935716c77cc4f657c16fde876680aade488042a3e4adb3a88a4c39525da6f	VALIDATION_PASS=REDACTED	Candidate evidence only; manual verification required.
EVD-d4bbf1448edd	SERVICE_DISCOVERY	DOCUMENTATION_ONLY	backend/architecture/reports/DEV-004-CI-VALIDATION-GATE-20260628_005857.md	DEV-004-CI-VALIDATION-GATE-20260628_005857.md	47	26f935716c77cc4f657c16fde876680aade488042a3e4adb3a88a4c39525da6f	VALIDATING=/home/nawaf511/empire-core-new/backend/services/completed_decision	Candidate evidence only; manual verification required.
EVD-2f5b92d64515	SERVICE_DISCOVERY	DOCUMENTATION_ONLY	backend/architecture/reports/DEV-004-CI-VALIDATION-GATE-20260628_005857.md	DEV-004-CI-VALIDATION-GATE-20260628_005857.md	48	26f935716c77cc4f657c16fde876680aade488042a3e4adb3a88a4c39525da6f	LEGACY_SERVICE=YES	Candidate evidence only; manual verification required.
EVD-e170d8cf7bdb	SERVICE_DISCOVERY	DOCUMENTATION_ONLY	backend/architecture/reports/DEV-004-CI-VALIDATION-GATE-20260628_005857.md	DEV-004-CI-VALIDATION-GATE-20260628_005857.md	50	26f935716c77cc4f657c16fde876680aade488042a3e4adb3a88a4c39525da6f	VALIDATION_PASS=REDACTED	Candidate evidence only; manual verification required.
EVD-60eb03f0c0a4	SERVICE_DISCOVERY	DOCUMENTATION_ONLY	backend/architecture/reports/DEV-004-CI-VALIDATION-GATE-20260628_005857.md	DEV-004-CI-VALIDATION-GATE-20260628_005857.md	51	26f935716c77cc4f657c16fde876680aade488042a3e4adb3a88a4c39525da6f	VALIDATING=/home/nawaf511/empire-core-new/backend/services/ctl-001-workspace-identity	Candidate evidence only; manual verification required.
EVD-14127874373c	SERVICE_DISCOVERY	DOCUMENTATION_ONLY	backend/architecture/reports/DEV-004-CI-VALIDATION-GATE-20260628_005857.md	DEV-004-CI-VALIDATION-GATE-20260628_005857.md	52	26f935716c77cc4f657c16fde876680aade488042a3e4adb3a88a4c39525da6f	VALIDATION_PASS=REDACTED	Candidate evidence only; manual verification required.
EVD-e0ec4983d7b4	SERVICE_DISCOVERY	DOCUMENTATION_ONLY	backend/architecture/reports/DEV-005-ZERO-WARNING-VALIDATOR-20260628_010138.md	DEV-005-ZERO-WARNING-VALIDATOR-20260628_010138.md	18	dd50173b98a22ea3ee73973b9767a5f7c417fa85612381d9f8d40860e68df12b	REQUIRED_PATH_PASS=REDACTED	Candidate evidence only; manual verification required.
EVD-faeded5d7afd	SERVICE_DISCOVERY	DOCUMENTATION_ONLY	backend/architecture/reports/DEV-005-ZERO-WARNING-VALIDATOR-20260628_010138.md	DEV-005-ZERO-WARNING-VALIDATOR-20260628_010138.md	22	dd50173b98a22ea3ee73973b9767a5f7c417fa85612381d9f8d40860e68df12b	SERVICE_REGISTRY_PATH_PASS=REDACTED	Candidate evidence only; manual verification required.
EVD-f01688d2eb4b	SERVICE_DISCOVERY	DOCUMENTATION_ONLY	backend/architecture/reports/DEV-005-ZERO-WARNING-VALIDATOR-20260628_010138.md	DEV-005-ZERO-WARNING-VALIDATOR-20260628_010138.md	23	dd50173b98a22ea3ee73973b9767a5f7c417fa85612381d9f8d40860e68df12b	SERVICE_REGISTRY_AUTHORITY=NDSP_DOCTOR	Candidate evidence only; manual verification required.
EVD-aac812741c58	SERVICE_DISCOVERY	DOCUMENTATION_ONLY	backend/architecture/reports/DEV-005-ZERO-WARNING-VALIDATOR-20260628_010138.md	DEV-005-ZERO-WARNING-VALIDATOR-20260628_010138.md	28	dd50173b98a22ea3ee73973b9767a5f7c417fa85612381d9f8d40860e68df12b	SERVICES_DIR=OK	Candidate evidence only; manual verification required.
EVD-5569a0821482	SERVICE_DISCOVERY	DOCUMENTATION_ONLY	backend/architecture/reports/DEV-005-ZERO-WARNING-VALIDATOR-20260628_010138.md	DEV-005-ZERO-WARNING-VALIDATOR-20260628_010138.md	29	dd50173b98a22ea3ee73973b9767a5f7c417fa85612381d9f8d40860e68df12b	SERVICE_REGISTRY=OK	Candidate evidence only; manual verification required.
EVD-a141e1998afd	SERVICE_DISCOVERY	DOCUMENTATION_ONLY	backend/architecture/reports/DEV-005-ZERO-WARNING-VALIDATOR-20260628_010138.md	DEV-005-ZERO-WARNING-VALIDATOR-20260628_010138.md	30	dd50173b98a22ea3ee73973b9767a5f7c417fa85612381d9f8d40860e68df12b	== SERVICE COUNT ==	Candidate evidence only; manual verification required.
EVD-a8b93d610e74	SERVICE_DISCOVERY	DOCUMENTATION_ONLY	backend/architecture/reports/DEV-005-ZERO-WARNING-VALIDATOR-20260628_010138.md	DEV-005-ZERO-WARNING-VALIDATOR-20260628_010138.md	32	dd50173b98a22ea3ee73973b9767a5f7c417fa85612381d9f8d40860e68df12b	== SERVICE IDS ==	Candidate evidence only; manual verification required.
EVD-e7a84dc8e592	SERVICE_DISCOVERY	DOCUMENTATION_ONLY	backend/architecture/reports/DEV-005-ZERO-WARNING-VALIDATOR-20260628_010138.md	DEV-005-ZERO-WARNING-VALIDATOR-20260628_010138.md	33	dd50173b98a22ea3ee73973b9767a5f7c417fa85612381d9f8d40860e68df12b	CTL-001 port=9081 file=/home/nawaf511/empire-core-new/backend/services/ctl-001-workspace-identity/service.yaml	Candidate evidence only; manual verification required.
EVD-24ea40d85c43	SERVICE_DISCOVERY	DOCUMENTATION_ONLY	backend/architecture/reports/DEV-005-ZERO-WARNING-VALIDATOR-20260628_010138.md	DEV-005-ZERO-WARNING-VALIDATOR-20260628_010138.md	34	dd50173b98a22ea3ee73973b9767a5f7c417fa85612381d9f8d40860e68df12b	CDS-001 port=9078 file=/home/nawaf511/empire-core-new/backend/services/completed_decision/service.yaml	Candidate evidence only; manual verification required.
EVD-8a0a24cc1a39	SERVICE_DISCOVERY	DOCUMENTATION_ONLY	backend/architecture/reports/DEV-005-ZERO-WARNING-VALIDATOR-20260628_010138.md	DEV-005-ZERO-WARNING-VALIDATOR-20260628_010138.md	35	dd50173b98a22ea3ee73973b9767a5f7c417fa85612381d9f8d40860e68df12b	DGC-001 port=9079 file=/home/nawaf511/empire-core-new/backend/services/decision_governance_core/service.yaml	Candidate evidence only; manual verification required.
EVD-6bacfb0bb50b	SERVICE_DISCOVERY	DOCUMENTATION_ONLY	backend/architecture/reports/DEV-005-ZERO-WARNING-VALIDATOR-20260628_010138.md	DEV-005-ZERO-WARNING-VALIDATOR-20260628_010138.md	36	dd50173b98a22ea3ee73973b9767a5f7c417fa85612381d9f8d40860e68df12b	BOT-001 port=9080 file=/home/nawaf511/empire-core-new/backend/services/bot_execution/service.yaml	Candidate evidence only; manual verification required.
EVD-d0a4bd4df711	SERVICE_DISCOVERY	DOCUMENTATION_ONLY	backend/architecture/reports/DEV-005-ZERO-WARNING-VALIDATOR-20260628_010138.md	DEV-005-ZERO-WARNING-VALIDATOR-20260628_010138.md	37	dd50173b98a22ea3ee73973b9767a5f7c417fa85612381d9f8d40860e68df12b	== DUPLICATE SERVICE IDS ==	Candidate evidence only; manual verification required.
EVD-29ed695daa85	SERVICE_DISCOVERY	DOCUMENTATION_ONLY	backend/architecture/reports/DEV-005-ZERO-WARNING-VALIDATOR-20260628_010138.md	DEV-005-ZERO-WARNING-VALIDATOR-20260628_010138.md	41	dd50173b98a22ea3ee73973b9767a5f7c417fa85612381d9f8d40860e68df12b	VALIDATING=/home/nawaf511/empire-core-new/backend/services/bot_execution	Candidate evidence only; manual verification required.
EVD-d4a0e4cc1a1c	SERVICE_DISCOVERY	DOCUMENTATION_ONLY	backend/architecture/reports/DEV-005-ZERO-WARNING-VALIDATOR-20260628_010138.md	DEV-005-ZERO-WARNING-VALIDATOR-20260628_010138.md	42	dd50173b98a22ea3ee73973b9767a5f7c417fa85612381d9f8d40860e68df12b	LEGACY_SERVICE=YES	Candidate evidence only; manual verification required.
EVD-9d78748b4790	SERVICE_DISCOVERY	DOCUMENTATION_ONLY	backend/architecture/reports/DEV-005-ZERO-WARNING-VALIDATOR-20260628_010138.md	DEV-005-ZERO-WARNING-VALIDATOR-20260628_010138.md	44	dd50173b98a22ea3ee73973b9767a5f7c417fa85612381d9f8d40860e68df12b	VALIDATION_PASS=REDACTED	Candidate evidence only; manual verification required.
EVD-9e465ff33e57	SERVICE_DISCOVERY	DOCUMENTATION_ONLY	backend/architecture/reports/DEV-005-ZERO-WARNING-VALIDATOR-20260628_010138.md	DEV-005-ZERO-WARNING-VALIDATOR-20260628_010138.md	45	dd50173b98a22ea3ee73973b9767a5f7c417fa85612381d9f8d40860e68df12b	VALIDATING=/home/nawaf511/empire-core-new/backend/services/completed_decision	Candidate evidence only; manual verification required.
EVD-2d953b80e12a	SERVICE_DISCOVERY	DOCUMENTATION_ONLY	backend/architecture/reports/DEV-005-ZERO-WARNING-VALIDATOR-20260628_010138.md	DEV-005-ZERO-WARNING-VALIDATOR-20260628_010138.md	46	dd50173b98a22ea3ee73973b9767a5f7c417fa85612381d9f8d40860e68df12b	LEGACY_SERVICE=YES	Candidate evidence only; manual verification required.
EVD-ed91acb12622	SERVICE_DISCOVERY	DOCUMENTATION_ONLY	backend/architecture/reports/DEV-005-ZERO-WARNING-VALIDATOR-20260628_010138.md	DEV-005-ZERO-WARNING-VALIDATOR-20260628_010138.md	48	dd50173b98a22ea3ee73973b9767a5f7c417fa85612381d9f8d40860e68df12b	VALIDATION_PASS=REDACTED	Candidate evidence only; manual verification required.
EVD-662715719c19	SERVICE_DISCOVERY	DOCUMENTATION_ONLY	backend/architecture/reports/DEV-005-ZERO-WARNING-VALIDATOR-20260628_010138.md	DEV-005-ZERO-WARNING-VALIDATOR-20260628_010138.md	49	dd50173b98a22ea3ee73973b9767a5f7c417fa85612381d9f8d40860e68df12b	VALIDATING=/home/nawaf511/empire-core-new/backend/services/ctl-001-workspace-identity	Candidate evidence only; manual verification required.
EVD-41dc511433d7	SERVICE_DISCOVERY	DOCUMENTATION_ONLY	backend/architecture/reports/DEV-005-ZERO-WARNING-VALIDATOR-20260628_010138.md	DEV-005-ZERO-WARNING-VALIDATOR-20260628_010138.md	50	dd50173b98a22ea3ee73973b9767a5f7c417fa85612381d9f8d40860e68df12b	VALIDATION_PASS=REDACTED	Candidate evidence only; manual verification required.
EVD-d8f22a3a54f1	SERVICE_DISCOVERY	DOCUMENTATION_ONLY	backend/architecture/reports/DEV-007-SERVICE-MIGRATION-PLAN-20260628_054150.md	DEV-007-SERVICE-MIGRATION-PLAN-20260628_054150.md	7	a6a1f5dd4a55ce3b2c3ee71527621dc69c0bf6369c32c3674cc46a66c1488b54	?? backend/architecture/reports/DEV-007-SERVICE-MIGRATION-PLAN-20260628_054150.md	Candidate evidence only; manual verification required.
EVD-7f8e5e6e4278	SERVICE_DISCOVERY	DOCUMENTATION_ONLY	backend/architecture/reports/DEV-007-SERVICE-MIGRATION-PLAN-20260628_054150.md	DEV-007-SERVICE-MIGRATION-PLAN-20260628_054150.md	17	a6a1f5dd4a55ce3b2c3ee71527621dc69c0bf6369c32c3674cc46a66c1488b54	REQUIRED_PATH_PASS=REDACTED	Candidate evidence only; manual verification required.
EVD-a4d953f19239	SERVICE_DISCOVERY	DOCUMENTATION_ONLY	backend/architecture/reports/DEV-007-SERVICE-MIGRATION-PLAN-20260628_054150.md	DEV-007-SERVICE-MIGRATION-PLAN-20260628_054150.md	21	a6a1f5dd4a55ce3b2c3ee71527621dc69c0bf6369c32c3674cc46a66c1488b54	SERVICE_REGISTRY_PATH_PASS=REDACTED	Candidate evidence only; manual verification required.
EVD-9a9dda911b9d	SERVICE_DISCOVERY	DOCUMENTATION_ONLY	backend/architecture/reports/DEV-007-SERVICE-MIGRATION-PLAN-20260628_054150.md	DEV-007-SERVICE-MIGRATION-PLAN-20260628_054150.md	22	a6a1f5dd4a55ce3b2c3ee71527621dc69c0bf6369c32c3674cc46a66c1488b54	SERVICE_REGISTRY_AUTHORITY=NDSP_DOCTOR	Candidate evidence only; manual verification required.
EVD-228ec03e4372	SERVICE_DISCOVERY	DOCUMENTATION_ONLY	backend/architecture/reports/DEV-007-SERVICE-MIGRATION-PLAN-20260628_054150.md	DEV-007-SERVICE-MIGRATION-PLAN-20260628_054150.md	27	a6a1f5dd4a55ce3b2c3ee71527621dc69c0bf6369c32c3674cc46a66c1488b54	SERVICES_DIR=OK	Candidate evidence only; manual verification required.
EVD-24392ce5f9a6	SERVICE_DISCOVERY	DOCUMENTATION_ONLY	backend/architecture/reports/DEV-007-SERVICE-MIGRATION-PLAN-20260628_054150.md	DEV-007-SERVICE-MIGRATION-PLAN-20260628_054150.md	28	a6a1f5dd4a55ce3b2c3ee71527621dc69c0bf6369c32c3674cc46a66c1488b54	SERVICE_REGISTRY=OK	Candidate evidence only; manual verification required.
EVD-801338094cde	SERVICE_DISCOVERY	DOCUMENTATION_ONLY	backend/architecture/reports/DEV-007-SERVICE-MIGRATION-PLAN-20260628_054150.md	DEV-007-SERVICE-MIGRATION-PLAN-20260628_054150.md	29	a6a1f5dd4a55ce3b2c3ee71527621dc69c0bf6369c32c3674cc46a66c1488b54	== SERVICE COUNT ==	Candidate evidence only; manual verification required.
EVD-765a8a889ca6	SERVICE_DISCOVERY	DOCUMENTATION_ONLY	backend/architecture/reports/DEV-007-SERVICE-MIGRATION-PLAN-20260628_054150.md	DEV-007-SERVICE-MIGRATION-PLAN-20260628_054150.md	31	a6a1f5dd4a55ce3b2c3ee71527621dc69c0bf6369c32c3674cc46a66c1488b54	== SERVICE IDS ==	Candidate evidence only; manual verification required.
EVD-350b627e3453	SERVICE_DISCOVERY	DOCUMENTATION_ONLY	backend/architecture/reports/DEV-007-SERVICE-MIGRATION-PLAN-20260628_054150.md	DEV-007-SERVICE-MIGRATION-PLAN-20260628_054150.md	32	a6a1f5dd4a55ce3b2c3ee71527621dc69c0bf6369c32c3674cc46a66c1488b54	CTL-001 port=9081 file=/home/nawaf511/empire-core-new/backend/services/ctl-001-workspace-identity/service.yaml	Candidate evidence only; manual verification required.
EVD-c068218d4e1e	SERVICE_DISCOVERY	DOCUMENTATION_ONLY	backend/architecture/reports/DEV-007-SERVICE-MIGRATION-PLAN-20260628_054150.md	DEV-007-SERVICE-MIGRATION-PLAN-20260628_054150.md	33	a6a1f5dd4a55ce3b2c3ee71527621dc69c0bf6369c32c3674cc46a66c1488b54	CDS-001 port=9078 file=/home/nawaf511/empire-core-new/backend/services/completed_decision/service.yaml	Candidate evidence only; manual verification required.
EVD-a09d0c365d12	SERVICE_DISCOVERY	DOCUMENTATION_ONLY	backend/architecture/reports/DEV-007-SERVICE-MIGRATION-PLAN-20260628_054150.md	DEV-007-SERVICE-MIGRATION-PLAN-20260628_054150.md	34	a6a1f5dd4a55ce3b2c3ee71527621dc69c0bf6369c32c3674cc46a66c1488b54	DGC-001 port=9079 file=/home/nawaf511/empire-core-new/backend/services/decision_governance_core/service.yaml	Candidate evidence only; manual verification required.
EVD-a6a2c129f546	SERVICE_DISCOVERY	DOCUMENTATION_ONLY	backend/architecture/reports/DEV-007-SERVICE-MIGRATION-PLAN-20260628_054150.md	DEV-007-SERVICE-MIGRATION-PLAN-20260628_054150.md	35	a6a1f5dd4a55ce3b2c3ee71527621dc69c0bf6369c32c3674cc46a66c1488b54	BOT-001 port=9080 file=/home/nawaf511/empire-core-new/backend/services/bot_execution/service.yaml	Candidate evidence only; manual verification required.
EVD-e73a5010551a	SERVICE_DISCOVERY	DOCUMENTATION_ONLY	backend/architecture/reports/DEV-007-SERVICE-MIGRATION-PLAN-20260628_054150.md	DEV-007-SERVICE-MIGRATION-PLAN-20260628_054150.md	36	a6a1f5dd4a55ce3b2c3ee71527621dc69c0bf6369c32c3674cc46a66c1488b54	== DUPLICATE SERVICE IDS ==	Candidate evidence only; manual verification required.
EVD-cdb0939acc7e	SERVICE_DISCOVERY	DOCUMENTATION_ONLY	backend/architecture/reports/DEV-007-SERVICE-MIGRATION-PLAN-20260628_054150.md	DEV-007-SERVICE-MIGRATION-PLAN-20260628_054150.md	40	a6a1f5dd4a55ce3b2c3ee71527621dc69c0bf6369c32c3674cc46a66c1488b54	VALIDATING=/home/nawaf511/empire-core-new/backend/services/bot_execution	Candidate evidence only; manual verification required.
EVD-7b9f1963e908	SERVICE_DISCOVERY	DOCUMENTATION_ONLY	backend/architecture/reports/DEV-007-SERVICE-MIGRATION-PLAN-20260628_054150.md	DEV-007-SERVICE-MIGRATION-PLAN-20260628_054150.md	41	a6a1f5dd4a55ce3b2c3ee71527621dc69c0bf6369c32c3674cc46a66c1488b54	LEGACY_SERVICE=YES	Candidate evidence only; manual verification required.
EVD-3f1a9b2eb6ff	SERVICE_DISCOVERY	DOCUMENTATION_ONLY	backend/architecture/reports/DEV-007-SERVICE-MIGRATION-PLAN-20260628_054150.md	DEV-007-SERVICE-MIGRATION-PLAN-20260628_054150.md	43	a6a1f5dd4a55ce3b2c3ee71527621dc69c0bf6369c32c3674cc46a66c1488b54	VALIDATION_PASS=REDACTED	Candidate evidence only; manual verification required.
EVD-1939774fb87f	SERVICE_DISCOVERY	DOCUMENTATION_ONLY	backend/architecture/reports/DEV-007-SERVICE-MIGRATION-PLAN-20260628_054150.md	DEV-007-SERVICE-MIGRATION-PLAN-20260628_054150.md	44	a6a1f5dd4a55ce3b2c3ee71527621dc69c0bf6369c32c3674cc46a66c1488b54	VALIDATING=/home/nawaf511/empire-core-new/backend/services/completed_decision	Candidate evidence only; manual verification required.
EVD-6a0c4053d52a	SERVICE_DISCOVERY	DOCUMENTATION_ONLY	backend/architecture/reports/DEV-007-SERVICE-MIGRATION-PLAN-20260628_054150.md	DEV-007-SERVICE-MIGRATION-PLAN-20260628_054150.md	45	a6a1f5dd4a55ce3b2c3ee71527621dc69c0bf6369c32c3674cc46a66c1488b54	LEGACY_SERVICE=YES	Candidate evidence only; manual verification required.
EVD-9af322a740fd	SERVICE_DISCOVERY	DOCUMENTATION_ONLY	backend/architecture/reports/DEV-007-SERVICE-MIGRATION-PLAN-20260628_054150.md	DEV-007-SERVICE-MIGRATION-PLAN-20260628_054150.md	47	a6a1f5dd4a55ce3b2c3ee71527621dc69c0bf6369c32c3674cc46a66c1488b54	VALIDATION_PASS=REDACTED	Candidate evidence only; manual verification required.
EVD-f6d7a8be8a0e	SERVICE_DISCOVERY	DOCUMENTATION_ONLY	backend/architecture/reports/DEV-007-SERVICE-MIGRATION-PLAN-20260628_054150.md	DEV-007-SERVICE-MIGRATION-PLAN-20260628_054150.md	48	a6a1f5dd4a55ce3b2c3ee71527621dc69c0bf6369c32c3674cc46a66c1488b54	VALIDATING=/home/nawaf511/empire-core-new/backend/services/ctl-001-workspace-identity	Candidate evidence only; manual verification required.
EVD-c347982dff93	SERVICE_DISCOVERY	DOCUMENTATION_ONLY	backend/architecture/reports/DEV-008A-CDS-SNAPSHOT-20260628_055957.md	DEV-008A-CDS-SNAPSHOT-20260628_055957.md	4	49b6ec952dc5728b6d424c084a9c7f7a3a8b59b64be9f41112302f573d20593b	HEAD=1ad931c docs(DEV-007): add service migration plan	Candidate evidence only; manual verification required.
EVD-6015280341fd	SERVICE_DISCOVERY	DOCUMENTATION_ONLY	backend/architecture/reports/DEV-008A-CDS-SNAPSHOT-20260628_055957.md	DEV-008A-CDS-SNAPSHOT-20260628_055957.md	17	49b6ec952dc5728b6d424c084a9c7f7a3a8b59b64be9f41112302f573d20593b	REQUIRED_PATH_PASS=REDACTED	Candidate evidence only; manual verification required.
EVD-705c736dcdd4	SERVICE_DISCOVERY	DOCUMENTATION_ONLY	backend/architecture/reports/DEV-008A-CDS-SNAPSHOT-20260628_055957.md	DEV-008A-CDS-SNAPSHOT-20260628_055957.md	21	49b6ec952dc5728b6d424c084a9c7f7a3a8b59b64be9f41112302f573d20593b	SERVICE_REGISTRY_PATH_PASS=REDACTED	Candidate evidence only; manual verification required.
EVD-fe6944750a1e	SERVICE_DISCOVERY	DOCUMENTATION_ONLY	backend/architecture/reports/DEV-008A-CDS-SNAPSHOT-20260628_055957.md	DEV-008A-CDS-SNAPSHOT-20260628_055957.md	22	49b6ec952dc5728b6d424c084a9c7f7a3a8b59b64be9f41112302f573d20593b	SERVICE_REGISTRY_AUTHORITY=NDSP_DOCTOR	Candidate evidence only; manual verification required.
EVD-ad32b9588102	SERVICE_DISCOVERY	DOCUMENTATION_ONLY	backend/architecture/reports/DEV-008A-CDS-SNAPSHOT-20260628_055957.md	DEV-008A-CDS-SNAPSHOT-20260628_055957.md	27	49b6ec952dc5728b6d424c084a9c7f7a3a8b59b64be9f41112302f573d20593b	SERVICES_DIR=OK	Candidate evidence only; manual verification required.
EVD-3c0307f984cc	SERVICE_DISCOVERY	DOCUMENTATION_ONLY	backend/architecture/reports/DEV-008A-CDS-SNAPSHOT-20260628_055957.md	DEV-008A-CDS-SNAPSHOT-20260628_055957.md	28	49b6ec952dc5728b6d424c084a9c7f7a3a8b59b64be9f41112302f573d20593b	SERVICE_REGISTRY=OK	Candidate evidence only; manual verification required.
EVD-b8b1b608dbaf	SERVICE_DISCOVERY	DOCUMENTATION_ONLY	backend/architecture/reports/DEV-008A-CDS-SNAPSHOT-20260628_055957.md	DEV-008A-CDS-SNAPSHOT-20260628_055957.md	29	49b6ec952dc5728b6d424c084a9c7f7a3a8b59b64be9f41112302f573d20593b	== SERVICE COUNT ==	Candidate evidence only; manual verification required.
EVD-ec2a167f2c00	SERVICE_DISCOVERY	DOCUMENTATION_ONLY	backend/architecture/reports/DEV-008A-CDS-SNAPSHOT-20260628_055957.md	DEV-008A-CDS-SNAPSHOT-20260628_055957.md	31	49b6ec952dc5728b6d424c084a9c7f7a3a8b59b64be9f41112302f573d20593b	== SERVICE IDS ==	Candidate evidence only; manual verification required.
EVD-f6afeaf24ae8	SERVICE_DISCOVERY	DOCUMENTATION_ONLY	backend/architecture/reports/DEV-008A-CDS-SNAPSHOT-20260628_055957.md	DEV-008A-CDS-SNAPSHOT-20260628_055957.md	32	49b6ec952dc5728b6d424c084a9c7f7a3a8b59b64be9f41112302f573d20593b	CTL-001 port=9081 file=/home/nawaf511/empire-core-new/backend/services/ctl-001-workspace-identity/service.yaml	Candidate evidence only; manual verification required.
EVD-5c7130cc1bab	SERVICE_DISCOVERY	DOCUMENTATION_ONLY	backend/architecture/reports/DEV-008A-CDS-SNAPSHOT-20260628_055957.md	DEV-008A-CDS-SNAPSHOT-20260628_055957.md	33	49b6ec952dc5728b6d424c084a9c7f7a3a8b59b64be9f41112302f573d20593b	CDS-001 port=9078 file=/home/nawaf511/empire-core-new/backend/services/completed_decision/service.yaml	Candidate evidence only; manual verification required.
EVD-765b7d2ca42a	SERVICE_DISCOVERY	DOCUMENTATION_ONLY	backend/architecture/reports/DEV-008A-CDS-SNAPSHOT-20260628_055957.md	DEV-008A-CDS-SNAPSHOT-20260628_055957.md	34	49b6ec952dc5728b6d424c084a9c7f7a3a8b59b64be9f41112302f573d20593b	DGC-001 port=9079 file=/home/nawaf511/empire-core-new/backend/services/decision_governance_core/service.yaml	Candidate evidence only; manual verification required.
EVD-a326244ffb63	SERVICE_DISCOVERY	DOCUMENTATION_ONLY	backend/architecture/reports/DEV-008A-CDS-SNAPSHOT-20260628_055957.md	DEV-008A-CDS-SNAPSHOT-20260628_055957.md	35	49b6ec952dc5728b6d424c084a9c7f7a3a8b59b64be9f41112302f573d20593b	BOT-001 port=9080 file=/home/nawaf511/empire-core-new/backend/services/bot_execution/service.yaml	Candidate evidence only; manual verification required.
EVD-ec4b29996b45	SERVICE_DISCOVERY	DOCUMENTATION_ONLY	backend/architecture/reports/DEV-008A-CDS-SNAPSHOT-20260628_055957.md	DEV-008A-CDS-SNAPSHOT-20260628_055957.md	36	49b6ec952dc5728b6d424c084a9c7f7a3a8b59b64be9f41112302f573d20593b	== DUPLICATE SERVICE IDS ==	Candidate evidence only; manual verification required.
EVD-8a0c66e510f1	SERVICE_DISCOVERY	DOCUMENTATION_ONLY	backend/architecture/reports/DEV-008A-CDS-SNAPSHOT-20260628_055957.md	DEV-008A-CDS-SNAPSHOT-20260628_055957.md	40	49b6ec952dc5728b6d424c084a9c7f7a3a8b59b64be9f41112302f573d20593b	VALIDATING=/home/nawaf511/empire-core-new/backend/services/bot_execution	Candidate evidence only; manual verification required.
EVD-f5bb4b2aa3a9	SERVICE_DISCOVERY	DOCUMENTATION_ONLY	backend/architecture/reports/DEV-008A-CDS-SNAPSHOT-20260628_055957.md	DEV-008A-CDS-SNAPSHOT-20260628_055957.md	41	49b6ec952dc5728b6d424c084a9c7f7a3a8b59b64be9f41112302f573d20593b	LEGACY_SERVICE=YES	Candidate evidence only; manual verification required.
EVD-ceff7ce365df	SERVICE_DISCOVERY	DOCUMENTATION_ONLY	backend/architecture/reports/DEV-008A-CDS-SNAPSHOT-20260628_055957.md	DEV-008A-CDS-SNAPSHOT-20260628_055957.md	43	49b6ec952dc5728b6d424c084a9c7f7a3a8b59b64be9f41112302f573d20593b	VALIDATION_PASS=REDACTED	Candidate evidence only; manual verification required.
EVD-506b38d2a8e4	SERVICE_DISCOVERY	DOCUMENTATION_ONLY	backend/architecture/reports/DEV-008A-CDS-SNAPSHOT-20260628_055957.md	DEV-008A-CDS-SNAPSHOT-20260628_055957.md	44	49b6ec952dc5728b6d424c084a9c7f7a3a8b59b64be9f41112302f573d20593b	VALIDATING=/home/nawaf511/empire-core-new/backend/services/completed_decision	Candidate evidence only; manual verification required.
EVD-e39641322a50	SERVICE_DISCOVERY	DOCUMENTATION_ONLY	backend/architecture/reports/DEV-008A-CDS-SNAPSHOT-20260628_055957.md	DEV-008A-CDS-SNAPSHOT-20260628_055957.md	45	49b6ec952dc5728b6d424c084a9c7f7a3a8b59b64be9f41112302f573d20593b	LEGACY_SERVICE=YES	Candidate evidence only; manual verification required.
EVD-9b58ebbb6518	SERVICE_DISCOVERY	DOCUMENTATION_ONLY	backend/architecture/reports/DEV-008A-CDS-SNAPSHOT-20260628_055957.md	DEV-008A-CDS-SNAPSHOT-20260628_055957.md	47	49b6ec952dc5728b6d424c084a9c7f7a3a8b59b64be9f41112302f573d20593b	VALIDATION_PASS=REDACTED	Candidate evidence only; manual verification required.
EVD-bced3a7efe00	SERVICE_DISCOVERY	DOCUMENTATION_ONLY	backend/architecture/reports/DEV-008A-CDS-SNAPSHOT-20260628_055957.md	DEV-008A-CDS-SNAPSHOT-20260628_055957.md	48	49b6ec952dc5728b6d424c084a9c7f7a3a8b59b64be9f41112302f573d20593b	VALIDATING=/home/nawaf511/empire-core-new/backend/services/ctl-001-workspace-identity	Candidate evidence only; manual verification required.
EVD-03443b7dc9c0	SERVICE_DISCOVERY	DOCUMENTATION_ONLY	backend/architecture/reports/DEV-008A-CDS-SNAPSHOT-20260628_060255.md	DEV-008A-CDS-SNAPSHOT-20260628_060255.md	4	00dc21d0eae552016d04cd790f4549a9205e7edc339055f5ca17b5daca456ee9	HEAD=f10dd02 docs(DEV-008A): snapshot completed decision service	Candidate evidence only; manual verification required.
EVD-acb2d7313903	SERVICE_DISCOVERY	DOCUMENTATION_ONLY	backend/architecture/reports/DEV-008A-CDS-SNAPSHOT-20260628_060255.md	DEV-008A-CDS-SNAPSHOT-20260628_060255.md	17	00dc21d0eae552016d04cd790f4549a9205e7edc339055f5ca17b5daca456ee9	REQUIRED_PATH_PASS=REDACTED	Candidate evidence only; manual verification required.
EVD-4f4aa15ba05c	SERVICE_DISCOVERY	DOCUMENTATION_ONLY	backend/architecture/reports/DEV-008A-CDS-SNAPSHOT-20260628_060255.md	DEV-008A-CDS-SNAPSHOT-20260628_060255.md	21	00dc21d0eae552016d04cd790f4549a9205e7edc339055f5ca17b5daca456ee9	SERVICE_REGISTRY_PATH_PASS=REDACTED	Candidate evidence only; manual verification required.
EVD-72f871ba1e3b	SERVICE_DISCOVERY	DOCUMENTATION_ONLY	backend/architecture/reports/DEV-008A-CDS-SNAPSHOT-20260628_060255.md	DEV-008A-CDS-SNAPSHOT-20260628_060255.md	22	00dc21d0eae552016d04cd790f4549a9205e7edc339055f5ca17b5daca456ee9	SERVICE_REGISTRY_AUTHORITY=NDSP_DOCTOR	Candidate evidence only; manual verification required.
EVD-b7cf13d614ef	SERVICE_DISCOVERY	DOCUMENTATION_ONLY	backend/architecture/reports/DEV-008A-CDS-SNAPSHOT-20260628_060255.md	DEV-008A-CDS-SNAPSHOT-20260628_060255.md	27	00dc21d0eae552016d04cd790f4549a9205e7edc339055f5ca17b5daca456ee9	SERVICES_DIR=OK	Candidate evidence only; manual verification required.
EVD-02a634e225a9	SERVICE_DISCOVERY	DOCUMENTATION_ONLY	backend/architecture/reports/DEV-008A-CDS-SNAPSHOT-20260628_060255.md	DEV-008A-CDS-SNAPSHOT-20260628_060255.md	28	00dc21d0eae552016d04cd790f4549a9205e7edc339055f5ca17b5daca456ee9	SERVICE_REGISTRY=OK	Candidate evidence only; manual verification required.
EVD-0ffe3c1e4429	SERVICE_DISCOVERY	DOCUMENTATION_ONLY	backend/architecture/reports/DEV-008A-CDS-SNAPSHOT-20260628_060255.md	DEV-008A-CDS-SNAPSHOT-20260628_060255.md	29	00dc21d0eae552016d04cd790f4549a9205e7edc339055f5ca17b5daca456ee9	== SERVICE COUNT ==	Candidate evidence only; manual verification required.
EVD-570746257870	SERVICE_DISCOVERY	DOCUMENTATION_ONLY	backend/architecture/reports/DEV-008A-CDS-SNAPSHOT-20260628_060255.md	DEV-008A-CDS-SNAPSHOT-20260628_060255.md	31	00dc21d0eae552016d04cd790f4549a9205e7edc339055f5ca17b5daca456ee9	== SERVICE IDS ==	Candidate evidence only; manual verification required.
EVD-407d340a0615	SERVICE_DISCOVERY	DOCUMENTATION_ONLY	backend/architecture/reports/DEV-008A-CDS-SNAPSHOT-20260628_060255.md	DEV-008A-CDS-SNAPSHOT-20260628_060255.md	32	00dc21d0eae552016d04cd790f4549a9205e7edc339055f5ca17b5daca456ee9	CTL-001 port=9081 file=/home/nawaf511/empire-core-new/backend/services/ctl-001-workspace-identity/service.yaml	Candidate evidence only; manual verification required.
EVD-bbbbf4c6282c	SERVICE_DISCOVERY	DOCUMENTATION_ONLY	backend/architecture/reports/DEV-008A-CDS-SNAPSHOT-20260628_060255.md	DEV-008A-CDS-SNAPSHOT-20260628_060255.md	33	00dc21d0eae552016d04cd790f4549a9205e7edc339055f5ca17b5daca456ee9	CDS-001 port=9078 file=/home/nawaf511/empire-core-new/backend/services/completed_decision/service.yaml	Candidate evidence only; manual verification required.
EVD-5805b08f0758	SERVICE_DISCOVERY	DOCUMENTATION_ONLY	backend/architecture/reports/DEV-008A-CDS-SNAPSHOT-20260628_060255.md	DEV-008A-CDS-SNAPSHOT-20260628_060255.md	34	00dc21d0eae552016d04cd790f4549a9205e7edc339055f5ca17b5daca456ee9	DGC-001 port=9079 file=/home/nawaf511/empire-core-new/backend/services/decision_governance_core/service.yaml	Candidate evidence only; manual verification required.
EVD-67e8786c744f	SERVICE_DISCOVERY	DOCUMENTATION_ONLY	backend/architecture/reports/DEV-008A-CDS-SNAPSHOT-20260628_060255.md	DEV-008A-CDS-SNAPSHOT-20260628_060255.md	35	00dc21d0eae552016d04cd790f4549a9205e7edc339055f5ca17b5daca456ee9	BOT-001 port=9080 file=/home/nawaf511/empire-core-new/backend/services/bot_execution/service.yaml	Candidate evidence only; manual verification required.
EVD-8f397008f367	SERVICE_DISCOVERY	DOCUMENTATION_ONLY	backend/architecture/reports/DEV-008A-CDS-SNAPSHOT-20260628_060255.md	DEV-008A-CDS-SNAPSHOT-20260628_060255.md	36	00dc21d0eae552016d04cd790f4549a9205e7edc339055f5ca17b5daca456ee9	== DUPLICATE SERVICE IDS ==	Candidate evidence only; manual verification required.
EVD-c0180fa8a8ca	SERVICE_DISCOVERY	DOCUMENTATION_ONLY	backend/architecture/reports/DEV-008A-CDS-SNAPSHOT-20260628_060255.md	DEV-008A-CDS-SNAPSHOT-20260628_060255.md	40	00dc21d0eae552016d04cd790f4549a9205e7edc339055f5ca17b5daca456ee9	VALIDATING=/home/nawaf511/empire-core-new/backend/services/bot_execution	Candidate evidence only; manual verification required.
EVD-e99b0c7cb541	SERVICE_DISCOVERY	DOCUMENTATION_ONLY	backend/architecture/reports/DEV-008A-CDS-SNAPSHOT-20260628_060255.md	DEV-008A-CDS-SNAPSHOT-20260628_060255.md	41	00dc21d0eae552016d04cd790f4549a9205e7edc339055f5ca17b5daca456ee9	LEGACY_SERVICE=YES	Candidate evidence only; manual verification required.
EVD-108d59c7089f	SERVICE_DISCOVERY	DOCUMENTATION_ONLY	backend/architecture/reports/DEV-008A-CDS-SNAPSHOT-20260628_060255.md	DEV-008A-CDS-SNAPSHOT-20260628_060255.md	43	00dc21d0eae552016d04cd790f4549a9205e7edc339055f5ca17b5daca456ee9	VALIDATION_PASS=REDACTED	Candidate evidence only; manual verification required.
EVD-188167e37207	SERVICE_DISCOVERY	DOCUMENTATION_ONLY	backend/architecture/reports/DEV-008A-CDS-SNAPSHOT-20260628_060255.md	DEV-008A-CDS-SNAPSHOT-20260628_060255.md	44	00dc21d0eae552016d04cd790f4549a9205e7edc339055f5ca17b5daca456ee9	VALIDATING=/home/nawaf511/empire-core-new/backend/services/completed_decision	Candidate evidence only; manual verification required.
EVD-fdff380648e6	SERVICE_DISCOVERY	DOCUMENTATION_ONLY	backend/architecture/reports/DEV-008A-CDS-SNAPSHOT-20260628_060255.md	DEV-008A-CDS-SNAPSHOT-20260628_060255.md	45	00dc21d0eae552016d04cd790f4549a9205e7edc339055f5ca17b5daca456ee9	LEGACY_SERVICE=YES	Candidate evidence only; manual verification required.
EVD-ec366b47cd0d	SERVICE_DISCOVERY	DOCUMENTATION_ONLY	backend/architecture/reports/DEV-008A-CDS-SNAPSHOT-20260628_060255.md	DEV-008A-CDS-SNAPSHOT-20260628_060255.md	47	00dc21d0eae552016d04cd790f4549a9205e7edc339055f5ca17b5daca456ee9	VALIDATION_PASS=REDACTED	Candidate evidence only; manual verification required.
EVD-acb80e8625d4	SERVICE_DISCOVERY	DOCUMENTATION_ONLY	backend/architecture/reports/DEV-008A-CDS-SNAPSHOT-20260628_060255.md	DEV-008A-CDS-SNAPSHOT-20260628_060255.md	48	00dc21d0eae552016d04cd790f4549a9205e7edc339055f5ca17b5daca456ee9	VALIDATING=/home/nawaf511/empire-core-new/backend/services/ctl-001-workspace-identity	Candidate evidence only; manual verification required.
EVD-60fe02412329	SERVICE_DISCOVERY	DOCUMENTATION_ONLY	backend/architecture/reports/DEV-008A-CDS-SNAPSHOT-20260628_060614.md	DEV-008A-CDS-SNAPSHOT-20260628_060614.md	4	f077288456c513514565c21e5c328a3ee970a6cbf9488932d0f8434846b9a003	HEAD=60eb26b docs(DEV-008A): snapshot completed decision service	Candidate evidence only; manual verification required.
EVD-d502864d6ba6	SERVICE_DISCOVERY	DOCUMENTATION_ONLY	backend/architecture/reports/DEV-008A-CDS-SNAPSHOT-20260628_060614.md	DEV-008A-CDS-SNAPSHOT-20260628_060614.md	17	f077288456c513514565c21e5c328a3ee970a6cbf9488932d0f8434846b9a003	REQUIRED_PATH_PASS=REDACTED	Candidate evidence only; manual verification required.
EVD-027065f6d239	SERVICE_DISCOVERY	DOCUMENTATION_ONLY	backend/architecture/reports/DEV-008A-CDS-SNAPSHOT-20260628_060614.md	DEV-008A-CDS-SNAPSHOT-20260628_060614.md	21	f077288456c513514565c21e5c328a3ee970a6cbf9488932d0f8434846b9a003	SERVICE_REGISTRY_PATH_PASS=REDACTED	Candidate evidence only; manual verification required.
EVD-e7e64976477e	SERVICE_DISCOVERY	DOCUMENTATION_ONLY	backend/architecture/reports/DEV-008A-CDS-SNAPSHOT-20260628_060614.md	DEV-008A-CDS-SNAPSHOT-20260628_060614.md	22	f077288456c513514565c21e5c328a3ee970a6cbf9488932d0f8434846b9a003	SERVICE_REGISTRY_AUTHORITY=NDSP_DOCTOR	Candidate evidence only; manual verification required.
EVD-cbdf00dbf10d	SERVICE_DISCOVERY	DOCUMENTATION_ONLY	backend/architecture/reports/DEV-008A-CDS-SNAPSHOT-20260628_060614.md	DEV-008A-CDS-SNAPSHOT-20260628_060614.md	27	f077288456c513514565c21e5c328a3ee970a6cbf9488932d0f8434846b9a003	SERVICES_DIR=OK	Candidate evidence only; manual verification required.
EVD-06de78c3df34	SERVICE_DISCOVERY	DOCUMENTATION_ONLY	backend/architecture/reports/DEV-008A-CDS-SNAPSHOT-20260628_060614.md	DEV-008A-CDS-SNAPSHOT-20260628_060614.md	28	f077288456c513514565c21e5c328a3ee970a6cbf9488932d0f8434846b9a003	SERVICE_REGISTRY=OK	Candidate evidence only; manual verification required.
EVD-3c376b562cc7	SERVICE_DISCOVERY	DOCUMENTATION_ONLY	backend/architecture/reports/DEV-008A-CDS-SNAPSHOT-20260628_060614.md	DEV-008A-CDS-SNAPSHOT-20260628_060614.md	29	f077288456c513514565c21e5c328a3ee970a6cbf9488932d0f8434846b9a003	== SERVICE COUNT ==	Candidate evidence only; manual verification required.
EVD-e1e120c901cf	SERVICE_DISCOVERY	DOCUMENTATION_ONLY	backend/architecture/reports/DEV-008A-CDS-SNAPSHOT-20260628_060614.md	DEV-008A-CDS-SNAPSHOT-20260628_060614.md	31	f077288456c513514565c21e5c328a3ee970a6cbf9488932d0f8434846b9a003	== SERVICE IDS ==	Candidate evidence only; manual verification required.
EVD-effb42b90a65	SERVICE_DISCOVERY	DOCUMENTATION_ONLY	backend/architecture/reports/DEV-008A-CDS-SNAPSHOT-20260628_060614.md	DEV-008A-CDS-SNAPSHOT-20260628_060614.md	32	f077288456c513514565c21e5c328a3ee970a6cbf9488932d0f8434846b9a003	CTL-001 port=9081 file=/home/nawaf511/empire-core-new/backend/services/ctl-001-workspace-identity/service.yaml	Candidate evidence only; manual verification required.
EVD-54bb979f7f21	SERVICE_DISCOVERY	DOCUMENTATION_ONLY	backend/architecture/reports/DEV-008A-CDS-SNAPSHOT-20260628_060614.md	DEV-008A-CDS-SNAPSHOT-20260628_060614.md	33	f077288456c513514565c21e5c328a3ee970a6cbf9488932d0f8434846b9a003	CDS-001 port=9078 file=/home/nawaf511/empire-core-new/backend/services/completed_decision/service.yaml	Candidate evidence only; manual verification required.
EVD-8c049c76972a	SERVICE_DISCOVERY	DOCUMENTATION_ONLY	backend/architecture/reports/DEV-008A-CDS-SNAPSHOT-20260628_060614.md	DEV-008A-CDS-SNAPSHOT-20260628_060614.md	34	f077288456c513514565c21e5c328a3ee970a6cbf9488932d0f8434846b9a003	DGC-001 port=9079 file=/home/nawaf511/empire-core-new/backend/services/decision_governance_core/service.yaml	Candidate evidence only; manual verification required.
EVD-39b1605fe143	SERVICE_DISCOVERY	DOCUMENTATION_ONLY	backend/architecture/reports/DEV-008A-CDS-SNAPSHOT-20260628_060614.md	DEV-008A-CDS-SNAPSHOT-20260628_060614.md	35	f077288456c513514565c21e5c328a3ee970a6cbf9488932d0f8434846b9a003	BOT-001 port=9080 file=/home/nawaf511/empire-core-new/backend/services/bot_execution/service.yaml	Candidate evidence only; manual verification required.
EVD-bc661e48dca0	SERVICE_DISCOVERY	DOCUMENTATION_ONLY	backend/architecture/reports/DEV-008A-CDS-SNAPSHOT-20260628_060614.md	DEV-008A-CDS-SNAPSHOT-20260628_060614.md	36	f077288456c513514565c21e5c328a3ee970a6cbf9488932d0f8434846b9a003	== DUPLICATE SERVICE IDS ==	Candidate evidence only; manual verification required.
EVD-1ed69dc2bda4	SERVICE_DISCOVERY	DOCUMENTATION_ONLY	backend/architecture/reports/DEV-008A-CDS-SNAPSHOT-20260628_060614.md	DEV-008A-CDS-SNAPSHOT-20260628_060614.md	40	f077288456c513514565c21e5c328a3ee970a6cbf9488932d0f8434846b9a003	VALIDATING=/home/nawaf511/empire-core-new/backend/services/bot_execution	Candidate evidence only; manual verification required.
EVD-16e7b7df812e	SERVICE_DISCOVERY	DOCUMENTATION_ONLY	backend/architecture/reports/DEV-008A-CDS-SNAPSHOT-20260628_060614.md	DEV-008A-CDS-SNAPSHOT-20260628_060614.md	41	f077288456c513514565c21e5c328a3ee970a6cbf9488932d0f8434846b9a003	LEGACY_SERVICE=YES	Candidate evidence only; manual verification required.
EVD-fd7536ea6fb3	SERVICE_DISCOVERY	DOCUMENTATION_ONLY	backend/architecture/reports/DEV-008A-CDS-SNAPSHOT-20260628_060614.md	DEV-008A-CDS-SNAPSHOT-20260628_060614.md	43	f077288456c513514565c21e5c328a3ee970a6cbf9488932d0f8434846b9a003	VALIDATION_PASS=REDACTED	Candidate evidence only; manual verification required.
EVD-e65069e976a6	SERVICE_DISCOVERY	DOCUMENTATION_ONLY	backend/architecture/reports/DEV-008A-CDS-SNAPSHOT-20260628_060614.md	DEV-008A-CDS-SNAPSHOT-20260628_060614.md	44	f077288456c513514565c21e5c328a3ee970a6cbf9488932d0f8434846b9a003	VALIDATING=/home/nawaf511/empire-core-new/backend/services/completed_decision	Candidate evidence only; manual verification required.
EVD-b42105da51f0	SERVICE_DISCOVERY	DOCUMENTATION_ONLY	backend/architecture/reports/DEV-008A-CDS-SNAPSHOT-20260628_060614.md	DEV-008A-CDS-SNAPSHOT-20260628_060614.md	45	f077288456c513514565c21e5c328a3ee970a6cbf9488932d0f8434846b9a003	LEGACY_SERVICE=YES	Candidate evidence only; manual verification required.
EVD-5007b5e29004	SERVICE_DISCOVERY	DOCUMENTATION_ONLY	backend/architecture/reports/DEV-008A-CDS-SNAPSHOT-20260628_060614.md	DEV-008A-CDS-SNAPSHOT-20260628_060614.md	47	f077288456c513514565c21e5c328a3ee970a6cbf9488932d0f8434846b9a003	VALIDATION_PASS=REDACTED	Candidate evidence only; manual verification required.
EVD-e04d88c1de4b	SERVICE_DISCOVERY	DOCUMENTATION_ONLY	backend/architecture/reports/DEV-008A-CDS-SNAPSHOT-20260628_060614.md	DEV-008A-CDS-SNAPSHOT-20260628_060614.md	48	f077288456c513514565c21e5c328a3ee970a6cbf9488932d0f8434846b9a003	VALIDATING=/home/nawaf511/empire-core-new/backend/services/ctl-001-workspace-identity	Candidate evidence only; manual verification required.
EVD-12814ff5e03e	SERVICE_DISCOVERY	DOCUMENTATION_ONLY	backend/architecture/reports/DEV-008A-CDS-SNAPSHOT-20260628_060917.md	DEV-008A-CDS-SNAPSHOT-20260628_060917.md	4	a84a0146e4ba2b323348086b4a34c3d424195a10fe16dedebe67df1b303b15f9	HEAD=8c5af98 docs(DEV-008A): snapshot completed decision service	Candidate evidence only; manual verification required.
EVD-af66e34e2676	SERVICE_DISCOVERY	DOCUMENTATION_ONLY	backend/architecture/reports/DEV-008A-CDS-SNAPSHOT-20260628_060917.md	DEV-008A-CDS-SNAPSHOT-20260628_060917.md	17	a84a0146e4ba2b323348086b4a34c3d424195a10fe16dedebe67df1b303b15f9	REQUIRED_PATH_PASS=REDACTED	Candidate evidence only; manual verification required.
EVD-cc302c2ff4f3	SERVICE_DISCOVERY	DOCUMENTATION_ONLY	backend/architecture/reports/DEV-008A-CDS-SNAPSHOT-20260628_060917.md	DEV-008A-CDS-SNAPSHOT-20260628_060917.md	21	a84a0146e4ba2b323348086b4a34c3d424195a10fe16dedebe67df1b303b15f9	SERVICE_REGISTRY_PATH_PASS=REDACTED	Candidate evidence only; manual verification required.
EVD-9d78007dfb3f	SERVICE_DISCOVERY	DOCUMENTATION_ONLY	backend/architecture/reports/DEV-008A-CDS-SNAPSHOT-20260628_060917.md	DEV-008A-CDS-SNAPSHOT-20260628_060917.md	22	a84a0146e4ba2b323348086b4a34c3d424195a10fe16dedebe67df1b303b15f9	SERVICE_REGISTRY_AUTHORITY=NDSP_DOCTOR	Candidate evidence only; manual verification required.
EVD-c6b2c44a74d5	SERVICE_DISCOVERY	DOCUMENTATION_ONLY	backend/architecture/reports/DEV-008A-CDS-SNAPSHOT-20260628_060917.md	DEV-008A-CDS-SNAPSHOT-20260628_060917.md	27	a84a0146e4ba2b323348086b4a34c3d424195a10fe16dedebe67df1b303b15f9	SERVICES_DIR=OK	Candidate evidence only; manual verification required.
EVD-7381e3118fe6	SERVICE_DISCOVERY	DOCUMENTATION_ONLY	backend/architecture/reports/DEV-008A-CDS-SNAPSHOT-20260628_060917.md	DEV-008A-CDS-SNAPSHOT-20260628_060917.md	28	a84a0146e4ba2b323348086b4a34c3d424195a10fe16dedebe67df1b303b15f9	SERVICE_REGISTRY=OK	Candidate evidence only; manual verification required.
EVD-fe6c13e648a5	SERVICE_DISCOVERY	DOCUMENTATION_ONLY	backend/architecture/reports/DEV-008A-CDS-SNAPSHOT-20260628_060917.md	DEV-008A-CDS-SNAPSHOT-20260628_060917.md	29	a84a0146e4ba2b323348086b4a34c3d424195a10fe16dedebe67df1b303b15f9	== SERVICE COUNT ==	Candidate evidence only; manual verification required.
EVD-8994da3a5ba0	SERVICE_DISCOVERY	DOCUMENTATION_ONLY	backend/architecture/reports/DEV-008A-CDS-SNAPSHOT-20260628_060917.md	DEV-008A-CDS-SNAPSHOT-20260628_060917.md	31	a84a0146e4ba2b323348086b4a34c3d424195a10fe16dedebe67df1b303b15f9	== SERVICE IDS ==	Candidate evidence only; manual verification required.
EVD-3411b1ca9eb3	SERVICE_DISCOVERY	DOCUMENTATION_ONLY	backend/architecture/reports/DEV-008A-CDS-SNAPSHOT-20260628_060917.md	DEV-008A-CDS-SNAPSHOT-20260628_060917.md	32	a84a0146e4ba2b323348086b4a34c3d424195a10fe16dedebe67df1b303b15f9	CTL-001 port=9081 file=/home/nawaf511/empire-core-new/backend/services/ctl-001-workspace-identity/service.yaml	Candidate evidence only; manual verification required.
EVD-22e5ef84b3be	SERVICE_DISCOVERY	DOCUMENTATION_ONLY	backend/architecture/reports/DEV-008A-CDS-SNAPSHOT-20260628_060917.md	DEV-008A-CDS-SNAPSHOT-20260628_060917.md	33	a84a0146e4ba2b323348086b4a34c3d424195a10fe16dedebe67df1b303b15f9	CDS-001 port=9078 file=/home/nawaf511/empire-core-new/backend/services/completed_decision/service.yaml	Candidate evidence only; manual verification required.
EVD-c44fd398a041	SERVICE_DISCOVERY	DOCUMENTATION_ONLY	backend/architecture/reports/DEV-008A-CDS-SNAPSHOT-20260628_060917.md	DEV-008A-CDS-SNAPSHOT-20260628_060917.md	34	a84a0146e4ba2b323348086b4a34c3d424195a10fe16dedebe67df1b303b15f9	DGC-001 port=9079 file=/home/nawaf511/empire-core-new/backend/services/decision_governance_core/service.yaml	Candidate evidence only; manual verification required.
EVD-629ecbc857ac	SERVICE_DISCOVERY	DOCUMENTATION_ONLY	backend/architecture/reports/DEV-008A-CDS-SNAPSHOT-20260628_060917.md	DEV-008A-CDS-SNAPSHOT-20260628_060917.md	35	a84a0146e4ba2b323348086b4a34c3d424195a10fe16dedebe67df1b303b15f9	BOT-001 port=9080 file=/home/nawaf511/empire-core-new/backend/services/bot_execution/service.yaml	Candidate evidence only; manual verification required.
EVD-925e330b1310	SERVICE_DISCOVERY	DOCUMENTATION_ONLY	backend/architecture/reports/DEV-008A-CDS-SNAPSHOT-20260628_060917.md	DEV-008A-CDS-SNAPSHOT-20260628_060917.md	36	a84a0146e4ba2b323348086b4a34c3d424195a10fe16dedebe67df1b303b15f9	== DUPLICATE SERVICE IDS ==	Candidate evidence only; manual verification required.
EVD-884c100f7b74	SERVICE_DISCOVERY	DOCUMENTATION_ONLY	backend/architecture/reports/DEV-008A-CDS-SNAPSHOT-20260628_060917.md	DEV-008A-CDS-SNAPSHOT-20260628_060917.md	40	a84a0146e4ba2b323348086b4a34c3d424195a10fe16dedebe67df1b303b15f9	VALIDATING=/home/nawaf511/empire-core-new/backend/services/bot_execution	Candidate evidence only; manual verification required.
EVD-df03a7ed9736	SERVICE_DISCOVERY	DOCUMENTATION_ONLY	backend/architecture/reports/DEV-008A-CDS-SNAPSHOT-20260628_060917.md	DEV-008A-CDS-SNAPSHOT-20260628_060917.md	41	a84a0146e4ba2b323348086b4a34c3d424195a10fe16dedebe67df1b303b15f9	LEGACY_SERVICE=YES	Candidate evidence only; manual verification required.
EVD-48ba096f4495	SERVICE_DISCOVERY	DOCUMENTATION_ONLY	backend/architecture/reports/DEV-008A-CDS-SNAPSHOT-20260628_060917.md	DEV-008A-CDS-SNAPSHOT-20260628_060917.md	43	a84a0146e4ba2b323348086b4a34c3d424195a10fe16dedebe67df1b303b15f9	VALIDATION_PASS=REDACTED	Candidate evidence only; manual verification required.
EVD-331c1c22efc5	SERVICE_DISCOVERY	DOCUMENTATION_ONLY	backend/architecture/reports/DEV-008A-CDS-SNAPSHOT-20260628_060917.md	DEV-008A-CDS-SNAPSHOT-20260628_060917.md	44	a84a0146e4ba2b323348086b4a34c3d424195a10fe16dedebe67df1b303b15f9	VALIDATING=/home/nawaf511/empire-core-new/backend/services/completed_decision	Candidate evidence only; manual verification required.
EVD-4c2d90893549	SERVICE_DISCOVERY	DOCUMENTATION_ONLY	backend/architecture/reports/DEV-008A-CDS-SNAPSHOT-20260628_060917.md	DEV-008A-CDS-SNAPSHOT-20260628_060917.md	45	a84a0146e4ba2b323348086b4a34c3d424195a10fe16dedebe67df1b303b15f9	LEGACY_SERVICE=YES	Candidate evidence only; manual verification required.
EVD-7a1f3956e25f	SERVICE_DISCOVERY	DOCUMENTATION_ONLY	backend/architecture/reports/DEV-008A-CDS-SNAPSHOT-20260628_060917.md	DEV-008A-CDS-SNAPSHOT-20260628_060917.md	47	a84a0146e4ba2b323348086b4a34c3d424195a10fe16dedebe67df1b303b15f9	VALIDATION_PASS=REDACTED	Candidate evidence only; manual verification required.
EVD-163b1d1ef868	SERVICE_DISCOVERY	DOCUMENTATION_ONLY	backend/architecture/reports/DEV-008A-CDS-SNAPSHOT-20260628_060917.md	DEV-008A-CDS-SNAPSHOT-20260628_060917.md	48	a84a0146e4ba2b323348086b4a34c3d424195a10fe16dedebe67df1b303b15f9	VALIDATING=/home/nawaf511/empire-core-new/backend/services/ctl-001-workspace-identity	Candidate evidence only; manual verification required.
EVD-68a3f89cf0aa	SERVICE_DISCOVERY	DOCUMENTATION_ONLY	backend/architecture/reports/DEV-008A-CDS-SNAPSHOT-20260628_061140.md	DEV-008A-CDS-SNAPSHOT-20260628_061140.md	4	ccf0f41d6406ca6d60858ba08f6119cade7879182f6f827d8808c4188c2cd661	HEAD=8bc825a docs(DEV-008A): snapshot completed decision service	Candidate evidence only; manual verification required.
EVD-acc2fb76e2f5	SERVICE_DISCOVERY	DOCUMENTATION_ONLY	backend/architecture/reports/DEV-008A-CDS-SNAPSHOT-20260628_061140.md	DEV-008A-CDS-SNAPSHOT-20260628_061140.md	17	ccf0f41d6406ca6d60858ba08f6119cade7879182f6f827d8808c4188c2cd661	REQUIRED_PATH_PASS=REDACTED	Candidate evidence only; manual verification required.
EVD-101bf38fa17c	SERVICE_DISCOVERY	DOCUMENTATION_ONLY	backend/architecture/reports/DEV-008A-CDS-SNAPSHOT-20260628_061140.md	DEV-008A-CDS-SNAPSHOT-20260628_061140.md	21	ccf0f41d6406ca6d60858ba08f6119cade7879182f6f827d8808c4188c2cd661	SERVICE_REGISTRY_PATH_PASS=REDACTED	Candidate evidence only; manual verification required.
EVD-79974b41a0bc	SERVICE_DISCOVERY	DOCUMENTATION_ONLY	backend/architecture/reports/DEV-008A-CDS-SNAPSHOT-20260628_061140.md	DEV-008A-CDS-SNAPSHOT-20260628_061140.md	22	ccf0f41d6406ca6d60858ba08f6119cade7879182f6f827d8808c4188c2cd661	SERVICE_REGISTRY_AUTHORITY=NDSP_DOCTOR	Candidate evidence only; manual verification required.
EVD-33068e4d5258	SERVICE_DISCOVERY	DOCUMENTATION_ONLY	backend/architecture/reports/DEV-008A-CDS-SNAPSHOT-20260628_061140.md	DEV-008A-CDS-SNAPSHOT-20260628_061140.md	27	ccf0f41d6406ca6d60858ba08f6119cade7879182f6f827d8808c4188c2cd661	SERVICES_DIR=OK	Candidate evidence only; manual verification required.
EVD-d244edc151bb	SERVICE_DISCOVERY	DOCUMENTATION_ONLY	backend/architecture/reports/DEV-008A-CDS-SNAPSHOT-20260628_061140.md	DEV-008A-CDS-SNAPSHOT-20260628_061140.md	28	ccf0f41d6406ca6d60858ba08f6119cade7879182f6f827d8808c4188c2cd661	SERVICE_REGISTRY=OK	Candidate evidence only; manual verification required.
EVD-833ec166d1c9	SERVICE_DISCOVERY	DOCUMENTATION_ONLY	backend/architecture/reports/DEV-008A-CDS-SNAPSHOT-20260628_061140.md	DEV-008A-CDS-SNAPSHOT-20260628_061140.md	29	ccf0f41d6406ca6d60858ba08f6119cade7879182f6f827d8808c4188c2cd661	== SERVICE COUNT ==	Candidate evidence only; manual verification required.
EVD-5765cd000b71	SERVICE_DISCOVERY	DOCUMENTATION_ONLY	backend/architecture/reports/DEV-008A-CDS-SNAPSHOT-20260628_061140.md	DEV-008A-CDS-SNAPSHOT-20260628_061140.md	31	ccf0f41d6406ca6d60858ba08f6119cade7879182f6f827d8808c4188c2cd661	== SERVICE IDS ==	Candidate evidence only; manual verification required.
EVD-e21136022d72	SERVICE_DISCOVERY	DOCUMENTATION_ONLY	backend/architecture/reports/DEV-008A-CDS-SNAPSHOT-20260628_061140.md	DEV-008A-CDS-SNAPSHOT-20260628_061140.md	32	ccf0f41d6406ca6d60858ba08f6119cade7879182f6f827d8808c4188c2cd661	CTL-001 port=9081 file=/home/nawaf511/empire-core-new/backend/services/ctl-001-workspace-identity/service.yaml	Candidate evidence only; manual verification required.
EVD-ac8175a5b739	SERVICE_DISCOVERY	DOCUMENTATION_ONLY	backend/architecture/reports/DEV-008A-CDS-SNAPSHOT-20260628_061140.md	DEV-008A-CDS-SNAPSHOT-20260628_061140.md	33	ccf0f41d6406ca6d60858ba08f6119cade7879182f6f827d8808c4188c2cd661	CDS-001 port=9078 file=/home/nawaf511/empire-core-new/backend/services/completed_decision/service.yaml	Candidate evidence only; manual verification required.
EVD-197006b46406	SERVICE_DISCOVERY	DOCUMENTATION_ONLY	backend/architecture/reports/DEV-008A-CDS-SNAPSHOT-20260628_061140.md	DEV-008A-CDS-SNAPSHOT-20260628_061140.md	34	ccf0f41d6406ca6d60858ba08f6119cade7879182f6f827d8808c4188c2cd661	DGC-001 port=9079 file=/home/nawaf511/empire-core-new/backend/services/decision_governance_core/service.yaml	Candidate evidence only; manual verification required.
EVD-d5a7f9b608f0	SERVICE_DISCOVERY	DOCUMENTATION_ONLY	backend/architecture/reports/DEV-008A-CDS-SNAPSHOT-20260628_061140.md	DEV-008A-CDS-SNAPSHOT-20260628_061140.md	35	ccf0f41d6406ca6d60858ba08f6119cade7879182f6f827d8808c4188c2cd661	BOT-001 port=9080 file=/home/nawaf511/empire-core-new/backend/services/bot_execution/service.yaml	Candidate evidence only; manual verification required.
EVD-0d8526cfe8c3	SERVICE_DISCOVERY	DOCUMENTATION_ONLY	backend/architecture/reports/DEV-008A-CDS-SNAPSHOT-20260628_061140.md	DEV-008A-CDS-SNAPSHOT-20260628_061140.md	36	ccf0f41d6406ca6d60858ba08f6119cade7879182f6f827d8808c4188c2cd661	== DUPLICATE SERVICE IDS ==	Candidate evidence only; manual verification required.
EVD-11264ee2efb0	SERVICE_DISCOVERY	DOCUMENTATION_ONLY	backend/architecture/reports/DEV-008A-CDS-SNAPSHOT-20260628_061140.md	DEV-008A-CDS-SNAPSHOT-20260628_061140.md	40	ccf0f41d6406ca6d60858ba08f6119cade7879182f6f827d8808c4188c2cd661	VALIDATING=/home/nawaf511/empire-core-new/backend/services/bot_execution	Candidate evidence only; manual verification required.
EVD-35c4a10c705b	SERVICE_DISCOVERY	DOCUMENTATION_ONLY	backend/architecture/reports/DEV-008A-CDS-SNAPSHOT-20260628_061140.md	DEV-008A-CDS-SNAPSHOT-20260628_061140.md	41	ccf0f41d6406ca6d60858ba08f6119cade7879182f6f827d8808c4188c2cd661	LEGACY_SERVICE=YES	Candidate evidence only; manual verification required.
EVD-f14539930c82	SERVICE_DISCOVERY	DOCUMENTATION_ONLY	backend/architecture/reports/DEV-008A-CDS-SNAPSHOT-20260628_061140.md	DEV-008A-CDS-SNAPSHOT-20260628_061140.md	43	ccf0f41d6406ca6d60858ba08f6119cade7879182f6f827d8808c4188c2cd661	VALIDATION_PASS=REDACTED	Candidate evidence only; manual verification required.
EVD-e288737a8dfc	SERVICE_DISCOVERY	DOCUMENTATION_ONLY	backend/architecture/reports/DEV-008A-CDS-SNAPSHOT-20260628_061140.md	DEV-008A-CDS-SNAPSHOT-20260628_061140.md	44	ccf0f41d6406ca6d60858ba08f6119cade7879182f6f827d8808c4188c2cd661	VALIDATING=/home/nawaf511/empire-core-new/backend/services/completed_decision	Candidate evidence only; manual verification required.
EVD-a73ccf9333c2	SERVICE_DISCOVERY	DOCUMENTATION_ONLY	backend/architecture/reports/DEV-008A-CDS-SNAPSHOT-20260628_061140.md	DEV-008A-CDS-SNAPSHOT-20260628_061140.md	45	ccf0f41d6406ca6d60858ba08f6119cade7879182f6f827d8808c4188c2cd661	LEGACY_SERVICE=YES	Candidate evidence only; manual verification required.
EVD-a6bcba427732	SERVICE_DISCOVERY	DOCUMENTATION_ONLY	backend/architecture/reports/DEV-008A-CDS-SNAPSHOT-20260628_061140.md	DEV-008A-CDS-SNAPSHOT-20260628_061140.md	47	ccf0f41d6406ca6d60858ba08f6119cade7879182f6f827d8808c4188c2cd661	VALIDATION_PASS=REDACTED	Candidate evidence only; manual verification required.
EVD-b7c167c8ee81	SERVICE_DISCOVERY	DOCUMENTATION_ONLY	backend/architecture/reports/DEV-008A-CDS-SNAPSHOT-20260628_061140.md	DEV-008A-CDS-SNAPSHOT-20260628_061140.md	48	ccf0f41d6406ca6d60858ba08f6119cade7879182f6f827d8808c4188c2cd661	VALIDATING=/home/nawaf511/empire-core-new/backend/services/ctl-001-workspace-identity	Candidate evidence only; manual verification required.
EVD-98c0cb48904a	SERVICE_DISCOVERY	DOCUMENTATION_ONLY	backend/architecture/reports/DEV-008A-CDS-SNAPSHOT-20260628_061520.md	DEV-008A-CDS-SNAPSHOT-20260628_061520.md	4	26392a49a191f051f6af6e76f5489dec82d20316f23d548dc4cab53976d5631f	HEAD=065fd4c docs(DEV-008A): snapshot completed decision service	Candidate evidence only; manual verification required.
EVD-ef3ed371c3fe	SERVICE_DISCOVERY	DOCUMENTATION_ONLY	backend/architecture/reports/DEV-008A-CDS-SNAPSHOT-20260628_061520.md	DEV-008A-CDS-SNAPSHOT-20260628_061520.md	17	26392a49a191f051f6af6e76f5489dec82d20316f23d548dc4cab53976d5631f	REQUIRED_PATH_PASS=REDACTED	Candidate evidence only; manual verification required.
EVD-7b6e02d4577d	SERVICE_DISCOVERY	DOCUMENTATION_ONLY	backend/architecture/reports/DEV-008A-CDS-SNAPSHOT-20260628_061520.md	DEV-008A-CDS-SNAPSHOT-20260628_061520.md	21	26392a49a191f051f6af6e76f5489dec82d20316f23d548dc4cab53976d5631f	SERVICE_REGISTRY_PATH_PASS=REDACTED	Candidate evidence only; manual verification required.
EVD-318b8aab7887	SERVICE_DISCOVERY	DOCUMENTATION_ONLY	backend/architecture/reports/DEV-008A-CDS-SNAPSHOT-20260628_061520.md	DEV-008A-CDS-SNAPSHOT-20260628_061520.md	22	26392a49a191f051f6af6e76f5489dec82d20316f23d548dc4cab53976d5631f	SERVICE_REGISTRY_AUTHORITY=NDSP_DOCTOR	Candidate evidence only; manual verification required.
EVD-9f2df350e4a9	SERVICE_DISCOVERY	DOCUMENTATION_ONLY	backend/architecture/reports/DEV-008A-CDS-SNAPSHOT-20260628_061520.md	DEV-008A-CDS-SNAPSHOT-20260628_061520.md	27	26392a49a191f051f6af6e76f5489dec82d20316f23d548dc4cab53976d5631f	SERVICES_DIR=OK	Candidate evidence only; manual verification required.
EVD-760f14e73355	SERVICE_DISCOVERY	DOCUMENTATION_ONLY	backend/architecture/reports/DEV-008A-CDS-SNAPSHOT-20260628_061520.md	DEV-008A-CDS-SNAPSHOT-20260628_061520.md	28	26392a49a191f051f6af6e76f5489dec82d20316f23d548dc4cab53976d5631f	SERVICE_REGISTRY=OK	Candidate evidence only; manual verification required.
EVD-26c042ddb0eb	SERVICE_DISCOVERY	DOCUMENTATION_ONLY	backend/architecture/reports/DEV-008A-CDS-SNAPSHOT-20260628_061520.md	DEV-008A-CDS-SNAPSHOT-20260628_061520.md	29	26392a49a191f051f6af6e76f5489dec82d20316f23d548dc4cab53976d5631f	== SERVICE COUNT ==	Candidate evidence only; manual verification required.
EVD-1271de13f986	SERVICE_DISCOVERY	DOCUMENTATION_ONLY	backend/architecture/reports/DEV-008A-CDS-SNAPSHOT-20260628_061520.md	DEV-008A-CDS-SNAPSHOT-20260628_061520.md	31	26392a49a191f051f6af6e76f5489dec82d20316f23d548dc4cab53976d5631f	== SERVICE IDS ==	Candidate evidence only; manual verification required.
EVD-9c63d51f298f	SERVICE_DISCOVERY	DOCUMENTATION_ONLY	backend/architecture/reports/DEV-008A-CDS-SNAPSHOT-20260628_061520.md	DEV-008A-CDS-SNAPSHOT-20260628_061520.md	32	26392a49a191f051f6af6e76f5489dec82d20316f23d548dc4cab53976d5631f	CTL-001 port=9081 file=/home/nawaf511/empire-core-new/backend/services/ctl-001-workspace-identity/service.yaml	Candidate evidence only; manual verification required.
EVD-cd5586201d4b	SERVICE_DISCOVERY	DOCUMENTATION_ONLY	backend/architecture/reports/DEV-008A-CDS-SNAPSHOT-20260628_061520.md	DEV-008A-CDS-SNAPSHOT-20260628_061520.md	33	26392a49a191f051f6af6e76f5489dec82d20316f23d548dc4cab53976d5631f	CDS-001 port=9078 file=/home/nawaf511/empire-core-new/backend/services/completed_decision/service.yaml	Candidate evidence only; manual verification required.
EVD-589e557e09c9	SERVICE_DISCOVERY	DOCUMENTATION_ONLY	backend/architecture/reports/DEV-008A-CDS-SNAPSHOT-20260628_061520.md	DEV-008A-CDS-SNAPSHOT-20260628_061520.md	34	26392a49a191f051f6af6e76f5489dec82d20316f23d548dc4cab53976d5631f	DGC-001 port=9079 file=/home/nawaf511/empire-core-new/backend/services/decision_governance_core/service.yaml	Candidate evidence only; manual verification required.
EVD-2c03e1b0bdcd	SERVICE_DISCOVERY	DOCUMENTATION_ONLY	backend/architecture/reports/DEV-008A-CDS-SNAPSHOT-20260628_061520.md	DEV-008A-CDS-SNAPSHOT-20260628_061520.md	35	26392a49a191f051f6af6e76f5489dec82d20316f23d548dc4cab53976d5631f	BOT-001 port=9080 file=/home/nawaf511/empire-core-new/backend/services/bot_execution/service.yaml	Candidate evidence only; manual verification required.
EVD-7bfe71a3bca1	SERVICE_DISCOVERY	DOCUMENTATION_ONLY	backend/architecture/reports/DEV-008A-CDS-SNAPSHOT-20260628_061520.md	DEV-008A-CDS-SNAPSHOT-20260628_061520.md	36	26392a49a191f051f6af6e76f5489dec82d20316f23d548dc4cab53976d5631f	== DUPLICATE SERVICE IDS ==	Candidate evidence only; manual verification required.
EVD-55cc3e756f32	SERVICE_DISCOVERY	DOCUMENTATION_ONLY	backend/architecture/reports/DEV-008A-CDS-SNAPSHOT-20260628_061520.md	DEV-008A-CDS-SNAPSHOT-20260628_061520.md	40	26392a49a191f051f6af6e76f5489dec82d20316f23d548dc4cab53976d5631f	VALIDATING=/home/nawaf511/empire-core-new/backend/services/bot_execution	Candidate evidence only; manual verification required.
EVD-5f29f421af21	SERVICE_DISCOVERY	DOCUMENTATION_ONLY	backend/architecture/reports/DEV-008A-CDS-SNAPSHOT-20260628_061520.md	DEV-008A-CDS-SNAPSHOT-20260628_061520.md	41	26392a49a191f051f6af6e76f5489dec82d20316f23d548dc4cab53976d5631f	LEGACY_SERVICE=YES	Candidate evidence only; manual verification required.
EVD-ccdb7d2b6582	SERVICE_DISCOVERY	DOCUMENTATION_ONLY	backend/architecture/reports/DEV-008A-CDS-SNAPSHOT-20260628_061520.md	DEV-008A-CDS-SNAPSHOT-20260628_061520.md	43	26392a49a191f051f6af6e76f5489dec82d20316f23d548dc4cab53976d5631f	VALIDATION_PASS=REDACTED	Candidate evidence only; manual verification required.
EVD-29a880e30d76	SERVICE_DISCOVERY	DOCUMENTATION_ONLY	backend/architecture/reports/DEV-008A-CDS-SNAPSHOT-20260628_061520.md	DEV-008A-CDS-SNAPSHOT-20260628_061520.md	44	26392a49a191f051f6af6e76f5489dec82d20316f23d548dc4cab53976d5631f	VALIDATING=/home/nawaf511/empire-core-new/backend/services/completed_decision	Candidate evidence only; manual verification required.
EVD-b683e32d787f	SERVICE_DISCOVERY	DOCUMENTATION_ONLY	backend/architecture/reports/DEV-008A-CDS-SNAPSHOT-20260628_061520.md	DEV-008A-CDS-SNAPSHOT-20260628_061520.md	45	26392a49a191f051f6af6e76f5489dec82d20316f23d548dc4cab53976d5631f	LEGACY_SERVICE=YES	Candidate evidence only; manual verification required.
EVD-964324371e1f	SERVICE_DISCOVERY	DOCUMENTATION_ONLY	backend/architecture/reports/DEV-008A-CDS-SNAPSHOT-20260628_061520.md	DEV-008A-CDS-SNAPSHOT-20260628_061520.md	47	26392a49a191f051f6af6e76f5489dec82d20316f23d548dc4cab53976d5631f	VALIDATION_PASS=REDACTED	Candidate evidence only; manual verification required.
EVD-c0af1d4e50bd	SERVICE_DISCOVERY	DOCUMENTATION_ONLY	backend/architecture/reports/DEV-008A-CDS-SNAPSHOT-20260628_061520.md	DEV-008A-CDS-SNAPSHOT-20260628_061520.md	48	26392a49a191f051f6af6e76f5489dec82d20316f23d548dc4cab53976d5631f	VALIDATING=/home/nawaf511/empire-core-new/backend/services/ctl-001-workspace-identity	Candidate evidence only; manual verification required.
EVD-0da6e2e9cedf	SERVICE_DISCOVERY	DOCUMENTATION_ONLY	backend/architecture/reports/DEV-008B-CDS-ENG001-ADAPTER-20260628_062252.md	DEV-008B-CDS-ENG001-ADAPTER-20260628_062252.md	4	f4c49e1e6e49eca70dce17aaee5aa2c0e5447ead8f0f953ab6509aadc8320ed9	HEAD=afa20e4 docs(DEV-008A): snapshot completed decision service	Candidate evidence only; manual verification required.
EVD-eddc554beb77	SERVICE_DISCOVERY	DOCUMENTATION_ONLY	backend/architecture/reports/DEV-008B-CDS-ENG001-ADAPTER-20260628_062252.md	DEV-008B-CDS-ENG001-ADAPTER-20260628_062252.md	7	f4c49e1e6e49eca70dce17aaee5aa2c0e5447ead8f0f953ab6509aadc8320ed9	M backend/services/completed_decision/main.cjs	Candidate evidence only; manual verification required.
EVD-1a675c5a5d0e	SERVICE_DISCOVERY	DOCUMENTATION_ONLY	backend/architecture/reports/DEV-008B-CDS-ENG001-ADAPTER-20260628_062252.md	DEV-008B-CDS-ENG001-ADAPTER-20260628_062252.md	8	f4c49e1e6e49eca70dce17aaee5aa2c0e5447ead8f0f953ab6509aadc8320ed9	M backend/services/completed_decision/service.yaml	Candidate evidence only; manual verification required.
EVD-d543a2270c5d	SERVICE_DISCOVERY	DOCUMENTATION_ONLY	backend/architecture/reports/DEV-008B-CDS-ENG001-ADAPTER-20260628_062252.md	DEV-008B-CDS-ENG001-ADAPTER-20260628_062252.md	10	f4c49e1e6e49eca70dce17aaee5aa2c0e5447ead8f0f953ab6509aadc8320ed9	?? backend/services/completed_decision/contracts/CDS-001-ENG-001-ADAPTER-CONTRACT.md	Candidate evidence only; manual verification required.
EVD-1cfb7cb07788	SERVICE_DISCOVERY	DOCUMENTATION_ONLY	backend/architecture/reports/DEV-008B-CDS-ENG001-ADAPTER-20260628_062252.md	DEV-008B-CDS-ENG001-ADAPTER-20260628_062252.md	11	f4c49e1e6e49eca70dce17aaee5aa2c0e5447ead8f0f953ab6509aadc8320ed9	?? backend/services/completed_decision/framework-adapter.cjs	Candidate evidence only; manual verification required.
EVD-c6e76fdc6146	SERVICE_DISCOVERY	DOCUMENTATION_ONLY	backend/architecture/reports/DEV-008B-CDS-ENG001-ADAPTER-20260628_062252.md	DEV-008B-CDS-ENG001-ADAPTER-20260628_062252.md	21	f4c49e1e6e49eca70dce17aaee5aa2c0e5447ead8f0f953ab6509aadc8320ed9	REQUIRED_PATH_PASS=REDACTED	Candidate evidence only; manual verification required.
EVD-d83900237cd0	SERVICE_DISCOVERY	DOCUMENTATION_ONLY	backend/architecture/reports/DEV-008B-CDS-ENG001-ADAPTER-20260628_062252.md	DEV-008B-CDS-ENG001-ADAPTER-20260628_062252.md	25	f4c49e1e6e49eca70dce17aaee5aa2c0e5447ead8f0f953ab6509aadc8320ed9	SERVICE_REGISTRY_PATH_PASS=REDACTED	Candidate evidence only; manual verification required.
EVD-ce6fc2faeabd	SERVICE_DISCOVERY	DOCUMENTATION_ONLY	backend/architecture/reports/DEV-008B-CDS-ENG001-ADAPTER-20260628_062252.md	DEV-008B-CDS-ENG001-ADAPTER-20260628_062252.md	26	f4c49e1e6e49eca70dce17aaee5aa2c0e5447ead8f0f953ab6509aadc8320ed9	SERVICE_REGISTRY_AUTHORITY=NDSP_DOCTOR	Candidate evidence only; manual verification required.
EVD-1f652a202961	SERVICE_DISCOVERY	DOCUMENTATION_ONLY	backend/architecture/reports/DEV-008B-CDS-ENG001-ADAPTER-20260628_062252.md	DEV-008B-CDS-ENG001-ADAPTER-20260628_062252.md	31	f4c49e1e6e49eca70dce17aaee5aa2c0e5447ead8f0f953ab6509aadc8320ed9	SERVICES_DIR=OK	Candidate evidence only; manual verification required.
EVD-5d6deec57283	SERVICE_DISCOVERY	DOCUMENTATION_ONLY	backend/architecture/reports/DEV-008B-CDS-ENG001-ADAPTER-20260628_062252.md	DEV-008B-CDS-ENG001-ADAPTER-20260628_062252.md	32	f4c49e1e6e49eca70dce17aaee5aa2c0e5447ead8f0f953ab6509aadc8320ed9	SERVICE_REGISTRY=OK	Candidate evidence only; manual verification required.
EVD-cb7026f795c3	SERVICE_DISCOVERY	DOCUMENTATION_ONLY	backend/architecture/reports/DEV-008B-CDS-ENG001-ADAPTER-20260628_062252.md	DEV-008B-CDS-ENG001-ADAPTER-20260628_062252.md	33	f4c49e1e6e49eca70dce17aaee5aa2c0e5447ead8f0f953ab6509aadc8320ed9	== SERVICE COUNT ==	Candidate evidence only; manual verification required.
EVD-4156ffea1980	SERVICE_DISCOVERY	DOCUMENTATION_ONLY	backend/architecture/reports/DEV-008B-CDS-ENG001-ADAPTER-20260628_062252.md	DEV-008B-CDS-ENG001-ADAPTER-20260628_062252.md	35	f4c49e1e6e49eca70dce17aaee5aa2c0e5447ead8f0f953ab6509aadc8320ed9	== SERVICE IDS ==	Candidate evidence only; manual verification required.
EVD-b9813f883357	SERVICE_DISCOVERY	DOCUMENTATION_ONLY	backend/architecture/reports/DEV-008B-CDS-ENG001-ADAPTER-20260628_062252.md	DEV-008B-CDS-ENG001-ADAPTER-20260628_062252.md	36	f4c49e1e6e49eca70dce17aaee5aa2c0e5447ead8f0f953ab6509aadc8320ed9	CTL-001 port=9081 file=/home/nawaf511/empire-core-new/backend/services/ctl-001-workspace-identity/service.yaml	Candidate evidence only; manual verification required.
EVD-ddab2221e947	SERVICE_DISCOVERY	DOCUMENTATION_ONLY	backend/architecture/reports/DEV-008B-CDS-ENG001-ADAPTER-20260628_062252.md	DEV-008B-CDS-ENG001-ADAPTER-20260628_062252.md	37	f4c49e1e6e49eca70dce17aaee5aa2c0e5447ead8f0f953ab6509aadc8320ed9	CDS-001 port=9078 file=/home/nawaf511/empire-core-new/backend/services/completed_decision/service.yaml	Candidate evidence only; manual verification required.
EVD-263447dc5404	SERVICE_DISCOVERY	DOCUMENTATION_ONLY	backend/architecture/reports/DEV-008B-CDS-ENG001-ADAPTER-20260628_062252.md	DEV-008B-CDS-ENG001-ADAPTER-20260628_062252.md	38	f4c49e1e6e49eca70dce17aaee5aa2c0e5447ead8f0f953ab6509aadc8320ed9	DGC-001 port=9079 file=/home/nawaf511/empire-core-new/backend/services/decision_governance_core/service.yaml	Candidate evidence only; manual verification required.
EVD-31a272655ca7	SERVICE_DISCOVERY	DOCUMENTATION_ONLY	backend/architecture/reports/DEV-008B-CDS-ENG001-ADAPTER-20260628_062252.md	DEV-008B-CDS-ENG001-ADAPTER-20260628_062252.md	39	f4c49e1e6e49eca70dce17aaee5aa2c0e5447ead8f0f953ab6509aadc8320ed9	BOT-001 port=9080 file=/home/nawaf511/empire-core-new/backend/services/bot_execution/service.yaml	Candidate evidence only; manual verification required.
EVD-f52b63c6077a	SERVICE_DISCOVERY	DOCUMENTATION_ONLY	backend/architecture/reports/DEV-008B-CDS-ENG001-ADAPTER-20260628_062252.md	DEV-008B-CDS-ENG001-ADAPTER-20260628_062252.md	40	f4c49e1e6e49eca70dce17aaee5aa2c0e5447ead8f0f953ab6509aadc8320ed9	== DUPLICATE SERVICE IDS ==	Candidate evidence only; manual verification required.
EVD-18aca89c88af	SERVICE_DISCOVERY	DOCUMENTATION_ONLY	backend/architecture/reports/DEV-008B-CDS-ENG001-ADAPTER-20260628_062252.md	DEV-008B-CDS-ENG001-ADAPTER-20260628_062252.md	44	f4c49e1e6e49eca70dce17aaee5aa2c0e5447ead8f0f953ab6509aadc8320ed9	VALIDATING=/home/nawaf511/empire-core-new/backend/services/bot_execution	Candidate evidence only; manual verification required.
EVD-dd4910612984	SERVICE_DISCOVERY	DOCUMENTATION_ONLY	backend/architecture/reports/DEV-008B-CDS-ENG001-ADAPTER-20260628_062252.md	DEV-008B-CDS-ENG001-ADAPTER-20260628_062252.md	45	f4c49e1e6e49eca70dce17aaee5aa2c0e5447ead8f0f953ab6509aadc8320ed9	LEGACY_SERVICE=YES	Candidate evidence only; manual verification required.
EVD-b16982f4813d	SERVICE_DISCOVERY	DOCUMENTATION_ONLY	backend/architecture/reports/DEV-008B-CDS-ENG001-ADAPTER-20260628_062252.md	DEV-008B-CDS-ENG001-ADAPTER-20260628_062252.md	47	f4c49e1e6e49eca70dce17aaee5aa2c0e5447ead8f0f953ab6509aadc8320ed9	VALIDATION_PASS=REDACTED	Candidate evidence only; manual verification required.
EVD-ea27aa8f909f	SERVICE_DISCOVERY	DOCUMENTATION_ONLY	backend/architecture/reports/DEV-008C-CDS-RUNTIME-SMOKE-20260628_062723.md	DEV-008C-CDS-RUNTIME-SMOKE-20260628_062723.md	4	2498c571788dcb037dc94809ed957fbc3cbd0d3bee56b6aa051c2d21c8d28b79	HEAD=bf51062 feat(DEV-008B): migrate completed decision service to ENG-001 adapter	Candidate evidence only; manual verification required.
EVD-fbbab1273102	SERVICE_DISCOVERY	DOCUMENTATION_ONLY	backend/architecture/reports/DEV-008C-CDS-RUNTIME-SMOKE-20260628_062723.md	DEV-008C-CDS-RUNTIME-SMOKE-20260628_062723.md	17	2498c571788dcb037dc94809ed957fbc3cbd0d3bee56b6aa051c2d21c8d28b79	REQUIRED_PATH_PASS=REDACTED	Candidate evidence only; manual verification required.
EVD-aa75c910dfd6	SERVICE_DISCOVERY	DOCUMENTATION_ONLY	backend/architecture/reports/DEV-008C-CDS-RUNTIME-SMOKE-20260628_062723.md	DEV-008C-CDS-RUNTIME-SMOKE-20260628_062723.md	21	2498c571788dcb037dc94809ed957fbc3cbd0d3bee56b6aa051c2d21c8d28b79	SERVICE_REGISTRY_PATH_PASS=REDACTED	Candidate evidence only; manual verification required.
EVD-079541ccb602	SERVICE_DISCOVERY	DOCUMENTATION_ONLY	backend/architecture/reports/DEV-008C-CDS-RUNTIME-SMOKE-20260628_062723.md	DEV-008C-CDS-RUNTIME-SMOKE-20260628_062723.md	22	2498c571788dcb037dc94809ed957fbc3cbd0d3bee56b6aa051c2d21c8d28b79	SERVICE_REGISTRY_AUTHORITY=NDSP_DOCTOR	Candidate evidence only; manual verification required.
EVD-119243c2e49c	SERVICE_DISCOVERY	DOCUMENTATION_ONLY	backend/architecture/reports/DEV-008C-CDS-RUNTIME-SMOKE-20260628_062723.md	DEV-008C-CDS-RUNTIME-SMOKE-20260628_062723.md	27	2498c571788dcb037dc94809ed957fbc3cbd0d3bee56b6aa051c2d21c8d28b79	SERVICES_DIR=OK	Candidate evidence only; manual verification required.
EVD-387db373e2b0	SERVICE_DISCOVERY	DOCUMENTATION_ONLY	backend/architecture/reports/DEV-008C-CDS-RUNTIME-SMOKE-20260628_062723.md	DEV-008C-CDS-RUNTIME-SMOKE-20260628_062723.md	28	2498c571788dcb037dc94809ed957fbc3cbd0d3bee56b6aa051c2d21c8d28b79	SERVICE_REGISTRY=OK	Candidate evidence only; manual verification required.
EVD-a8c4f6719ce4	SERVICE_DISCOVERY	DOCUMENTATION_ONLY	backend/architecture/reports/DEV-008C-CDS-RUNTIME-SMOKE-20260628_062723.md	DEV-008C-CDS-RUNTIME-SMOKE-20260628_062723.md	29	2498c571788dcb037dc94809ed957fbc3cbd0d3bee56b6aa051c2d21c8d28b79	== SERVICE COUNT ==	Candidate evidence only; manual verification required.
EVD-1481dcf24d5a	SERVICE_DISCOVERY	DOCUMENTATION_ONLY	backend/architecture/reports/DEV-008C-CDS-RUNTIME-SMOKE-20260628_062723.md	DEV-008C-CDS-RUNTIME-SMOKE-20260628_062723.md	31	2498c571788dcb037dc94809ed957fbc3cbd0d3bee56b6aa051c2d21c8d28b79	== SERVICE IDS ==	Candidate evidence only; manual verification required.
EVD-387cd306be98	SERVICE_DISCOVERY	DOCUMENTATION_ONLY	backend/architecture/reports/DEV-008C-CDS-RUNTIME-SMOKE-20260628_062723.md	DEV-008C-CDS-RUNTIME-SMOKE-20260628_062723.md	32	2498c571788dcb037dc94809ed957fbc3cbd0d3bee56b6aa051c2d21c8d28b79	CTL-001 port=9081 file=/home/nawaf511/empire-core-new/backend/services/ctl-001-workspace-identity/service.yaml	Candidate evidence only; manual verification required.
EVD-02f9537f7022	SERVICE_DISCOVERY	DOCUMENTATION_ONLY	backend/architecture/reports/DEV-008C-CDS-RUNTIME-SMOKE-20260628_062723.md	DEV-008C-CDS-RUNTIME-SMOKE-20260628_062723.md	33	2498c571788dcb037dc94809ed957fbc3cbd0d3bee56b6aa051c2d21c8d28b79	CDS-001 port=9078 file=/home/nawaf511/empire-core-new/backend/services/completed_decision/service.yaml	Candidate evidence only; manual verification required.
EVD-2e56b5bcc770	SERVICE_DISCOVERY	DOCUMENTATION_ONLY	backend/architecture/reports/DEV-008C-CDS-RUNTIME-SMOKE-20260628_062723.md	DEV-008C-CDS-RUNTIME-SMOKE-20260628_062723.md	34	2498c571788dcb037dc94809ed957fbc3cbd0d3bee56b6aa051c2d21c8d28b79	DGC-001 port=9079 file=/home/nawaf511/empire-core-new/backend/services/decision_governance_core/service.yaml	Candidate evidence only; manual verification required.
EVD-4485727988fb	SERVICE_DISCOVERY	DOCUMENTATION_ONLY	backend/architecture/reports/DEV-008C-CDS-RUNTIME-SMOKE-20260628_062723.md	DEV-008C-CDS-RUNTIME-SMOKE-20260628_062723.md	35	2498c571788dcb037dc94809ed957fbc3cbd0d3bee56b6aa051c2d21c8d28b79	BOT-001 port=9080 file=/home/nawaf511/empire-core-new/backend/services/bot_execution/service.yaml	Candidate evidence only; manual verification required.
EVD-73581b51094c	SERVICE_DISCOVERY	DOCUMENTATION_ONLY	backend/architecture/reports/DEV-008C-CDS-RUNTIME-SMOKE-20260628_062723.md	DEV-008C-CDS-RUNTIME-SMOKE-20260628_062723.md	36	2498c571788dcb037dc94809ed957fbc3cbd0d3bee56b6aa051c2d21c8d28b79	== DUPLICATE SERVICE IDS ==	Candidate evidence only; manual verification required.
EVD-521b9cfa1eff	SERVICE_DISCOVERY	DOCUMENTATION_ONLY	backend/architecture/reports/DEV-008C-CDS-RUNTIME-SMOKE-20260628_062723.md	DEV-008C-CDS-RUNTIME-SMOKE-20260628_062723.md	40	2498c571788dcb037dc94809ed957fbc3cbd0d3bee56b6aa051c2d21c8d28b79	VALIDATING=/home/nawaf511/empire-core-new/backend/services/bot_execution	Candidate evidence only; manual verification required.
EVD-2b41ff960a01	SERVICE_DISCOVERY	DOCUMENTATION_ONLY	backend/architecture/reports/DEV-008C-CDS-RUNTIME-SMOKE-20260628_062723.md	DEV-008C-CDS-RUNTIME-SMOKE-20260628_062723.md	41	2498c571788dcb037dc94809ed957fbc3cbd0d3bee56b6aa051c2d21c8d28b79	LEGACY_SERVICE=YES	Candidate evidence only; manual verification required.
EVD-5588695ef33d	SERVICE_DISCOVERY	DOCUMENTATION_ONLY	backend/architecture/reports/DEV-008C-CDS-RUNTIME-SMOKE-20260628_062723.md	DEV-008C-CDS-RUNTIME-SMOKE-20260628_062723.md	43	2498c571788dcb037dc94809ed957fbc3cbd0d3bee56b6aa051c2d21c8d28b79	VALIDATION_PASS=REDACTED	Candidate evidence only; manual verification required.
EVD-399f9a3598fe	SERVICE_DISCOVERY	DOCUMENTATION_ONLY	backend/architecture/reports/DEV-008C-CDS-RUNTIME-SMOKE-20260628_062723.md	DEV-008C-CDS-RUNTIME-SMOKE-20260628_062723.md	44	2498c571788dcb037dc94809ed957fbc3cbd0d3bee56b6aa051c2d21c8d28b79	VALIDATING=/home/nawaf511/empire-core-new/backend/services/completed_decision	Candidate evidence only; manual verification required.
EVD-16ca6c4cc180	SERVICE_DISCOVERY	DOCUMENTATION_ONLY	backend/architecture/reports/DEV-008C-CDS-RUNTIME-SMOKE-20260628_062723.md	DEV-008C-CDS-RUNTIME-SMOKE-20260628_062723.md	45	2498c571788dcb037dc94809ed957fbc3cbd0d3bee56b6aa051c2d21c8d28b79	VALIDATION_PASS=REDACTED	Candidate evidence only; manual verification required.
EVD-9fc9d1c92de8	SERVICE_DISCOVERY	DOCUMENTATION_ONLY	backend/architecture/reports/DEV-008C-CDS-RUNTIME-SMOKE-20260628_062723.md	DEV-008C-CDS-RUNTIME-SMOKE-20260628_062723.md	46	2498c571788dcb037dc94809ed957fbc3cbd0d3bee56b6aa051c2d21c8d28b79	VALIDATING=/home/nawaf511/empire-core-new/backend/services/ctl-001-workspace-identity	Candidate evidence only; manual verification required.
EVD-1c7410dd2fe2	SERVICE_DISCOVERY	DOCUMENTATION_ONLY	backend/architecture/reports/DEV-008C-CDS-RUNTIME-SMOKE-20260628_062723.md	DEV-008C-CDS-RUNTIME-SMOKE-20260628_062723.md	47	2498c571788dcb037dc94809ed957fbc3cbd0d3bee56b6aa051c2d21c8d28b79	VALIDATION_PASS=REDACTED	Candidate evidence only; manual verification required.
EVD-73038930be4a	SERVICE_DISCOVERY	DOCUMENTATION_ONLY	backend/architecture/reports/DEV-008D-CDS-DEPENDENCY-CHECK-20260628_063610.md	DEV-008D-CDS-DEPENDENCY-CHECK-20260628_063610.md	17	91d737e74f9628711add91e619cb828c4585a7492cca072d981ded2ec631fde1	REQUIRED_PATH_PASS=REDACTED	Candidate evidence only; manual verification required.
EVD-4813cc9b4c72	SERVICE_DISCOVERY	DOCUMENTATION_ONLY	backend/architecture/reports/DEV-008D-CDS-DEPENDENCY-CHECK-20260628_063610.md	DEV-008D-CDS-DEPENDENCY-CHECK-20260628_063610.md	21	91d737e74f9628711add91e619cb828c4585a7492cca072d981ded2ec631fde1	SERVICE_REGISTRY_PATH_PASS=REDACTED	Candidate evidence only; manual verification required.
EVD-215e086f77b6	SERVICE_DISCOVERY	DOCUMENTATION_ONLY	backend/architecture/reports/DEV-008D-CDS-DEPENDENCY-CHECK-20260628_063610.md	DEV-008D-CDS-DEPENDENCY-CHECK-20260628_063610.md	22	91d737e74f9628711add91e619cb828c4585a7492cca072d981ded2ec631fde1	SERVICE_REGISTRY_AUTHORITY=NDSP_DOCTOR	Candidate evidence only; manual verification required.
EVD-6b1b2d883e99	SERVICE_DISCOVERY	DOCUMENTATION_ONLY	backend/architecture/reports/DEV-008D-CDS-DEPENDENCY-CHECK-20260628_063610.md	DEV-008D-CDS-DEPENDENCY-CHECK-20260628_063610.md	27	91d737e74f9628711add91e619cb828c4585a7492cca072d981ded2ec631fde1	SERVICES_DIR=OK	Candidate evidence only; manual verification required.
EVD-820ba2644b93	SERVICE_DISCOVERY	DOCUMENTATION_ONLY	backend/architecture/reports/DEV-008D-CDS-DEPENDENCY-CHECK-20260628_063610.md	DEV-008D-CDS-DEPENDENCY-CHECK-20260628_063610.md	28	91d737e74f9628711add91e619cb828c4585a7492cca072d981ded2ec631fde1	SERVICE_REGISTRY=OK	Candidate evidence only; manual verification required.
EVD-5148b183a371	SERVICE_DISCOVERY	DOCUMENTATION_ONLY	backend/architecture/reports/DEV-008D-CDS-DEPENDENCY-CHECK-20260628_063610.md	DEV-008D-CDS-DEPENDENCY-CHECK-20260628_063610.md	29	91d737e74f9628711add91e619cb828c4585a7492cca072d981ded2ec631fde1	== SERVICE COUNT ==	Candidate evidence only; manual verification required.
EVD-41b6c182a206	SERVICE_DISCOVERY	DOCUMENTATION_ONLY	backend/architecture/reports/DEV-008D-CDS-DEPENDENCY-CHECK-20260628_063610.md	DEV-008D-CDS-DEPENDENCY-CHECK-20260628_063610.md	31	91d737e74f9628711add91e619cb828c4585a7492cca072d981ded2ec631fde1	== SERVICE IDS ==	Candidate evidence only; manual verification required.
EVD-d90e734f3e03	SERVICE_DISCOVERY	DOCUMENTATION_ONLY	backend/architecture/reports/DEV-008D-CDS-DEPENDENCY-CHECK-20260628_063610.md	DEV-008D-CDS-DEPENDENCY-CHECK-20260628_063610.md	32	91d737e74f9628711add91e619cb828c4585a7492cca072d981ded2ec631fde1	CTL-001 port=9081 file=/home/nawaf511/empire-core-new/backend/services/ctl-001-workspace-identity/service.yaml	Candidate evidence only; manual verification required.
EVD-f9a76f507d1f	SERVICE_DISCOVERY	DOCUMENTATION_ONLY	backend/architecture/reports/DEV-008D-CDS-DEPENDENCY-CHECK-20260628_063610.md	DEV-008D-CDS-DEPENDENCY-CHECK-20260628_063610.md	33	91d737e74f9628711add91e619cb828c4585a7492cca072d981ded2ec631fde1	CDS-001 port=9078 file=/home/nawaf511/empire-core-new/backend/services/completed_decision/service.yaml	Candidate evidence only; manual verification required.
EVD-d613fc67fb92	SERVICE_DISCOVERY	DOCUMENTATION_ONLY	backend/architecture/reports/DEV-008D-CDS-DEPENDENCY-CHECK-20260628_063610.md	DEV-008D-CDS-DEPENDENCY-CHECK-20260628_063610.md	34	91d737e74f9628711add91e619cb828c4585a7492cca072d981ded2ec631fde1	DGC-001 port=9079 file=/home/nawaf511/empire-core-new/backend/services/decision_governance_core/service.yaml	Candidate evidence only; manual verification required.
EVD-688a6958d116	SERVICE_DISCOVERY	DOCUMENTATION_ONLY	backend/architecture/reports/DEV-008D-CDS-DEPENDENCY-CHECK-20260628_063610.md	DEV-008D-CDS-DEPENDENCY-CHECK-20260628_063610.md	35	91d737e74f9628711add91e619cb828c4585a7492cca072d981ded2ec631fde1	BOT-001 port=9080 file=/home/nawaf511/empire-core-new/backend/services/bot_execution/service.yaml	Candidate evidence only; manual verification required.
EVD-e0f84d886363	SERVICE_DISCOVERY	DOCUMENTATION_ONLY	backend/architecture/reports/DEV-008D-CDS-DEPENDENCY-CHECK-20260628_063610.md	DEV-008D-CDS-DEPENDENCY-CHECK-20260628_063610.md	36	91d737e74f9628711add91e619cb828c4585a7492cca072d981ded2ec631fde1	== DUPLICATE SERVICE IDS ==	Candidate evidence only; manual verification required.
EVD-6073df28aafd	SERVICE_DISCOVERY	DOCUMENTATION_ONLY	backend/architecture/reports/DEV-008D-CDS-DEPENDENCY-CHECK-20260628_063610.md	DEV-008D-CDS-DEPENDENCY-CHECK-20260628_063610.md	40	91d737e74f9628711add91e619cb828c4585a7492cca072d981ded2ec631fde1	VALIDATING=/home/nawaf511/empire-core-new/backend/services/bot_execution	Candidate evidence only; manual verification required.
EVD-0461058615ee	SERVICE_DISCOVERY	DOCUMENTATION_ONLY	backend/architecture/reports/DEV-008D-CDS-DEPENDENCY-CHECK-20260628_063610.md	DEV-008D-CDS-DEPENDENCY-CHECK-20260628_063610.md	41	91d737e74f9628711add91e619cb828c4585a7492cca072d981ded2ec631fde1	LEGACY_SERVICE=YES	Candidate evidence only; manual verification required.
EVD-76b45690071a	SERVICE_DISCOVERY	DOCUMENTATION_ONLY	backend/architecture/reports/DEV-008D-CDS-DEPENDENCY-CHECK-20260628_063610.md	DEV-008D-CDS-DEPENDENCY-CHECK-20260628_063610.md	43	91d737e74f9628711add91e619cb828c4585a7492cca072d981ded2ec631fde1	VALIDATION_PASS=REDACTED	Candidate evidence only; manual verification required.
EVD-0422f5c4cfbd	SERVICE_DISCOVERY	DOCUMENTATION_ONLY	backend/architecture/reports/DEV-008D-CDS-DEPENDENCY-CHECK-20260628_063610.md	DEV-008D-CDS-DEPENDENCY-CHECK-20260628_063610.md	44	91d737e74f9628711add91e619cb828c4585a7492cca072d981ded2ec631fde1	VALIDATING=/home/nawaf511/empire-core-new/backend/services/completed_decision	Candidate evidence only; manual verification required.
EVD-3e5a56960d5b	SERVICE_DISCOVERY	DOCUMENTATION_ONLY	backend/architecture/reports/DEV-008D-CDS-DEPENDENCY-CHECK-20260628_063610.md	DEV-008D-CDS-DEPENDENCY-CHECK-20260628_063610.md	45	91d737e74f9628711add91e619cb828c4585a7492cca072d981ded2ec631fde1	VALIDATION_PASS=REDACTED	Candidate evidence only; manual verification required.
EVD-e52c300d80ce	SERVICE_DISCOVERY	DOCUMENTATION_ONLY	backend/architecture/reports/DEV-008D-CDS-DEPENDENCY-CHECK-20260628_063610.md	DEV-008D-CDS-DEPENDENCY-CHECK-20260628_063610.md	46	91d737e74f9628711add91e619cb828c4585a7492cca072d981ded2ec631fde1	VALIDATING=/home/nawaf511/empire-core-new/backend/services/ctl-001-workspace-identity	Candidate evidence only; manual verification required.
EVD-4002f23badfb	SERVICE_DISCOVERY	DOCUMENTATION_ONLY	backend/architecture/reports/DEV-008D-CDS-DEPENDENCY-CHECK-20260628_063610.md	DEV-008D-CDS-DEPENDENCY-CHECK-20260628_063610.md	47	91d737e74f9628711add91e619cb828c4585a7492cca072d981ded2ec631fde1	VALIDATION_PASS=REDACTED	Candidate evidence only; manual verification required.
EVD-ba59fce43917	SERVICE_DISCOVERY	DOCUMENTATION_ONLY	backend/architecture/reports/DEV-008D-CDS-DEPENDENCY-CHECK-20260628_063610.md	DEV-008D-CDS-DEPENDENCY-CHECK-20260628_063610.md	48	91d737e74f9628711add91e619cb828c4585a7492cca072d981ded2ec631fde1	VALIDATING=/home/nawaf511/empire-core-new/backend/services/decision_governance_core	Candidate evidence only; manual verification required.
EVD-630eebeb0b3a	SERVICE_DISCOVERY	DOCUMENTATION_ONLY	backend/architecture/reports/DEV-008E-CDS-SAFE-RUNTIME-SMOKE-20260628_064307.md	DEV-008E-CDS-SAFE-RUNTIME-SMOKE-20260628_064307.md	17	34b3ba27526aaeb732d6dfa4de7b18a805cb0c9654db597e3898e331f41be2f6	REQUIRED_PATH_PASS=REDACTED	Candidate evidence only; manual verification required.
EVD-04f19dff7c81	SERVICE_DISCOVERY	DOCUMENTATION_ONLY	backend/architecture/reports/DEV-008E-CDS-SAFE-RUNTIME-SMOKE-20260628_064307.md	DEV-008E-CDS-SAFE-RUNTIME-SMOKE-20260628_064307.md	21	34b3ba27526aaeb732d6dfa4de7b18a805cb0c9654db597e3898e331f41be2f6	SERVICE_REGISTRY_PATH_PASS=REDACTED	Candidate evidence only; manual verification required.
EVD-ddcc1536a837	SERVICE_DISCOVERY	DOCUMENTATION_ONLY	backend/architecture/reports/DEV-008E-CDS-SAFE-RUNTIME-SMOKE-20260628_064307.md	DEV-008E-CDS-SAFE-RUNTIME-SMOKE-20260628_064307.md	22	34b3ba27526aaeb732d6dfa4de7b18a805cb0c9654db597e3898e331f41be2f6	SERVICE_REGISTRY_AUTHORITY=NDSP_DOCTOR	Candidate evidence only; manual verification required.
EVD-c66cb6710fc4	SERVICE_DISCOVERY	DOCUMENTATION_ONLY	backend/architecture/reports/DEV-008E-CDS-SAFE-RUNTIME-SMOKE-20260628_064307.md	DEV-008E-CDS-SAFE-RUNTIME-SMOKE-20260628_064307.md	27	34b3ba27526aaeb732d6dfa4de7b18a805cb0c9654db597e3898e331f41be2f6	SERVICES_DIR=OK	Candidate evidence only; manual verification required.
EVD-7bd9287609c4	SERVICE_DISCOVERY	DOCUMENTATION_ONLY	backend/architecture/reports/DEV-008E-CDS-SAFE-RUNTIME-SMOKE-20260628_064307.md	DEV-008E-CDS-SAFE-RUNTIME-SMOKE-20260628_064307.md	28	34b3ba27526aaeb732d6dfa4de7b18a805cb0c9654db597e3898e331f41be2f6	SERVICE_REGISTRY=OK	Candidate evidence only; manual verification required.
EVD-e0be842e626c	SERVICE_DISCOVERY	DOCUMENTATION_ONLY	backend/architecture/reports/DEV-008E-CDS-SAFE-RUNTIME-SMOKE-20260628_064307.md	DEV-008E-CDS-SAFE-RUNTIME-SMOKE-20260628_064307.md	29	34b3ba27526aaeb732d6dfa4de7b18a805cb0c9654db597e3898e331f41be2f6	== SERVICE COUNT ==	Candidate evidence only; manual verification required.
EVD-6d812c1fb83b	SERVICE_DISCOVERY	DOCUMENTATION_ONLY	backend/architecture/reports/DEV-008E-CDS-SAFE-RUNTIME-SMOKE-20260628_064307.md	DEV-008E-CDS-SAFE-RUNTIME-SMOKE-20260628_064307.md	31	34b3ba27526aaeb732d6dfa4de7b18a805cb0c9654db597e3898e331f41be2f6	== SERVICE IDS ==	Candidate evidence only; manual verification required.
EVD-3405baeb4dd3	SERVICE_DISCOVERY	DOCUMENTATION_ONLY	backend/architecture/reports/DEV-008E-CDS-SAFE-RUNTIME-SMOKE-20260628_064307.md	DEV-008E-CDS-SAFE-RUNTIME-SMOKE-20260628_064307.md	32	34b3ba27526aaeb732d6dfa4de7b18a805cb0c9654db597e3898e331f41be2f6	CTL-001 port=9081 file=/home/nawaf511/empire-core-new/backend/services/ctl-001-workspace-identity/service.yaml	Candidate evidence only; manual verification required.
EVD-b1085bb82a65	SERVICE_DISCOVERY	DOCUMENTATION_ONLY	backend/architecture/reports/DEV-008E-CDS-SAFE-RUNTIME-SMOKE-20260628_064307.md	DEV-008E-CDS-SAFE-RUNTIME-SMOKE-20260628_064307.md	33	34b3ba27526aaeb732d6dfa4de7b18a805cb0c9654db597e3898e331f41be2f6	CDS-001 port=9078 file=/home/nawaf511/empire-core-new/backend/services/completed_decision/service.yaml	Candidate evidence only; manual verification required.
EVD-8c0323b549e4	SERVICE_DISCOVERY	DOCUMENTATION_ONLY	backend/architecture/reports/DEV-008E-CDS-SAFE-RUNTIME-SMOKE-20260628_064307.md	DEV-008E-CDS-SAFE-RUNTIME-SMOKE-20260628_064307.md	34	34b3ba27526aaeb732d6dfa4de7b18a805cb0c9654db597e3898e331f41be2f6	DGC-001 port=9079 file=/home/nawaf511/empire-core-new/backend/services/decision_governance_core/service.yaml	Candidate evidence only; manual verification required.
EVD-0df8eb1e7292	SERVICE_DISCOVERY	DOCUMENTATION_ONLY	backend/architecture/reports/DEV-008E-CDS-SAFE-RUNTIME-SMOKE-20260628_064307.md	DEV-008E-CDS-SAFE-RUNTIME-SMOKE-20260628_064307.md	35	34b3ba27526aaeb732d6dfa4de7b18a805cb0c9654db597e3898e331f41be2f6	BOT-001 port=9080 file=/home/nawaf511/empire-core-new/backend/services/bot_execution/service.yaml	Candidate evidence only; manual verification required.
EVD-ada826a8b289	SERVICE_DISCOVERY	DOCUMENTATION_ONLY	backend/architecture/reports/DEV-008E-CDS-SAFE-RUNTIME-SMOKE-20260628_064307.md	DEV-008E-CDS-SAFE-RUNTIME-SMOKE-20260628_064307.md	36	34b3ba27526aaeb732d6dfa4de7b18a805cb0c9654db597e3898e331f41be2f6	== DUPLICATE SERVICE IDS ==	Candidate evidence only; manual verification required.
EVD-2e78a15a53b8	SERVICE_DISCOVERY	DOCUMENTATION_ONLY	backend/architecture/reports/DEV-008E-CDS-SAFE-RUNTIME-SMOKE-20260628_064307.md	DEV-008E-CDS-SAFE-RUNTIME-SMOKE-20260628_064307.md	40	34b3ba27526aaeb732d6dfa4de7b18a805cb0c9654db597e3898e331f41be2f6	VALIDATING=/home/nawaf511/empire-core-new/backend/services/bot_execution	Candidate evidence only; manual verification required.
EVD-f2025ea5a46e	SERVICE_DISCOVERY	DOCUMENTATION_ONLY	backend/architecture/reports/DEV-008E-CDS-SAFE-RUNTIME-SMOKE-20260628_064307.md	DEV-008E-CDS-SAFE-RUNTIME-SMOKE-20260628_064307.md	41	34b3ba27526aaeb732d6dfa4de7b18a805cb0c9654db597e3898e331f41be2f6	LEGACY_SERVICE=YES	Candidate evidence only; manual verification required.
EVD-097962a4d8d3	SERVICE_DISCOVERY	DOCUMENTATION_ONLY	backend/architecture/reports/DEV-008E-CDS-SAFE-RUNTIME-SMOKE-20260628_064307.md	DEV-008E-CDS-SAFE-RUNTIME-SMOKE-20260628_064307.md	43	34b3ba27526aaeb732d6dfa4de7b18a805cb0c9654db597e3898e331f41be2f6	VALIDATION_PASS=REDACTED	Candidate evidence only; manual verification required.
EVD-f19d00747f00	SERVICE_DISCOVERY	DOCUMENTATION_ONLY	backend/architecture/reports/DEV-008E-CDS-SAFE-RUNTIME-SMOKE-20260628_064307.md	DEV-008E-CDS-SAFE-RUNTIME-SMOKE-20260628_064307.md	44	34b3ba27526aaeb732d6dfa4de7b18a805cb0c9654db597e3898e331f41be2f6	VALIDATING=/home/nawaf511/empire-core-new/backend/services/completed_decision	Candidate evidence only; manual verification required.
EVD-79ae578faa77	SERVICE_DISCOVERY	DOCUMENTATION_ONLY	backend/architecture/reports/DEV-008E-CDS-SAFE-RUNTIME-SMOKE-20260628_064307.md	DEV-008E-CDS-SAFE-RUNTIME-SMOKE-20260628_064307.md	45	34b3ba27526aaeb732d6dfa4de7b18a805cb0c9654db597e3898e331f41be2f6	VALIDATION_PASS=REDACTED	Candidate evidence only; manual verification required.
EVD-75b8aa15cc91	SERVICE_DISCOVERY	DOCUMENTATION_ONLY	backend/architecture/reports/DEV-008E-CDS-SAFE-RUNTIME-SMOKE-20260628_064307.md	DEV-008E-CDS-SAFE-RUNTIME-SMOKE-20260628_064307.md	46	34b3ba27526aaeb732d6dfa4de7b18a805cb0c9654db597e3898e331f41be2f6	VALIDATING=/home/nawaf511/empire-core-new/backend/services/ctl-001-workspace-identity	Candidate evidence only; manual verification required.
EVD-2345082f2431	SERVICE_DISCOVERY	DOCUMENTATION_ONLY	backend/architecture/reports/DEV-008E-CDS-SAFE-RUNTIME-SMOKE-20260628_064307.md	DEV-008E-CDS-SAFE-RUNTIME-SMOKE-20260628_064307.md	47	34b3ba27526aaeb732d6dfa4de7b18a805cb0c9654db597e3898e331f41be2f6	VALIDATION_PASS=REDACTED	Candidate evidence only; manual verification required.
EVD-88994f892285	SERVICE_DISCOVERY	DOCUMENTATION_ONLY	backend/architecture/reports/DEV-008E-CDS-SAFE-RUNTIME-SMOKE-20260628_064307.md	DEV-008E-CDS-SAFE-RUNTIME-SMOKE-20260628_064307.md	48	34b3ba27526aaeb732d6dfa4de7b18a805cb0c9654db597e3898e331f41be2f6	VALIDATING=/home/nawaf511/empire-core-new/backend/services/decision_governance_core	Candidate evidence only; manual verification required.
EVD-b1837116de3c	SERVICE_DISCOVERY	DOCUMENTATION_ONLY	backend/architecture/reports/DEV-008F-CDS-MIGRATION-CLOSURE-20260628_064451.md	DEV-008F-CDS-MIGRATION-CLOSURE-20260628_064451.md	17	21ade97a656e2ff88ba386c35466c9c292f5548552acfd6ed512e6261d062725	REQUIRED_PATH_PASS=REDACTED	Candidate evidence only; manual verification required.
EVD-0db1d015a885	SERVICE_DISCOVERY	DOCUMENTATION_ONLY	backend/architecture/reports/DEV-008F-CDS-MIGRATION-CLOSURE-20260628_064451.md	DEV-008F-CDS-MIGRATION-CLOSURE-20260628_064451.md	21	21ade97a656e2ff88ba386c35466c9c292f5548552acfd6ed512e6261d062725	SERVICE_REGISTRY_PATH_PASS=REDACTED	Candidate evidence only; manual verification required.
EVD-a5f176ffce75	SERVICE_DISCOVERY	DOCUMENTATION_ONLY	backend/architecture/reports/DEV-008F-CDS-MIGRATION-CLOSURE-20260628_064451.md	DEV-008F-CDS-MIGRATION-CLOSURE-20260628_064451.md	22	21ade97a656e2ff88ba386c35466c9c292f5548552acfd6ed512e6261d062725	SERVICE_REGISTRY_AUTHORITY=NDSP_DOCTOR	Candidate evidence only; manual verification required.
EVD-4ddfb59b71f8	SERVICE_DISCOVERY	DOCUMENTATION_ONLY	backend/architecture/reports/DEV-008F-CDS-MIGRATION-CLOSURE-20260628_064451.md	DEV-008F-CDS-MIGRATION-CLOSURE-20260628_064451.md	27	21ade97a656e2ff88ba386c35466c9c292f5548552acfd6ed512e6261d062725	SERVICES_DIR=OK	Candidate evidence only; manual verification required.
EVD-3f9356de8024	SERVICE_DISCOVERY	DOCUMENTATION_ONLY	backend/architecture/reports/DEV-008F-CDS-MIGRATION-CLOSURE-20260628_064451.md	DEV-008F-CDS-MIGRATION-CLOSURE-20260628_064451.md	28	21ade97a656e2ff88ba386c35466c9c292f5548552acfd6ed512e6261d062725	SERVICE_REGISTRY=OK	Candidate evidence only; manual verification required.
EVD-7012cced137a	SERVICE_DISCOVERY	DOCUMENTATION_ONLY	backend/architecture/reports/DEV-008F-CDS-MIGRATION-CLOSURE-20260628_064451.md	DEV-008F-CDS-MIGRATION-CLOSURE-20260628_064451.md	29	21ade97a656e2ff88ba386c35466c9c292f5548552acfd6ed512e6261d062725	== SERVICE COUNT ==	Candidate evidence only; manual verification required.
EVD-acdcbbb547ed	SERVICE_DISCOVERY	DOCUMENTATION_ONLY	backend/architecture/reports/DEV-008F-CDS-MIGRATION-CLOSURE-20260628_064451.md	DEV-008F-CDS-MIGRATION-CLOSURE-20260628_064451.md	31	21ade97a656e2ff88ba386c35466c9c292f5548552acfd6ed512e6261d062725	== SERVICE IDS ==	Candidate evidence only; manual verification required.
EVD-1d3f785a0b58	SERVICE_DISCOVERY	DOCUMENTATION_ONLY	backend/architecture/reports/DEV-008F-CDS-MIGRATION-CLOSURE-20260628_064451.md	DEV-008F-CDS-MIGRATION-CLOSURE-20260628_064451.md	32	21ade97a656e2ff88ba386c35466c9c292f5548552acfd6ed512e6261d062725	CTL-001 port=9081 file=/home/nawaf511/empire-core-new/backend/services/ctl-001-workspace-identity/service.yaml	Candidate evidence only; manual verification required.
EVD-0e3ae96f43f5	SERVICE_DISCOVERY	DOCUMENTATION_ONLY	backend/architecture/reports/DEV-008F-CDS-MIGRATION-CLOSURE-20260628_064451.md	DEV-008F-CDS-MIGRATION-CLOSURE-20260628_064451.md	33	21ade97a656e2ff88ba386c35466c9c292f5548552acfd6ed512e6261d062725	CDS-001 port=9078 file=/home/nawaf511/empire-core-new/backend/services/completed_decision/service.yaml	Candidate evidence only; manual verification required.
EVD-a4e7ba650053	SERVICE_DISCOVERY	DOCUMENTATION_ONLY	backend/architecture/reports/DEV-008F-CDS-MIGRATION-CLOSURE-20260628_064451.md	DEV-008F-CDS-MIGRATION-CLOSURE-20260628_064451.md	34	21ade97a656e2ff88ba386c35466c9c292f5548552acfd6ed512e6261d062725	DGC-001 port=9079 file=/home/nawaf511/empire-core-new/backend/services/decision_governance_core/service.yaml	Candidate evidence only; manual verification required.
EVD-efb686d35351	SERVICE_DISCOVERY	DOCUMENTATION_ONLY	backend/architecture/reports/DEV-008F-CDS-MIGRATION-CLOSURE-20260628_064451.md	DEV-008F-CDS-MIGRATION-CLOSURE-20260628_064451.md	35	21ade97a656e2ff88ba386c35466c9c292f5548552acfd6ed512e6261d062725	BOT-001 port=9080 file=/home/nawaf511/empire-core-new/backend/services/bot_execution/service.yaml	Candidate evidence only; manual verification required.
EVD-93ffa9534419	SERVICE_DISCOVERY	DOCUMENTATION_ONLY	backend/architecture/reports/DEV-008F-CDS-MIGRATION-CLOSURE-20260628_064451.md	DEV-008F-CDS-MIGRATION-CLOSURE-20260628_064451.md	36	21ade97a656e2ff88ba386c35466c9c292f5548552acfd6ed512e6261d062725	== DUPLICATE SERVICE IDS ==	Candidate evidence only; manual verification required.
EVD-f446385be332	SERVICE_DISCOVERY	DOCUMENTATION_ONLY	backend/architecture/reports/DEV-008F-CDS-MIGRATION-CLOSURE-20260628_064451.md	DEV-008F-CDS-MIGRATION-CLOSURE-20260628_064451.md	40	21ade97a656e2ff88ba386c35466c9c292f5548552acfd6ed512e6261d062725	VALIDATING=/home/nawaf511/empire-core-new/backend/services/bot_execution	Candidate evidence only; manual verification required.
EVD-1830886361c3	SERVICE_DISCOVERY	DOCUMENTATION_ONLY	backend/architecture/reports/DEV-008F-CDS-MIGRATION-CLOSURE-20260628_064451.md	DEV-008F-CDS-MIGRATION-CLOSURE-20260628_064451.md	41	21ade97a656e2ff88ba386c35466c9c292f5548552acfd6ed512e6261d062725	LEGACY_SERVICE=YES	Candidate evidence only; manual verification required.
EVD-0c9d3b8e01d2	SERVICE_DISCOVERY	DOCUMENTATION_ONLY	backend/architecture/reports/DEV-008F-CDS-MIGRATION-CLOSURE-20260628_064451.md	DEV-008F-CDS-MIGRATION-CLOSURE-20260628_064451.md	43	21ade97a656e2ff88ba386c35466c9c292f5548552acfd6ed512e6261d062725	VALIDATION_PASS=REDACTED	Candidate evidence only; manual verification required.
EVD-3a65e264be67	SERVICE_DISCOVERY	DOCUMENTATION_ONLY	backend/architecture/reports/DEV-008F-CDS-MIGRATION-CLOSURE-20260628_064451.md	DEV-008F-CDS-MIGRATION-CLOSURE-20260628_064451.md	44	21ade97a656e2ff88ba386c35466c9c292f5548552acfd6ed512e6261d062725	VALIDATING=/home/nawaf511/empire-core-new/backend/services/completed_decision	Candidate evidence only; manual verification required.
EVD-58086ba9b563	SERVICE_DISCOVERY	DOCUMENTATION_ONLY	backend/architecture/reports/DEV-008F-CDS-MIGRATION-CLOSURE-20260628_064451.md	DEV-008F-CDS-MIGRATION-CLOSURE-20260628_064451.md	45	21ade97a656e2ff88ba386c35466c9c292f5548552acfd6ed512e6261d062725	VALIDATION_PASS=REDACTED	Candidate evidence only; manual verification required.
EVD-f5f21920b905	SERVICE_DISCOVERY	DOCUMENTATION_ONLY	backend/architecture/reports/DEV-008F-CDS-MIGRATION-CLOSURE-20260628_064451.md	DEV-008F-CDS-MIGRATION-CLOSURE-20260628_064451.md	46	21ade97a656e2ff88ba386c35466c9c292f5548552acfd6ed512e6261d062725	VALIDATING=/home/nawaf511/empire-core-new/backend/services/ctl-001-workspace-identity	Candidate evidence only; manual verification required.
EVD-5df09a78c127	SERVICE_DISCOVERY	DOCUMENTATION_ONLY	backend/architecture/reports/DEV-008F-CDS-MIGRATION-CLOSURE-20260628_064451.md	DEV-008F-CDS-MIGRATION-CLOSURE-20260628_064451.md	47	21ade97a656e2ff88ba386c35466c9c292f5548552acfd6ed512e6261d062725	VALIDATION_PASS=REDACTED	Candidate evidence only; manual verification required.
EVD-d05c71913515	SERVICE_DISCOVERY	DOCUMENTATION_ONLY	backend/architecture/reports/DEV-008F-CDS-MIGRATION-CLOSURE-20260628_064451.md	DEV-008F-CDS-MIGRATION-CLOSURE-20260628_064451.md	48	21ade97a656e2ff88ba386c35466c9c292f5548552acfd6ed512e6261d062725	VALIDATING=/home/nawaf511/empire-core-new/backend/services/decision_governance_core	Candidate evidence only; manual verification required.
EVD-fe3fac53744a	SERVICE_DISCOVERY	DOCUMENTATION_ONLY	backend/architecture/reports/DEV-009A-DGC-SNAPSHOT-20260628_144708.md	DEV-009A-DGC-SNAPSHOT-20260628_144708.md	8	a492a95885f14c70ffcf9617dd8a624134a68b86bb9488ecca54dea5f108d1c4	Snapshot DGC-001 before migrating it from LEGACY compatibility into the ENG-001 service framework.	Candidate evidence only; manual verification required.
EVD-583e0ec90333	SERVICE_DISCOVERY	DOCUMENTATION_ONLY	backend/architecture/reports/DEV-009A-DGC-SNAPSHOT-20260628_144708.md	DEV-009A-DGC-SNAPSHOT-20260628_144708.md	9	a492a95885f14c70ffcf9617dd8a624134a68b86bb9488ecca54dea5f108d1c4	No DGC service code is changed in this step.	Candidate evidence only; manual verification required.
EVD-1a1cd3fb7c0e	SERVICE_DISCOVERY	DOCUMENTATION_ONLY	backend/architecture/reports/DEV-009A-DGC-SNAPSHOT-20260628_144708.md	DEV-009A-DGC-SNAPSHOT-20260628_144708.md	11	a492a95885f14c70ffcf9617dd8a624134a68b86bb9488ecca54dea5f108d1c4	Service YAML:	Candidate evidence only; manual verification required.
EVD-28d42aa5e634	SERVICE_DISCOVERY	DOCUMENTATION_ONLY	backend/architecture/reports/DEV-009A-DGC-SNAPSHOT-20260628_144708.md	DEV-009A-DGC-SNAPSHOT-20260628_144708.md	12	a492a95885f14c70ffcf9617dd8a624134a68b86bb9488ecca54dea5f108d1c4	----- SERVICE_YAML_BEGIN -----	Candidate evidence only; manual verification required.
EVD-d5c42aa007a7	SERVICE_DISCOVERY	DOCUMENTATION_ONLY	backend/architecture/reports/DEV-009A-DGC-SNAPSHOT-20260628_144708.md	DEV-009A-DGC-SNAPSHOT-20260628_144708.md	13	a492a95885f14c70ffcf9617dd8a624134a68b86bb9488ecca54dea5f108d1c4	service_id: DGC-001	Candidate evidence only; manual verification required.
EVD-da2c5d0bcead	SERVICE_DISCOVERY	DOCUMENTATION_ONLY	backend/architecture/reports/DEV-009A-DGC-SNAPSHOT-20260628_144708.md	DEV-009A-DGC-SNAPSHOT-20260628_144708.md	14	a492a95885f14c70ffcf9617dd8a624134a68b86bb9488ecca54dea5f108d1c4	service_name: Decision Governance Core	Candidate evidence only; manual verification required.
EVD-7ee0ec817442	SERVICE_DISCOVERY	DOCUMENTATION_ONLY	backend/architecture/reports/DEV-009A-DGC-SNAPSHOT-20260628_144708.md	DEV-009A-DGC-SNAPSHOT-20260628_144708.md	26	a492a95885f14c70ffcf9617dd8a624134a68b86bb9488ecca54dea5f108d1c4	type: legacy_service	Candidate evidence only; manual verification required.
EVD-36205a57a9c8	SERVICE_DISCOVERY	DOCUMENTATION_ONLY	backend/architecture/reports/DEV-009A-DGC-SNAPSHOT-20260628_144708.md	DEV-009A-DGC-SNAPSHOT-20260628_144708.md	29	a492a95885f14c70ffcf9617dd8a624134a68b86bb9488ecca54dea5f108d1c4	systemd: ndsp-decision_governance_core.service	Candidate evidence only; manual verification required.
EVD-b2f263d04f6f	SERVICE_DISCOVERY	DOCUMENTATION_ONLY	backend/architecture/reports/DEV-009A-DGC-SNAPSHOT-20260628_144708.md	DEV-009A-DGC-SNAPSHOT-20260628_144708.md	30	a492a95885f14c70ffcf9617dd8a624134a68b86bb9488ecca54dea5f108d1c4	----- SERVICE_YAML_END -----	Candidate evidence only; manual verification required.
EVD-097e83bf65b2	SERVICE_DISCOVERY	DOCUMENTATION_ONLY	backend/architecture/reports/DEV-009A-DGC-SNAPSHOT-20260628_144708.md	DEV-009A-DGC-SNAPSHOT-20260628_144708.md	32	a492a95885f14c70ffcf9617dd8a624134a68b86bb9488ecca54dea5f108d1c4	Service Files:	Candidate evidence only; manual verification required.
EVD-5ae739588770	SERVICE_DISCOVERY	DOCUMENTATION_ONLY	backend/architecture/reports/DEV-009A-DGC-SNAPSHOT-20260628_144708.md	DEV-009A-DGC-SNAPSHOT-20260628_144708.md	33	a492a95885f14c70ffcf9617dd8a624134a68b86bb9488ecca54dea5f108d1c4	----- SERVICE_FILES_BEGIN -----	Candidate evidence only; manual verification required.
EVD-553aa68722bb	SERVICE_DISCOVERY	DOCUMENTATION_ONLY	backend/architecture/reports/DEV-009A-DGC-SNAPSHOT-20260628_144708.md	DEV-009A-DGC-SNAPSHOT-20260628_144708.md	34	a492a95885f14c70ffcf9617dd8a624134a68b86bb9488ecca54dea5f108d1c4	backend/services/decision_governance_core/CHANGELOG.md	Candidate evidence only; manual verification required.
EVD-eb32ed2f5431	SERVICE_DISCOVERY	DOCUMENTATION_ONLY	backend/architecture/reports/DEV-009A-DGC-SNAPSHOT-20260628_144708.md	DEV-009A-DGC-SNAPSHOT-20260628_144708.md	35	a492a95885f14c70ffcf9617dd8a624134a68b86bb9488ecca54dea5f108d1c4	backend/services/decision_governance_core/config/default.env	Candidate evidence only; manual verification required.
EVD-81e30fce2b65	SERVICE_DISCOVERY	DOCUMENTATION_ONLY	backend/architecture/reports/DEV-009A-DGC-SNAPSHOT-20260628_144708.md	DEV-009A-DGC-SNAPSHOT-20260628_144708.md	36	a492a95885f14c70ffcf9617dd8a624134a68b86bb9488ecca54dea5f108d1c4	backend/services/decision_governance_core/contracts/DGC-001-CONTRACT.md	Candidate evidence only; manual verification required.
EVD-5d9f57e8c495	SERVICE_DISCOVERY	DOCUMENTATION_ONLY	backend/architecture/reports/DEV-009A-DGC-SNAPSHOT-20260628_144708.md	DEV-009A-DGC-SNAPSHOT-20260628_144708.md	37	a492a95885f14c70ffcf9617dd8a624134a68b86bb9488ecca54dea5f108d1c4	backend/services/decision_governance_core/docs/ARCHITECTURE.md	Candidate evidence only; manual verification required.
EVD-85239c4c059e	SERVICE_DISCOVERY	DOCUMENTATION_ONLY	backend/architecture/reports/DEV-009A-DGC-SNAPSHOT-20260628_144708.md	DEV-009A-DGC-SNAPSHOT-20260628_144708.md	38	a492a95885f14c70ffcf9617dd8a624134a68b86bb9488ecca54dea5f108d1c4	backend/services/decision_governance_core/docs/README.md	Candidate evidence only; manual verification required.
EVD-cf0392816003	SERVICE_DISCOVERY	DOCUMENTATION_ONLY	backend/architecture/reports/DEV-009A-DGC-SNAPSHOT-20260628_144708.md	DEV-009A-DGC-SNAPSHOT-20260628_144708.md	39	a492a95885f14c70ffcf9617dd8a624134a68b86bb9488ecca54dea5f108d1c4	backend/services/decision_governance_core/main.cjs	Candidate evidence only; manual verification required.
EVD-7fe00edc4b32	SERVICE_DISCOVERY	DOCUMENTATION_ONLY	backend/architecture/reports/DEV-009A-DGC-SNAPSHOT-20260628_144708.md	DEV-009A-DGC-SNAPSHOT-20260628_144708.md	40	a492a95885f14c70ffcf9617dd8a624134a68b86bb9488ecca54dea5f108d1c4	backend/services/decision_governance_core/package.json	Candidate evidence only; manual verification required.
EVD-b9187c3a55b2	SERVICE_DISCOVERY	DOCUMENTATION_ONLY	backend/architecture/reports/DEV-009A-DGC-SNAPSHOT-20260628_144708.md	DEV-009A-DGC-SNAPSHOT-20260628_144708.md	41	a492a95885f14c70ffcf9617dd8a624134a68b86bb9488ecca54dea5f108d1c4	backend/services/decision_governance_core/README.md	Candidate evidence only; manual verification required.
EVD-44fdcdf20415	SERVICE_DISCOVERY	DOCUMENTATION_ONLY	backend/architecture/reports/DEV-009A-DGC-SNAPSHOT-20260628_144708.md	DEV-009A-DGC-SNAPSHOT-20260628_144708.md	42	a492a95885f14c70ffcf9617dd8a624134a68b86bb9488ecca54dea5f108d1c4	backend/services/decision_governance_core/service.yaml	Candidate evidence only; manual verification required.
EVD-adfe8b856f92	SERVICE_DISCOVERY	DOCUMENTATION_ONLY	backend/architecture/reports/DEV-009A-DGC-SNAPSHOT-20260628_144937.md	DEV-009A-DGC-SNAPSHOT-20260628_144937.md	8	e7fe02564ead05f75c74cc44d78fcf812ec4a1ae6040b3c63ec75e1022a2de93	Snapshot DGC-001 before migrating it from LEGACY compatibility into the ENG-001 service framework.	Candidate evidence only; manual verification required.
EVD-214d9d5c3031	SERVICE_DISCOVERY	DOCUMENTATION_ONLY	backend/architecture/reports/DEV-009A-DGC-SNAPSHOT-20260628_144937.md	DEV-009A-DGC-SNAPSHOT-20260628_144937.md	9	e7fe02564ead05f75c74cc44d78fcf812ec4a1ae6040b3c63ec75e1022a2de93	No DGC service code is changed in this step.	Candidate evidence only; manual verification required.
EVD-800a989d2986	SERVICE_DISCOVERY	DOCUMENTATION_ONLY	backend/architecture/reports/DEV-009A-DGC-SNAPSHOT-20260628_144937.md	DEV-009A-DGC-SNAPSHOT-20260628_144937.md	11	e7fe02564ead05f75c74cc44d78fcf812ec4a1ae6040b3c63ec75e1022a2de93	Service YAML:	Candidate evidence only; manual verification required.
EVD-c47785a666d1	SERVICE_DISCOVERY	DOCUMENTATION_ONLY	backend/architecture/reports/DEV-009A-DGC-SNAPSHOT-20260628_144937.md	DEV-009A-DGC-SNAPSHOT-20260628_144937.md	12	e7fe02564ead05f75c74cc44d78fcf812ec4a1ae6040b3c63ec75e1022a2de93	----- SERVICE_YAML_BEGIN -----	Candidate evidence only; manual verification required.
EVD-1b14d6c64567	SERVICE_DISCOVERY	DOCUMENTATION_ONLY	backend/architecture/reports/DEV-009A-DGC-SNAPSHOT-20260628_144937.md	DEV-009A-DGC-SNAPSHOT-20260628_144937.md	13	e7fe02564ead05f75c74cc44d78fcf812ec4a1ae6040b3c63ec75e1022a2de93	service_id: DGC-001	Candidate evidence only; manual verification required.
EVD-103a39775760	SERVICE_DISCOVERY	DOCUMENTATION_ONLY	backend/architecture/reports/DEV-009A-DGC-SNAPSHOT-20260628_144937.md	DEV-009A-DGC-SNAPSHOT-20260628_144937.md	14	e7fe02564ead05f75c74cc44d78fcf812ec4a1ae6040b3c63ec75e1022a2de93	service_name: Decision Governance Core	Candidate evidence only; manual verification required.
EVD-4496b2aad18f	SERVICE_DISCOVERY	DOCUMENTATION_ONLY	backend/architecture/reports/DEV-009A-DGC-SNAPSHOT-20260628_144937.md	DEV-009A-DGC-SNAPSHOT-20260628_144937.md	26	e7fe02564ead05f75c74cc44d78fcf812ec4a1ae6040b3c63ec75e1022a2de93	type: legacy_service	Candidate evidence only; manual verification required.
EVD-a2cb8e033d1d	SERVICE_DISCOVERY	DOCUMENTATION_ONLY	backend/architecture/reports/DEV-009A-DGC-SNAPSHOT-20260628_144937.md	DEV-009A-DGC-SNAPSHOT-20260628_144937.md	29	e7fe02564ead05f75c74cc44d78fcf812ec4a1ae6040b3c63ec75e1022a2de93	systemd: ndsp-decision_governance_core.service	Candidate evidence only; manual verification required.
EVD-3440f8d39ac9	SERVICE_DISCOVERY	DOCUMENTATION_ONLY	backend/architecture/reports/DEV-009A-DGC-SNAPSHOT-20260628_144937.md	DEV-009A-DGC-SNAPSHOT-20260628_144937.md	30	e7fe02564ead05f75c74cc44d78fcf812ec4a1ae6040b3c63ec75e1022a2de93	----- SERVICE_YAML_END -----	Candidate evidence only; manual verification required.
EVD-6e34f1b5edac	SERVICE_DISCOVERY	DOCUMENTATION_ONLY	backend/architecture/reports/DEV-009A-DGC-SNAPSHOT-20260628_144937.md	DEV-009A-DGC-SNAPSHOT-20260628_144937.md	32	e7fe02564ead05f75c74cc44d78fcf812ec4a1ae6040b3c63ec75e1022a2de93	Service Files:	Candidate evidence only; manual verification required.
EVD-2bee1a1daf27	SERVICE_DISCOVERY	DOCUMENTATION_ONLY	backend/architecture/reports/DEV-009A-DGC-SNAPSHOT-20260628_144937.md	DEV-009A-DGC-SNAPSHOT-20260628_144937.md	33	e7fe02564ead05f75c74cc44d78fcf812ec4a1ae6040b3c63ec75e1022a2de93	----- SERVICE_FILES_BEGIN -----	Candidate evidence only; manual verification required.
EVD-2b26cc11635e	SERVICE_DISCOVERY	DOCUMENTATION_ONLY	backend/architecture/reports/DEV-009A-DGC-SNAPSHOT-20260628_144937.md	DEV-009A-DGC-SNAPSHOT-20260628_144937.md	34	e7fe02564ead05f75c74cc44d78fcf812ec4a1ae6040b3c63ec75e1022a2de93	backend/services/decision_governance_core/CHANGELOG.md	Candidate evidence only; manual verification required.
EVD-cfb6d40b564b	SERVICE_DISCOVERY	DOCUMENTATION_ONLY	backend/architecture/reports/DEV-009A-DGC-SNAPSHOT-20260628_144937.md	DEV-009A-DGC-SNAPSHOT-20260628_144937.md	35	e7fe02564ead05f75c74cc44d78fcf812ec4a1ae6040b3c63ec75e1022a2de93	backend/services/decision_governance_core/config/default.env	Candidate evidence only; manual verification required.
EVD-24127be6adbd	SERVICE_DISCOVERY	DOCUMENTATION_ONLY	backend/architecture/reports/DEV-009A-DGC-SNAPSHOT-20260628_144937.md	DEV-009A-DGC-SNAPSHOT-20260628_144937.md	36	e7fe02564ead05f75c74cc44d78fcf812ec4a1ae6040b3c63ec75e1022a2de93	backend/services/decision_governance_core/contracts/DGC-001-CONTRACT.md	Candidate evidence only; manual verification required.
EVD-cd5b259582d2	SERVICE_DISCOVERY	DOCUMENTATION_ONLY	backend/architecture/reports/DEV-009A-DGC-SNAPSHOT-20260628_144937.md	DEV-009A-DGC-SNAPSHOT-20260628_144937.md	37	e7fe02564ead05f75c74cc44d78fcf812ec4a1ae6040b3c63ec75e1022a2de93	backend/services/decision_governance_core/docs/ARCHITECTURE.md	Candidate evidence only; manual verification required.
EVD-ee1f25680ecd	SERVICE_DISCOVERY	DOCUMENTATION_ONLY	backend/architecture/reports/DEV-009A-DGC-SNAPSHOT-20260628_144937.md	DEV-009A-DGC-SNAPSHOT-20260628_144937.md	38	e7fe02564ead05f75c74cc44d78fcf812ec4a1ae6040b3c63ec75e1022a2de93	backend/services/decision_governance_core/docs/README.md	Candidate evidence only; manual verification required.
EVD-fe387ebcc002	SERVICE_DISCOVERY	DOCUMENTATION_ONLY	backend/architecture/reports/DEV-009A-DGC-SNAPSHOT-20260628_144937.md	DEV-009A-DGC-SNAPSHOT-20260628_144937.md	39	e7fe02564ead05f75c74cc44d78fcf812ec4a1ae6040b3c63ec75e1022a2de93	backend/services/decision_governance_core/main.cjs	Candidate evidence only; manual verification required.
EVD-a131a4d65c62	SERVICE_DISCOVERY	DOCUMENTATION_ONLY	backend/architecture/reports/DEV-009A-DGC-SNAPSHOT-20260628_144937.md	DEV-009A-DGC-SNAPSHOT-20260628_144937.md	40	e7fe02564ead05f75c74cc44d78fcf812ec4a1ae6040b3c63ec75e1022a2de93	backend/services/decision_governance_core/package.json	Candidate evidence only; manual verification required.
EVD-3f42b5d9ddf2	SERVICE_DISCOVERY	DOCUMENTATION_ONLY	backend/architecture/reports/DEV-009A-DGC-SNAPSHOT-20260628_144937.md	DEV-009A-DGC-SNAPSHOT-20260628_144937.md	41	e7fe02564ead05f75c74cc44d78fcf812ec4a1ae6040b3c63ec75e1022a2de93	backend/services/decision_governance_core/README.md	Candidate evidence only; manual verification required.
EVD-73a6ba5cbffb	SERVICE_DISCOVERY	DOCUMENTATION_ONLY	backend/architecture/reports/DEV-009A-DGC-SNAPSHOT-20260628_144937.md	DEV-009A-DGC-SNAPSHOT-20260628_144937.md	42	e7fe02564ead05f75c74cc44d78fcf812ec4a1ae6040b3c63ec75e1022a2de93	backend/services/decision_governance_core/service.yaml	Candidate evidence only; manual verification required.
EVD-24c684259f5c	SERVICE_DISCOVERY	DOCUMENTATION_ONLY	backend/architecture/reports/DEV-009B-DGC-ENG001-ADAPTER-20260628_145317.md	DEV-009B-DGC-ENG001-ADAPTER-20260628_145317.md	7	ff077c7b33a60abeaa63e6cf4bb5a6a77de9957df3df21e0d9d5121b22e1c844	M backend/services/decision_governance_core/main.cjs	Candidate evidence only; manual verification required.
EVD-c4c6af051ae6	SERVICE_DISCOVERY	DOCUMENTATION_ONLY	backend/architecture/reports/DEV-009B-DGC-ENG001-ADAPTER-20260628_145317.md	DEV-009B-DGC-ENG001-ADAPTER-20260628_145317.md	8	ff077c7b33a60abeaa63e6cf4bb5a6a77de9957df3df21e0d9d5121b22e1c844	M backend/services/decision_governance_core/service.yaml	Candidate evidence only; manual verification required.
EVD-432910ffdb6f	SERVICE_DISCOVERY	DOCUMENTATION_ONLY	backend/architecture/reports/DEV-009B-DGC-ENG001-ADAPTER-20260628_145317.md	DEV-009B-DGC-ENG001-ADAPTER-20260628_145317.md	10	ff077c7b33a60abeaa63e6cf4bb5a6a77de9957df3df21e0d9d5121b22e1c844	?? backend/services/decision_governance_core/contracts/DGC-001-ENG-001-ADAPTER-CONTRACT.md	Candidate evidence only; manual verification required.
EVD-bee14f86409b	SERVICE_DISCOVERY	DOCUMENTATION_ONLY	backend/architecture/reports/DEV-009B-DGC-ENG001-ADAPTER-20260628_145317.md	DEV-009B-DGC-ENG001-ADAPTER-20260628_145317.md	11	ff077c7b33a60abeaa63e6cf4bb5a6a77de9957df3df21e0d9d5121b22e1c844	?? backend/services/decision_governance_core/framework-adapter.cjs	Candidate evidence only; manual verification required.
EVD-4f700a2564f4	SERVICE_DISCOVERY	DOCUMENTATION_ONLY	backend/architecture/reports/DEV-009B-DGC-ENG001-ADAPTER-20260628_145317.md	DEV-009B-DGC-ENG001-ADAPTER-20260628_145317.md	21	ff077c7b33a60abeaa63e6cf4bb5a6a77de9957df3df21e0d9d5121b22e1c844	REQUIRED_PATH_PASS=REDACTED	Candidate evidence only; manual verification required.
EVD-a4966f8dbbe3	SERVICE_DISCOVERY	DOCUMENTATION_ONLY	backend/architecture/reports/DEV-009B-DGC-ENG001-ADAPTER-20260628_145317.md	DEV-009B-DGC-ENG001-ADAPTER-20260628_145317.md	25	ff077c7b33a60abeaa63e6cf4bb5a6a77de9957df3df21e0d9d5121b22e1c844	SERVICE_REGISTRY_PATH_PASS=REDACTED	Candidate evidence only; manual verification required.
EVD-bd5165abbf5c	SERVICE_DISCOVERY	DOCUMENTATION_ONLY	backend/architecture/reports/DEV-009B-DGC-ENG001-ADAPTER-20260628_145317.md	DEV-009B-DGC-ENG001-ADAPTER-20260628_145317.md	26	ff077c7b33a60abeaa63e6cf4bb5a6a77de9957df3df21e0d9d5121b22e1c844	SERVICE_REGISTRY_AUTHORITY=NDSP_DOCTOR	Candidate evidence only; manual verification required.
EVD-98ab54587e11	SERVICE_DISCOVERY	DOCUMENTATION_ONLY	backend/architecture/reports/DEV-009B-DGC-ENG001-ADAPTER-20260628_145317.md	DEV-009B-DGC-ENG001-ADAPTER-20260628_145317.md	31	ff077c7b33a60abeaa63e6cf4bb5a6a77de9957df3df21e0d9d5121b22e1c844	SERVICES_DIR=OK	Candidate evidence only; manual verification required.
EVD-dc4f12d1992c	SERVICE_DISCOVERY	DOCUMENTATION_ONLY	backend/architecture/reports/DEV-009B-DGC-ENG001-ADAPTER-20260628_145317.md	DEV-009B-DGC-ENG001-ADAPTER-20260628_145317.md	32	ff077c7b33a60abeaa63e6cf4bb5a6a77de9957df3df21e0d9d5121b22e1c844	SERVICE_REGISTRY=OK	Candidate evidence only; manual verification required.
EVD-5150a21589a0	SERVICE_DISCOVERY	DOCUMENTATION_ONLY	backend/architecture/reports/DEV-009B-DGC-ENG001-ADAPTER-20260628_145317.md	DEV-009B-DGC-ENG001-ADAPTER-20260628_145317.md	33	ff077c7b33a60abeaa63e6cf4bb5a6a77de9957df3df21e0d9d5121b22e1c844	== SERVICE COUNT ==	Candidate evidence only; manual verification required.
EVD-79b99615f2c6	SERVICE_DISCOVERY	DOCUMENTATION_ONLY	backend/architecture/reports/DEV-009B-DGC-ENG001-ADAPTER-20260628_145317.md	DEV-009B-DGC-ENG001-ADAPTER-20260628_145317.md	35	ff077c7b33a60abeaa63e6cf4bb5a6a77de9957df3df21e0d9d5121b22e1c844	== SERVICE IDS ==	Candidate evidence only; manual verification required.
EVD-0e25e225bdfc	SERVICE_DISCOVERY	DOCUMENTATION_ONLY	backend/architecture/reports/DEV-009B-DGC-ENG001-ADAPTER-20260628_145317.md	DEV-009B-DGC-ENG001-ADAPTER-20260628_145317.md	36	ff077c7b33a60abeaa63e6cf4bb5a6a77de9957df3df21e0d9d5121b22e1c844	CTL-001 port=9081 file=/home/nawaf511/empire-core-new/backend/services/ctl-001-workspace-identity/service.yaml	Candidate evidence only; manual verification required.
EVD-d9a0a8003ea3	SERVICE_DISCOVERY	DOCUMENTATION_ONLY	backend/architecture/reports/DEV-009B-DGC-ENG001-ADAPTER-20260628_145317.md	DEV-009B-DGC-ENG001-ADAPTER-20260628_145317.md	37	ff077c7b33a60abeaa63e6cf4bb5a6a77de9957df3df21e0d9d5121b22e1c844	CDS-001 port=9078 file=/home/nawaf511/empire-core-new/backend/services/completed_decision/service.yaml	Candidate evidence only; manual verification required.
EVD-6b4baa67592d	SERVICE_DISCOVERY	DOCUMENTATION_ONLY	backend/architecture/reports/DEV-009B-DGC-ENG001-ADAPTER-20260628_145317.md	DEV-009B-DGC-ENG001-ADAPTER-20260628_145317.md	38	ff077c7b33a60abeaa63e6cf4bb5a6a77de9957df3df21e0d9d5121b22e1c844	DGC-001 port=9079 file=/home/nawaf511/empire-core-new/backend/services/decision_governance_core/service.yaml	Candidate evidence only; manual verification required.
EVD-a53ac48c3137	SERVICE_DISCOVERY	DOCUMENTATION_ONLY	backend/architecture/reports/DEV-009B-DGC-ENG001-ADAPTER-20260628_145317.md	DEV-009B-DGC-ENG001-ADAPTER-20260628_145317.md	39	ff077c7b33a60abeaa63e6cf4bb5a6a77de9957df3df21e0d9d5121b22e1c844	BOT-001 port=9080 file=/home/nawaf511/empire-core-new/backend/services/bot_execution/service.yaml	Candidate evidence only; manual verification required.
EVD-dc10cc1c6aa2	SERVICE_DISCOVERY	DOCUMENTATION_ONLY	backend/architecture/reports/DEV-009B-DGC-ENG001-ADAPTER-20260628_145317.md	DEV-009B-DGC-ENG001-ADAPTER-20260628_145317.md	40	ff077c7b33a60abeaa63e6cf4bb5a6a77de9957df3df21e0d9d5121b22e1c844	== DUPLICATE SERVICE IDS ==	Candidate evidence only; manual verification required.
EVD-7d8fe892d920	SERVICE_DISCOVERY	DOCUMENTATION_ONLY	backend/architecture/reports/DEV-009B-DGC-ENG001-ADAPTER-20260628_145317.md	DEV-009B-DGC-ENG001-ADAPTER-20260628_145317.md	44	ff077c7b33a60abeaa63e6cf4bb5a6a77de9957df3df21e0d9d5121b22e1c844	VALIDATING=/home/nawaf511/empire-core-new/backend/services/bot_execution	Candidate evidence only; manual verification required.
EVD-fd7e5e823120	SERVICE_DISCOVERY	DOCUMENTATION_ONLY	backend/architecture/reports/DEV-009B-DGC-ENG001-ADAPTER-20260628_145317.md	DEV-009B-DGC-ENG001-ADAPTER-20260628_145317.md	45	ff077c7b33a60abeaa63e6cf4bb5a6a77de9957df3df21e0d9d5121b22e1c844	LEGACY_SERVICE=YES	Candidate evidence only; manual verification required.
EVD-61c801fa9bb5	SERVICE_DISCOVERY	DOCUMENTATION_ONLY	backend/architecture/reports/DEV-009B-DGC-ENG001-ADAPTER-20260628_145317.md	DEV-009B-DGC-ENG001-ADAPTER-20260628_145317.md	47	ff077c7b33a60abeaa63e6cf4bb5a6a77de9957df3df21e0d9d5121b22e1c844	VALIDATION_PASS=REDACTED	Candidate evidence only; manual verification required.
EVD-30c14023fd34	SERVICE_DISCOVERY	DOCUMENTATION_ONLY	backend/architecture/reports/DEV-009B-DGC-ENG001-ADAPTER-20260628_145317.md	DEV-009B-DGC-ENG001-ADAPTER-20260628_145317.md	48	ff077c7b33a60abeaa63e6cf4bb5a6a77de9957df3df21e0d9d5121b22e1c844	VALIDATING=/home/nawaf511/empire-core-new/backend/services/completed_decision	Candidate evidence only; manual verification required.
EVD-c54f6468df2a	SERVICE_DISCOVERY	DOCUMENTATION_ONLY	backend/architecture/reports/DEV-009B-DGC-ENG001-ADAPTER-20260628_145440.md	DEV-009B-DGC-ENG001-ADAPTER-20260628_145440.md	7	746f54485b50d24297957ef2d749cd833ccf5df00242a20edd089560b819488a	M backend/services/decision_governance_core/contracts/DGC-001-ENG-001-ADAPTER-CONTRACT.md	Candidate evidence only; manual verification required.
EVD-501412ae7086	SERVICE_DISCOVERY	DOCUMENTATION_ONLY	backend/architecture/reports/DEV-009B-DGC-ENG001-ADAPTER-20260628_145440.md	DEV-009B-DGC-ENG001-ADAPTER-20260628_145440.md	18	746f54485b50d24297957ef2d749cd833ccf5df00242a20edd089560b819488a	REQUIRED_PATH_PASS=REDACTED	Candidate evidence only; manual verification required.
EVD-1565be26a334	SERVICE_DISCOVERY	DOCUMENTATION_ONLY	backend/architecture/reports/DEV-009B-DGC-ENG001-ADAPTER-20260628_145440.md	DEV-009B-DGC-ENG001-ADAPTER-20260628_145440.md	22	746f54485b50d24297957ef2d749cd833ccf5df00242a20edd089560b819488a	SERVICE_REGISTRY_PATH_PASS=REDACTED	Candidate evidence only; manual verification required.
EVD-74cc99a804ee	SERVICE_DISCOVERY	DOCUMENTATION_ONLY	backend/architecture/reports/DEV-009B-DGC-ENG001-ADAPTER-20260628_145440.md	DEV-009B-DGC-ENG001-ADAPTER-20260628_145440.md	23	746f54485b50d24297957ef2d749cd833ccf5df00242a20edd089560b819488a	SERVICE_REGISTRY_AUTHORITY=NDSP_DOCTOR	Candidate evidence only; manual verification required.
EVD-f52628ace6f9	SERVICE_DISCOVERY	DOCUMENTATION_ONLY	backend/architecture/reports/DEV-009B-DGC-ENG001-ADAPTER-20260628_145440.md	DEV-009B-DGC-ENG001-ADAPTER-20260628_145440.md	28	746f54485b50d24297957ef2d749cd833ccf5df00242a20edd089560b819488a	SERVICES_DIR=OK	Candidate evidence only; manual verification required.
EVD-ca83f845641c	SERVICE_DISCOVERY	DOCUMENTATION_ONLY	backend/architecture/reports/DEV-009B-DGC-ENG001-ADAPTER-20260628_145440.md	DEV-009B-DGC-ENG001-ADAPTER-20260628_145440.md	29	746f54485b50d24297957ef2d749cd833ccf5df00242a20edd089560b819488a	SERVICE_REGISTRY=OK	Candidate evidence only; manual verification required.
EVD-6141dd67a95e	SERVICE_DISCOVERY	DOCUMENTATION_ONLY	backend/architecture/reports/DEV-009B-DGC-ENG001-ADAPTER-20260628_145440.md	DEV-009B-DGC-ENG001-ADAPTER-20260628_145440.md	30	746f54485b50d24297957ef2d749cd833ccf5df00242a20edd089560b819488a	== SERVICE COUNT ==	Candidate evidence only; manual verification required.
EVD-0be6467d5a53	SERVICE_DISCOVERY	DOCUMENTATION_ONLY	backend/architecture/reports/DEV-009B-DGC-ENG001-ADAPTER-20260628_145440.md	DEV-009B-DGC-ENG001-ADAPTER-20260628_145440.md	32	746f54485b50d24297957ef2d749cd833ccf5df00242a20edd089560b819488a	== SERVICE IDS ==	Candidate evidence only; manual verification required.
EVD-854e1933390d	SERVICE_DISCOVERY	DOCUMENTATION_ONLY	backend/architecture/reports/DEV-009B-DGC-ENG001-ADAPTER-20260628_145440.md	DEV-009B-DGC-ENG001-ADAPTER-20260628_145440.md	33	746f54485b50d24297957ef2d749cd833ccf5df00242a20edd089560b819488a	CTL-001 port=9081 file=/home/nawaf511/empire-core-new/backend/services/ctl-001-workspace-identity/service.yaml	Candidate evidence only; manual verification required.
EVD-9e6735db67b6	SERVICE_DISCOVERY	DOCUMENTATION_ONLY	backend/architecture/reports/DEV-009B-DGC-ENG001-ADAPTER-20260628_145440.md	DEV-009B-DGC-ENG001-ADAPTER-20260628_145440.md	34	746f54485b50d24297957ef2d749cd833ccf5df00242a20edd089560b819488a	CDS-001 port=9078 file=/home/nawaf511/empire-core-new/backend/services/completed_decision/service.yaml	Candidate evidence only; manual verification required.
EVD-09143b5df238	SERVICE_DISCOVERY	DOCUMENTATION_ONLY	backend/architecture/reports/DEV-009B-DGC-ENG001-ADAPTER-20260628_145440.md	DEV-009B-DGC-ENG001-ADAPTER-20260628_145440.md	35	746f54485b50d24297957ef2d749cd833ccf5df00242a20edd089560b819488a	DGC-001 port=9079 file=/home/nawaf511/empire-core-new/backend/services/decision_governance_core/service.yaml	Candidate evidence only; manual verification required.
EVD-abbaceede688	SERVICE_DISCOVERY	DOCUMENTATION_ONLY	backend/architecture/reports/DEV-009B-DGC-ENG001-ADAPTER-20260628_145440.md	DEV-009B-DGC-ENG001-ADAPTER-20260628_145440.md	36	746f54485b50d24297957ef2d749cd833ccf5df00242a20edd089560b819488a	BOT-001 port=9080 file=/home/nawaf511/empire-core-new/backend/services/bot_execution/service.yaml	Candidate evidence only; manual verification required.
EVD-e7d118c881f5	SERVICE_DISCOVERY	DOCUMENTATION_ONLY	backend/architecture/reports/DEV-009B-DGC-ENG001-ADAPTER-20260628_145440.md	DEV-009B-DGC-ENG001-ADAPTER-20260628_145440.md	37	746f54485b50d24297957ef2d749cd833ccf5df00242a20edd089560b819488a	== DUPLICATE SERVICE IDS ==	Candidate evidence only; manual verification required.
EVD-52c639bda07d	SERVICE_DISCOVERY	DOCUMENTATION_ONLY	backend/architecture/reports/DEV-009B-DGC-ENG001-ADAPTER-20260628_145440.md	DEV-009B-DGC-ENG001-ADAPTER-20260628_145440.md	41	746f54485b50d24297957ef2d749cd833ccf5df00242a20edd089560b819488a	VALIDATING=/home/nawaf511/empire-core-new/backend/services/bot_execution	Candidate evidence only; manual verification required.
EVD-604133d445df	SERVICE_DISCOVERY	DOCUMENTATION_ONLY	backend/architecture/reports/DEV-009B-DGC-ENG001-ADAPTER-20260628_145440.md	DEV-009B-DGC-ENG001-ADAPTER-20260628_145440.md	42	746f54485b50d24297957ef2d749cd833ccf5df00242a20edd089560b819488a	LEGACY_SERVICE=YES	Candidate evidence only; manual verification required.
EVD-3adbb8e25fbb	SERVICE_DISCOVERY	DOCUMENTATION_ONLY	backend/architecture/reports/DEV-009B-DGC-ENG001-ADAPTER-20260628_145440.md	DEV-009B-DGC-ENG001-ADAPTER-20260628_145440.md	44	746f54485b50d24297957ef2d749cd833ccf5df00242a20edd089560b819488a	VALIDATION_PASS=REDACTED	Candidate evidence only; manual verification required.
EVD-6f43cb0d489a	SERVICE_DISCOVERY	DOCUMENTATION_ONLY	backend/architecture/reports/DEV-009B-DGC-ENG001-ADAPTER-20260628_145440.md	DEV-009B-DGC-ENG001-ADAPTER-20260628_145440.md	45	746f54485b50d24297957ef2d749cd833ccf5df00242a20edd089560b819488a	VALIDATING=/home/nawaf511/empire-core-new/backend/services/completed_decision	Candidate evidence only; manual verification required.
EVD-31d044ac15b5	SERVICE_DISCOVERY	DOCUMENTATION_ONLY	backend/architecture/reports/DEV-009B-DGC-ENG001-ADAPTER-20260628_145440.md	DEV-009B-DGC-ENG001-ADAPTER-20260628_145440.md	46	746f54485b50d24297957ef2d749cd833ccf5df00242a20edd089560b819488a	VALIDATION_PASS=REDACTED	Candidate evidence only; manual verification required.
EVD-3af4147e5ab9	SERVICE_DISCOVERY	DOCUMENTATION_ONLY	backend/architecture/reports/DEV-009B-DGC-ENG001-ADAPTER-20260628_145440.md	DEV-009B-DGC-ENG001-ADAPTER-20260628_145440.md	47	746f54485b50d24297957ef2d749cd833ccf5df00242a20edd089560b819488a	VALIDATING=/home/nawaf511/empire-core-new/backend/services/ctl-001-workspace-identity	Candidate evidence only; manual verification required.
EVD-5b474e3a753e	SERVICE_DISCOVERY	DOCUMENTATION_ONLY	backend/architecture/reports/DEV-009B-DGC-ENG001-ADAPTER-20260628_145440.md	DEV-009B-DGC-ENG001-ADAPTER-20260628_145440.md	48	746f54485b50d24297957ef2d749cd833ccf5df00242a20edd089560b819488a	VALIDATION_PASS=REDACTED	Candidate evidence only; manual verification required.
EVD-89bef63f754f	SERVICE_DISCOVERY	DOCUMENTATION_ONLY	backend/architecture/reports/DEV-009B-DGC-ENG001-ADAPTER-20260628_145720.md	DEV-009B-DGC-ENG001-ADAPTER-20260628_145720.md	7	963c8a260586598ea15ce678b96b0295d128ca370720057c303b320373c2d010	M backend/services/decision_governance_core/contracts/DGC-001-ENG-001-ADAPTER-CONTRACT.md	Candidate evidence only; manual verification required.
EVD-6a597177cfdd	SERVICE_DISCOVERY	DOCUMENTATION_ONLY	backend/architecture/reports/DEV-009B-DGC-ENG001-ADAPTER-20260628_145720.md	DEV-009B-DGC-ENG001-ADAPTER-20260628_145720.md	18	963c8a260586598ea15ce678b96b0295d128ca370720057c303b320373c2d010	REQUIRED_PATH_PASS=REDACTED	Candidate evidence only; manual verification required.
EVD-d245c1cab15d	SERVICE_DISCOVERY	DOCUMENTATION_ONLY	backend/architecture/reports/DEV-009B-DGC-ENG001-ADAPTER-20260628_145720.md	DEV-009B-DGC-ENG001-ADAPTER-20260628_145720.md	22	963c8a260586598ea15ce678b96b0295d128ca370720057c303b320373c2d010	SERVICE_REGISTRY_PATH_PASS=REDACTED	Candidate evidence only; manual verification required.
EVD-21a568328791	SERVICE_DISCOVERY	DOCUMENTATION_ONLY	backend/architecture/reports/DEV-009B-DGC-ENG001-ADAPTER-20260628_145720.md	DEV-009B-DGC-ENG001-ADAPTER-20260628_145720.md	23	963c8a260586598ea15ce678b96b0295d128ca370720057c303b320373c2d010	SERVICE_REGISTRY_AUTHORITY=NDSP_DOCTOR	Candidate evidence only; manual verification required.
EVD-24c19f1ac0e4	SERVICE_DISCOVERY	DOCUMENTATION_ONLY	backend/architecture/reports/DEV-009B-DGC-ENG001-ADAPTER-20260628_145720.md	DEV-009B-DGC-ENG001-ADAPTER-20260628_145720.md	28	963c8a260586598ea15ce678b96b0295d128ca370720057c303b320373c2d010	SERVICES_DIR=OK	Candidate evidence only; manual verification required.
EVD-ded57206a35a	SERVICE_DISCOVERY	DOCUMENTATION_ONLY	backend/architecture/reports/DEV-009B-DGC-ENG001-ADAPTER-20260628_145720.md	DEV-009B-DGC-ENG001-ADAPTER-20260628_145720.md	29	963c8a260586598ea15ce678b96b0295d128ca370720057c303b320373c2d010	SERVICE_REGISTRY=OK	Candidate evidence only; manual verification required.
EVD-06f7598a344f	SERVICE_DISCOVERY	DOCUMENTATION_ONLY	backend/architecture/reports/DEV-009B-DGC-ENG001-ADAPTER-20260628_145720.md	DEV-009B-DGC-ENG001-ADAPTER-20260628_145720.md	30	963c8a260586598ea15ce678b96b0295d128ca370720057c303b320373c2d010	== SERVICE COUNT ==	Candidate evidence only; manual verification required.
EVD-6d81f47d1400	SERVICE_DISCOVERY	DOCUMENTATION_ONLY	backend/architecture/reports/DEV-009B-DGC-ENG001-ADAPTER-20260628_145720.md	DEV-009B-DGC-ENG001-ADAPTER-20260628_145720.md	32	963c8a260586598ea15ce678b96b0295d128ca370720057c303b320373c2d010	== SERVICE IDS ==	Candidate evidence only; manual verification required.
EVD-5581d97c2c66	SERVICE_DISCOVERY	DOCUMENTATION_ONLY	backend/architecture/reports/DEV-009B-DGC-ENG001-ADAPTER-20260628_145720.md	DEV-009B-DGC-ENG001-ADAPTER-20260628_145720.md	33	963c8a260586598ea15ce678b96b0295d128ca370720057c303b320373c2d010	CTL-001 port=9081 file=/home/nawaf511/empire-core-new/backend/services/ctl-001-workspace-identity/service.yaml	Candidate evidence only; manual verification required.
EVD-3588279776ab	SERVICE_DISCOVERY	DOCUMENTATION_ONLY	backend/architecture/reports/DEV-009B-DGC-ENG001-ADAPTER-20260628_145720.md	DEV-009B-DGC-ENG001-ADAPTER-20260628_145720.md	34	963c8a260586598ea15ce678b96b0295d128ca370720057c303b320373c2d010	CDS-001 port=9078 file=/home/nawaf511/empire-core-new/backend/services/completed_decision/service.yaml	Candidate evidence only; manual verification required.
EVD-20212b9c308e	SERVICE_DISCOVERY	DOCUMENTATION_ONLY	backend/architecture/reports/DEV-009B-DGC-ENG001-ADAPTER-20260628_145720.md	DEV-009B-DGC-ENG001-ADAPTER-20260628_145720.md	35	963c8a260586598ea15ce678b96b0295d128ca370720057c303b320373c2d010	DGC-001 port=9079 file=/home/nawaf511/empire-core-new/backend/services/decision_governance_core/service.yaml	Candidate evidence only; manual verification required.
EVD-ccf1285a04ef	SERVICE_DISCOVERY	DOCUMENTATION_ONLY	backend/architecture/reports/DEV-009B-DGC-ENG001-ADAPTER-20260628_145720.md	DEV-009B-DGC-ENG001-ADAPTER-20260628_145720.md	36	963c8a260586598ea15ce678b96b0295d128ca370720057c303b320373c2d010	BOT-001 port=9080 file=/home/nawaf511/empire-core-new/backend/services/bot_execution/service.yaml	Candidate evidence only; manual verification required.
EVD-2e96c6f2837d	SERVICE_DISCOVERY	DOCUMENTATION_ONLY	backend/architecture/reports/DEV-009B-DGC-ENG001-ADAPTER-20260628_145720.md	DEV-009B-DGC-ENG001-ADAPTER-20260628_145720.md	37	963c8a260586598ea15ce678b96b0295d128ca370720057c303b320373c2d010	== DUPLICATE SERVICE IDS ==	Candidate evidence only; manual verification required.
EVD-c435754e1aab	SERVICE_DISCOVERY	DOCUMENTATION_ONLY	backend/architecture/reports/DEV-009B-DGC-ENG001-ADAPTER-20260628_145720.md	DEV-009B-DGC-ENG001-ADAPTER-20260628_145720.md	41	963c8a260586598ea15ce678b96b0295d128ca370720057c303b320373c2d010	VALIDATING=/home/nawaf511/empire-core-new/backend/services/bot_execution	Candidate evidence only; manual verification required.
EVD-7ec643b94c9c	SERVICE_DISCOVERY	DOCUMENTATION_ONLY	backend/architecture/reports/DEV-009B-DGC-ENG001-ADAPTER-20260628_145720.md	DEV-009B-DGC-ENG001-ADAPTER-20260628_145720.md	42	963c8a260586598ea15ce678b96b0295d128ca370720057c303b320373c2d010	LEGACY_SERVICE=YES	Candidate evidence only; manual verification required.
EVD-90fabd2562eb	SERVICE_DISCOVERY	DOCUMENTATION_ONLY	backend/architecture/reports/DEV-009B-DGC-ENG001-ADAPTER-20260628_145720.md	DEV-009B-DGC-ENG001-ADAPTER-20260628_145720.md	44	963c8a260586598ea15ce678b96b0295d128ca370720057c303b320373c2d010	VALIDATION_PASS=REDACTED	Candidate evidence only; manual verification required.
EVD-6d9cbe89fdc8	SERVICE_DISCOVERY	DOCUMENTATION_ONLY	backend/architecture/reports/DEV-009B-DGC-ENG001-ADAPTER-20260628_145720.md	DEV-009B-DGC-ENG001-ADAPTER-20260628_145720.md	45	963c8a260586598ea15ce678b96b0295d128ca370720057c303b320373c2d010	VALIDATING=/home/nawaf511/empire-core-new/backend/services/completed_decision	Candidate evidence only; manual verification required.
EVD-479656c723d7	SERVICE_DISCOVERY	DOCUMENTATION_ONLY	backend/architecture/reports/DEV-009B-DGC-ENG001-ADAPTER-20260628_145720.md	DEV-009B-DGC-ENG001-ADAPTER-20260628_145720.md	46	963c8a260586598ea15ce678b96b0295d128ca370720057c303b320373c2d010	VALIDATION_PASS=REDACTED	Candidate evidence only; manual verification required.
EVD-bd3f55514700	SERVICE_DISCOVERY	DOCUMENTATION_ONLY	backend/architecture/reports/DEV-009B-DGC-ENG001-ADAPTER-20260628_145720.md	DEV-009B-DGC-ENG001-ADAPTER-20260628_145720.md	47	963c8a260586598ea15ce678b96b0295d128ca370720057c303b320373c2d010	VALIDATING=/home/nawaf511/empire-core-new/backend/services/ctl-001-workspace-identity	Candidate evidence only; manual verification required.
EVD-fdb2f9828f3a	SERVICE_DISCOVERY	DOCUMENTATION_ONLY	backend/architecture/reports/DEV-009B-DGC-ENG001-ADAPTER-20260628_145720.md	DEV-009B-DGC-ENG001-ADAPTER-20260628_145720.md	48	963c8a260586598ea15ce678b96b0295d128ca370720057c303b320373c2d010	VALIDATION_PASS=REDACTED	Candidate evidence only; manual verification required.
EVD-f823b9c76ded	SERVICE_DISCOVERY	DOCUMENTATION_ONLY	backend/architecture/reports/DEV-009B-DGC-ENG001-ADAPTER-20260628_150611.md	DEV-009B-DGC-ENG001-ADAPTER-20260628_150611.md	7	889ef26f1dad05ce7fe87247c63a5f17e030e909758d4739dbe0b5baa04ffd68	M backend/services/decision_governance_core/contracts/DGC-001-ENG-001-ADAPTER-CONTRACT.md	Candidate evidence only; manual verification required.
EVD-60deab204a9c	SERVICE_DISCOVERY	DOCUMENTATION_ONLY	backend/architecture/reports/DEV-009B-DGC-ENG001-ADAPTER-20260628_150611.md	DEV-009B-DGC-ENG001-ADAPTER-20260628_150611.md	18	889ef26f1dad05ce7fe87247c63a5f17e030e909758d4739dbe0b5baa04ffd68	REQUIRED_PATH_PASS=REDACTED	Candidate evidence only; manual verification required.
EVD-913ea6908fe8	SERVICE_DISCOVERY	DOCUMENTATION_ONLY	backend/architecture/reports/DEV-009B-DGC-ENG001-ADAPTER-20260628_150611.md	DEV-009B-DGC-ENG001-ADAPTER-20260628_150611.md	22	889ef26f1dad05ce7fe87247c63a5f17e030e909758d4739dbe0b5baa04ffd68	SERVICE_REGISTRY_PATH_PASS=REDACTED	Candidate evidence only; manual verification required.
EVD-421fed054786	SERVICE_DISCOVERY	DOCUMENTATION_ONLY	backend/architecture/reports/DEV-009B-DGC-ENG001-ADAPTER-20260628_150611.md	DEV-009B-DGC-ENG001-ADAPTER-20260628_150611.md	23	889ef26f1dad05ce7fe87247c63a5f17e030e909758d4739dbe0b5baa04ffd68	SERVICE_REGISTRY_AUTHORITY=NDSP_DOCTOR	Candidate evidence only; manual verification required.
EVD-f2e869631ca3	SERVICE_DISCOVERY	DOCUMENTATION_ONLY	backend/architecture/reports/DEV-009B-DGC-ENG001-ADAPTER-20260628_150611.md	DEV-009B-DGC-ENG001-ADAPTER-20260628_150611.md	28	889ef26f1dad05ce7fe87247c63a5f17e030e909758d4739dbe0b5baa04ffd68	SERVICES_DIR=OK	Candidate evidence only; manual verification required.
EVD-4e95fb43e95e	SERVICE_DISCOVERY	DOCUMENTATION_ONLY	backend/architecture/reports/DEV-009B-DGC-ENG001-ADAPTER-20260628_150611.md	DEV-009B-DGC-ENG001-ADAPTER-20260628_150611.md	29	889ef26f1dad05ce7fe87247c63a5f17e030e909758d4739dbe0b5baa04ffd68	SERVICE_REGISTRY=OK	Candidate evidence only; manual verification required.
EVD-d1a5ce9f198c	SERVICE_DISCOVERY	DOCUMENTATION_ONLY	backend/architecture/reports/DEV-009B-DGC-ENG001-ADAPTER-20260628_150611.md	DEV-009B-DGC-ENG001-ADAPTER-20260628_150611.md	30	889ef26f1dad05ce7fe87247c63a5f17e030e909758d4739dbe0b5baa04ffd68	== SERVICE COUNT ==	Candidate evidence only; manual verification required.
EVD-7edf5d1480b9	SERVICE_DISCOVERY	DOCUMENTATION_ONLY	backend/architecture/reports/DEV-009B-DGC-ENG001-ADAPTER-20260628_150611.md	DEV-009B-DGC-ENG001-ADAPTER-20260628_150611.md	32	889ef26f1dad05ce7fe87247c63a5f17e030e909758d4739dbe0b5baa04ffd68	== SERVICE IDS ==	Candidate evidence only; manual verification required.
EVD-634cd8e6bc62	SERVICE_DISCOVERY	DOCUMENTATION_ONLY	backend/architecture/reports/DEV-009B-DGC-ENG001-ADAPTER-20260628_150611.md	DEV-009B-DGC-ENG001-ADAPTER-20260628_150611.md	33	889ef26f1dad05ce7fe87247c63a5f17e030e909758d4739dbe0b5baa04ffd68	CTL-001 port=9081 file=/home/nawaf511/empire-core-new/backend/services/ctl-001-workspace-identity/service.yaml	Candidate evidence only; manual verification required.
EVD-9ef63a21f110	SERVICE_DISCOVERY	DOCUMENTATION_ONLY	backend/architecture/reports/DEV-009B-DGC-ENG001-ADAPTER-20260628_150611.md	DEV-009B-DGC-ENG001-ADAPTER-20260628_150611.md	34	889ef26f1dad05ce7fe87247c63a5f17e030e909758d4739dbe0b5baa04ffd68	CDS-001 port=9078 file=/home/nawaf511/empire-core-new/backend/services/completed_decision/service.yaml	Candidate evidence only; manual verification required.
EVD-95906ba11f46	SERVICE_DISCOVERY	DOCUMENTATION_ONLY	backend/architecture/reports/DEV-009B-DGC-ENG001-ADAPTER-20260628_150611.md	DEV-009B-DGC-ENG001-ADAPTER-20260628_150611.md	35	889ef26f1dad05ce7fe87247c63a5f17e030e909758d4739dbe0b5baa04ffd68	DGC-001 port=9079 file=/home/nawaf511/empire-core-new/backend/services/decision_governance_core/service.yaml	Candidate evidence only; manual verification required.
EVD-9110d8a50536	SERVICE_DISCOVERY	DOCUMENTATION_ONLY	backend/architecture/reports/DEV-009B-DGC-ENG001-ADAPTER-20260628_150611.md	DEV-009B-DGC-ENG001-ADAPTER-20260628_150611.md	36	889ef26f1dad05ce7fe87247c63a5f17e030e909758d4739dbe0b5baa04ffd68	BOT-001 port=9080 file=/home/nawaf511/empire-core-new/backend/services/bot_execution/service.yaml	Candidate evidence only; manual verification required.
EVD-393f84c98982	SERVICE_DISCOVERY	DOCUMENTATION_ONLY	backend/architecture/reports/DEV-009B-DGC-ENG001-ADAPTER-20260628_150611.md	DEV-009B-DGC-ENG001-ADAPTER-20260628_150611.md	37	889ef26f1dad05ce7fe87247c63a5f17e030e909758d4739dbe0b5baa04ffd68	== DUPLICATE SERVICE IDS ==	Candidate evidence only; manual verification required.
EVD-704ce47496eb	SERVICE_DISCOVERY	DOCUMENTATION_ONLY	backend/architecture/reports/DEV-009B-DGC-ENG001-ADAPTER-20260628_150611.md	DEV-009B-DGC-ENG001-ADAPTER-20260628_150611.md	41	889ef26f1dad05ce7fe87247c63a5f17e030e909758d4739dbe0b5baa04ffd68	VALIDATING=/home/nawaf511/empire-core-new/backend/services/bot_execution	Candidate evidence only; manual verification required.
EVD-ee1793ba0077	SERVICE_DISCOVERY	DOCUMENTATION_ONLY	backend/architecture/reports/DEV-009B-DGC-ENG001-ADAPTER-20260628_150611.md	DEV-009B-DGC-ENG001-ADAPTER-20260628_150611.md	42	889ef26f1dad05ce7fe87247c63a5f17e030e909758d4739dbe0b5baa04ffd68	LEGACY_SERVICE=YES	Candidate evidence only; manual verification required.
EVD-623b62afb1f4	SERVICE_DISCOVERY	DOCUMENTATION_ONLY	backend/architecture/reports/DEV-009B-DGC-ENG001-ADAPTER-20260628_150611.md	DEV-009B-DGC-ENG001-ADAPTER-20260628_150611.md	44	889ef26f1dad05ce7fe87247c63a5f17e030e909758d4739dbe0b5baa04ffd68	VALIDATION_PASS=REDACTED	Candidate evidence only; manual verification required.
EVD-1523cfdef401	SERVICE_DISCOVERY	DOCUMENTATION_ONLY	backend/architecture/reports/DEV-009B-DGC-ENG001-ADAPTER-20260628_150611.md	DEV-009B-DGC-ENG001-ADAPTER-20260628_150611.md	45	889ef26f1dad05ce7fe87247c63a5f17e030e909758d4739dbe0b5baa04ffd68	VALIDATING=/home/nawaf511/empire-core-new/backend/services/completed_decision	Candidate evidence only; manual verification required.
EVD-2835bc0226e5	SERVICE_DISCOVERY	DOCUMENTATION_ONLY	backend/architecture/reports/DEV-009B-DGC-ENG001-ADAPTER-20260628_150611.md	DEV-009B-DGC-ENG001-ADAPTER-20260628_150611.md	46	889ef26f1dad05ce7fe87247c63a5f17e030e909758d4739dbe0b5baa04ffd68	VALIDATION_PASS=REDACTED	Candidate evidence only; manual verification required.
EVD-583310f5f5f6	SERVICE_DISCOVERY	DOCUMENTATION_ONLY	backend/architecture/reports/DEV-009B-DGC-ENG001-ADAPTER-20260628_150611.md	DEV-009B-DGC-ENG001-ADAPTER-20260628_150611.md	47	889ef26f1dad05ce7fe87247c63a5f17e030e909758d4739dbe0b5baa04ffd68	VALIDATING=/home/nawaf511/empire-core-new/backend/services/ctl-001-workspace-identity	Candidate evidence only; manual verification required.
EVD-63000c70d2e0	SERVICE_DISCOVERY	DOCUMENTATION_ONLY	backend/architecture/reports/DEV-009B-DGC-ENG001-ADAPTER-20260628_150611.md	DEV-009B-DGC-ENG001-ADAPTER-20260628_150611.md	48	889ef26f1dad05ce7fe87247c63a5f17e030e909758d4739dbe0b5baa04ffd68	VALIDATION_PASS=REDACTED	Candidate evidence only; manual verification required.
EVD-68b46b74eb61	SERVICE_DISCOVERY	DOCUMENTATION_ONLY	backend/architecture/reports/DEV-009C-DGC-ADAPTER-SMOKE-20260628_145720.md	DEV-009C-DGC-ADAPTER-SMOKE-20260628_145720.md	17	494b6423d45c73273a0a5e671d4555ddaa7b3a320f65b615c54dfd60e0a0a8a8	REQUIRED_PATH_PASS=REDACTED	Candidate evidence only; manual verification required.
EVD-c440cdf451ff	SERVICE_DISCOVERY	DOCUMENTATION_ONLY	backend/architecture/reports/DEV-009C-DGC-ADAPTER-SMOKE-20260628_145720.md	DEV-009C-DGC-ADAPTER-SMOKE-20260628_145720.md	21	494b6423d45c73273a0a5e671d4555ddaa7b3a320f65b615c54dfd60e0a0a8a8	SERVICE_REGISTRY_PATH_PASS=REDACTED	Candidate evidence only; manual verification required.
EVD-24277c3ddc31	SERVICE_DISCOVERY	DOCUMENTATION_ONLY	backend/architecture/reports/DEV-009C-DGC-ADAPTER-SMOKE-20260628_145720.md	DEV-009C-DGC-ADAPTER-SMOKE-20260628_145720.md	22	494b6423d45c73273a0a5e671d4555ddaa7b3a320f65b615c54dfd60e0a0a8a8	SERVICE_REGISTRY_AUTHORITY=NDSP_DOCTOR	Candidate evidence only; manual verification required.
EVD-5a2d0107742f	SERVICE_DISCOVERY	DOCUMENTATION_ONLY	backend/architecture/reports/DEV-009C-DGC-ADAPTER-SMOKE-20260628_145720.md	DEV-009C-DGC-ADAPTER-SMOKE-20260628_145720.md	27	494b6423d45c73273a0a5e671d4555ddaa7b3a320f65b615c54dfd60e0a0a8a8	SERVICES_DIR=OK	Candidate evidence only; manual verification required.
EVD-eafae7e92025	SERVICE_DISCOVERY	DOCUMENTATION_ONLY	backend/architecture/reports/DEV-009C-DGC-ADAPTER-SMOKE-20260628_145720.md	DEV-009C-DGC-ADAPTER-SMOKE-20260628_145720.md	28	494b6423d45c73273a0a5e671d4555ddaa7b3a320f65b615c54dfd60e0a0a8a8	SERVICE_REGISTRY=OK	Candidate evidence only; manual verification required.
EVD-cf71be248d2e	SERVICE_DISCOVERY	DOCUMENTATION_ONLY	backend/architecture/reports/DEV-009C-DGC-ADAPTER-SMOKE-20260628_145720.md	DEV-009C-DGC-ADAPTER-SMOKE-20260628_145720.md	29	494b6423d45c73273a0a5e671d4555ddaa7b3a320f65b615c54dfd60e0a0a8a8	== SERVICE COUNT ==	Candidate evidence only; manual verification required.
EVD-fbed39dfb904	SERVICE_DISCOVERY	DOCUMENTATION_ONLY	backend/architecture/reports/DEV-009C-DGC-ADAPTER-SMOKE-20260628_145720.md	DEV-009C-DGC-ADAPTER-SMOKE-20260628_145720.md	31	494b6423d45c73273a0a5e671d4555ddaa7b3a320f65b615c54dfd60e0a0a8a8	== SERVICE IDS ==	Candidate evidence only; manual verification required.
EVD-f1192feec453	SERVICE_DISCOVERY	DOCUMENTATION_ONLY	backend/architecture/reports/DEV-009C-DGC-ADAPTER-SMOKE-20260628_145720.md	DEV-009C-DGC-ADAPTER-SMOKE-20260628_145720.md	32	494b6423d45c73273a0a5e671d4555ddaa7b3a320f65b615c54dfd60e0a0a8a8	CTL-001 port=9081 file=/home/nawaf511/empire-core-new/backend/services/ctl-001-workspace-identity/service.yaml	Candidate evidence only; manual verification required.
EVD-b604d0ba4f3d	SERVICE_DISCOVERY	DOCUMENTATION_ONLY	backend/architecture/reports/DEV-009C-DGC-ADAPTER-SMOKE-20260628_145720.md	DEV-009C-DGC-ADAPTER-SMOKE-20260628_145720.md	33	494b6423d45c73273a0a5e671d4555ddaa7b3a320f65b615c54dfd60e0a0a8a8	CDS-001 port=9078 file=/home/nawaf511/empire-core-new/backend/services/completed_decision/service.yaml	Candidate evidence only; manual verification required.
EVD-27c601ae2afd	SERVICE_DISCOVERY	DOCUMENTATION_ONLY	backend/architecture/reports/DEV-009C-DGC-ADAPTER-SMOKE-20260628_145720.md	DEV-009C-DGC-ADAPTER-SMOKE-20260628_145720.md	34	494b6423d45c73273a0a5e671d4555ddaa7b3a320f65b615c54dfd60e0a0a8a8	DGC-001 port=9079 file=/home/nawaf511/empire-core-new/backend/services/decision_governance_core/service.yaml	Candidate evidence only; manual verification required.
EVD-782605b556ac	SERVICE_DISCOVERY	DOCUMENTATION_ONLY	backend/architecture/reports/DEV-009C-DGC-ADAPTER-SMOKE-20260628_145720.md	DEV-009C-DGC-ADAPTER-SMOKE-20260628_145720.md	35	494b6423d45c73273a0a5e671d4555ddaa7b3a320f65b615c54dfd60e0a0a8a8	BOT-001 port=9080 file=/home/nawaf511/empire-core-new/backend/services/bot_execution/service.yaml	Candidate evidence only; manual verification required.
EVD-ccec5b688226	SERVICE_DISCOVERY	DOCUMENTATION_ONLY	backend/architecture/reports/DEV-009C-DGC-ADAPTER-SMOKE-20260628_145720.md	DEV-009C-DGC-ADAPTER-SMOKE-20260628_145720.md	36	494b6423d45c73273a0a5e671d4555ddaa7b3a320f65b615c54dfd60e0a0a8a8	== DUPLICATE SERVICE IDS ==	Candidate evidence only; manual verification required.
EVD-25bcb955e827	SERVICE_DISCOVERY	DOCUMENTATION_ONLY	backend/architecture/reports/DEV-009C-DGC-ADAPTER-SMOKE-20260628_145720.md	DEV-009C-DGC-ADAPTER-SMOKE-20260628_145720.md	40	494b6423d45c73273a0a5e671d4555ddaa7b3a320f65b615c54dfd60e0a0a8a8	VALIDATING=/home/nawaf511/empire-core-new/backend/services/bot_execution	Candidate evidence only; manual verification required.
EVD-1a98f8d40e00	SERVICE_DISCOVERY	DOCUMENTATION_ONLY	backend/architecture/reports/DEV-009C-DGC-ADAPTER-SMOKE-20260628_145720.md	DEV-009C-DGC-ADAPTER-SMOKE-20260628_145720.md	41	494b6423d45c73273a0a5e671d4555ddaa7b3a320f65b615c54dfd60e0a0a8a8	LEGACY_SERVICE=YES	Candidate evidence only; manual verification required.
EVD-ce486089b2b1	SERVICE_DISCOVERY	DOCUMENTATION_ONLY	backend/architecture/reports/DEV-009C-DGC-ADAPTER-SMOKE-20260628_145720.md	DEV-009C-DGC-ADAPTER-SMOKE-20260628_145720.md	43	494b6423d45c73273a0a5e671d4555ddaa7b3a320f65b615c54dfd60e0a0a8a8	VALIDATION_PASS=REDACTED	Candidate evidence only; manual verification required.
EVD-3ad6a1ea0703	SERVICE_DISCOVERY	DOCUMENTATION_ONLY	backend/architecture/reports/DEV-009C-DGC-ADAPTER-SMOKE-20260628_145720.md	DEV-009C-DGC-ADAPTER-SMOKE-20260628_145720.md	44	494b6423d45c73273a0a5e671d4555ddaa7b3a320f65b615c54dfd60e0a0a8a8	VALIDATING=/home/nawaf511/empire-core-new/backend/services/completed_decision	Candidate evidence only; manual verification required.
EVD-5779761eefbb	SERVICE_DISCOVERY	DOCUMENTATION_ONLY	backend/architecture/reports/DEV-009C-DGC-ADAPTER-SMOKE-20260628_145720.md	DEV-009C-DGC-ADAPTER-SMOKE-20260628_145720.md	45	494b6423d45c73273a0a5e671d4555ddaa7b3a320f65b615c54dfd60e0a0a8a8	VALIDATION_PASS=REDACTED	Candidate evidence only; manual verification required.
EVD-389dd9feeae6	SERVICE_DISCOVERY	DOCUMENTATION_ONLY	backend/architecture/reports/DEV-009C-DGC-ADAPTER-SMOKE-20260628_145720.md	DEV-009C-DGC-ADAPTER-SMOKE-20260628_145720.md	46	494b6423d45c73273a0a5e671d4555ddaa7b3a320f65b615c54dfd60e0a0a8a8	VALIDATING=/home/nawaf511/empire-core-new/backend/services/ctl-001-workspace-identity	Candidate evidence only; manual verification required.
EVD-f63b38346310	SERVICE_DISCOVERY	DOCUMENTATION_ONLY	backend/architecture/reports/DEV-009C-DGC-ADAPTER-SMOKE-20260628_145720.md	DEV-009C-DGC-ADAPTER-SMOKE-20260628_145720.md	47	494b6423d45c73273a0a5e671d4555ddaa7b3a320f65b615c54dfd60e0a0a8a8	VALIDATION_PASS=REDACTED	Candidate evidence only; manual verification required.
EVD-01239bc0b184	SERVICE_DISCOVERY	DOCUMENTATION_ONLY	backend/architecture/reports/DEV-009C-DGC-ADAPTER-SMOKE-20260628_145720.md	DEV-009C-DGC-ADAPTER-SMOKE-20260628_145720.md	48	494b6423d45c73273a0a5e671d4555ddaa7b3a320f65b615c54dfd60e0a0a8a8	VALIDATING=/home/nawaf511/empire-core-new/backend/services/decision_governance_core	Candidate evidence only; manual verification required.
EVD-af77db550fe1	SERVICE_DISCOVERY	DOCUMENTATION_ONLY	backend/architecture/reports/DEV-009C-DGC-ADAPTER-SMOKE-20260628_150611.md	DEV-009C-DGC-ADAPTER-SMOKE-20260628_150611.md	17	5c0bd2659f36e7abb328d79d58041a7d94fde192b9bac842c8d4d50f1823a2b0	REQUIRED_PATH_PASS=REDACTED	Candidate evidence only; manual verification required.
EVD-1e11894142c9	SERVICE_DISCOVERY	DOCUMENTATION_ONLY	backend/architecture/reports/DEV-009C-DGC-ADAPTER-SMOKE-20260628_150611.md	DEV-009C-DGC-ADAPTER-SMOKE-20260628_150611.md	21	5c0bd2659f36e7abb328d79d58041a7d94fde192b9bac842c8d4d50f1823a2b0	SERVICE_REGISTRY_PATH_PASS=REDACTED	Candidate evidence only; manual verification required.
EVD-dcd573d7fe4e	SERVICE_DISCOVERY	DOCUMENTATION_ONLY	backend/architecture/reports/DEV-009C-DGC-ADAPTER-SMOKE-20260628_150611.md	DEV-009C-DGC-ADAPTER-SMOKE-20260628_150611.md	22	5c0bd2659f36e7abb328d79d58041a7d94fde192b9bac842c8d4d50f1823a2b0	SERVICE_REGISTRY_AUTHORITY=NDSP_DOCTOR	Candidate evidence only; manual verification required.
EVD-4184755ff509	SERVICE_DISCOVERY	DOCUMENTATION_ONLY	backend/architecture/reports/DEV-009C-DGC-ADAPTER-SMOKE-20260628_150611.md	DEV-009C-DGC-ADAPTER-SMOKE-20260628_150611.md	27	5c0bd2659f36e7abb328d79d58041a7d94fde192b9bac842c8d4d50f1823a2b0	SERVICES_DIR=OK	Candidate evidence only; manual verification required.
EVD-ca7d461fd5ac	SERVICE_DISCOVERY	DOCUMENTATION_ONLY	backend/architecture/reports/DEV-009C-DGC-ADAPTER-SMOKE-20260628_150611.md	DEV-009C-DGC-ADAPTER-SMOKE-20260628_150611.md	28	5c0bd2659f36e7abb328d79d58041a7d94fde192b9bac842c8d4d50f1823a2b0	SERVICE_REGISTRY=OK	Candidate evidence only; manual verification required.
EVD-4c69a4c5bc37	SERVICE_DISCOVERY	DOCUMENTATION_ONLY	backend/architecture/reports/DEV-009C-DGC-ADAPTER-SMOKE-20260628_150611.md	DEV-009C-DGC-ADAPTER-SMOKE-20260628_150611.md	29	5c0bd2659f36e7abb328d79d58041a7d94fde192b9bac842c8d4d50f1823a2b0	== SERVICE COUNT ==	Candidate evidence only; manual verification required.
EVD-b6374c7b822b	SERVICE_DISCOVERY	DOCUMENTATION_ONLY	backend/architecture/reports/DEV-009C-DGC-ADAPTER-SMOKE-20260628_150611.md	DEV-009C-DGC-ADAPTER-SMOKE-20260628_150611.md	31	5c0bd2659f36e7abb328d79d58041a7d94fde192b9bac842c8d4d50f1823a2b0	== SERVICE IDS ==	Candidate evidence only; manual verification required.
EVD-8d39d7db4788	SERVICE_DISCOVERY	DOCUMENTATION_ONLY	backend/architecture/reports/DEV-009C-DGC-ADAPTER-SMOKE-20260628_150611.md	DEV-009C-DGC-ADAPTER-SMOKE-20260628_150611.md	32	5c0bd2659f36e7abb328d79d58041a7d94fde192b9bac842c8d4d50f1823a2b0	CTL-001 port=9081 file=/home/nawaf511/empire-core-new/backend/services/ctl-001-workspace-identity/service.yaml	Candidate evidence only; manual verification required.
EVD-ce8ec64dc4ee	SERVICE_DISCOVERY	DOCUMENTATION_ONLY	backend/architecture/reports/DEV-009C-DGC-ADAPTER-SMOKE-20260628_150611.md	DEV-009C-DGC-ADAPTER-SMOKE-20260628_150611.md	33	5c0bd2659f36e7abb328d79d58041a7d94fde192b9bac842c8d4d50f1823a2b0	CDS-001 port=9078 file=/home/nawaf511/empire-core-new/backend/services/completed_decision/service.yaml	Candidate evidence only; manual verification required.
EVD-d8629ef3f9eb	SERVICE_DISCOVERY	DOCUMENTATION_ONLY	backend/architecture/reports/DEV-009C-DGC-ADAPTER-SMOKE-20260628_150611.md	DEV-009C-DGC-ADAPTER-SMOKE-20260628_150611.md	34	5c0bd2659f36e7abb328d79d58041a7d94fde192b9bac842c8d4d50f1823a2b0	DGC-001 port=9079 file=/home/nawaf511/empire-core-new/backend/services/decision_governance_core/service.yaml	Candidate evidence only; manual verification required.
EVD-63438644347b	SERVICE_DISCOVERY	DOCUMENTATION_ONLY	backend/architecture/reports/DEV-009C-DGC-ADAPTER-SMOKE-20260628_150611.md	DEV-009C-DGC-ADAPTER-SMOKE-20260628_150611.md	35	5c0bd2659f36e7abb328d79d58041a7d94fde192b9bac842c8d4d50f1823a2b0	BOT-001 port=9080 file=/home/nawaf511/empire-core-new/backend/services/bot_execution/service.yaml	Candidate evidence only; manual verification required.
EVD-d4048f7cdd43	SERVICE_DISCOVERY	DOCUMENTATION_ONLY	backend/architecture/reports/DEV-009C-DGC-ADAPTER-SMOKE-20260628_150611.md	DEV-009C-DGC-ADAPTER-SMOKE-20260628_150611.md	36	5c0bd2659f36e7abb328d79d58041a7d94fde192b9bac842c8d4d50f1823a2b0	== DUPLICATE SERVICE IDS ==	Candidate evidence only; manual verification required.
EVD-0b2036e6ccec	SERVICE_DISCOVERY	DOCUMENTATION_ONLY	backend/architecture/reports/DEV-009C-DGC-ADAPTER-SMOKE-20260628_150611.md	DEV-009C-DGC-ADAPTER-SMOKE-20260628_150611.md	40	5c0bd2659f36e7abb328d79d58041a7d94fde192b9bac842c8d4d50f1823a2b0	VALIDATING=/home/nawaf511/empire-core-new/backend/services/bot_execution	Candidate evidence only; manual verification required.
EVD-59e427984d5a	SERVICE_DISCOVERY	DOCUMENTATION_ONLY	backend/architecture/reports/DEV-009C-DGC-ADAPTER-SMOKE-20260628_150611.md	DEV-009C-DGC-ADAPTER-SMOKE-20260628_150611.md	41	5c0bd2659f36e7abb328d79d58041a7d94fde192b9bac842c8d4d50f1823a2b0	LEGACY_SERVICE=YES	Candidate evidence only; manual verification required.
EVD-e9d023af893c	SERVICE_DISCOVERY	DOCUMENTATION_ONLY	backend/architecture/reports/DEV-009C-DGC-ADAPTER-SMOKE-20260628_150611.md	DEV-009C-DGC-ADAPTER-SMOKE-20260628_150611.md	43	5c0bd2659f36e7abb328d79d58041a7d94fde192b9bac842c8d4d50f1823a2b0	VALIDATION_PASS=REDACTED	Candidate evidence only; manual verification required.
EVD-9257f7003757	SERVICE_DISCOVERY	DOCUMENTATION_ONLY	backend/architecture/reports/DEV-009C-DGC-ADAPTER-SMOKE-20260628_150611.md	DEV-009C-DGC-ADAPTER-SMOKE-20260628_150611.md	44	5c0bd2659f36e7abb328d79d58041a7d94fde192b9bac842c8d4d50f1823a2b0	VALIDATING=/home/nawaf511/empire-core-new/backend/services/completed_decision	Candidate evidence only; manual verification required.
EVD-1a5b207f8662	SERVICE_DISCOVERY	DOCUMENTATION_ONLY	backend/architecture/reports/DEV-009C-DGC-ADAPTER-SMOKE-20260628_150611.md	DEV-009C-DGC-ADAPTER-SMOKE-20260628_150611.md	45	5c0bd2659f36e7abb328d79d58041a7d94fde192b9bac842c8d4d50f1823a2b0	VALIDATION_PASS=REDACTED	Candidate evidence only; manual verification required.
EVD-17722fda6d62	SERVICE_DISCOVERY	DOCUMENTATION_ONLY	backend/architecture/reports/DEV-009C-DGC-ADAPTER-SMOKE-20260628_150611.md	DEV-009C-DGC-ADAPTER-SMOKE-20260628_150611.md	46	5c0bd2659f36e7abb328d79d58041a7d94fde192b9bac842c8d4d50f1823a2b0	VALIDATING=/home/nawaf511/empire-core-new/backend/services/ctl-001-workspace-identity	Candidate evidence only; manual verification required.
EVD-e22450379773	SERVICE_DISCOVERY	DOCUMENTATION_ONLY	backend/architecture/reports/DEV-009C-DGC-ADAPTER-SMOKE-20260628_150611.md	DEV-009C-DGC-ADAPTER-SMOKE-20260628_150611.md	47	5c0bd2659f36e7abb328d79d58041a7d94fde192b9bac842c8d4d50f1823a2b0	VALIDATION_PASS=REDACTED	Candidate evidence only; manual verification required.
EVD-3f3336ead6fa	SERVICE_DISCOVERY	DOCUMENTATION_ONLY	backend/architecture/reports/DEV-009C-DGC-ADAPTER-SMOKE-20260628_150611.md	DEV-009C-DGC-ADAPTER-SMOKE-20260628_150611.md	48	5c0bd2659f36e7abb328d79d58041a7d94fde192b9bac842c8d4d50f1823a2b0	VALIDATING=/home/nawaf511/empire-core-new/backend/services/decision_governance_core	Candidate evidence only; manual verification required.
EVD-62cd42f91dac	SERVICE_DISCOVERY	DOCUMENTATION_ONLY	backend/architecture/reports/DEV-009D-DGC-DEPENDENCY-CHECK-20260628_145720.md	DEV-009D-DGC-DEPENDENCY-CHECK-20260628_145720.md	17	ff1a076a277fa395a3bd531cf56f66a9c3803b7fc9b93d8a6d7bb8cb69872da3	REQUIRED_PATH_PASS=REDACTED	Candidate evidence only; manual verification required.
EVD-cfea4a6225ef	SERVICE_DISCOVERY	DOCUMENTATION_ONLY	backend/architecture/reports/DEV-009D-DGC-DEPENDENCY-CHECK-20260628_145720.md	DEV-009D-DGC-DEPENDENCY-CHECK-20260628_145720.md	21	ff1a076a277fa395a3bd531cf56f66a9c3803b7fc9b93d8a6d7bb8cb69872da3	SERVICE_REGISTRY_PATH_PASS=REDACTED	Candidate evidence only; manual verification required.
EVD-518eebe8b2bd	SERVICE_DISCOVERY	DOCUMENTATION_ONLY	backend/architecture/reports/DEV-009D-DGC-DEPENDENCY-CHECK-20260628_145720.md	DEV-009D-DGC-DEPENDENCY-CHECK-20260628_145720.md	22	ff1a076a277fa395a3bd531cf56f66a9c3803b7fc9b93d8a6d7bb8cb69872da3	SERVICE_REGISTRY_AUTHORITY=NDSP_DOCTOR	Candidate evidence only; manual verification required.
EVD-4547b00bbea2	SERVICE_DISCOVERY	DOCUMENTATION_ONLY	backend/architecture/reports/DEV-009D-DGC-DEPENDENCY-CHECK-20260628_145720.md	DEV-009D-DGC-DEPENDENCY-CHECK-20260628_145720.md	27	ff1a076a277fa395a3bd531cf56f66a9c3803b7fc9b93d8a6d7bb8cb69872da3	SERVICES_DIR=OK	Candidate evidence only; manual verification required.
EVD-7f21aeddb968	SERVICE_DISCOVERY	DOCUMENTATION_ONLY	backend/architecture/reports/DEV-009D-DGC-DEPENDENCY-CHECK-20260628_145720.md	DEV-009D-DGC-DEPENDENCY-CHECK-20260628_145720.md	28	ff1a076a277fa395a3bd531cf56f66a9c3803b7fc9b93d8a6d7bb8cb69872da3	SERVICE_REGISTRY=OK	Candidate evidence only; manual verification required.
EVD-4254fe1654e4	SERVICE_DISCOVERY	DOCUMENTATION_ONLY	backend/architecture/reports/DEV-009D-DGC-DEPENDENCY-CHECK-20260628_145720.md	DEV-009D-DGC-DEPENDENCY-CHECK-20260628_145720.md	29	ff1a076a277fa395a3bd531cf56f66a9c3803b7fc9b93d8a6d7bb8cb69872da3	== SERVICE COUNT ==	Candidate evidence only; manual verification required.
EVD-3636f1be3406	SERVICE_DISCOVERY	DOCUMENTATION_ONLY	backend/architecture/reports/DEV-009D-DGC-DEPENDENCY-CHECK-20260628_145720.md	DEV-009D-DGC-DEPENDENCY-CHECK-20260628_145720.md	31	ff1a076a277fa395a3bd531cf56f66a9c3803b7fc9b93d8a6d7bb8cb69872da3	== SERVICE IDS ==	Candidate evidence only; manual verification required.
EVD-1b80790eff41	SERVICE_DISCOVERY	DOCUMENTATION_ONLY	backend/architecture/reports/DEV-009D-DGC-DEPENDENCY-CHECK-20260628_145720.md	DEV-009D-DGC-DEPENDENCY-CHECK-20260628_145720.md	32	ff1a076a277fa395a3bd531cf56f66a9c3803b7fc9b93d8a6d7bb8cb69872da3	CTL-001 port=9081 file=/home/nawaf511/empire-core-new/backend/services/ctl-001-workspace-identity/service.yaml	Candidate evidence only; manual verification required.
EVD-a532da9de23c	SERVICE_DISCOVERY	DOCUMENTATION_ONLY	backend/architecture/reports/DEV-009D-DGC-DEPENDENCY-CHECK-20260628_145720.md	DEV-009D-DGC-DEPENDENCY-CHECK-20260628_145720.md	33	ff1a076a277fa395a3bd531cf56f66a9c3803b7fc9b93d8a6d7bb8cb69872da3	CDS-001 port=9078 file=/home/nawaf511/empire-core-new/backend/services/completed_decision/service.yaml	Candidate evidence only; manual verification required.
EVD-ccb31c6928b3	SERVICE_DISCOVERY	DOCUMENTATION_ONLY	backend/architecture/reports/DEV-009D-DGC-DEPENDENCY-CHECK-20260628_145720.md	DEV-009D-DGC-DEPENDENCY-CHECK-20260628_145720.md	34	ff1a076a277fa395a3bd531cf56f66a9c3803b7fc9b93d8a6d7bb8cb69872da3	DGC-001 port=9079 file=/home/nawaf511/empire-core-new/backend/services/decision_governance_core/service.yaml	Candidate evidence only; manual verification required.
EVD-9ab86d62d307	SERVICE_DISCOVERY	DOCUMENTATION_ONLY	backend/architecture/reports/DEV-009D-DGC-DEPENDENCY-CHECK-20260628_145720.md	DEV-009D-DGC-DEPENDENCY-CHECK-20260628_145720.md	35	ff1a076a277fa395a3bd531cf56f66a9c3803b7fc9b93d8a6d7bb8cb69872da3	BOT-001 port=9080 file=/home/nawaf511/empire-core-new/backend/services/bot_execution/service.yaml	Candidate evidence only; manual verification required.
EVD-bfd574662712	SERVICE_DISCOVERY	DOCUMENTATION_ONLY	backend/architecture/reports/DEV-009D-DGC-DEPENDENCY-CHECK-20260628_145720.md	DEV-009D-DGC-DEPENDENCY-CHECK-20260628_145720.md	36	ff1a076a277fa395a3bd531cf56f66a9c3803b7fc9b93d8a6d7bb8cb69872da3	== DUPLICATE SERVICE IDS ==	Candidate evidence only; manual verification required.
EVD-a53d699b0f20	SERVICE_DISCOVERY	DOCUMENTATION_ONLY	backend/architecture/reports/DEV-009D-DGC-DEPENDENCY-CHECK-20260628_145720.md	DEV-009D-DGC-DEPENDENCY-CHECK-20260628_145720.md	40	ff1a076a277fa395a3bd531cf56f66a9c3803b7fc9b93d8a6d7bb8cb69872da3	VALIDATING=/home/nawaf511/empire-core-new/backend/services/bot_execution	Candidate evidence only; manual verification required.
EVD-12b0d4b618f5	SERVICE_DISCOVERY	DOCUMENTATION_ONLY	backend/architecture/reports/DEV-009D-DGC-DEPENDENCY-CHECK-20260628_145720.md	DEV-009D-DGC-DEPENDENCY-CHECK-20260628_145720.md	41	ff1a076a277fa395a3bd531cf56f66a9c3803b7fc9b93d8a6d7bb8cb69872da3	LEGACY_SERVICE=YES	Candidate evidence only; manual verification required.
EVD-c2c377f6b2e5	SERVICE_DISCOVERY	DOCUMENTATION_ONLY	backend/architecture/reports/DEV-009D-DGC-DEPENDENCY-CHECK-20260628_145720.md	DEV-009D-DGC-DEPENDENCY-CHECK-20260628_145720.md	43	ff1a076a277fa395a3bd531cf56f66a9c3803b7fc9b93d8a6d7bb8cb69872da3	VALIDATION_PASS=REDACTED	Candidate evidence only; manual verification required.
EVD-983a81e73cab	SERVICE_DISCOVERY	DOCUMENTATION_ONLY	backend/architecture/reports/DEV-009D-DGC-DEPENDENCY-CHECK-20260628_145720.md	DEV-009D-DGC-DEPENDENCY-CHECK-20260628_145720.md	44	ff1a076a277fa395a3bd531cf56f66a9c3803b7fc9b93d8a6d7bb8cb69872da3	VALIDATING=/home/nawaf511/empire-core-new/backend/services/completed_decision	Candidate evidence only; manual verification required.
EVD-01ad0e0c95a6	SERVICE_DISCOVERY	DOCUMENTATION_ONLY	backend/architecture/reports/DEV-009D-DGC-DEPENDENCY-CHECK-20260628_145720.md	DEV-009D-DGC-DEPENDENCY-CHECK-20260628_145720.md	45	ff1a076a277fa395a3bd531cf56f66a9c3803b7fc9b93d8a6d7bb8cb69872da3	VALIDATION_PASS=REDACTED	Candidate evidence only; manual verification required.
EVD-b74d2d7b3f48	SERVICE_DISCOVERY	DOCUMENTATION_ONLY	backend/architecture/reports/DEV-009D-DGC-DEPENDENCY-CHECK-20260628_145720.md	DEV-009D-DGC-DEPENDENCY-CHECK-20260628_145720.md	46	ff1a076a277fa395a3bd531cf56f66a9c3803b7fc9b93d8a6d7bb8cb69872da3	VALIDATING=/home/nawaf511/empire-core-new/backend/services/ctl-001-workspace-identity	Candidate evidence only; manual verification required.
EVD-a1d55851edf1	SERVICE_DISCOVERY	DOCUMENTATION_ONLY	backend/architecture/reports/DEV-009D-DGC-DEPENDENCY-CHECK-20260628_145720.md	DEV-009D-DGC-DEPENDENCY-CHECK-20260628_145720.md	47	ff1a076a277fa395a3bd531cf56f66a9c3803b7fc9b93d8a6d7bb8cb69872da3	VALIDATION_PASS=REDACTED	Candidate evidence only; manual verification required.
EVD-2c82ab381889	SERVICE_DISCOVERY	DOCUMENTATION_ONLY	backend/architecture/reports/DEV-009D-DGC-DEPENDENCY-CHECK-20260628_145720.md	DEV-009D-DGC-DEPENDENCY-CHECK-20260628_145720.md	48	ff1a076a277fa395a3bd531cf56f66a9c3803b7fc9b93d8a6d7bb8cb69872da3	VALIDATING=/home/nawaf511/empire-core-new/backend/services/decision_governance_core	Candidate evidence only; manual verification required.
EVD-3ca1035360d6	SERVICE_DISCOVERY	DOCUMENTATION_ONLY	backend/architecture/reports/DEV-009D-DGC-DEPENDENCY-CHECK-20260628_150611.md	DEV-009D-DGC-DEPENDENCY-CHECK-20260628_150611.md	17	1c3db51850a826e4984c88a8dfdfe65f9e2eeb947958c420fb9b5256b78d816f	REQUIRED_PATH_PASS=REDACTED	Candidate evidence only; manual verification required.
EVD-8bfb0801ac42	SERVICE_DISCOVERY	DOCUMENTATION_ONLY	backend/architecture/reports/DEV-009D-DGC-DEPENDENCY-CHECK-20260628_150611.md	DEV-009D-DGC-DEPENDENCY-CHECK-20260628_150611.md	21	1c3db51850a826e4984c88a8dfdfe65f9e2eeb947958c420fb9b5256b78d816f	SERVICE_REGISTRY_PATH_PASS=REDACTED	Candidate evidence only; manual verification required.
EVD-8c288853ecc6	SERVICE_DISCOVERY	DOCUMENTATION_ONLY	backend/architecture/reports/DEV-009D-DGC-DEPENDENCY-CHECK-20260628_150611.md	DEV-009D-DGC-DEPENDENCY-CHECK-20260628_150611.md	22	1c3db51850a826e4984c88a8dfdfe65f9e2eeb947958c420fb9b5256b78d816f	SERVICE_REGISTRY_AUTHORITY=NDSP_DOCTOR	Candidate evidence only; manual verification required.
EVD-c68afa649fe2	SERVICE_DISCOVERY	DOCUMENTATION_ONLY	backend/architecture/reports/DEV-009D-DGC-DEPENDENCY-CHECK-20260628_150611.md	DEV-009D-DGC-DEPENDENCY-CHECK-20260628_150611.md	27	1c3db51850a826e4984c88a8dfdfe65f9e2eeb947958c420fb9b5256b78d816f	SERVICES_DIR=OK	Candidate evidence only; manual verification required.
EVD-7327927458c4	SERVICE_DISCOVERY	DOCUMENTATION_ONLY	backend/architecture/reports/DEV-009D-DGC-DEPENDENCY-CHECK-20260628_150611.md	DEV-009D-DGC-DEPENDENCY-CHECK-20260628_150611.md	28	1c3db51850a826e4984c88a8dfdfe65f9e2eeb947958c420fb9b5256b78d816f	SERVICE_REGISTRY=OK	Candidate evidence only; manual verification required.
EVD-c2dc5c686cd9	SERVICE_DISCOVERY	DOCUMENTATION_ONLY	backend/architecture/reports/DEV-009D-DGC-DEPENDENCY-CHECK-20260628_150611.md	DEV-009D-DGC-DEPENDENCY-CHECK-20260628_150611.md	29	1c3db51850a826e4984c88a8dfdfe65f9e2eeb947958c420fb9b5256b78d816f	== SERVICE COUNT ==	Candidate evidence only; manual verification required.
EVD-127351e52923	SERVICE_DISCOVERY	DOCUMENTATION_ONLY	backend/architecture/reports/DEV-009D-DGC-DEPENDENCY-CHECK-20260628_150611.md	DEV-009D-DGC-DEPENDENCY-CHECK-20260628_150611.md	31	1c3db51850a826e4984c88a8dfdfe65f9e2eeb947958c420fb9b5256b78d816f	== SERVICE IDS ==	Candidate evidence only; manual verification required.
EVD-d9730dbd0b44	SERVICE_DISCOVERY	DOCUMENTATION_ONLY	backend/architecture/reports/DEV-009D-DGC-DEPENDENCY-CHECK-20260628_150611.md	DEV-009D-DGC-DEPENDENCY-CHECK-20260628_150611.md	32	1c3db51850a826e4984c88a8dfdfe65f9e2eeb947958c420fb9b5256b78d816f	CTL-001 port=9081 file=/home/nawaf511/empire-core-new/backend/services/ctl-001-workspace-identity/service.yaml	Candidate evidence only; manual verification required.
EVD-1216a1698479	SERVICE_DISCOVERY	DOCUMENTATION_ONLY	backend/architecture/reports/DEV-009D-DGC-DEPENDENCY-CHECK-20260628_150611.md	DEV-009D-DGC-DEPENDENCY-CHECK-20260628_150611.md	33	1c3db51850a826e4984c88a8dfdfe65f9e2eeb947958c420fb9b5256b78d816f	CDS-001 port=9078 file=/home/nawaf511/empire-core-new/backend/services/completed_decision/service.yaml	Candidate evidence only; manual verification required.
EVD-219142fe3510	SERVICE_DISCOVERY	DOCUMENTATION_ONLY	backend/architecture/reports/DEV-009D-DGC-DEPENDENCY-CHECK-20260628_150611.md	DEV-009D-DGC-DEPENDENCY-CHECK-20260628_150611.md	34	1c3db51850a826e4984c88a8dfdfe65f9e2eeb947958c420fb9b5256b78d816f	DGC-001 port=9079 file=/home/nawaf511/empire-core-new/backend/services/decision_governance_core/service.yaml	Candidate evidence only; manual verification required.
EVD-eea2537a22db	SERVICE_DISCOVERY	DOCUMENTATION_ONLY	backend/architecture/reports/DEV-009D-DGC-DEPENDENCY-CHECK-20260628_150611.md	DEV-009D-DGC-DEPENDENCY-CHECK-20260628_150611.md	35	1c3db51850a826e4984c88a8dfdfe65f9e2eeb947958c420fb9b5256b78d816f	BOT-001 port=9080 file=/home/nawaf511/empire-core-new/backend/services/bot_execution/service.yaml	Candidate evidence only; manual verification required.
EVD-702c4a2dfdc5	SERVICE_DISCOVERY	DOCUMENTATION_ONLY	backend/architecture/reports/DEV-009D-DGC-DEPENDENCY-CHECK-20260628_150611.md	DEV-009D-DGC-DEPENDENCY-CHECK-20260628_150611.md	36	1c3db51850a826e4984c88a8dfdfe65f9e2eeb947958c420fb9b5256b78d816f	== DUPLICATE SERVICE IDS ==	Candidate evidence only; manual verification required.
EVD-8578adc39f03	SERVICE_DISCOVERY	DOCUMENTATION_ONLY	backend/architecture/reports/DEV-009D-DGC-DEPENDENCY-CHECK-20260628_150611.md	DEV-009D-DGC-DEPENDENCY-CHECK-20260628_150611.md	40	1c3db51850a826e4984c88a8dfdfe65f9e2eeb947958c420fb9b5256b78d816f	VALIDATING=/home/nawaf511/empire-core-new/backend/services/bot_execution	Candidate evidence only; manual verification required.
EVD-db572c81482c	SERVICE_DISCOVERY	DOCUMENTATION_ONLY	backend/architecture/reports/DEV-009D-DGC-DEPENDENCY-CHECK-20260628_150611.md	DEV-009D-DGC-DEPENDENCY-CHECK-20260628_150611.md	41	1c3db51850a826e4984c88a8dfdfe65f9e2eeb947958c420fb9b5256b78d816f	LEGACY_SERVICE=YES	Candidate evidence only; manual verification required.
EVD-04a910a4febb	SERVICE_DISCOVERY	DOCUMENTATION_ONLY	backend/architecture/reports/DEV-009D-DGC-DEPENDENCY-CHECK-20260628_150611.md	DEV-009D-DGC-DEPENDENCY-CHECK-20260628_150611.md	43	1c3db51850a826e4984c88a8dfdfe65f9e2eeb947958c420fb9b5256b78d816f	VALIDATION_PASS=REDACTED	Candidate evidence only; manual verification required.
EVD-5e4d2087f4fa	SERVICE_DISCOVERY	DOCUMENTATION_ONLY	backend/architecture/reports/DEV-009D-DGC-DEPENDENCY-CHECK-20260628_150611.md	DEV-009D-DGC-DEPENDENCY-CHECK-20260628_150611.md	44	1c3db51850a826e4984c88a8dfdfe65f9e2eeb947958c420fb9b5256b78d816f	VALIDATING=/home/nawaf511/empire-core-new/backend/services/completed_decision	Candidate evidence only; manual verification required.
EVD-f8de48f0d291	SERVICE_DISCOVERY	DOCUMENTATION_ONLY	backend/architecture/reports/DEV-009D-DGC-DEPENDENCY-CHECK-20260628_150611.md	DEV-009D-DGC-DEPENDENCY-CHECK-20260628_150611.md	45	1c3db51850a826e4984c88a8dfdfe65f9e2eeb947958c420fb9b5256b78d816f	VALIDATION_PASS=REDACTED	Candidate evidence only; manual verification required.
EVD-4bda75b5fbcb	SERVICE_DISCOVERY	DOCUMENTATION_ONLY	backend/architecture/reports/DEV-009D-DGC-DEPENDENCY-CHECK-20260628_150611.md	DEV-009D-DGC-DEPENDENCY-CHECK-20260628_150611.md	46	1c3db51850a826e4984c88a8dfdfe65f9e2eeb947958c420fb9b5256b78d816f	VALIDATING=/home/nawaf511/empire-core-new/backend/services/ctl-001-workspace-identity	Candidate evidence only; manual verification required.
EVD-9f97c1ddafab	SERVICE_DISCOVERY	DOCUMENTATION_ONLY	backend/architecture/reports/DEV-009D-DGC-DEPENDENCY-CHECK-20260628_150611.md	DEV-009D-DGC-DEPENDENCY-CHECK-20260628_150611.md	47	1c3db51850a826e4984c88a8dfdfe65f9e2eeb947958c420fb9b5256b78d816f	VALIDATION_PASS=REDACTED	Candidate evidence only; manual verification required.
EVD-e783159f7d10	SERVICE_DISCOVERY	DOCUMENTATION_ONLY	backend/architecture/reports/DEV-009D-DGC-DEPENDENCY-CHECK-20260628_150611.md	DEV-009D-DGC-DEPENDENCY-CHECK-20260628_150611.md	48	1c3db51850a826e4984c88a8dfdfe65f9e2eeb947958c420fb9b5256b78d816f	VALIDATING=/home/nawaf511/empire-core-new/backend/services/decision_governance_core	Candidate evidence only; manual verification required.
EVD-7a415180ac2e	SERVICE_DISCOVERY	DOCUMENTATION_ONLY	backend/architecture/reports/DEV-009E-DGC-SAFE-RUNTIME-SMOKE-20260628_145720.md	DEV-009E-DGC-SAFE-RUNTIME-SMOKE-20260628_145720.md	17	e294f431a651247213e7f0f69d8d628417573e286dc1eae7f16da1c745005bed	REQUIRED_PATH_PASS=REDACTED	Candidate evidence only; manual verification required.
EVD-297eb5eb8e2a	SERVICE_DISCOVERY	DOCUMENTATION_ONLY	backend/architecture/reports/DEV-009E-DGC-SAFE-RUNTIME-SMOKE-20260628_145720.md	DEV-009E-DGC-SAFE-RUNTIME-SMOKE-20260628_145720.md	21	e294f431a651247213e7f0f69d8d628417573e286dc1eae7f16da1c745005bed	SERVICE_REGISTRY_PATH_PASS=REDACTED	Candidate evidence only; manual verification required.
EVD-1cdfd8e8b9cf	SERVICE_DISCOVERY	DOCUMENTATION_ONLY	backend/architecture/reports/DEV-009E-DGC-SAFE-RUNTIME-SMOKE-20260628_145720.md	DEV-009E-DGC-SAFE-RUNTIME-SMOKE-20260628_145720.md	22	e294f431a651247213e7f0f69d8d628417573e286dc1eae7f16da1c745005bed	SERVICE_REGISTRY_AUTHORITY=NDSP_DOCTOR	Candidate evidence only; manual verification required.
EVD-2af253d64420	SERVICE_DISCOVERY	DOCUMENTATION_ONLY	backend/architecture/reports/DEV-009E-DGC-SAFE-RUNTIME-SMOKE-20260628_145720.md	DEV-009E-DGC-SAFE-RUNTIME-SMOKE-20260628_145720.md	27	e294f431a651247213e7f0f69d8d628417573e286dc1eae7f16da1c745005bed	SERVICES_DIR=OK	Candidate evidence only; manual verification required.
EVD-5577b68e9092	SERVICE_DISCOVERY	DOCUMENTATION_ONLY	backend/architecture/reports/DEV-009E-DGC-SAFE-RUNTIME-SMOKE-20260628_145720.md	DEV-009E-DGC-SAFE-RUNTIME-SMOKE-20260628_145720.md	28	e294f431a651247213e7f0f69d8d628417573e286dc1eae7f16da1c745005bed	SERVICE_REGISTRY=OK	Candidate evidence only; manual verification required.
EVD-b72ed0876f76	SERVICE_DISCOVERY	DOCUMENTATION_ONLY	backend/architecture/reports/DEV-009E-DGC-SAFE-RUNTIME-SMOKE-20260628_145720.md	DEV-009E-DGC-SAFE-RUNTIME-SMOKE-20260628_145720.md	29	e294f431a651247213e7f0f69d8d628417573e286dc1eae7f16da1c745005bed	== SERVICE COUNT ==	Candidate evidence only; manual verification required.
EVD-7b83791ceb0d	SERVICE_DISCOVERY	DOCUMENTATION_ONLY	backend/architecture/reports/DEV-009E-DGC-SAFE-RUNTIME-SMOKE-20260628_145720.md	DEV-009E-DGC-SAFE-RUNTIME-SMOKE-20260628_145720.md	31	e294f431a651247213e7f0f69d8d628417573e286dc1eae7f16da1c745005bed	== SERVICE IDS ==	Candidate evidence only; manual verification required.
EVD-c53c63735426	SERVICE_DISCOVERY	DOCUMENTATION_ONLY	backend/architecture/reports/DEV-009E-DGC-SAFE-RUNTIME-SMOKE-20260628_145720.md	DEV-009E-DGC-SAFE-RUNTIME-SMOKE-20260628_145720.md	32	e294f431a651247213e7f0f69d8d628417573e286dc1eae7f16da1c745005bed	CTL-001 port=9081 file=/home/nawaf511/empire-core-new/backend/services/ctl-001-workspace-identity/service.yaml	Candidate evidence only; manual verification required.
EVD-80c45f4559f2	SERVICE_DISCOVERY	DOCUMENTATION_ONLY	backend/architecture/reports/DEV-009E-DGC-SAFE-RUNTIME-SMOKE-20260628_145720.md	DEV-009E-DGC-SAFE-RUNTIME-SMOKE-20260628_145720.md	33	e294f431a651247213e7f0f69d8d628417573e286dc1eae7f16da1c745005bed	CDS-001 port=9078 file=/home/nawaf511/empire-core-new/backend/services/completed_decision/service.yaml	Candidate evidence only; manual verification required.
EVD-50ee068081f6	SERVICE_DISCOVERY	DOCUMENTATION_ONLY	backend/architecture/reports/DEV-009E-DGC-SAFE-RUNTIME-SMOKE-20260628_145720.md	DEV-009E-DGC-SAFE-RUNTIME-SMOKE-20260628_145720.md	34	e294f431a651247213e7f0f69d8d628417573e286dc1eae7f16da1c745005bed	DGC-001 port=9079 file=/home/nawaf511/empire-core-new/backend/services/decision_governance_core/service.yaml	Candidate evidence only; manual verification required.
EVD-9ac4654002d4	SERVICE_DISCOVERY	DOCUMENTATION_ONLY	backend/architecture/reports/DEV-009E-DGC-SAFE-RUNTIME-SMOKE-20260628_145720.md	DEV-009E-DGC-SAFE-RUNTIME-SMOKE-20260628_145720.md	35	e294f431a651247213e7f0f69d8d628417573e286dc1eae7f16da1c745005bed	BOT-001 port=9080 file=/home/nawaf511/empire-core-new/backend/services/bot_execution/service.yaml	Candidate evidence only; manual verification required.
EVD-ce1944a244c7	SERVICE_DISCOVERY	DOCUMENTATION_ONLY	backend/architecture/reports/DEV-009E-DGC-SAFE-RUNTIME-SMOKE-20260628_145720.md	DEV-009E-DGC-SAFE-RUNTIME-SMOKE-20260628_145720.md	36	e294f431a651247213e7f0f69d8d628417573e286dc1eae7f16da1c745005bed	== DUPLICATE SERVICE IDS ==	Candidate evidence only; manual verification required.
EVD-5888d490f106	SERVICE_DISCOVERY	DOCUMENTATION_ONLY	backend/architecture/reports/DEV-009E-DGC-SAFE-RUNTIME-SMOKE-20260628_145720.md	DEV-009E-DGC-SAFE-RUNTIME-SMOKE-20260628_145720.md	40	e294f431a651247213e7f0f69d8d628417573e286dc1eae7f16da1c745005bed	VALIDATING=/home/nawaf511/empire-core-new/backend/services/bot_execution	Candidate evidence only; manual verification required.
EVD-f1564ff00c65	SERVICE_DISCOVERY	DOCUMENTATION_ONLY	backend/architecture/reports/DEV-009E-DGC-SAFE-RUNTIME-SMOKE-20260628_145720.md	DEV-009E-DGC-SAFE-RUNTIME-SMOKE-20260628_145720.md	41	e294f431a651247213e7f0f69d8d628417573e286dc1eae7f16da1c745005bed	LEGACY_SERVICE=YES	Candidate evidence only; manual verification required.
EVD-2ce535aa913f	SERVICE_DISCOVERY	DOCUMENTATION_ONLY	backend/architecture/reports/DEV-009E-DGC-SAFE-RUNTIME-SMOKE-20260628_145720.md	DEV-009E-DGC-SAFE-RUNTIME-SMOKE-20260628_145720.md	43	e294f431a651247213e7f0f69d8d628417573e286dc1eae7f16da1c745005bed	VALIDATION_PASS=REDACTED	Candidate evidence only; manual verification required.
EVD-9df3b8075038	SERVICE_DISCOVERY	DOCUMENTATION_ONLY	backend/architecture/reports/DEV-009E-DGC-SAFE-RUNTIME-SMOKE-20260628_145720.md	DEV-009E-DGC-SAFE-RUNTIME-SMOKE-20260628_145720.md	44	e294f431a651247213e7f0f69d8d628417573e286dc1eae7f16da1c745005bed	VALIDATING=/home/nawaf511/empire-core-new/backend/services/completed_decision	Candidate evidence only; manual verification required.
EVD-d1cfaafda53e	SERVICE_DISCOVERY	DOCUMENTATION_ONLY	backend/architecture/reports/DEV-009E-DGC-SAFE-RUNTIME-SMOKE-20260628_145720.md	DEV-009E-DGC-SAFE-RUNTIME-SMOKE-20260628_145720.md	45	e294f431a651247213e7f0f69d8d628417573e286dc1eae7f16da1c745005bed	VALIDATION_PASS=REDACTED	Candidate evidence only; manual verification required.
EVD-83fa6fdce211	SERVICE_DISCOVERY	DOCUMENTATION_ONLY	backend/architecture/reports/DEV-009E-DGC-SAFE-RUNTIME-SMOKE-20260628_145720.md	DEV-009E-DGC-SAFE-RUNTIME-SMOKE-20260628_145720.md	46	e294f431a651247213e7f0f69d8d628417573e286dc1eae7f16da1c745005bed	VALIDATING=/home/nawaf511/empire-core-new/backend/services/ctl-001-workspace-identity	Candidate evidence only; manual verification required.
EVD-1f8e60e92063	SERVICE_DISCOVERY	DOCUMENTATION_ONLY	backend/architecture/reports/DEV-009E-DGC-SAFE-RUNTIME-SMOKE-20260628_145720.md	DEV-009E-DGC-SAFE-RUNTIME-SMOKE-20260628_145720.md	47	e294f431a651247213e7f0f69d8d628417573e286dc1eae7f16da1c745005bed	VALIDATION_PASS=REDACTED	Candidate evidence only; manual verification required.
EVD-5c8adeba2cc1	SERVICE_DISCOVERY	DOCUMENTATION_ONLY	backend/architecture/reports/DEV-009E-DGC-SAFE-RUNTIME-SMOKE-20260628_145720.md	DEV-009E-DGC-SAFE-RUNTIME-SMOKE-20260628_145720.md	48	e294f431a651247213e7f0f69d8d628417573e286dc1eae7f16da1c745005bed	VALIDATING=/home/nawaf511/empire-core-new/backend/services/decision_governance_core	Candidate evidence only; manual verification required.
EVD-d6226ca447a0	SERVICE_DISCOVERY	DOCUMENTATION_ONLY	backend/architecture/reports/DEV-009E-DGC-SAFE-RUNTIME-SMOKE-20260628_150611.md	DEV-009E-DGC-SAFE-RUNTIME-SMOKE-20260628_150611.md	17	764e56f4d7af9378971d75b8017c4cf7ebd6db289ce11b690ac5a26d118fb930	REQUIRED_PATH_PASS=REDACTED	Candidate evidence only; manual verification required.
EVD-4175e59911c9	SERVICE_DISCOVERY	DOCUMENTATION_ONLY	backend/architecture/reports/DEV-009E-DGC-SAFE-RUNTIME-SMOKE-20260628_150611.md	DEV-009E-DGC-SAFE-RUNTIME-SMOKE-20260628_150611.md	21	764e56f4d7af9378971d75b8017c4cf7ebd6db289ce11b690ac5a26d118fb930	SERVICE_REGISTRY_PATH_PASS=REDACTED	Candidate evidence only; manual verification required.
EVD-5cf8d5802367	SERVICE_DISCOVERY	DOCUMENTATION_ONLY	backend/architecture/reports/DEV-009E-DGC-SAFE-RUNTIME-SMOKE-20260628_150611.md	DEV-009E-DGC-SAFE-RUNTIME-SMOKE-20260628_150611.md	22	764e56f4d7af9378971d75b8017c4cf7ebd6db289ce11b690ac5a26d118fb930	SERVICE_REGISTRY_AUTHORITY=NDSP_DOCTOR	Candidate evidence only; manual verification required.
EVD-ad4c8d8ce2c3	SERVICE_DISCOVERY	DOCUMENTATION_ONLY	backend/architecture/reports/DEV-009E-DGC-SAFE-RUNTIME-SMOKE-20260628_150611.md	DEV-009E-DGC-SAFE-RUNTIME-SMOKE-20260628_150611.md	27	764e56f4d7af9378971d75b8017c4cf7ebd6db289ce11b690ac5a26d118fb930	SERVICES_DIR=OK	Candidate evidence only; manual verification required.
EVD-ff898eea9f45	SERVICE_DISCOVERY	DOCUMENTATION_ONLY	backend/architecture/reports/DEV-009E-DGC-SAFE-RUNTIME-SMOKE-20260628_150611.md	DEV-009E-DGC-SAFE-RUNTIME-SMOKE-20260628_150611.md	28	764e56f4d7af9378971d75b8017c4cf7ebd6db289ce11b690ac5a26d118fb930	SERVICE_REGISTRY=OK	Candidate evidence only; manual verification required.
EVD-08b2dbc5b68f	SERVICE_DISCOVERY	DOCUMENTATION_ONLY	backend/architecture/reports/DEV-009E-DGC-SAFE-RUNTIME-SMOKE-20260628_150611.md	DEV-009E-DGC-SAFE-RUNTIME-SMOKE-20260628_150611.md	29	764e56f4d7af9378971d75b8017c4cf7ebd6db289ce11b690ac5a26d118fb930	== SERVICE COUNT ==	Candidate evidence only; manual verification required.
EVD-c2d9eb34ca3a	SERVICE_DISCOVERY	DOCUMENTATION_ONLY	backend/architecture/reports/DEV-009E-DGC-SAFE-RUNTIME-SMOKE-20260628_150611.md	DEV-009E-DGC-SAFE-RUNTIME-SMOKE-20260628_150611.md	31	764e56f4d7af9378971d75b8017c4cf7ebd6db289ce11b690ac5a26d118fb930	== SERVICE IDS ==	Candidate evidence only; manual verification required.
EVD-feb7c441d26e	SERVICE_DISCOVERY	DOCUMENTATION_ONLY	backend/architecture/reports/DEV-009E-DGC-SAFE-RUNTIME-SMOKE-20260628_150611.md	DEV-009E-DGC-SAFE-RUNTIME-SMOKE-20260628_150611.md	32	764e56f4d7af9378971d75b8017c4cf7ebd6db289ce11b690ac5a26d118fb930	CTL-001 port=9081 file=/home/nawaf511/empire-core-new/backend/services/ctl-001-workspace-identity/service.yaml	Candidate evidence only; manual verification required.
EVD-8b449078aa2d	SERVICE_DISCOVERY	DOCUMENTATION_ONLY	backend/architecture/reports/DEV-009E-DGC-SAFE-RUNTIME-SMOKE-20260628_150611.md	DEV-009E-DGC-SAFE-RUNTIME-SMOKE-20260628_150611.md	33	764e56f4d7af9378971d75b8017c4cf7ebd6db289ce11b690ac5a26d118fb930	CDS-001 port=9078 file=/home/nawaf511/empire-core-new/backend/services/completed_decision/service.yaml	Candidate evidence only; manual verification required.
EVD-ea5c26f87623	SERVICE_DISCOVERY	DOCUMENTATION_ONLY	backend/architecture/reports/DEV-009E-DGC-SAFE-RUNTIME-SMOKE-20260628_150611.md	DEV-009E-DGC-SAFE-RUNTIME-SMOKE-20260628_150611.md	34	764e56f4d7af9378971d75b8017c4cf7ebd6db289ce11b690ac5a26d118fb930	DGC-001 port=9079 file=/home/nawaf511/empire-core-new/backend/services/decision_governance_core/service.yaml	Candidate evidence only; manual verification required.
EVD-413e7bc3cdca	SERVICE_DISCOVERY	DOCUMENTATION_ONLY	backend/architecture/reports/DEV-009E-DGC-SAFE-RUNTIME-SMOKE-20260628_150611.md	DEV-009E-DGC-SAFE-RUNTIME-SMOKE-20260628_150611.md	35	764e56f4d7af9378971d75b8017c4cf7ebd6db289ce11b690ac5a26d118fb930	BOT-001 port=9080 file=/home/nawaf511/empire-core-new/backend/services/bot_execution/service.yaml	Candidate evidence only; manual verification required.
EVD-6be586f8dcd9	SERVICE_DISCOVERY	DOCUMENTATION_ONLY	backend/architecture/reports/DEV-009E-DGC-SAFE-RUNTIME-SMOKE-20260628_150611.md	DEV-009E-DGC-SAFE-RUNTIME-SMOKE-20260628_150611.md	36	764e56f4d7af9378971d75b8017c4cf7ebd6db289ce11b690ac5a26d118fb930	== DUPLICATE SERVICE IDS ==	Candidate evidence only; manual verification required.
EVD-739918cf362c	SERVICE_DISCOVERY	DOCUMENTATION_ONLY	backend/architecture/reports/DEV-009E-DGC-SAFE-RUNTIME-SMOKE-20260628_150611.md	DEV-009E-DGC-SAFE-RUNTIME-SMOKE-20260628_150611.md	40	764e56f4d7af9378971d75b8017c4cf7ebd6db289ce11b690ac5a26d118fb930	VALIDATING=/home/nawaf511/empire-core-new/backend/services/bot_execution	Candidate evidence only; manual verification required.
EVD-dfbdef29b234	SERVICE_DISCOVERY	DOCUMENTATION_ONLY	backend/architecture/reports/DEV-009E-DGC-SAFE-RUNTIME-SMOKE-20260628_150611.md	DEV-009E-DGC-SAFE-RUNTIME-SMOKE-20260628_150611.md	41	764e56f4d7af9378971d75b8017c4cf7ebd6db289ce11b690ac5a26d118fb930	LEGACY_SERVICE=YES	Candidate evidence only; manual verification required.
EVD-196242aeafb9	SERVICE_DISCOVERY	DOCUMENTATION_ONLY	backend/architecture/reports/DEV-009E-DGC-SAFE-RUNTIME-SMOKE-20260628_150611.md	DEV-009E-DGC-SAFE-RUNTIME-SMOKE-20260628_150611.md	43	764e56f4d7af9378971d75b8017c4cf7ebd6db289ce11b690ac5a26d118fb930	VALIDATION_PASS=REDACTED	Candidate evidence only; manual verification required.
EVD-b00eddd14c1b	SERVICE_DISCOVERY	DOCUMENTATION_ONLY	backend/architecture/reports/DEV-009E-DGC-SAFE-RUNTIME-SMOKE-20260628_150611.md	DEV-009E-DGC-SAFE-RUNTIME-SMOKE-20260628_150611.md	44	764e56f4d7af9378971d75b8017c4cf7ebd6db289ce11b690ac5a26d118fb930	VALIDATING=/home/nawaf511/empire-core-new/backend/services/completed_decision	Candidate evidence only; manual verification required.
EVD-972544d48405	SERVICE_DISCOVERY	DOCUMENTATION_ONLY	backend/architecture/reports/DEV-009E-DGC-SAFE-RUNTIME-SMOKE-20260628_150611.md	DEV-009E-DGC-SAFE-RUNTIME-SMOKE-20260628_150611.md	45	764e56f4d7af9378971d75b8017c4cf7ebd6db289ce11b690ac5a26d118fb930	VALIDATION_PASS=REDACTED	Candidate evidence only; manual verification required.
EVD-8a08d65984c3	SERVICE_DISCOVERY	DOCUMENTATION_ONLY	backend/architecture/reports/DEV-009E-DGC-SAFE-RUNTIME-SMOKE-20260628_150611.md	DEV-009E-DGC-SAFE-RUNTIME-SMOKE-20260628_150611.md	46	764e56f4d7af9378971d75b8017c4cf7ebd6db289ce11b690ac5a26d118fb930	VALIDATING=/home/nawaf511/empire-core-new/backend/services/ctl-001-workspace-identity	Candidate evidence only; manual verification required.
EVD-9b8966b6b94d	SERVICE_DISCOVERY	DOCUMENTATION_ONLY	backend/architecture/reports/DEV-009E-DGC-SAFE-RUNTIME-SMOKE-20260628_150611.md	DEV-009E-DGC-SAFE-RUNTIME-SMOKE-20260628_150611.md	47	764e56f4d7af9378971d75b8017c4cf7ebd6db289ce11b690ac5a26d118fb930	VALIDATION_PASS=REDACTED	Candidate evidence only; manual verification required.
EVD-1c217bfd52f4	SERVICE_DISCOVERY	DOCUMENTATION_ONLY	backend/architecture/reports/DEV-009E-DGC-SAFE-RUNTIME-SMOKE-20260628_150611.md	DEV-009E-DGC-SAFE-RUNTIME-SMOKE-20260628_150611.md	48	764e56f4d7af9378971d75b8017c4cf7ebd6db289ce11b690ac5a26d118fb930	VALIDATING=/home/nawaf511/empire-core-new/backend/services/decision_governance_core	Candidate evidence only; manual verification required.
EVD-ec3a39246918	SERVICE_DISCOVERY	DOCUMENTATION_ONLY	backend/architecture/reports/DEV-009F-DGC-MIGRATION-CLOSURE-20260628_145720.md	DEV-009F-DGC-MIGRATION-CLOSURE-20260628_145720.md	8	e93b247b655606a60834c358dead076402ffd5300a998c2bba8c371ea7e3ccae	?? backend/services/decision_governance_core/MIGRATION_STATUS.md	Candidate evidence only; manual verification required.
EVD-0ed658162a1c	SERVICE_DISCOVERY	DOCUMENTATION_ONLY	backend/architecture/reports/DEV-009F-DGC-MIGRATION-CLOSURE-20260628_145720.md	DEV-009F-DGC-MIGRATION-CLOSURE-20260628_145720.md	18	e93b247b655606a60834c358dead076402ffd5300a998c2bba8c371ea7e3ccae	REQUIRED_PATH_PASS=REDACTED	Candidate evidence only; manual verification required.
EVD-932d174a666d	SERVICE_DISCOVERY	DOCUMENTATION_ONLY	backend/architecture/reports/DEV-009F-DGC-MIGRATION-CLOSURE-20260628_145720.md	DEV-009F-DGC-MIGRATION-CLOSURE-20260628_145720.md	22	e93b247b655606a60834c358dead076402ffd5300a998c2bba8c371ea7e3ccae	SERVICE_REGISTRY_PATH_PASS=REDACTED	Candidate evidence only; manual verification required.
EVD-1453f013bab6	SERVICE_DISCOVERY	DOCUMENTATION_ONLY	backend/architecture/reports/DEV-009F-DGC-MIGRATION-CLOSURE-20260628_145720.md	DEV-009F-DGC-MIGRATION-CLOSURE-20260628_145720.md	23	e93b247b655606a60834c358dead076402ffd5300a998c2bba8c371ea7e3ccae	SERVICE_REGISTRY_AUTHORITY=NDSP_DOCTOR	Candidate evidence only; manual verification required.
EVD-1aa8577a6829	SERVICE_DISCOVERY	DOCUMENTATION_ONLY	backend/architecture/reports/DEV-009F-DGC-MIGRATION-CLOSURE-20260628_145720.md	DEV-009F-DGC-MIGRATION-CLOSURE-20260628_145720.md	28	e93b247b655606a60834c358dead076402ffd5300a998c2bba8c371ea7e3ccae	SERVICES_DIR=OK	Candidate evidence only; manual verification required.
EVD-88982de58438	SERVICE_DISCOVERY	DOCUMENTATION_ONLY	backend/architecture/reports/DEV-009F-DGC-MIGRATION-CLOSURE-20260628_145720.md	DEV-009F-DGC-MIGRATION-CLOSURE-20260628_145720.md	29	e93b247b655606a60834c358dead076402ffd5300a998c2bba8c371ea7e3ccae	SERVICE_REGISTRY=OK	Candidate evidence only; manual verification required.
EVD-3b867f4ce198	SERVICE_DISCOVERY	DOCUMENTATION_ONLY	backend/architecture/reports/DEV-009F-DGC-MIGRATION-CLOSURE-20260628_145720.md	DEV-009F-DGC-MIGRATION-CLOSURE-20260628_145720.md	30	e93b247b655606a60834c358dead076402ffd5300a998c2bba8c371ea7e3ccae	== SERVICE COUNT ==	Candidate evidence only; manual verification required.
EVD-a196382d0aaf	SERVICE_DISCOVERY	DOCUMENTATION_ONLY	backend/architecture/reports/DEV-009F-DGC-MIGRATION-CLOSURE-20260628_145720.md	DEV-009F-DGC-MIGRATION-CLOSURE-20260628_145720.md	32	e93b247b655606a60834c358dead076402ffd5300a998c2bba8c371ea7e3ccae	== SERVICE IDS ==	Candidate evidence only; manual verification required.
EVD-cfd3830a3454	SERVICE_DISCOVERY	DOCUMENTATION_ONLY	backend/architecture/reports/DEV-009F-DGC-MIGRATION-CLOSURE-20260628_145720.md	DEV-009F-DGC-MIGRATION-CLOSURE-20260628_145720.md	33	e93b247b655606a60834c358dead076402ffd5300a998c2bba8c371ea7e3ccae	CTL-001 port=9081 file=/home/nawaf511/empire-core-new/backend/services/ctl-001-workspace-identity/service.yaml	Candidate evidence only; manual verification required.
EVD-4a013f0de789	SERVICE_DISCOVERY	DOCUMENTATION_ONLY	backend/architecture/reports/DEV-009F-DGC-MIGRATION-CLOSURE-20260628_145720.md	DEV-009F-DGC-MIGRATION-CLOSURE-20260628_145720.md	34	e93b247b655606a60834c358dead076402ffd5300a998c2bba8c371ea7e3ccae	CDS-001 port=9078 file=/home/nawaf511/empire-core-new/backend/services/completed_decision/service.yaml	Candidate evidence only; manual verification required.
EVD-d531afb43aa2	SERVICE_DISCOVERY	DOCUMENTATION_ONLY	backend/architecture/reports/DEV-009F-DGC-MIGRATION-CLOSURE-20260628_145720.md	DEV-009F-DGC-MIGRATION-CLOSURE-20260628_145720.md	35	e93b247b655606a60834c358dead076402ffd5300a998c2bba8c371ea7e3ccae	DGC-001 port=9079 file=/home/nawaf511/empire-core-new/backend/services/decision_governance_core/service.yaml	Candidate evidence only; manual verification required.
EVD-a4ad80a18684	SERVICE_DISCOVERY	DOCUMENTATION_ONLY	backend/architecture/reports/DEV-009F-DGC-MIGRATION-CLOSURE-20260628_145720.md	DEV-009F-DGC-MIGRATION-CLOSURE-20260628_145720.md	36	e93b247b655606a60834c358dead076402ffd5300a998c2bba8c371ea7e3ccae	BOT-001 port=9080 file=/home/nawaf511/empire-core-new/backend/services/bot_execution/service.yaml	Candidate evidence only; manual verification required.
EVD-19d7d9b4aefd	SERVICE_DISCOVERY	DOCUMENTATION_ONLY	backend/architecture/reports/DEV-009F-DGC-MIGRATION-CLOSURE-20260628_145720.md	DEV-009F-DGC-MIGRATION-CLOSURE-20260628_145720.md	37	e93b247b655606a60834c358dead076402ffd5300a998c2bba8c371ea7e3ccae	== DUPLICATE SERVICE IDS ==	Candidate evidence only; manual verification required.
EVD-0daed6592e57	SERVICE_DISCOVERY	DOCUMENTATION_ONLY	backend/architecture/reports/DEV-009F-DGC-MIGRATION-CLOSURE-20260628_145720.md	DEV-009F-DGC-MIGRATION-CLOSURE-20260628_145720.md	41	e93b247b655606a60834c358dead076402ffd5300a998c2bba8c371ea7e3ccae	VALIDATING=/home/nawaf511/empire-core-new/backend/services/bot_execution	Candidate evidence only; manual verification required.
EVD-cbcc4cd4c0f2	SERVICE_DISCOVERY	DOCUMENTATION_ONLY	backend/architecture/reports/DEV-009F-DGC-MIGRATION-CLOSURE-20260628_145720.md	DEV-009F-DGC-MIGRATION-CLOSURE-20260628_145720.md	42	e93b247b655606a60834c358dead076402ffd5300a998c2bba8c371ea7e3ccae	LEGACY_SERVICE=YES	Candidate evidence only; manual verification required.
EVD-0e1f14dc5441	SERVICE_DISCOVERY	DOCUMENTATION_ONLY	backend/architecture/reports/DEV-009F-DGC-MIGRATION-CLOSURE-20260628_145720.md	DEV-009F-DGC-MIGRATION-CLOSURE-20260628_145720.md	44	e93b247b655606a60834c358dead076402ffd5300a998c2bba8c371ea7e3ccae	VALIDATION_PASS=REDACTED	Candidate evidence only; manual verification required.
EVD-362cd3637a25	SERVICE_DISCOVERY	DOCUMENTATION_ONLY	backend/architecture/reports/DEV-009F-DGC-MIGRATION-CLOSURE-20260628_145720.md	DEV-009F-DGC-MIGRATION-CLOSURE-20260628_145720.md	45	e93b247b655606a60834c358dead076402ffd5300a998c2bba8c371ea7e3ccae	VALIDATING=/home/nawaf511/empire-core-new/backend/services/completed_decision	Candidate evidence only; manual verification required.
EVD-8c3789aab0b1	SERVICE_DISCOVERY	DOCUMENTATION_ONLY	backend/architecture/reports/DEV-009F-DGC-MIGRATION-CLOSURE-20260628_145720.md	DEV-009F-DGC-MIGRATION-CLOSURE-20260628_145720.md	46	e93b247b655606a60834c358dead076402ffd5300a998c2bba8c371ea7e3ccae	VALIDATION_PASS=REDACTED	Candidate evidence only; manual verification required.
EVD-0859b5ca83a2	SERVICE_DISCOVERY	DOCUMENTATION_ONLY	backend/architecture/reports/DEV-009F-DGC-MIGRATION-CLOSURE-20260628_145720.md	DEV-009F-DGC-MIGRATION-CLOSURE-20260628_145720.md	47	e93b247b655606a60834c358dead076402ffd5300a998c2bba8c371ea7e3ccae	VALIDATING=/home/nawaf511/empire-core-new/backend/services/ctl-001-workspace-identity	Candidate evidence only; manual verification required.
EVD-57c0677e3620	SERVICE_DISCOVERY	DOCUMENTATION_ONLY	backend/architecture/reports/DEV-009F-DGC-MIGRATION-CLOSURE-20260628_145720.md	DEV-009F-DGC-MIGRATION-CLOSURE-20260628_145720.md	48	e93b247b655606a60834c358dead076402ffd5300a998c2bba8c371ea7e3ccae	VALIDATION_PASS=REDACTED	Candidate evidence only; manual verification required.
EVD-785c95b6e264	SERVICE_DISCOVERY	DOCUMENTATION_ONLY	backend/architecture/reports/DEV-009F-DGC-MIGRATION-CLOSURE-20260628_150611.md	DEV-009F-DGC-MIGRATION-CLOSURE-20260628_150611.md	7	dac240d8ad8f14802260903ddc081bdcf12c9d4853d6fbeb754a4eb10b384e36	M backend/services/decision_governance_core/MIGRATION_STATUS.md	Candidate evidence only; manual verification required.
EVD-bdbf5db6efc0	SERVICE_DISCOVERY	DOCUMENTATION_ONLY	backend/architecture/reports/DEV-009F-DGC-MIGRATION-CLOSURE-20260628_150611.md	DEV-009F-DGC-MIGRATION-CLOSURE-20260628_150611.md	18	dac240d8ad8f14802260903ddc081bdcf12c9d4853d6fbeb754a4eb10b384e36	REQUIRED_PATH_PASS=REDACTED	Candidate evidence only; manual verification required.
EVD-cd0802f79d6a	SERVICE_DISCOVERY	DOCUMENTATION_ONLY	backend/architecture/reports/DEV-009F-DGC-MIGRATION-CLOSURE-20260628_150611.md	DEV-009F-DGC-MIGRATION-CLOSURE-20260628_150611.md	22	dac240d8ad8f14802260903ddc081bdcf12c9d4853d6fbeb754a4eb10b384e36	SERVICE_REGISTRY_PATH_PASS=REDACTED	Candidate evidence only; manual verification required.
EVD-7b3d91738848	SERVICE_DISCOVERY	DOCUMENTATION_ONLY	backend/architecture/reports/DEV-009F-DGC-MIGRATION-CLOSURE-20260628_150611.md	DEV-009F-DGC-MIGRATION-CLOSURE-20260628_150611.md	23	dac240d8ad8f14802260903ddc081bdcf12c9d4853d6fbeb754a4eb10b384e36	SERVICE_REGISTRY_AUTHORITY=NDSP_DOCTOR	Candidate evidence only; manual verification required.
EVD-0af5218a3f40	SERVICE_DISCOVERY	DOCUMENTATION_ONLY	backend/architecture/reports/DEV-009F-DGC-MIGRATION-CLOSURE-20260628_150611.md	DEV-009F-DGC-MIGRATION-CLOSURE-20260628_150611.md	28	dac240d8ad8f14802260903ddc081bdcf12c9d4853d6fbeb754a4eb10b384e36	SERVICES_DIR=OK	Candidate evidence only; manual verification required.
EVD-3f62f451d6f2	SERVICE_DISCOVERY	DOCUMENTATION_ONLY	backend/architecture/reports/DEV-009F-DGC-MIGRATION-CLOSURE-20260628_150611.md	DEV-009F-DGC-MIGRATION-CLOSURE-20260628_150611.md	29	dac240d8ad8f14802260903ddc081bdcf12c9d4853d6fbeb754a4eb10b384e36	SERVICE_REGISTRY=OK	Candidate evidence only; manual verification required.
EVD-5badb860f869	SERVICE_DISCOVERY	DOCUMENTATION_ONLY	backend/architecture/reports/DEV-009F-DGC-MIGRATION-CLOSURE-20260628_150611.md	DEV-009F-DGC-MIGRATION-CLOSURE-20260628_150611.md	30	dac240d8ad8f14802260903ddc081bdcf12c9d4853d6fbeb754a4eb10b384e36	== SERVICE COUNT ==	Candidate evidence only; manual verification required.
EVD-c205ef9e302f	SERVICE_DISCOVERY	DOCUMENTATION_ONLY	backend/architecture/reports/DEV-009F-DGC-MIGRATION-CLOSURE-20260628_150611.md	DEV-009F-DGC-MIGRATION-CLOSURE-20260628_150611.md	32	dac240d8ad8f14802260903ddc081bdcf12c9d4853d6fbeb754a4eb10b384e36	== SERVICE IDS ==	Candidate evidence only; manual verification required.
EVD-2137912def25	SERVICE_DISCOVERY	DOCUMENTATION_ONLY	backend/architecture/reports/DEV-009F-DGC-MIGRATION-CLOSURE-20260628_150611.md	DEV-009F-DGC-MIGRATION-CLOSURE-20260628_150611.md	33	dac240d8ad8f14802260903ddc081bdcf12c9d4853d6fbeb754a4eb10b384e36	CTL-001 port=9081 file=/home/nawaf511/empire-core-new/backend/services/ctl-001-workspace-identity/service.yaml	Candidate evidence only; manual verification required.
EVD-16a1be07a558	SERVICE_DISCOVERY	DOCUMENTATION_ONLY	backend/architecture/reports/DEV-009F-DGC-MIGRATION-CLOSURE-20260628_150611.md	DEV-009F-DGC-MIGRATION-CLOSURE-20260628_150611.md	34	dac240d8ad8f14802260903ddc081bdcf12c9d4853d6fbeb754a4eb10b384e36	CDS-001 port=9078 file=/home/nawaf511/empire-core-new/backend/services/completed_decision/service.yaml	Candidate evidence only; manual verification required.
EVD-10249f3a75de	SERVICE_DISCOVERY	DOCUMENTATION_ONLY	backend/architecture/reports/DEV-009F-DGC-MIGRATION-CLOSURE-20260628_150611.md	DEV-009F-DGC-MIGRATION-CLOSURE-20260628_150611.md	35	dac240d8ad8f14802260903ddc081bdcf12c9d4853d6fbeb754a4eb10b384e36	DGC-001 port=9079 file=/home/nawaf511/empire-core-new/backend/services/decision_governance_core/service.yaml	Candidate evidence only; manual verification required.
EVD-d3ae5760da33	SERVICE_DISCOVERY	DOCUMENTATION_ONLY	backend/architecture/reports/DEV-009F-DGC-MIGRATION-CLOSURE-20260628_150611.md	DEV-009F-DGC-MIGRATION-CLOSURE-20260628_150611.md	36	dac240d8ad8f14802260903ddc081bdcf12c9d4853d6fbeb754a4eb10b384e36	BOT-001 port=9080 file=/home/nawaf511/empire-core-new/backend/services/bot_execution/service.yaml	Candidate evidence only; manual verification required.
EVD-373f5cdf4f75	SERVICE_DISCOVERY	DOCUMENTATION_ONLY	backend/architecture/reports/DEV-009F-DGC-MIGRATION-CLOSURE-20260628_150611.md	DEV-009F-DGC-MIGRATION-CLOSURE-20260628_150611.md	37	dac240d8ad8f14802260903ddc081bdcf12c9d4853d6fbeb754a4eb10b384e36	== DUPLICATE SERVICE IDS ==	Candidate evidence only; manual verification required.
EVD-e7e7fdbc7bca	SERVICE_DISCOVERY	DOCUMENTATION_ONLY	backend/architecture/reports/DEV-009F-DGC-MIGRATION-CLOSURE-20260628_150611.md	DEV-009F-DGC-MIGRATION-CLOSURE-20260628_150611.md	41	dac240d8ad8f14802260903ddc081bdcf12c9d4853d6fbeb754a4eb10b384e36	VALIDATING=/home/nawaf511/empire-core-new/backend/services/bot_execution	Candidate evidence only; manual verification required.
EVD-f4b08bae97a4	SERVICE_DISCOVERY	DOCUMENTATION_ONLY	backend/architecture/reports/DEV-009F-DGC-MIGRATION-CLOSURE-20260628_150611.md	DEV-009F-DGC-MIGRATION-CLOSURE-20260628_150611.md	42	dac240d8ad8f14802260903ddc081bdcf12c9d4853d6fbeb754a4eb10b384e36	LEGACY_SERVICE=YES	Candidate evidence only; manual verification required.
EVD-898301ea0f12	SERVICE_DISCOVERY	DOCUMENTATION_ONLY	backend/architecture/reports/DEV-009F-DGC-MIGRATION-CLOSURE-20260628_150611.md	DEV-009F-DGC-MIGRATION-CLOSURE-20260628_150611.md	44	dac240d8ad8f14802260903ddc081bdcf12c9d4853d6fbeb754a4eb10b384e36	VALIDATION_PASS=REDACTED	Candidate evidence only; manual verification required.
EVD-7fc38341bbe4	SERVICE_DISCOVERY	DOCUMENTATION_ONLY	backend/architecture/reports/DEV-009F-DGC-MIGRATION-CLOSURE-20260628_150611.md	DEV-009F-DGC-MIGRATION-CLOSURE-20260628_150611.md	45	dac240d8ad8f14802260903ddc081bdcf12c9d4853d6fbeb754a4eb10b384e36	VALIDATING=/home/nawaf511/empire-core-new/backend/services/completed_decision	Candidate evidence only; manual verification required.
EVD-6c36bd186784	SERVICE_DISCOVERY	DOCUMENTATION_ONLY	backend/architecture/reports/DEV-009F-DGC-MIGRATION-CLOSURE-20260628_150611.md	DEV-009F-DGC-MIGRATION-CLOSURE-20260628_150611.md	46	dac240d8ad8f14802260903ddc081bdcf12c9d4853d6fbeb754a4eb10b384e36	VALIDATION_PASS=REDACTED	Candidate evidence only; manual verification required.
EVD-7ebf7fa84135	SERVICE_DISCOVERY	DOCUMENTATION_ONLY	backend/architecture/reports/DEV-009F-DGC-MIGRATION-CLOSURE-20260628_150611.md	DEV-009F-DGC-MIGRATION-CLOSURE-20260628_150611.md	47	dac240d8ad8f14802260903ddc081bdcf12c9d4853d6fbeb754a4eb10b384e36	VALIDATING=/home/nawaf511/empire-core-new/backend/services/ctl-001-workspace-identity	Candidate evidence only; manual verification required.
EVD-6d09b65e60ea	SERVICE_DISCOVERY	DOCUMENTATION_ONLY	backend/architecture/reports/DEV-009F-DGC-MIGRATION-CLOSURE-20260628_150611.md	DEV-009F-DGC-MIGRATION-CLOSURE-20260628_150611.md	48	dac240d8ad8f14802260903ddc081bdcf12c9d4853d6fbeb754a4eb10b384e36	VALIDATION_PASS=REDACTED	Candidate evidence only; manual verification required.
EVD-9ad751867a4f	SERVICE_DISCOVERY	DOCUMENTATION_ONLY	backend/architecture/reports/DEV-010A-BOT-SNAPSHOT-20260628_150814.md	DEV-010A-BOT-SNAPSHOT-20260628_150814.md	1	6d8e6c51976e5b4e246a350ca413b8c86b24a98f37382a7d9688b3f154715588	# DEV-010A — BOT-001 NDSP Bot Execution Service Snapshot	Candidate evidence only; manual verification required.
EVD-53ab2badc14f	SERVICE_DISCOVERY	DOCUMENTATION_ONLY	backend/architecture/reports/DEV-010A-BOT-SNAPSHOT-20260628_150814.md	DEV-010A-BOT-SNAPSHOT-20260628_150814.md	9	6d8e6c51976e5b4e246a350ca413b8c86b24a98f37382a7d9688b3f154715588	No BOT service code is changed in this step.	Candidate evidence only; manual verification required.
EVD-94d7c4a1ff61	SERVICE_DISCOVERY	DOCUMENTATION_ONLY	backend/architecture/reports/DEV-010A-BOT-SNAPSHOT-20260628_150814.md	DEV-010A-BOT-SNAPSHOT-20260628_150814.md	18	6d8e6c51976e5b4e246a350ca413b8c86b24a98f37382a7d9688b3f154715588	Service YAML:	Candidate evidence only; manual verification required.
EVD-6bb7b762d963	SERVICE_DISCOVERY	DOCUMENTATION_ONLY	backend/architecture/reports/DEV-010A-BOT-SNAPSHOT-20260628_150814.md	DEV-010A-BOT-SNAPSHOT-20260628_150814.md	19	6d8e6c51976e5b4e246a350ca413b8c86b24a98f37382a7d9688b3f154715588	----- SERVICE_YAML_BEGIN -----	Candidate evidence only; manual verification required.
EVD-68817730bdd7	SERVICE_DISCOVERY	DOCUMENTATION_ONLY	backend/architecture/reports/DEV-010A-BOT-SNAPSHOT-20260628_150814.md	DEV-010A-BOT-SNAPSHOT-20260628_150814.md	20	6d8e6c51976e5b4e246a350ca413b8c86b24a98f37382a7d9688b3f154715588	service_id: BOT-001	Candidate evidence only; manual verification required.
EVD-9fe61096a7d2	SERVICE_DISCOVERY	DOCUMENTATION_ONLY	backend/architecture/reports/DEV-010A-BOT-SNAPSHOT-20260628_150814.md	DEV-010A-BOT-SNAPSHOT-20260628_150814.md	21	6d8e6c51976e5b4e246a350ca413b8c86b24a98f37382a7d9688b3f154715588	service_name: NDSP Bot Execution Service	Candidate evidence only; manual verification required.
EVD-1a1a87951074	SERVICE_DISCOVERY	DOCUMENTATION_ONLY	backend/architecture/reports/DEV-010A-BOT-SNAPSHOT-20260628_150814.md	DEV-010A-BOT-SNAPSHOT-20260628_150814.md	33	6d8e6c51976e5b4e246a350ca413b8c86b24a98f37382a7d9688b3f154715588	type: legacy_service	Candidate evidence only; manual verification required.
EVD-942b292d8df7	SERVICE_DISCOVERY	DOCUMENTATION_ONLY	backend/architecture/reports/DEV-010A-BOT-SNAPSHOT-20260628_150814.md	DEV-010A-BOT-SNAPSHOT-20260628_150814.md	36	6d8e6c51976e5b4e246a350ca413b8c86b24a98f37382a7d9688b3f154715588	systemd: ndsp-bot_execution.service	Candidate evidence only; manual verification required.
EVD-75ca6200b83e	SERVICE_DISCOVERY	DOCUMENTATION_ONLY	backend/architecture/reports/DEV-010A-BOT-SNAPSHOT-20260628_150814.md	DEV-010A-BOT-SNAPSHOT-20260628_150814.md	37	6d8e6c51976e5b4e246a350ca413b8c86b24a98f37382a7d9688b3f154715588	----- SERVICE_YAML_END -----	Candidate evidence only; manual verification required.
EVD-39f5d83ae4b0	SERVICE_DISCOVERY	DOCUMENTATION_ONLY	backend/architecture/reports/DEV-010A-BOT-SNAPSHOT-20260628_150814.md	DEV-010A-BOT-SNAPSHOT-20260628_150814.md	39	6d8e6c51976e5b4e246a350ca413b8c86b24a98f37382a7d9688b3f154715588	Service Files:	Candidate evidence only; manual verification required.
EVD-54f85a5cae36	SERVICE_DISCOVERY	DOCUMENTATION_ONLY	backend/architecture/reports/DEV-010A-BOT-SNAPSHOT-20260628_150814.md	DEV-010A-BOT-SNAPSHOT-20260628_150814.md	40	6d8e6c51976e5b4e246a350ca413b8c86b24a98f37382a7d9688b3f154715588	----- SERVICE_FILES_BEGIN -----	Candidate evidence only; manual verification required.
EVD-b7265fb16d24	SERVICE_DISCOVERY	DOCUMENTATION_ONLY	backend/architecture/reports/DEV-010A-BOT-SNAPSHOT-20260628_150814.md	DEV-010A-BOT-SNAPSHOT-20260628_150814.md	41	6d8e6c51976e5b4e246a350ca413b8c86b24a98f37382a7d9688b3f154715588	backend/services/bot_execution/CHANGELOG.md	Candidate evidence only; manual verification required.
EVD-e905d985b901	SERVICE_DISCOVERY	DOCUMENTATION_ONLY	backend/architecture/reports/DEV-010A-BOT-SNAPSHOT-20260628_150814.md	DEV-010A-BOT-SNAPSHOT-20260628_150814.md	42	6d8e6c51976e5b4e246a350ca413b8c86b24a98f37382a7d9688b3f154715588	backend/services/bot_execution/config/default.env	Candidate evidence only; manual verification required.
EVD-574505722933	SERVICE_DISCOVERY	DOCUMENTATION_ONLY	backend/architecture/reports/DEV-010A-BOT-SNAPSHOT-20260628_150814.md	DEV-010A-BOT-SNAPSHOT-20260628_150814.md	43	6d8e6c51976e5b4e246a350ca413b8c86b24a98f37382a7d9688b3f154715588	backend/services/bot_execution/contracts/BOT-001-CONTRACT.md	Candidate evidence only; manual verification required.
EVD-22a66888c8de	SERVICE_DISCOVERY	DOCUMENTATION_ONLY	backend/architecture/reports/DEV-010A-BOT-SNAPSHOT-20260628_150814.md	DEV-010A-BOT-SNAPSHOT-20260628_150814.md	44	6d8e6c51976e5b4e246a350ca413b8c86b24a98f37382a7d9688b3f154715588	backend/services/bot_execution/docs/ARCHITECTURE.md	Candidate evidence only; manual verification required.
EVD-6cf18847a55a	SERVICE_DISCOVERY	DOCUMENTATION_ONLY	backend/architecture/reports/DEV-010A-BOT-SNAPSHOT-20260628_150814.md	DEV-010A-BOT-SNAPSHOT-20260628_150814.md	45	6d8e6c51976e5b4e246a350ca413b8c86b24a98f37382a7d9688b3f154715588	backend/services/bot_execution/docs/README.md	Candidate evidence only; manual verification required.
EVD-ea72c23bba77	SERVICE_DISCOVERY	DOCUMENTATION_ONLY	backend/architecture/reports/DEV-010A-BOT-SNAPSHOT-20260628_150814.md	DEV-010A-BOT-SNAPSHOT-20260628_150814.md	46	6d8e6c51976e5b4e246a350ca413b8c86b24a98f37382a7d9688b3f154715588	backend/services/bot_execution/main.cjs	Candidate evidence only; manual verification required.
EVD-e2169f9e9abf	SERVICE_DISCOVERY	DOCUMENTATION_ONLY	backend/architecture/reports/DEV-010A-BOT-SNAPSHOT-20260628_150814.md	DEV-010A-BOT-SNAPSHOT-20260628_150814.md	47	6d8e6c51976e5b4e246a350ca413b8c86b24a98f37382a7d9688b3f154715588	backend/services/bot_execution/package.json	Candidate evidence only; manual verification required.
EVD-a98f75982e1a	SERVICE_DISCOVERY	DOCUMENTATION_ONLY	backend/architecture/reports/DEV-010A-BOT-SNAPSHOT-20260628_150814.md	DEV-010A-BOT-SNAPSHOT-20260628_150814.md	48	6d8e6c51976e5b4e246a350ca413b8c86b24a98f37382a7d9688b3f154715588	backend/services/bot_execution/README.md	Candidate evidence only; manual verification required.
EVD-e7e16cb23b4e	SERVICE_DISCOVERY	DOCUMENTATION_ONLY	backend/architecture/reports/DEV-010A-BOT-SNAPSHOT-20260628_150814.md	DEV-010A-BOT-SNAPSHOT-20260628_150814.md	49	6d8e6c51976e5b4e246a350ca413b8c86b24a98f37382a7d9688b3f154715588	backend/services/bot_execution/service.yaml	Candidate evidence only; manual verification required.
EVD-124d2da4ca0e	SERVICE_DISCOVERY	DOCUMENTATION_ONLY	backend/architecture/reports/DEV-010B-BOT-ENG001-ADAPTER-20260628_151156.md	DEV-010B-BOT-ENG001-ADAPTER-20260628_151156.md	4	700f66091a484e0e70e6e72c6432e85577ebbf94eb1423ed7b89bb08ca19b539	HEAD=193b591 docs(DEV-010A): snapshot bot execution service	Candidate evidence only; manual verification required.
EVD-5131af893856	SERVICE_DISCOVERY	DOCUMENTATION_ONLY	backend/architecture/reports/DEV-010B-BOT-ENG001-ADAPTER-20260628_151156.md	DEV-010B-BOT-ENG001-ADAPTER-20260628_151156.md	7	700f66091a484e0e70e6e72c6432e85577ebbf94eb1423ed7b89bb08ca19b539	M backend/services/bot_execution/main.cjs	Candidate evidence only; manual verification required.
EVD-de21eef5b039	SERVICE_DISCOVERY	DOCUMENTATION_ONLY	backend/architecture/reports/DEV-010B-BOT-ENG001-ADAPTER-20260628_151156.md	DEV-010B-BOT-ENG001-ADAPTER-20260628_151156.md	8	700f66091a484e0e70e6e72c6432e85577ebbf94eb1423ed7b89bb08ca19b539	M backend/services/bot_execution/service.yaml	Candidate evidence only; manual verification required.
EVD-3947965c8434	SERVICE_DISCOVERY	DOCUMENTATION_ONLY	backend/architecture/reports/DEV-010B-BOT-ENG001-ADAPTER-20260628_151156.md	DEV-010B-BOT-ENG001-ADAPTER-20260628_151156.md	10	700f66091a484e0e70e6e72c6432e85577ebbf94eb1423ed7b89bb08ca19b539	?? backend/services/bot_execution/contracts/BOT-001-ENG-001-ADAPTER-CONTRACT.md	Candidate evidence only; manual verification required.
EVD-95a2d84442e1	SERVICE_DISCOVERY	DOCUMENTATION_ONLY	backend/architecture/reports/DEV-010B-BOT-ENG001-ADAPTER-20260628_151156.md	DEV-010B-BOT-ENG001-ADAPTER-20260628_151156.md	11	700f66091a484e0e70e6e72c6432e85577ebbf94eb1423ed7b89bb08ca19b539	?? backend/services/bot_execution/framework-adapter.cjs	Candidate evidence only; manual verification required.
EVD-24475cb6b4a1	SERVICE_DISCOVERY	DOCUMENTATION_ONLY	backend/architecture/reports/DEV-010B-BOT-ENG001-ADAPTER-20260628_151156.md	DEV-010B-BOT-ENG001-ADAPTER-20260628_151156.md	21	700f66091a484e0e70e6e72c6432e85577ebbf94eb1423ed7b89bb08ca19b539	REQUIRED_PATH_PASS=REDACTED	Candidate evidence only; manual verification required.
EVD-44e7667e6d23	SERVICE_DISCOVERY	DOCUMENTATION_ONLY	backend/architecture/reports/DEV-010B-BOT-ENG001-ADAPTER-20260628_151156.md	DEV-010B-BOT-ENG001-ADAPTER-20260628_151156.md	25	700f66091a484e0e70e6e72c6432e85577ebbf94eb1423ed7b89bb08ca19b539	SERVICE_REGISTRY_PATH_PASS=REDACTED	Candidate evidence only; manual verification required.
EVD-451b874708f4	SERVICE_DISCOVERY	DOCUMENTATION_ONLY	backend/architecture/reports/DEV-010B-BOT-ENG001-ADAPTER-20260628_151156.md	DEV-010B-BOT-ENG001-ADAPTER-20260628_151156.md	26	700f66091a484e0e70e6e72c6432e85577ebbf94eb1423ed7b89bb08ca19b539	SERVICE_REGISTRY_AUTHORITY=NDSP_DOCTOR	Candidate evidence only; manual verification required.
EVD-a226e6ef5287	SERVICE_DISCOVERY	DOCUMENTATION_ONLY	backend/architecture/reports/DEV-010B-BOT-ENG001-ADAPTER-20260628_151156.md	DEV-010B-BOT-ENG001-ADAPTER-20260628_151156.md	31	700f66091a484e0e70e6e72c6432e85577ebbf94eb1423ed7b89bb08ca19b539	SERVICES_DIR=OK	Candidate evidence only; manual verification required.
EVD-d84bbd0effe4	SERVICE_DISCOVERY	DOCUMENTATION_ONLY	backend/architecture/reports/DEV-010B-BOT-ENG001-ADAPTER-20260628_151156.md	DEV-010B-BOT-ENG001-ADAPTER-20260628_151156.md	32	700f66091a484e0e70e6e72c6432e85577ebbf94eb1423ed7b89bb08ca19b539	SERVICE_REGISTRY=OK	Candidate evidence only; manual verification required.
EVD-8d0496cb079e	SERVICE_DISCOVERY	DOCUMENTATION_ONLY	backend/architecture/reports/DEV-010B-BOT-ENG001-ADAPTER-20260628_151156.md	DEV-010B-BOT-ENG001-ADAPTER-20260628_151156.md	33	700f66091a484e0e70e6e72c6432e85577ebbf94eb1423ed7b89bb08ca19b539	== SERVICE COUNT ==	Candidate evidence only; manual verification required.
EVD-dcba00c68b39	SERVICE_DISCOVERY	DOCUMENTATION_ONLY	backend/architecture/reports/DEV-010B-BOT-ENG001-ADAPTER-20260628_151156.md	DEV-010B-BOT-ENG001-ADAPTER-20260628_151156.md	35	700f66091a484e0e70e6e72c6432e85577ebbf94eb1423ed7b89bb08ca19b539	== SERVICE IDS ==	Candidate evidence only; manual verification required.
EVD-6fe79bad90cc	SERVICE_DISCOVERY	DOCUMENTATION_ONLY	backend/architecture/reports/DEV-010B-BOT-ENG001-ADAPTER-20260628_151156.md	DEV-010B-BOT-ENG001-ADAPTER-20260628_151156.md	36	700f66091a484e0e70e6e72c6432e85577ebbf94eb1423ed7b89bb08ca19b539	CTL-001 port=9081 file=/home/nawaf511/empire-core-new/backend/services/ctl-001-workspace-identity/service.yaml	Candidate evidence only; manual verification required.
EVD-0e399bba93f6	SERVICE_DISCOVERY	DOCUMENTATION_ONLY	backend/architecture/reports/DEV-010B-BOT-ENG001-ADAPTER-20260628_151156.md	DEV-010B-BOT-ENG001-ADAPTER-20260628_151156.md	37	700f66091a484e0e70e6e72c6432e85577ebbf94eb1423ed7b89bb08ca19b539	CDS-001 port=9078 file=/home/nawaf511/empire-core-new/backend/services/completed_decision/service.yaml	Candidate evidence only; manual verification required.
EVD-af15d319901a	SERVICE_DISCOVERY	DOCUMENTATION_ONLY	backend/architecture/reports/DEV-010B-BOT-ENG001-ADAPTER-20260628_151156.md	DEV-010B-BOT-ENG001-ADAPTER-20260628_151156.md	38	700f66091a484e0e70e6e72c6432e85577ebbf94eb1423ed7b89bb08ca19b539	DGC-001 port=9079 file=/home/nawaf511/empire-core-new/backend/services/decision_governance_core/service.yaml	Candidate evidence only; manual verification required.
EVD-54f0cc6dd72c	SERVICE_DISCOVERY	DOCUMENTATION_ONLY	backend/architecture/reports/DEV-010B-BOT-ENG001-ADAPTER-20260628_151156.md	DEV-010B-BOT-ENG001-ADAPTER-20260628_151156.md	39	700f66091a484e0e70e6e72c6432e85577ebbf94eb1423ed7b89bb08ca19b539	BOT-001 port=9080 file=/home/nawaf511/empire-core-new/backend/services/bot_execution/service.yaml	Candidate evidence only; manual verification required.
EVD-403c17b6cca7	SERVICE_DISCOVERY	DOCUMENTATION_ONLY	backend/architecture/reports/DEV-010B-BOT-ENG001-ADAPTER-20260628_151156.md	DEV-010B-BOT-ENG001-ADAPTER-20260628_151156.md	40	700f66091a484e0e70e6e72c6432e85577ebbf94eb1423ed7b89bb08ca19b539	== DUPLICATE SERVICE IDS ==	Candidate evidence only; manual verification required.
EVD-01f0f91d0562	SERVICE_DISCOVERY	DOCUMENTATION_ONLY	backend/architecture/reports/DEV-010B-BOT-ENG001-ADAPTER-20260628_151156.md	DEV-010B-BOT-ENG001-ADAPTER-20260628_151156.md	44	700f66091a484e0e70e6e72c6432e85577ebbf94eb1423ed7b89bb08ca19b539	VALIDATING=/home/nawaf511/empire-core-new/backend/services/bot_execution	Candidate evidence only; manual verification required.
EVD-e37f4f584f84	SERVICE_DISCOVERY	DOCUMENTATION_ONLY	backend/architecture/reports/DEV-010B-BOT-ENG001-ADAPTER-20260628_151156.md	DEV-010B-BOT-ENG001-ADAPTER-20260628_151156.md	45	700f66091a484e0e70e6e72c6432e85577ebbf94eb1423ed7b89bb08ca19b539	VALIDATION_PASS=REDACTED	Candidate evidence only; manual verification required.
EVD-eb438f65e8ac	SERVICE_DISCOVERY	DOCUMENTATION_ONLY	backend/architecture/reports/DEV-010B-BOT-ENG001-ADAPTER-20260628_151156.md	DEV-010B-BOT-ENG001-ADAPTER-20260628_151156.md	46	700f66091a484e0e70e6e72c6432e85577ebbf94eb1423ed7b89bb08ca19b539	VALIDATING=/home/nawaf511/empire-core-new/backend/services/completed_decision	Candidate evidence only; manual verification required.
EVD-b7ea200897a1	SERVICE_DISCOVERY	DOCUMENTATION_ONLY	backend/architecture/reports/DEV-010C-BOT-ADAPTER-SMOKE-20260628_151156.md	DEV-010C-BOT-ADAPTER-SMOKE-20260628_151156.md	4	717dce3998cc88cfcce678e42c6faaba850d1486f2aa45f7a6d9a3c25600ca4c	HEAD=92ca71a feat(DEV-010B): migrate bot execution service to ENG-001 adapter	Candidate evidence only; manual verification required.
EVD-f7de54bae335	SERVICE_DISCOVERY	DOCUMENTATION_ONLY	backend/architecture/reports/DEV-010C-BOT-ADAPTER-SMOKE-20260628_151156.md	DEV-010C-BOT-ADAPTER-SMOKE-20260628_151156.md	17	717dce3998cc88cfcce678e42c6faaba850d1486f2aa45f7a6d9a3c25600ca4c	REQUIRED_PATH_PASS=REDACTED	Candidate evidence only; manual verification required.
EVD-71b7c14295db	SERVICE_DISCOVERY	DOCUMENTATION_ONLY	backend/architecture/reports/DEV-010C-BOT-ADAPTER-SMOKE-20260628_151156.md	DEV-010C-BOT-ADAPTER-SMOKE-20260628_151156.md	21	717dce3998cc88cfcce678e42c6faaba850d1486f2aa45f7a6d9a3c25600ca4c	SERVICE_REGISTRY_PATH_PASS=REDACTED	Candidate evidence only; manual verification required.
EVD-ee896bfe4a2a	SERVICE_DISCOVERY	DOCUMENTATION_ONLY	backend/architecture/reports/DEV-010C-BOT-ADAPTER-SMOKE-20260628_151156.md	DEV-010C-BOT-ADAPTER-SMOKE-20260628_151156.md	22	717dce3998cc88cfcce678e42c6faaba850d1486f2aa45f7a6d9a3c25600ca4c	SERVICE_REGISTRY_AUTHORITY=NDSP_DOCTOR	Candidate evidence only; manual verification required.
EVD-04fe7922d144	SERVICE_DISCOVERY	DOCUMENTATION_ONLY	backend/architecture/reports/DEV-010C-BOT-ADAPTER-SMOKE-20260628_151156.md	DEV-010C-BOT-ADAPTER-SMOKE-20260628_151156.md	27	717dce3998cc88cfcce678e42c6faaba850d1486f2aa45f7a6d9a3c25600ca4c	SERVICES_DIR=OK	Candidate evidence only; manual verification required.
EVD-967abd5679db	SERVICE_DISCOVERY	DOCUMENTATION_ONLY	backend/architecture/reports/DEV-010C-BOT-ADAPTER-SMOKE-20260628_151156.md	DEV-010C-BOT-ADAPTER-SMOKE-20260628_151156.md	28	717dce3998cc88cfcce678e42c6faaba850d1486f2aa45f7a6d9a3c25600ca4c	SERVICE_REGISTRY=OK	Candidate evidence only; manual verification required.
EVD-ebfd88728d47	SERVICE_DISCOVERY	DOCUMENTATION_ONLY	backend/architecture/reports/DEV-010C-BOT-ADAPTER-SMOKE-20260628_151156.md	DEV-010C-BOT-ADAPTER-SMOKE-20260628_151156.md	29	717dce3998cc88cfcce678e42c6faaba850d1486f2aa45f7a6d9a3c25600ca4c	== SERVICE COUNT ==	Candidate evidence only; manual verification required.
EVD-613ae61bf2a7	SERVICE_DISCOVERY	DOCUMENTATION_ONLY	backend/architecture/reports/DEV-010C-BOT-ADAPTER-SMOKE-20260628_151156.md	DEV-010C-BOT-ADAPTER-SMOKE-20260628_151156.md	31	717dce3998cc88cfcce678e42c6faaba850d1486f2aa45f7a6d9a3c25600ca4c	== SERVICE IDS ==	Candidate evidence only; manual verification required.
EVD-c6eb92f39d17	SERVICE_DISCOVERY	DOCUMENTATION_ONLY	backend/architecture/reports/DEV-010C-BOT-ADAPTER-SMOKE-20260628_151156.md	DEV-010C-BOT-ADAPTER-SMOKE-20260628_151156.md	32	717dce3998cc88cfcce678e42c6faaba850d1486f2aa45f7a6d9a3c25600ca4c	CTL-001 port=9081 file=/home/nawaf511/empire-core-new/backend/services/ctl-001-workspace-identity/service.yaml	Candidate evidence only; manual verification required.
EVD-f5989ac2c3ac	SERVICE_DISCOVERY	DOCUMENTATION_ONLY	backend/architecture/reports/DEV-010C-BOT-ADAPTER-SMOKE-20260628_151156.md	DEV-010C-BOT-ADAPTER-SMOKE-20260628_151156.md	33	717dce3998cc88cfcce678e42c6faaba850d1486f2aa45f7a6d9a3c25600ca4c	CDS-001 port=9078 file=/home/nawaf511/empire-core-new/backend/services/completed_decision/service.yaml	Candidate evidence only; manual verification required.
EVD-69835e9b4bda	SERVICE_DISCOVERY	DOCUMENTATION_ONLY	backend/architecture/reports/DEV-010C-BOT-ADAPTER-SMOKE-20260628_151156.md	DEV-010C-BOT-ADAPTER-SMOKE-20260628_151156.md	34	717dce3998cc88cfcce678e42c6faaba850d1486f2aa45f7a6d9a3c25600ca4c	DGC-001 port=9079 file=/home/nawaf511/empire-core-new/backend/services/decision_governance_core/service.yaml	Candidate evidence only; manual verification required.
EVD-c5d6d772e9ec	SERVICE_DISCOVERY	DOCUMENTATION_ONLY	backend/architecture/reports/DEV-010C-BOT-ADAPTER-SMOKE-20260628_151156.md	DEV-010C-BOT-ADAPTER-SMOKE-20260628_151156.md	35	717dce3998cc88cfcce678e42c6faaba850d1486f2aa45f7a6d9a3c25600ca4c	BOT-001 port=9080 file=/home/nawaf511/empire-core-new/backend/services/bot_execution/service.yaml	Candidate evidence only; manual verification required.
EVD-498b5f42ec60	SERVICE_DISCOVERY	DOCUMENTATION_ONLY	backend/architecture/reports/DEV-010C-BOT-ADAPTER-SMOKE-20260628_151156.md	DEV-010C-BOT-ADAPTER-SMOKE-20260628_151156.md	36	717dce3998cc88cfcce678e42c6faaba850d1486f2aa45f7a6d9a3c25600ca4c	== DUPLICATE SERVICE IDS ==	Candidate evidence only; manual verification required.
EVD-a4374b6775fa	SERVICE_DISCOVERY	DOCUMENTATION_ONLY	backend/architecture/reports/DEV-010C-BOT-ADAPTER-SMOKE-20260628_151156.md	DEV-010C-BOT-ADAPTER-SMOKE-20260628_151156.md	40	717dce3998cc88cfcce678e42c6faaba850d1486f2aa45f7a6d9a3c25600ca4c	VALIDATING=/home/nawaf511/empire-core-new/backend/services/bot_execution	Candidate evidence only; manual verification required.
EVD-7791b724c5d9	SERVICE_DISCOVERY	DOCUMENTATION_ONLY	backend/architecture/reports/DEV-010C-BOT-ADAPTER-SMOKE-20260628_151156.md	DEV-010C-BOT-ADAPTER-SMOKE-20260628_151156.md	41	717dce3998cc88cfcce678e42c6faaba850d1486f2aa45f7a6d9a3c25600ca4c	VALIDATION_PASS=REDACTED	Candidate evidence only; manual verification required.
EVD-b1063c8145fd	SERVICE_DISCOVERY	DOCUMENTATION_ONLY	backend/architecture/reports/DEV-010C-BOT-ADAPTER-SMOKE-20260628_151156.md	DEV-010C-BOT-ADAPTER-SMOKE-20260628_151156.md	42	717dce3998cc88cfcce678e42c6faaba850d1486f2aa45f7a6d9a3c25600ca4c	VALIDATING=/home/nawaf511/empire-core-new/backend/services/completed_decision	Candidate evidence only; manual verification required.
EVD-e7dd041ef100	SERVICE_DISCOVERY	DOCUMENTATION_ONLY	backend/architecture/reports/DEV-010C-BOT-ADAPTER-SMOKE-20260628_151156.md	DEV-010C-BOT-ADAPTER-SMOKE-20260628_151156.md	43	717dce3998cc88cfcce678e42c6faaba850d1486f2aa45f7a6d9a3c25600ca4c	VALIDATION_PASS=REDACTED	Candidate evidence only; manual verification required.
EVD-64ed0002843d	SERVICE_DISCOVERY	DOCUMENTATION_ONLY	backend/architecture/reports/DEV-010C-BOT-ADAPTER-SMOKE-20260628_151156.md	DEV-010C-BOT-ADAPTER-SMOKE-20260628_151156.md	44	717dce3998cc88cfcce678e42c6faaba850d1486f2aa45f7a6d9a3c25600ca4c	VALIDATING=/home/nawaf511/empire-core-new/backend/services/ctl-001-workspace-identity	Candidate evidence only; manual verification required.
EVD-bb97282c0736	SERVICE_DISCOVERY	DOCUMENTATION_ONLY	backend/architecture/reports/DEV-010C-BOT-ADAPTER-SMOKE-20260628_151156.md	DEV-010C-BOT-ADAPTER-SMOKE-20260628_151156.md	45	717dce3998cc88cfcce678e42c6faaba850d1486f2aa45f7a6d9a3c25600ca4c	VALIDATION_PASS=REDACTED	Candidate evidence only; manual verification required.
EVD-5004290c365f	SERVICE_DISCOVERY	DOCUMENTATION_ONLY	backend/architecture/reports/DEV-010C-BOT-ADAPTER-SMOKE-20260628_151156.md	DEV-010C-BOT-ADAPTER-SMOKE-20260628_151156.md	46	717dce3998cc88cfcce678e42c6faaba850d1486f2aa45f7a6d9a3c25600ca4c	VALIDATING=/home/nawaf511/empire-core-new/backend/services/decision_governance_core	Candidate evidence only; manual verification required.
EVD-34ae58d0f3ed	SERVICE_DISCOVERY	DOCUMENTATION_ONLY	backend/architecture/reports/DEV-010D-BOT-DEPENDENCY-CHECK-20260628_151156.md	DEV-010D-BOT-DEPENDENCY-CHECK-20260628_151156.md	17	19083b13d23858b085dcdccb1ae18f0148cbb3be72fe5bd1a05e94f62ba37706	REQUIRED_PATH_PASS=REDACTED	Candidate evidence only; manual verification required.
EVD-ca1c2048342c	SERVICE_DISCOVERY	DOCUMENTATION_ONLY	backend/architecture/reports/DEV-010D-BOT-DEPENDENCY-CHECK-20260628_151156.md	DEV-010D-BOT-DEPENDENCY-CHECK-20260628_151156.md	21	19083b13d23858b085dcdccb1ae18f0148cbb3be72fe5bd1a05e94f62ba37706	SERVICE_REGISTRY_PATH_PASS=REDACTED	Candidate evidence only; manual verification required.
EVD-c732cf928605	SERVICE_DISCOVERY	DOCUMENTATION_ONLY	backend/architecture/reports/DEV-010D-BOT-DEPENDENCY-CHECK-20260628_151156.md	DEV-010D-BOT-DEPENDENCY-CHECK-20260628_151156.md	22	19083b13d23858b085dcdccb1ae18f0148cbb3be72fe5bd1a05e94f62ba37706	SERVICE_REGISTRY_AUTHORITY=NDSP_DOCTOR	Candidate evidence only; manual verification required.
EVD-7e16df85d457	SERVICE_DISCOVERY	DOCUMENTATION_ONLY	backend/architecture/reports/DEV-010D-BOT-DEPENDENCY-CHECK-20260628_151156.md	DEV-010D-BOT-DEPENDENCY-CHECK-20260628_151156.md	27	19083b13d23858b085dcdccb1ae18f0148cbb3be72fe5bd1a05e94f62ba37706	SERVICES_DIR=OK	Candidate evidence only; manual verification required.
EVD-128b82ba5cf0	SERVICE_DISCOVERY	DOCUMENTATION_ONLY	backend/architecture/reports/DEV-010D-BOT-DEPENDENCY-CHECK-20260628_151156.md	DEV-010D-BOT-DEPENDENCY-CHECK-20260628_151156.md	28	19083b13d23858b085dcdccb1ae18f0148cbb3be72fe5bd1a05e94f62ba37706	SERVICE_REGISTRY=OK	Candidate evidence only; manual verification required.
EVD-2932a9296774	SERVICE_DISCOVERY	DOCUMENTATION_ONLY	backend/architecture/reports/DEV-010D-BOT-DEPENDENCY-CHECK-20260628_151156.md	DEV-010D-BOT-DEPENDENCY-CHECK-20260628_151156.md	29	19083b13d23858b085dcdccb1ae18f0148cbb3be72fe5bd1a05e94f62ba37706	== SERVICE COUNT ==	Candidate evidence only; manual verification required.
EVD-f4df9584f92f	SERVICE_DISCOVERY	DOCUMENTATION_ONLY	backend/architecture/reports/DEV-010D-BOT-DEPENDENCY-CHECK-20260628_151156.md	DEV-010D-BOT-DEPENDENCY-CHECK-20260628_151156.md	31	19083b13d23858b085dcdccb1ae18f0148cbb3be72fe5bd1a05e94f62ba37706	== SERVICE IDS ==	Candidate evidence only; manual verification required.
EVD-21f37366b25f	SERVICE_DISCOVERY	DOCUMENTATION_ONLY	backend/architecture/reports/DEV-010D-BOT-DEPENDENCY-CHECK-20260628_151156.md	DEV-010D-BOT-DEPENDENCY-CHECK-20260628_151156.md	32	19083b13d23858b085dcdccb1ae18f0148cbb3be72fe5bd1a05e94f62ba37706	CTL-001 port=9081 file=/home/nawaf511/empire-core-new/backend/services/ctl-001-workspace-identity/service.yaml	Candidate evidence only; manual verification required.
EVD-3a579997a80b	SERVICE_DISCOVERY	DOCUMENTATION_ONLY	backend/architecture/reports/DEV-010D-BOT-DEPENDENCY-CHECK-20260628_151156.md	DEV-010D-BOT-DEPENDENCY-CHECK-20260628_151156.md	33	19083b13d23858b085dcdccb1ae18f0148cbb3be72fe5bd1a05e94f62ba37706	CDS-001 port=9078 file=/home/nawaf511/empire-core-new/backend/services/completed_decision/service.yaml	Candidate evidence only; manual verification required.
EVD-78ecdba46234	SERVICE_DISCOVERY	DOCUMENTATION_ONLY	backend/architecture/reports/DEV-010D-BOT-DEPENDENCY-CHECK-20260628_151156.md	DEV-010D-BOT-DEPENDENCY-CHECK-20260628_151156.md	34	19083b13d23858b085dcdccb1ae18f0148cbb3be72fe5bd1a05e94f62ba37706	DGC-001 port=9079 file=/home/nawaf511/empire-core-new/backend/services/decision_governance_core/service.yaml	Candidate evidence only; manual verification required.
EVD-09e18bb2a4dc	SERVICE_DISCOVERY	DOCUMENTATION_ONLY	backend/architecture/reports/DEV-010D-BOT-DEPENDENCY-CHECK-20260628_151156.md	DEV-010D-BOT-DEPENDENCY-CHECK-20260628_151156.md	35	19083b13d23858b085dcdccb1ae18f0148cbb3be72fe5bd1a05e94f62ba37706	BOT-001 port=9080 file=/home/nawaf511/empire-core-new/backend/services/bot_execution/service.yaml	Candidate evidence only; manual verification required.
EVD-26c2c59b0df2	SERVICE_DISCOVERY	DOCUMENTATION_ONLY	backend/architecture/reports/DEV-010D-BOT-DEPENDENCY-CHECK-20260628_151156.md	DEV-010D-BOT-DEPENDENCY-CHECK-20260628_151156.md	36	19083b13d23858b085dcdccb1ae18f0148cbb3be72fe5bd1a05e94f62ba37706	== DUPLICATE SERVICE IDS ==	Candidate evidence only; manual verification required.
EVD-1697bc615d88	SERVICE_DISCOVERY	DOCUMENTATION_ONLY	backend/architecture/reports/DEV-010D-BOT-DEPENDENCY-CHECK-20260628_151156.md	DEV-010D-BOT-DEPENDENCY-CHECK-20260628_151156.md	40	19083b13d23858b085dcdccb1ae18f0148cbb3be72fe5bd1a05e94f62ba37706	VALIDATING=/home/nawaf511/empire-core-new/backend/services/bot_execution	Candidate evidence only; manual verification required.
EVD-62c838f318f9	SERVICE_DISCOVERY	DOCUMENTATION_ONLY	backend/architecture/reports/DEV-010D-BOT-DEPENDENCY-CHECK-20260628_151156.md	DEV-010D-BOT-DEPENDENCY-CHECK-20260628_151156.md	41	19083b13d23858b085dcdccb1ae18f0148cbb3be72fe5bd1a05e94f62ba37706	VALIDATION_PASS=REDACTED	Candidate evidence only; manual verification required.
EVD-b59937a8043c	SERVICE_DISCOVERY	DOCUMENTATION_ONLY	backend/architecture/reports/DEV-010D-BOT-DEPENDENCY-CHECK-20260628_151156.md	DEV-010D-BOT-DEPENDENCY-CHECK-20260628_151156.md	42	19083b13d23858b085dcdccb1ae18f0148cbb3be72fe5bd1a05e94f62ba37706	VALIDATING=/home/nawaf511/empire-core-new/backend/services/completed_decision	Candidate evidence only; manual verification required.
EVD-224baaf4ba2f	SERVICE_DISCOVERY	DOCUMENTATION_ONLY	backend/architecture/reports/DEV-010D-BOT-DEPENDENCY-CHECK-20260628_151156.md	DEV-010D-BOT-DEPENDENCY-CHECK-20260628_151156.md	43	19083b13d23858b085dcdccb1ae18f0148cbb3be72fe5bd1a05e94f62ba37706	VALIDATION_PASS=REDACTED	Candidate evidence only; manual verification required.
EVD-2432e9b8929a	SERVICE_DISCOVERY	DOCUMENTATION_ONLY	backend/architecture/reports/DEV-010D-BOT-DEPENDENCY-CHECK-20260628_151156.md	DEV-010D-BOT-DEPENDENCY-CHECK-20260628_151156.md	44	19083b13d23858b085dcdccb1ae18f0148cbb3be72fe5bd1a05e94f62ba37706	VALIDATING=/home/nawaf511/empire-core-new/backend/services/ctl-001-workspace-identity	Candidate evidence only; manual verification required.
EVD-bb4f812e8f7e	SERVICE_DISCOVERY	DOCUMENTATION_ONLY	backend/architecture/reports/DEV-010D-BOT-DEPENDENCY-CHECK-20260628_151156.md	DEV-010D-BOT-DEPENDENCY-CHECK-20260628_151156.md	45	19083b13d23858b085dcdccb1ae18f0148cbb3be72fe5bd1a05e94f62ba37706	VALIDATION_PASS=REDACTED	Candidate evidence only; manual verification required.
EVD-5a061e4edc61	SERVICE_DISCOVERY	DOCUMENTATION_ONLY	backend/architecture/reports/DEV-010D-BOT-DEPENDENCY-CHECK-20260628_151156.md	DEV-010D-BOT-DEPENDENCY-CHECK-20260628_151156.md	46	19083b13d23858b085dcdccb1ae18f0148cbb3be72fe5bd1a05e94f62ba37706	VALIDATING=/home/nawaf511/empire-core-new/backend/services/decision_governance_core	Candidate evidence only; manual verification required.
EVD-5edbabbad2a6	SERVICE_DISCOVERY	DOCUMENTATION_ONLY	backend/architecture/reports/DEV-010D-BOT-DEPENDENCY-CHECK-20260628_151156.md	DEV-010D-BOT-DEPENDENCY-CHECK-20260628_151156.md	47	19083b13d23858b085dcdccb1ae18f0148cbb3be72fe5bd1a05e94f62ba37706	VALIDATION_PASS=REDACTED	Candidate evidence only; manual verification required.
EVD-ee9a3b9c8cc8	SERVICE_DISCOVERY	DOCUMENTATION_ONLY	backend/architecture/reports/DEV-010E-BOT-SAFE-RUNTIME-SMOKE-20260628_151156.md	DEV-010E-BOT-SAFE-RUNTIME-SMOKE-20260628_151156.md	17	6448188523d6aa32061d6ae5fedb9d173f734d9049890050bdf38ffbb9dd4e52	REQUIRED_PATH_PASS=REDACTED	Candidate evidence only; manual verification required.
EVD-a511904ee07f	SERVICE_DISCOVERY	DOCUMENTATION_ONLY	backend/architecture/reports/DEV-010E-BOT-SAFE-RUNTIME-SMOKE-20260628_151156.md	DEV-010E-BOT-SAFE-RUNTIME-SMOKE-20260628_151156.md	21	6448188523d6aa32061d6ae5fedb9d173f734d9049890050bdf38ffbb9dd4e52	SERVICE_REGISTRY_PATH_PASS=REDACTED	Candidate evidence only; manual verification required.
EVD-1a5384b5d28c	SERVICE_DISCOVERY	DOCUMENTATION_ONLY	backend/architecture/reports/DEV-010E-BOT-SAFE-RUNTIME-SMOKE-20260628_151156.md	DEV-010E-BOT-SAFE-RUNTIME-SMOKE-20260628_151156.md	22	6448188523d6aa32061d6ae5fedb9d173f734d9049890050bdf38ffbb9dd4e52	SERVICE_REGISTRY_AUTHORITY=NDSP_DOCTOR	Candidate evidence only; manual verification required.
EVD-86ffc323112a	SERVICE_DISCOVERY	DOCUMENTATION_ONLY	backend/architecture/reports/DEV-010E-BOT-SAFE-RUNTIME-SMOKE-20260628_151156.md	DEV-010E-BOT-SAFE-RUNTIME-SMOKE-20260628_151156.md	27	6448188523d6aa32061d6ae5fedb9d173f734d9049890050bdf38ffbb9dd4e52	SERVICES_DIR=OK	Candidate evidence only; manual verification required.
EVD-196a810e3c2b	SERVICE_DISCOVERY	DOCUMENTATION_ONLY	backend/architecture/reports/DEV-010E-BOT-SAFE-RUNTIME-SMOKE-20260628_151156.md	DEV-010E-BOT-SAFE-RUNTIME-SMOKE-20260628_151156.md	28	6448188523d6aa32061d6ae5fedb9d173f734d9049890050bdf38ffbb9dd4e52	SERVICE_REGISTRY=OK	Candidate evidence only; manual verification required.
EVD-eaa14e729441	SERVICE_DISCOVERY	DOCUMENTATION_ONLY	backend/architecture/reports/DEV-010E-BOT-SAFE-RUNTIME-SMOKE-20260628_151156.md	DEV-010E-BOT-SAFE-RUNTIME-SMOKE-20260628_151156.md	29	6448188523d6aa32061d6ae5fedb9d173f734d9049890050bdf38ffbb9dd4e52	== SERVICE COUNT ==	Candidate evidence only; manual verification required.
EVD-8964ecebb9a3	SERVICE_DISCOVERY	DOCUMENTATION_ONLY	backend/architecture/reports/DEV-010E-BOT-SAFE-RUNTIME-SMOKE-20260628_151156.md	DEV-010E-BOT-SAFE-RUNTIME-SMOKE-20260628_151156.md	31	6448188523d6aa32061d6ae5fedb9d173f734d9049890050bdf38ffbb9dd4e52	== SERVICE IDS ==	Candidate evidence only; manual verification required.
EVD-e44d1abd48ea	SERVICE_DISCOVERY	DOCUMENTATION_ONLY	backend/architecture/reports/DEV-010E-BOT-SAFE-RUNTIME-SMOKE-20260628_151156.md	DEV-010E-BOT-SAFE-RUNTIME-SMOKE-20260628_151156.md	32	6448188523d6aa32061d6ae5fedb9d173f734d9049890050bdf38ffbb9dd4e52	CTL-001 port=9081 file=/home/nawaf511/empire-core-new/backend/services/ctl-001-workspace-identity/service.yaml	Candidate evidence only; manual verification required.
EVD-c5b4da31b74d	SERVICE_DISCOVERY	DOCUMENTATION_ONLY	backend/architecture/reports/DEV-010E-BOT-SAFE-RUNTIME-SMOKE-20260628_151156.md	DEV-010E-BOT-SAFE-RUNTIME-SMOKE-20260628_151156.md	33	6448188523d6aa32061d6ae5fedb9d173f734d9049890050bdf38ffbb9dd4e52	CDS-001 port=9078 file=/home/nawaf511/empire-core-new/backend/services/completed_decision/service.yaml	Candidate evidence only; manual verification required.
EVD-634b12a8269b	SERVICE_DISCOVERY	DOCUMENTATION_ONLY	backend/architecture/reports/DEV-010E-BOT-SAFE-RUNTIME-SMOKE-20260628_151156.md	DEV-010E-BOT-SAFE-RUNTIME-SMOKE-20260628_151156.md	34	6448188523d6aa32061d6ae5fedb9d173f734d9049890050bdf38ffbb9dd4e52	DGC-001 port=9079 file=/home/nawaf511/empire-core-new/backend/services/decision_governance_core/service.yaml	Candidate evidence only; manual verification required.
EVD-29d31b219884	SERVICE_DISCOVERY	DOCUMENTATION_ONLY	backend/architecture/reports/DEV-010E-BOT-SAFE-RUNTIME-SMOKE-20260628_151156.md	DEV-010E-BOT-SAFE-RUNTIME-SMOKE-20260628_151156.md	35	6448188523d6aa32061d6ae5fedb9d173f734d9049890050bdf38ffbb9dd4e52	BOT-001 port=9080 file=/home/nawaf511/empire-core-new/backend/services/bot_execution/service.yaml	Candidate evidence only; manual verification required.
EVD-2cff75cf67a5	SERVICE_DISCOVERY	DOCUMENTATION_ONLY	backend/architecture/reports/DEV-010E-BOT-SAFE-RUNTIME-SMOKE-20260628_151156.md	DEV-010E-BOT-SAFE-RUNTIME-SMOKE-20260628_151156.md	36	6448188523d6aa32061d6ae5fedb9d173f734d9049890050bdf38ffbb9dd4e52	== DUPLICATE SERVICE IDS ==	Candidate evidence only; manual verification required.
EVD-ea47e59078f9	SERVICE_DISCOVERY	DOCUMENTATION_ONLY	backend/architecture/reports/DEV-010E-BOT-SAFE-RUNTIME-SMOKE-20260628_151156.md	DEV-010E-BOT-SAFE-RUNTIME-SMOKE-20260628_151156.md	40	6448188523d6aa32061d6ae5fedb9d173f734d9049890050bdf38ffbb9dd4e52	VALIDATING=/home/nawaf511/empire-core-new/backend/services/bot_execution	Candidate evidence only; manual verification required.
EVD-a6d3c1ec55da	SERVICE_DISCOVERY	DOCUMENTATION_ONLY	backend/architecture/reports/DEV-010E-BOT-SAFE-RUNTIME-SMOKE-20260628_151156.md	DEV-010E-BOT-SAFE-RUNTIME-SMOKE-20260628_151156.md	41	6448188523d6aa32061d6ae5fedb9d173f734d9049890050bdf38ffbb9dd4e52	VALIDATION_PASS=REDACTED	Candidate evidence only; manual verification required.
EVD-9523461d696f	SERVICE_DISCOVERY	DOCUMENTATION_ONLY	backend/architecture/reports/DEV-010E-BOT-SAFE-RUNTIME-SMOKE-20260628_151156.md	DEV-010E-BOT-SAFE-RUNTIME-SMOKE-20260628_151156.md	42	6448188523d6aa32061d6ae5fedb9d173f734d9049890050bdf38ffbb9dd4e52	VALIDATING=/home/nawaf511/empire-core-new/backend/services/completed_decision	Candidate evidence only; manual verification required.
EVD-4fb31bc985c7	SERVICE_DISCOVERY	DOCUMENTATION_ONLY	backend/architecture/reports/DEV-010E-BOT-SAFE-RUNTIME-SMOKE-20260628_151156.md	DEV-010E-BOT-SAFE-RUNTIME-SMOKE-20260628_151156.md	43	6448188523d6aa32061d6ae5fedb9d173f734d9049890050bdf38ffbb9dd4e52	VALIDATION_PASS=REDACTED	Candidate evidence only; manual verification required.
EVD-d1d9eedd8dbb	SERVICE_DISCOVERY	DOCUMENTATION_ONLY	backend/architecture/reports/DEV-010E-BOT-SAFE-RUNTIME-SMOKE-20260628_151156.md	DEV-010E-BOT-SAFE-RUNTIME-SMOKE-20260628_151156.md	44	6448188523d6aa32061d6ae5fedb9d173f734d9049890050bdf38ffbb9dd4e52	VALIDATING=/home/nawaf511/empire-core-new/backend/services/ctl-001-workspace-identity	Candidate evidence only; manual verification required.
EVD-2f59e19c60e8	SERVICE_DISCOVERY	DOCUMENTATION_ONLY	backend/architecture/reports/DEV-010E-BOT-SAFE-RUNTIME-SMOKE-20260628_151156.md	DEV-010E-BOT-SAFE-RUNTIME-SMOKE-20260628_151156.md	45	6448188523d6aa32061d6ae5fedb9d173f734d9049890050bdf38ffbb9dd4e52	VALIDATION_PASS=REDACTED	Candidate evidence only; manual verification required.
EVD-2bf1cf5c3b75	SERVICE_DISCOVERY	DOCUMENTATION_ONLY	backend/architecture/reports/DEV-010E-BOT-SAFE-RUNTIME-SMOKE-20260628_151156.md	DEV-010E-BOT-SAFE-RUNTIME-SMOKE-20260628_151156.md	46	6448188523d6aa32061d6ae5fedb9d173f734d9049890050bdf38ffbb9dd4e52	VALIDATING=/home/nawaf511/empire-core-new/backend/services/decision_governance_core	Candidate evidence only; manual verification required.
EVD-c4a95e2aa1a7	SERVICE_DISCOVERY	DOCUMENTATION_ONLY	backend/architecture/reports/DEV-010E-BOT-SAFE-RUNTIME-SMOKE-20260628_151156.md	DEV-010E-BOT-SAFE-RUNTIME-SMOKE-20260628_151156.md	47	6448188523d6aa32061d6ae5fedb9d173f734d9049890050bdf38ffbb9dd4e52	VALIDATION_PASS=REDACTED	Candidate evidence only; manual verification required.
EVD-51e962eed615	SERVICE_DISCOVERY	DOCUMENTATION_ONLY	backend/architecture/reports/DEV-010F-BOT-MIGRATION-CLOSURE-20260628_151156.md	DEV-010F-BOT-MIGRATION-CLOSURE-20260628_151156.md	8	6aecbc1af6fcdb0403b943ec17a7fa65437dd64295e7153f99c9fbe23ab56843	?? backend/services/bot_execution/MIGRATION_STATUS.md	Candidate evidence only; manual verification required.
EVD-96a0ee80bef2	SERVICE_DISCOVERY	DOCUMENTATION_ONLY	backend/architecture/reports/DEV-010F-BOT-MIGRATION-CLOSURE-20260628_151156.md	DEV-010F-BOT-MIGRATION-CLOSURE-20260628_151156.md	18	6aecbc1af6fcdb0403b943ec17a7fa65437dd64295e7153f99c9fbe23ab56843	REQUIRED_PATH_PASS=REDACTED	Candidate evidence only; manual verification required.
EVD-1b22875c6da7	SERVICE_DISCOVERY	DOCUMENTATION_ONLY	backend/architecture/reports/DEV-010F-BOT-MIGRATION-CLOSURE-20260628_151156.md	DEV-010F-BOT-MIGRATION-CLOSURE-20260628_151156.md	22	6aecbc1af6fcdb0403b943ec17a7fa65437dd64295e7153f99c9fbe23ab56843	SERVICE_REGISTRY_PATH_PASS=REDACTED	Candidate evidence only; manual verification required.
EVD-411e684493dc	SERVICE_DISCOVERY	DOCUMENTATION_ONLY	backend/architecture/reports/DEV-010F-BOT-MIGRATION-CLOSURE-20260628_151156.md	DEV-010F-BOT-MIGRATION-CLOSURE-20260628_151156.md	23	6aecbc1af6fcdb0403b943ec17a7fa65437dd64295e7153f99c9fbe23ab56843	SERVICE_REGISTRY_AUTHORITY=NDSP_DOCTOR	Candidate evidence only; manual verification required.
EVD-6c860c5a6ce1	SERVICE_DISCOVERY	DOCUMENTATION_ONLY	backend/architecture/reports/DEV-010F-BOT-MIGRATION-CLOSURE-20260628_151156.md	DEV-010F-BOT-MIGRATION-CLOSURE-20260628_151156.md	28	6aecbc1af6fcdb0403b943ec17a7fa65437dd64295e7153f99c9fbe23ab56843	SERVICES_DIR=OK	Candidate evidence only; manual verification required.
EVD-123594f37568	SERVICE_DISCOVERY	DOCUMENTATION_ONLY	backend/architecture/reports/DEV-010F-BOT-MIGRATION-CLOSURE-20260628_151156.md	DEV-010F-BOT-MIGRATION-CLOSURE-20260628_151156.md	29	6aecbc1af6fcdb0403b943ec17a7fa65437dd64295e7153f99c9fbe23ab56843	SERVICE_REGISTRY=OK	Candidate evidence only; manual verification required.
EVD-49fd08c5bb6f	SERVICE_DISCOVERY	DOCUMENTATION_ONLY	backend/architecture/reports/DEV-010F-BOT-MIGRATION-CLOSURE-20260628_151156.md	DEV-010F-BOT-MIGRATION-CLOSURE-20260628_151156.md	30	6aecbc1af6fcdb0403b943ec17a7fa65437dd64295e7153f99c9fbe23ab56843	== SERVICE COUNT ==	Candidate evidence only; manual verification required.
EVD-15842a577f0a	SERVICE_DISCOVERY	DOCUMENTATION_ONLY	backend/architecture/reports/DEV-010F-BOT-MIGRATION-CLOSURE-20260628_151156.md	DEV-010F-BOT-MIGRATION-CLOSURE-20260628_151156.md	32	6aecbc1af6fcdb0403b943ec17a7fa65437dd64295e7153f99c9fbe23ab56843	== SERVICE IDS ==	Candidate evidence only; manual verification required.
EVD-c869d9b706a7	SERVICE_DISCOVERY	DOCUMENTATION_ONLY	backend/architecture/reports/DEV-010F-BOT-MIGRATION-CLOSURE-20260628_151156.md	DEV-010F-BOT-MIGRATION-CLOSURE-20260628_151156.md	33	6aecbc1af6fcdb0403b943ec17a7fa65437dd64295e7153f99c9fbe23ab56843	CTL-001 port=9081 file=/home/nawaf511/empire-core-new/backend/services/ctl-001-workspace-identity/service.yaml	Candidate evidence only; manual verification required.
EVD-c174d03fded2	SERVICE_DISCOVERY	DOCUMENTATION_ONLY	backend/architecture/reports/DEV-010F-BOT-MIGRATION-CLOSURE-20260628_151156.md	DEV-010F-BOT-MIGRATION-CLOSURE-20260628_151156.md	34	6aecbc1af6fcdb0403b943ec17a7fa65437dd64295e7153f99c9fbe23ab56843	CDS-001 port=9078 file=/home/nawaf511/empire-core-new/backend/services/completed_decision/service.yaml	Candidate evidence only; manual verification required.
EVD-0c093f0edb3c	SERVICE_DISCOVERY	DOCUMENTATION_ONLY	backend/architecture/reports/DEV-010F-BOT-MIGRATION-CLOSURE-20260628_151156.md	DEV-010F-BOT-MIGRATION-CLOSURE-20260628_151156.md	35	6aecbc1af6fcdb0403b943ec17a7fa65437dd64295e7153f99c9fbe23ab56843	DGC-001 port=9079 file=/home/nawaf511/empire-core-new/backend/services/decision_governance_core/service.yaml	Candidate evidence only; manual verification required.
EVD-2ecfecf4ecdb	SERVICE_DISCOVERY	DOCUMENTATION_ONLY	backend/architecture/reports/DEV-010F-BOT-MIGRATION-CLOSURE-20260628_151156.md	DEV-010F-BOT-MIGRATION-CLOSURE-20260628_151156.md	36	6aecbc1af6fcdb0403b943ec17a7fa65437dd64295e7153f99c9fbe23ab56843	BOT-001 port=9080 file=/home/nawaf511/empire-core-new/backend/services/bot_execution/service.yaml	Candidate evidence only; manual verification required.
EVD-daf2c91aa2bc	SERVICE_DISCOVERY	DOCUMENTATION_ONLY	backend/architecture/reports/DEV-010F-BOT-MIGRATION-CLOSURE-20260628_151156.md	DEV-010F-BOT-MIGRATION-CLOSURE-20260628_151156.md	37	6aecbc1af6fcdb0403b943ec17a7fa65437dd64295e7153f99c9fbe23ab56843	== DUPLICATE SERVICE IDS ==	Candidate evidence only; manual verification required.
EVD-c6e47a18a55f	SERVICE_DISCOVERY	DOCUMENTATION_ONLY	backend/architecture/reports/DEV-010F-BOT-MIGRATION-CLOSURE-20260628_151156.md	DEV-010F-BOT-MIGRATION-CLOSURE-20260628_151156.md	41	6aecbc1af6fcdb0403b943ec17a7fa65437dd64295e7153f99c9fbe23ab56843	VALIDATING=/home/nawaf511/empire-core-new/backend/services/bot_execution	Candidate evidence only; manual verification required.
EVD-ff0b7de96ac3	SERVICE_DISCOVERY	DOCUMENTATION_ONLY	backend/architecture/reports/DEV-010F-BOT-MIGRATION-CLOSURE-20260628_151156.md	DEV-010F-BOT-MIGRATION-CLOSURE-20260628_151156.md	42	6aecbc1af6fcdb0403b943ec17a7fa65437dd64295e7153f99c9fbe23ab56843	VALIDATION_PASS=REDACTED	Candidate evidence only; manual verification required.
EVD-bfe334b4fb02	SERVICE_DISCOVERY	DOCUMENTATION_ONLY	backend/architecture/reports/DEV-010F-BOT-MIGRATION-CLOSURE-20260628_151156.md	DEV-010F-BOT-MIGRATION-CLOSURE-20260628_151156.md	43	6aecbc1af6fcdb0403b943ec17a7fa65437dd64295e7153f99c9fbe23ab56843	VALIDATING=/home/nawaf511/empire-core-new/backend/services/completed_decision	Candidate evidence only; manual verification required.
EVD-dc99957be37a	SERVICE_DISCOVERY	DOCUMENTATION_ONLY	backend/architecture/reports/DEV-010F-BOT-MIGRATION-CLOSURE-20260628_151156.md	DEV-010F-BOT-MIGRATION-CLOSURE-20260628_151156.md	44	6aecbc1af6fcdb0403b943ec17a7fa65437dd64295e7153f99c9fbe23ab56843	VALIDATION_PASS=REDACTED	Candidate evidence only; manual verification required.
EVD-743a1a1c30ea	SERVICE_DISCOVERY	DOCUMENTATION_ONLY	backend/architecture/reports/DEV-010F-BOT-MIGRATION-CLOSURE-20260628_151156.md	DEV-010F-BOT-MIGRATION-CLOSURE-20260628_151156.md	45	6aecbc1af6fcdb0403b943ec17a7fa65437dd64295e7153f99c9fbe23ab56843	VALIDATING=/home/nawaf511/empire-core-new/backend/services/ctl-001-workspace-identity	Candidate evidence only; manual verification required.
EVD-820e74760871	SERVICE_DISCOVERY	DOCUMENTATION_ONLY	backend/architecture/reports/DEV-010F-BOT-MIGRATION-CLOSURE-20260628_151156.md	DEV-010F-BOT-MIGRATION-CLOSURE-20260628_151156.md	46	6aecbc1af6fcdb0403b943ec17a7fa65437dd64295e7153f99c9fbe23ab56843	VALIDATION_PASS=REDACTED	Candidate evidence only; manual verification required.
EVD-70f27c200dec	SERVICE_DISCOVERY	DOCUMENTATION_ONLY	backend/architecture/reports/DEV-010F-BOT-MIGRATION-CLOSURE-20260628_151156.md	DEV-010F-BOT-MIGRATION-CLOSURE-20260628_151156.md	47	6aecbc1af6fcdb0403b943ec17a7fa65437dd64295e7153f99c9fbe23ab56843	VALIDATING=/home/nawaf511/empire-core-new/backend/services/decision_governance_core	Candidate evidence only; manual verification required.
EVD-f281ab78e491	SERVICE_DISCOVERY	DOCUMENTATION_ONLY	backend/architecture/reports/DEV-011-NDSP-CORE-SERVICES-FINAL-CLOSURE-20260628_151602.md	DEV-011-NDSP-CORE-SERVICES-FINAL-CLOSURE-20260628_151602.md	7	fac323de6a3c0ebe5d1d101e35f417486b97faad662c28b52bc3c3fd4e49cb26	?? backend/architecture/reports/DEV-011-NDSP-CORE-SERVICES-FINAL-CLOSURE-20260628_151602.md	Candidate evidence only; manual verification required.
EVD-5ad03f8c3732	SERVICE_DISCOVERY	DOCUMENTATION_ONLY	backend/architecture/reports/DEV-011-NDSP-CORE-SERVICES-FINAL-CLOSURE-20260628_151602.md	DEV-011-NDSP-CORE-SERVICES-FINAL-CLOSURE-20260628_151602.md	17	fac323de6a3c0ebe5d1d101e35f417486b97faad662c28b52bc3c3fd4e49cb26	REQUIRED_PATH_PASS=REDACTED	Candidate evidence only; manual verification required.
EVD-d3d9d6d87e4b	SERVICE_DISCOVERY	DOCUMENTATION_ONLY	backend/architecture/reports/DEV-011-NDSP-CORE-SERVICES-FINAL-CLOSURE-20260628_151602.md	DEV-011-NDSP-CORE-SERVICES-FINAL-CLOSURE-20260628_151602.md	21	fac323de6a3c0ebe5d1d101e35f417486b97faad662c28b52bc3c3fd4e49cb26	SERVICE_REGISTRY_PATH_PASS=REDACTED	Candidate evidence only; manual verification required.
EVD-d03cd6b477fa	SERVICE_DISCOVERY	DOCUMENTATION_ONLY	backend/architecture/reports/DEV-011-NDSP-CORE-SERVICES-FINAL-CLOSURE-20260628_151602.md	DEV-011-NDSP-CORE-SERVICES-FINAL-CLOSURE-20260628_151602.md	22	fac323de6a3c0ebe5d1d101e35f417486b97faad662c28b52bc3c3fd4e49cb26	SERVICE_REGISTRY_AUTHORITY=NDSP_DOCTOR	Candidate evidence only; manual verification required.
EVD-6d69fe0a6742	SERVICE_DISCOVERY	DOCUMENTATION_ONLY	backend/architecture/reports/DEV-011-NDSP-CORE-SERVICES-FINAL-CLOSURE-20260628_151602.md	DEV-011-NDSP-CORE-SERVICES-FINAL-CLOSURE-20260628_151602.md	27	fac323de6a3c0ebe5d1d101e35f417486b97faad662c28b52bc3c3fd4e49cb26	SERVICES_DIR=OK	Candidate evidence only; manual verification required.
EVD-3808119969f7	SERVICE_DISCOVERY	DOCUMENTATION_ONLY	backend/architecture/reports/DEV-011-NDSP-CORE-SERVICES-FINAL-CLOSURE-20260628_151602.md	DEV-011-NDSP-CORE-SERVICES-FINAL-CLOSURE-20260628_151602.md	28	fac323de6a3c0ebe5d1d101e35f417486b97faad662c28b52bc3c3fd4e49cb26	SERVICE_REGISTRY=OK	Candidate evidence only; manual verification required.
EVD-53d2822cbace	SERVICE_DISCOVERY	DOCUMENTATION_ONLY	backend/architecture/reports/DEV-011-NDSP-CORE-SERVICES-FINAL-CLOSURE-20260628_151602.md	DEV-011-NDSP-CORE-SERVICES-FINAL-CLOSURE-20260628_151602.md	29	fac323de6a3c0ebe5d1d101e35f417486b97faad662c28b52bc3c3fd4e49cb26	== SERVICE COUNT ==	Candidate evidence only; manual verification required.
EVD-f729d41851d6	SERVICE_DISCOVERY	DOCUMENTATION_ONLY	backend/architecture/reports/DEV-011-NDSP-CORE-SERVICES-FINAL-CLOSURE-20260628_151602.md	DEV-011-NDSP-CORE-SERVICES-FINAL-CLOSURE-20260628_151602.md	31	fac323de6a3c0ebe5d1d101e35f417486b97faad662c28b52bc3c3fd4e49cb26	== SERVICE IDS ==	Candidate evidence only; manual verification required.
EVD-2c1519571a93	SERVICE_DISCOVERY	DOCUMENTATION_ONLY	backend/architecture/reports/DEV-011-NDSP-CORE-SERVICES-FINAL-CLOSURE-20260628_151602.md	DEV-011-NDSP-CORE-SERVICES-FINAL-CLOSURE-20260628_151602.md	32	fac323de6a3c0ebe5d1d101e35f417486b97faad662c28b52bc3c3fd4e49cb26	CTL-001 port=9081 file=/home/nawaf511/empire-core-new/backend/services/ctl-001-workspace-identity/service.yaml	Candidate evidence only; manual verification required.
EVD-2a29773ad32c	SERVICE_DISCOVERY	DOCUMENTATION_ONLY	backend/architecture/reports/DEV-011-NDSP-CORE-SERVICES-FINAL-CLOSURE-20260628_151602.md	DEV-011-NDSP-CORE-SERVICES-FINAL-CLOSURE-20260628_151602.md	33	fac323de6a3c0ebe5d1d101e35f417486b97faad662c28b52bc3c3fd4e49cb26	CDS-001 port=9078 file=/home/nawaf511/empire-core-new/backend/services/completed_decision/service.yaml	Candidate evidence only; manual verification required.
EVD-0a37986647da	SERVICE_DISCOVERY	DOCUMENTATION_ONLY	backend/architecture/reports/DEV-011-NDSP-CORE-SERVICES-FINAL-CLOSURE-20260628_151602.md	DEV-011-NDSP-CORE-SERVICES-FINAL-CLOSURE-20260628_151602.md	34	fac323de6a3c0ebe5d1d101e35f417486b97faad662c28b52bc3c3fd4e49cb26	DGC-001 port=9079 file=/home/nawaf511/empire-core-new/backend/services/decision_governance_core/service.yaml	Candidate evidence only; manual verification required.
EVD-3e253562878d	SERVICE_DISCOVERY	DOCUMENTATION_ONLY	backend/architecture/reports/DEV-011-NDSP-CORE-SERVICES-FINAL-CLOSURE-20260628_151602.md	DEV-011-NDSP-CORE-SERVICES-FINAL-CLOSURE-20260628_151602.md	35	fac323de6a3c0ebe5d1d101e35f417486b97faad662c28b52bc3c3fd4e49cb26	BOT-001 port=9080 file=/home/nawaf511/empire-core-new/backend/services/bot_execution/service.yaml	Candidate evidence only; manual verification required.
EVD-6c7a9dc61e46	SERVICE_DISCOVERY	DOCUMENTATION_ONLY	backend/architecture/reports/DEV-011-NDSP-CORE-SERVICES-FINAL-CLOSURE-20260628_151602.md	DEV-011-NDSP-CORE-SERVICES-FINAL-CLOSURE-20260628_151602.md	36	fac323de6a3c0ebe5d1d101e35f417486b97faad662c28b52bc3c3fd4e49cb26	== DUPLICATE SERVICE IDS ==	Candidate evidence only; manual verification required.
EVD-6e5f99c4d72c	SERVICE_DISCOVERY	DOCUMENTATION_ONLY	backend/architecture/reports/DEV-011-NDSP-CORE-SERVICES-FINAL-CLOSURE-20260628_151602.md	DEV-011-NDSP-CORE-SERVICES-FINAL-CLOSURE-20260628_151602.md	40	fac323de6a3c0ebe5d1d101e35f417486b97faad662c28b52bc3c3fd4e49cb26	VALIDATING=/home/nawaf511/empire-core-new/backend/services/bot_execution	Candidate evidence only; manual verification required.
EVD-de44fb6ec51a	SERVICE_DISCOVERY	DOCUMENTATION_ONLY	backend/architecture/reports/DEV-011-NDSP-CORE-SERVICES-FINAL-CLOSURE-20260628_151602.md	DEV-011-NDSP-CORE-SERVICES-FINAL-CLOSURE-20260628_151602.md	41	fac323de6a3c0ebe5d1d101e35f417486b97faad662c28b52bc3c3fd4e49cb26	VALIDATION_PASS=REDACTED	Candidate evidence only; manual verification required.
EVD-2830ea14f7ef	SERVICE_DISCOVERY	DOCUMENTATION_ONLY	backend/architecture/reports/DEV-011-NDSP-CORE-SERVICES-FINAL-CLOSURE-20260628_151602.md	DEV-011-NDSP-CORE-SERVICES-FINAL-CLOSURE-20260628_151602.md	42	fac323de6a3c0ebe5d1d101e35f417486b97faad662c28b52bc3c3fd4e49cb26	VALIDATING=/home/nawaf511/empire-core-new/backend/services/completed_decision	Candidate evidence only; manual verification required.
EVD-9b9202a4ac8c	SERVICE_DISCOVERY	DOCUMENTATION_ONLY	backend/architecture/reports/DEV-011-NDSP-CORE-SERVICES-FINAL-CLOSURE-20260628_151602.md	DEV-011-NDSP-CORE-SERVICES-FINAL-CLOSURE-20260628_151602.md	43	fac323de6a3c0ebe5d1d101e35f417486b97faad662c28b52bc3c3fd4e49cb26	VALIDATION_PASS=REDACTED	Candidate evidence only; manual verification required.
EVD-c8da5a9bfbfd	SERVICE_DISCOVERY	DOCUMENTATION_ONLY	backend/architecture/reports/DEV-011-NDSP-CORE-SERVICES-FINAL-CLOSURE-20260628_151602.md	DEV-011-NDSP-CORE-SERVICES-FINAL-CLOSURE-20260628_151602.md	44	fac323de6a3c0ebe5d1d101e35f417486b97faad662c28b52bc3c3fd4e49cb26	VALIDATING=/home/nawaf511/empire-core-new/backend/services/ctl-001-workspace-identity	Candidate evidence only; manual verification required.
EVD-90dd8118e33b	SERVICE_DISCOVERY	DOCUMENTATION_ONLY	backend/architecture/reports/DEV-011-NDSP-CORE-SERVICES-FINAL-CLOSURE-20260628_151602.md	DEV-011-NDSP-CORE-SERVICES-FINAL-CLOSURE-20260628_151602.md	45	fac323de6a3c0ebe5d1d101e35f417486b97faad662c28b52bc3c3fd4e49cb26	VALIDATION_PASS=REDACTED	Candidate evidence only; manual verification required.
EVD-b2b23f16ad47	SERVICE_DISCOVERY	DOCUMENTATION_ONLY	backend/architecture/reports/DEV-011-NDSP-CORE-SERVICES-FINAL-CLOSURE-20260628_151602.md	DEV-011-NDSP-CORE-SERVICES-FINAL-CLOSURE-20260628_151602.md	46	fac323de6a3c0ebe5d1d101e35f417486b97faad662c28b52bc3c3fd4e49cb26	VALIDATING=/home/nawaf511/empire-core-new/backend/services/decision_governance_core	Candidate evidence only; manual verification required.
EVD-9349bab59986	SERVICE_DISCOVERY	DOCUMENTATION_ONLY	backend/architecture/reports/DEV-012A-PRODUCTION-ROLLOUT-READINESS-CHECK-20260628_152033.md	DEV-012A-PRODUCTION-ROLLOUT-READINESS-CHECK-20260628_152033.md	5	bdd2ea5564aff9220484e02e66600a2a159386afb19ee03a4a83778f2d9b87d7	Head: 5c2055b docs(DEV-011): close NDSP core services migration	Candidate evidence only; manual verification required.
EVD-e0ac4097a438	SERVICE_DISCOVERY	DOCUMENTATION_ONLY	backend/architecture/reports/DEV-012A-PRODUCTION-ROLLOUT-READINESS-CHECK-20260628_152033.md	DEV-012A-PRODUCTION-ROLLOUT-READINESS-CHECK-20260628_152033.md	6	bdd2ea5564aff9220484e02e66600a2a159386afb19ee03a4a83778f2d9b87d7	Release Tag: v0.3-ndsp-core-services	Candidate evidence only; manual verification required.
EVD-bc09d40584df	SERVICE_DISCOVERY	DOCUMENTATION_ONLY	backend/architecture/reports/DEV-012A-PRODUCTION-ROLLOUT-READINESS-CHECK-20260628_152033.md	DEV-012A-PRODUCTION-ROLLOUT-READINESS-CHECK-20260628_152033.md	10	bdd2ea5564aff9220484e02e66600a2a159386afb19ee03a4a83778f2d9b87d7	NO_SERVICE_START=YES	Candidate evidence only; manual verification required.
EVD-d26db8cb86b0	SERVICE_DISCOVERY	DOCUMENTATION_ONLY	backend/architecture/reports/DEV-012A-PRODUCTION-ROLLOUT-READINESS-CHECK-20260628_152033.md	DEV-012A-PRODUCTION-ROLLOUT-READINESS-CHECK-20260628_152033.md	11	bdd2ea5564aff9220484e02e66600a2a159386afb19ee03a4a83778f2d9b87d7	NO_SERVICE_STOP=YES	Candidate evidence only; manual verification required.
EVD-fac2d730fa62	SERVICE_DISCOVERY	DOCUMENTATION_ONLY	backend/architecture/reports/DEV-012A-PRODUCTION-ROLLOUT-READINESS-CHECK-20260628_152033.md	DEV-012A-PRODUCTION-ROLLOUT-READINESS-CHECK-20260628_152033.md	17	bdd2ea5564aff9220484e02e66600a2a159386afb19ee03a4a83778f2d9b87d7	## Core Services	Candidate evidence only; manual verification required.
EVD-9e645ba3fe5d	SERVICE_DISCOVERY	DOCUMENTATION_ONLY	backend/architecture/reports/DEV-012A-PRODUCTION-ROLLOUT-READINESS-CHECK-20260628_152033.md	DEV-012A-PRODUCTION-ROLLOUT-READINESS-CHECK-20260628_152033.md	34	bdd2ea5564aff9220484e02e66600a2a159386afb19ee03a4a83778f2d9b87d7	This check does not deploy, reload, start, stop, or mutate production services.	Candidate evidence only; manual verification required.
EVD-55e316aeb012	SERVICE_DISCOVERY	DOCUMENTATION_ONLY	backend/architecture/reports/DEV-012A-PRODUCTION-ROLLOUT-READINESS-CHECK-20260628_152033.md	DEV-012A-PRODUCTION-ROLLOUT-READINESS-CHECK-20260628_152033.md	35	bdd2ea5564aff9220484e02e66600a2a159386afb19ee03a4a83778f2d9b87d7	Warnings usually mean the service is not currently installed/running under systemd or local endpoints are not active yet.	Candidate evidence only; manual verification required.
EVD-ab1782d6a1f7	SERVICE_DISCOVERY	DOCUMENTATION_ONLY	backend/architecture/reports/DEV-012A-PRODUCTION-ROLLOUT-READINESS-CHECK-20260628_152033.md	DEV-012A-PRODUCTION-ROLLOUT-READINESS-CHECK-20260628_152033.md	44	bdd2ea5564aff9220484e02e66600a2a159386afb19ee03a4a83778f2d9b87d7	HEAD=5c2055b docs(DEV-011): close NDSP core services migration	Candidate evidence only; manual verification required.
EVD-edde1f8be413	SERVICE_DISCOVERY	DOCUMENTATION_ONLY	backend/architecture/reports/DEV-012A-PRODUCTION-ROLLOUT-READINESS-CHECK-20260628_152033.md	DEV-012A-PRODUCTION-ROLLOUT-READINESS-CHECK-20260628_152033.md	49	bdd2ea5564aff9220484e02e66600a2a159386afb19ee03a4a83778f2d9b87d7	NO_SERVICE_START=YES	Candidate evidence only; manual verification required.
EVD-c99661fea29c	SERVICE_DISCOVERY	DOCUMENTATION_ONLY	backend/architecture/reports/DEV-012A-PRODUCTION-ROLLOUT-READINESS-CHECK-20260628_152033.md	DEV-012A-PRODUCTION-ROLLOUT-READINESS-CHECK-20260628_152033.md	50	bdd2ea5564aff9220484e02e66600a2a159386afb19ee03a4a83778f2d9b87d7	NO_SERVICE_STOP=YES	Candidate evidence only; manual verification required.
EVD-16cccff90c55	SERVICE_DISCOVERY	DOCUMENTATION_ONLY	backend/architecture/reports/DEV-012A-PRODUCTION-ROLLOUT-READINESS-CHECK-20260628_152033.md	DEV-012A-PRODUCTION-ROLLOUT-READINESS-CHECK-20260628_152033.md	64	bdd2ea5564aff9220484e02e66600a2a159386afb19ee03a4a83778f2d9b87d7	PASS=REDACTED	Candidate evidence only; manual verification required.
EVD-d410f964a219	SERVICE_DISCOVERY	DOCUMENTATION_ONLY	backend/architecture/reports/DEV-012A-PRODUCTION-ROLLOUT-READINESS-CHECK-20260628_152033.md	DEV-012A-PRODUCTION-ROLLOUT-READINESS-CHECK-20260628_152033.md	65	bdd2ea5564aff9220484e02e66600a2a159386afb19ee03a4a83778f2d9b87d7	PASS=REDACTED	Candidate evidence only; manual verification required.
EVD-4b87875c3f9a	SERVICE_DISCOVERY	DOCUMENTATION_ONLY	backend/architecture/reports/DEV-012A-PRODUCTION-ROLLOUT-READINESS-CHECK-20260628_152033.md	DEV-012A-PRODUCTION-ROLLOUT-READINESS-CHECK-20260628_152033.md	66	bdd2ea5564aff9220484e02e66600a2a159386afb19ee03a4a83778f2d9b87d7	5c2055b (HEAD -> feature/ndsp-os, tag: v0.3-ndsp-core-services, origin/feature/ndsp-os) docs(DEV-011): close NDSP core services migration	Candidate evidence only; manual verification required.
EVD-68227444db0e	SERVICE_DISCOVERY	DOCUMENTATION_ONLY	backend/architecture/reports/DEV-012A-PRODUCTION-ROLLOUT-READINESS-CHECK-20260628_152033.md	DEV-012A-PRODUCTION-ROLLOUT-READINESS-CHECK-20260628_152033.md	71	bdd2ea5564aff9220484e02e66600a2a159386afb19ee03a4a83778f2d9b87d7	92ca71a feat(DEV-010B): migrate bot execution service to ENG-001 adapter	Candidate evidence only; manual verification required.
EVD-f3a682b98eee	SERVICE_DISCOVERY	DOCUMENTATION_ONLY	backend/architecture/reports/DEV-012A-PRODUCTION-ROLLOUT-READINESS-CHECK-20260628_152033.md	DEV-012A-PRODUCTION-ROLLOUT-READINESS-CHECK-20260628_152033.md	72	bdd2ea5564aff9220484e02e66600a2a159386afb19ee03a4a83778f2d9b87d7	193b591 docs(DEV-010A): snapshot bot execution service	Candidate evidence only; manual verification required.
EVD-07985066ecdc	SERVICE_DISCOVERY	DOCUMENTATION_ONLY	backend/architecture/reports/DEV-012A-PRODUCTION-ROLLOUT-READINESS-CHECK-20260628_152033.md	DEV-012A-PRODUCTION-ROLLOUT-READINESS-CHECK-20260628_152033.md	79	bdd2ea5564aff9220484e02e66600a2a159386afb19ee03a4a83778f2d9b87d7	== 4) CORE SERVICE CLOSURE CHECK ==	Candidate evidence only; manual verification required.
EVD-cb2672459034	SERVICE_DISCOVERY	DOCUMENTATION_ONLY	backend/architecture/reports/DEV-012A-PRODUCTION-ROLLOUT-READINESS-CHECK-20260628_152033.md	DEV-012A-PRODUCTION-ROLLOUT-READINESS-CHECK-20260628_152033.md	80	bdd2ea5564aff9220484e02e66600a2a159386afb19ee03a4a83778f2d9b87d7	CTL-001_PATH=backend/services/ctl-001-workspace-identity	Candidate evidence only; manual verification required.
EVD-ac1fbeda40ad	SERVICE_DISCOVERY	DOCUMENTATION_ONLY	backend/architecture/reports/DEV-012A-PRODUCTION-ROLLOUT-READINESS-CHECK-20260628_152033.md	DEV-012A-PRODUCTION-ROLLOUT-READINESS-CHECK-20260628_152033.md	83	bdd2ea5564aff9220484e02e66600a2a159386afb19ee03a4a83778f2d9b87d7	CTL-001_SYSTEMD=ndsp-ctl-001-workspace-identity.service	Candidate evidence only; manual verification required.
EVD-6035aef29e9c	SERVICE_DISCOVERY	DOCUMENTATION_ONLY	backend/architecture/reports/DEV-012A-PRODUCTION-ROLLOUT-READINESS-CHECK-20260628_152033.md	DEV-012A-PRODUCTION-ROLLOUT-READINESS-CHECK-20260628_152033.md	85	bdd2ea5564aff9220484e02e66600a2a159386afb19ee03a4a83778f2d9b87d7	CDS-001_PATH=backend/services/completed_decision	Candidate evidence only; manual verification required.
EVD-4dd2183ffaaa	SERVICE_DISCOVERY	DOCUMENTATION_ONLY	backend/architecture/reports/DEV-012A-PRODUCTION-ROLLOUT-READINESS-CHECK-20260628_152033.md	DEV-012A-PRODUCTION-ROLLOUT-READINESS-CHECK-20260628_152033.md	88	bdd2ea5564aff9220484e02e66600a2a159386afb19ee03a4a83778f2d9b87d7	CDS-001_SYSTEMD=ndsp-completed_decision.service	Candidate evidence only; manual verification required.
EVD-9a449bc706bd	SERVICE_DISCOVERY	DOCUMENTATION_ONLY	backend/architecture/reports/DEV-012B-CONTROLLED-PRODUCTION-ROLLOUT-PLAN-20260628_152255.md	DEV-012B-CONTROLLED-PRODUCTION-ROLLOUT-PLAN-20260628_152255.md	6	8c51621af5bf331c7d294df958330d753351be01f67480dcbd9f1182a63f9545	Release Tag: v0.3-ndsp-core-services	Candidate evidence only; manual verification required.
EVD-a683fe3690a3	SERVICE_DISCOVERY	DOCUMENTATION_ONLY	backend/architecture/reports/DEV-012B-CONTROLLED-PRODUCTION-ROLLOUT-PLAN-20260628_152255.md	DEV-012B-CONTROLLED-PRODUCTION-ROLLOUT-PLAN-20260628_152255.md	17	8c51621af5bf331c7d294df958330d753351be01f67480dcbd9f1182a63f9545	This plan does not start, stop, reload, or modify production services.	Candidate evidence only; manual verification required.
EVD-b5a561d29700	SERVICE_DISCOVERY	DOCUMENTATION_ONLY	backend/architecture/reports/DEV-012B-CONTROLLED-PRODUCTION-ROLLOUT-PLAN-20260628_152255.md	DEV-012B-CONTROLLED-PRODUCTION-ROLLOUT-PLAN-20260628_152255.md	19	8c51621af5bf331c7d294df958330d753351be01f67480dcbd9f1182a63f9545	NO_SERVICE_START=YES	Candidate evidence only; manual verification required.
EVD-3efa679d8fa7	SERVICE_DISCOVERY	DOCUMENTATION_ONLY	backend/architecture/reports/DEV-012B-CONTROLLED-PRODUCTION-ROLLOUT-PLAN-20260628_152255.md	DEV-012B-CONTROLLED-PRODUCTION-ROLLOUT-PLAN-20260628_152255.md	20	8c51621af5bf331c7d294df958330d753351be01f67480dcbd9f1182a63f9545	NO_SERVICE_STOP=YES	Candidate evidence only; manual verification required.
EVD-3772f874fef5	SERVICE_DISCOVERY	DOCUMENTATION_ONLY	backend/architecture/reports/DEV-012B-CONTROLLED-PRODUCTION-ROLLOUT-PLAN-20260628_152255.md	DEV-012B-CONTROLLED-PRODUCTION-ROLLOUT-PLAN-20260628_152255.md	25	8c51621af5bf331c7d294df958330d753351be01f67480dcbd9f1182a63f9545	## Core Service Rollout Order	Candidate evidence only; manual verification required.
EVD-b0d43be27a67	SERVICE_DISCOVERY	DOCUMENTATION_ONLY	backend/architecture/reports/DEV-012B-CONTROLLED-PRODUCTION-ROLLOUT-PLAN-20260628_152255.md	DEV-012B-CONTROLLED-PRODUCTION-ROLLOUT-PLAN-20260628_152255.md	27	8c51621af5bf331c7d294df958330d753351be01f67480dcbd9f1182a63f9545	1. CTL-001 Workspace Identity — reference service / port 9081	Candidate evidence only; manual verification required.
EVD-5338cfbcd168	SERVICE_DISCOVERY	DOCUMENTATION_ONLY	backend/architecture/reports/DEV-012B-CONTROLLED-PRODUCTION-ROLLOUT-PLAN-20260628_152255.md	DEV-012B-CONTROLLED-PRODUCTION-ROLLOUT-PLAN-20260628_152255.md	28	8c51621af5bf331c7d294df958330d753351be01f67480dcbd9f1182a63f9545	2. CDS-001 Completed Decision Service — SSOT / port 9078	Candidate evidence only; manual verification required.
EVD-70992080d225	SERVICE_DISCOVERY	DOCUMENTATION_ONLY	backend/architecture/reports/DEV-012B-CONTROLLED-PRODUCTION-ROLLOUT-PLAN-20260628_152255.md	DEV-012B-CONTROLLED-PRODUCTION-ROLLOUT-PLAN-20260628_152255.md	30	8c51621af5bf331c7d294df958330d753351be01f67480dcbd9f1182a63f9545	4. BOT-001 NDSP Bot Execution Service — last boundary / port 9080	Candidate evidence only; manual verification required.
EVD-d90b1ddfad0e	SERVICE_DISCOVERY	DOCUMENTATION_ONLY	backend/architecture/reports/DEV-012B-CONTROLLED-PRODUCTION-ROLLOUT-PLAN-20260628_152255.md	DEV-012B-CONTROLLED-PRODUCTION-ROLLOUT-PLAN-20260628_152255.md	34	8c51621af5bf331c7d294df958330d753351be01f67480dcbd9f1182a63f9545	Gate 1: Verify service unit files exist for all four services.	Candidate evidence only; manual verification required.
EVD-d21071903305	SERVICE_DISCOVERY	DOCUMENTATION_ONLY	backend/architecture/reports/DEV-012B-CONTROLLED-PRODUCTION-ROLLOUT-PLAN-20260628_152255.md	DEV-012B-CONTROLLED-PRODUCTION-ROLLOUT-PLAN-20260628_152255.md	35	8c51621af5bf331c7d294df958330d753351be01f67480dcbd9f1182a63f9545	Gate 2: Verify each service has an environment file outside git.	Candidate evidence only; manual verification required.
EVD-1f5a98d77a79	SERVICE_DISCOVERY	DOCUMENTATION_ONLY	backend/architecture/reports/DEV-012B-CONTROLLED-PRODUCTION-ROLLOUT-PLAN-20260628_152255.md	DEV-012B-CONTROLLED-PRODUCTION-ROLLOUT-PLAN-20260628_152255.md	36	8c51621af5bf331c7d294df958330d753351be01f67480dcbd9f1182a63f9545	Gate 3: Start or restart one service at a time only after config review.	Candidate evidence only; manual verification required.
EVD-12c77c5d97a4	SERVICE_DISCOVERY	DOCUMENTATION_ONLY	backend/architecture/reports/DEV-012B-CONTROLLED-PRODUCTION-ROLLOUT-PLAN-20260628_152255.md	DEV-012B-CONTROLLED-PRODUCTION-ROLLOUT-PLAN-20260628_152255.md	37	8c51621af5bf331c7d294df958330d753351be01f67480dcbd9f1182a63f9545	Gate 4: Validate local endpoints after each service:	Candidate evidence only; manual verification required.
EVD-9cdae5b49fb3	SERVICE_DISCOVERY	DOCUMENTATION_ONLY	backend/architecture/reports/DEV-012B-CONTROLLED-PRODUCTION-ROLLOUT-PLAN-20260628_152255.md	DEV-012B-CONTROLLED-PRODUCTION-ROLLOUT-PLAN-20260628_152255.md	69	8c51621af5bf331c7d294df958330d753351be01f67480dcbd9f1182a63f9545	Most warnings usually mean services are not currently active under systemd, ports are not listening yet, or nginx routes are not enabled.	Candidate evidence only; manual verification required.
EVD-cea2c18e37a9	SERVICE_DISCOVERY	DOCUMENTATION_ONLY	backend/architecture/reports/DEV-012B-CONTROLLED-PRODUCTION-ROLLOUT-PLAN-20260628_152255.md	DEV-012B-CONTROLLED-PRODUCTION-ROLLOUT-PLAN-20260628_152255.md	74	8c51621af5bf331c7d294df958330d753351be01f67480dcbd9f1182a63f9545	- Do not bulk restart all services.	Candidate evidence only; manual verification required.
EVD-3daf5f3cbc46	SERVICE_DISCOVERY	DOCUMENTATION_ONLY	backend/architecture/reports/DEV-012C-SYSTEMD-LOCAL-ACTIVATION-READINESS-20260628_152421.md	DEV-012C-SYSTEMD-LOCAL-ACTIVATION-READINESS-20260628_152421.md	10	612edf859f1f7e15477cd832ba81a62bd82b96e55bd7b10558793f94266bee70	NO_SERVICE_START=YES	Candidate evidence only; manual verification required.
EVD-b2b68be88575	SERVICE_DISCOVERY	DOCUMENTATION_ONLY	backend/architecture/reports/DEV-012C-SYSTEMD-LOCAL-ACTIVATION-READINESS-20260628_152421.md	DEV-012C-SYSTEMD-LOCAL-ACTIVATION-READINESS-20260628_152421.md	11	612edf859f1f7e15477cd832ba81a62bd82b96e55bd7b10558793f94266bee70	NO_SERVICE_STOP=YES	Candidate evidence only; manual verification required.
EVD-eb6b8e3bbe41	SERVICE_DISCOVERY	DOCUMENTATION_ONLY	backend/architecture/reports/DEV-012C-SYSTEMD-LOCAL-ACTIVATION-READINESS-20260628_152421.md	DEV-012C-SYSTEMD-LOCAL-ACTIVATION-READINESS-20260628_152421.md	39	612edf859f1f7e15477cd832ba81a62bd82b96e55bd7b10558793f94266bee70	/home/nawaf511/empire-core-new/backend/services/ctl-001-workspace-identity/systemd/ndsp-ctl-001-workspace-identity.service	Candidate evidence only; manual verification required.
EVD-54f0c1428ba5	SERVICE_DISCOVERY	DOCUMENTATION_ONLY	backend/architecture/reports/DEV-012C-SYSTEMD-LOCAL-ACTIVATION-READINESS-20260628_152421.md	DEV-012C-SYSTEMD-LOCAL-ACTIVATION-READINESS-20260628_152421.md	42	612edf859f1f7e15477cd832ba81a62bd82b96e55bd7b10558793f94266bee70	sudo cp '/home/nawaf511/empire-core-new/backend/services/ctl-001-workspace-identity/systemd/ndsp-ctl-001-workspace-identity.service' '/etc/systemd/system/ndsp-ctl-001-workspace-identity.service'	Candidate evidence only; manual verification required.
EVD-de521f1f4777	SERVICE_DISCOVERY	DOCUMENTATION_ONLY	backend/architecture/reports/DEV-012C-SYSTEMD-LOCAL-ACTIVATION-READINESS-20260628_152421.md	DEV-012C-SYSTEMD-LOCAL-ACTIVATION-READINESS-20260628_152421.md	43	612edf859f1f7e15477cd832ba81a62bd82b96e55bd7b10558793f94266bee70	sudo systemctl daemon-reload	Candidate evidence only; manual verification required.
EVD-79e6d65b550b	SERVICE_DISCOVERY	DOCUMENTATION_ONLY	backend/architecture/reports/DEV-012C-SYSTEMD-LOCAL-ACTIVATION-READINESS-20260628_152421.md	DEV-012C-SYSTEMD-LOCAL-ACTIVATION-READINESS-20260628_152421.md	44	612edf859f1f7e15477cd832ba81a62bd82b96e55bd7b10558793f94266bee70	sudo systemctl enable 'ndsp-ctl-001-workspace-identity.service'	Candidate evidence only; manual verification required.
EVD-df490676c181	SERVICE_DISCOVERY	DOCUMENTATION_ONLY	backend/architecture/reports/DEV-012C-SYSTEMD-LOCAL-ACTIVATION-READINESS-20260628_152421.md	DEV-012C-SYSTEMD-LOCAL-ACTIVATION-READINESS-20260628_152421.md	45	612edf859f1f7e15477cd832ba81a62bd82b96e55bd7b10558793f94266bee70	sudo systemctl restart 'ndsp-ctl-001-workspace-identity.service'	Candidate evidence only; manual verification required.
EVD-0e8fb0b417ef	SERVICE_DISCOVERY	DOCUMENTATION_ONLY	backend/architecture/reports/DEV-012C-SYSTEMD-LOCAL-ACTIVATION-READINESS-20260628_152421.md	DEV-012C-SYSTEMD-LOCAL-ACTIVATION-READINESS-20260628_152421.md	46	612edf859f1f7e15477cd832ba81a62bd82b96e55bd7b10558793f94266bee70	sudo systemctl status 'ndsp-ctl-001-workspace-identity.service' --no-pager -l	Candidate evidence only; manual verification required.
EVD-dc66aaa28765	SERVICE_DISCOVERY	DOCUMENTATION_ONLY	backend/architecture/reports/DEV-012C-SYSTEMD-LOCAL-ACTIVATION-READINESS-20260628_152421.md	DEV-012C-SYSTEMD-LOCAL-ACTIVATION-READINESS-20260628_152421.md	54	612edf859f1f7e15477cd832ba81a62bd82b96e55bd7b10558793f94266bee70	/home/nawaf511/empire-core-new/backend/services/completed_decision/systemd/ndsp-completed_decision.service	Candidate evidence only; manual verification required.
EVD-fb2e1106bc78	SERVICE_DISCOVERY	DOCUMENTATION_ONLY	backend/architecture/reports/DEV-012C-SYSTEMD-LOCAL-ACTIVATION-READINESS-20260628_152421.md	DEV-012C-SYSTEMD-LOCAL-ACTIVATION-READINESS-20260628_152421.md	57	612edf859f1f7e15477cd832ba81a62bd82b96e55bd7b10558793f94266bee70	sudo cp '/home/nawaf511/empire-core-new/backend/services/completed_decision/systemd/ndsp-completed_decision.service' '/etc/systemd/system/ndsp-completed_decision.service'	Candidate evidence only; manual verification required.
EVD-65a4d60fdff6	SERVICE_DISCOVERY	DOCUMENTATION_ONLY	backend/architecture/reports/DEV-012C-SYSTEMD-LOCAL-ACTIVATION-READINESS-20260628_152421.md	DEV-012C-SYSTEMD-LOCAL-ACTIVATION-READINESS-20260628_152421.md	58	612edf859f1f7e15477cd832ba81a62bd82b96e55bd7b10558793f94266bee70	sudo systemctl daemon-reload	Candidate evidence only; manual verification required.
EVD-962f9024ae9b	SERVICE_DISCOVERY	DOCUMENTATION_ONLY	backend/architecture/reports/DEV-012C-SYSTEMD-LOCAL-ACTIVATION-READINESS-20260628_152421.md	DEV-012C-SYSTEMD-LOCAL-ACTIVATION-READINESS-20260628_152421.md	59	612edf859f1f7e15477cd832ba81a62bd82b96e55bd7b10558793f94266bee70	sudo systemctl enable 'ndsp-completed_decision.service'	Candidate evidence only; manual verification required.
EVD-88390f43327c	SERVICE_DISCOVERY	DOCUMENTATION_ONLY	backend/architecture/reports/DEV-012C-SYSTEMD-LOCAL-ACTIVATION-READINESS-20260628_152421.md	DEV-012C-SYSTEMD-LOCAL-ACTIVATION-READINESS-20260628_152421.md	60	612edf859f1f7e15477cd832ba81a62bd82b96e55bd7b10558793f94266bee70	sudo systemctl restart 'ndsp-completed_decision.service'	Candidate evidence only; manual verification required.
EVD-d008d95e2705	SERVICE_DISCOVERY	DOCUMENTATION_ONLY	backend/architecture/reports/DEV-012C-SYSTEMD-LOCAL-ACTIVATION-READINESS-20260628_152421.md	DEV-012C-SYSTEMD-LOCAL-ACTIVATION-READINESS-20260628_152421.md	61	612edf859f1f7e15477cd832ba81a62bd82b96e55bd7b10558793f94266bee70	sudo systemctl status 'ndsp-completed_decision.service' --no-pager -l	Candidate evidence only; manual verification required.
EVD-b6d9ebf8a0c1	SERVICE_DISCOVERY	DOCUMENTATION_ONLY	backend/architecture/reports/DEV-012C-SYSTEMD-LOCAL-ACTIVATION-READINESS-20260628_152421.md	DEV-012C-SYSTEMD-LOCAL-ACTIVATION-READINESS-20260628_152421.md	69	612edf859f1f7e15477cd832ba81a62bd82b96e55bd7b10558793f94266bee70	/home/nawaf511/empire-core-new/backend/services/decision_governance_core/systemd/ndsp-decision_governance_core.service	Candidate evidence only; manual verification required.
EVD-719845ea8394	SERVICE_DISCOVERY	DOCUMENTATION_ONLY	backend/architecture/reports/DEV-012C-SYSTEMD-LOCAL-ACTIVATION-READINESS-20260628_152421.md	DEV-012C-SYSTEMD-LOCAL-ACTIVATION-READINESS-20260628_152421.md	72	612edf859f1f7e15477cd832ba81a62bd82b96e55bd7b10558793f94266bee70	sudo cp '/home/nawaf511/empire-core-new/backend/services/decision_governance_core/systemd/ndsp-decision_governance_core.service' '/etc/systemd/system/ndsp-decision_governance_core.service'	Candidate evidence only; manual verification required.
EVD-22cd2d20fcb0	SERVICE_DISCOVERY	DOCUMENTATION_ONLY	backend/architecture/reports/DEV-012C-SYSTEMD-LOCAL-ACTIVATION-READINESS-20260628_152421.md	DEV-012C-SYSTEMD-LOCAL-ACTIVATION-READINESS-20260628_152421.md	73	612edf859f1f7e15477cd832ba81a62bd82b96e55bd7b10558793f94266bee70	sudo systemctl daemon-reload	Candidate evidence only; manual verification required.
EVD-65c87ac629be	SERVICE_DISCOVERY	DOCUMENTATION_ONLY	backend/architecture/reports/DEV-012C-SYSTEMD-LOCAL-ACTIVATION-READINESS-20260628_152421.md	DEV-012C-SYSTEMD-LOCAL-ACTIVATION-READINESS-20260628_152421.md	74	612edf859f1f7e15477cd832ba81a62bd82b96e55bd7b10558793f94266bee70	sudo systemctl enable 'ndsp-decision_governance_core.service'	Candidate evidence only; manual verification required.
EVD-00894a3851ef	SERVICE_DISCOVERY	DOCUMENTATION_ONLY	backend/architecture/reports/DEV-012C-SYSTEMD-LOCAL-ACTIVATION-READINESS-20260628_152421.md	DEV-012C-SYSTEMD-LOCAL-ACTIVATION-READINESS-20260628_152421.md	75	612edf859f1f7e15477cd832ba81a62bd82b96e55bd7b10558793f94266bee70	sudo systemctl restart 'ndsp-decision_governance_core.service'	Candidate evidence only; manual verification required.
EVD-266807669624	SERVICE_DISCOVERY	DOCUMENTATION_ONLY	backend/architecture/reports/DEV-012C-SYSTEMD-LOCAL-ACTIVATION-READINESS-20260628_152421.md	DEV-012C-SYSTEMD-LOCAL-ACTIVATION-READINESS-20260628_152421.md	76	612edf859f1f7e15477cd832ba81a62bd82b96e55bd7b10558793f94266bee70	sudo systemctl status 'ndsp-decision_governance_core.service' --no-pager -l	Candidate evidence only; manual verification required.
EVD-d111a6d91aed	SERVICE_DISCOVERY	DOCUMENTATION_ONLY	backend/architecture/reports/DEV-012D-INSTALL-SYSTEMD-UNITS-NO-RESTART-20260628_152602.md	DEV-012D-INSTALL-SYSTEMD-UNITS-NO-RESTART-20260628_152602.md	10	ed40a6adda2e183f72dedbfd565cd2b32fef33b1226a1b987c6dacc30b99b8f3	NO_SERVICE_START=YES	Candidate evidence only; manual verification required.
EVD-a4b1b81cb354	SERVICE_DISCOVERY	DOCUMENTATION_ONLY	backend/architecture/reports/DEV-012D-INSTALL-SYSTEMD-UNITS-NO-RESTART-20260628_152602.md	DEV-012D-INSTALL-SYSTEMD-UNITS-NO-RESTART-20260628_152602.md	11	ed40a6adda2e183f72dedbfd565cd2b32fef33b1226a1b987c6dacc30b99b8f3	NO_SERVICE_STOP=YES	Candidate evidence only; manual verification required.
EVD-97fe90443211	SERVICE_DISCOVERY	DOCUMENTATION_ONLY	backend/architecture/reports/DEV-012D-INSTALL-SYSTEMD-UNITS-NO-RESTART-20260628_152602.md	DEV-012D-INSTALL-SYSTEMD-UNITS-NO-RESTART-20260628_152602.md	12	ed40a6adda2e183f72dedbfd565cd2b32fef33b1226a1b987c6dacc30b99b8f3	NO_SERVICE_RESTART=YES	Candidate evidence only; manual verification required.
EVD-f08743b25c7e	SERVICE_DISCOVERY	DOCUMENTATION_ONLY	backend/architecture/reports/DEV-012D-INSTALL-SYSTEMD-UNITS-NO-RESTART-20260628_152602.md	DEV-012D-INSTALL-SYSTEMD-UNITS-NO-RESTART-20260628_152602.md	15	ed40a6adda2e183f72dedbfd565cd2b32fef33b1226a1b987c6dacc30b99b8f3	SYSTEMD_DAEMON_RELOAD_ONLY=YES	Candidate evidence only; manual verification required.
EVD-5a2a14104e0f	SERVICE_DISCOVERY	DOCUMENTATION_ONLY	backend/architecture/reports/DEV-012D-INSTALL-SYSTEMD-UNITS-NO-RESTART-20260628_152602.md	DEV-012D-INSTALL-SYSTEMD-UNITS-NO-RESTART-20260628_152602.md	46	ed40a6adda2e183f72dedbfd565cd2b32fef33b1226a1b987c6dacc30b99b8f3	NO_SERVICE_START=YES	Candidate evidence only; manual verification required.
EVD-66c921445716	SERVICE_DISCOVERY	DOCUMENTATION_ONLY	backend/architecture/reports/DEV-012D-INSTALL-SYSTEMD-UNITS-NO-RESTART-20260628_152602.md	DEV-012D-INSTALL-SYSTEMD-UNITS-NO-RESTART-20260628_152602.md	47	ed40a6adda2e183f72dedbfd565cd2b32fef33b1226a1b987c6dacc30b99b8f3	NO_SERVICE_STOP=YES	Candidate evidence only; manual verification required.
EVD-b8e0b371d41a	SERVICE_DISCOVERY	DOCUMENTATION_ONLY	backend/architecture/reports/DEV-012D-INSTALL-SYSTEMD-UNITS-NO-RESTART-20260628_152602.md	DEV-012D-INSTALL-SYSTEMD-UNITS-NO-RESTART-20260628_152602.md	48	ed40a6adda2e183f72dedbfd565cd2b32fef33b1226a1b987c6dacc30b99b8f3	NO_SERVICE_RESTART=YES	Candidate evidence only; manual verification required.
EVD-27c71d919f28	SERVICE_DISCOVERY	DOCUMENTATION_ONLY	backend/architecture/reports/DEV-012D-INSTALL-SYSTEMD-UNITS-NO-RESTART-20260628_152602.md	DEV-012D-INSTALL-SYSTEMD-UNITS-NO-RESTART-20260628_152602.md	51	ed40a6adda2e183f72dedbfd565cd2b32fef33b1226a1b987c6dacc30b99b8f3	SYSTEMD_DAEMON_RELOAD_ONLY=YES	Candidate evidence only; manual verification required.
EVD-f8aee7d4bab6	SERVICE_DISCOVERY	DOCUMENTATION_ONLY	backend/architecture/reports/DEV-012D-INSTALL-SYSTEMD-UNITS-NO-RESTART-20260628_152602.md	DEV-012D-INSTALL-SYSTEMD-UNITS-NO-RESTART-20260628_152602.md	69	ed40a6adda2e183f72dedbfd565cd2b32fef33b1226a1b987c6dacc30b99b8f3	CTL-001_UNIT=ndsp-ctl-001-workspace-identity.service	Candidate evidence only; manual verification required.
EVD-08ffebfe5403	SERVICE_DISCOVERY	DOCUMENTATION_ONLY	backend/architecture/reports/DEV-012D-INSTALL-SYSTEMD-UNITS-NO-RESTART-20260628_152602.md	DEV-012D-INSTALL-SYSTEMD-UNITS-NO-RESTART-20260628_152602.md	70	ed40a6adda2e183f72dedbfd565cd2b32fef33b1226a1b987c6dacc30b99b8f3	CTL-001_REPO_UNIT=/home/nawaf511/empire-core-new/backend/services/ctl-001-workspace-identity/systemd/ndsp-ctl-001-workspace-identity.service	Candidate evidence only; manual verification required.
EVD-5d058ec4fc1a	SERVICE_DISCOVERY	DOCUMENTATION_ONLY	backend/architecture/reports/DEV-012D-INSTALL-SYSTEMD-UNITS-NO-RESTART-20260628_152602.md	DEV-012D-INSTALL-SYSTEMD-UNITS-NO-RESTART-20260628_152602.md	71	ed40a6adda2e183f72dedbfd565cd2b32fef33b1226a1b987c6dacc30b99b8f3	CTL-001_INSTALLED_UNIT=/etc/systemd/system/ndsp-ctl-001-workspace-identity.service	Candidate evidence only; manual verification required.
EVD-86bb5b174dac	SERVICE_DISCOVERY	DOCUMENTATION_ONLY	backend/architecture/reports/DEV-012D-INSTALL-SYSTEMD-UNITS-NO-RESTART-20260628_152602.md	DEV-012D-INSTALL-SYSTEMD-UNITS-NO-RESTART-20260628_152602.md	73	ed40a6adda2e183f72dedbfd565cd2b32fef33b1226a1b987c6dacc30b99b8f3	PASS=REDACTED	Candidate evidence only; manual verification required.
EVD-2ed4316db9bc	SERVICE_DISCOVERY	DOCUMENTATION_ONLY	backend/architecture/reports/DEV-012D-INSTALL-SYSTEMD-UNITS-NO-RESTART-20260628_152602.md	DEV-012D-INSTALL-SYSTEMD-UNITS-NO-RESTART-20260628_152602.md	74	ed40a6adda2e183f72dedbfd565cd2b32fef33b1226a1b987c6dacc30b99b8f3	PASS=REDACTED	Candidate evidence only; manual verification required.
EVD-761d7da78a8b	SERVICE_DISCOVERY	DOCUMENTATION_ONLY	backend/architecture/reports/DEV-012D-INSTALL-SYSTEMD-UNITS-NO-RESTART-20260628_152602.md	DEV-012D-INSTALL-SYSTEMD-UNITS-NO-RESTART-20260628_152602.md	77	ed40a6adda2e183f72dedbfd565cd2b32fef33b1226a1b987c6dacc30b99b8f3	CDS-001_UNIT=ndsp-completed_decision.service	Candidate evidence only; manual verification required.
EVD-34b03c53855a	SERVICE_DISCOVERY	DOCUMENTATION_ONLY	backend/architecture/reports/DEV-012D-INSTALL-SYSTEMD-UNITS-NO-RESTART-20260628_152602.md	DEV-012D-INSTALL-SYSTEMD-UNITS-NO-RESTART-20260628_152602.md	78	ed40a6adda2e183f72dedbfd565cd2b32fef33b1226a1b987c6dacc30b99b8f3	CDS-001_REPO_UNIT=/home/nawaf511/empire-core-new/backend/services/completed_decision/systemd/ndsp-completed_decision.service	Candidate evidence only; manual verification required.
EVD-15e90f117269	SERVICE_DISCOVERY	DOCUMENTATION_ONLY	backend/architecture/reports/DEV-012D-INSTALL-SYSTEMD-UNITS-NO-RESTART-20260628_152602.md	DEV-012D-INSTALL-SYSTEMD-UNITS-NO-RESTART-20260628_152602.md	79	ed40a6adda2e183f72dedbfd565cd2b32fef33b1226a1b987c6dacc30b99b8f3	CDS-001_INSTALLED_UNIT=/etc/systemd/system/ndsp-completed_decision.service	Candidate evidence only; manual verification required.
EVD-e0ee4b186882	SERVICE_DISCOVERY	DOCUMENTATION_ONLY	backend/architecture/reports/DEV-012D-INSTALL-SYSTEMD-UNITS-NO-RESTART-20260628_152602.md	DEV-012D-INSTALL-SYSTEMD-UNITS-NO-RESTART-20260628_152602.md	82	ed40a6adda2e183f72dedbfd565cd2b32fef33b1226a1b987c6dacc30b99b8f3	PASS=REDACTED	Candidate evidence only; manual verification required.
EVD-164544566f1b	SERVICE_DISCOVERY	DOCUMENTATION_ONLY	backend/architecture/reports/DEV-012D-INSTALL-SYSTEMD-UNITS-NO-RESTART-20260628_152602.md	DEV-012D-INSTALL-SYSTEMD-UNITS-NO-RESTART-20260628_152602.md	85	ed40a6adda2e183f72dedbfd565cd2b32fef33b1226a1b987c6dacc30b99b8f3	DGC-001_UNIT=ndsp-decision_governance_core.service	Candidate evidence only; manual verification required.
EVD-f452f26bb275	SERVICE_DISCOVERY	DOCUMENTATION_ONLY	backend/architecture/reports/DEV-012D-INSTALL-SYSTEMD-UNITS-NO-RESTART-20260628_152602.md	DEV-012D-INSTALL-SYSTEMD-UNITS-NO-RESTART-20260628_152602.md	86	ed40a6adda2e183f72dedbfd565cd2b32fef33b1226a1b987c6dacc30b99b8f3	DGC-001_REPO_UNIT=/home/nawaf511/empire-core-new/backend/services/decision_governance_core/systemd/ndsp-decision_governance_core.service	Candidate evidence only; manual verification required.
EVD-5ba85d936ec0	SERVICE_DISCOVERY	DOCUMENTATION_ONLY	backend/architecture/reports/DEV-012D-INSTALL-SYSTEMD-UNITS-NO-RESTART-20260628_152602.md	DEV-012D-INSTALL-SYSTEMD-UNITS-NO-RESTART-20260628_152602.md	87	ed40a6adda2e183f72dedbfd565cd2b32fef33b1226a1b987c6dacc30b99b8f3	DGC-001_INSTALLED_UNIT=/etc/systemd/system/ndsp-decision_governance_core.service	Candidate evidence only; manual verification required.
EVD-1355d559ebb0	SERVICE_DISCOVERY	DOCUMENTATION_ONLY	backend/architecture/reports/DEV-012E-LOCAL-HEALTH-PROCESS-OWNERSHIP-CHECK-20260628_152910.md	DEV-012E-LOCAL-HEALTH-PROCESS-OWNERSHIP-CHECK-20260628_152910.md	10	c6613fa76aa7d8f80fe434d94bd2fbc3bbb0a71a05e0c7ac23c786029830835e	NO_SERVICE_START=YES	Candidate evidence only; manual verification required.
EVD-5d466f7ffe61	SERVICE_DISCOVERY	DOCUMENTATION_ONLY	backend/architecture/reports/DEV-012E-LOCAL-HEALTH-PROCESS-OWNERSHIP-CHECK-20260628_152910.md	DEV-012E-LOCAL-HEALTH-PROCESS-OWNERSHIP-CHECK-20260628_152910.md	11	c6613fa76aa7d8f80fe434d94bd2fbc3bbb0a71a05e0c7ac23c786029830835e	NO_SERVICE_STOP=YES	Candidate evidence only; manual verification required.
EVD-a05ea9e382e9	SERVICE_DISCOVERY	DOCUMENTATION_ONLY	backend/architecture/reports/DEV-012E-LOCAL-HEALTH-PROCESS-OWNERSHIP-CHECK-20260628_152910.md	DEV-012E-LOCAL-HEALTH-PROCESS-OWNERSHIP-CHECK-20260628_152910.md	12	c6613fa76aa7d8f80fe434d94bd2fbc3bbb0a71a05e0c7ac23c786029830835e	NO_SERVICE_RESTART=YES	Candidate evidence only; manual verification required.
EVD-0f7eb4ea7947	SERVICE_DISCOVERY	DOCUMENTATION_ONLY	backend/architecture/reports/DEV-012E-LOCAL-HEALTH-PROCESS-OWNERSHIP-CHECK-20260628_152910.md	DEV-012E-LOCAL-HEALTH-PROCESS-OWNERSHIP-CHECK-20260628_152910.md	26	c6613fa76aa7d8f80fe434d94bd2fbc3bbb0a71a05e0c7ac23c786029830835e	- CDS-001 adoption required: port 9078 is listening by PID 1923 but ndsp-completed_decision.service is inactive.	Candidate evidence only; manual verification required.
EVD-f164d74370d4	SERVICE_DISCOVERY	DOCUMENTATION_ONLY	backend/architecture/reports/DEV-012E-LOCAL-HEALTH-PROCESS-OWNERSHIP-CHECK-20260628_152910.md	DEV-012E-LOCAL-HEALTH-PROCESS-OWNERSHIP-CHECK-20260628_152910.md	27	c6613fa76aa7d8f80fe434d94bd2fbc3bbb0a71a05e0c7ac23c786029830835e	- DGC-001 adoption required: port 9079 is listening by PID 1939 but ndsp-decision_governance_core.service is inactive.	Candidate evidence only; manual verification required.
EVD-785b903ae669	SERVICE_DISCOVERY	DOCUMENTATION_ONLY	backend/architecture/reports/DEV-012E-LOCAL-HEALTH-PROCESS-OWNERSHIP-CHECK-20260628_152910.md	DEV-012E-LOCAL-HEALTH-PROCESS-OWNERSHIP-CHECK-20260628_152910.md	28	c6613fa76aa7d8f80fe434d94bd2fbc3bbb0a71a05e0c7ac23c786029830835e	- BOT-001 adoption required: port 9080 is listening by PID 1930 but ndsp-bot_execution.service is inactive.	Candidate evidence only; manual verification required.
EVD-96f7fac9c1b3	SERVICE_DISCOVERY	DOCUMENTATION_ONLY	backend/architecture/reports/DEV-012E-LOCAL-HEALTH-PROCESS-OWNERSHIP-CHECK-20260628_152910.md	DEV-012E-LOCAL-HEALTH-PROCESS-OWNERSHIP-CHECK-20260628_152910.md	32	c6613fa76aa7d8f80fe434d94bd2fbc3bbb0a71a05e0c7ac23c786029830835e	Some services may be healthy on their ports but not owned by systemd yet.	Candidate evidence only; manual verification required.
EVD-522ec54b49b9	SERVICE_DISCOVERY	DOCUMENTATION_ONLY	backend/architecture/reports/DEV-012E-LOCAL-HEALTH-PROCESS-OWNERSHIP-CHECK-20260628_152910.md	DEV-012E-LOCAL-HEALTH-PROCESS-OWNERSHIP-CHECK-20260628_152910.md	36	c6613fa76aa7d8f80fe434d94bd2fbc3bbb0a71a05e0c7ac23c786029830835e	DEV-012F — controlled systemd adoption for CDS then DGC then BOT, one service at a time.	Candidate evidence only; manual verification required.
EVD-259fe4f182e8	SERVICE_DISCOVERY	DOCUMENTATION_ONLY	backend/architecture/reports/DEV-012E-LOCAL-HEALTH-PROCESS-OWNERSHIP-CHECK-20260628_152910.md	DEV-012E-LOCAL-HEALTH-PROCESS-OWNERSHIP-CHECK-20260628_152910.md	48	c6613fa76aa7d8f80fe434d94bd2fbc3bbb0a71a05e0c7ac23c786029830835e	NO_SERVICE_START=YES	Candidate evidence only; manual verification required.
EVD-7c12b7957338	SERVICE_DISCOVERY	DOCUMENTATION_ONLY	backend/architecture/reports/DEV-012E-LOCAL-HEALTH-PROCESS-OWNERSHIP-CHECK-20260628_152910.md	DEV-012E-LOCAL-HEALTH-PROCESS-OWNERSHIP-CHECK-20260628_152910.md	49	c6613fa76aa7d8f80fe434d94bd2fbc3bbb0a71a05e0c7ac23c786029830835e	NO_SERVICE_STOP=YES	Candidate evidence only; manual verification required.
EVD-9b072a28c18b	SERVICE_DISCOVERY	DOCUMENTATION_ONLY	backend/architecture/reports/DEV-012E-LOCAL-HEALTH-PROCESS-OWNERSHIP-CHECK-20260628_152910.md	DEV-012E-LOCAL-HEALTH-PROCESS-OWNERSHIP-CHECK-20260628_152910.md	50	c6613fa76aa7d8f80fe434d94bd2fbc3bbb0a71a05e0c7ac23c786029830835e	NO_SERVICE_RESTART=YES	Candidate evidence only; manual verification required.
EVD-857398bc2700	SERVICE_DISCOVERY	DOCUMENTATION_ONLY	backend/architecture/reports/DEV-012E-LOCAL-HEALTH-PROCESS-OWNERSHIP-CHECK-20260628_152910.md	DEV-012E-LOCAL-HEALTH-PROCESS-OWNERSHIP-CHECK-20260628_152910.md	65	c6613fa76aa7d8f80fe434d94bd2fbc3bbb0a71a05e0c7ac23c786029830835e	== 5) LOCAL SERVICE HEALTH AND PROCESS OWNERSHIP ==	Candidate evidence only; manual verification required.
EVD-41e17ed344ff	SERVICE_DISCOVERY	DOCUMENTATION_ONLY	backend/architecture/reports/DEV-012E-LOCAL-HEALTH-PROCESS-OWNERSHIP-CHECK-20260628_152910.md	DEV-012E-LOCAL-HEALTH-PROCESS-OWNERSHIP-CHECK-20260628_152910.md	66	c6613fa76aa7d8f80fe434d94bd2fbc3bbb0a71a05e0c7ac23c786029830835e	CTL-001_UNIT=ndsp-ctl-001-workspace-identity.service	Candidate evidence only; manual verification required.
EVD-6003cace4656	SERVICE_DISCOVERY	DOCUMENTATION_ONLY	backend/architecture/reports/DEV-012E-LOCAL-HEALTH-PROCESS-OWNERSHIP-CHECK-20260628_152910.md	DEV-012E-LOCAL-HEALTH-PROCESS-OWNERSHIP-CHECK-20260628_152910.md	77	c6613fa76aa7d8f80fe434d94bd2fbc3bbb0a71a05e0c7ac23c786029830835e	"{""ok"":true,""service"":""CTL-001"",""service_name"":""Workspace Identity"",""product"":""SYS-001"",""domain"":""Operating System"",""version"":""1.0.0"",""release"":""REL-1.1"",""uptime_seconds"":3075,""timestamp"":""2026-06-28T13:29:11.403Z"",""status"":""UP""}"	Candidate evidence only; manual verification required.
EVD-79f4032519f2	SERVICE_DISCOVERY	DOCUMENTATION_ONLY	backend/architecture/reports/DEV-012E-LOCAL-HEALTH-PROCESS-OWNERSHIP-CHECK-20260628_152910.md	DEV-012E-LOCAL-HEALTH-PROCESS-OWNERSHIP-CHECK-20260628_152910.md	79	c6613fa76aa7d8f80fe434d94bd2fbc3bbb0a71a05e0c7ac23c786029830835e	"{""ok"":true,""service"":""CTL-001"",""service_name"":""Workspace Identity"",""version"":""1.0.0"",""build"":""1.0.0"",""release"":""REL-1.1"",""git_commit"":null,""timestamp"":""2026-06-28T13:29:11.452Z""}"	Candidate evidence only; manual verification required.
EVD-ec73fdb3b9a5	SERVICE_DISCOVERY	DOCUMENTATION_ONLY	backend/architecture/reports/DEV-012E-LOCAL-HEALTH-PROCESS-OWNERSHIP-CHECK-20260628_152910.md	DEV-012E-LOCAL-HEALTH-PROCESS-OWNERSHIP-CHECK-20260628_152910.md	81	c6613fa76aa7d8f80fe434d94bd2fbc3bbb0a71a05e0c7ac23c786029830835e	"{""ok"":true,""service"":""CTL-001"",""service_name"":""Workspace Identity"",""component"":""CTL-001"",""product"":""SYS-001"",""domain"":""Operating System"",""owner"":""NDSP Engineering"",""description"":""NDSP-OS workspace identity service. Provides identity, health, version and about endpoints."",""documentation_version"":""1.0.0"",""framework"":{""id"":""ENG-001"",""name"":""NDSP Service Framework"",""version"":""1.0.0""},""timestamp"":""2026-06-28T13:29:11.501Z""}"	Candidate evidence only; manual verification required.
EVD-2a42b9a2aa93	SERVICE_DISCOVERY	DOCUMENTATION_ONLY	backend/architecture/reports/DEV-012E-LOCAL-HEALTH-PROCESS-OWNERSHIP-CHECK-20260628_152910.md	DEV-012E-LOCAL-HEALTH-PROCESS-OWNERSHIP-CHECK-20260628_152910.md	82	c6613fa76aa7d8f80fe434d94bd2fbc3bbb0a71a05e0c7ac23c786029830835e	CDS-001_UNIT=ndsp-completed_decision.service	Candidate evidence only; manual verification required.
EVD-ab4648a8452d	SERVICE_DISCOVERY	DOCUMENTATION_ONLY	backend/architecture/reports/DEV-012E-LOCAL-HEALTH-PROCESS-OWNERSHIP-CHECK-20260628_152910.md	DEV-012E-LOCAL-HEALTH-PROCESS-OWNERSHIP-CHECK-20260628_152910.md	92	c6613fa76aa7d8f80fe434d94bd2fbc3bbb0a71a05e0c7ac23c786029830835e	"{""ok"":true,""service"":""ndsp-completed-decision-service"",""port"":9078,""time"":""2026-06-28T13:29:11.780Z"",""database"":true}"	Candidate evidence only; manual verification required.
EVD-0d66128ee10f	SERVICE_DISCOVERY	DOCUMENTATION_ONLY	backend/architecture/reports/DEV-012E-LOCAL-HEALTH-PROCESS-OWNERSHIP-CHECK-20260628_152910.md	DEV-012E-LOCAL-HEALTH-PROCESS-OWNERSHIP-CHECK-20260628_152910.md	94	c6613fa76aa7d8f80fe434d94bd2fbc3bbb0a71a05e0c7ac23c786029830835e	"{""ok"":true,""service"":""CDS-001"",""name"":""Completed Decision Service"",""version"":""1.0.0"",""build"":""1.0.0"",""framework"":{""id"":""ENG-001"",""factory"":""createNDSPService"",""factory_available"":true,""migration_mode"":""transitional_express_adapter"",""note"":""CDS preserves existing Express routes while exposing ENG-001 standard metadata endpoints.""}}"	Candidate evidence only; manual verification required.
EVD-407f78b09666	SERVICE_DISCOVERY	DOCUMENTATION_ONLY	backend/architecture/reports/DEV-012E-LOCAL-HEALTH-PROCESS-OWNERSHIP-CHECK-20260628_152910.md	DEV-012E-LOCAL-HEALTH-PROCESS-OWNERSHIP-CHECK-20260628_152910.md	96	c6613fa76aa7d8f80fe434d94bd2fbc3bbb0a71a05e0c7ac23c786029830835e	"{""ok"":true,""service"":""CDS-001"",""name"":""Completed Decision Service"",""description"":""Official NDSP completed decision source of truth."",""role"":""single_source_of_truth_for_completed_decisions"",""decision_policy"":""decision_support_only"",""not_financial_advice"":true,""not_execution_instruction"":true,""framework"":{""id"":""ENG-001"",""factory"":""createNDSPService"",""factory_available"":true,""migration_mode"":""transitional_express_adapter"",""note"":""CDS preserves existing Express routes while exposing ENG-001 standard"	Candidate evidence only; manual verification required.
EVD-c5d9c111962a	SERVICE_DISCOVERY	DOCUMENTATION_ONLY	backend/architecture/reports/DEV-012Z-FIX-CDS-ENV-AND-CLOSE-20260628_173523.md	DEV-012Z-FIX-CDS-ENV-AND-CLOSE-20260628_173523.md	16	4238098ffd069da6a26ac7c3c585fd3c958a149854af4ff28ee0645eec562840	/home/nawaf511/empire-core-new/backend/runtime/systemd-env/core-services.env	Candidate evidence only; manual verification required.
EVD-948d19f711f6	SERVICE_DISCOVERY	DOCUMENTATION_ONLY	backend/architecture/reports/DEV-012Z-FIX-CDS-ENV-AND-CLOSE-20260628_173523.md	DEV-012Z-FIX-CDS-ENV-AND-CLOSE-20260628_173523.md	29	4238098ffd069da6a26ac7c3c585fd3c958a149854af4ff28ee0645eec562840	ENV_FILE=/home/nawaf511/empire-core-new/backend/runtime/systemd-env/core-services.env	Candidate evidence only; manual verification required.
EVD-b5fe6706c372	SERVICE_DISCOVERY	DOCUMENTATION_ONLY	backend/architecture/reports/DEV-012Z-FIX-CDS-ENV-AND-CLOSE-20260628_173523.md	DEV-012Z-FIX-CDS-ENV-AND-CLOSE-20260628_173523.md	41	4238098ffd069da6a26ac7c3c585fd3c958a149854af4ff28ee0645eec562840	PASS=REDACTED	Candidate evidence only; manual verification required.
EVD-772eb881ce83	SERVICE_DISCOVERY	DOCUMENTATION_ONLY	backend/architecture/reports/DEV-012Z-FIX-CDS-ENV-AND-CLOSE-20260628_173523.md	DEV-012Z-FIX-CDS-ENV-AND-CLOSE-20260628_173523.md	45	4238098ffd069da6a26ac7c3c585fd3c958a149854af4ff28ee0645eec562840	PASS=REDACTED	Candidate evidence only; manual verification required.
EVD-723941aa66ad	SERVICE_DISCOVERY	DOCUMENTATION_ONLY	backend/architecture/reports/DEV-012Z-FIX-CDS-ENV-AND-CLOSE-20260628_173523.md	DEV-012Z-FIX-CDS-ENV-AND-CLOSE-20260628_173523.md	47	4238098ffd069da6a26ac7c3c585fd3c958a149854af4ff28ee0645eec562840	PASS=REDACTED	Candidate evidence only; manual verification required.
EVD-fb2da9a80ed0	SERVICE_DISCOVERY	DOCUMENTATION_ONLY	backend/architecture/reports/DEV-012Z-FIX-CDS-ENV-AND-CLOSE-20260628_173523.md	DEV-012Z-FIX-CDS-ENV-AND-CLOSE-20260628_173523.md	49	4238098ffd069da6a26ac7c3c585fd3c958a149854af4ff28ee0645eec562840	PASS=REDACTED	Candidate evidence only; manual verification required.
EVD-6af879a7538f	SERVICE_DISCOVERY	DOCUMENTATION_ONLY	backend/architecture/reports/DEV-012Z-FIX-CDS-ENV-AND-CLOSE-20260628_173523.md	DEV-012Z-FIX-CDS-ENV-AND-CLOSE-20260628_173523.md	78	4238098ffd069da6a26ac7c3c585fd3c958a149854af4ff28ee0645eec562840	== 6) ENABLE SERVICES ==	Candidate evidence only; manual verification required.
EVD-7b40e1eac348	SERVICE_DISCOVERY	DOCUMENTATION_ONLY	backend/architecture/reports/DEV-012Z-FIX-CDS-ENV-AND-CLOSE-20260628_173523.md	DEV-012Z-FIX-CDS-ENV-AND-CLOSE-20260628_173523.md	79	4238098ffd069da6a26ac7c3c585fd3c958a149854af4ff28ee0645eec562840	PASS=REDACTED	Candidate evidence only; manual verification required.
EVD-d7b46b02609c	SERVICE_DISCOVERY	DOCUMENTATION_ONLY	backend/architecture/reports/DEV-012Z-FIX-CDS-ENV-AND-CLOSE-20260628_173523.md	DEV-012Z-FIX-CDS-ENV-AND-CLOSE-20260628_173523.md	80	4238098ffd069da6a26ac7c3c585fd3c958a149854af4ff28ee0645eec562840	PASS=REDACTED	Candidate evidence only; manual verification required.
EVD-5ce2f316b172	SERVICE_DISCOVERY	DOCUMENTATION_ONLY	backend/architecture/reports/DEV-012Z-FIX-CDS-ENV-AND-CLOSE-20260628_173523.md	DEV-012Z-FIX-CDS-ENV-AND-CLOSE-20260628_173523.md	81	4238098ffd069da6a26ac7c3c585fd3c958a149854af4ff28ee0645eec562840	PASS=REDACTED	Candidate evidence only; manual verification required.
EVD-d818d22893da	SERVICE_DISCOVERY	DOCUMENTATION_ONLY	backend/architecture/reports/DEV-012Z-FIX-CDS-ENV-AND-CLOSE-20260628_173523.md	DEV-012Z-FIX-CDS-ENV-AND-CLOSE-20260628_173523.md	82	4238098ffd069da6a26ac7c3c585fd3c958a149854af4ff28ee0645eec562840	PASS=REDACTED	Candidate evidence only; manual verification required.
EVD-fdc3030fde27	SERVICE_DISCOVERY	DOCUMENTATION_ONLY	backend/architecture/reports/DEV-012Z-FIX-CDS-ENV-AND-CLOSE-20260628_173523.md	DEV-012Z-FIX-CDS-ENV-AND-CLOSE-20260628_173523.md	122	4238098ffd069da6a26ac7c3c585fd3c958a149854af4ff28ee0645eec562840	M backend/services/bot_execution/systemd/ndsp-bot_execution.service	Candidate evidence only; manual verification required.
EVD-9b8f9b7a91e9	SERVICE_DISCOVERY	DOCUMENTATION_ONLY	backend/architecture/reports/DEV-012Z-FIX-CDS-ENV-AND-CLOSE-20260628_173523.md	DEV-012Z-FIX-CDS-ENV-AND-CLOSE-20260628_173523.md	123	4238098ffd069da6a26ac7c3c585fd3c958a149854af4ff28ee0645eec562840	M backend/services/completed_decision/systemd/ndsp-completed_decision.service	Candidate evidence only; manual verification required.
EVD-89c600683725	SERVICE_DISCOVERY	DOCUMENTATION_ONLY	backend/architecture/reports/DEV-012Z-FIX-CDS-ENV-AND-CLOSE-20260628_173523.md	DEV-012Z-FIX-CDS-ENV-AND-CLOSE-20260628_173523.md	124	4238098ffd069da6a26ac7c3c585fd3c958a149854af4ff28ee0645eec562840	M backend/services/decision_governance_core/systemd/ndsp-decision_governance_core.service	Candidate evidence only; manual verification required.
EVD-80bfc1f80819	SERVICE_DISCOVERY	DOCUMENTATION_ONLY	backend/architecture/reports/DEV-012Z-FIX-CDS-ENV-AND-CLOSE-20260628_173523.md	DEV-012Z-FIX-CDS-ENV-AND-CLOSE-20260628_173523.md	136	4238098ffd069da6a26ac7c3c585fd3c958a149854af4ff28ee0645eec562840	REQUIRED_PATH_PASS=REDACTED	Candidate evidence only; manual verification required.
EVD-f3a6959cf3de	SERVICE_DISCOVERY	DOCUMENTATION_ONLY	backend/architecture/reports/DEV-012Z-FIX-CDS-ENV-AND-CLOSE-20260628_173523.md	DEV-012Z-FIX-CDS-ENV-AND-CLOSE-20260628_173523.md	140	4238098ffd069da6a26ac7c3c585fd3c958a149854af4ff28ee0645eec562840	SERVICE_REGISTRY_PATH_PASS=REDACTED	Candidate evidence only; manual verification required.
EVD-74ac5d450631	SERVICE_DISCOVERY	DOCUMENTATION_ONLY	backend/architecture/reports/DEV-012Z-FIX-CDS-ENV-AND-CLOSE-20260628_173523.md	DEV-012Z-FIX-CDS-ENV-AND-CLOSE-20260628_173523.md	141	4238098ffd069da6a26ac7c3c585fd3c958a149854af4ff28ee0645eec562840	SERVICE_REGISTRY_AUTHORITY=NDSP_DOCTOR	Candidate evidence only; manual verification required.
EVD-d0a2ad0fda15	SERVICE_DISCOVERY	DOCUMENTATION_ONLY	backend/architecture/reports/DEV-012Z-FIX-CDS-ENV-AND-CLOSE-20260628_173523.md	DEV-012Z-FIX-CDS-ENV-AND-CLOSE-20260628_173523.md	146	4238098ffd069da6a26ac7c3c585fd3c958a149854af4ff28ee0645eec562840	SERVICES_DIR=OK	Candidate evidence only; manual verification required.
EVD-37a19b2ed6ac	SERVICE_DISCOVERY	DOCUMENTATION_ONLY	backend/architecture/reports/DEV-012Z-FIX-CDS-ENV-AND-CLOSE-20260628_173523.md	DEV-012Z-FIX-CDS-ENV-AND-CLOSE-20260628_173523.md	147	4238098ffd069da6a26ac7c3c585fd3c958a149854af4ff28ee0645eec562840	SERVICE_REGISTRY=OK	Candidate evidence only; manual verification required.
EVD-1eab4536d089	SERVICE_DISCOVERY	DOCUMENTATION_ONLY	backend/architecture/reports/DEV-012Z-FIX-CDS-ENV-AND-CLOSE-20260628_173523.md	DEV-012Z-FIX-CDS-ENV-AND-CLOSE-20260628_173523.md	148	4238098ffd069da6a26ac7c3c585fd3c958a149854af4ff28ee0645eec562840	== SERVICE COUNT ==	Candidate evidence only; manual verification required.
EVD-0592f02d7cfa	SERVICE_DISCOVERY	DOCUMENTATION_ONLY	backend/architecture/reports/DEV-012Z-RECOVER-AND-CLOSE-SYSTEMD-LOCAL-20260628_172726.md	DEV-012Z-RECOVER-AND-CLOSE-SYSTEMD-LOCAL-20260628_172726.md	38	38c24cb2836413fa43f04be7bf6db93aeff740374e5447ec5c52086b58ed7693	"{""ok"":true,""service"":""CTL-001"",""service_name"":""Workspace Identity"",""product"":""SYS-001"",""domain"":""Operating System"",""version"":""1.0.0"",""release"":""REL-1.1"",""uptime_seconds"":10170,""timestamp"":""2026-06-28T15:27:26.308Z"",""status"":""UP""}"	Candidate evidence only; manual verification required.
EVD-5761102678fe	SERVICE_DISCOVERY	DOCUMENTATION_ONLY	backend/architecture/reports/DEV-012Z-RECOVER-AND-CLOSE-SYSTEMD-LOCAL-20260628_172726.md	DEV-012Z-RECOVER-AND-CLOSE-SYSTEMD-LOCAL-20260628_172726.md	40	38c24cb2836413fa43f04be7bf6db93aeff740374e5447ec5c52086b58ed7693	"{""ok"":true,""service"":""CTL-001"",""service_name"":""Workspace Identity"",""version"":""1.0.0"",""build"":""1.0.0"",""release"":""REL-1.1"",""git_commit"":null,""timestamp"":""2026-06-28T15:27:26.346Z""}"	Candidate evidence only; manual verification required.
EVD-663b183e1e42	SERVICE_DISCOVERY	DOCUMENTATION_ONLY	backend/architecture/reports/DEV-012Z-RECOVER-AND-CLOSE-SYSTEMD-LOCAL-20260628_172726.md	DEV-012Z-RECOVER-AND-CLOSE-SYSTEMD-LOCAL-20260628_172726.md	42	38c24cb2836413fa43f04be7bf6db93aeff740374e5447ec5c52086b58ed7693	"{""ok"":true,""service"":""CTL-001"",""service_name"":""Workspace Identity"",""component"":""CTL-001"",""product"":""SYS-001"",""domain"":""Operating System"",""owner"":""NDSP Engineering"",""description"":""NDSP-OS workspace identity service. Provides identity, health, version and about endpoints."",""documentation_version"":""1.0.0"",""framework"":{""id"":""ENG-001"",""name"":""NDSP Service Framework"",""version"":""1.0.0""},""timestamp"":""2026-06-28T15:27:26.378Z""}"	Candidate evidence only; manual verification required.
EVD-a5fa5bc7c7d5	SERVICE_DISCOVERY	DOCUMENTATION_ONLY	backend/architecture/reports/DEV-012Z-RECOVER-AND-CLOSE-SYSTEMD-LOCAL-20260628_172726.md	DEV-012Z-RECOVER-AND-CLOSE-SYSTEMD-LOCAL-20260628_172726.md	47	38c24cb2836413fa43f04be7bf6db93aeff740374e5447ec5c52086b58ed7693	CDS-001_UNIT=ndsp-completed_decision.service	Candidate evidence only; manual verification required.
EVD-d99d069e4ccd	SERVICE_DISCOVERY	DOCUMENTATION_ONLY	backend/architecture/reports/DEV-012Z-RECOVER-AND-CLOSE-SYSTEMD-LOCAL-20260628_172726.md	DEV-012Z-RECOVER-AND-CLOSE-SYSTEMD-LOCAL-20260628_172726.md	49	38c24cb2836413fa43f04be7bf6db93aeff740374e5447ec5c52086b58ed7693	CDS-001_REPO_UNIT=/home/nawaf511/empire-core-new/backend/services/completed_decision/systemd/ndsp-completed_decision.service	Candidate evidence only; manual verification required.
EVD-bbc4f1f0c5c1	SERVICE_DISCOVERY	DOCUMENTATION_ONLY	backend/architecture/reports/DEV-012Z-RECOVER-AND-CLOSE-SYSTEMD-LOCAL-20260628_172726.md	DEV-012Z-RECOVER-AND-CLOSE-SYSTEMD-LOCAL-20260628_172726.md	50	38c24cb2836413fa43f04be7bf6db93aeff740374e5447ec5c52086b58ed7693	CDS-001_INSTALLED_UNIT=/etc/systemd/system/ndsp-completed_decision.service	Candidate evidence only; manual verification required.
EVD-65edf4fbb123	SERVICE_DISCOVERY	DOCUMENTATION_ONLY	backend/architecture/reports/DEV-012Z-RECOVER-AND-CLOSE-SYSTEMD-LOCAL-20260628_172726.md	DEV-012Z-RECOVER-AND-CLOSE-SYSTEMD-LOCAL-20260628_172726.md	52	38c24cb2836413fa43f04be7bf6db93aeff740374e5447ec5c52086b58ed7693	PASS=REDACTED	Candidate evidence only; manual verification required.
EVD-bce1af440587	SERVICE_DISCOVERY	DOCUMENTATION_ONLY	backend/architecture/reports/DEV-012Z-RECOVER-AND-CLOSE-SYSTEMD-LOCAL-20260628_172726.md	DEV-012Z-RECOVER-AND-CLOSE-SYSTEMD-LOCAL-20260628_172726.md	58	38c24cb2836413fa43f04be7bf6db93aeff740374e5447ec5c52086b58ed7693	433889 nawaf511    01:45:53 /usr/bin/node /home/nawaf511/empire-core-new/backend/services/completed_decision/main.cjs	Candidate evidence only; manual verification required.
EVD-2c4b9a7fde95	SERVICE_DISCOVERY	DOCUMENTATION_ONLY	backend/architecture/reports/DEV-012Z-RECOVER-AND-CLOSE-SYSTEMD-LOCAL-20260628_172726.md	DEV-012Z-RECOVER-AND-CLOSE-SYSTEMD-LOCAL-20260628_172726.md	67	38c24cb2836413fa43f04be7bf6db93aeff740374e5447ec5c52086b58ed7693	● ndsp-completed_decision.service - NDSP CDS-001 Completed Decision Service	Candidate evidence only; manual verification required.
EVD-a0b64b08699c	SERVICE_DISCOVERY	DOCUMENTATION_ONLY	backend/architecture/reports/DEV-012Z-RECOVER-AND-CLOSE-SYSTEMD-LOCAL-20260628_172726.md	DEV-012Z-RECOVER-AND-CLOSE-SYSTEMD-LOCAL-20260628_172726.md	68	38c24cb2836413fa43f04be7bf6db93aeff740374e5447ec5c52086b58ed7693	Loaded: loaded (/etc/systemd/system/ndsp-completed_decision.service; disabled; preset: enabled)	Candidate evidence only; manual verification required.
EVD-7a6454fab187	SERVICE_DISCOVERY	DOCUMENTATION_ONLY	backend/architecture/reports/DEV-012Z-RECOVER-AND-CLOSE-SYSTEMD-LOCAL-20260628_172726.md	DEV-012Z-RECOVER-AND-CLOSE-SYSTEMD-LOCAL-20260628_172726.md	74	38c24cb2836413fa43f04be7bf6db93aeff740374e5447ec5c52086b58ed7693	CGroup: /system.slice/ndsp-completed_decision.service	Candidate evidence only; manual verification required.
EVD-9f7c7ff31ba2	SERVICE_DISCOVERY	DOCUMENTATION_ONLY	backend/architecture/reports/DEV-012Z-RECOVER-AND-CLOSE-SYSTEMD-LOCAL-20260628_172726.md	DEV-012Z-RECOVER-AND-CLOSE-SYSTEMD-LOCAL-20260628_172726.md	75	38c24cb2836413fa43f04be7bf6db93aeff740374e5447ec5c52086b58ed7693	└─1140036 /usr/bin/node /home/nawaf511/empire-core-new/backend/services/completed_decision/main.cjs	Candidate evidence only; manual verification required.
EVD-f298efa56b86	SERVICE_DISCOVERY	DOCUMENTATION_ONLY	backend/architecture/reports/DEV-012Z-RECOVER-AND-CLOSE-SYSTEMD-LOCAL-20260628_172726.md	DEV-012Z-RECOVER-AND-CLOSE-SYSTEMD-LOCAL-20260628_172726.md	77	38c24cb2836413fa43f04be7bf6db93aeff740374e5447ec5c52086b58ed7693	يونيو 28 17:28:02 vmi2934783 systemd[1]: ndsp-completed_decision.service: Main process exited, code=exited, status=1/FAILURE	Candidate evidence only; manual verification required.
EVD-e238063186f7	SERVICE_DISCOVERY	DOCUMENTATION_ONLY	backend/architecture/reports/DEV-012Z-RECOVER-AND-CLOSE-SYSTEMD-LOCAL-20260628_172726.md	DEV-012Z-RECOVER-AND-CLOSE-SYSTEMD-LOCAL-20260628_172726.md	78	38c24cb2836413fa43f04be7bf6db93aeff740374e5447ec5c52086b58ed7693	يونيو 28 17:28:02 vmi2934783 systemd[1]: ndsp-completed_decision.service: Failed with result 'exit-code'.	Candidate evidence only; manual verification required.
EVD-4267fb376693	SERVICE_DISCOVERY	DOCUMENTATION_ONLY	backend/architecture/reports/DEV-012Z-RECOVER-AND-CLOSE-SYSTEMD-LOCAL-20260628_172726.md	DEV-012Z-RECOVER-AND-CLOSE-SYSTEMD-LOCAL-20260628_172726.md	79	38c24cb2836413fa43f04be7bf6db93aeff740374e5447ec5c52086b58ed7693	يونيو 28 17:28:05 vmi2934783 systemd[1]: ndsp-completed_decision.service: Scheduled restart job, restart counter is at 1.	Candidate evidence only; manual verification required.
EVD-023cc881928c	SERVICE_DISCOVERY	DOCUMENTATION_ONLY	backend/architecture/reports/DEV-012Z-RECOVER-AND-CLOSE-SYSTEMD-LOCAL-20260628_172726.md	DEV-012Z-RECOVER-AND-CLOSE-SYSTEMD-LOCAL-20260628_172726.md	80	38c24cb2836413fa43f04be7bf6db93aeff740374e5447ec5c52086b58ed7693	يونيو 28 17:28:05 vmi2934783 systemd[1]: Started ndsp-completed_decision.service - NDSP CDS-001 Completed Decision Service.	Candidate evidence only; manual verification required.
EVD-bcb05a0891fc	SERVICE_DISCOVERY	DOCUMENTATION_ONLY	backend/architecture/reports/DEV-012Z-RECOVER-AND-CLOSE-SYSTEMD-LOCAL-20260628_172726.md	DEV-012Z-RECOVER-AND-CLOSE-SYSTEMD-LOCAL-20260628_172726.md	83	38c24cb2836413fa43f04be7bf6db93aeff740374e5447ec5c52086b58ed7693	يونيو 28 17:26:52 vmi2934783 systemd[1]: ndsp-completed_decision.service: Scheduled restart job, restart counter is at 1745.	Candidate evidence only; manual verification required.
EVD-056cf22efee8	SERVICE_DISCOVERY	DOCUMENTATION_ONLY	backend/architecture/reports/DEV-012Z-RECOVER-AND-CLOSE-SYSTEMD-LOCAL-20260628_172726.md	DEV-012Z-RECOVER-AND-CLOSE-SYSTEMD-LOCAL-20260628_172726.md	84	38c24cb2836413fa43f04be7bf6db93aeff740374e5447ec5c52086b58ed7693	يونيو 28 17:26:52 vmi2934783 systemd[1]: Started ndsp-completed_decision.service - NDSP CDS-001 Completed Decision Service.	Candidate evidence only; manual verification required.
EVD-32defb00a542	SERVICE_DISCOVERY	DOCUMENTATION_ONLY	backend/architecture/reports/DEV-012Z-RECOVER-AND-CLOSE-SYSTEMD-LOCAL-20260628_172726.md	DEV-012Z-RECOVER-AND-CLOSE-SYSTEMD-LOCAL-20260628_172726.md	85	38c24cb2836413fa43f04be7bf6db93aeff740374e5447ec5c52086b58ed7693	يونيو 28 17:26:52 vmi2934783 node[1130939]: [NDSP] Completed Decision Service failed to initialize: Error: SASL: SCRAM-SERVER-FIRST-MESSAGE: client password must be a string	Candidate evidence only; manual verification required.
EVD-c5056caece12	SERVICE_DISCOVERY	DOCUMENTATION_ONLY	backend/architecture/reports/DEV-012Z-RECOVER-AND-CLOSE-SYSTEMD-LOCAL-20260628_172726.md	DEV-012Z-RECOVER-AND-CLOSE-SYSTEMD-LOCAL-20260628_172726.md	86	38c24cb2836413fa43f04be7bf6db93aeff740374e5447ec5c52086b58ed7693	يونيو 28 17:26:52 vmi2934783 node[1130939]:     at /home/nawaf511/empire-core-new/backend/services/completed_decision/node_modules/pg-pool/index.js:45:11	Candidate evidence only; manual verification required.
EVD-91790b3e484d	SERVICE_DISCOVERY	DOCUMENTATION_ONLY	backend/architecture/reports/DEV-014-GATEWAY-READINESS-20260628_181658.md	DEV-014-GATEWAY-READINESS-20260628_181658.md	1	2932111aeadf1f05f13192a208a09dd4eda0c7f210da19cb8e1cc9aaf7fae839	# DEV-014 — Service Promotion & Public Gateway Readiness	Candidate evidence only; manual verification required.
EVD-f5fcd4651c3c	SERVICE_DISCOVERY	DOCUMENTATION_ONLY	backend/architecture/reports/DEV-014-GATEWAY-READINESS-20260628_181658.md	DEV-014-GATEWAY-READINESS-20260628_181658.md	9	2932111aeadf1f05f13192a208a09dd4eda0c7f210da19cb8e1cc9aaf7fae839	Prepare NDSP core services for controlled public gateway promotion without applying live Nginx changes.	Candidate evidence only; manual verification required.
EVD-7e9fefdd16ac	SERVICE_DISCOVERY	DOCUMENTATION_ONLY	backend/architecture/reports/DEV-014-GATEWAY-READINESS-20260628_181658.md	DEV-014-GATEWAY-READINESS-20260628_181658.md	21	2932111aeadf1f05f13192a208a09dd4eda0c7f210da19cb8e1cc9aaf7fae839	- backend/gateway/routes/core-services.routes.md	Candidate evidence only; manual verification required.
EVD-bd4abdd1cf9e	SERVICE_DISCOVERY	DOCUMENTATION_ONLY	backend/architecture/reports/DEV-014-GATEWAY-READINESS-20260628_181658.md	DEV-014-GATEWAY-READINESS-20260628_181658.md	22	2932111aeadf1f05f13192a208a09dd4eda0c7f210da19cb8e1cc9aaf7fae839	- backend/gateway/nginx/disabled/api-ndsp-core-services-readiness.conf.example	Candidate evidence only; manual verification required.
EVD-9dcb0317c3b5	SERVICE_DISCOVERY	DOCUMENTATION_ONLY	backend/architecture/reports/DEV-017-AUTO-FINAL-20260629_084803.md	DEV-017-AUTO-FINAL-20260629_084803.md	22	b909bf26cee537dbd7cf8efe17af963ad8899f82b434e27c6fe185fddfc30586	- Local service smoke: PASS	Candidate evidence only; manual verification required.
EVD-3caf65324fe4	SERVICE_DISCOVERY	DOCUMENTATION_ONLY	backend/architecture/reports/DEV-017-AUTO-FINAL-20260629_085022.md	DEV-017-AUTO-FINAL-20260629_085022.md	22	37933096e47a2fe3f591c7f99caf871146094ef75441d28b2e5492d4f7ffa0a0	- Local service smoke: PASS	Candidate evidence only; manual verification required.
EVD-dc0423ebef51	SERVICE_DISCOVERY	DOCUMENTATION_ONLY	backend/architecture/reports/DEV-017-RC1-PRODUCTION-SMOKE-20260629_083955.md	DEV-017-RC1-PRODUCTION-SMOKE-20260629_083955.md	20	c8bc6381e44d0747f79b9981a69ee839736be393eabdffcd5de98df366450cd7	- Local service smoke: PASS	Candidate evidence only; manual verification required.
EVD-c463d2ef9b3f	SERVICE_DISCOVERY	DOCUMENTATION_ONLY	backend/architecture/reports/DEV-018-WOW-RADAR-UI-CANARY-20260629_091747.md	DEV-018-WOW-RADAR-UI-CANARY-20260629_091747.md	17	cf7f83e472d803f45339b8965d9167e35f582afcf48c7bfdf1989669e74c8c4a	UI only. No backend modification. No Certbot. No Nginx edit. No service restart.	Candidate evidence only; manual verification required.
EVD-04d850bd416a	SERVICE_DISCOVERY	DOCUMENTATION_ONLY	backend/architecture/reports/DEV-018-WOW-RADAR-UI-CANARY-20260629_091945.md	DEV-018-WOW-RADAR-UI-CANARY-20260629_091945.md	17	8371eb5adbb285d06c9e15ccd92e3c32257e943192d77cddadd6137953451a06	UI only. No backend modification. No Certbot. No Nginx edit. No service restart.	Candidate evidence only; manual verification required.
EVD-47e33b82b648	SERVICE_DISCOVERY	DOCUMENTATION_ONLY	backend/architecture/reports/DEV-019-SOVEREIGN-COMMAND-PREVIEW-20260629_095927.md	DEV-019-SOVEREIGN-COMMAND-PREVIEW-20260629_095927.md	28	ee4b9543bd47e91fe0710511df162ed7f8726e5832e24e3beac85fd004ac62d7	Preview only. No Nginx change. No backend change. No Certbot. No service restart.	Candidate evidence only; manual verification required.
EVD-ae121b72b196	SERVICE_DISCOVERY	DOCUMENTATION_ONLY	backend/architecture/ui/NDSP_SOVEREIGN_COMMAND_INTERFACE_SPEC.md	NDSP_SOVEREIGN_COMMAND_INTERFACE_SPEC.md	35	453aac5fd652394b75775743588b6048cfbf1a1c230dc188cc8084ec6a4458a7	- Any private execution service	Candidate evidence only; manual verification required.
EVD-387730b3674b	SERVICE_DISCOVERY	DOCUMENTATION_ONLY	backend/architecture/ui/NDSP_SOVEREIGN_COMMAND_INTERFACE_SPEC.md	NDSP_SOVEREIGN_COMMAND_INTERFACE_SPEC.md	47	453aac5fd652394b75775743588b6048cfbf1a1c230dc188cc8084ec6a4458a7	No service restart.	Candidate evidence only; manual verification required.
EVD-0306bffb7825	SERVICE_DISCOVERY	INFERRED_FROM_SOURCE	backend/auth_api/ndsp_admin_actions_gateway.cjs	ndsp_admin_actions_gateway.cjs	313	84b80498bd731e97ddb87868f95da64e394f3b4fa22b02450fdf13fa55995f5a	service: 'ndsp-admin-actions-gateway',	Candidate evidence only; manual verification required.
EVD-9ad3d53270e4	SERVICE_DISCOVERY	INFERRED_FROM_SOURCE	backend/auth_api/ndsp_admin_ui_proxy.cjs	ndsp_admin_ui_proxy.cjs	357	73baa76f5df53e80b55839a950bef6d02eb92cf331eb5e161a4fe90eb1ffdb32	service:'ndsp-admin-ui-proxy',	Candidate evidence only; manual verification required.
EVD-017a49930758	SERVICE_DISCOVERY	INFERRED_FROM_SOURCE	backend/auth_api/ndsp_admin_users_official_readonly.cjs	ndsp_admin_users_official_readonly.cjs	171	8781ed99248a11a063a7b6c36d8db39bc7deb4488ae9de02e4fcb52bf812a025	service: 'ndsp-admin-users-official-readonly',	Candidate evidence only; manual verification required.
EVD-7189242f9ce2	SERVICE_DISCOVERY	INFERRED_FROM_SOURCE	backend/auth_api/ndsp_admin_users_official_readonly.cjs	ndsp_admin_users_official_readonly.cjs	184	8781ed99248a11a063a7b6c36d8db39bc7deb4488ae9de02e4fcb52bf812a025	return send(res, 500, { ok: false, error: 'SERVICE_EXCEPTION', detail: e.message });	Candidate evidence only; manual verification required.
EVD-0d4c06d0ec69	SERVICE_DISCOVERY	INFERRED_FROM_SOURCE	backend/auth_api/ndsp_api_compat_gateway.cjs	ndsp_api_compat_gateway.cjs	80	915359e511f0872dbdc949aab4bfc90ff4e7f44832082c8b3e2fc008d5b4b4a3	service:'ndsp-api-compat',	Candidate evidence only; manual verification required.
EVD-8f03111ad38f	SERVICE_DISCOVERY	INFERRED_FROM_SOURCE	backend/auth_api/ndsp_password_reset_module.js	ndsp_password_reset_module.js	6	e0028e04ee5127bc3338b052479fed0f47952adaeb2f2b71dc8b29ae29eb0b46	service: 'gmail',	Candidate evidence only; manual verification required.
EVD-dbe8f6740007	SERVICE_DISCOVERY	INFERRED_FROM_SOURCE	backend/auth_api/ndsp_platform_gateway_9001.cjs	ndsp_platform_gateway_9001.cjs	76	0b78178e7f2d36b3288ccb055e4e35e6f59e447978e4fce53b70dab33d14554c	service: 'ndsp-platform-gateway',	Candidate evidence only; manual verification required.
EVD-34fd521dc579	SERVICE_DISCOVERY	INFERRED_FROM_SOURCE	backend/auth_api/ndsp_platform_gateway_9001.cjs	ndsp_platform_gateway_9001.cjs	115	0b78178e7f2d36b3288ccb055e4e35e6f59e447978e4fce53b70dab33d14554c	service: 'ndsp-platform-gateway',	Candidate evidence only; manual verification required.
EVD-f19dec5aa88c	SERVICE_DISCOVERY	INFERRED_FROM_SOURCE	backend/auth_api/ndsp_platform_gateway_9001.cjs	ndsp_platform_gateway_9001.cjs	119	0b78178e7f2d36b3288ccb055e4e35e6f59e447978e4fce53b70dab33d14554c	legacy_services_behind_gateway: [9017, 9019, 9020, 9021]	Candidate evidence only; manual verification required.
EVD-0dd8bcf76db6	SERVICE_DISCOVERY	INFERRED_FROM_SOURCE	backend/auth_api/ndsp_platform_gateway_9001.cjs	ndsp_platform_gateway_9001.cjs	127	0b78178e7f2d36b3288ccb055e4e35e6f59e447978e4fce53b70dab33d14554c	service: 'ndsp-platform-gateway',	Candidate evidence only; manual verification required.
EVD-fe8ee777df0e	SERVICE_DISCOVERY	INFERRED_FROM_SOURCE	backend/auth_api/ndsp_trial_fingerprint_guard_proxy.cjs	ndsp_trial_fingerprint_guard_proxy.cjs	164	54542a95667935673a3363383d9c0965b77fb9a08f06430823cb54c5ae83ab86	"return sendJson(res, 200, { ok: true, service: ""ndsp-trial-fingerprint-guard"", target: `${TARGET_HOST}:${TARGET_PORT}` });"	Candidate evidence only; manual verification required.
EVD-c116704b0211	SERVICE_DISCOVERY	INFERRED_FROM_SOURCE	backend/auth_api/ndsp_trial_register_gateway.cjs	ndsp_trial_register_gateway.cjs	601	0ae3a08d595b735644fbdb80a664629c7050a5bbca026262954ebcc48e9181fb	service:'ndsp-trial-register-gateway',	Candidate evidence only; manual verification required.
EVD-3a0c243bf517	SERVICE_DISCOVERY	INFERRED_FROM_SOURCE	backend/auth_api/ndsp_user_dashboard_gateway.cjs	ndsp_user_dashboard_gateway.cjs	277	00df7b0f1a1ce584e6bc38e47a6bc91547c4db63824decad9327862acbf2515e	service:'ndsp-user-dashboard-gateway',	Candidate evidence only; manual verification required.
EVD-cab97ef45571	SERVICE_DISCOVERY	INFERRED_FROM_SOURCE	backend/auth_api/ndsp_user_dashboard_gateway.cjs	ndsp_user_dashboard_gateway.cjs	402	00df7b0f1a1ce584e6bc38e47a6bc91547c4db63824decad9327862acbf2515e	service:'ndsp-user-dashboard-gateway',	Candidate evidence only; manual verification required.
EVD-bc3efb6e7c24	SERVICE_DISCOVERY	INFERRED_FROM_SOURCE	backend/auth_api/ndsp_user_dashboard_gateway.cjs	ndsp_user_dashboard_gateway.cjs	466	00df7b0f1a1ce584e6bc38e47a6bc91547c4db63824decad9327862acbf2515e	service: 'ndsp-user-dashboard-gateway',	Candidate evidence only; manual verification required.
EVD-795eabda79c1	SERVICE_DISCOVERY	INFERRED_FROM_SOURCE	backend/auth_api/ndsp_user_login_gateway.cjs	ndsp_user_login_gateway.cjs	232	dc3536431799897b7a55b4d8a9625a413ced12b218cb1efa654c753783321254	service: 'ndsp-user-login',	Candidate evidence only; manual verification required.
EVD-ce78480a9368	SERVICE_DISCOVERY	DOCUMENTATION_ONLY	backend/docs/BACKEND_GUIDE.md	BACKEND_GUIDE.md	19	0ae935dbc724226cc913c8583ee3565b9734fa8234d6c625e4752920683ab3a6	├─ services/	Candidate evidence only; manual verification required.
EVD-7a3003d6096b	SERVICE_DISCOVERY	DOCUMENTATION_ONLY	backend/docs/BACKEND_GUIDE.md	BACKEND_GUIDE.md	77	0ae935dbc724226cc913c8583ee3565b9734fa8234d6c625e4752920683ab3a6	**إنتاج (مثال خدمة systemd):** `/etc/systemd/system/ndsp-api.service`	Candidate evidence only; manual verification required.
EVD-7759e9860461	SERVICE_DISCOVERY	DOCUMENTATION_ONLY	backend/docs/BACKEND_GUIDE.md	BACKEND_GUIDE.md	81	0ae935dbc724226cc913c8583ee3565b9734fa8234d6c625e4752920683ab3a6	After=network.target postgresql.service	Candidate evidence only; manual verification required.
EVD-0854c3ed3ecc	SERVICE_DISCOVERY	DOCUMENTATION_ONLY	backend/docs/BACKEND_GUIDE.md	BACKEND_GUIDE.md	83	0ae935dbc724226cc913c8583ee3565b9734fa8234d6c625e4752920683ab3a6	[Service]	Candidate evidence only; manual verification required.
EVD-b417aae687b4	SERVICE_DISCOVERY	DOCUMENTATION_ONLY	backend/docs/BACKEND_GUIDE.md	BACKEND_GUIDE.md	87	0ae935dbc724226cc913c8583ee3565b9734fa8234d6c625e4752920683ab3a6	ExecStart=/home/nawaf511/empire-core-new/backend/.venv/bin/uvicorn app.main:app --host 127.0.0.1 --port 8000 --workers 2	Candidate evidence only; manual verification required.
EVD-fdd2f71deee5	SERVICE_DISCOVERY	DOCUMENTATION_ONLY	backend/docs/BACKEND_GUIDE.md	BACKEND_GUIDE.md	94	0ae935dbc724226cc913c8583ee3565b9734fa8234d6c625e4752920683ab3a6	sudo systemctl daemon-reload && sudo systemctl enable --now ndsp-api	Candidate evidence only; manual verification required.
EVD-7f8ac03c7b2b	SERVICE_DISCOVERY	DOCUMENTATION_ONLY	backend/docs/BACKEND_GUIDE.md	BACKEND_GUIDE.md	155	0ae935dbc724226cc913c8583ee3565b9734fa8234d6c625e4752920683ab3a6	from app.services.sanitizer import sanitize_decision, assert_clean	Candidate evidence only; manual verification required.
EVD-5cdb00e1f754	SERVICE_DISCOVERY	DOCUMENTATION_ONLY	backend/docs/NDSP_BACKEND_PACKAGE_README.md	NDSP_BACKEND_PACKAGE_README.md	10	f725a0ef825ce70ade9f6e563faf1aa45dfcfd20537576060b1d406afe59bb65	خدمة Backend مبنية بـ **FastAPI + SQLAlchemy + PostgreSQL**، جاهزة للدمج داخل المشروع الرسمي:	Candidate evidence only; manual verification required.
EVD-af572d3a8ec3	SERVICE_DISCOVERY	DOCUMENTATION_ONLY	backend/docs/NDSP_BACKEND_PACKAGE_README.md	NDSP_BACKEND_PACKAGE_README.md	18	f725a0ef825ce70ade9f6e563faf1aa45dfcfd20537576060b1d406afe59bb65	## التقنية المستخدمة	Candidate evidence only; manual verification required.
EVD-8f74da7e0e1d	SERVICE_DISCOVERY	DOCUMENTATION_ONLY	backend/docs/NDSP_BACKEND_PACKAGE_README.md	NDSP_BACKEND_PACKAGE_README.md	40	f725a0ef825ce70ade9f6e563faf1aa45dfcfd20537576060b1d406afe59bb65	# 4) شغّل الخدمة:	Candidate evidence only; manual verification required.
EVD-39c7d2f11b66	SERVICE_DISCOVERY	DOCUMENTATION_ONLY	backend/docs/NDSP_BACKEND_PACKAGE_README.md	NDSP_BACKEND_PACKAGE_README.md	60	f725a0ef825ce70ade9f6e563faf1aa45dfcfd20537576060b1d406afe59bb65	│  │  ├─ services/sanitizer.py← ★ المنقّح: البوابة الوحيدة للمخرجات	Candidate evidence only; manual verification required.
EVD-7005bc7c149b	SERVICE_DISCOVERY	INFERRED_FROM_SOURCE	backend/docs/openapi.yaml	openapi.yaml	115	a9e9d0b18745748974aad6e294ca3cfc289a70373e10c63843f93b84fd5ca192	summary: Service health	Candidate evidence only; manual verification required.
EVD-84aa464982ce	SERVICE_DISCOVERY	DOCUMENTATION_ONLY	backend/framework/CHANGELOG.md	CHANGELOG.md	5	f1aaee2f33d5a4a4e29615c530d43f7d27b30707accb037c136853192b8884a7	Created NDSP Service Framework MVF.	Candidate evidence only; manual verification required.
EVD-d39176f06017	SERVICE_DISCOVERY	DOCUMENTATION_ONLY	backend/framework/CHANGELOG.md	CHANGELOG.md	8	f1aaee2f33d5a4a4e29615c530d43f7d27b30707accb037c136853192b8884a7	- createNDSPService()	Candidate evidence only; manual verification required.
EVD-c73b0a7b2731	SERVICE_DISCOVERY	DOCUMENTATION_ONLY	backend/framework/README.md	README.md	1	8bbf7009a7a6c92c1b047618fe82484f0aebe05b2523aa5bfb415f55fe6ba399	# ENG-001 — NDSP Service Framework	Candidate evidence only; manual verification required.
EVD-a599773b7952	SERVICE_DISCOVERY	DOCUMENTATION_ONLY	backend/framework/README.md	README.md	3	8bbf7009a7a6c92c1b047618fe82484f0aebe05b2523aa5bfb415f55fe6ba399	This is the internal service framework for NDSP Ecosystem.	Candidate evidence only; manual verification required.
EVD-07e3c67f4694	SERVICE_DISCOVERY	DOCUMENTATION_ONLY	backend/framework/README.md	README.md	5	8bbf7009a7a6c92c1b047618fe82484f0aebe05b2523aa5bfb415f55fe6ba399	It is the engineering foundation for future NDSP services.	Candidate evidence only; manual verification required.
EVD-2c05b4dc7b02	SERVICE_DISCOVERY	DOCUMENTATION_ONLY	backend/framework/README.md	README.md	13	8bbf7009a7a6c92c1b047618fe82484f0aebe05b2523aa5bfb415f55fe6ba399	- createNDSPService()	Candidate evidence only; manual verification required.
EVD-4d32296655b0	SERVICE_DISCOVERY	DOCUMENTATION_ONLY	backend/framework/README.md	README.md	25	8bbf7009a7a6c92c1b047618fe82484f0aebe05b2523aa5bfb415f55fe6ba399	New services must not bootstrap Express directly.	Candidate evidence only; manual verification required.
EVD-c46e21d2835c	SERVICE_DISCOVERY	DOCUMENTATION_ONLY	backend/framework/README.md	README.md	30	8bbf7009a7a6c92c1b047618fe82484f0aebe05b2523aa5bfb415f55fe6ba399	"const { createNDSPService } = require(""../../framework"");"	Candidate evidence only; manual verification required.
EVD-65b69b9cd90a	SERVICE_DISCOVERY	INFERRED_FROM_SOURCE	backend/framework/about/about.cjs	about.cjs	7	b9d235f8a0fd260501e1557c431a0b63ab2eb737f47ed105ee57cdda27938bfe	service: ctx.serviceId,	Candidate evidence only; manual verification required.
EVD-e5c77876d381	SERVICE_DISCOVERY	INFERRED_FROM_SOURCE	backend/framework/about/about.cjs	about.cjs	8	b9d235f8a0fd260501e1557c431a0b63ab2eb737f47ed105ee57cdda27938bfe	service_name: ctx.serviceName,	Candidate evidence only; manual verification required.
EVD-213edca142c4	SERVICE_DISCOVERY	INFERRED_FROM_SOURCE	backend/framework/about/about.cjs	about.cjs	17	b9d235f8a0fd260501e1557c431a0b63ab2eb737f47ed105ee57cdda27938bfe	name: 'NDSP Service Framework',	Candidate evidence only; manual verification required.
EVD-8ba75a0ef50e	SERVICE_DISCOVERY	INFERRED_FROM_SOURCE	backend/framework/bootstrap/createNDSPService.cjs	createNDSPService.cjs	15	9783ace001b2c76cfffcabdbdccfc40e5ecebb471556d3581fcfa3b32997077e	function createNDSPService(options = {}) {	Candidate evidence only; manual verification required.
EVD-14efa4188bce	SERVICE_DISCOVERY	INFERRED_FROM_SOURCE	backend/framework/bootstrap/createNDSPService.cjs	createNDSPService.cjs	16	9783ace001b2c76cfffcabdbdccfc40e5ecebb471556d3581fcfa3b32997077e	const required = ['serviceId', 'serviceName', 'product', 'domain', 'version'];	Candidate evidence only; manual verification required.
EVD-518215a53f0b	SERVICE_DISCOVERY	INFERRED_FROM_SOURCE	backend/framework/bootstrap/createNDSPService.cjs	createNDSPService.cjs	18	9783ace001b2c76cfffcabdbdccfc40e5ecebb471556d3581fcfa3b32997077e	if (!options[k]) throw new Error(`createNDSPService missing required option: ${k}`);	Candidate evidence only; manual verification required.
EVD-b907baed2824	SERVICE_DISCOVERY	INFERRED_FROM_SOURCE	backend/framework/bootstrap/createNDSPService.cjs	createNDSPService.cjs	21	9783ace001b2c76cfffcabdbdccfc40e5ecebb471556d3581fcfa3b32997077e	const config = loadConfig({ serviceRoot: options.serviceRoot || process.cwd(), port: options.port });	Candidate evidence only; manual verification required.
EVD-374845ac97b0	SERVICE_DISCOVERY	INFERRED_FROM_SOURCE	backend/framework/bootstrap/createNDSPService.cjs	createNDSPService.cjs	24	9783ace001b2c76cfffcabdbdccfc40e5ecebb471556d3581fcfa3b32997077e	serviceId: options.serviceId,	Candidate evidence only; manual verification required.
EVD-34bf304ea871	SERVICE_DISCOVERY	INFERRED_FROM_SOURCE	backend/framework/bootstrap/createNDSPService.cjs	createNDSPService.cjs	25	9783ace001b2c76cfffcabdbdccfc40e5ecebb471556d3581fcfa3b32997077e	serviceName: options.serviceName,	Candidate evidence only; manual verification required.
EVD-596631fc695d	SERVICE_DISCOVERY	INFERRED_FROM_SOURCE	backend/framework/bootstrap/createNDSPService.cjs	createNDSPService.cjs	48	9783ace001b2c76cfffcabdbdccfc40e5ecebb471556d3581fcfa3b32997077e	res.setHeader('X-NDSP-Service', ctx.serviceId);	Candidate evidence only; manual verification required.
EVD-3f4a24a47412	SERVICE_DISCOVERY	INFERRED_FROM_SOURCE	backend/framework/bootstrap/createNDSPService.cjs	createNDSPService.cjs	64	9783ace001b2c76cfffcabdbdccfc40e5ecebb471556d3581fcfa3b32997077e	service: ctx.serviceId,	Candidate evidence only; manual verification required.
EVD-211e06c2f308	SERVICE_DISCOVERY	INFERRED_FROM_SOURCE	backend/framework/bootstrap/createNDSPService.cjs	createNDSPService.cjs	78	9783ace001b2c76cfffcabdbdccfc40e5ecebb471556d3581fcfa3b32997077e	logger.info('service_started', { host, port: address && address.port ? address.port : port, service_id: ctx.serviceId });	Candidate evidence only; manual verification required.
EVD-5f2f9045b3d2	SERVICE_DISCOVERY	INFERRED_FROM_SOURCE	backend/framework/bootstrap/createNDSPService.cjs	createNDSPService.cjs	87	9783ace001b2c76cfffcabdbdccfc40e5ecebb471556d3581fcfa3b32997077e	module.exports = { createNDSPService };	Candidate evidence only; manual verification required.
EVD-9f694e57f20f	SERVICE_DISCOVERY	INFERRED_FROM_SOURCE	backend/framework/config/config.cjs	config.cjs	30	4be713efee3144bcd46c68b3dcc0db7233e081ce1cebf1fd0014ebe1d95147c4	function loadManifest(serviceRoot) {	Candidate evidence only; manual verification required.
EVD-d74e3c27b337	SERVICE_DISCOVERY	INFERRED_FROM_SOURCE	backend/framework/config/config.cjs	config.cjs	31	4be713efee3144bcd46c68b3dcc0db7233e081ce1cebf1fd0014ebe1d95147c4	const file = path.join(serviceRoot || process.cwd(), 'service.yaml');	Candidate evidence only; manual verification required.
EVD-5ce4b262401a	SERVICE_DISCOVERY	INFERRED_FROM_SOURCE	backend/framework/config/config.cjs	config.cjs	38	4be713efee3144bcd46c68b3dcc0db7233e081ce1cebf1fd0014ebe1d95147c4	const serviceRoot = options.serviceRoot || process.cwd();	Candidate evidence only; manual verification required.
EVD-cb2b4e88eb7d	SERVICE_DISCOVERY	INFERRED_FROM_SOURCE	backend/framework/config/config.cjs	config.cjs	39	4be713efee3144bcd46c68b3dcc0db7233e081ce1cebf1fd0014ebe1d95147c4	const manifest = loadManifest(serviceRoot);	Candidate evidence only; manual verification required.
EVD-6854b959e8ad	SERVICE_DISCOVERY	INFERRED_FROM_SOURCE	backend/framework/config/config.cjs	config.cjs	45	4be713efee3144bcd46c68b3dcc0db7233e081ce1cebf1fd0014ebe1d95147c4	serviceRoot	Candidate evidence only; manual verification required.
EVD-7927aa5921cd	SERVICE_DISCOVERY	DOCUMENTATION_ONLY	backend/framework/contracts/ENG-001-NDSP-Service-Framework.md	ENG-001-NDSP-Service-Framework.md	1	974f33e2830b19882215ed549c9106d4216e8eae3a34deb3822c1891b2e76e1b	# ENG-001 — NDSP Service Framework Contract	Candidate evidence only; manual verification required.
EVD-8b6fa2928722	SERVICE_DISCOVERY	DOCUMENTATION_ONLY	backend/framework/contracts/ENG-001-NDSP-Service-Framework.md	ENG-001-NDSP-Service-Framework.md	5	974f33e2830b19882215ed549c9106d4216e8eae3a34deb3822c1891b2e76e1b	Provide a shared service bootstrap layer for all NDSP services.	Candidate evidence only; manual verification required.
EVD-69dc84fe0547	SERVICE_DISCOVERY	DOCUMENTATION_ONLY	backend/framework/contracts/ENG-001-NDSP-Service-Framework.md	ENG-001-NDSP-Service-Framework.md	7	974f33e2830b19882215ed549c9106d4216e8eae3a34deb3822c1891b2e76e1b	## Public API provided to services	Candidate evidence only; manual verification required.
EVD-062ca62cdef2	SERVICE_DISCOVERY	DOCUMENTATION_ONLY	backend/framework/contracts/ENG-001-NDSP-Service-Framework.md	ENG-001-NDSP-Service-Framework.md	10	974f33e2830b19882215ed549c9106d4216e8eae3a34deb3822c1891b2e76e1b	"const { createNDSPService } = require(""../../framework"");"	Candidate evidence only; manual verification required.
EVD-8ec2d3acc823	SERVICE_DISCOVERY	DOCUMENTATION_ONLY	backend/framework/contracts/ENG-001-NDSP-Service-Framework.md	ENG-001-NDSP-Service-Framework.md	12	974f33e2830b19882215ed549c9106d4216e8eae3a34deb3822c1891b2e76e1b	const service = createNDSPService({	Candidate evidence only; manual verification required.
EVD-b6e04e35c2a6	SERVICE_DISCOVERY	DOCUMENTATION_ONLY	backend/framework/contracts/ENG-001-NDSP-Service-Framework.md	ENG-001-NDSP-Service-Framework.md	13	974f33e2830b19882215ed549c9106d4216e8eae3a34deb3822c1891b2e76e1b	"serviceId: ""CTL-001"","	Candidate evidence only; manual verification required.
EVD-e8246814063f	SERVICE_DISCOVERY	DOCUMENTATION_ONLY	backend/framework/contracts/ENG-001-NDSP-Service-Framework.md	ENG-001-NDSP-Service-Framework.md	14	974f33e2830b19882215ed549c9106d4216e8eae3a34deb3822c1891b2e76e1b	"serviceName: ""Workspace Identity"","	Candidate evidence only; manual verification required.
EVD-85164526389b	SERVICE_DISCOVERY	DOCUMENTATION_ONLY	backend/framework/contracts/ENG-001-NDSP-Service-Framework.md	ENG-001-NDSP-Service-Framework.md	20	974f33e2830b19882215ed549c9106d4216e8eae3a34deb3822c1891b2e76e1b	service.start();	Candidate evidence only; manual verification required.
EVD-aadcffc1d323	SERVICE_DISCOVERY	INFERRED_FROM_SOURCE	backend/framework/errors/errors.cjs	errors.cjs	16	8b707ddb0f2e450f12c3ace99b7b9f936c7422219a8144a7181b74442c1f862a	service: meta.serviceId || 'UNKNOWN',	Candidate evidence only; manual verification required.
EVD-b22c3368f84d	SERVICE_DISCOVERY	INFERRED_FROM_SOURCE	backend/framework/health/health.cjs	health.cjs	7	414656f8cddb082d5ebe8961dcaae91388ddaebabffefcec248b4ede5ae2d015	service: ctx.serviceId,	Candidate evidence only; manual verification required.
EVD-8d1d83d33cc5	SERVICE_DISCOVERY	INFERRED_FROM_SOURCE	backend/framework/health/health.cjs	health.cjs	8	414656f8cddb082d5ebe8961dcaae91388ddaebabffefcec248b4ede5ae2d015	service_name: ctx.serviceName,	Candidate evidence only; manual verification required.
EVD-4ce15a9c246b	SERVICE_DISCOVERY	INFERRED_FROM_SOURCE	backend/framework/index.cjs	index.cjs	3	ee45e75d679c0a6ec598452662658ece3ddb4bce733e9e58286b53077c4b1158	const { createNDSPService } = require('./bootstrap/createNDSPService.cjs');	Candidate evidence only; manual verification required.
EVD-bcd3eb04d018	SERVICE_DISCOVERY	INFERRED_FROM_SOURCE	backend/framework/index.cjs	index.cjs	9	ee45e75d679c0a6ec598452662658ece3ddb4bce733e9e58286b53077c4b1158	createNDSPService,	Candidate evidence only; manual verification required.
EVD-c4ffe6fb6097	SERVICE_DISCOVERY	INFERRED_FROM_SOURCE	backend/framework/logger/logger.cjs	logger.cjs	5	ca5c91fe22e69bb7c5f07c3fa5e6ffc6a5b37aec1f6db937090db52ea1f81dbb	service_id: meta.serviceId || meta.service_id || 'UNKNOWN',	Candidate evidence only; manual verification required.
EVD-4900e1a04421	SERVICE_DISCOVERY	INFERRED_FROM_SOURCE	backend/framework/logger/logger.cjs	logger.cjs	6	ca5c91fe22e69bb7c5f07c3fa5e6ffc6a5b37aec1f6db937090db52ea1f81dbb	service_name: meta.serviceName || meta.service_name || 'UNKNOWN',	Candidate evidence only; manual verification required.
EVD-80e339afaaa8	SERVICE_DISCOVERY	INFERRED_FROM_SOURCE	backend/framework/package.json	package.json	4	6424bbfbb32b3cb4e2efaa263c2d2b7381d17121eec570f33bccb520c7b49232	"""description"": ""ENG-001 NDSP Service Framework MVF"","	Candidate evidence only; manual verification required.
EVD-71d538712862	SERVICE_DISCOVERY	INFERRED_FROM_SOURCE	backend/framework/service.yaml	service.yaml	1	5109f0274267a5031629b46612e8ed687327aa00c14de14c4c1727562f7d0f57	service_id: ENG-001	Candidate evidence only; manual verification required.
EVD-7f4ce408648a	SERVICE_DISCOVERY	INFERRED_FROM_SOURCE	backend/framework/service.yaml	service.yaml	2	5109f0274267a5031629b46612e8ed687327aa00c14de14c4c1727562f7d0f57	service_name: NDSP Service Framework	Candidate evidence only; manual verification required.
EVD-fe96a56eee8c	SERVICE_DISCOVERY	DOCUMENTATION_ONLY	backend/framework/standards/api-standard.md	api-standard.md	8	a0d43fea641016f7274e54fd9e941c6ed3f2406ce1e3bc0a45a763ed3935a6a8	"""service"": ""SERVICE-ID"","	Candidate evidence only; manual verification required.
EVD-296369ae45ed	SERVICE_DISCOVERY	DOCUMENTATION_ONLY	backend/framework/standards/api-standard.md	api-standard.md	20	a0d43fea641016f7274e54fd9e941c6ed3f2406ce1e3bc0a45a763ed3935a6a8	"""service"": ""SERVICE-ID"","	Candidate evidence only; manual verification required.
EVD-1c8b24bf9f9a	SERVICE_DISCOVERY	DOCUMENTATION_ONLY	backend/framework/standards/service-standard.md	service-standard.md	1	abec83b7292763d79b2a08cf84fdacacc619be8a98986e3fda1ea8b4354bac89	# NDSP Service Standard	Candidate evidence only; manual verification required.
EVD-56596b947498	SERVICE_DISCOVERY	DOCUMENTATION_ONLY	backend/framework/standards/service-standard.md	service-standard.md	3	abec83b7292763d79b2a08cf84fdacacc619be8a98986e3fda1ea8b4354bac89	Every service must include:	Candidate evidence only; manual verification required.
EVD-e6b5284723d3	SERVICE_DISCOVERY	DOCUMENTATION_ONLY	backend/framework/standards/service-standard.md	service-standard.md	5	abec83b7292763d79b2a08cf84fdacacc619be8a98986e3fda1ea8b4354bac89	- service.yaml	Candidate evidence only; manual verification required.
EVD-4848ffb9f8be	SERVICE_DISCOVERY	DOCUMENTATION_ONLY	backend/framework/standards/service-standard.md	service-standard.md	15	abec83b7292763d79b2a08cf84fdacacc619be8a98986e3fda1ea8b4354bac89	Every service must expose:	Candidate evidence only; manual verification required.
EVD-e2e198b9fbfa	SERVICE_DISCOVERY	DOCUMENTATION_ONLY	backend/framework/standards/service-standard.md	service-standard.md	21	abec83b7292763d79b2a08cf84fdacacc619be8a98986e3fda1ea8b4354bac89	Every new service must use ENG-001 NDSP Service Framework.	Candidate evidence only; manual verification required.
EVD-a6b7d36d0147	SERVICE_DISCOVERY	INFERRED_FROM_SOURCE	backend/framework/tests/framework.test.cjs	framework.test.cjs	4	edf365c3b9f9fc1d53f9812a3c427f30bd05f6072b96acbf797fb58fcab26491	const { createNDSPService } = require('../index.cjs');	Candidate evidence only; manual verification required.
EVD-c78b2468aaf9	SERVICE_DISCOVERY	INFERRED_FROM_SOURCE	backend/framework/tests/framework.test.cjs	framework.test.cjs	7	edf365c3b9f9fc1d53f9812a3c427f30bd05f6072b96acbf797fb58fcab26491	const service = createNDSPService({	Candidate evidence only; manual verification required.
EVD-f334f2b35e3a	SERVICE_DISCOVERY	INFERRED_FROM_SOURCE	backend/framework/tests/framework.test.cjs	framework.test.cjs	8	edf365c3b9f9fc1d53f9812a3c427f30bd05f6072b96acbf797fb58fcab26491	serviceId: 'TEST-001',	Candidate evidence only; manual verification required.
EVD-2c88ad57c60a	SERVICE_DISCOVERY	INFERRED_FROM_SOURCE	backend/framework/tests/framework.test.cjs	framework.test.cjs	9	edf365c3b9f9fc1d53f9812a3c427f30bd05f6072b96acbf797fb58fcab26491	serviceName: 'Framework Test Service',	Candidate evidence only; manual verification required.
EVD-a4e7a979eee6	SERVICE_DISCOVERY	INFERRED_FROM_SOURCE	backend/framework/tests/framework.test.cjs	framework.test.cjs	13	edf365c3b9f9fc1d53f9812a3c427f30bd05f6072b96acbf797fb58fcab26491	description: 'Framework self-test service'	Candidate evidence only; manual verification required.
EVD-878039526d96	SERVICE_DISCOVERY	INFERRED_FROM_SOURCE	backend/framework/tests/framework.test.cjs	framework.test.cjs	16	edf365c3b9f9fc1d53f9812a3c427f30bd05f6072b96acbf797fb58fcab26491	const server = service.start({ host: '127.0.0.1', port: 0 });	Candidate evidence only; manual verification required.
EVD-817273703d04	SERVICE_DISCOVERY	INFERRED_FROM_SOURCE	backend/framework/tests/framework.test.cjs	framework.test.cjs	24	edf365c3b9f9fc1d53f9812a3c427f30bd05f6072b96acbf797fb58fcab26491	assert.strictEqual(health.service, 'TEST-001');	Candidate evidence only; manual verification required.
EVD-8585017d3f27	SERVICE_DISCOVERY	INFERRED_FROM_SOURCE	backend/framework/version/version.cjs	version.cjs	7	af7a379b0b2dbbc1d989cd635bac1cb4efbf496fc17397b89b6539136fc62bbf	service: ctx.serviceId,	Candidate evidence only; manual verification required.
EVD-6798622dfc9e	SERVICE_DISCOVERY	INFERRED_FROM_SOURCE	backend/framework/version/version.cjs	version.cjs	8	af7a379b0b2dbbc1d989cd635bac1cb4efbf496fc17397b89b6539136fc62bbf	service_name: ctx.serviceName,	Candidate evidence only; manual verification required.
EVD-e0208082f3d4	SERVICE_DISCOVERY	DOCUMENTATION_ONLY	backend/gateway/routes/core-services.routes.md	core-services.routes.md	1	12f57b0a144f80bbeb79de85011fd39084fac4cad15b940d90f492d45df8de72	# NDSP Core Services Gateway Routes	Candidate evidence only; manual verification required.
EVD-625192b9dc54	SERVICE_DISCOVERY	INFERRED_FROM_SOURCE	backend/ndsp-access-guard-9024/server.js	server.js	266	e491480019d8556fd839a02d5be06a9b7498d6f00a4a846c9fc46024b3b37098	"return send(res, 200, { ok:true, service:""ndsp-access-guard-9024"", port:PORT, database:""ok"" });"	Candidate evidence only; manual verification required.
EVD-88061c13213b	SERVICE_DISCOVERY	INFERRED_FROM_SOURCE	backend/ndsp-access-guard-9024/server.js	server.js	268	e491480019d8556fd839a02d5be06a9b7498d6f00a4a846c9fc46024b3b37098	"return send(res, 200, { ok:true, service:""ndsp-access-guard-9024"", port:PORT, database:""review"", message:String(e.message || e) });"	Candidate evidence only; manual verification required.
EVD-96fc86fded4c	SERVICE_DISCOVERY	INFERRED_FROM_SOURCE	backend/ndsp-access-guard-final/server.js	server.js	330	4aa68966c9684096e65be369f501588dc749d2e48fc4b1c8c711af853ab13466	"service: ""ndsp-access-guard-final"","	Candidate evidence only; manual verification required.
EVD-3b37e77877f9	SERVICE_DISCOVERY	INFERRED_FROM_SOURCE	backend/ndsp-access-guard/server.js	server.js	265	e3b1079e9e056035499655a25356ce65eed3cf00c759daf0b89220ce7121359f	"return send(res, 200, { ok:true, service:""ndsp-access-guard"", port:PORT });"	Candidate evidence only; manual verification required.
EVD-da9917173679	SERVICE_DISCOVERY	INFERRED_FROM_SOURCE	backend/ndsp-live-decision-quality/server.py	server.py	929	e613fa035da4f8088f2afaf90c12659bec9bf9ddeda7da4027ab2ce81782180a	"""service"": ""ndsp-live-decision-quality"","	Candidate evidence only; manual verification required.
EVD-aa70a0323be0	SERVICE_DISCOVERY	INFERRED_FROM_SOURCE	backend/ndsp-portal-real-data-api/server.py	server.py	159	f1d8e6c66ce0edbeccf2113e53a9601132d3e8ad6ba301b3450730b0e1c56824	"return self.send_json({""ok"": True, ""service"": ""ndsp-portal-real-data-api"", ""database"": ""ok"", ""fake_data"": False})"	Candidate evidence only; manual verification required.
EVD-823d9679e0bd	SERVICE_DISCOVERY	INFERRED_FROM_SOURCE	backend/ndsp-trial-register-canonical-wrapper/server.js	server.js	189	2701f83db0bade5221ad209a1f6e4d5ed039f3d46b7375289ffddcabd7446540	"service: ""ndsp-trial-register-canonical-wrapper"","	Candidate evidence only; manual verification required.
EVD-510989a58d56	SERVICE_DISCOVERY	INFERRED_FROM_SOURCE	backend/ndsp_admin_actions_gateway.cjs	ndsp_admin_actions_gateway.cjs	313	84b80498bd731e97ddb87868f95da64e394f3b4fa22b02450fdf13fa55995f5a	service: 'ndsp-admin-actions-gateway',	Candidate evidence only; manual verification required.
EVD-335ce2b17e06	SERVICE_DISCOVERY	INFERRED_FROM_SOURCE	backend/ndsp_admin_extension.cjs	ndsp_admin_extension.cjs	231	b40726c1784c46f55f467fbd1cf70e927c547ebdf183f22f8c7fc4f2ec84895c	admin.get('/health', (_req, res) => res.json({ ok: true, service: 'ndsp-admin-api' }));	Candidate evidence only; manual verification required.
EVD-a4a02bcb5a99	SERVICE_DISCOVERY	INFERRED_FROM_SOURCE	backend/ndsp_admin_ui_proxy.cjs	ndsp_admin_ui_proxy.cjs	357	73baa76f5df53e80b55839a950bef6d02eb92cf331eb5e161a4fe90eb1ffdb32	service:'ndsp-admin-ui-proxy',	Candidate evidence only; manual verification required.
EVD-47237af6d89d	SERVICE_DISCOVERY	INFERRED_FROM_SOURCE	backend/ndsp_admin_users_official_readonly.cjs	ndsp_admin_users_official_readonly.cjs	171	8781ed99248a11a063a7b6c36d8db39bc7deb4488ae9de02e4fcb52bf812a025	service: 'ndsp-admin-users-official-readonly',	Candidate evidence only; manual verification required.
EVD-766a7c59e822	SERVICE_DISCOVERY	INFERRED_FROM_SOURCE	backend/ndsp_admin_users_official_readonly.cjs	ndsp_admin_users_official_readonly.cjs	184	8781ed99248a11a063a7b6c36d8db39bc7deb4488ae9de02e4fcb52bf812a025	return send(res, 500, { ok: false, error: 'SERVICE_EXCEPTION', detail: e.message });	Candidate evidence only; manual verification required.
EVD-69abddf48df5	SERVICE_DISCOVERY	INFERRED_FROM_SOURCE	backend/ndsp_api_compat_gateway.cjs	ndsp_api_compat_gateway.cjs	80	915359e511f0872dbdc949aab4bfc90ff4e7f44832082c8b3e2fc008d5b4b4a3	service:'ndsp-api-compat',	Candidate evidence only; manual verification required.
EVD-a10779577c4c	SERVICE_DISCOVERY	INFERRED_FROM_SOURCE	backend/ndsp_live_market_adapter.cjs	ndsp_live_market_adapter.cjs	336	bf022671b92ba0903d7c05063e44309c6d603beb6152d1b90acfd67f0d23b420	"service: ""ndsp-live-market-adapter"","	Candidate evidence only; manual verification required.
EVD-b61a38894a53	SERVICE_DISCOVERY	INFERRED_FROM_SOURCE	backend/ndsp_one_device_one_account.sh	ndsp_one_device_one_account.sh	8	fc09890ff2e349def4a324536c45629fcd708f40c4f4c573ee58d0204d68174b	"SERVICE_NAME=""ndsp-auth-api"""	Candidate evidence only; manual verification required.
EVD-f67b20fe0455	SERVICE_DISCOVERY	INFERRED_FROM_SOURCE	backend/ndsp_one_device_one_account.sh	ndsp_one_device_one_account.sh	639	fc09890ff2e349def4a324536c45629fcd708f40c4f4c573ee58d0204d68174b	"echo ""== Restarting services =="""	Candidate evidence only; manual verification required.
EVD-f0282d61b111	SERVICE_DISCOVERY	INFERRED_FROM_SOURCE	backend/ndsp_one_device_one_account.sh	ndsp_one_device_one_account.sh	640	fc09890ff2e349def4a324536c45629fcd708f40c4f4c573ee58d0204d68174b	"systemctl restart ""$SERVICE_NAME"""	Candidate evidence only; manual verification required.
EVD-f4613e9234c0	SERVICE_DISCOVERY	INFERRED_FROM_SOURCE	backend/ndsp_one_device_one_account.sh	ndsp_one_device_one_account.sh	646	fc09890ff2e349def4a324536c45629fcd708f40c4f4c573ee58d0204d68174b	"systemctl is-active --quiet ""$SERVICE_NAME"" \"	Candidate evidence only; manual verification required.
EVD-00d4a370b731	SERVICE_DISCOVERY	INFERRED_FROM_SOURCE	backend/ndsp_one_device_one_account.sh	ndsp_one_device_one_account.sh	647	fc09890ff2e349def4a324536c45629fcd708f40c4f4c573ee58d0204d68174b	"&& echo ""✅ $SERVICE_NAME active"" \"	Candidate evidence only; manual verification required.
EVD-3d49314e57ed	SERVICE_DISCOVERY	INFERRED_FROM_SOURCE	backend/ndsp_one_device_one_account.sh	ndsp_one_device_one_account.sh	648	fc09890ff2e349def4a324536c45629fcd708f40c4f4c573ee58d0204d68174b	"|| { echo ""❌ $SERVICE_NAME failed""; systemctl status ""$SERVICE_NAME"" --no-pager -l; exit 1; }"	Candidate evidence only; manual verification required.
EVD-ddce872bdee8	SERVICE_DISCOVERY	INFERRED_FROM_SOURCE	backend/ndsp_platform_gateway_9001.cjs	ndsp_platform_gateway_9001.cjs	76	0b78178e7f2d36b3288ccb055e4e35e6f59e447978e4fce53b70dab33d14554c	service: 'ndsp-platform-gateway',	Candidate evidence only; manual verification required.
EVD-51578d2409ca	SERVICE_DISCOVERY	INFERRED_FROM_SOURCE	backend/ndsp_platform_gateway_9001.cjs	ndsp_platform_gateway_9001.cjs	115	0b78178e7f2d36b3288ccb055e4e35e6f59e447978e4fce53b70dab33d14554c	service: 'ndsp-platform-gateway',	Candidate evidence only; manual verification required.
EVD-4083f0693c73	SERVICE_DISCOVERY	INFERRED_FROM_SOURCE	backend/ndsp_platform_gateway_9001.cjs	ndsp_platform_gateway_9001.cjs	119	0b78178e7f2d36b3288ccb055e4e35e6f59e447978e4fce53b70dab33d14554c	legacy_services_behind_gateway: [9017, 9019, 9020, 9021]	Candidate evidence only; manual verification required.
EVD-cb8e0228caa7	SERVICE_DISCOVERY	INFERRED_FROM_SOURCE	backend/ndsp_platform_gateway_9001.cjs	ndsp_platform_gateway_9001.cjs	127	0b78178e7f2d36b3288ccb055e4e35e6f59e447978e4fce53b70dab33d14554c	service: 'ndsp-platform-gateway',	Candidate evidence only; manual verification required.
EVD-5f4d1f65de69	SERVICE_DISCOVERY	INFERRED_FROM_SOURCE	backend/ndsp_scenario_levels_adapter.cjs	ndsp_scenario_levels_adapter.cjs	291	eb7f7a8dba756080c7ace4d5ec263976180ebdf54f98236df114b2dd389b2eb7	"service: ""ndsp-scenario-levels-adapter"","	Candidate evidence only; manual verification required.
EVD-16bacd914b5f	SERVICE_DISCOVERY	INFERRED_FROM_SOURCE	backend/ndsp_trial_register_gateway.cjs	ndsp_trial_register_gateway.cjs	565	30fca53eedd7fc4946a5e756630c5c1def5e492502e1dea333c850ba3c090cc0	service:'ndsp-trial-register-gateway',	Candidate evidence only; manual verification required.
EVD-23e5f494e6a7	SERVICE_DISCOVERY	INFERRED_FROM_SOURCE	backend/ndsp_user_dashboard_gateway.cjs	ndsp_user_dashboard_gateway.cjs	277	00df7b0f1a1ce584e6bc38e47a6bc91547c4db63824decad9327862acbf2515e	service:'ndsp-user-dashboard-gateway',	Candidate evidence only; manual verification required.
EVD-edbded9fea65	SERVICE_DISCOVERY	INFERRED_FROM_SOURCE	backend/ndsp_user_dashboard_gateway.cjs	ndsp_user_dashboard_gateway.cjs	402	00df7b0f1a1ce584e6bc38e47a6bc91547c4db63824decad9327862acbf2515e	service:'ndsp-user-dashboard-gateway',	Candidate evidence only; manual verification required.
EVD-c2197b232a4f	SERVICE_DISCOVERY	INFERRED_FROM_SOURCE	backend/ndsp_user_dashboard_gateway.cjs	ndsp_user_dashboard_gateway.cjs	466	00df7b0f1a1ce584e6bc38e47a6bc91547c4db63824decad9327862acbf2515e	service: 'ndsp-user-dashboard-gateway',	Candidate evidence only; manual verification required.
EVD-9463d5c0d95a	SERVICE_DISCOVERY	INFERRED_FROM_SOURCE	backend/ndsp_user_login_gateway.cjs	ndsp_user_login_gateway.cjs	232	dc3536431799897b7a55b4d8a9625a413ced12b218cb1efa654c753783321254	service: 'ndsp-user-login',	Candidate evidence only; manual verification required.
EVD-4c3aec6fa1d9	SERVICE_DISCOVERY	INFERRED_FROM_SOURCE	backend/package-lock.json	package-lock.json	188	13d36b65183c8756e3baf7358c31f7357094a67b700f786e2a89854118995dab	"""integrity"": ""sha512-/Nf7TyzTx6S3yRJObOAV7956r8cr2+Oj8AC5dt8wSP3BQAoeX58NoHyCU8P8zGkNXStjTSi6fzO6F0pBdcYbEg=="","	Candidate evidence only; manual verification required.
EVD-39823582cd08	SERVICE_DISCOVERY	INFERRED_FROM_SOURCE	backend/package_reference/install_ndsp_backend_NOT_RUN.sh	install_ndsp_backend_NOT_RUN.sh	122	477dff65df745c0801b80cb9c30065c956bb2860b99cf2e87e8cfb35a5799089	# ---- 8) (re)start service if a unit exists ----	Candidate evidence only; manual verification required.
EVD-6007fd2b534e	SERVICE_DISCOVERY	INFERRED_FROM_SOURCE	backend/package_reference/install_ndsp_backend_NOT_RUN.sh	install_ndsp_backend_NOT_RUN.sh	123	477dff65df745c0801b80cb9c30065c956bb2860b99cf2e87e8cfb35a5799089	"log ""==> [8/9] Service restart (if configured)"""	Candidate evidence only; manual verification required.
EVD-7a3afdfad52a	SERVICE_DISCOVERY	INFERRED_FROM_SOURCE	backend/package_reference/install_ndsp_backend_NOT_RUN.sh	install_ndsp_backend_NOT_RUN.sh	125	477dff65df745c0801b80cb9c30065c956bb2860b99cf2e87e8cfb35a5799089	"systemctl restart ndsp-api && log ""    ndsp-api restarted"" && echo ""service: restarted"" >> ""$REPORT"""	Candidate evidence only; manual verification required.
EVD-09ff4cdb8549	SERVICE_DISCOVERY	INFERRED_FROM_SOURCE	backend/package_reference/install_ndsp_backend_NOT_RUN.sh	install_ndsp_backend_NOT_RUN.sh	127	477dff65df745c0801b80cb9c30065c956bb2860b99cf2e87e8cfb35a5799089	"log ""    ndsp-api service not found — start manually (see BACKEND_GUIDE.md)"""	Candidate evidence only; manual verification required.
EVD-920d2b04143a	SERVICE_DISCOVERY	INFERRED_FROM_SOURCE	backend/package_reference/install_ndsp_backend_NOT_RUN.sh	install_ndsp_backend_NOT_RUN.sh	128	477dff65df745c0801b80cb9c30065c956bb2860b99cf2e87e8cfb35a5799089	"echo ""service: manual start required"" >> ""$REPORT"""	Candidate evidence only; manual verification required.
EVD-495c41454bf6	SERVICE_DISCOVERY	INFERRED_FROM_SOURCE	backend/package_reference/install_ndsp_backend_NOT_RUN.sh	install_ndsp_backend_NOT_RUN.sh	138	477dff65df745c0801b80cb9c30065c956bb2860b99cf2e87e8cfb35a5799089	"log ""    health not responding yet — start the service, then re-check"""	Candidate evidence only; manual verification required.
EVD-3ed518caa654	SERVICE_DISCOVERY	INFERRED_FROM_SOURCE	backend/password_reset_gateway/package-lock.json	package-lock.json	183	9c75f4f4730a315bbb69c41b8ca26b4779ddcd56261ea555e31779c8ecdc45e3	"""integrity"": ""sha512-/Nf7TyzTx6S3yRJObOAV7956r8cr2+Oj8AC5dt8wSP3BQAoeX58NoHyCU8P8zGkNXStjTSi6fzO6F0pBdcYbEg=="","	Candidate evidence only; manual verification required.
EVD-35fb06d4398c	SERVICE_DISCOVERY	INFERRED_FROM_SOURCE	backend/password_reset_gateway/server.js	server.js	23	b07b902935bca5057d7d64f5afd1bab510721b0e404bb9e75eacaf3c9b7fe4b3	service: 'gmail',	Candidate evidence only; manual verification required.
EVD-233d23e6a769	SERVICE_DISCOVERY	INFERRED_FROM_SOURCE	backend/password_reset_gateway/server.js	server.js	66	b07b902935bca5057d7d64f5afd1bab510721b0e404bb9e75eacaf3c9b7fe4b3	res.json({ ok: true, service: 'ndsp-password-reset-gateway', db: true });	Candidate evidence only; manual verification required.
EVD-dec79e557306	SERVICE_DISCOVERY	INFERRED_FROM_SOURCE	backend/password_reset_gateway/server.js	server.js	68	b07b902935bca5057d7d64f5afd1bab510721b0e404bb9e75eacaf3c9b7fe4b3	res.status(500).json({ ok: false, service: 'ndsp-password-reset-gateway', error: 'DB_ERROR' });	Candidate evidence only; manual verification required.
EVD-a2b8e6a1e239	SERVICE_DISCOVERY	INFERRED_FROM_SOURCE	backend/portal_snapshot_generator.cjs	portal_snapshot_generator.cjs	556	8ab2e3dae7da4206b7d8466c1eec4c51f75ce77e886ae826aa13b955daa150c2	"source_service: pageConfig.pageType === ""daily-brief"""	Candidate evidence only; manual verification required.
EVD-d890156cc4ed	SERVICE_DISCOVERY	INFERRED_FROM_SOURCE	backend/portal_snapshot_generator.cjs	portal_snapshot_generator.cjs	665	8ab2e3dae7da4206b7d8466c1eec4c51f75ce77e886ae826aa13b955daa150c2	(page_type, symbol, timeframe, source_service, payload, status, generated_by, expires_at)	Candidate evidence only; manual verification required.
EVD-dfa0d8b31d03	SERVICE_DISCOVERY	INFERRED_FROM_SOURCE	backend/portal_snapshot_generator.cjs	portal_snapshot_generator.cjs	668	8ab2e3dae7da4206b7d8466c1eec4c51f75ce77e886ae826aa13b955daa150c2	RETURNING id, page_type, symbol, timeframe, source_service, generated_by, expires_at, created_at	Candidate evidence only; manual verification required.
EVD-701ceaf29d63	SERVICE_DISCOVERY	INFERRED_FROM_SOURCE	backend/portal_snapshot_generator.cjs	portal_snapshot_generator.cjs	675	8ab2e3dae7da4206b7d8466c1eec4c51f75ce77e886ae826aa13b955daa150c2	snapshot.source_service,	Candidate evidence only; manual verification required.
EVD-0b97b74d8e18	SERVICE_DISCOVERY	INFERRED_FROM_SOURCE	backend/scripts/verify_ndsp_backend_package.sh	verify_ndsp_backend_package.sh	69	e7e1e4d7c96a1471f081a8e66cd8fad101708071e175c9f255999ca72655fcf9	"if curl -fsS ""http://127.0.0.1:8000/health"" >/dev/null 2>&1; then ok ""API /health responding""; else warn ""API /health not responding (service may be stopped)""; fi"	Candidate evidence only; manual verification required.
EVD-307de304cf60	SERVICE_DISCOVERY	DOCUMENTATION_ONLY	backend/sdk/devtoolkit/CHANGELOG.md	CHANGELOG.md	9	410aa55e23414ac341474a023b00f40d8f1bbe032e73b9ba94bc661735e918d0	- create service command	Candidate evidence only; manual verification required.
EVD-0b69c2dc8fb0	SERVICE_DISCOVERY	DOCUMENTATION_ONLY	backend/sdk/devtoolkit/CHANGELOG.md	CHANGELOG.md	13	410aa55e23414ac341474a023b00f40d8f1bbe032e73b9ba94bc661735e918d0	- service templates	Candidate evidence only; manual verification required.
EVD-5c3ccc1b2835	SERVICE_DISCOVERY	DOCUMENTATION_ONLY	backend/sdk/devtoolkit/README.md	README.md	8	734f7c2522846801de0dd263e006ae1f680a67159ca03f0f5dd227a3f4f28d35	"./backend/tools/ndsp create service CFG-001 configuration-center ""Configuration Center"""	Candidate evidence only; manual verification required.
EVD-b175e3d90a70	SERVICE_DISCOVERY	DOCUMENTATION_ONLY	backend/sdk/devtoolkit/README.md	README.md	16	734f7c2522846801de0dd263e006ae1f680a67159ca03f0f5dd227a3f4f28d35	- Generate services using ENG-001.	Candidate evidence only; manual verification required.
EVD-dac166ab4126	SERVICE_DISCOVERY	DOCUMENTATION_ONLY	backend/sdk/devtoolkit/README.md	README.md	17	734f7c2522846801de0dd263e006ae1f680a67159ca03f0f5dd227a3f4f28d35	- Validate service structure.	Candidate evidence only; manual verification required.
EVD-a77113f8d015	SERVICE_DISCOVERY	DOCUMENTATION_ONLY	backend/sdk/devtoolkit/README.md	README.md	19	734f7c2522846801de0dd263e006ae1f680a67159ca03f0f5dd227a3f4f28d35	- List service registry data.	Candidate evidence only; manual verification required.
EVD-7d60a87ed462	SERVICE_DISCOVERY	DOCUMENTATION_ONLY	backend/sdk/devtoolkit/README.md	README.md	23	734f7c2522846801de0dd263e006ae1f680a67159ca03f0f5dd227a3f4f28d35	New services should be generated through this toolkit.	Candidate evidence only; manual verification required.
EVD-07707259d92f	SERVICE_DISCOVERY	INFERRED_FROM_SOURCE	backend/sdk/devtoolkit/commands/create-service.sh	create-service.sh	8	4b95fdd8eabdece71cd50bded1f238f5b7c443bd61d3b4114da0d291e56f2d90	"TEMPLATE_ROOT=""$ROOT/templates/service"""	Candidate evidence only; manual verification required.
EVD-e916b333a050	SERVICE_DISCOVERY	INFERRED_FROM_SOURCE	backend/sdk/devtoolkit/commands/create-service.sh	create-service.sh	11	4b95fdd8eabdece71cd50bded1f238f5b7c443bd61d3b4114da0d291e56f2d90	"echo ""Usage: ndsp create service SERVICE_ID slug \""Service Name\"" [--port PORT] [--product PRODUCT] [--domain DOMAIN]"""	Candidate evidence only; manual verification required.
EVD-99d120f29e07	SERVICE_DISCOVERY	INFERRED_FROM_SOURCE	backend/sdk/devtoolkit/commands/create-service.sh	create-service.sh	15	4b95fdd8eabdece71cd50bded1f238f5b7c443bd61d3b4114da0d291e56f2d90	"SERVICE_ID=""$1"""	Candidate evidence only; manual verification required.
EVD-f3b6b905318d	SERVICE_DISCOVERY	INFERRED_FROM_SOURCE	backend/sdk/devtoolkit/commands/create-service.sh	create-service.sh	17	4b95fdd8eabdece71cd50bded1f238f5b7c443bd61d3b4114da0d291e56f2d90	"SERVICE_NAME=""$3"""	Candidate evidence only; manual verification required.
EVD-bbb2f810af8c	SERVICE_DISCOVERY	INFERRED_FROM_SOURCE	backend/sdk/devtoolkit/commands/create-service.sh	create-service.sh	22	4b95fdd8eabdece71cd50bded1f238f5b7c443bd61d3b4114da0d291e56f2d90	"SERVICE_TYPE=""infrastructure_service"""	Candidate evidence only; manual verification required.
EVD-8b10e9cf1161	SERVICE_DISCOVERY	INFERRED_FROM_SOURCE	backend/sdk/devtoolkit/commands/create-service.sh	create-service.sh	33	4b95fdd8eabdece71cd50bded1f238f5b7c443bd61d3b4114da0d291e56f2d90	"--type) SERVICE_TYPE=""${2:-}""; shift 2 ;;"	Candidate evidence only; manual verification required.
EVD-da9bc51ece95	SERVICE_DISCOVERY	INFERRED_FROM_SOURCE	backend/sdk/devtoolkit/commands/create-service.sh	create-service.sh	38	4b95fdd8eabdece71cd50bded1f238f5b7c443bd61d3b4114da0d291e56f2d90	"DIR_NAME=""$(service_dir_name ""$SERVICE_ID"" ""$SLUG"")"""	Candidate evidence only; manual verification required.
EVD-54a2f2e27cb5	SERVICE_DISCOVERY	INFERRED_FROM_SOURCE	backend/sdk/devtoolkit/commands/create-service.sh	create-service.sh	39	4b95fdd8eabdece71cd50bded1f238f5b7c443bd61d3b4114da0d291e56f2d90	"SERVICE_PATH=""$ROOT/services/$DIR_NAME"""	Candidate evidence only; manual verification required.
EVD-d330f5c94313	SERVICE_DISCOVERY	INFERRED_FROM_SOURCE	backend/sdk/devtoolkit/commands/create-service.sh	create-service.sh	43	4b95fdd8eabdece71cd50bded1f238f5b7c443bd61d3b4114da0d291e56f2d90	"if service_id_exists ""$ROOT"" ""$SERVICE_ID""; then"	Candidate evidence only; manual verification required.
EVD-d9bbdf2577f7	SERVICE_DISCOVERY	INFERRED_FROM_SOURCE	backend/sdk/devtoolkit/commands/create-service.sh	create-service.sh	44	4b95fdd8eabdece71cd50bded1f238f5b7c443bd61d3b4114da0d291e56f2d90	"echo ""ERROR=SERVICE_ID_ALREADY_EXISTS:$SERVICE_ID"""	Candidate evidence only; manual verification required.
EVD-75ab99cc4b60	SERVICE_DISCOVERY	INFERRED_FROM_SOURCE	backend/sdk/devtoolkit/commands/create-service.sh	create-service.sh	48	4b95fdd8eabdece71cd50bded1f238f5b7c443bd61d3b4114da0d291e56f2d90	"if [ -d ""$SERVICE_PATH"" ]; then"	Candidate evidence only; manual verification required.
EVD-bc88996d99e9	SERVICE_DISCOVERY	INFERRED_FROM_SOURCE	backend/sdk/devtoolkit/commands/create-service.sh	create-service.sh	49	4b95fdd8eabdece71cd50bded1f238f5b7c443bd61d3b4114da0d291e56f2d90	"echo ""ERROR=SERVICE_PATH_ALREADY_EXISTS:$SERVICE_PATH"""	Candidate evidence only; manual verification required.
EVD-673643604b77	SERVICE_DISCOVERY	INFERRED_FROM_SOURCE	backend/sdk/devtoolkit/commands/create-service.sh	create-service.sh	58	4b95fdd8eabdece71cd50bded1f238f5b7c443bd61d3b4114da0d291e56f2d90	"mkdir -p ""$SERVICE_PATH""/{src,config,docs,contracts,tests,systemd,scripts}"	Candidate evidence only; manual verification required.
EVD-75138a762649	SERVICE_DISCOVERY	INFERRED_FROM_SOURCE	backend/sdk/devtoolkit/commands/create-service.sh	create-service.sh	64	4b95fdd8eabdece71cd50bded1f238f5b7c443bd61d3b4114da0d291e56f2d90	"-e ""s|__SERVICE_ID__|$(sed_escape ""$SERVICE_ID"")|g"" \"	Candidate evidence only; manual verification required.
EVD-80eb1a1c3af6	SERVICE_DISCOVERY	INFERRED_FROM_SOURCE	backend/sdk/devtoolkit/commands/create-service.sh	create-service.sh	65	4b95fdd8eabdece71cd50bded1f238f5b7c443bd61d3b4114da0d291e56f2d90	"-e ""s|__SERVICE_NAME__|$(sed_escape ""$SERVICE_NAME"")|g"" \"	Candidate evidence only; manual verification required.
EVD-bf3bb196feb1	SERVICE_DISCOVERY	INFERRED_FROM_SOURCE	backend/sdk/devtoolkit/commands/create-service.sh	create-service.sh	73	4b95fdd8eabdece71cd50bded1f238f5b7c443bd61d3b4114da0d291e56f2d90	"-e ""s|__SERVICE_TYPE__|$(sed_escape ""$SERVICE_TYPE"")|g"" \"	Candidate evidence only; manual verification required.
EVD-e2396f4760f1	SERVICE_DISCOVERY	INFERRED_FROM_SOURCE	backend/sdk/devtoolkit/commands/create-service.sh	create-service.sh	76	4b95fdd8eabdece71cd50bded1f238f5b7c443bd61d3b4114da0d291e56f2d90	"-e ""s|__SERVICE_PATH__|$(sed_escape ""$SERVICE_PATH"")|g"" \"	Candidate evidence only; manual verification required.
EVD-67dd16c04629	SERVICE_DISCOVERY	INFERRED_FROM_SOURCE	backend/sdk/devtoolkit/commands/create-service.sh	create-service.sh	80	4b95fdd8eabdece71cd50bded1f238f5b7c443bd61d3b4114da0d291e56f2d90	"replace_tpl ""$TEMPLATE_ROOT/package.json.tpl"" ""$SERVICE_PATH/package.json"""	Candidate evidence only; manual verification required.
EVD-de848a40ca9e	SERVICE_DISCOVERY	INFERRED_FROM_SOURCE	backend/sdk/devtoolkit/commands/create-service.sh	create-service.sh	81	4b95fdd8eabdece71cd50bded1f238f5b7c443bd61d3b4114da0d291e56f2d90	"replace_tpl ""$TEMPLATE_ROOT/service.yaml.tpl"" ""$SERVICE_PATH/service.yaml"""	Candidate evidence only; manual verification required.
EVD-683463f21595	SERVICE_DISCOVERY	INFERRED_FROM_SOURCE	backend/sdk/devtoolkit/commands/create-service.sh	create-service.sh	82	4b95fdd8eabdece71cd50bded1f238f5b7c443bd61d3b4114da0d291e56f2d90	"replace_tpl ""$TEMPLATE_ROOT/main.cjs.tpl"" ""$SERVICE_PATH/main.cjs"""	Candidate evidence only; manual verification required.
EVD-b5e9f34e62d8	SERVICE_DISCOVERY	INFERRED_FROM_SOURCE	backend/sdk/devtoolkit/commands/doctor.sh	doctor.sh	12	121d24e59becdd65837eb9bedf501079148f299e314bcc3e27261f3229900f76	"[ -d ""$ROOT/services"" ] && echo ""SERVICES_DIR=OK"" || echo ""SERVICES_DIR=MISSING"""	Candidate evidence only; manual verification required.
EVD-502379b005cc	SERVICE_DISCOVERY	INFERRED_FROM_SOURCE	backend/sdk/devtoolkit/commands/doctor.sh	doctor.sh	13	121d24e59becdd65837eb9bedf501079148f299e314bcc3e27261f3229900f76	"[ -f ""$ROOT/architecture/registry/SERVICE_REGISTRY_V2.md"" ] && echo ""SERVICE_REGISTRY=OK"" || echo ""SERVICE_REGISTRY=MISSING"""	Candidate evidence only; manual verification required.
EVD-2c4d9a19c53d	SERVICE_DISCOVERY	INFERRED_FROM_SOURCE	backend/sdk/devtoolkit/commands/doctor.sh	doctor.sh	15	121d24e59becdd65837eb9bedf501079148f299e314bcc3e27261f3229900f76	"echo ""== SERVICE COUNT =="""	Candidate evidence only; manual verification required.
EVD-e6687faf9630	SERVICE_DISCOVERY	INFERRED_FROM_SOURCE	backend/sdk/devtoolkit/commands/doctor.sh	doctor.sh	16	121d24e59becdd65837eb9bedf501079148f299e314bcc3e27261f3229900f76	"find ""$ROOT/services"" -maxdepth 1 -mindepth 1 -type d 2>/dev/null | wc -l"	Candidate evidence only; manual verification required.
EVD-f810e9e34aa2	SERVICE_DISCOVERY	INFERRED_FROM_SOURCE	backend/sdk/devtoolkit/commands/doctor.sh	doctor.sh	18	121d24e59becdd65837eb9bedf501079148f299e314bcc3e27261f3229900f76	"echo ""== SERVICE IDS =="""	Candidate evidence only; manual verification required.
EVD-ccfc1ea1a770	SERVICE_DISCOVERY	INFERRED_FROM_SOURCE	backend/sdk/devtoolkit/commands/doctor.sh	doctor.sh	19	121d24e59becdd65837eb9bedf501079148f299e314bcc3e27261f3229900f76	"find ""$ROOT/services"" -name service.yaml -print0 2>/dev/null | while IFS= read -r -d '' f; do"	Candidate evidence only; manual verification required.
EVD-3b33ab9d3a5f	SERVICE_DISCOVERY	INFERRED_FROM_SOURCE	backend/sdk/devtoolkit/commands/doctor.sh	doctor.sh	20	121d24e59becdd65837eb9bedf501079148f299e314bcc3e27261f3229900f76	"sid=""$(read_yaml_value ""$f"" service_id)"""	Candidate evidence only; manual verification required.
EVD-4e7e8ea7f79a	SERVICE_DISCOVERY	INFERRED_FROM_SOURCE	backend/sdk/devtoolkit/commands/doctor.sh	doctor.sh	25	121d24e59becdd65837eb9bedf501079148f299e314bcc3e27261f3229900f76	"echo ""== DUPLICATE SERVICE IDS =="""	Candidate evidence only; manual verification required.
EVD-2f70e73ddff8	SERVICE_DISCOVERY	INFERRED_FROM_SOURCE	backend/sdk/devtoolkit/commands/doctor.sh	doctor.sh	26	121d24e59becdd65837eb9bedf501079148f299e314bcc3e27261f3229900f76	"find ""$ROOT/services"" -name service.yaml -print0 2>/dev/null | while IFS= read -r -d '' f; do read_yaml_value ""$f"" service_id; done | sort | uniq -d || true"	Candidate evidence only; manual verification required.
EVD-9cb7b147b535	SERVICE_DISCOVERY	INFERRED_FROM_SOURCE	backend/sdk/devtoolkit/commands/doctor.sh	doctor.sh	29	121d24e59becdd65837eb9bedf501079148f299e314bcc3e27261f3229900f76	"find ""$ROOT/services"" -name service.yaml -print0 2>/dev/null | while IFS= read -r -d '' f; do read_yaml_value ""$f"" port; done | grep -E '^[0-9]+$' | sort | uniq -d || true"	Candidate evidence only; manual verification required.
EVD-e368e7399ec5	SERVICE_DISCOVERY	INFERRED_FROM_SOURCE	backend/sdk/devtoolkit/commands/registry.sh	registry.sh	8	289dcae0f6e08bd452bc6ce53a2ce5b25441e0057af6b1fe3451c5c4a96ed924	"REG=""$ROOT/architecture/registry/SERVICE_REGISTRY_V2.md"""	Candidate evidence only; manual verification required.
EVD-b343f5567f09	SERVICE_DISCOVERY	INFERRED_FROM_SOURCE	backend/sdk/devtoolkit/commands/registry.sh	registry.sh	11	289dcae0f6e08bd452bc6ce53a2ce5b25441e0057af6b1fe3451c5c4a96ed924	"echo ""SERVICE_REGISTRY_NOT_FOUND=$REG"""	Candidate evidence only; manual verification required.
EVD-61de079109ec	SERVICE_DISCOVERY	INFERRED_FROM_SOURCE	backend/sdk/devtoolkit/commands/validate.sh	validate.sh	10	955c6f1fa30750212e1b878e38c095517875a94a300c15510f0698c3a98f82b9	required_files=(service.yaml package.json README.md CHANGELOG.md main.cjs)	Candidate evidence only; manual verification required.
EVD-7dba6544e9a1	SERVICE_DISCOVERY	INFERRED_FROM_SOURCE	backend/sdk/devtoolkit/commands/validate.sh	validate.sh	11	955c6f1fa30750212e1b878e38c095517875a94a300c15510f0698c3a98f82b9	required_files_legacy=(service.yaml README.md CHANGELOG.md main.cjs)	Candidate evidence only; manual verification required.
EVD-308afb1f5c2e	SERVICE_DISCOVERY	INFERRED_FROM_SOURCE	backend/sdk/devtoolkit/commands/validate.sh	validate.sh	17	955c6f1fa30750212e1b878e38c095517875a94a300c15510f0698c3a98f82b9	"local yaml=""$svc/service.yaml"""	Candidate evidence only; manual verification required.
EVD-377ff1baebde	SERVICE_DISCOVERY	INFERRED_FROM_SOURCE	backend/sdk/devtoolkit/commands/validate.sh	validate.sh	27	955c6f1fa30750212e1b878e38c095517875a94a300c15510f0698c3a98f82b9	"echo ""LEGACY_SERVICE=YES"""	Candidate evidence only; manual verification required.
EVD-37bc18da8f50	SERVICE_DISCOVERY	INFERRED_FROM_SOURCE	backend/sdk/devtoolkit/commands/validate.sh	validate.sh	45	955c6f1fa30750212e1b878e38c095517875a94a300c15510f0698c3a98f82b9	"if ! grep -q ""createNDSPService"" ""$svc/main.cjs""; then"	Candidate evidence only; manual verification required.
EVD-9d602e520759	SERVICE_DISCOVERY	INFERRED_FROM_SOURCE	backend/sdk/devtoolkit/commands/validate.sh	validate.sh	59	955c6f1fa30750212e1b878e38c095517875a94a300c15510f0698c3a98f82b9	"for svc in ""$ROOT""/services/*; do"	Candidate evidence only; manual verification required.
EVD-92e0afdfcf8c	SERVICE_DISCOVERY	INFERRED_FROM_SOURCE	backend/sdk/devtoolkit/lib/common.sh	common.sh	29	be0b8a5672ccdac7904c6833f990c9da3b447112a80c69241163bdfeda19442c	service_dir_name(){	Candidate evidence only; manual verification required.
EVD-ed198b632a18	SERVICE_DISCOVERY	INFERRED_FROM_SOURCE	backend/sdk/devtoolkit/lib/common.sh	common.sh	30	be0b8a5672ccdac7904c6833f990c9da3b447112a80c69241163bdfeda19442c	"local service_id=""$1"""	Candidate evidence only; manual verification required.
EVD-7e3649206c2b	SERVICE_DISCOVERY	INFERRED_FROM_SOURCE	backend/sdk/devtoolkit/lib/common.sh	common.sh	32	be0b8a5672ccdac7904c6833f990c9da3b447112a80c69241163bdfeda19442c	"echo ""$(echo ""$service_id"" | lower)-$(slugify ""$slug"")"""	Candidate evidence only; manual verification required.
EVD-d513dca01da4	SERVICE_DISCOVERY	INFERRED_FROM_SOURCE	backend/sdk/devtoolkit/lib/common.sh	common.sh	35	be0b8a5672ccdac7904c6833f990c9da3b447112a80c69241163bdfeda19442c	service_id_exists(){	Candidate evidence only; manual verification required.
EVD-7fca04909f00	SERVICE_DISCOVERY	INFERRED_FROM_SOURCE	backend/sdk/devtoolkit/lib/common.sh	common.sh	37	be0b8a5672ccdac7904c6833f990c9da3b447112a80c69241163bdfeda19442c	"local service_id=""$2"""	Candidate evidence only; manual verification required.
EVD-85e839d3b138	SERVICE_DISCOVERY	INFERRED_FROM_SOURCE	backend/sdk/devtoolkit/lib/common.sh	common.sh	38	be0b8a5672ccdac7904c6833f990c9da3b447112a80c69241163bdfeda19442c	"grep -Rqs ""service_id: $service_id"" ""$root/services"" 2>/dev/null"	Candidate evidence only; manual verification required.
EVD-2e6a8ffa0144	SERVICE_DISCOVERY	INFERRED_FROM_SOURCE	backend/sdk/devtoolkit/lib/common.sh	common.sh	44	be0b8a5672ccdac7904c6833f990c9da3b447112a80c69241163bdfeda19442c	"grep -Rqs ""port: $port"" ""$root/services"" 2>/dev/null"	Candidate evidence only; manual verification required.
EVD-46d8f5cc184f	SERVICE_DISCOVERY	INFERRED_FROM_SOURCE	backend/sdk/devtoolkit/lib/common.sh	common.sh	68	be0b8a5672ccdac7904c6833f990c9da3b447112a80c69241163bdfeda19442c	"[ -f ""$root/architecture/registry/SERVICE_REGISTRY_V2.md"" ] || cat > ""$root/architecture/registry/SERVICE_REGISTRY_V2.md"" <<'EOT'"	Candidate evidence only; manual verification required.
EVD-a44cdc4637a1	SERVICE_DISCOVERY	INFERRED_FROM_SOURCE	backend/sdk/devtoolkit/lib/common.sh	common.sh	69	be0b8a5672ccdac7904c6833f990c9da3b447112a80c69241163bdfeda19442c	# NDSP Service Registry v2	Candidate evidence only; manual verification required.
EVD-fba4a27ce8f4	SERVICE_DISCOVERY	INFERRED_FROM_SOURCE	backend/sdk/devtoolkit/lib/common.sh	common.sh	71	be0b8a5672ccdac7904c6833f990c9da3b447112a80c69241163bdfeda19442c	| ID | Service | Port | Owner | Status |	Candidate evidence only; manual verification required.
EVD-c1728d9317ff	SERVICE_DISCOVERY	INFERRED_FROM_SOURCE	backend/sdk/devtoolkit/tests/devtoolkit.test.sh	devtoolkit.test.sh	15	7fedf999add7d117266d9daef7b4468dea1639da9cc21e48c6c84f96533ca244	"mkdir -p ""$TMPROOT/backend/services"""	Candidate evidence only; manual verification required.
EVD-dbc6a401930b	SERVICE_DISCOVERY	INFERRED_FROM_SOURCE	backend/sdk/devtoolkit/tests/devtoolkit.test.sh	devtoolkit.test.sh	35	7fedf999add7d117266d9daef7b4468dea1639da9cc21e48c6c84f96533ca244	"./tools/ndsp create service TST-001 test-service ""Test Service"" --port 9199 --domain Testing"	Candidate evidence only; manual verification required.
EVD-27f5215dcc01	SERVICE_DISCOVERY	INFERRED_FROM_SOURCE	backend/sdk/devtoolkit/tests/devtoolkit.test.sh	devtoolkit.test.sh	37	7fedf999add7d117266d9daef7b4468dea1639da9cc21e48c6c84f96533ca244	"[ -f ""$TMPROOT/backend/services/tst-001-test-service/main.cjs"" ]"	Candidate evidence only; manual verification required.
EVD-1a427e91690e	SERVICE_DISCOVERY	INFERRED_FROM_SOURCE	backend/sdk/devtoolkit/tests/devtoolkit.test.sh	devtoolkit.test.sh	38	7fedf999add7d117266d9daef7b4468dea1639da9cc21e48c6c84f96533ca244	"[ -f ""$TMPROOT/backend/services/tst-001-test-service/service.yaml"" ]"	Candidate evidence only; manual verification required.
EVD-e196b674ace6	SERVICE_DISCOVERY	INFERRED_FROM_SOURCE	backend/sdk/devtoolkit/tests/devtoolkit.test.sh	devtoolkit.test.sh	39	7fedf999add7d117266d9daef7b4468dea1639da9cc21e48c6c84f96533ca244	"[ -f ""$TMPROOT/backend/services/tst-001-test-service/tests/service.test.cjs"" ]"	Candidate evidence only; manual verification required.
EVD-b179883834cb	SERVICE_DISCOVERY	INFERRED_FROM_SOURCE	backend/sdk/devtoolkit/tests/devtoolkit.test.sh	devtoolkit.test.sh	41	7fedf999add7d117266d9daef7b4468dea1639da9cc21e48c6c84f96533ca244	"cd ""$TMPROOT/backend/services/tst-001-test-service"""	Candidate evidence only; manual verification required.
EVD-5ad61dcc5809	SERVICE_DISCOVERY	INFERRED_FROM_SOURCE	backend/sdk/devtoolkit/tests/devtoolkit.test.sh	devtoolkit.test.sh	42	7fedf999add7d117266d9daef7b4468dea1639da9cc21e48c6c84f96533ca244	node tests/service.test.cjs | tee /tmp/dev001_generated_service_test.out	Candidate evidence only; manual verification required.
EVD-8ca4ab34b148	SERVICE_DISCOVERY	INFERRED_FROM_SOURCE	backend/sdk/devtoolkit/tests/devtoolkit.test.sh	devtoolkit.test.sh	43	7fedf999add7d117266d9daef7b4468dea1639da9cc21e48c6c84f96533ca244	"grep -q ""TST-001_TEST_PASS=REDACTED"" /tmp/dev001_generated_service_test.out"	Candidate evidence only; manual verification required.
EVD-991d3f412cd1	SERVICE_DISCOVERY	INFERRED_FROM_SOURCE	backend/server.js	server.js	170	104c25b6180700f4ced37c402a8aec3ee1ac219122aa4f0375a4f17948c47477	service: 'ndsp-auth-api',	Candidate evidence only; manual verification required.
EVD-c4ff01902d66	SERVICE_DISCOVERY	DOCUMENTATION_ONLY	backend/services/bot_execution/CHANGELOG.md	CHANGELOG.md	5	b0010c091b7d88eb89e0b23a4b50b4f2f35ccb21f04f989b893e76d16b0baabc	Registered existing legacy service into DEV-001 governance without changing runtime logic.	Candidate evidence only; manual verification required.
EVD-1718274f5f4b	SERVICE_DISCOVERY	DOCUMENTATION_ONLY	backend/services/bot_execution/MIGRATION_STATUS.md	MIGRATION_STATUS.md	5	aa8039a023227ea17680d816298a13938bfd3b5c476b7dedb3f3710a18667aba	Service: BOT-001 NDSP Bot Execution Service	Candidate evidence only; manual verification required.
EVD-524365e9b0c2	SERVICE_DISCOVERY	DOCUMENTATION_ONLY	backend/services/bot_execution/MIGRATION_STATUS.md	MIGRATION_STATUS.md	6	aa8039a023227ea17680d816298a13938bfd3b5c476b7dedb3f3710a18667aba	Path: backend/services/bot_execution	Candidate evidence only; manual verification required.
EVD-ecd0741e818f	SERVICE_DISCOVERY	DOCUMENTATION_ONLY	backend/services/bot_execution/MIGRATION_STATUS.md	MIGRATION_STATUS.md	20	aa8039a023227ea17680d816298a13938bfd3b5c476b7dedb3f3710a18667aba	SERVICE_ID=BOT-001	Candidate evidence only; manual verification required.
EVD-95e463f2c3ee	SERVICE_DISCOVERY	DOCUMENTATION_ONLY	backend/services/bot_execution/README.md	README.md	1	9af26913da4eda107c979366467bd1273467642ab17f628fe56354cd4e6e2c93	# BOT-001 — NDSP Bot Execution Service	Candidate evidence only; manual verification required.
EVD-9166ea91ad2c	SERVICE_DISCOVERY	DOCUMENTATION_ONLY	backend/services/bot_execution/README.md	README.md	3	9af26913da4eda107c979366467bd1273467642ab17f628fe56354cd4e6e2c93	Legacy NDSP service registered into DEV-001 governance.	Candidate evidence only; manual verification required.
EVD-de85c2562588	SERVICE_DISCOVERY	DOCUMENTATION_ONLY	backend/services/bot_execution/README.md	README.md	7	9af26913da4eda107c979366467bd1273467642ab17f628fe56354cd4e6e2c93	Active legacy service.	Candidate evidence only; manual verification required.
EVD-11f1e66c6562	SERVICE_DISCOVERY	DOCUMENTATION_ONLY	backend/services/bot_execution/README.md	README.md	17	9af26913da4eda107c979366467bd1273467642ab17f628fe56354cd4e6e2c93	This service was created before ENG-001 and is marked for later migration.	Candidate evidence only; manual verification required.
EVD-8d3febb6bb76	SERVICE_DISCOVERY	DOCUMENTATION_ONLY	backend/services/bot_execution/contracts/BOT-001-CONTRACT.md	BOT-001-CONTRACT.md	1	360d0ed2fb631381a37245e80c8328b940f7fcaf36dbab3e6567c421ca18f1ae	# BOT-001 — NDSP Bot Execution Service Contract	Candidate evidence only; manual verification required.
EVD-aee086ca6548	SERVICE_DISCOVERY	DOCUMENTATION_ONLY	backend/services/bot_execution/contracts/BOT-001-CONTRACT.md	BOT-001-CONTRACT.md	5	360d0ed2fb631381a37245e80c8328b940f7fcaf36dbab3e6567c421ca18f1ae	Legacy service contract.	Candidate evidence only; manual verification required.
EVD-8f9f45dc28f2	SERVICE_DISCOVERY	DOCUMENTATION_ONLY	backend/services/bot_execution/contracts/BOT-001-ENG-001-ADAPTER-CONTRACT.md	BOT-001-ENG-001-ADAPTER-CONTRACT.md	30	0b7b315644d5ec251b357d5700f82702d8483cf143771a7d4674b5a239822985	USES_FRAMEWORK_FACTORY_REFERENCE=createNDSPService	Candidate evidence only; manual verification required.
EVD-90b148a60bbd	SERVICE_DISCOVERY	DOCUMENTATION_ONLY	backend/services/bot_execution/docs/ARCHITECTURE.md	ARCHITECTURE.md	3	8aa2feaf429d9f60d360e4cacd29b91069b40d8c8185a84b04a5a1c62757d512	## Service	Candidate evidence only; manual verification required.
EVD-7a3a955b6492	SERVICE_DISCOVERY	DOCUMENTATION_ONLY	backend/services/bot_execution/docs/ARCHITECTURE.md	ARCHITECTURE.md	5	8aa2feaf429d9f60d360e4cacd29b91069b40d8c8185a84b04a5a1c62757d512	NDSP Bot Execution Service	Candidate evidence only; manual verification required.
EVD-800047c4215b	SERVICE_DISCOVERY	DOCUMENTATION_ONLY	backend/services/bot_execution/docs/ARCHITECTURE.md	ARCHITECTURE.md	9	8aa2feaf429d9f60d360e4cacd29b91069b40d8c8185a84b04a5a1c62757d512	Legacy service.	Candidate evidence only; manual verification required.
EVD-807851e7a69a	SERVICE_DISCOVERY	DOCUMENTATION_ONLY	backend/services/bot_execution/docs/README.md	README.md	1	4a9f1848c99565574cd9456301b8f921cf962e40569bbefd0dc1d8597e40b46d	# NDSP Bot Execution Service	Candidate evidence only; manual verification required.
EVD-e75738468193	SERVICE_DISCOVERY	INFERRED_FROM_SOURCE	backend/services/bot_execution/framework-adapter.cjs	framework-adapter.cjs	3	4719655ec3844c1d65652c5db28a8d5458e4513dacbaee2be681f415520e94e2	const { createNDSPService } = require('../../framework');	Candidate evidence only; manual verification required.
EVD-6a0357b1ff27	SERVICE_DISCOVERY	INFERRED_FROM_SOURCE	backend/services/bot_execution/framework-adapter.cjs	framework-adapter.cjs	5	4719655ec3844c1d65652c5db28a8d5458e4513dacbaee2be681f415520e94e2	const SERVICE_ID = 'BOT-001';	Candidate evidence only; manual verification required.
EVD-8a16436d5248	SERVICE_DISCOVERY	INFERRED_FROM_SOURCE	backend/services/bot_execution/framework-adapter.cjs	framework-adapter.cjs	6	4719655ec3844c1d65652c5db28a8d5458e4513dacbaee2be681f415520e94e2	const SERVICE_NAME = 'NDSP Bot Execution Service';	Candidate evidence only; manual verification required.
EVD-7c0c5026ba39	SERVICE_DISCOVERY	INFERRED_FROM_SOURCE	backend/services/bot_execution/framework-adapter.cjs	framework-adapter.cjs	7	4719655ec3844c1d65652c5db28a8d5458e4513dacbaee2be681f415520e94e2	const SERVICE_VERSION = '1.0.0';	Candidate evidence only; manual verification required.
EVD-bbe909b9afce	SERVICE_DISCOVERY	INFERRED_FROM_SOURCE	backend/services/bot_execution/framework-adapter.cjs	framework-adapter.cjs	12	4719655ec3844c1d65652c5db28a8d5458e4513dacbaee2be681f415520e94e2	factory: 'createNDSPService',	Candidate evidence only; manual verification required.
EVD-edec91c551c1	SERVICE_DISCOVERY	INFERRED_FROM_SOURCE	backend/services/bot_execution/framework-adapter.cjs	framework-adapter.cjs	13	4719655ec3844c1d65652c5db28a8d5458e4513dacbaee2be681f415520e94e2	factory_available: typeof createNDSPService === 'function',	Candidate evidence only; manual verification required.
EVD-ff83a264eb1b	SERVICE_DISCOVERY	INFERRED_FROM_SOURCE	backend/services/bot_execution/framework-adapter.cjs	framework-adapter.cjs	24	4719655ec3844c1d65652c5db28a8d5458e4513dacbaee2be681f415520e94e2	const serviceId = options.serviceId || SERVICE_ID;	Candidate evidence only; manual verification required.
EVD-2bcb6dddbf32	SERVICE_DISCOVERY	INFERRED_FROM_SOURCE	backend/services/bot_execution/framework-adapter.cjs	framework-adapter.cjs	25	4719655ec3844c1d65652c5db28a8d5458e4513dacbaee2be681f415520e94e2	const serviceName = options.serviceName || SERVICE_NAME;	Candidate evidence only; manual verification required.
EVD-e39c6165a432	SERVICE_DISCOVERY	INFERRED_FROM_SOURCE	backend/services/bot_execution/framework-adapter.cjs	framework-adapter.cjs	26	4719655ec3844c1d65652c5db28a8d5458e4513dacbaee2be681f415520e94e2	const version = options.version || SERVICE_VERSION;	Candidate evidence only; manual verification required.
EVD-a023456721b3	SERVICE_DISCOVERY	INFERRED_FROM_SOURCE	backend/services/bot_execution/framework-adapter.cjs	framework-adapter.cjs	27	4719655ec3844c1d65652c5db28a8d5458e4513dacbaee2be681f415520e94e2	const description = options.description || 'NDSP bot execution boundary service.';	Candidate evidence only; manual verification required.
EVD-5bfe2ca44271	SERVICE_DISCOVERY	INFERRED_FROM_SOURCE	backend/services/bot_execution/framework-adapter.cjs	framework-adapter.cjs	32	4719655ec3844c1d65652c5db28a8d5458e4513dacbaee2be681f415520e94e2	service: serviceId,	Candidate evidence only; manual verification required.
EVD-d6802a96f53f	SERVICE_DISCOVERY	INFERRED_FROM_SOURCE	backend/services/bot_execution/framework-adapter.cjs	framework-adapter.cjs	33	4719655ec3844c1d65652c5db28a8d5458e4513dacbaee2be681f415520e94e2	name: serviceName,	Candidate evidence only; manual verification required.
EVD-47a31607568a	SERVICE_DISCOVERY	INFERRED_FROM_SOURCE	backend/services/bot_execution/framework-adapter.cjs	framework-adapter.cjs	43	4719655ec3844c1d65652c5db28a8d5458e4513dacbaee2be681f415520e94e2	service: serviceId,	Candidate evidence only; manual verification required.
EVD-83a5fdf40166	SERVICE_DISCOVERY	INFERRED_FROM_SOURCE	backend/services/bot_execution/framework-adapter.cjs	framework-adapter.cjs	44	4719655ec3844c1d65652c5db28a8d5458e4513dacbaee2be681f415520e94e2	name: serviceName,	Candidate evidence only; manual verification required.
EVD-12ef47af1aa1	SERVICE_DISCOVERY	INFERRED_FROM_SOURCE	backend/services/bot_execution/framework-adapter.cjs	framework-adapter.cjs	53	4719655ec3844c1d65652c5db28a8d5458e4513dacbaee2be681f415520e94e2	upstream_dependency: 'DGC-001 Decision Governance Core and CDS-001 Completed Decision Service',	Candidate evidence only; manual verification required.
EVD-432da9c9f913	SERVICE_DISCOVERY	INFERRED_FROM_SOURCE	backend/services/bot_execution/framework-adapter.cjs	framework-adapter.cjs	64	4719655ec3844c1d65652c5db28a8d5458e4513dacbaee2be681f415520e94e2	service: serviceId,	Candidate evidence only; manual verification required.
EVD-09fceb927a2f	SERVICE_DISCOVERY	INFERRED_FROM_SOURCE	backend/services/bot_execution/main.cjs	main.cjs	6	b9cbc6e9ae3317f78e0478460341073afffaae77a242ff4e26cf17c000e8a920	const { attachFrameworkStandard } = require('./framework-adapter.cjs'); // createNDSPService ENG-001 adapter	Candidate evidence only; manual verification required.
EVD-9abaaf049424	SERVICE_DISCOVERY	INFERRED_FROM_SOURCE	backend/services/bot_execution/main.cjs	main.cjs	18	b9cbc6e9ae3317f78e0478460341073afffaae77a242ff4e26cf17c000e8a920	serviceId: 'BOT-001',	Candidate evidence only; manual verification required.
EVD-72c45e1d128e	SERVICE_DISCOVERY	INFERRED_FROM_SOURCE	backend/services/bot_execution/main.cjs	main.cjs	19	b9cbc6e9ae3317f78e0478460341073afffaae77a242ff4e26cf17c000e8a920	serviceName: 'NDSP Bot Execution Service',	Candidate evidence only; manual verification required.
EVD-746fa3c22e5e	SERVICE_DISCOVERY	INFERRED_FROM_SOURCE	backend/services/bot_execution/main.cjs	main.cjs	21	b9cbc6e9ae3317f78e0478460341073afffaae77a242ff4e26cf17c000e8a920	description: 'NDSP bot execution boundary service.'	Candidate evidence only; manual verification required.
EVD-355fe0e5eb02	SERVICE_DISCOVERY	INFERRED_FROM_SOURCE	backend/services/bot_execution/main.cjs	main.cjs	25	b9cbc6e9ae3317f78e0478460341073afffaae77a242ff4e26cf17c000e8a920	return 'NDSP Bot Execution Service is currently in DRY_RUN mode. No real trade is executed.';	Candidate evidence only; manual verification required.
EVD-57442cbb4b27	SERVICE_DISCOVERY	INFERRED_FROM_SOURCE	backend/services/bot_execution/main.cjs	main.cjs	84	b9cbc6e9ae3317f78e0478460341073afffaae77a242ff4e26cf17c000e8a920	service:'ndsp-bot-execution-service',	Candidate evidence only; manual verification required.
EVD-ced70d8897a3	SERVICE_DISCOVERY	INFERRED_FROM_SOURCE	backend/services/bot_execution/main.cjs	main.cjs	99	b9cbc6e9ae3317f78e0478460341073afffaae77a242ff4e26cf17c000e8a920	source:'ndsp_bot_execution_service',	Candidate evidence only; manual verification required.
EVD-e6b93b405693	SERVICE_DISCOVERY	INFERRED_FROM_SOURCE	backend/services/bot_execution/main.cjs	main.cjs	116	b9cbc6e9ae3317f78e0478460341073afffaae77a242ff4e26cf17c000e8a920	source:'ndsp_bot_execution_service',	Candidate evidence only; manual verification required.
EVD-c4184b570644	SERVICE_DISCOVERY	INFERRED_FROM_SOURCE	backend/services/bot_execution/main.cjs	main.cjs	136	b9cbc6e9ae3317f78e0478460341073afffaae77a242ff4e26cf17c000e8a920	source:'ndsp_bot_execution_service',	Candidate evidence only; manual verification required.
EVD-23ba01abf378	SERVICE_DISCOVERY	INFERRED_FROM_SOURCE	backend/services/bot_execution/main.cjs	main.cjs	146	b9cbc6e9ae3317f78e0478460341073afffaae77a242ff4e26cf17c000e8a920	source:'ndsp_bot_execution_service',	Candidate evidence only; manual verification required.
EVD-c0f46111a029	SERVICE_DISCOVERY	INFERRED_FROM_SOURCE	backend/services/bot_execution/main.cjs	main.cjs	157	b9cbc6e9ae3317f78e0478460341073afffaae77a242ff4e26cf17c000e8a920	console.log(`[NDSP] Bot Execution Service listening on http://${HOST}:${PORT}`);	Candidate evidence only; manual verification required.
EVD-01f47c90c25a	SERVICE_DISCOVERY	INFERRED_FROM_SOURCE	backend/services/bot_execution/package.json	package.json	2	60e8cede6d375f8373088864a541eea56c693ee6c3563100c27c92dd83f71ebd	"""name"": ""ndsp-bot-execution-service"","	Candidate evidence only; manual verification required.
EVD-142fcce5861c	SERVICE_DISCOVERY	INFERRED_FROM_SOURCE	backend/services/bot_execution/service.yaml	service.yaml	1	e95fd062d61c0220163fefcf669b160df80d76b9c755e73738ddcaf4bccda0e5	service_id: BOT-001	Candidate evidence only; manual verification required.
EVD-ab9f0e09d022	SERVICE_DISCOVERY	INFERRED_FROM_SOURCE	backend/services/bot_execution/service.yaml	service.yaml	2	e95fd062d61c0220163fefcf669b160df80d76b9c755e73738ddcaf4bccda0e5	service_name: NDSP Bot Execution Service	Candidate evidence only; manual verification required.
EVD-8f7b84f0d2dc	SERVICE_DISCOVERY	INFERRED_FROM_SOURCE	backend/services/bot_execution/service.yaml	service.yaml	14	e95fd062d61c0220163fefcf669b160df80d76b9c755e73738ddcaf4bccda0e5	type: legacy_service	Candidate evidence only; manual verification required.
EVD-dad97aec63e0	SERVICE_DISCOVERY	INFERRED_FROM_SOURCE	backend/services/bot_execution/service.yaml	service.yaml	17	e95fd062d61c0220163fefcf669b160df80d76b9c755e73738ddcaf4bccda0e5	systemd: ndsp-bot_execution.service	Candidate evidence only; manual verification required.
EVD-4669f1564585	SERVICE_DISCOVERY	INFERRED_FROM_SOURCE	backend/services/bot_execution/systemd/ndsp-bot_execution.service	ndsp-bot_execution.service	2	305021b6b530d77d270cac880fa7d48af29a65679df190921e453428836d759f	Description=NDSP BOT-001 NDSP Bot Execution Service	Candidate evidence only; manual verification required.
EVD-362877f72b28	SERVICE_DISCOVERY	INFERRED_FROM_SOURCE	backend/services/bot_execution/systemd/ndsp-bot_execution.service	ndsp-bot_execution.service	5	305021b6b530d77d270cac880fa7d48af29a65679df190921e453428836d759f	[Service]	Candidate evidence only; manual verification required.
EVD-bb0fff84b5f2	SERVICE_DISCOVERY	INFERRED_FROM_SOURCE	backend/services/bot_execution/systemd/ndsp-bot_execution.service	ndsp-bot_execution.service	8	305021b6b530d77d270cac880fa7d48af29a65679df190921e453428836d759f	WorkingDirectory=/home/nawaf511/empire-core-new/backend/services/bot_execution	Candidate evidence only; manual verification required.
EVD-ac4d4f407bd5	SERVICE_DISCOVERY	INFERRED_FROM_SOURCE	backend/services/bot_execution/systemd/ndsp-bot_execution.service	ndsp-bot_execution.service	12	305021b6b530d77d270cac880fa7d48af29a65679df190921e453428836d759f	ExecStart=/usr/bin/node /home/nawaf511/empire-core-new/backend/services/bot_execution/main.cjs	Candidate evidence only; manual verification required.
EVD-9d6e805ee464	SERVICE_DISCOVERY	INFERRED_FROM_SOURCE	backend/services/bot_execution/systemd/ndsp-bot_execution.service	ndsp-bot_execution.service	16	305021b6b530d77d270cac880fa7d48af29a65679df190921e453428836d759f	EnvironmentFile=-/home/nawaf511/empire-core-new/backend/runtime/systemd-env/core-services.env	Candidate evidence only; manual verification required.
EVD-cefd29971138	SERVICE_DISCOVERY	HISTORICAL_REFERENCE	backend/services/bot_execution/tests/legacy-structure.test.sh	legacy-structure.test.sh	7	c789cb15389c00b77ddf671f80eaec89e27853216e77c2a62f05c91a288bf17d	"[ -f ""$DIR/service.yaml"" ]"	Candidate evidence only; manual verification required.
EVD-37ad58d72538	SERVICE_DISCOVERY	DOCUMENTATION_ONLY	backend/services/completed_decision/CHANGELOG.md	CHANGELOG.md	5	f6334f26da4f515293fc8acb446246bf92a5f034119fbcfe02387af038986bd6	Registered existing legacy service into DEV-001 governance without changing runtime logic.	Candidate evidence only; manual verification required.
EVD-e92f46c01cb9	SERVICE_DISCOVERY	DOCUMENTATION_ONLY	backend/services/completed_decision/MIGRATION_STATUS.md	MIGRATION_STATUS.md	5	434d3be66e897a9b0d4af0e1fa1c3f605551c49384989f58d24123cf5aa3f44b	Service: CDS-001 Completed Decision Service	Candidate evidence only; manual verification required.
EVD-340db6f8d38f	SERVICE_DISCOVERY	DOCUMENTATION_ONLY	backend/services/completed_decision/MIGRATION_STATUS.md	MIGRATION_STATUS.md	6	434d3be66e897a9b0d4af0e1fa1c3f605551c49384989f58d24123cf5aa3f44b	Path: backend/services/completed_decision	Candidate evidence only; manual verification required.
EVD-06e86f745754	SERVICE_DISCOVERY	DOCUMENTATION_ONLY	backend/services/completed_decision/MIGRATION_STATUS.md	MIGRATION_STATUS.md	22	434d3be66e897a9b0d4af0e1fa1c3f605551c49384989f58d24123cf5aa3f44b	SERVICE_ID=CDS-001	Candidate evidence only; manual verification required.
EVD-ff3283645284	SERVICE_DISCOVERY	DOCUMENTATION_ONLY	backend/services/completed_decision/MIGRATION_STATUS.md	MIGRATION_STATUS.md	40	434d3be66e897a9b0d4af0e1fa1c3f605551c49384989f58d24123cf5aa3f44b	## Next Service	Candidate evidence only; manual verification required.
EVD-5860316d256b	SERVICE_DISCOVERY	DOCUMENTATION_ONLY	backend/services/completed_decision/README.md	README.md	1	c335b99abe2cf7223286b1f111ba8c36822209d0cd71efbd85dc2050fe66c0f9	# CDS-001 — Completed Decision Service	Candidate evidence only; manual verification required.
EVD-7bfcbd49a59f	SERVICE_DISCOVERY	DOCUMENTATION_ONLY	backend/services/completed_decision/README.md	README.md	3	c335b99abe2cf7223286b1f111ba8c36822209d0cd71efbd85dc2050fe66c0f9	Legacy NDSP service registered into DEV-001 governance.	Candidate evidence only; manual verification required.
EVD-d0b46a7c3e4f	SERVICE_DISCOVERY	DOCUMENTATION_ONLY	backend/services/completed_decision/README.md	README.md	7	c335b99abe2cf7223286b1f111ba8c36822209d0cd71efbd85dc2050fe66c0f9	Active legacy service.	Candidate evidence only; manual verification required.
EVD-c37784612fd3	SERVICE_DISCOVERY	DOCUMENTATION_ONLY	backend/services/completed_decision/README.md	README.md	17	c335b99abe2cf7223286b1f111ba8c36822209d0cd71efbd85dc2050fe66c0f9	This service was created before ENG-001 and is marked for later migration.	Candidate evidence only; manual verification required.
EVD-a3110d6a9295	SERVICE_DISCOVERY	DOCUMENTATION_ONLY	backend/services/completed_decision/contracts/CDS-001-CONTRACT.md	CDS-001-CONTRACT.md	1	d1659299579076ede3d5770acc937f11d29f27fae4981d3e7dbbe9727f4e94ae	# CDS-001 — Completed Decision Service Contract	Candidate evidence only; manual verification required.
EVD-5cd520ca0490	SERVICE_DISCOVERY	DOCUMENTATION_ONLY	backend/services/completed_decision/contracts/CDS-001-CONTRACT.md	CDS-001-CONTRACT.md	5	d1659299579076ede3d5770acc937f11d29f27fae4981d3e7dbbe9727f4e94ae	Legacy service contract.	Candidate evidence only; manual verification required.
EVD-7f8d9c065592	SERVICE_DISCOVERY	DOCUMENTATION_ONLY	backend/services/completed_decision/contracts/CDS-001-ENG-001-ADAPTER-CONTRACT.md	CDS-001-ENG-001-ADAPTER-CONTRACT.md	44	cbe925cf1c0a71c1676e132adb51a2b706dfb8d5ae31771f5528a0e7ba8ffd35	USES_FRAMEWORK_FACTORY_REFERENCE=createNDSPService	Candidate evidence only; manual verification required.
EVD-c7a5182ad2fd	SERVICE_DISCOVERY	DOCUMENTATION_ONLY	backend/services/completed_decision/docs/ARCHITECTURE.md	ARCHITECTURE.md	3	2525705728bc93f22482dfce1eeff65d710a3e99a48221795140b73b0ccfb2aa	## Service	Candidate evidence only; manual verification required.
EVD-8862a8dbd468	SERVICE_DISCOVERY	DOCUMENTATION_ONLY	backend/services/completed_decision/docs/ARCHITECTURE.md	ARCHITECTURE.md	5	2525705728bc93f22482dfce1eeff65d710a3e99a48221795140b73b0ccfb2aa	Completed Decision Service	Candidate evidence only; manual verification required.
EVD-d8dff5a51ecc	SERVICE_DISCOVERY	DOCUMENTATION_ONLY	backend/services/completed_decision/docs/ARCHITECTURE.md	ARCHITECTURE.md	9	2525705728bc93f22482dfce1eeff65d710a3e99a48221795140b73b0ccfb2aa	Legacy service.	Candidate evidence only; manual verification required.
EVD-ef7e4fe0c28c	SERVICE_DISCOVERY	DOCUMENTATION_ONLY	backend/services/completed_decision/docs/README.md	README.md	1	bbd63f73cbdc27db6b048c7f438633e8e22a8eaa75fe2a81fbd259ab932e5b35	# NDSP Completed Decision Service	Candidate evidence only; manual verification required.
EVD-06f5bbb54042	SERVICE_DISCOVERY	DOCUMENTATION_ONLY	backend/services/completed_decision/docs/README.md	README.md	3	bbd63f73cbdc27db6b048c7f438633e8e22a8eaa75fe2a81fbd259ab932e5b35	This service is the official source for completed NDSP decisions.	Candidate evidence only; manual verification required.
EVD-dfb5153e22f9	SERVICE_DISCOVERY	INFERRED_FROM_SOURCE	backend/services/completed_decision/framework-adapter.cjs	framework-adapter.cjs	3	6783bf0a83e918a99f704e46f4088bc9fa0e672de4a092e53b246c0874e738dd	const { createNDSPService } = require('../../framework');	Candidate evidence only; manual verification required.
EVD-66ea9757254a	SERVICE_DISCOVERY	INFERRED_FROM_SOURCE	backend/services/completed_decision/framework-adapter.cjs	framework-adapter.cjs	5	6783bf0a83e918a99f704e46f4088bc9fa0e672de4a092e53b246c0874e738dd	const SERVICE_ID = 'CDS-001';	Candidate evidence only; manual verification required.
EVD-f0b213e1dfd9	SERVICE_DISCOVERY	INFERRED_FROM_SOURCE	backend/services/completed_decision/framework-adapter.cjs	framework-adapter.cjs	6	6783bf0a83e918a99f704e46f4088bc9fa0e672de4a092e53b246c0874e738dd	const SERVICE_NAME = 'Completed Decision Service';	Candidate evidence only; manual verification required.
EVD-7b9c327c5538	SERVICE_DISCOVERY	INFERRED_FROM_SOURCE	backend/services/completed_decision/framework-adapter.cjs	framework-adapter.cjs	7	6783bf0a83e918a99f704e46f4088bc9fa0e672de4a092e53b246c0874e738dd	const SERVICE_VERSION = '1.0.0';	Candidate evidence only; manual verification required.
EVD-7d4d3b9db4ca	SERVICE_DISCOVERY	INFERRED_FROM_SOURCE	backend/services/completed_decision/framework-adapter.cjs	framework-adapter.cjs	12	6783bf0a83e918a99f704e46f4088bc9fa0e672de4a092e53b246c0874e738dd	factory: 'createNDSPService',	Candidate evidence only; manual verification required.
EVD-bf7d69aab2e7	SERVICE_DISCOVERY	INFERRED_FROM_SOURCE	backend/services/completed_decision/framework-adapter.cjs	framework-adapter.cjs	13	6783bf0a83e918a99f704e46f4088bc9fa0e672de4a092e53b246c0874e738dd	factory_available: typeof createNDSPService === 'function',	Candidate evidence only; manual verification required.
EVD-75aacfcb5cd6	SERVICE_DISCOVERY	INFERRED_FROM_SOURCE	backend/services/completed_decision/framework-adapter.cjs	framework-adapter.cjs	24	6783bf0a83e918a99f704e46f4088bc9fa0e672de4a092e53b246c0874e738dd	const serviceId = options.serviceId || SERVICE_ID;	Candidate evidence only; manual verification required.
EVD-0af4a6c19e39	SERVICE_DISCOVERY	INFERRED_FROM_SOURCE	backend/services/completed_decision/framework-adapter.cjs	framework-adapter.cjs	25	6783bf0a83e918a99f704e46f4088bc9fa0e672de4a092e53b246c0874e738dd	const serviceName = options.serviceName || SERVICE_NAME;	Candidate evidence only; manual verification required.
EVD-34f6357d897e	SERVICE_DISCOVERY	INFERRED_FROM_SOURCE	backend/services/completed_decision/framework-adapter.cjs	framework-adapter.cjs	26	6783bf0a83e918a99f704e46f4088bc9fa0e672de4a092e53b246c0874e738dd	const version = options.version || SERVICE_VERSION;	Candidate evidence only; manual verification required.
EVD-efc5d5849552	SERVICE_DISCOVERY	INFERRED_FROM_SOURCE	backend/services/completed_decision/framework-adapter.cjs	framework-adapter.cjs	32	6783bf0a83e918a99f704e46f4088bc9fa0e672de4a092e53b246c0874e738dd	service: serviceId,	Candidate evidence only; manual verification required.
EVD-ea655ce22139	SERVICE_DISCOVERY	INFERRED_FROM_SOURCE	backend/services/completed_decision/framework-adapter.cjs	framework-adapter.cjs	33	6783bf0a83e918a99f704e46f4088bc9fa0e672de4a092e53b246c0874e738dd	name: serviceName,	Candidate evidence only; manual verification required.
EVD-7f92547ddcf0	SERVICE_DISCOVERY	INFERRED_FROM_SOURCE	backend/services/completed_decision/framework-adapter.cjs	framework-adapter.cjs	43	6783bf0a83e918a99f704e46f4088bc9fa0e672de4a092e53b246c0874e738dd	service: serviceId,	Candidate evidence only; manual verification required.
EVD-19aba41c6792	SERVICE_DISCOVERY	INFERRED_FROM_SOURCE	backend/services/completed_decision/framework-adapter.cjs	framework-adapter.cjs	44	6783bf0a83e918a99f704e46f4088bc9fa0e672de4a092e53b246c0874e738dd	name: serviceName,	Candidate evidence only; manual verification required.
EVD-6931b192853a	SERVICE_DISCOVERY	INFERRED_FROM_SOURCE	backend/services/completed_decision/framework-adapter.cjs	framework-adapter.cjs	68	6783bf0a83e918a99f704e46f4088bc9fa0e672de4a092e53b246c0874e738dd	service: serviceId,	Candidate evidence only; manual verification required.
EVD-4689af30bb27	SERVICE_DISCOVERY	INFERRED_FROM_SOURCE	backend/services/completed_decision/main.cjs	main.cjs	8	f140d5358d67bb8617a6c1a405dd8eee61651c18d90da4c8779b8e647cd1d5eb	const { attachFrameworkStandard } = require('./framework-adapter.cjs'); // createNDSPService ENG-001 adapter	Candidate evidence only; manual verification required.
EVD-86b0c3ef02c6	SERVICE_DISCOVERY	INFERRED_FROM_SOURCE	backend/services/completed_decision/main.cjs	main.cjs	32	f140d5358d67bb8617a6c1a405dd8eee61651c18d90da4c8779b8e647cd1d5eb	serviceId: 'CDS-001',	Candidate evidence only; manual verification required.
EVD-24a7b25c9b49	SERVICE_DISCOVERY	INFERRED_FROM_SOURCE	backend/services/completed_decision/main.cjs	main.cjs	33	f140d5358d67bb8617a6c1a405dd8eee61651c18d90da4c8779b8e647cd1d5eb	serviceName: 'Completed Decision Service',	Candidate evidence only; manual verification required.
EVD-8d288e6b958b	SERVICE_DISCOVERY	INFERRED_FROM_SOURCE	backend/services/completed_decision/main.cjs	main.cjs	167	f140d5358d67bb8617a6c1a405dd8eee61651c18d90da4c8779b8e647cd1d5eb	service: 'ndsp-completed-decision-service',	Candidate evidence only; manual verification required.
EVD-6b31ba3d10aa	SERVICE_DISCOVERY	INFERRED_FROM_SOURCE	backend/services/completed_decision/main.cjs	main.cjs	175	f140d5358d67bb8617a6c1a405dd8eee61651c18d90da4c8779b8e647cd1d5eb	service: 'ndsp-completed-decision-service',	Candidate evidence only; manual verification required.
EVD-b3dd756c7f15	SERVICE_DISCOVERY	INFERRED_FROM_SOURCE	backend/services/completed_decision/main.cjs	main.cjs	206	f140d5358d67bb8617a6c1a405dd8eee61651c18d90da4c8779b8e647cd1d5eb	res.json({ ok:true, source:'completed_decision_service', decisions: out.rows.map(rowToDecision) });	Candidate evidence only; manual verification required.
EVD-0d9cef39a3f9	SERVICE_DISCOVERY	INFERRED_FROM_SOURCE	backend/services/completed_decision/main.cjs	main.cjs	221	f140d5358d67bb8617a6c1a405dd8eee61651c18d90da4c8779b8e647cd1d5eb	res.json({ ok:true, source:'completed_decision_service', decision: rowToDecision(out.rows[0]) });	Candidate evidence only; manual verification required.
EVD-df4f6ab743d0	SERVICE_DISCOVERY	INFERRED_FROM_SOURCE	backend/services/completed_decision/main.cjs	main.cjs	239	f140d5358d67bb8617a6c1a405dd8eee61651c18d90da4c8779b8e647cd1d5eb	res.json({ ok:true, source:'completed_decision_service', decision: rowToDecision(out.rows[0]) });	Candidate evidence only; manual verification required.
EVD-df25effab7a3	SERVICE_DISCOVERY	INFERRED_FROM_SOURCE	backend/services/completed_decision/main.cjs	main.cjs	250	f140d5358d67bb8617a6c1a405dd8eee61651c18d90da4c8779b8e647cd1d5eb	res.json({ ok:true, source:'completed_decision_service', decision: rowToDecision(out.rows[0]) });	Candidate evidence only; manual verification required.
EVD-ca91516636cb	SERVICE_DISCOVERY	INFERRED_FROM_SOURCE	backend/services/completed_decision/main.cjs	main.cjs	266	f140d5358d67bb8617a6c1a405dd8eee61651c18d90da4c8779b8e647cd1d5eb	res.json({ ok:true, source:'completed_decision_service', decision_id:decisionId, timeline:out.rows });	Candidate evidence only; manual verification required.
EVD-b8da2a388442	SERVICE_DISCOVERY	INFERRED_FROM_SOURCE	backend/services/completed_decision/main.cjs	main.cjs	376	f140d5358d67bb8617a6c1a405dd8eee61651c18d90da4c8779b8e647cd1d5eb	await addTimeline(decisionId, 'ingest', 'Decision ingested', 'Decision received by Completed Decision Service.', { symbol, state });	Candidate evidence only; manual verification required.
EVD-7b97187b9b19	SERVICE_DISCOVERY	INFERRED_FROM_SOURCE	backend/services/completed_decision/main.cjs	main.cjs	383	f140d5358d67bb8617a6c1a405dd8eee61651c18d90da4c8779b8e647cd1d5eb	res.json({ ok:true, source:'completed_decision_service', decision: rowToDecision(out.rows[0]) });	Candidate evidence only; manual verification required.
EVD-5ecd8190b657	SERVICE_DISCOVERY	INFERRED_FROM_SOURCE	backend/services/completed_decision/main.cjs	main.cjs	406	f140d5358d67bb8617a6c1a405dd8eee61651c18d90da4c8779b8e647cd1d5eb	res.json({ ok:true, source:'completed_decision_service', decision: rowToDecision(out.rows[0]) });	Candidate evidence only; manual verification required.
EVD-37622bbc3488	SERVICE_DISCOVERY	INFERRED_FROM_SOURCE	backend/services/completed_decision/main.cjs	main.cjs	415	f140d5358d67bb8617a6c1a405dd8eee61651c18d90da4c8779b8e647cd1d5eb	console.log(`[NDSP] Completed Decision Service listening on http://${HOST}:${PORT}`);	Candidate evidence only; manual verification required.
EVD-18e03a0b35a4	SERVICE_DISCOVERY	INFERRED_FROM_SOURCE	backend/services/completed_decision/main.cjs	main.cjs	419	f140d5358d67bb8617a6c1a405dd8eee61651c18d90da4c8779b8e647cd1d5eb	console.error('[NDSP] Completed Decision Service failed to initialize:', e);	Candidate evidence only; manual verification required.
EVD-81c765e43d2c	SERVICE_DISCOVERY	INFERRED_FROM_SOURCE	backend/services/completed_decision/package.json	package.json	2	37bb33f88c2c705595452fa30833720d705ec53e12c69c0fa5c22be10d87c10b	"""name"": ""ndsp-completed-decision-service"","	Candidate evidence only; manual verification required.
EVD-c463499424ff	SERVICE_DISCOVERY	INFERRED_FROM_SOURCE	backend/services/completed_decision/service.yaml	service.yaml	1	d4711b1c3f2b7a16423b66775ae54dd597f28315c9f4c6828ee4c54dbe926704	service_id: CDS-001	Candidate evidence only; manual verification required.
EVD-b74b9ce956c2	SERVICE_DISCOVERY	INFERRED_FROM_SOURCE	backend/services/completed_decision/service.yaml	service.yaml	2	d4711b1c3f2b7a16423b66775ae54dd597f28315c9f4c6828ee4c54dbe926704	service_name: Completed Decision Service	Candidate evidence only; manual verification required.
EVD-7b2c59a930e0	SERVICE_DISCOVERY	INFERRED_FROM_SOURCE	backend/services/completed_decision/service.yaml	service.yaml	15	d4711b1c3f2b7a16423b66775ae54dd597f28315c9f4c6828ee4c54dbe926704	type: legacy_service	Candidate evidence only; manual verification required.
EVD-87e5507b62cf	SERVICE_DISCOVERY	INFERRED_FROM_SOURCE	backend/services/completed_decision/service.yaml	service.yaml	18	d4711b1c3f2b7a16423b66775ae54dd597f28315c9f4c6828ee4c54dbe926704	systemd: ndsp-completed_decision.service	Candidate evidence only; manual verification required.
EVD-3a8f930ea646	SERVICE_DISCOVERY	INFERRED_FROM_SOURCE	backend/services/completed_decision/systemd/ndsp-completed_decision.service	ndsp-completed_decision.service	2	2a8e5dcfab5d4ed6117e01c18b7b34a1d183e49dbaaf9cf55de3bc6b0680c4c9	Description=NDSP CDS-001 Completed Decision Service	Candidate evidence only; manual verification required.
EVD-2e2676b36d7e	SERVICE_DISCOVERY	INFERRED_FROM_SOURCE	backend/services/completed_decision/systemd/ndsp-completed_decision.service	ndsp-completed_decision.service	5	2a8e5dcfab5d4ed6117e01c18b7b34a1d183e49dbaaf9cf55de3bc6b0680c4c9	[Service]	Candidate evidence only; manual verification required.
EVD-f2bd91d9dc77	SERVICE_DISCOVERY	INFERRED_FROM_SOURCE	backend/services/completed_decision/systemd/ndsp-completed_decision.service	ndsp-completed_decision.service	8	2a8e5dcfab5d4ed6117e01c18b7b34a1d183e49dbaaf9cf55de3bc6b0680c4c9	WorkingDirectory=/home/nawaf511/empire-core-new/backend/services/completed_decision	Candidate evidence only; manual verification required.
EVD-a66e0a111582	SERVICE_DISCOVERY	INFERRED_FROM_SOURCE	backend/services/completed_decision/systemd/ndsp-completed_decision.service	ndsp-completed_decision.service	12	2a8e5dcfab5d4ed6117e01c18b7b34a1d183e49dbaaf9cf55de3bc6b0680c4c9	ExecStart=/usr/bin/node /home/nawaf511/empire-core-new/backend/services/completed_decision/main.cjs	Candidate evidence only; manual verification required.
EVD-473ab4dbf08f	SERVICE_DISCOVERY	INFERRED_FROM_SOURCE	backend/services/completed_decision/systemd/ndsp-completed_decision.service	ndsp-completed_decision.service	16	2a8e5dcfab5d4ed6117e01c18b7b34a1d183e49dbaaf9cf55de3bc6b0680c4c9	EnvironmentFile=-/home/nawaf511/empire-core-new/backend/runtime/systemd-env/core-services.env	Candidate evidence only; manual verification required.
EVD-89b233e94a39	SERVICE_DISCOVERY	HISTORICAL_REFERENCE	backend/services/completed_decision/tests/legacy-structure.test.sh	legacy-structure.test.sh	7	c789cb15389c00b77ddf671f80eaec89e27853216e77c2a62f05c91a288bf17d	"[ -f ""$DIR/service.yaml"" ]"	Candidate evidence only; manual verification required.
EVD-e9e57245d209	SERVICE_DISCOVERY	DOCUMENTATION_ONLY	backend/services/ctl-001-workspace-identity/CHANGELOG.md	CHANGELOG.md	5	dbd6c8cd0fcdf602a61bce74dc8cc4a969030f07b03f25c2b8ee2aa061baffd6	Created CTL-001 Workspace Identity service.	Candidate evidence only; manual verification required.
EVD-2782758f7ab9	SERVICE_DISCOVERY	DOCUMENTATION_ONLY	backend/services/ctl-001-workspace-identity/CHANGELOG.md	CHANGELOG.md	10	dbd6c8cd0fcdf602a61bce74dc8cc4a969030f07b03f25c2b8ee2aa061baffd6	- service.yaml	Candidate evidence only; manual verification required.
EVD-141f5e11dfea	SERVICE_DISCOVERY	DOCUMENTATION_ONLY	backend/services/ctl-001-workspace-identity/README.md	README.md	3	3dddda4af72b033efb76fa9c08f50c165918b447308d68fbce52056c042f9239	First production service built on ENG-001 NDSP Service Framework.	Candidate evidence only; manual verification required.
EVD-22007d50cbb0	SERVICE_DISCOVERY	DOCUMENTATION_ONLY	backend/services/ctl-001-workspace-identity/README.md	README.md	26	3dddda4af72b033efb76fa9c08f50c165918b447308d68fbce52056c042f9239	ndsp-ctl-001-workspace-identity.service	Candidate evidence only; manual verification required.
EVD-676e6fb17455	SERVICE_DISCOVERY	DOCUMENTATION_ONLY	backend/services/ctl-001-workspace-identity/README.md	README.md	30	3dddda4af72b033efb76fa9c08f50c165918b447308d68fbce52056c042f9239	This service must not import Express directly. It must use ENG-001:	Candidate evidence only; manual verification required.
EVD-d1cfc36f10fe	SERVICE_DISCOVERY	DOCUMENTATION_ONLY	backend/services/ctl-001-workspace-identity/README.md	README.md	33	3dddda4af72b033efb76fa9c08f50c165918b447308d68fbce52056c042f9239	"const { createNDSPService } = require(""../../framework"");"	Candidate evidence only; manual verification required.
EVD-1903288ab6b7	SERVICE_DISCOVERY	DOCUMENTATION_ONLY	backend/services/ctl-001-workspace-identity/contracts/CTL-001-WORKSPACE-IDENTITY-CONTRACT.md	CTL-001-WORKSPACE-IDENTITY-CONTRACT.md	5	7bfdd5722ff7e50189f3df7a2ed950997e4ba3f58ab6388342fae9da93a16c1e	CTL-001 identifies the NDSP Workspace and proves that NDSP-OS services can be built on top of ENG-001.	Candidate evidence only; manual verification required.
EVD-5d23ab9d35ff	SERVICE_DISCOVERY	DOCUMENTATION_ONLY	backend/services/ctl-001-workspace-identity/contracts/CTL-001-WORKSPACE-IDENTITY-CONTRACT.md	CTL-001-WORKSPACE-IDENTITY-CONTRACT.md	19	7bfdd5722ff7e50189f3df7a2ed950997e4ba3f58ab6388342fae9da93a16c1e	"""service"": ""CTL-001"","	Candidate evidence only; manual verification required.
EVD-6038dcd866f5	SERVICE_DISCOVERY	DOCUMENTATION_ONLY	backend/services/ctl-001-workspace-identity/contracts/CTL-001-WORKSPACE-IDENTITY-CONTRACT.md	CTL-001-WORKSPACE-IDENTITY-CONTRACT.md	20	7bfdd5722ff7e50189f3df7a2ed950997e4ba3f58ab6388342fae9da93a16c1e	"""service_name"": ""Workspace Identity"","	Candidate evidence only; manual verification required.
EVD-3a8791499d02	SERVICE_DISCOVERY	INFERRED_FROM_SOURCE	backend/services/ctl-001-workspace-identity/main.cjs	main.cjs	3	2a9e79802f76c9a9da81995e83958058f60df6cca2b20d0638fd442b03206a4f	const { createNDSPService } = require('../../framework');	Candidate evidence only; manual verification required.
EVD-f498629de637	SERVICE_DISCOVERY	INFERRED_FROM_SOURCE	backend/services/ctl-001-workspace-identity/main.cjs	main.cjs	5	2a9e79802f76c9a9da81995e83958058f60df6cca2b20d0638fd442b03206a4f	const service = createNDSPService({	Candidate evidence only; manual verification required.
EVD-9c70e79ae55c	SERVICE_DISCOVERY	INFERRED_FROM_SOURCE	backend/services/ctl-001-workspace-identity/main.cjs	main.cjs	6	2a9e79802f76c9a9da81995e83958058f60df6cca2b20d0638fd442b03206a4f	serviceId: 'CTL-001',	Candidate evidence only; manual verification required.
EVD-f75da33cc3ed	SERVICE_DISCOVERY	INFERRED_FROM_SOURCE	backend/services/ctl-001-workspace-identity/main.cjs	main.cjs	7	2a9e79802f76c9a9da81995e83958058f60df6cca2b20d0638fd442b03206a4f	serviceName: 'Workspace Identity',	Candidate evidence only; manual verification required.
EVD-2beb536b8abf	SERVICE_DISCOVERY	INFERRED_FROM_SOURCE	backend/services/ctl-001-workspace-identity/main.cjs	main.cjs	14	2a9e79802f76c9a9da81995e83958058f60df6cca2b20d0638fd442b03206a4f	description: 'NDSP-OS workspace identity service. Provides identity, health, version and about endpoints.',	Candidate evidence only; manual verification required.
EVD-12c1c7608494	SERVICE_DISCOVERY	INFERRED_FROM_SOURCE	backend/services/ctl-001-workspace-identity/main.cjs	main.cjs	15	2a9e79802f76c9a9da81995e83958058f60df6cca2b20d0638fd442b03206a4f	serviceRoot: __dirname,	Candidate evidence only; manual verification required.
EVD-0b7580a992ec	SERVICE_DISCOVERY	INFERRED_FROM_SOURCE	backend/services/ctl-001-workspace-identity/main.cjs	main.cjs	20	2a9e79802f76c9a9da81995e83958058f60df6cca2b20d0638fd442b03206a4f	service: ctx.serviceId,	Candidate evidence only; manual verification required.
EVD-49be3bef4dde	SERVICE_DISCOVERY	INFERRED_FROM_SOURCE	backend/services/ctl-001-workspace-identity/main.cjs	main.cjs	21	2a9e79802f76c9a9da81995e83958058f60df6cca2b20d0638fd442b03206a4f	service_name: ctx.serviceName,	Candidate evidence only; manual verification required.
EVD-2f6bcbb3aefb	SERVICE_DISCOVERY	INFERRED_FROM_SOURCE	backend/services/ctl-001-workspace-identity/main.cjs	main.cjs	37	2a9e79802f76c9a9da81995e83958058f60df6cca2b20d0638fd442b03206a4f	service.start();	Candidate evidence only; manual verification required.
EVD-97a665e6a7df	SERVICE_DISCOVERY	INFERRED_FROM_SOURCE	backend/services/ctl-001-workspace-identity/package.json	package.json	4	1348e450919f86e004ac44e7e5351bd11870156195d3c5c73034d8dd0921f763	"""description"": ""CTL-001 Workspace Identity Service for NDSP-OS"","	Candidate evidence only; manual verification required.
EVD-9372c3a90ede	SERVICE_DISCOVERY	INFERRED_FROM_SOURCE	backend/services/ctl-001-workspace-identity/service.yaml	service.yaml	1	ff144913f2a88a9030f25cd8eef1d562698cecd675e982ab4e13f4f5a0a4a5de	service_id: CTL-001	Candidate evidence only; manual verification required.
EVD-be4960a8a75e	SERVICE_DISCOVERY	INFERRED_FROM_SOURCE	backend/services/ctl-001-workspace-identity/service.yaml	service.yaml	2	ff144913f2a88a9030f25cd8eef1d562698cecd675e982ab4e13f4f5a0a4a5de	service_name: Workspace Identity	Candidate evidence only; manual verification required.
EVD-ad0dc0fcf614	SERVICE_DISCOVERY	INFERRED_FROM_SOURCE	backend/services/ctl-001-workspace-identity/service.yaml	service.yaml	14	ff144913f2a88a9030f25cd8eef1d562698cecd675e982ab4e13f4f5a0a4a5de	type: infrastructure_service	Candidate evidence only; manual verification required.
EVD-1c2ac42093e8	SERVICE_DISCOVERY	INFERRED_FROM_SOURCE	backend/services/ctl-001-workspace-identity/service.yaml	service.yaml	16	ff144913f2a88a9030f25cd8eef1d562698cecd675e982ab4e13f4f5a0a4a5de	systemd: ndsp-ctl-001-workspace-identity.service	Candidate evidence only; manual verification required.
EVD-add75b3ce550	SERVICE_DISCOVERY	INFERRED_FROM_SOURCE	backend/services/ctl-001-workspace-identity/systemd/ndsp-ctl-001-workspace-identity.service	ndsp-ctl-001-workspace-identity.service	5	d7dce782626eaf493a316a75e146924b76f4214283be36bf1b450056dd501c25	[Service]	Candidate evidence only; manual verification required.
EVD-c29ed3a737f2	SERVICE_DISCOVERY	INFERRED_FROM_SOURCE	backend/services/ctl-001-workspace-identity/systemd/ndsp-ctl-001-workspace-identity.service	ndsp-ctl-001-workspace-identity.service	8	d7dce782626eaf493a316a75e146924b76f4214283be36bf1b450056dd501c25	WorkingDirectory=/home/nawaf511/empire-core-new/backend/services/ctl-001-workspace-identity	Candidate evidence only; manual verification required.
EVD-dbc7590a4c2b	SERVICE_DISCOVERY	INFERRED_FROM_SOURCE	backend/services/ctl-001-workspace-identity/systemd/ndsp-ctl-001-workspace-identity.service	ndsp-ctl-001-workspace-identity.service	13	d7dce782626eaf493a316a75e146924b76f4214283be36bf1b450056dd501c25	ExecStart=/usr/bin/node /home/nawaf511/empire-core-new/backend/services/ctl-001-workspace-identity/main.cjs	Candidate evidence only; manual verification required.
EVD-3b3501c59e58	SERVICE_DISCOVERY	INFERRED_FROM_SOURCE	backend/services/ctl-001-workspace-identity/tests/ctl001.test.cjs	ctl001.test.cjs	33	553023925dd6e9579c4ea137227b9fe2fefc72731c016eab275f3f52353d51e9	assert.strictEqual(health.json.service, 'CTL-001');	Candidate evidence only; manual verification required.
EVD-2d9939bd67f3	SERVICE_DISCOVERY	INFERRED_FROM_SOURCE	backend/services/ctl-001-workspace-identity/tests/ctl001.test.cjs	ctl001.test.cjs	45	553023925dd6e9579c4ea137227b9fe2fefc72731c016eab275f3f52353d51e9	assert.strictEqual(identity.json.service, 'CTL-001');	Candidate evidence only; manual verification required.
EVD-a36340ca8e2a	SERVICE_DISCOVERY	DOCUMENTATION_ONLY	backend/services/decision_governance_core/CHANGELOG.md	CHANGELOG.md	5	642818b9fc1454e94e4218a24c4fa6879de1140fd6081ffd12b100e0d00d684f	Registered existing legacy service into DEV-001 governance without changing runtime logic.	Candidate evidence only; manual verification required.
EVD-000f3d11a668	SERVICE_DISCOVERY	DOCUMENTATION_ONLY	backend/services/decision_governance_core/MIGRATION_STATUS.md	MIGRATION_STATUS.md	5	e4dc350ddbead591a5794bf5666186ab1ff307554879a4ff7637c1d972b2ea14	Service: DGC-001 Decision Governance Core	Candidate evidence only; manual verification required.
EVD-251249aa4dd7	SERVICE_DISCOVERY	DOCUMENTATION_ONLY	backend/services/decision_governance_core/MIGRATION_STATUS.md	MIGRATION_STATUS.md	6	e4dc350ddbead591a5794bf5666186ab1ff307554879a4ff7637c1d972b2ea14	Path: backend/services/decision_governance_core	Candidate evidence only; manual verification required.
EVD-b1bf16a8fe65	SERVICE_DISCOVERY	DOCUMENTATION_ONLY	backend/services/decision_governance_core/MIGRATION_STATUS.md	MIGRATION_STATUS.md	20	e4dc350ddbead591a5794bf5666186ab1ff307554879a4ff7637c1d972b2ea14	SERVICE_ID=DGC-001	Candidate evidence only; manual verification required.
EVD-8818b6919422	SERVICE_DISCOVERY	DOCUMENTATION_ONLY	backend/services/decision_governance_core/MIGRATION_STATUS.md	MIGRATION_STATUS.md	39	e4dc350ddbead591a5794bf5666186ab1ff307554879a4ff7637c1d972b2ea14	Next Service:	Candidate evidence only; manual verification required.
EVD-ab2419d40597	SERVICE_DISCOVERY	DOCUMENTATION_ONLY	backend/services/decision_governance_core/MIGRATION_STATUS.md	MIGRATION_STATUS.md	40	e4dc350ddbead591a5794bf5666186ab1ff307554879a4ff7637c1d972b2ea14	BOT-001 NDSP Bot Execution Service	Candidate evidence only; manual verification required.
EVD-971def5ffdee	SERVICE_DISCOVERY	DOCUMENTATION_ONLY	backend/services/decision_governance_core/README.md	README.md	3	960270ae250cc634d608edbb69caff849368a93f81aaa4b0a0310e95f4e893f6	Legacy NDSP service registered into DEV-001 governance.	Candidate evidence only; manual verification required.
EVD-c539a5ee7bb7	SERVICE_DISCOVERY	DOCUMENTATION_ONLY	backend/services/decision_governance_core/README.md	README.md	7	960270ae250cc634d608edbb69caff849368a93f81aaa4b0a0310e95f4e893f6	Active legacy service.	Candidate evidence only; manual verification required.
EVD-ced8e23a590a	SERVICE_DISCOVERY	DOCUMENTATION_ONLY	backend/services/decision_governance_core/README.md	README.md	17	960270ae250cc634d608edbb69caff849368a93f81aaa4b0a0310e95f4e893f6	This service was created before ENG-001 and is marked for later migration.	Candidate evidence only; manual verification required.
EVD-5d437cc016b8	SERVICE_DISCOVERY	DOCUMENTATION_ONLY	backend/services/decision_governance_core/contracts/DGC-001-CONTRACT.md	DGC-001-CONTRACT.md	5	1ad9e15b36a1a85365adf149cb0ba73dad3fad0c4ece5f9c9d9ee505bdcafe37	Legacy service contract.	Candidate evidence only; manual verification required.
EVD-8e2366ef1caf	SERVICE_DISCOVERY	DOCUMENTATION_ONLY	backend/services/decision_governance_core/contracts/DGC-001-ENG-001-ADAPTER-CONTRACT.md	DGC-001-ENG-001-ADAPTER-CONTRACT.md	34	c9954844aaa9eabd508aad2445e900d6f27e8f815f9187c8c4abc2a7b34a7fa6	USES_FRAMEWORK_FACTORY_REFERENCE=createNDSPService	Candidate evidence only; manual verification required.
EVD-e89efe44d5a7	SERVICE_DISCOVERY	DOCUMENTATION_ONLY	backend/services/decision_governance_core/docs/ARCHITECTURE.md	ARCHITECTURE.md	3	e2eca3e530fc137cb8f12f0b3f051cbfc6ab088c46a36d1e22f012fc2d9a08a0	## Service	Candidate evidence only; manual verification required.
EVD-47483b7c9bb5	SERVICE_DISCOVERY	DOCUMENTATION_ONLY	backend/services/decision_governance_core/docs/ARCHITECTURE.md	ARCHITECTURE.md	9	e2eca3e530fc137cb8f12f0b3f051cbfc6ab088c46a36d1e22f012fc2d9a08a0	Legacy service.	Candidate evidence only; manual verification required.
EVD-80ac2ad6abb6	SERVICE_DISCOVERY	DOCUMENTATION_ONLY	backend/services/decision_governance_core/docs/README.md	README.md	3	748cbfcdb52546644388503a1ba8e3127a23fee361b66a98dfac735f27abbc00	This service is the official bridge between NDSP decision engines and Completed Decision Service.	Candidate evidence only; manual verification required.
EVD-d018dc242ea7	SERVICE_DISCOVERY	DOCUMENTATION_ONLY	backend/services/decision_governance_core/docs/README.md	README.md	19	748cbfcdb52546644388503a1ba8e3127a23fee361b66a98dfac735f27abbc00	Decision engines must not write directly to Completed Decision Service.	Candidate evidence only; manual verification required.
EVD-608f0370589d	SERVICE_DISCOVERY	INFERRED_FROM_SOURCE	backend/services/decision_governance_core/framework-adapter.cjs	framework-adapter.cjs	3	e55a3f539543c0f2a76179a485e1eb6119c0c9e3e1affc1149959ee7285b53c3	const { createNDSPService } = require('../../framework');	Candidate evidence only; manual verification required.
EVD-8676abb13354	SERVICE_DISCOVERY	INFERRED_FROM_SOURCE	backend/services/decision_governance_core/framework-adapter.cjs	framework-adapter.cjs	5	e55a3f539543c0f2a76179a485e1eb6119c0c9e3e1affc1149959ee7285b53c3	const SERVICE_ID = 'DGC-001';	Candidate evidence only; manual verification required.
EVD-49c05c0cfdd9	SERVICE_DISCOVERY	INFERRED_FROM_SOURCE	backend/services/decision_governance_core/framework-adapter.cjs	framework-adapter.cjs	6	e55a3f539543c0f2a76179a485e1eb6119c0c9e3e1affc1149959ee7285b53c3	const SERVICE_NAME = 'Decision Governance Core';	Candidate evidence only; manual verification required.
EVD-91d1383bcfb7	SERVICE_DISCOVERY	INFERRED_FROM_SOURCE	backend/services/decision_governance_core/framework-adapter.cjs	framework-adapter.cjs	7	e55a3f539543c0f2a76179a485e1eb6119c0c9e3e1affc1149959ee7285b53c3	const SERVICE_VERSION = '1.0.0';	Candidate evidence only; manual verification required.
EVD-a78cff1a710a	SERVICE_DISCOVERY	INFERRED_FROM_SOURCE	backend/services/decision_governance_core/framework-adapter.cjs	framework-adapter.cjs	12	e55a3f539543c0f2a76179a485e1eb6119c0c9e3e1affc1149959ee7285b53c3	factory: 'createNDSPService',	Candidate evidence only; manual verification required.
EVD-640f551eab62	SERVICE_DISCOVERY	INFERRED_FROM_SOURCE	backend/services/decision_governance_core/framework-adapter.cjs	framework-adapter.cjs	13	e55a3f539543c0f2a76179a485e1eb6119c0c9e3e1affc1149959ee7285b53c3	factory_available: typeof createNDSPService === 'function',	Candidate evidence only; manual verification required.
EVD-dd2e1444131e	SERVICE_DISCOVERY	INFERRED_FROM_SOURCE	backend/services/decision_governance_core/framework-adapter.cjs	framework-adapter.cjs	24	e55a3f539543c0f2a76179a485e1eb6119c0c9e3e1affc1149959ee7285b53c3	const serviceId = options.serviceId || SERVICE_ID;	Candidate evidence only; manual verification required.
EVD-3866e6ded257	SERVICE_DISCOVERY	INFERRED_FROM_SOURCE	backend/services/decision_governance_core/framework-adapter.cjs	framework-adapter.cjs	25	e55a3f539543c0f2a76179a485e1eb6119c0c9e3e1affc1149959ee7285b53c3	const serviceName = options.serviceName || SERVICE_NAME;	Candidate evidence only; manual verification required.
EVD-c73fccd6d063	SERVICE_DISCOVERY	INFERRED_FROM_SOURCE	backend/services/decision_governance_core/framework-adapter.cjs	framework-adapter.cjs	26	e55a3f539543c0f2a76179a485e1eb6119c0c9e3e1affc1149959ee7285b53c3	const version = options.version || SERVICE_VERSION;	Candidate evidence only; manual verification required.
EVD-4becfec24862	SERVICE_DISCOVERY	INFERRED_FROM_SOURCE	backend/services/decision_governance_core/framework-adapter.cjs	framework-adapter.cjs	27	e55a3f539543c0f2a76179a485e1eb6119c0c9e3e1affc1149959ee7285b53c3	const description = options.description || 'Official NDSP decision governance validation service.';	Candidate evidence only; manual verification required.
EVD-dae9d5a4de07	SERVICE_DISCOVERY	INFERRED_FROM_SOURCE	backend/services/decision_governance_core/framework-adapter.cjs	framework-adapter.cjs	32	e55a3f539543c0f2a76179a485e1eb6119c0c9e3e1affc1149959ee7285b53c3	service: serviceId,	Candidate evidence only; manual verification required.
EVD-1dd28179aeda	SERVICE_DISCOVERY	INFERRED_FROM_SOURCE	backend/services/decision_governance_core/framework-adapter.cjs	framework-adapter.cjs	33	e55a3f539543c0f2a76179a485e1eb6119c0c9e3e1affc1149959ee7285b53c3	name: serviceName,	Candidate evidence only; manual verification required.
EVD-d88258fc90a9	SERVICE_DISCOVERY	INFERRED_FROM_SOURCE	backend/services/decision_governance_core/framework-adapter.cjs	framework-adapter.cjs	43	e55a3f539543c0f2a76179a485e1eb6119c0c9e3e1affc1149959ee7285b53c3	service: serviceId,	Candidate evidence only; manual verification required.
EVD-4e8b4d066e3a	SERVICE_DISCOVERY	INFERRED_FROM_SOURCE	backend/services/decision_governance_core/framework-adapter.cjs	framework-adapter.cjs	44	e55a3f539543c0f2a76179a485e1eb6119c0c9e3e1affc1149959ee7285b53c3	name: serviceName,	Candidate evidence only; manual verification required.
EVD-57f75d5eacf5	SERVICE_DISCOVERY	INFERRED_FROM_SOURCE	backend/services/decision_governance_core/framework-adapter.cjs	framework-adapter.cjs	52	e55a3f539543c0f2a76179a485e1eb6119c0c9e3e1affc1149959ee7285b53c3	upstream_dependency: 'CDS-001 Completed Decision Service',	Candidate evidence only; manual verification required.
EVD-af474e422e36	SERVICE_DISCOVERY	INFERRED_FROM_SOURCE	backend/services/decision_governance_core/framework-adapter.cjs	framework-adapter.cjs	65	e55a3f539543c0f2a76179a485e1eb6119c0c9e3e1affc1149959ee7285b53c3	service: serviceId,	Candidate evidence only; manual verification required.
EVD-dd968ee01b34	SERVICE_DISCOVERY	INFERRED_FROM_SOURCE	backend/services/decision_governance_core/main.cjs	main.cjs	6	d70319d88f2309cf94a23770c2ed89d439050d153a2133e0edca5e203c166719	const { attachFrameworkStandard } = require('./framework-adapter.cjs'); // createNDSPService ENG-001 adapter	Candidate evidence only; manual verification required.
EVD-751718497a06	SERVICE_DISCOVERY	INFERRED_FROM_SOURCE	backend/services/decision_governance_core/main.cjs	main.cjs	15	d70319d88f2309cf94a23770c2ed89d439050d153a2133e0edca5e203c166719	serviceId: 'DGC-001',	Candidate evidence only; manual verification required.
EVD-0fad29842bb1	SERVICE_DISCOVERY	INFERRED_FROM_SOURCE	backend/services/decision_governance_core/main.cjs	main.cjs	16	d70319d88f2309cf94a23770c2ed89d439050d153a2133e0edca5e203c166719	serviceName: 'Decision Governance Core',	Candidate evidence only; manual verification required.
EVD-0371876ccf82	SERVICE_DISCOVERY	INFERRED_FROM_SOURCE	backend/services/decision_governance_core/main.cjs	main.cjs	18	d70319d88f2309cf94a23770c2ed89d439050d153a2133e0edca5e203c166719	description: 'Official NDSP decision governance validation service.'	Candidate evidence only; manual verification required.
EVD-ef107aa63017	SERVICE_DISCOVERY	INFERRED_FROM_SOURCE	backend/services/decision_governance_core/main.cjs	main.cjs	100	d70319d88f2309cf94a23770c2ed89d439050d153a2133e0edca5e203c166719	service:'ndsp-decision-governance-core',	Candidate evidence only; manual verification required.
EVD-2b08467ba208	SERVICE_DISCOVERY	INFERRED_FROM_SOURCE	backend/services/decision_governance_core/main.cjs	main.cjs	102	d70319d88f2309cf94a23770c2ed89d439050d153a2133e0edca5e203c166719	completed_decision_service:j	Candidate evidence only; manual verification required.
EVD-e7b63be7fb05	SERVICE_DISCOVERY	INFERRED_FROM_SOURCE	backend/services/decision_governance_core/main.cjs	main.cjs	107	d70319d88f2309cf94a23770c2ed89d439050d153a2133e0edca5e203c166719	service:'ndsp-decision-governance-core',	Candidate evidence only; manual verification required.
EVD-49f12105a070	SERVICE_DISCOVERY	INFERRED_FROM_SOURCE	backend/services/decision_governance_core/main.cjs	main.cjs	108	d70319d88f2309cf94a23770c2ed89d439050d153a2133e0edca5e203c166719	error:'COMPLETED_SERVICE_UNREACHABLE',	Candidate evidence only; manual verification required.
EVD-c5b767a32bb0	SERVICE_DISCOVERY	INFERRED_FROM_SOURCE	backend/services/decision_governance_core/main.cjs	main.cjs	125	d70319d88f2309cf94a23770c2ed89d439050d153a2133e0edca5e203c166719	rule:'Decision is official only after Completed Decision Service accepts it.'	Candidate evidence only; manual verification required.
EVD-de17bf07819b	SERVICE_DISCOVERY	INFERRED_FROM_SOURCE	backend/services/decision_governance_core/service.yaml	service.yaml	1	91ac23a14a3b78fd57712814dd499dec15df14d640be12a2eeefae4abcf528fc	service_id: DGC-001	Candidate evidence only; manual verification required.
EVD-09c6544b80ee	SERVICE_DISCOVERY	INFERRED_FROM_SOURCE	backend/services/decision_governance_core/service.yaml	service.yaml	2	91ac23a14a3b78fd57712814dd499dec15df14d640be12a2eeefae4abcf528fc	service_name: Decision Governance Core	Candidate evidence only; manual verification required.
EVD-2cadad3e76fb	SERVICE_DISCOVERY	INFERRED_FROM_SOURCE	backend/services/decision_governance_core/service.yaml	service.yaml	14	91ac23a14a3b78fd57712814dd499dec15df14d640be12a2eeefae4abcf528fc	type: legacy_service	Candidate evidence only; manual verification required.
EVD-c6dd2a685816	SERVICE_DISCOVERY	INFERRED_FROM_SOURCE	backend/services/decision_governance_core/service.yaml	service.yaml	17	91ac23a14a3b78fd57712814dd499dec15df14d640be12a2eeefae4abcf528fc	systemd: ndsp-decision_governance_core.service	Candidate evidence only; manual verification required.
EVD-df20dae8e797	SERVICE_DISCOVERY	INFERRED_FROM_SOURCE	backend/services/decision_governance_core/systemd/ndsp-decision_governance_core.service	ndsp-decision_governance_core.service	5	c646983b47d765324fc93d91f1f3d7df4d5a6d484702281fffec54372597a9c5	[Service]	Candidate evidence only; manual verification required.
EVD-0bb224dbe625	SERVICE_DISCOVERY	INFERRED_FROM_SOURCE	backend/services/decision_governance_core/systemd/ndsp-decision_governance_core.service	ndsp-decision_governance_core.service	8	c646983b47d765324fc93d91f1f3d7df4d5a6d484702281fffec54372597a9c5	WorkingDirectory=/home/nawaf511/empire-core-new/backend/services/decision_governance_core	Candidate evidence only; manual verification required.
EVD-9dbfe37bf671	SERVICE_DISCOVERY	INFERRED_FROM_SOURCE	backend/services/decision_governance_core/systemd/ndsp-decision_governance_core.service	ndsp-decision_governance_core.service	12	c646983b47d765324fc93d91f1f3d7df4d5a6d484702281fffec54372597a9c5	ExecStart=/usr/bin/node /home/nawaf511/empire-core-new/backend/services/decision_governance_core/main.cjs	Candidate evidence only; manual verification required.
EVD-f5bc2972201e	SERVICE_DISCOVERY	INFERRED_FROM_SOURCE	backend/services/decision_governance_core/systemd/ndsp-decision_governance_core.service	ndsp-decision_governance_core.service	16	c646983b47d765324fc93d91f1f3d7df4d5a6d484702281fffec54372597a9c5	EnvironmentFile=-/home/nawaf511/empire-core-new/backend/runtime/systemd-env/core-services.env	Candidate evidence only; manual verification required.
EVD-f01b12e80918	SERVICE_DISCOVERY	HISTORICAL_REFERENCE	backend/services/decision_governance_core/tests/legacy-structure.test.sh	legacy-structure.test.sh	7	c789cb15389c00b77ddf671f80eaec89e27853216e77c2a62f05c91a288bf17d	"[ -f ""$DIR/service.yaml"" ]"	Candidate evidence only; manual verification required.
EVD-14913cc70162	SERVICE_DISCOVERY	INFERRED_FROM_SOURCE	backend/tools/ndsp/ndsp_gateway_readiness.sh	ndsp_gateway_readiness.sh	35	72f81f4f04c38a3e9343f7c85db022e0e6b30b493e449ef917befce106358713	"echo ""== 1) LOCAL CORE SERVICES =="""	Candidate evidence only; manual verification required.
EVD-b3647a48522b	SERVICE_DISCOVERY	INFERRED_FROM_SOURCE	backend/tools/ndsp/ndsp_repo_guard.sh	ndsp_repo_guard.sh	33	693ddcd0b51766c0c956ac3c259b7a33d2dec675aa8820943d90db5bb73299d0	*core-services.env|*.pem|*.key|*.p12)	Candidate evidence only; manual verification required.
EVD-46bc91c713d6	SERVICE_DISCOVERY	INFERRED_FROM_SOURCE	backend/tools/ndsp/ndsp_repo_guard.sh	ndsp_repo_guard.sh	57	693ddcd0b51766c0c956ac3c259b7a33d2dec675aa8820943d90db5bb73299d0	"echo ""== 3) SERVICE YAML CHECK =="""	Candidate evidence only; manual verification required.
EVD-ab31d3221ea2	SERVICE_DISCOVERY	INFERRED_FROM_SOURCE	backend/tools/ndsp/ndsp_repo_guard.sh	ndsp_repo_guard.sh	58	693ddcd0b51766c0c956ac3c259b7a33d2dec675aa8820943d90db5bb73299d0	if [ ! -d backend/services ]; then	Candidate evidence only; manual verification required.
EVD-aa123edf5e10	SERVICE_DISCOVERY	INFERRED_FROM_SOURCE	backend/tools/ndsp/ndsp_repo_guard.sh	ndsp_repo_guard.sh	59	693ddcd0b51766c0c956ac3c259b7a33d2dec675aa8820943d90db5bb73299d0	"fail ""backend/services_NOT_FOUND"""	Candidate evidence only; manual verification required.
EVD-6a46bf4cf021	SERVICE_DISCOVERY	INFERRED_FROM_SOURCE	backend/tools/ndsp/ndsp_repo_guard.sh	ndsp_repo_guard.sh	61	693ddcd0b51766c0c956ac3c259b7a33d2dec675aa8820943d90db5bb73299d0	mapfile -t SERVICE_FILES < <(find backend/services -mindepth 2 -maxdepth 2 -name service.yaml | sort)	Candidate evidence only; manual verification required.
EVD-1469b43ac218	SERVICE_DISCOVERY	INFERRED_FROM_SOURCE	backend/tools/ndsp/ndsp_repo_guard.sh	ndsp_repo_guard.sh	62	693ddcd0b51766c0c956ac3c259b7a33d2dec675aa8820943d90db5bb73299d0	"echo ""SERVICE_COUNT=${#SERVICE_FILES[@]}"""	Candidate evidence only; manual verification required.
EVD-95b398ce6e24	SERVICE_DISCOVERY	INFERRED_FROM_SOURCE	backend/tools/ndsp/ndsp_repo_guard.sh	ndsp_repo_guard.sh	63	693ddcd0b51766c0c956ac3c259b7a33d2dec675aa8820943d90db5bb73299d0	"if [ ""${#SERVICE_FILES[@]}"" -eq 0 ]; then"	Candidate evidence only; manual verification required.
EVD-a85e2fc8878f	SERVICE_DISCOVERY	INFERRED_FROM_SOURCE	backend/tools/ndsp/ndsp_repo_guard.sh	ndsp_repo_guard.sh	64	693ddcd0b51766c0c956ac3c259b7a33d2dec675aa8820943d90db5bb73299d0	"fail ""NO_SERVICE_YAML_FILES"""	Candidate evidence only; manual verification required.
EVD-1004676c3b36	SERVICE_DISCOVERY	INFERRED_FROM_SOURCE	backend/tools/ndsp/ndsp_repo_guard.sh	ndsp_repo_guard.sh	70	693ddcd0b51766c0c956ac3c259b7a33d2dec675aa8820943d90db5bb73299d0	"for f in ""${SERVICE_FILES[@]}""; do"	Candidate evidence only; manual verification required.
EVD-06c4706865e5	SERVICE_DISCOVERY	INFERRED_FROM_SOURCE	backend/tools/ndsp/ndsp_repo_guard.sh	ndsp_repo_guard.sh	71	693ddcd0b51766c0c956ac3c259b7a33d2dec675aa8820943d90db5bb73299d0	"SID=""$(sed -n 's/^service_id:[[:space:]]*//p' ""$f"" | head -n 1 | tr -d '\r')"""	Candidate evidence only; manual verification required.
EVD-13c795a4837a	SERVICE_DISCOVERY	INFERRED_FROM_SOURCE	backend/tools/ndsp/ndsp_repo_guard.sh	ndsp_repo_guard.sh	79	693ddcd0b51766c0c956ac3c259b7a33d2dec675aa8820943d90db5bb73299d0	"fail ""MISSING_SERVICE_ID_IN_$f"""	Candidate evidence only; manual verification required.
EVD-1efb76fca926	SERVICE_DISCOVERY	INFERRED_FROM_SOURCE	backend/tools/ndsp/ndsp_repo_guard.sh	ndsp_repo_guard.sh	92	693ddcd0b51766c0c956ac3c259b7a33d2dec675aa8820943d90db5bb73299d0	"fail ""DUPLICATE_SERVICE_IDS"""	Candidate evidence only; manual verification required.
EVD-d2f485dac6b2	SERVICE_DISCOVERY	INFERRED_FROM_SOURCE	backend/tools/ndsp/ndsp_repo_guard.sh	ndsp_repo_guard.sh	94	693ddcd0b51766c0c956ac3c259b7a33d2dec675aa8820943d90db5bb73299d0	"pass ""NO_DUPLICATE_SERVICE_IDS"""	Candidate evidence only; manual verification required.
EVD-72f79509ad3c	SERVICE_DISCOVERY	INFERRED_FROM_SOURCE	backend/tools/ndsp/ndsp_repo_guard.sh	ndsp_repo_guard.sh	99	693ddcd0b51766c0c956ac3c259b7a33d2dec675aa8820943d90db5bb73299d0	"fail ""DUPLICATE_SERVICE_PORTS"""	Candidate evidence only; manual verification required.
EVD-14000a9f2c81	SERVICE_DISCOVERY	INFERRED_FROM_SOURCE	backend/tools/ndsp/ndsp_repo_guard.sh	ndsp_repo_guard.sh	101	693ddcd0b51766c0c956ac3c259b7a33d2dec675aa8820943d90db5bb73299d0	"pass ""NO_DUPLICATE_SERVICE_PORTS"""	Candidate evidence only; manual verification required.
EVD-317b0c64fe18	SERVICE_DISCOVERY	INFERRED_FROM_SOURCE	backend/tools/ndsp/ndsp_systemd_guard.sh	ndsp_systemd_guard.sh	13	6222167433f434404697c23722b4d15bb8bfb760fa9d269582c54903cdde4663	check_service(){	Candidate evidence only; manual verification required.
EVD-3172c3a2ea13	SERVICE_DISCOVERY	INFERRED_FROM_SOURCE	backend/tools/ndsp/ndsp_systemd_guard.sh	ndsp_systemd_guard.sh	59	6222167433f434404697c23722b4d15bb8bfb760fa9d269582c54903cdde4663	"check_service ""CTL-001"" ""ndsp-ctl-001-workspace-identity.service"" ""9081"""	Candidate evidence only; manual verification required.
EVD-9f864ebfb2f0	SERVICE_DISCOVERY	INFERRED_FROM_SOURCE	backend/tools/ndsp/ndsp_systemd_guard.sh	ndsp_systemd_guard.sh	60	6222167433f434404697c23722b4d15bb8bfb760fa9d269582c54903cdde4663	"check_service ""CDS-001"" ""ndsp-completed_decision.service"" ""9078"""	Candidate evidence only; manual verification required.
EVD-aac0611fd13f	SERVICE_DISCOVERY	INFERRED_FROM_SOURCE	backend/tools/ndsp/ndsp_systemd_guard.sh	ndsp_systemd_guard.sh	61	6222167433f434404697c23722b4d15bb8bfb760fa9d269582c54903cdde4663	"check_service ""DGC-001"" ""ndsp-decision_governance_core.service"" ""9079"""	Candidate evidence only; manual verification required.
EVD-e8190f8c5658	SERVICE_DISCOVERY	INFERRED_FROM_SOURCE	backend/tools/ndsp/ndsp_systemd_guard.sh	ndsp_systemd_guard.sh	62	6222167433f434404697c23722b4d15bb8bfb760fa9d269582c54903cdde4663	"check_service ""BOT-001"" ""ndsp-bot_execution.service"" ""9080"""	Candidate evidence only; manual verification required.
EVD-9a8e6682ddf0	SERVICE_DISCOVERY	INFERRED_FROM_SOURCE	backend/tools/ndsp_project_validator.sh	ndsp_project_validator.sh	95	08c351355042e4dafd1f5ffb3d8a0c47920247b22338b24a087504b64db8e3d0	"""backend/services"""	Candidate evidence only; manual verification required.
EVD-db19feb32f9c	SERVICE_DISCOVERY	INFERRED_FROM_SOURCE	backend/tools/ndsp_project_validator.sh	ndsp_project_validator.sh	110	08c351355042e4dafd1f5ffb3d8a0c47920247b22338b24a087504b64db8e3d0	SERVICE_REGISTRY_CANDIDATES=(	Candidate evidence only; manual verification required.
EVD-9124c0da393d	SERVICE_DISCOVERY	INFERRED_FROM_SOURCE	backend/tools/ndsp_project_validator.sh	ndsp_project_validator.sh	111	08c351355042e4dafd1f5ffb3d8a0c47920247b22338b24a087504b64db8e3d0	"""backend/service-registry.json"""	Candidate evidence only; manual verification required.
EVD-0e702937082a	SERVICE_DISCOVERY	INFERRED_FROM_SOURCE	backend/tools/ndsp_project_validator.sh	ndsp_project_validator.sh	112	08c351355042e4dafd1f5ffb3d8a0c47920247b22338b24a087504b64db8e3d0	"""backend/service_registry.json"""	Candidate evidence only; manual verification required.
EVD-526ee92c8911	SERVICE_DISCOVERY	INFERRED_FROM_SOURCE	backend/tools/ndsp_project_validator.sh	ndsp_project_validator.sh	113	08c351355042e4dafd1f5ffb3d8a0c47920247b22338b24a087504b64db8e3d0	"""backend/architecture/service-registry.json"""	Candidate evidence only; manual verification required.
EVD-5c8b9de28ec2	SERVICE_DISCOVERY	INFERRED_FROM_SOURCE	backend/tools/ndsp_project_validator.sh	ndsp_project_validator.sh	114	08c351355042e4dafd1f5ffb3d8a0c47920247b22338b24a087504b64db8e3d0	"""backend/architecture/service_registry.json"""	Candidate evidence only; manual verification required.
EVD-92e6cea1b171	SERVICE_DISCOVERY	INFERRED_FROM_SOURCE	backend/tools/ndsp_project_validator.sh	ndsp_project_validator.sh	115	08c351355042e4dafd1f5ffb3d8a0c47920247b22338b24a087504b64db8e3d0	"""backend/services/service-registry.json"""	Candidate evidence only; manual verification required.
EVD-3d0c39317b52	SERVICE_DISCOVERY	INFERRED_FROM_SOURCE	backend/tools/ndsp_project_validator.sh	ndsp_project_validator.sh	116	08c351355042e4dafd1f5ffb3d8a0c47920247b22338b24a087504b64db8e3d0	"""backend/services/service_registry.json"""	Candidate evidence only; manual verification required.
EVD-e23427a5b5f7	SERVICE_DISCOVERY	INFERRED_FROM_SOURCE	backend/tools/ndsp_project_validator.sh	ndsp_project_validator.sh	119	08c351355042e4dafd1f5ffb3d8a0c47920247b22338b24a087504b64db8e3d0	"SERVICE_REGISTRY_FOUND="""""	Candidate evidence only; manual verification required.
EVD-4ae4ea54894f	SERVICE_DISCOVERY	INFERRED_FROM_SOURCE	backend/tools/ndsp_project_validator.sh	ndsp_project_validator.sh	121	08c351355042e4dafd1f5ffb3d8a0c47920247b22338b24a087504b64db8e3d0	"for candidate in ""${SERVICE_REGISTRY_CANDIDATES[@]}""; do"	Candidate evidence only; manual verification required.
EVD-78c646c9a1eb	SERVICE_DISCOVERY	INFERRED_FROM_SOURCE	backend/tools/ndsp_project_validator.sh	ndsp_project_validator.sh	123	08c351355042e4dafd1f5ffb3d8a0c47920247b22338b24a087504b64db8e3d0	"SERVICE_REGISTRY_FOUND=""$candidate"""	Candidate evidence only; manual verification required.
EVD-c0a05a846a92	SERVICE_DISCOVERY	INFERRED_FROM_SOURCE	backend/tools/ndsp_project_validator.sh	ndsp_project_validator.sh	128	08c351355042e4dafd1f5ffb3d8a0c47920247b22338b24a087504b64db8e3d0	"if [ -n ""$SERVICE_REGISTRY_FOUND"" ]; then"	Candidate evidence only; manual verification required.
EVD-a4bd3a600f91	SERVICE_DISCOVERY	INFERRED_FROM_SOURCE	backend/tools/ndsp_project_validator.sh	ndsp_project_validator.sh	129	08c351355042e4dafd1f5ffb3d8a0c47920247b22338b24a087504b64db8e3d0	"log ""SERVICE_REGISTRY_PATH_PASS=REDACTED"""	Candidate evidence only; manual verification required.
EVD-6763befecf4a	SERVICE_DISCOVERY	INFERRED_FROM_SOURCE	backend/tools/ndsp_project_validator.sh	ndsp_project_validator.sh	131	08c351355042e4dafd1f5ffb3d8a0c47920247b22338b24a087504b64db8e3d0	"log ""SERVICE_REGISTRY_PATH_PASS=REDACTED"""	Candidate evidence only; manual verification required.
EVD-f4130c10e4a8	SERVICE_DISCOVERY	INFERRED_FROM_SOURCE	backend/tools/ndsp_project_validator.sh	ndsp_project_validator.sh	132	08c351355042e4dafd1f5ffb3d8a0c47920247b22338b24a087504b64db8e3d0	"log ""SERVICE_REGISTRY_AUTHORITY=NDSP_DOCTOR"""	Candidate evidence only; manual verification required.
EVD-25b70a572c93	SERVICE_DISCOVERY	DOCUMENTATION_ONLY	docs/02-architecture/core/NDSP_16_LAYER_CORE_AND_FUTURE_INTEGRATION_BLUEPRINT_AR.md	NDSP_16_LAYER_CORE_AND_FUTURE_INTEGRATION_BLUEPRINT_AR.md	14	a7a742ebba32fd093278b28dc8bbf152bcba1d96794f5a18473409ac2fbf95b5	تحدد هذه الوثيقة موقع الطبقات الـ16 الحالية داخل المعمارية المستقبلية لـNDSP، وتمنع التعامل معها كـ16 خدمة منفصلة أو دمجها حسابيًا بصورة عشوائية.	Candidate evidence only; manual verification required.
EVD-37f575da58c0	SERVICE_DISCOVERY	DOCUMENTATION_ONLY	docs/02-architecture/core/NDSP_16_LAYER_CORE_AND_FUTURE_INTEGRATION_BLUEPRINT_AR.md	NDSP_16_LAYER_CORE_AND_FUTURE_INTEGRATION_BLUEPRINT_AR.md	25	a7a742ebba32fd093278b28dc8bbf152bcba1d96794f5a18473409ac2fbf95b5	- لا تعني تحويل كل طبقة إلى Microservice.	Candidate evidence only; manual verification required.
EVD-b097d3361e63	SERVICE_DISCOVERY	DOCUMENTATION_ONLY	docs/02-architecture/core/NDSP_16_LAYER_CORE_AND_FUTURE_INTEGRATION_BLUEPRINT_AR.md	NDSP_16_LAYER_CORE_AND_FUTURE_INTEGRATION_BLUEPRINT_AR.md	28	a7a742ebba32fd093278b28dc8bbf152bcba1d96794f5a18473409ac2fbf95b5	- لا تسمح بحذف أو دمج خدمة قبل إثبات مستهلكيها.	Candidate evidence only; manual verification required.
EVD-c6aa3dcf50a7	SERVICE_DISCOVERY	DOCUMENTATION_ONLY	docs/02-architecture/core/NDSP_16_LAYER_CORE_AND_FUTURE_INTEGRATION_BLUEPRINT_AR.md	NDSP_16_LAYER_CORE_AND_FUTURE_INTEGRATION_BLUEPRINT_AR.md	35	a7a742ebba32fd093278b28dc8bbf152bcba1d96794f5a18473409ac2fbf95b5	المعرفات `NDSP-CORE-L01` إلى `NDSP-CORE-L16` ثابتة. تبقى ثابتة حتى لو تغير الاسم الظاهر أو انتقلت الطبقة بين الخدمات.	Candidate evidence only; manual verification required.
EVD-220fd781c3f7	SERVICE_DISCOVERY	DOCUMENTATION_ONLY	docs/02-architecture/core/NDSP_16_LAYER_CORE_AND_FUTURE_INTEGRATION_BLUEPRINT_AR.md	NDSP_16_LAYER_CORE_AND_FUTURE_INTEGRATION_BLUEPRINT_AR.md	56	a7a742ebba32fd093278b28dc8bbf152bcba1d96794f5a18473409ac2fbf95b5	> **ملاحظة حوكمة:** الأسماء أعلاه سجل وظيفي حاكم. يجب خلال مرحلة `NDSP_CANONICAL_SOURCE_LOCK` ربط كل طبقة بمسار المصدر الحقيقي، الخدمة، العقد، الإصدار، الاختبارات، وGit commit. لا يجوز استخدام الوثيقة لتغيير الحسابات قبل هذا الربط.	Candidate evidence only; manual verification required.
EVD-f263b9838163	SERVICE_DISCOVERY	DOCUMENTATION_ONLY	docs/02-architecture/core/NDSP_16_LAYER_CORE_AND_FUTURE_INTEGRATION_BLUEPRINT_AR.md	NDSP_16_LAYER_CORE_AND_FUTURE_INTEGRATION_BLUEPRINT_AR.md	277	a7a742ebba32fd093278b28dc8bbf152bcba1d96794f5a18473409ac2fbf95b5	One Service ≠ One Layer	Candidate evidence only; manual verification required.
EVD-3033d336e8d0	SERVICE_DISCOVERY	DOCUMENTATION_ONLY	docs/02-architecture/core/NDSP_16_LAYER_CORE_AND_FUTURE_INTEGRATION_BLUEPRINT_AR.md	NDSP_16_LAYER_CORE_AND_FUTURE_INTEGRATION_BLUEPRINT_AR.md	278	a7a742ebba32fd093278b28dc8bbf152bcba1d96794f5a18473409ac2fbf95b5	One Layer ≠ One Microservice	Candidate evidence only; manual verification required.
EVD-dff51ee5acec	SERVICE_DISCOVERY	DOCUMENTATION_ONLY	docs/02-architecture/core/NDSP_16_LAYER_CORE_AND_FUTURE_INTEGRATION_BLUEPRINT_AR.md	NDSP_16_LAYER_CORE_AND_FUTURE_INTEGRATION_BLUEPRINT_AR.md	393	a7a742ebba32fd093278b28dc8bbf152bcba1d96794f5a18473409ac2fbf95b5	| Admin | صحة الخدمات والعقود والبيانات، دون الملكية السرية |	Candidate evidence only; manual verification required.
EVD-05c2d7647a1e	SERVICE_DISCOVERY	DOCUMENTATION_ONLY	docs/02-architecture/core/NDSP_16_LAYER_CORE_AND_FUTURE_INTEGRATION_BLUEPRINT_AR.md	NDSP_16_LAYER_CORE_AND_FUTURE_INTEGRATION_BLUEPRINT_AR.md	406	a7a742ebba32fd093278b28dc8bbf152bcba1d96794f5a18473409ac2fbf95b5	runtime_service	Candidate evidence only; manual verification required.
EVD-42377d111f97	SERVICE_DISCOVERY	DOCUMENTATION_ONLY	docs/02-architecture/core/NDSP_16_LAYER_CORE_AND_FUTURE_INTEGRATION_BLUEPRINT_AR.md	NDSP_16_LAYER_CORE_AND_FUTURE_INTEGRATION_BLUEPRINT_AR.md	431	a7a742ebba32fd093278b28dc8bbf152bcba1d96794f5a18473409ac2fbf95b5	- عدم وجود خدمة مجهولة.	Candidate evidence only; manual verification required.
EVD-b9e574fa3b1b	SERVICE_DISCOVERY	DOCUMENTATION_ONLY	docs/02-architecture/core/NDSP_16_LAYER_CORE_AND_FUTURE_INTEGRATION_BLUEPRINT_EN.md	NDSP_16_LAYER_CORE_AND_FUTURE_INTEGRATION_BLUEPRINT_EN.md	14	253da6c5cb2b471847625f5edabbab0882d66115d0638eb22aaf9440f6e7a2c2	This document defines the position of the current 16 layers inside NDSP’s future architecture and prevents treating them as 16 mandatory microservices or merging them arbitrarily.	Candidate evidence only; manual verification required.
EVD-3dfc1af42811	SERVICE_DISCOVERY	DOCUMENTATION_ONLY	docs/02-architecture/core/NDSP_16_LAYER_CORE_AND_FUTURE_INTEGRATION_BLUEPRINT_EN.md	NDSP_16_LAYER_CORE_AND_FUTURE_INTEGRATION_BLUEPRINT_EN.md	25	253da6c5cb2b471847625f5edabbab0882d66115d0638eb22aaf9440f6e7a2c2	- It does not make every layer a microservice.	Candidate evidence only; manual verification required.
EVD-7c71cc4b21e6	SERVICE_DISCOVERY	DOCUMENTATION_ONLY	docs/02-architecture/core/NDSP_16_LAYER_CORE_AND_FUTURE_INTEGRATION_BLUEPRINT_EN.md	NDSP_16_LAYER_CORE_AND_FUTURE_INTEGRATION_BLUEPRINT_EN.md	28	253da6c5cb2b471847625f5edabbab0882d66115d0638eb22aaf9440f6e7a2c2	- It does not authorize deleting or merging services without consumer evidence.	Candidate evidence only; manual verification required.
EVD-b7cb3822c027	SERVICE_DISCOVERY	DOCUMENTATION_ONLY	docs/02-architecture/core/NDSP_16_LAYER_CORE_AND_FUTURE_INTEGRATION_BLUEPRINT_EN.md	NDSP_16_LAYER_CORE_AND_FUTURE_INTEGRATION_BLUEPRINT_EN.md	56	253da6c5cb2b471847625f5edabbab0882d66115d0638eb22aaf9440f6e7a2c2	> **Governance note:** this is a functional governing registry. During `NDSP_CANONICAL_SOURCE_LOCK`, each layer must be mapped to its real source path, service, contract, version, tests, and Git commit. This document does not authorize calculation changes before that mapping.	Candidate evidence only; manual verification required.
EVD-30c8700a8328	SERVICE_DISCOVERY	DOCUMENTATION_ONLY	docs/02-architecture/core/NDSP_16_LAYER_CORE_AND_FUTURE_INTEGRATION_BLUEPRINT_EN.md	NDSP_16_LAYER_CORE_AND_FUTURE_INTEGRATION_BLUEPRINT_EN.md	273	253da6c5cb2b471847625f5edabbab0882d66115d0638eb22aaf9440f6e7a2c2	One Service ≠ One Layer	Candidate evidence only; manual verification required.
EVD-837066577de9	SERVICE_DISCOVERY	DOCUMENTATION_ONLY	docs/02-architecture/core/NDSP_16_LAYER_CORE_AND_FUTURE_INTEGRATION_BLUEPRINT_EN.md	NDSP_16_LAYER_CORE_AND_FUTURE_INTEGRATION_BLUEPRINT_EN.md	274	253da6c5cb2b471847625f5edabbab0882d66115d0638eb22aaf9440f6e7a2c2	One Layer ≠ One Microservice	Candidate evidence only; manual verification required.
EVD-224ed53a461b	SERVICE_DISCOVERY	DOCUMENTATION_ONLY	docs/02-architecture/core/NDSP_16_LAYER_CORE_AND_FUTURE_INTEGRATION_BLUEPRINT_EN.md	NDSP_16_LAYER_CORE_AND_FUTURE_INTEGRATION_BLUEPRINT_EN.md	389	253da6c5cb2b471847625f5edabbab0882d66115d0638eb22aaf9440f6e7a2c2	| Admin | Service, contract, and data health without proprietary formulas |	Candidate evidence only; manual verification required.
EVD-da0745babf8e	SERVICE_DISCOVERY	DOCUMENTATION_ONLY	docs/02-architecture/core/NDSP_16_LAYER_CORE_AND_FUTURE_INTEGRATION_BLUEPRINT_EN.md	NDSP_16_LAYER_CORE_AND_FUTURE_INTEGRATION_BLUEPRINT_EN.md	402	253da6c5cb2b471847625f5edabbab0882d66115d0638eb22aaf9440f6e7a2c2	runtime_service	Candidate evidence only; manual verification required.
EVD-f6bdd93e9da3	SERVICE_DISCOVERY	DOCUMENTATION_ONLY	docs/02-architecture/core/NDSP_16_LAYER_CORE_AND_FUTURE_INTEGRATION_BLUEPRINT_EN.md	NDSP_16_LAYER_CORE_AND_FUTURE_INTEGRATION_BLUEPRINT_EN.md	425	253da6c5cb2b471847625f5edabbab0882d66115d0638eb22aaf9440f6e7a2c2	- No unknown runtime service.	Candidate evidence only; manual verification required.
EVD-b212ada48b14	SERVICE_DISCOVERY	DOCUMENTATION_ONLY	docs/03-contracts/NDSP_16_LAYER_CORE_REGISTRY_V1.json	NDSP_16_LAYER_CORE_REGISTRY_V1.json	8	1e82873218176c33ab67176a9ff11494ddf87a72e75ca510abf0d59bcb3d1931	"""Source paths, runtime services, contracts, and exact versions must be populated during canonical-source lock."","	Candidate evidence only; manual verification required.
EVD-96a84ef177c5	SERVICE_DISCOVERY	DOCUMENTATION_ONLY	docs/03-contracts/NDSP_16_LAYER_CORE_REGISTRY_V1.json	NDSP_16_LAYER_CORE_REGISTRY_V1.json	10	1e82873218176c33ab67176a9ff11494ddf87a72e75ca510abf0d59bcb3d1931	"""A layer is not necessarily a microservice."""	Candidate evidence only; manual verification required.
EVD-b034bc90931b	SERVICE_DISCOVERY	DOCUMENTATION_ONLY	docs/99-governance/pr-004-runtime-dependency-map/FINAL_RUNTIME_DEPENDENCY_MAP.json	FINAL_RUNTIME_DEPENDENCY_MAP.json	11	579336a09ee02b81a26ee6070decff87f83c96e9e6735c09e23ab670f5d84464	"""LOCAL_SERVICE"": 4"	Candidate evidence only; manual verification required.
EVD-69f4420a1ff4	SERVICE_DISCOVERY	DOCUMENTATION_ONLY	docs/99-governance/pr-004-runtime-dependency-map/FINAL_RUNTIME_DEPENDENCY_MAP.json	FINAL_RUNTIME_DEPENDENCY_MAP.json	23	579336a09ee02b81a26ee6070decff87f83c96e9e6735c09e23ab670f5d84464	"""source_service"": ""bot-execution"","	Candidate evidence only; manual verification required.
EVD-d9c126bb9403	SERVICE_DISCOVERY	DOCUMENTATION_ONLY	docs/99-governance/pr-004-runtime-dependency-map/FINAL_RUNTIME_DEPENDENCY_MAP.json	FINAL_RUNTIME_DEPENDENCY_MAP.json	24	579336a09ee02b81a26ee6070decff87f83c96e9e6735c09e23ab670f5d84464	"""dependency_class"": ""LOCAL_SERVICE"","	Candidate evidence only; manual verification required.
EVD-af9584fe80e4	SERVICE_DISCOVERY	DOCUMENTATION_ONLY	docs/99-governance/pr-004-runtime-dependency-map/FINAL_RUNTIME_DEPENDENCY_MAP.json	FINAL_RUNTIME_DEPENDENCY_MAP.json	26	579336a09ee02b81a26ee6070decff87f83c96e9e6735c09e23ab670f5d84464	"""target_kind"": ""CANONICAL_SERVICE"","	Candidate evidence only; manual verification required.
EVD-d149f549c07e	SERVICE_DISCOVERY	DOCUMENTATION_ONLY	docs/99-governance/pr-004-runtime-dependency-map/FINAL_RUNTIME_DEPENDENCY_MAP.json	FINAL_RUNTIME_DEPENDENCY_MAP.json	33	579336a09ee02b81a26ee6070decff87f83c96e9e6735c09e23ab670f5d84464	"""evidence_locations"": ""backend/services/bot_execution/main.cjs:10"","	Candidate evidence only; manual verification required.
EVD-b68df5cdc19b	SERVICE_DISCOVERY	DOCUMENTATION_ONLY	docs/99-governance/pr-004-runtime-dependency-map/FINAL_RUNTIME_DEPENDENCY_MAP.json	FINAL_RUNTIME_DEPENDENCY_MAP.json	34	579336a09ee02b81a26ee6070decff87f83c96e9e6735c09e23ab670f5d84464	"""notes"": ""Target is present in the PR-003 canonical service map."""	Candidate evidence only; manual verification required.
EVD-b0397487876f	SERVICE_DISCOVERY	DOCUMENTATION_ONLY	docs/99-governance/pr-004-runtime-dependency-map/FINAL_RUNTIME_DEPENDENCY_MAP.json	FINAL_RUNTIME_DEPENDENCY_MAP.json	37	579336a09ee02b81a26ee6070decff87f83c96e9e6735c09e23ab670f5d84464	"""source_service"": ""completed-decision"","	Candidate evidence only; manual verification required.
EVD-37e1f8c24296	SERVICE_DISCOVERY	DOCUMENTATION_ONLY	docs/99-governance/pr-004-runtime-dependency-map/FINAL_RUNTIME_DEPENDENCY_MAP.json	FINAL_RUNTIME_DEPENDENCY_MAP.json	47	579336a09ee02b81a26ee6070decff87f83c96e9e6735c09e23ab670f5d84464	"""evidence_locations"": ""backend/services/completed_decision/main.cjs:13;backend/services/completed_decision/main.cjs:14;backend/services/completed_decision/main.cjs:16;backend/services/completed_decision/main.cjs:19;backend/services/completed_decision/main.cjs:20;backend/services/completed_decision/main.cjs:21;backend/services/completed_decision/main.cjs:22;backend/services/completed_decision/main.cjs:23;backend/services/completed_decision/main.cjs:24;backend/services/completed_decision/main.cjs:25"","	Candidate evidence only; manual verification required.
EVD-cdeb2348da22	SERVICE_DISCOVERY	DOCUMENTATION_ONLY	docs/99-governance/pr-004-runtime-dependency-map/FINAL_RUNTIME_DEPENDENCY_MAP.json	FINAL_RUNTIME_DEPENDENCY_MAP.json	48	579336a09ee02b81a26ee6070decff87f83c96e9e6735c09e23ab670f5d84464	"""notes"": ""Repeated source references were merged into one service edge."""	Candidate evidence only; manual verification required.
EVD-86ae182a4f0b	SERVICE_DISCOVERY	DOCUMENTATION_ONLY	docs/99-governance/pr-004-runtime-dependency-map/FINAL_RUNTIME_DEPENDENCY_MAP.json	FINAL_RUNTIME_DEPENDENCY_MAP.json	51	579336a09ee02b81a26ee6070decff87f83c96e9e6735c09e23ab670f5d84464	"""source_service"": ""decision-governance-core"","	Candidate evidence only; manual verification required.
EVD-a3add8bd6e7a	SERVICE_DISCOVERY	DOCUMENTATION_ONLY	docs/99-governance/pr-004-runtime-dependency-map/FINAL_RUNTIME_DEPENDENCY_MAP.json	FINAL_RUNTIME_DEPENDENCY_MAP.json	52	579336a09ee02b81a26ee6070decff87f83c96e9e6735c09e23ab670f5d84464	"""dependency_class"": ""LOCAL_SERVICE"","	Candidate evidence only; manual verification required.
EVD-10e543b0d3f7	SERVICE_DISCOVERY	DOCUMENTATION_ONLY	docs/99-governance/pr-004-runtime-dependency-map/FINAL_RUNTIME_DEPENDENCY_MAP.json	FINAL_RUNTIME_DEPENDENCY_MAP.json	54	579336a09ee02b81a26ee6070decff87f83c96e9e6735c09e23ab670f5d84464	"""target_kind"": ""CANONICAL_SERVICE"","	Candidate evidence only; manual verification required.
EVD-f7dd8ab96608	SERVICE_DISCOVERY	DOCUMENTATION_ONLY	docs/99-governance/pr-004-runtime-dependency-map/FINAL_RUNTIME_DEPENDENCY_MAP.json	FINAL_RUNTIME_DEPENDENCY_MAP.json	61	579336a09ee02b81a26ee6070decff87f83c96e9e6735c09e23ab670f5d84464	"""evidence_locations"": ""backend/services/decision_governance_core/main.cjs:10"","	Candidate evidence only; manual verification required.
EVD-be0c37b8300a	SERVICE_DISCOVERY	DOCUMENTATION_ONLY	docs/99-governance/pr-004-runtime-dependency-map/FINAL_RUNTIME_DEPENDENCY_MAP.json	FINAL_RUNTIME_DEPENDENCY_MAP.json	62	579336a09ee02b81a26ee6070decff87f83c96e9e6735c09e23ab670f5d84464	"""notes"": ""Target is present in the PR-003 canonical service map."""	Candidate evidence only; manual verification required.
EVD-1a31005cdf7c	SERVICE_DISCOVERY	DOCUMENTATION_ONLY	docs/99-governance/pr-004-runtime-dependency-map/FINAL_RUNTIME_DEPENDENCY_MAP.json	FINAL_RUNTIME_DEPENDENCY_MAP.json	65	579336a09ee02b81a26ee6070decff87f83c96e9e6735c09e23ab670f5d84464	"""source_service"": ""ndsp-launch-control-v167"","	Candidate evidence only; manual verification required.
EVD-57e443f9ce85	SERVICE_DISCOVERY	DOCUMENTATION_ONLY	docs/99-governance/pr-004-runtime-dependency-map/FINAL_RUNTIME_DEPENDENCY_MAP.json	FINAL_RUNTIME_DEPENDENCY_MAP.json	66	579336a09ee02b81a26ee6070decff87f83c96e9e6735c09e23ab670f5d84464	"""dependency_class"": ""LOCAL_SERVICE"","	Candidate evidence only; manual verification required.
EVD-1d41ff2f30ad	SERVICE_DISCOVERY	DOCUMENTATION_ONLY	docs/99-governance/pr-004-runtime-dependency-map/FINAL_RUNTIME_DEPENDENCY_MAP.json	FINAL_RUNTIME_DEPENDENCY_MAP.json	68	579336a09ee02b81a26ee6070decff87f83c96e9e6735c09e23ab670f5d84464	"""target_kind"": ""CANONICAL_SOURCE_ONLY_SERVICE"","	Candidate evidence only; manual verification required.
EVD-fb371123b3d1	SERVICE_DISCOVERY	DOCUMENTATION_ONLY	docs/99-governance/pr-004-runtime-dependency-map/FINAL_RUNTIME_DEPENDENCY_MAP.json	FINAL_RUNTIME_DEPENDENCY_MAP.json	75	579336a09ee02b81a26ee6070decff87f83c96e9e6735c09e23ab670f5d84464	"""evidence_locations"": ""backend/services/ndsp-launch-control-v167/server.py:45"","	Candidate evidence only; manual verification required.
EVD-4d0630d0b0ae	SERVICE_DISCOVERY	DOCUMENTATION_ONLY	docs/99-governance/pr-004-runtime-dependency-map/FINAL_RUNTIME_DEPENDENCY_MAP.json	FINAL_RUNTIME_DEPENDENCY_MAP.json	79	579336a09ee02b81a26ee6070decff87f83c96e9e6735c09e23ab670f5d84464	"""source_service"": ""ndsp-layers-api"","	Candidate evidence only; manual verification required.
EVD-b3e80a27724e	SERVICE_DISCOVERY	DOCUMENTATION_ONLY	docs/99-governance/pr-004-runtime-dependency-map/FINAL_RUNTIME_DEPENDENCY_MAP.json	FINAL_RUNTIME_DEPENDENCY_MAP.json	80	579336a09ee02b81a26ee6070decff87f83c96e9e6735c09e23ab670f5d84464	"""dependency_class"": ""LOCAL_SERVICE"","	Candidate evidence only; manual verification required.
EVD-9677ea455dd6	SERVICE_DISCOVERY	DOCUMENTATION_ONLY	docs/99-governance/pr-004-runtime-dependency-map/PR-004-CONFIGURATION-EVIDENCE-APPENDIX.md	PR-004-CONFIGURATION-EVIDENCE-APPENDIX.md	15	7ed45e294f88da84da1b6dc88c059a98bb8e1dda598a5ff05c9e28b66533903f	## Evidence by service	Candidate evidence only; manual verification required.
EVD-43293e6697dc	SERVICE_DISCOVERY	DOCUMENTATION_ONLY	docs/99-governance/pr-004-runtime-dependency-map/PR-004-CONFIGURATION-EVIDENCE-APPENDIX.md	PR-004-CONFIGURATION-EVIDENCE-APPENDIX.md	17	7ed45e294f88da84da1b6dc88c059a98bb8e1dda598a5ff05c9e28b66533903f	| Service | Count |	Candidate evidence only; manual verification required.
EVD-58dcd9a827fa	SERVICE_DISCOVERY	DOCUMENTATION_ONLY	docs/99-governance/pr-004-runtime-dependency-map/PR-004-FINAL-RUNTIME-DEPENDENCY-MAP.md	PR-004-FINAL-RUNTIME-DEPENDENCY-MAP.md	19	615c6306ecd526ebc235964f8dfa6d4c40c29c3589b5a234bc85940c526ced22	| `LOCAL_SERVICE` | 4 |	Candidate evidence only; manual verification required.
EVD-c74dc031e64e	SERVICE_DISCOVERY	DOCUMENTATION_ONLY	docs/99-governance/pr-004-runtime-dependency-map/PR-004-FINAL-RUNTIME-DEPENDENCY-MAP.md	PR-004-FINAL-RUNTIME-DEPENDENCY-MAP.md	32	615c6306ecd526ebc235964f8dfa6d4c40c29c3589b5a234bc85940c526ced22	| `bot-execution` | `LOCAL_SERVICE` | `completed-decision` | `CANONICAL_SERVICE` | `HTTP` | `9078` | `ACCEPTED` |	Candidate evidence only; manual verification required.
EVD-70cdcdf487ee	SERVICE_DISCOVERY	DOCUMENTATION_ONLY	docs/99-governance/pr-004-runtime-dependency-map/PR-004-FINAL-RUNTIME-DEPENDENCY-MAP.md	PR-004-FINAL-RUNTIME-DEPENDENCY-MAP.md	34	615c6306ecd526ebc235964f8dfa6d4c40c29c3589b5a234bc85940c526ced22	| `decision-governance-core` | `LOCAL_SERVICE` | `completed-decision` | `CANONICAL_SERVICE` | `HTTP` | `9078` | `ACCEPTED` |	Candidate evidence only; manual verification required.
EVD-336d28342ae0	SERVICE_DISCOVERY	DOCUMENTATION_ONLY	docs/99-governance/pr-004-runtime-dependency-map/PR-004-FINAL-RUNTIME-DEPENDENCY-MAP.md	PR-004-FINAL-RUNTIME-DEPENDENCY-MAP.md	35	615c6306ecd526ebc235964f8dfa6d4c40c29c3589b5a234bc85940c526ced22	| `ndsp-launch-control-v167` | `LOCAL_SERVICE` | `ndsp-platform-backend` | `CANONICAL_SOURCE_ONLY_SERVICE` | `http` | `9020` | `ACCEPTED_WITH_WARNING` |	Candidate evidence only; manual verification required.
EVD-33a572cfda7d	SERVICE_DISCOVERY	DOCUMENTATION_ONLY	docs/99-governance/pr-004-runtime-dependency-map/PR-004-FINAL-RUNTIME-DEPENDENCY-MAP.md	PR-004-FINAL-RUNTIME-DEPENDENCY-MAP.md	36	615c6306ecd526ebc235964f8dfa6d4c40c29c3589b5a234bc85940c526ced22	| `ndsp-layers-api` | `LOCAL_SERVICE` | `ndsp-live-decision-quality` | `CANONICAL_SERVICE` | `HTTP` | `9057` | `ACCEPTED` |	Candidate evidence only; manual verification required.
EVD-b2d321538dcd	SERVICE_DISCOVERY	DOCUMENTATION_ONLY	docs/99-governance/pr-004-runtime-dependency-map/PR-004-FINAL-RUNTIME-DEPENDENCY-MAP.md	PR-004-FINAL-RUNTIME-DEPENDENCY-MAP.md	37	615c6306ecd526ebc235964f8dfa6d4c40c29c3589b5a234bc85940c526ced22	| `ndsp-live-decision-quality` | `EXTERNAL_DATA_PROVIDER` | `api.binance.com` | `THIRD_PARTY_SERVICE` | `https` | `443` | `ACCEPTED` |	Candidate evidence only; manual verification required.
EVD-9c37502d9a4e	SERVICE_DISCOVERY	DOCUMENTATION_ONLY	docs/99-governance/pr-004-runtime-dependency-map/PR-004-FINAL-RUNTIME-DEPENDENCY-MAP.md	PR-004-FINAL-RUNTIME-DEPENDENCY-MAP.md	38	615c6306ecd526ebc235964f8dfa6d4c40c29c3589b5a234bc85940c526ced22	| `ndsp-live-decision-quality` | `EXTERNAL_DATA_PROVIDER` | `query1.finance.yahoo.com` | `THIRD_PARTY_SERVICE` | `https` | `443` | `ACCEPTED` |	Candidate evidence only; manual verification required.
EVD-3fdded9770ed	SERVICE_DISCOVERY	DOCUMENTATION_ONLY	docs/99-governance/pr-004-runtime-dependency-map/PR-004-FINAL-RUNTIME-DEPENDENCY-MAP.md	PR-004-FINAL-RUNTIME-DEPENDENCY-MAP.md	39	615c6306ecd526ebc235964f8dfa6d4c40c29c3589b5a234bc85940c526ced22	| `ndsp-live-decision-quality` | `EXTERNAL_DATA_PROVIDER` | `stooq.com` | `THIRD_PARTY_SERVICE` | `https` | `443` | `ACCEPTED` |	Candidate evidence only; manual verification required.
EVD-2e318f84cc20	SERVICE_DISCOVERY	DOCUMENTATION_ONLY	docs/99-governance/pr-004-runtime-dependency-map/PR-004-NON-CANONICAL-COMPONENT-EDGES.md	PR-004-NON-CANONICAL-COMPONENT-EDGES.md	3	54b9afba7decaab9c32e08a927f5caa4c5726bfdb75c5009ee8b33ef656ab475	These local targets are represented in source evidence but are not members of the PR-003 canonical 13-service map.	Candidate evidence only; manual verification required.
EVD-f3661aefeb2a	SERVICE_DISCOVERY	DOCUMENTATION_ONLY	docs/99-governance/pr-004-runtime-dependency-map/PR-004-NON-CANONICAL-COMPONENT-EDGES.md	PR-004-NON-CANONICAL-COMPONENT-EDGES.md	10	54b9afba7decaab9c32e08a927f5caa4c5726bfdb75c5009ee8b33ef656ab475	| `ndsp-launch-control-v167` | `ndsp-platform-gateway-9001` | `9001` | `HIGH` | `backend/services/ndsp-launch-control-v167/server.py:41` |	Candidate evidence only; manual verification required.
EVD-9bc9cf633b8a	SERVICE_DISCOVERY	DOCUMENTATION_ONLY	docs/99-governance/pr-004-runtime-dependency-map/PR-004-NON-CANONICAL-COMPONENT-EDGES.md	PR-004-NON-CANONICAL-COMPONENT-EDGES.md	11	54b9afba7decaab9c32e08a927f5caa4c5726bfdb75c5009ee8b33ef656ab475	| `ndsp-launch-control-v167` | `ndsp-register-compat-gateway` | `9028` | `HIGH` | `backend/services/ndsp-launch-control-v167/server.py:37` |	Candidate evidence only; manual verification required.
EVD-7c3b9040fd01	SERVICE_DISCOVERY	DOCUMENTATION_ONLY	docs/99-governance/pr-004-runtime-dependency-map/PR-004-NON-CANONICAL-COMPONENT-EDGES.md	PR-004-NON-CANONICAL-COMPONENT-EDGES.md	12	54b9afba7decaab9c32e08a927f5caa4c5726bfdb75c5009ee8b33ef656ab475	| `ndsp-layers-api` | `raw-cot-service` | `9076` | `HIGH` | `apps/ndsp-layers-api/app.py:289` |	Candidate evidence only; manual verification required.
EVD-5580d3dc1120	SERVICE_DISCOVERY	DOCUMENTATION_ONLY	docs/99-governance/pr-004-runtime-dependency-map/PR-004-NON-CANONICAL-COMPONENT-EDGES.md	PR-004-NON-CANONICAL-COMPONENT-EDGES.md	13	54b9afba7decaab9c32e08a927f5caa4c5726bfdb75c5009ee8b33ef656ab475	| `ndsp-trial-clock-v163` | `ndsp-platform-gateway-9001` | `9001` | `HIGH` | `backend/services/ndsp-trial-clock-v163/server.py:25` |	Candidate evidence only; manual verification required.
